split,stage,lane,k,scenario_id,n_relevant_in_pool,precision_at_k,ndcg_at_k
DEV,pre_CE,legislation,10,DEV001,2,0.2,0.8503449055347546
DEV,pre_CE,legislation,20,DEV001,2,0.1,0.8503449055347546
DEV,pre_CE,legislation,30,DEV001,2,0.06666666666666667,0.8503449055347546
DEV,pre_CE,legislation,40,DEV001,2,0.05,0.8503449055347546
DEV,pre_CE,legislation,50,DEV001,2,0.04,0.8503449055347546
DEV,pre_CE,legislation,60,DEV001,2,0.03333333333333333,0.8503449055347546
DEV,pre_CE,legislation,70,DEV001,2,0.02857142857142857,0.8503449055347546
DEV,pre_CE,legislation,75,DEV001,2,0.02666666666666667,0.8503449055347546
DEV,post_CE,legislation,10,DEV001,2,0.2,0.9197207891481876
DEV,post_CE,legislation,20,DEV001,2,0.1,0.9197207891481876
DEV,post_CE,legislation,30,DEV001,2,0.06666666666666667,0.9197207891481876
DEV,post_CE,legislation,40,DEV001,2,0.05,0.9197207891481876
DEV,post_CE,legislation,50,DEV001,2,0.04,0.9197207891481876
DEV,post_CE,legislation,60,DEV001,2,0.03333333333333333,0.9197207891481876
DEV,post_CE,legislation,70,DEV001,2,0.02857142857142857,0.9197207891481876
DEV,post_CE,legislation,75,DEV001,2,0.02666666666666667,0.9197207891481876
DEV,pre_CE,legislation,10,DEV004,4,0.1,0.3903800499921017
DEV,pre_CE,legislation,20,DEV004,4,0.1,0.48227899336075625
DEV,pre_CE,legislation,30,DEV004,4,0.06666666666666667,0.48227899336075625
DEV,pre_CE,legislation,40,DEV004,4,0.05,0.48227899336075625
DEV,pre_CE,legislation,50,DEV004,4,0.04,0.48227899336075625
DEV,pre_CE,legislation,60,DEV004,4,0.03333333333333333,0.48227899336075625
DEV,pre_CE,legislation,70,DEV004,4,0.02857142857142857,0.48227899336075625
DEV,pre_CE,legislation,75,DEV004,4,0.02666666666666667,0.48227899336075625
DEV,post_CE,legislation,10,DEV004,4,0.1,0.19519002499605084
DEV,post_CE,legislation,20,DEV004,4,0.1,0.2888080276836472
DEV,post_CE,legislation,30,DEV004,4,0.06666666666666667,0.2888080276836472
DEV,post_CE,legislation,40,DEV004,4,0.05,0.2888080276836472
DEV,post_CE,legislation,50,DEV004,4,0.04,0.2888080276836472
DEV,post_CE,legislation,60,DEV004,4,0.03333333333333333,0.2888080276836472
DEV,post_CE,legislation,70,DEV004,4,0.02857142857142857,0.2888080276836472
DEV,post_CE,legislation,75,DEV004,4,0.02666666666666667,0.2888080276836472
DEV,pre_CE,legislation,10,DEV005,2,0.1,0.6131471927654584
DEV,pre_CE,legislation,20,DEV005,2,0.1,0.7741900178546666
DEV,pre_CE,legislation,30,DEV005,2,0.06666666666666667,0.7741900178546666
DEV,pre_CE,legislation,40,DEV005,2,0.05,0.7741900178546666
DEV,pre_CE,legislation,50,DEV005,2,0.04,0.7741900178546666
DEV,pre_CE,legislation,60,DEV005,2,0.03333333333333333,0.7741900178546666
DEV,pre_CE,legislation,70,DEV005,2,0.02857142857142857,0.7741900178546666
DEV,pre_CE,legislation,75,DEV005,2,0.02666666666666667,0.7741900178546666
DEV,post_CE,legislation,10,DEV005,2,0.2,1.0
DEV,post_CE,legislation,20,DEV005,2,0.1,1.0
DEV,post_CE,legislation,30,DEV005,2,0.06666666666666667,1.0
DEV,post_CE,legislation,40,DEV005,2,0.05,1.0
DEV,post_CE,legislation,50,DEV005,2,0.04,1.0
DEV,post_CE,legislation,60,DEV005,2,0.03333333333333333,1.0
DEV,post_CE,legislation,70,DEV005,2,0.02857142857142857,1.0
DEV,post_CE,legislation,75,DEV005,2,0.02666666666666667,1.0
DEV,pre_CE,legislation,10,DEV007,2,0.1,0.6131471927654584
DEV,pre_CE,legislation,20,DEV007,2,0.05,0.6131471927654584
DEV,pre_CE,legislation,30,DEV007,2,0.03333333333333333,0.6131471927654584
DEV,pre_CE,legislation,40,DEV007,2,0.025,0.6131471927654584
DEV,pre_CE,legislation,50,DEV007,2,0.02,0.6131471927654584
DEV,pre_CE,legislation,60,DEV007,2,0.03333333333333333,0.7165318408904112
DEV,pre_CE,legislation,70,DEV007,2,0.02857142857142857,0.7165318408904112
DEV,pre_CE,legislation,75,DEV007,2,0.02666666666666667,0.7165318408904112
DEV,pre_CE,other,10,DEV007,1,0.0,0.0
DEV,pre_CE,other,20,DEV007,1,0.0,0.0
DEV,pre_CE,other,30,DEV007,1,0.0,0.0
DEV,pre_CE,other,40,DEV007,1,0.0,0.0
DEV,pre_CE,other,50,DEV007,1,0.0,0.0
DEV,pre_CE,other,60,DEV007,1,0.0,0.0
DEV,pre_CE,other,70,DEV007,1,0.014285714285714285,0.16730017881017412
DEV,pre_CE,other,75,DEV007,1,0.013333333333333334,0.16730017881017412
DEV,post_CE,legislation,10,DEV007,2,0.0,0.0
DEV,post_CE,legislation,20,DEV007,2,0.0,0.0
DEV,post_CE,legislation,30,DEV007,2,0.03333333333333333,0.12621440746277704
DEV,post_CE,legislation,40,DEV007,2,0.025,0.12621440746277704
DEV,post_CE,legislation,50,DEV007,2,0.02,0.12621440746277704
DEV,post_CE,legislation,60,DEV007,2,0.03333333333333333,0.23275813964432784
DEV,post_CE,legislation,70,DEV007,2,0.02857142857142857,0.23275813964432784
DEV,post_CE,legislation,75,DEV007,2,0.02666666666666667,0.23275813964432784
DEV,post_CE,other,10,DEV007,1,0.0,0.0
DEV,post_CE,other,20,DEV007,1,0.0,0.0
DEV,post_CE,other,30,DEV007,1,0.0,0.0
DEV,post_CE,other,40,DEV007,1,0.025,0.19823986317056053
DEV,post_CE,other,50,DEV007,1,0.02,0.19823986317056053
DEV,post_CE,other,60,DEV007,1,0.016666666666666666,0.19823986317056053
DEV,post_CE,other,70,DEV007,1,0.014285714285714285,0.19823986317056053
DEV,post_CE,other,75,DEV007,1,0.013333333333333334,0.19823986317056053
DEV,pre_CE,legislation,10,DEV011,2,0.2,1.0
DEV,pre_CE,legislation,20,DEV011,2,0.1,1.0
DEV,pre_CE,legislation,30,DEV011,2,0.06666666666666667,1.0
DEV,pre_CE,legislation,40,DEV011,2,0.05,1.0
DEV,pre_CE,legislation,50,DEV011,2,0.04,1.0
DEV,pre_CE,legislation,60,DEV011,2,0.03333333333333333,1.0
DEV,pre_CE,legislation,70,DEV011,2,0.02857142857142857,1.0
DEV,pre_CE,legislation,75,DEV011,2,0.02666666666666667,1.0
DEV,post_CE,legislation,10,DEV011,2,0.1,0.17723928678404774
DEV,post_CE,legislation,20,DEV011,2,0.1,0.3482723708517659
DEV,post_CE,legislation,30,DEV011,2,0.06666666666666667,0.3482723708517659
DEV,post_CE,legislation,40,DEV011,2,0.05,0.3482723708517659
DEV,post_CE,legislation,50,DEV011,2,0.04,0.3482723708517659
DEV,post_CE,legislation,60,DEV011,2,0.03333333333333333,0.3482723708517659
DEV,post_CE,legislation,70,DEV011,2,0.02857142857142857,0.3482723708517659
DEV,post_CE,legislation,75,DEV011,2,0.02666666666666667,0.3482723708517659
DEV,pre_CE,legislation,10,DEV012,1,0.1,1.0
DEV,pre_CE,legislation,20,DEV012,1,0.05,1.0
DEV,pre_CE,legislation,30,DEV012,1,0.03333333333333333,1.0
DEV,pre_CE,legislation,40,DEV012,1,0.025,1.0
DEV,pre_CE,legislation,50,DEV012,1,0.02,1.0
DEV,pre_CE,legislation,60,DEV012,1,0.016666666666666666,1.0
DEV,pre_CE,legislation,70,DEV012,1,0.014285714285714285,1.0
DEV,pre_CE,legislation,75,DEV012,1,0.013333333333333334,1.0
DEV,post_CE,legislation,10,DEV012,1,0.1,1.0
DEV,post_CE,legislation,20,DEV012,1,0.05,1.0
DEV,post_CE,legislation,30,DEV012,1,0.03333333333333333,1.0
DEV,post_CE,legislation,40,DEV012,1,0.025,1.0
DEV,post_CE,legislation,50,DEV012,1,0.02,1.0
DEV,post_CE,legislation,60,DEV012,1,0.016666666666666666,1.0
DEV,post_CE,legislation,70,DEV012,1,0.014285714285714285,1.0
DEV,post_CE,legislation,75,DEV012,1,0.013333333333333334,1.0
DEV,pre_CE,legislation,10,DEV013,3,0.2,0.6713860725233041
DEV,pre_CE,legislation,20,DEV013,3,0.1,0.6713860725233041
DEV,pre_CE,legislation,30,DEV013,3,0.06666666666666667,0.6713860725233041
DEV,pre_CE,legislation,40,DEV013,3,0.05,0.6713860725233041
DEV,pre_CE,legislation,50,DEV013,3,0.04,0.6713860725233041
DEV,pre_CE,legislation,60,DEV013,3,0.03333333333333333,0.6713860725233041
DEV,pre_CE,legislation,70,DEV013,3,0.02857142857142857,0.6713860725233041
DEV,pre_CE,legislation,75,DEV013,3,0.02666666666666667,0.6713860725233041
DEV,post_CE,legislation,10,DEV013,3,0.0,0.0
DEV,post_CE,legislation,20,DEV013,3,0.1,0.22165009898780805
DEV,post_CE,legislation,30,DEV013,3,0.06666666666666667,0.22165009898780805
DEV,post_CE,legislation,40,DEV013,3,0.05,0.22165009898780805
DEV,post_CE,legislation,50,DEV013,3,0.04,0.22165009898780805
DEV,post_CE,legislation,60,DEV013,3,0.03333333333333333,0.22165009898780805
DEV,post_CE,legislation,70,DEV013,3,0.02857142857142857,0.22165009898780805
DEV,post_CE,legislation,75,DEV013,3,0.02666666666666667,0.22165009898780805
DEV,pre_CE,legislation,10,DEV014,5,0.3,0.5502528928628452
DEV,pre_CE,legislation,20,DEV014,5,0.15,0.5502528928628452
DEV,pre_CE,legislation,30,DEV014,5,0.13333333333333333,0.6193720628678075
DEV,pre_CE,legislation,40,DEV014,5,0.125,0.684476821749293
DEV,pre_CE,legislation,50,DEV014,5,0.1,0.684476821749293
DEV,pre_CE,legislation,60,DEV014,5,0.08333333333333333,0.684476821749293
DEV,pre_CE,legislation,70,DEV014,5,0.07142857142857142,0.684476821749293
DEV,pre_CE,legislation,75,DEV014,5,0.06666666666666667,0.684476821749293
DEV,post_CE,legislation,10,DEV014,5,0.2,0.36005461457723403
DEV,post_CE,legislation,20,DEV014,5,0.1,0.36005461457723403
DEV,post_CE,legislation,30,DEV014,5,0.13333333333333333,0.5063597285103066
DEV,post_CE,legislation,40,DEV014,5,0.1,0.5063597285103066
DEV,post_CE,legislation,50,DEV014,5,0.1,0.566453429318646
DEV,post_CE,legislation,60,DEV014,5,0.08333333333333333,0.566453429318646
DEV,post_CE,legislation,70,DEV014,5,0.07142857142857142,0.566453429318646
DEV,post_CE,legislation,75,DEV014,5,0.06666666666666667,0.566453429318646
DEV,pre_CE,legislation,10,DEV017,1,0.1,1.0
DEV,pre_CE,legislation,20,DEV017,1,0.05,1.0
DEV,pre_CE,legislation,30,DEV017,1,0.03333333333333333,1.0
DEV,pre_CE,legislation,40,DEV017,1,0.025,1.0
DEV,pre_CE,legislation,50,DEV017,1,0.02,1.0
DEV,pre_CE,legislation,60,DEV017,1,0.016666666666666666,1.0
DEV,pre_CE,legislation,70,DEV017,1,0.014285714285714285,1.0
DEV,pre_CE,legislation,75,DEV017,1,0.013333333333333334,1.0
DEV,post_CE,legislation,10,DEV017,1,0.1,1.0
DEV,post_CE,legislation,20,DEV017,1,0.05,1.0
DEV,post_CE,legislation,30,DEV017,1,0.03333333333333333,1.0
DEV,post_CE,legislation,40,DEV017,1,0.025,1.0
DEV,post_CE,legislation,50,DEV017,1,0.02,1.0
DEV,post_CE,legislation,60,DEV017,1,0.016666666666666666,1.0
DEV,post_CE,legislation,70,DEV017,1,0.014285714285714285,1.0
DEV,post_CE,legislation,75,DEV017,1,0.013333333333333334,1.0
DEV,pre_CE,legislation,10,DEV018,2,0.1,0.6131471927654584
DEV,pre_CE,legislation,20,DEV018,2,0.05,0.6131471927654584
DEV,pre_CE,legislation,30,DEV018,2,0.03333333333333333,0.6131471927654584
DEV,pre_CE,legislation,40,DEV018,2,0.025,0.6131471927654584
DEV,pre_CE,legislation,50,DEV018,2,0.02,0.6131471927654584
DEV,pre_CE,legislation,60,DEV018,2,0.016666666666666666,0.6131471927654584
DEV,pre_CE,legislation,70,DEV018,2,0.014285714285714285,0.6131471927654584
DEV,pre_CE,legislation,75,DEV018,2,0.02666666666666667,0.7122044741040431
DEV,post_CE,legislation,10,DEV018,2,0.1,0.38685280723454163
DEV,post_CE,legislation,20,DEV018,2,0.05,0.38685280723454163
DEV,post_CE,legislation,30,DEV018,2,0.03333333333333333,0.38685280723454163
DEV,post_CE,legislation,40,DEV018,2,0.05,0.5084030228317794
DEV,post_CE,legislation,50,DEV018,2,0.04,0.5084030228317794
DEV,post_CE,legislation,60,DEV018,2,0.03333333333333333,0.5084030228317794
DEV,post_CE,legislation,70,DEV018,2,0.02857142857142857,0.5084030228317794
DEV,post_CE,legislation,75,DEV018,2,0.02666666666666667,0.5084030228317794
DEV,pre_CE,legislation,10,DEV020,1,0.1,1.0
DEV,pre_CE,legislation,20,DEV020,1,0.05,1.0
DEV,pre_CE,legislation,30,DEV020,1,0.03333333333333333,1.0
DEV,pre_CE,legislation,40,DEV020,1,0.025,1.0
DEV,pre_CE,legislation,50,DEV020,1,0.02,1.0
DEV,pre_CE,legislation,60,DEV020,1,0.016666666666666666,1.0
DEV,pre_CE,legislation,70,DEV020,1,0.014285714285714285,1.0
DEV,pre_CE,legislation,75,DEV020,1,0.013333333333333334,1.0
DEV,post_CE,legislation,10,DEV020,1,0.1,1.0
DEV,post_CE,legislation,20,DEV020,1,0.05,1.0
DEV,post_CE,legislation,30,DEV020,1,0.03333333333333333,1.0
DEV,post_CE,legislation,40,DEV020,1,0.025,1.0
DEV,post_CE,legislation,50,DEV020,1,0.02,1.0
DEV,post_CE,legislation,60,DEV020,1,0.016666666666666666,1.0
DEV,post_CE,legislation,70,DEV020,1,0.014285714285714285,1.0
DEV,post_CE,legislation,75,DEV020,1,0.013333333333333334,1.0
DEV,pre_CE,legislation,10,DEV023,2,0.1,0.38685280723454163
DEV,pre_CE,legislation,20,DEV023,2,0.05,0.38685280723454163
DEV,pre_CE,legislation,30,DEV023,2,0.03333333333333333,0.38685280723454163
DEV,pre_CE,legislation,40,DEV023,2,0.025,0.38685280723454163
DEV,pre_CE,legislation,50,DEV023,2,0.02,0.38685280723454163
DEV,pre_CE,legislation,60,DEV023,2,0.016666666666666666,0.38685280723454163
DEV,pre_CE,legislation,70,DEV023,2,0.014285714285714285,0.38685280723454163
DEV,pre_CE,legislation,75,DEV023,2,0.013333333333333334,0.38685280723454163
DEV,post_CE,legislation,10,DEV023,2,0.1,0.6131471927654584
DEV,post_CE,legislation,20,DEV023,2,0.05,0.6131471927654584
DEV,post_CE,legislation,30,DEV023,2,0.03333333333333333,0.6131471927654584
DEV,post_CE,legislation,40,DEV023,2,0.025,0.6131471927654584
DEV,post_CE,legislation,50,DEV023,2,0.02,0.6131471927654584
DEV,post_CE,legislation,60,DEV023,2,0.016666666666666666,0.6131471927654584
DEV,post_CE,legislation,70,DEV023,2,0.014285714285714285,0.6131471927654584
DEV,post_CE,legislation,75,DEV023,2,0.013333333333333334,0.6131471927654584
DEV,pre_CE,legislation,10,DEV026,1,0.1,1.0
DEV,pre_CE,legislation,20,DEV026,1,0.05,1.0
DEV,pre_CE,legislation,30,DEV026,1,0.03333333333333333,1.0
DEV,pre_CE,legislation,40,DEV026,1,0.025,1.0
DEV,pre_CE,legislation,50,DEV026,1,0.02,1.0
DEV,pre_CE,legislation,60,DEV026,1,0.016666666666666666,1.0
DEV,pre_CE,legislation,70,DEV026,1,0.014285714285714285,1.0
DEV,pre_CE,legislation,75,DEV026,1,0.013333333333333334,1.0
DEV,post_CE,legislation,10,DEV026,1,0.1,1.0
DEV,post_CE,legislation,20,DEV026,1,0.05,1.0
DEV,post_CE,legislation,30,DEV026,1,0.03333333333333333,1.0
DEV,post_CE,legislation,40,DEV026,1,0.025,1.0
DEV,post_CE,legislation,50,DEV026,1,0.02,1.0
DEV,post_CE,legislation,60,DEV026,1,0.016666666666666666,1.0
DEV,post_CE,legislation,70,DEV026,1,0.014285714285714285,1.0
DEV,post_CE,legislation,75,DEV026,1,0.013333333333333334,1.0
DEV,pre_CE,legislation,10,DEV027,2,0.1,0.6131471927654584
DEV,pre_CE,legislation,20,DEV027,2,0.1,0.766433990956823
DEV,pre_CE,legislation,30,DEV027,2,0.06666666666666667,0.766433990956823
DEV,pre_CE,legislation,40,DEV027,2,0.05,0.766433990956823
DEV,pre_CE,legislation,50,DEV027,2,0.04,0.766433990956823
DEV,pre_CE,legislation,60,DEV027,2,0.03333333333333333,0.766433990956823
DEV,pre_CE,legislation,70,DEV027,2,0.02857142857142857,0.766433990956823
DEV,pre_CE,legislation,75,DEV027,2,0.02666666666666667,0.766433990956823
DEV,post_CE,legislation,10,DEV027,2,0.2,1.0
DEV,post_CE,legislation,20,DEV027,2,0.1,1.0
DEV,post_CE,legislation,30,DEV027,2,0.06666666666666667,1.0
DEV,post_CE,legislation,40,DEV027,2,0.05,1.0
DEV,post_CE,legislation,50,DEV027,2,0.04,1.0
DEV,post_CE,legislation,60,DEV027,2,0.03333333333333333,1.0
DEV,post_CE,legislation,70,DEV027,2,0.02857142857142857,1.0
DEV,post_CE,legislation,75,DEV027,2,0.02666666666666667,1.0
DEV,pre_CE,legislation,10,DEV029,2,0.2,0.8315546295836225
DEV,pre_CE,legislation,20,DEV029,2,0.1,0.8315546295836225
DEV,pre_CE,legislation,30,DEV029,2,0.06666666666666667,0.8315546295836225
DEV,pre_CE,legislation,40,DEV029,2,0.05,0.8315546295836225
DEV,pre_CE,legislation,50,DEV029,2,0.04,0.8315546295836225
DEV,pre_CE,legislation,60,DEV029,2,0.03333333333333333,0.8315546295836225
DEV,pre_CE,legislation,70,DEV029,2,0.02857142857142857,0.8315546295836225
DEV,pre_CE,legislation,75,DEV029,2,0.02666666666666667,0.8315546295836225
DEV,post_CE,legislation,10,DEV029,2,0.1,0.6131471927654584
DEV,post_CE,legislation,20,DEV029,2,0.05,0.6131471927654584
DEV,post_CE,legislation,30,DEV029,2,0.03333333333333333,0.6131471927654584
DEV,post_CE,legislation,40,DEV029,2,0.05,0.73366840577441
DEV,post_CE,legislation,50,DEV029,2,0.04,0.73366840577441
DEV,post_CE,legislation,60,DEV029,2,0.03333333333333333,0.73366840577441
DEV,post_CE,legislation,70,DEV029,2,0.02857142857142857,0.73366840577441
DEV,post_CE,legislation,75,DEV029,2,0.02666666666666667,0.73366840577441
DEV,pre_CE,other,10,DEV030,1,0.0,0.0
DEV,pre_CE,other,20,DEV030,1,0.05,0.27023815442731974
DEV,pre_CE,other,30,DEV030,1,0.03333333333333333,0.27023815442731974
DEV,pre_CE,other,40,DEV030,1,0.025,0.27023815442731974
DEV,pre_CE,other,50,DEV030,1,0.02,0.27023815442731974
DEV,pre_CE,other,60,DEV030,1,0.016666666666666666,0.27023815442731974
DEV,pre_CE,other,70,DEV030,1,0.014285714285714285,0.27023815442731974
DEV,pre_CE,other,75,DEV030,1,0.013333333333333334,0.27023815442731974
DEV,post_CE,other,10,DEV030,1,0.0,0.0
DEV,post_CE,other,20,DEV030,1,0.05,0.23540891336663824
DEV,post_CE,other,30,DEV030,1,0.03333333333333333,0.23540891336663824
DEV,post_CE,other,40,DEV030,1,0.025,0.23540891336663824
DEV,post_CE,other,50,DEV030,1,0.02,0.23540891336663824
DEV,post_CE,other,60,DEV030,1,0.016666666666666666,0.23540891336663824
DEV,post_CE,other,70,DEV030,1,0.014285714285714285,0.23540891336663824
DEV,post_CE,other,75,DEV030,1,0.013333333333333334,0.23540891336663824
DEV,pre_CE,legislation,10,DEV031,3,0.1,0.46927872602275644
DEV,pre_CE,legislation,20,DEV031,3,0.05,0.46927872602275644
DEV,pre_CE,legislation,30,DEV031,3,0.03333333333333333,0.46927872602275644
DEV,pre_CE,legislation,40,DEV031,3,0.05,0.5587004500882294
DEV,pre_CE,legislation,50,DEV031,3,0.04,0.5587004500882294
DEV,pre_CE,legislation,60,DEV031,3,0.03333333333333333,0.5587004500882294
DEV,pre_CE,legislation,70,DEV031,3,0.02857142857142857,0.5587004500882294
DEV,pre_CE,legislation,75,DEV031,3,0.04,0.6342753354107193
DEV,post_CE,legislation,10,DEV031,3,0.2,0.4776237035032179
DEV,post_CE,legislation,20,DEV031,3,0.1,0.4776237035032179
DEV,post_CE,legislation,30,DEV031,3,0.06666666666666667,0.4776237035032179
DEV,post_CE,legislation,40,DEV031,3,0.05,0.4776237035032179
DEV,post_CE,legislation,50,DEV031,3,0.06,0.5646509849537465
DEV,post_CE,legislation,60,DEV031,3,0.05,0.5646509849537465
DEV,post_CE,legislation,70,DEV031,3,0.04285714285714286,0.5646509849537465
DEV,post_CE,legislation,75,DEV031,3,0.04,0.5646509849537465
DEV,pre_CE,legislation,10,DEV034,1,0.1,0.3010299956639812
DEV,pre_CE,legislation,20,DEV034,1,0.05,0.3010299956639812
DEV,pre_CE,legislation,30,DEV034,1,0.03333333333333333,0.3010299956639812
DEV,pre_CE,legislation,40,DEV034,1,0.025,0.3010299956639812
DEV,pre_CE,legislation,50,DEV034,1,0.02,0.3010299956639812
DEV,pre_CE,legislation,60,DEV034,1,0.016666666666666666,0.3010299956639812
DEV,pre_CE,legislation,70,DEV034,1,0.014285714285714285,0.3010299956639812
DEV,pre_CE,legislation,75,DEV034,1,0.013333333333333334,0.3010299956639812
DEV,pre_CE,other,10,DEV034,1,0.0,0.0
DEV,pre_CE,other,20,DEV034,1,0.0,0.0
DEV,pre_CE,other,30,DEV034,1,0.0,0.0
DEV,pre_CE,other,40,DEV034,1,0.0,0.0
DEV,pre_CE,other,50,DEV034,1,0.0,0.0
DEV,pre_CE,other,60,DEV034,1,0.0,0.0
DEV,pre_CE,other,70,DEV034,1,0.0,0.0
DEV,pre_CE,other,75,DEV034,1,0.0,0.0
DEV,post_CE,legislation,10,DEV034,1,0.0,0.0
DEV,post_CE,legislation,20,DEV034,1,0.0,0.0
DEV,post_CE,legislation,30,DEV034,1,0.0,0.0
DEV,post_CE,legislation,40,DEV034,1,0.0,0.0
DEV,post_CE,legislation,50,DEV034,1,0.0,0.0
DEV,post_CE,legislation,60,DEV034,1,0.0,0.0
DEV,post_CE,legislation,70,DEV034,1,0.0,0.0
DEV,post_CE,legislation,75,DEV034,1,0.013333333333333334,0.16005307325482135
DEV,post_CE,other,10,DEV034,1,0.0,0.0
DEV,post_CE,other,20,DEV034,1,0.0,0.0
DEV,post_CE,other,30,DEV034,1,0.0,0.0
DEV,post_CE,other,40,DEV034,1,0.0,0.0
DEV,post_CE,other,50,DEV034,1,0.0,0.0
DEV,post_CE,other,60,DEV034,1,0.0,0.0
DEV,post_CE,other,70,DEV034,1,0.0,0.0
DEV,post_CE,other,75,DEV034,1,0.0,0.0
DEV,pre_CE,legislation,10,DEV035,2,0.1,0.18457569677956817
DEV,pre_CE,legislation,20,DEV035,2,0.05,0.18457569677956817
DEV,pre_CE,legislation,30,DEV035,2,0.06666666666666667,0.3150203422877427
DEV,pre_CE,legislation,40,DEV035,2,0.05,0.3150203422877427
DEV,pre_CE,legislation,50,DEV035,2,0.04,0.3150203422877427
DEV,pre_CE,legislation,60,DEV035,2,0.03333333333333333,0.3150203422877427
DEV,pre_CE,legislation,70,DEV035,2,0.02857142857142857,0.3150203422877427
DEV,pre_CE,legislation,75,DEV035,2,0.02666666666666667,0.3150203422877427
DEV,post_CE,legislation,10,DEV035,2,0.2,1.0
DEV,post_CE,legislation,20,DEV035,2,0.1,1.0
DEV,post_CE,legislation,30,DEV035,2,0.06666666666666667,1.0
DEV,post_CE,legislation,40,DEV035,2,0.05,1.0
DEV,post_CE,legislation,50,DEV035,2,0.04,1.0
DEV,post_CE,legislation,60,DEV035,2,0.03333333333333333,1.0
DEV,post_CE,legislation,70,DEV035,2,0.02857142857142857,1.0
DEV,post_CE,legislation,75,DEV035,2,0.02666666666666667,1.0
DEV,pre_CE,legislation,10,DEV039,7,0.3,0.2673727751494076
DEV,pre_CE,legislation,20,DEV039,7,0.25,0.40054019040973776
DEV,pre_CE,legislation,30,DEV039,7,0.2,0.45712261285848443
DEV,pre_CE,legislation,40,DEV039,7,0.15,0.45712261285848443
DEV,pre_CE,legislation,50,DEV039,7,0.14,0.5077792515114544
DEV,pre_CE,legislation,60,DEV039,7,0.11666666666666667,0.5077792515114544
DEV,pre_CE,legislation,70,DEV039,7,0.1,0.5077792515114544
DEV,pre_CE,legislation,75,DEV039,7,0.09333333333333334,0.5077792515114544
DEV,post_CE,legislation,10,DEV039,7,0.4,0.6724559848537955
DEV,post_CE,legislation,20,DEV039,7,0.3,0.8213269398793558
DEV,post_CE,legislation,30,DEV039,7,0.2,0.8213269398793558
DEV,post_CE,legislation,40,DEV039,7,0.15,0.8213269398793558
DEV,post_CE,legislation,50,DEV039,7,0.14,0.869785282888372
DEV,post_CE,legislation,60,DEV039,7,0.11666666666666667,0.869785282888372
DEV,post_CE,legislation,70,DEV039,7,0.1,0.869785282888372
DEV,post_CE,legislation,75,DEV039,7,0.09333333333333334,0.869785282888372
DEV,pre_CE,legislation,10,DEV040,6,0.4,0.7016782760391698
DEV,pre_CE,legislation,20,DEV040,6,0.25,0.7811566592457658
DEV,pre_CE,legislation,30,DEV040,6,0.16666666666666666,0.7811566592457658
DEV,pre_CE,legislation,40,DEV040,6,0.125,0.7811566592457658
DEV,pre_CE,legislation,50,DEV040,6,0.12,0.8345028727710092
DEV,pre_CE,legislation,60,DEV040,6,0.1,0.8345028727710092
DEV,pre_CE,legislation,70,DEV040,6,0.08571428571428572,0.8345028727710092
DEV,pre_CE,legislation,75,DEV040,6,0.08,0.8345028727710092
DEV,post_CE,legislation,10,DEV040,6,0.4,0.7526136409516659
DEV,post_CE,legislation,20,DEV040,6,0.3,0.9118418747626773
DEV,post_CE,legislation,30,DEV040,6,0.2,0.9118418747626773
DEV,post_CE,legislation,40,DEV040,6,0.15,0.9118418747626773
DEV,post_CE,legislation,50,DEV040,6,0.12,0.9118418747626773
DEV,post_CE,legislation,60,DEV040,6,0.1,0.9118418747626773
DEV,post_CE,legislation,70,DEV040,6,0.08571428571428572,0.9118418747626773
DEV,post_CE,legislation,75,DEV040,6,0.08,0.9118418747626773
DEV,pre_CE,legislation,10,TEST001,2,0.1,0.2640681225725909
DEV,pre_CE,legislation,20,TEST001,2,0.1,0.42976388833782037
DEV,pre_CE,legislation,30,TEST001,2,0.06666666666666667,0.42976388833782037
DEV,pre_CE,legislation,40,TEST001,2,0.05,0.42976388833782037
DEV,pre_CE,legislation,50,TEST001,2,0.04,0.42976388833782037
DEV,pre_CE,legislation,60,TEST001,2,0.03333333333333333,0.42976388833782037
DEV,pre_CE,legislation,70,TEST001,2,0.02857142857142857,0.42976388833782037
DEV,pre_CE,legislation,75,TEST001,2,0.02666666666666667,0.42976388833782037
DEV,post_CE,legislation,10,TEST001,2,0.2,0.7977228895450266
DEV,post_CE,legislation,20,TEST001,2,0.1,0.7977228895450266
DEV,post_CE,legislation,30,TEST001,2,0.06666666666666667,0.7977228895450266
DEV,post_CE,legislation,40,TEST001,2,0.05,0.7977228895450266
DEV,post_CE,legislation,50,TEST001,2,0.04,0.7977228895450266
DEV,post_CE,legislation,60,TEST001,2,0.03333333333333333,0.7977228895450266
DEV,post_CE,legislation,70,TEST001,2,0.02857142857142857,0.7977228895450266
DEV,post_CE,legislation,75,TEST001,2,0.02666666666666667,0.7977228895450266
DEV,pre_CE,legislation,10,TEST003,2,0.1,0.6131471927654584
DEV,pre_CE,legislation,20,TEST003,2,0.1,0.7574875071481796
DEV,pre_CE,legislation,30,TEST003,2,0.06666666666666667,0.7574875071481796
DEV,pre_CE,legislation,40,TEST003,2,0.05,0.7574875071481796
DEV,pre_CE,legislation,50,TEST003,2,0.04,0.7574875071481796
DEV,pre_CE,legislation,60,TEST003,2,0.03333333333333333,0.7574875071481796
DEV,pre_CE,legislation,70,TEST003,2,0.02857142857142857,0.7574875071481796
DEV,pre_CE,legislation,75,TEST003,2,0.02666666666666667,0.7574875071481796
DEV,post_CE,legislation,10,TEST003,2,0.0,0.0
DEV,post_CE,legislation,20,TEST003,2,0.05,0.1710330840677181
DEV,post_CE,legislation,30,TEST003,2,0.03333333333333333,0.1710330840677181
DEV,post_CE,legislation,40,TEST003,2,0.025,0.1710330840677181
DEV,post_CE,legislation,50,TEST003,2,0.02,0.1710330840677181
DEV,post_CE,legislation,60,TEST003,2,0.03333333333333333,0.27708896419762746
DEV,post_CE,legislation,70,TEST003,2,0.02857142857142857,0.27708896419762746
DEV,post_CE,legislation,75,TEST003,2,0.02666666666666667,0.27708896419762746
DEV,pre_CE,legislation,10,TEST004,4,0.0,0.0
DEV,pre_CE,legislation,20,TEST004,4,0.0,0.0
DEV,pre_CE,legislation,30,TEST004,4,0.03333333333333333,0.0787978565107802
DEV,pre_CE,legislation,40,TEST004,4,0.025,0.0787978565107802
DEV,pre_CE,legislation,50,TEST004,4,0.04,0.14988134019919153
DEV,pre_CE,legislation,60,TEST004,4,0.03333333333333333,0.14988134019919153
DEV,pre_CE,legislation,70,TEST004,4,0.02857142857142857,0.14988134019919153
DEV,pre_CE,legislation,75,TEST004,4,0.02666666666666667,0.14988134019919153
DEV,post_CE,legislation,10,TEST004,4,0.1,0.11284514134893527
DEV,post_CE,legislation,20,TEST004,4,0.1,0.20474408471758984
DEV,post_CE,legislation,30,TEST004,4,0.06666666666666667,0.20474408471758984
DEV,post_CE,legislation,40,TEST004,4,0.05,0.20474408471758984
DEV,post_CE,legislation,50,TEST004,4,0.04,0.20474408471758984
DEV,post_CE,legislation,60,TEST004,4,0.03333333333333333,0.20474408471758984
DEV,post_CE,legislation,70,TEST004,4,0.02857142857142857,0.20474408471758984
DEV,post_CE,legislation,75,TEST004,4,0.02666666666666667,0.20474408471758984
DEV,pre_CE,legislation,10,TEST005,1,0.1,0.6309297535714575
DEV,pre_CE,legislation,20,TEST005,1,0.05,0.6309297535714575
DEV,pre_CE,legislation,30,TEST005,1,0.03333333333333333,0.6309297535714575
DEV,pre_CE,legislation,40,TEST005,1,0.025,0.6309297535714575
DEV,pre_CE,legislation,50,TEST005,1,0.02,0.6309297535714575
DEV,pre_CE,legislation,60,TEST005,1,0.016666666666666666,0.6309297535714575
DEV,pre_CE,legislation,70,TEST005,1,0.014285714285714285,0.6309297535714575
DEV,pre_CE,legislation,75,TEST005,1,0.013333333333333334,0.6309297535714575
DEV,pre_CE,other,10,TEST005,1,0.0,0.0
DEV,pre_CE,other,20,TEST005,1,0.0,0.0
DEV,pre_CE,other,30,TEST005,1,0.0,0.0
DEV,pre_CE,other,40,TEST005,1,0.0,0.0
DEV,pre_CE,other,50,TEST005,1,0.0,0.0
DEV,pre_CE,other,60,TEST005,1,0.0,0.0
DEV,pre_CE,other,70,TEST005,1,0.0,0.0
DEV,pre_CE,other,75,TEST005,1,0.0,0.0
DEV,post_CE,legislation,10,TEST005,1,0.1,1.0
DEV,post_CE,legislation,20,TEST005,1,0.05,1.0
DEV,post_CE,legislation,30,TEST005,1,0.03333333333333333,1.0
DEV,post_CE,legislation,40,TEST005,1,0.025,1.0
DEV,post_CE,legislation,50,TEST005,1,0.02,1.0
DEV,post_CE,legislation,60,TEST005,1,0.016666666666666666,1.0
DEV,post_CE,legislation,70,TEST005,1,0.014285714285714285,1.0
DEV,post_CE,legislation,75,TEST005,1,0.013333333333333334,1.0
DEV,post_CE,other,10,TEST005,1,0.0,0.0
DEV,post_CE,other,20,TEST005,1,0.0,0.0
DEV,post_CE,other,30,TEST005,1,0.0,0.0
DEV,post_CE,other,40,TEST005,1,0.0,0.0
DEV,post_CE,other,50,TEST005,1,0.0,0.0
DEV,post_CE,other,60,TEST005,1,0.0,0.0
DEV,post_CE,other,70,TEST005,1,0.0,0.0
DEV,post_CE,other,75,TEST005,1,0.0,0.0
DEV,pre_CE,legislation,10,TEST009,3,0.0,0.0
DEV,pre_CE,legislation,20,TEST009,3,0.0,0.0
DEV,pre_CE,legislation,30,TEST009,3,0.0,0.0
DEV,pre_CE,legislation,40,TEST009,3,0.0,0.0
DEV,pre_CE,legislation,50,TEST009,3,0.0,0.0
DEV,pre_CE,legislation,60,TEST009,3,0.016666666666666666,0.08010929472340098
DEV,pre_CE,legislation,70,TEST009,3,0.04285714285714286,0.23512130092603117
DEV,pre_CE,legislation,75,TEST009,3,0.04,0.23512130092603117
DEV,post_CE,legislation,10,TEST009,3,0.0,0.0
DEV,post_CE,legislation,20,TEST009,3,0.0,0.0
DEV,post_CE,legislation,30,TEST009,3,0.06666666666666667,0.19456067917799627
DEV,post_CE,legislation,40,TEST009,3,0.05,0.19456067917799627
DEV,post_CE,legislation,50,TEST009,3,0.04,0.19456067917799627
DEV,post_CE,legislation,60,TEST009,3,0.05,0.27610505790761314
DEV,post_CE,legislation,70,TEST009,3,0.04285714285714286,0.27610505790761314
DEV,post_CE,legislation,75,TEST009,3,0.04,0.27610505790761314
DEV,pre_CE,legislation,10,TEST011,2,0.2,0.5012658353418871
DEV,pre_CE,legislation,20,TEST011,2,0.1,0.5012658353418871
DEV,pre_CE,legislation,30,TEST011,2,0.06666666666666667,0.5012658353418871
DEV,pre_CE,legislation,40,TEST011,2,0.05,0.5012658353418871
DEV,pre_CE,legislation,50,TEST011,2,0.04,0.5012658353418871
DEV,pre_CE,legislation,60,TEST011,2,0.03333333333333333,0.5012658353418871
DEV,pre_CE,legislation,70,TEST011,2,0.02857142857142857,0.5012658353418871
DEV,pre_CE,legislation,75,TEST011,2,0.02666666666666667,0.5012658353418871
DEV,post_CE,legislation,10,TEST011,2,0.2,1.0
DEV,post_CE,legislation,20,TEST011,2,0.1,1.0
DEV,post_CE,legislation,30,TEST011,2,0.06666666666666667,1.0
DEV,post_CE,legislation,40,TEST011,2,0.05,1.0
DEV,post_CE,legislation,50,TEST011,2,0.04,1.0
DEV,post_CE,legislation,60,TEST011,2,0.03333333333333333,1.0
DEV,post_CE,legislation,70,TEST011,2,0.02857142857142857,1.0
DEV,post_CE,legislation,75,TEST011,2,0.02666666666666667,1.0
DEV,pre_CE,legislation,10,TEST012,2,0.2,1.0
DEV,pre_CE,legislation,20,TEST012,2,0.1,1.0
DEV,pre_CE,legislation,30,TEST012,2,0.06666666666666667,1.0
DEV,pre_CE,legislation,40,TEST012,2,0.05,1.0
DEV,pre_CE,legislation,50,TEST012,2,0.04,1.0
DEV,pre_CE,legislation,60,TEST012,2,0.03333333333333333,1.0
DEV,pre_CE,legislation,70,TEST012,2,0.02857142857142857,1.0
DEV,pre_CE,legislation,75,TEST012,2,0.02666666666666667,1.0
DEV,post_CE,legislation,10,TEST012,2,0.2,0.9197207891481876
DEV,post_CE,legislation,20,TEST012,2,0.1,0.9197207891481876
DEV,post_CE,legislation,30,TEST012,2,0.06666666666666667,0.9197207891481876
DEV,post_CE,legislation,40,TEST012,2,0.05,0.9197207891481876
DEV,post_CE,legislation,50,TEST012,2,0.04,0.9197207891481876
DEV,post_CE,legislation,60,TEST012,2,0.03333333333333333,0.9197207891481876
DEV,post_CE,legislation,70,TEST012,2,0.02857142857142857,0.9197207891481876
DEV,post_CE,legislation,75,TEST012,2,0.02666666666666667,0.9197207891481876
DEV,pre_CE,legislation,10,TEST013,2,0.1,0.18457569677956817
DEV,pre_CE,legislation,20,TEST013,2,0.1,0.3556087808472863
DEV,pre_CE,legislation,30,TEST013,2,0.06666666666666667,0.3556087808472863
DEV,pre_CE,legislation,40,TEST013,2,0.05,0.3556087808472863
DEV,pre_CE,legislation,50,TEST013,2,0.04,0.3556087808472863
DEV,pre_CE,legislation,60,TEST013,2,0.03333333333333333,0.3556087808472863
DEV,pre_CE,legislation,70,TEST013,2,0.02857142857142857,0.3556087808472863
DEV,pre_CE,legislation,75,TEST013,2,0.02666666666666667,0.3556087808472863
DEV,post_CE,legislation,10,TEST013,2,0.2,0.6509209298071326
DEV,post_CE,legislation,20,TEST013,2,0.1,0.6509209298071326
DEV,post_CE,legislation,30,TEST013,2,0.06666666666666667,0.6509209298071326
DEV,post_CE,legislation,40,TEST013,2,0.05,0.6509209298071326
DEV,post_CE,legislation,50,TEST013,2,0.04,0.6509209298071326
DEV,post_CE,legislation,60,TEST013,2,0.03333333333333333,0.6509209298071326
DEV,post_CE,legislation,70,TEST013,2,0.02857142857142857,0.6509209298071326
DEV,post_CE,legislation,75,TEST013,2,0.02666666666666667,0.6509209298071326
DEV,pre_CE,legislation,10,TEST015,1,0.1,1.0
DEV,pre_CE,legislation,20,TEST015,1,0.05,1.0
DEV,pre_CE,legislation,30,TEST015,1,0.03333333333333333,1.0
DEV,pre_CE,legislation,40,TEST015,1,0.025,1.0
DEV,pre_CE,legislation,50,TEST015,1,0.02,1.0
DEV,pre_CE,legislation,60,TEST015,1,0.016666666666666666,1.0
DEV,pre_CE,legislation,70,TEST015,1,0.014285714285714285,1.0
DEV,pre_CE,legislation,75,TEST015,1,0.013333333333333334,1.0
DEV,post_CE,legislation,10,TEST015,1,0.1,1.0
DEV,post_CE,legislation,20,TEST015,1,0.05,1.0
DEV,post_CE,legislation,30,TEST015,1,0.03333333333333333,1.0
DEV,post_CE,legislation,40,TEST015,1,0.025,1.0
DEV,post_CE,legislation,50,TEST015,1,0.02,1.0
DEV,post_CE,legislation,60,TEST015,1,0.016666666666666666,1.0
DEV,post_CE,legislation,70,TEST015,1,0.014285714285714285,1.0
DEV,post_CE,legislation,75,TEST015,1,0.013333333333333334,1.0
DEV,pre_CE,legislation,10,TEST017,2,0.1,0.38685280723454163
DEV,pre_CE,legislation,20,TEST017,2,0.05,0.38685280723454163
DEV,pre_CE,legislation,30,TEST017,2,0.03333333333333333,0.38685280723454163
DEV,pre_CE,legislation,40,TEST017,2,0.025,0.38685280723454163
DEV,pre_CE,legislation,50,TEST017,2,0.02,0.38685280723454163
DEV,pre_CE,legislation,60,TEST017,2,0.016666666666666666,0.38685280723454163
DEV,pre_CE,legislation,70,TEST017,2,0.014285714285714285,0.38685280723454163
DEV,pre_CE,legislation,75,TEST017,2,0.013333333333333334,0.38685280723454163
DEV,post_CE,legislation,10,TEST017,2,0.0,0.0
DEV,post_CE,legislation,20,TEST017,2,0.0,0.0
DEV,post_CE,legislation,30,TEST017,2,0.0,0.0
DEV,post_CE,legislation,40,TEST017,2,0.0,0.0
DEV,post_CE,legislation,50,TEST017,2,0.02,0.11038570254939233
DEV,post_CE,legislation,60,TEST017,2,0.016666666666666666,0.11038570254939233
DEV,post_CE,legislation,70,TEST017,2,0.014285714285714285,0.11038570254939233
DEV,post_CE,legislation,75,TEST017,2,0.013333333333333334,0.11038570254939233
DEV,pre_CE,legislation,10,TEST019,1,0.1,0.5
DEV,pre_CE,legislation,20,TEST019,1,0.05,0.5
DEV,pre_CE,legislation,30,TEST019,1,0.03333333333333333,0.5
DEV,pre_CE,legislation,40,TEST019,1,0.025,0.5
DEV,pre_CE,legislation,50,TEST019,1,0.02,0.5
DEV,pre_CE,legislation,60,TEST019,1,0.016666666666666666,0.5
DEV,pre_CE,legislation,70,TEST019,1,0.014285714285714285,0.5
DEV,pre_CE,legislation,75,TEST019,1,0.013333333333333334,0.5
DEV,post_CE,legislation,10,TEST019,1,0.1,1.0
DEV,post_CE,legislation,20,TEST019,1,0.05,1.0
DEV,post_CE,legislation,30,TEST019,1,0.03333333333333333,1.0
DEV,post_CE,legislation,40,TEST019,1,0.025,1.0
DEV,post_CE,legislation,50,TEST019,1,0.02,1.0
DEV,post_CE,legislation,60,TEST019,1,0.016666666666666666,1.0
DEV,post_CE,legislation,70,TEST019,1,0.014285714285714285,1.0
DEV,post_CE,legislation,75,TEST019,1,0.013333333333333334,1.0
DEV,pre_CE,legislation,10,FAQ003,1,0.1,1.0
DEV,pre_CE,legislation,20,FAQ003,1,0.05,1.0
DEV,pre_CE,legislation,30,FAQ003,1,0.03333333333333333,1.0
DEV,pre_CE,legislation,40,FAQ003,1,0.025,1.0
DEV,pre_CE,legislation,50,FAQ003,1,0.02,1.0
DEV,pre_CE,legislation,60,FAQ003,1,0.016666666666666666,1.0
DEV,pre_CE,legislation,70,FAQ003,1,0.014285714285714285,1.0
DEV,pre_CE,legislation,75,FAQ003,1,0.013333333333333334,1.0
DEV,post_CE,legislation,10,FAQ003,1,0.1,1.0
DEV,post_CE,legislation,20,FAQ003,1,0.05,1.0
DEV,post_CE,legislation,30,FAQ003,1,0.03333333333333333,1.0
DEV,post_CE,legislation,40,FAQ003,1,0.025,1.0
DEV,post_CE,legislation,50,FAQ003,1,0.02,1.0
DEV,post_CE,legislation,60,FAQ003,1,0.016666666666666666,1.0
DEV,post_CE,legislation,70,FAQ003,1,0.014285714285714285,1.0
DEV,post_CE,legislation,75,FAQ003,1,0.013333333333333334,1.0
DEV,pre_CE,legislation,10,FAQ006,1,0.1,1.0
DEV,pre_CE,legislation,20,FAQ006,1,0.05,1.0
DEV,pre_CE,legislation,30,FAQ006,1,0.03333333333333333,1.0
DEV,pre_CE,legislation,40,FAQ006,1,0.025,1.0
DEV,pre_CE,legislation,50,FAQ006,1,0.02,1.0
DEV,pre_CE,legislation,60,FAQ006,1,0.016666666666666666,1.0
DEV,pre_CE,legislation,70,FAQ006,1,0.014285714285714285,1.0
DEV,pre_CE,legislation,75,FAQ006,1,0.013333333333333334,1.0
DEV,post_CE,legislation,10,FAQ006,1,0.1,0.5
DEV,post_CE,legislation,20,FAQ006,1,0.05,0.5
DEV,post_CE,legislation,30,FAQ006,1,0.03333333333333333,0.5
DEV,post_CE,legislation,40,FAQ006,1,0.025,0.5
DEV,post_CE,legislation,50,FAQ006,1,0.02,0.5
DEV,post_CE,legislation,60,FAQ006,1,0.016666666666666666,0.5
DEV,post_CE,legislation,70,FAQ006,1,0.014285714285714285,0.5
DEV,post_CE,legislation,75,FAQ006,1,0.013333333333333334,0.5
DEV,pre_CE,legislation,10,FAQ008,1,0.0,0.0
DEV,pre_CE,legislation,20,FAQ008,1,0.05,0.23137821315975915
DEV,pre_CE,legislation,30,FAQ008,1,0.03333333333333333,0.23137821315975915
DEV,pre_CE,legislation,40,FAQ008,1,0.025,0.23137821315975915
DEV,pre_CE,legislation,50,FAQ008,1,0.02,0.23137821315975915
DEV,pre_CE,legislation,60,FAQ008,1,0.016666666666666666,0.23137821315975915
DEV,pre_CE,legislation,70,FAQ008,1,0.014285714285714285,0.23137821315975915
DEV,pre_CE,legislation,75,FAQ008,1,0.013333333333333334,0.23137821315975915
DEV,post_CE,legislation,10,FAQ008,1,0.0,0.0
DEV,post_CE,legislation,20,FAQ008,1,0.0,0.0
DEV,post_CE,legislation,30,FAQ008,1,0.0,0.0
DEV,post_CE,legislation,40,FAQ008,1,0.025,0.2
DEV,post_CE,legislation,50,FAQ008,1,0.02,0.2
DEV,post_CE,legislation,60,FAQ008,1,0.016666666666666666,0.2
DEV,post_CE,legislation,70,FAQ008,1,0.014285714285714285,0.2
DEV,post_CE,legislation,75,FAQ008,1,0.013333333333333334,0.2
DEV,pre_CE,legislation,10,FAQ009,1,0.1,1.0
DEV,pre_CE,legislation,20,FAQ009,1,0.05,1.0
DEV,pre_CE,legislation,30,FAQ009,1,0.03333333333333333,1.0
DEV,pre_CE,legislation,40,FAQ009,1,0.025,1.0
DEV,pre_CE,legislation,50,FAQ009,1,0.02,1.0
DEV,pre_CE,legislation,60,FAQ009,1,0.016666666666666666,1.0
DEV,pre_CE,legislation,70,FAQ009,1,0.014285714285714285,1.0
DEV,pre_CE,legislation,75,FAQ009,1,0.013333333333333334,1.0
DEV,post_CE,legislation,10,FAQ009,1,0.1,0.6309297535714575
DEV,post_CE,legislation,20,FAQ009,1,0.05,0.6309297535714575
DEV,post_CE,legislation,30,FAQ009,1,0.03333333333333333,0.6309297535714575
DEV,post_CE,legislation,40,FAQ009,1,0.025,0.6309297535714575
DEV,post_CE,legislation,50,FAQ009,1,0.02,0.6309297535714575
DEV,post_CE,legislation,60,FAQ009,1,0.016666666666666666,0.6309297535714575
DEV,post_CE,legislation,70,FAQ009,1,0.014285714285714285,0.6309297535714575
DEV,post_CE,legislation,75,FAQ009,1,0.013333333333333334,0.6309297535714575
DEV,pre_CE,legislation,10,FAQ011,1,0.1,1.0
DEV,pre_CE,legislation,20,FAQ011,1,0.05,1.0
DEV,pre_CE,legislation,30,FAQ011,1,0.03333333333333333,1.0
DEV,pre_CE,legislation,40,FAQ011,1,0.025,1.0
DEV,pre_CE,legislation,50,FAQ011,1,0.02,1.0
DEV,pre_CE,legislation,60,FAQ011,1,0.016666666666666666,1.0
DEV,pre_CE,legislation,70,FAQ011,1,0.014285714285714285,1.0
DEV,pre_CE,legislation,75,FAQ011,1,0.013333333333333334,1.0
DEV,post_CE,legislation,10,FAQ011,1,0.1,1.0
DEV,post_CE,legislation,20,FAQ011,1,0.05,1.0
DEV,post_CE,legislation,30,FAQ011,1,0.03333333333333333,1.0
DEV,post_CE,legislation,40,FAQ011,1,0.025,1.0
DEV,post_CE,legislation,50,FAQ011,1,0.02,1.0
DEV,post_CE,legislation,60,FAQ011,1,0.016666666666666666,1.0
DEV,post_CE,legislation,70,FAQ011,1,0.014285714285714285,1.0
DEV,post_CE,legislation,75,FAQ011,1,0.013333333333333334,1.0
DEV,pre_CE,legislation,10,FAQ012,1,0.1,1.0
DEV,pre_CE,legislation,20,FAQ012,1,0.05,1.0
DEV,pre_CE,legislation,30,FAQ012,1,0.03333333333333333,1.0
DEV,pre_CE,legislation,40,FAQ012,1,0.025,1.0
DEV,pre_CE,legislation,50,FAQ012,1,0.02,1.0
DEV,pre_CE,legislation,60,FAQ012,1,0.016666666666666666,1.0
DEV,pre_CE,legislation,70,FAQ012,1,0.014285714285714285,1.0
DEV,pre_CE,legislation,75,FAQ012,1,0.013333333333333334,1.0
DEV,post_CE,legislation,10,FAQ012,1,0.1,0.43067655807339306
DEV,post_CE,legislation,20,FAQ012,1,0.05,0.43067655807339306
DEV,post_CE,legislation,30,FAQ012,1,0.03333333333333333,0.43067655807339306
DEV,post_CE,legislation,40,FAQ012,1,0.025,0.43067655807339306
DEV,post_CE,legislation,50,FAQ012,1,0.02,0.43067655807339306
DEV,post_CE,legislation,60,FAQ012,1,0.016666666666666666,0.43067655807339306
DEV,post_CE,legislation,70,FAQ012,1,0.014285714285714285,0.43067655807339306
DEV,post_CE,legislation,75,FAQ012,1,0.013333333333333334,0.43067655807339306
DEV,pre_CE,legislation,10,FAQ014,2,0.1,0.6131471927654584
DEV,pre_CE,legislation,20,FAQ014,2,0.05,0.6131471927654584
DEV,pre_CE,legislation,30,FAQ014,2,0.06666666666666667,0.7369103935655449
DEV,pre_CE,legislation,40,FAQ014,2,0.05,0.7369103935655449
DEV,pre_CE,legislation,50,FAQ014,2,0.04,0.7369103935655449
DEV,pre_CE,legislation,60,FAQ014,2,0.03333333333333333,0.7369103935655449
DEV,pre_CE,legislation,70,FAQ014,2,0.02857142857142857,0.7369103935655449
DEV,pre_CE,legislation,75,FAQ014,2,0.02666666666666667,0.7369103935655449
DEV,post_CE,legislation,10,FAQ014,2,0.2,0.7977228895450266
DEV,post_CE,legislation,20,FAQ014,2,0.1,0.7977228895450266
DEV,post_CE,legislation,30,FAQ014,2,0.06666666666666667,0.7977228895450266
DEV,post_CE,legislation,40,FAQ014,2,0.05,0.7977228895450266
DEV,post_CE,legislation,50,FAQ014,2,0.04,0.7977228895450266
DEV,post_CE,legislation,60,FAQ014,2,0.03333333333333333,0.7977228895450266
DEV,post_CE,legislation,70,FAQ014,2,0.02857142857142857,0.7977228895450266
DEV,post_CE,legislation,75,FAQ014,2,0.02666666666666667,0.7977228895450266
DEV,pre_CE,legislation,10,FAQ023,1,0.1,1.0
DEV,pre_CE,legislation,20,FAQ023,1,0.05,1.0
DEV,pre_CE,legislation,30,FAQ023,1,0.03333333333333333,1.0
DEV,pre_CE,legislation,40,FAQ023,1,0.025,1.0
DEV,pre_CE,legislation,50,FAQ023,1,0.02,1.0
DEV,pre_CE,legislation,60,FAQ023,1,0.016666666666666666,1.0
DEV,pre_CE,legislation,70,FAQ023,1,0.014285714285714285,1.0
DEV,pre_CE,legislation,75,FAQ023,1,0.013333333333333334,1.0
DEV,post_CE,legislation,10,FAQ023,1,0.1,0.6309297535714575
DEV,post_CE,legislation,20,FAQ023,1,0.05,0.6309297535714575
DEV,post_CE,legislation,30,FAQ023,1,0.03333333333333333,0.6309297535714575
DEV,post_CE,legislation,40,FAQ023,1,0.025,0.6309297535714575
DEV,post_CE,legislation,50,FAQ023,1,0.02,0.6309297535714575
DEV,post_CE,legislation,60,FAQ023,1,0.016666666666666666,0.6309297535714575
DEV,post_CE,legislation,70,FAQ023,1,0.014285714285714285,0.6309297535714575
DEV,post_CE,legislation,75,FAQ023,1,0.013333333333333334,0.6309297535714575
DEV,pre_CE,legislation,10,FAQ025,1,0.1,1.0
DEV,pre_CE,legislation,20,FAQ025,1,0.05,1.0
DEV,pre_CE,legislation,30,FAQ025,1,0.03333333333333333,1.0
DEV,pre_CE,legislation,40,FAQ025,1,0.025,1.0
DEV,pre_CE,legislation,50,FAQ025,1,0.02,1.0
DEV,pre_CE,legislation,60,FAQ025,1,0.016666666666666666,1.0
DEV,pre_CE,legislation,70,FAQ025,1,0.014285714285714285,1.0
DEV,pre_CE,legislation,75,FAQ025,1,0.013333333333333334,1.0
DEV,post_CE,legislation,10,FAQ025,1,0.1,0.5
DEV,post_CE,legislation,20,FAQ025,1,0.05,0.5
DEV,post_CE,legislation,30,FAQ025,1,0.03333333333333333,0.5
DEV,post_CE,legislation,40,FAQ025,1,0.025,0.5
DEV,post_CE,legislation,50,FAQ025,1,0.02,0.5
DEV,post_CE,legislation,60,FAQ025,1,0.016666666666666666,0.5
DEV,post_CE,legislation,70,FAQ025,1,0.014285714285714285,0.5
DEV,post_CE,legislation,75,FAQ025,1,0.013333333333333334,0.5
DEV,pre_CE,legislation,10,FAQ028,1,0.0,0.0
DEV,pre_CE,legislation,20,FAQ028,1,0.0,0.0
DEV,pre_CE,legislation,30,FAQ028,1,0.0,0.0
DEV,pre_CE,legislation,40,FAQ028,1,0.0,0.0
DEV,pre_CE,legislation,50,FAQ028,1,0.0,0.0
DEV,pre_CE,legislation,60,FAQ028,1,0.0,0.0
DEV,pre_CE,legislation,70,FAQ028,1,0.014285714285714285,0.16730017881017412
DEV,pre_CE,legislation,75,FAQ028,1,0.013333333333333334,0.16730017881017412
DEV,post_CE,legislation,10,FAQ028,1,0.0,0.0
DEV,post_CE,legislation,20,FAQ028,1,0.0,0.0
DEV,post_CE,legislation,30,FAQ028,1,0.0,0.0
DEV,post_CE,legislation,40,FAQ028,1,0.025,0.1905514124267734
DEV,post_CE,legislation,50,FAQ028,1,0.02,0.1905514124267734
DEV,post_CE,legislation,60,FAQ028,1,0.016666666666666666,0.1905514124267734
DEV,post_CE,legislation,70,FAQ028,1,0.014285714285714285,0.1905514124267734
DEV,post_CE,legislation,75,FAQ028,1,0.013333333333333334,0.1905514124267734
DEV,pre_CE,legislation,10,FAQ031,1,0.0,0.0
DEV,pre_CE,legislation,20,FAQ031,1,0.05,0.2559580248098155
DEV,pre_CE,legislation,30,FAQ031,1,0.03333333333333333,0.2559580248098155
DEV,pre_CE,legislation,40,FAQ031,1,0.025,0.2559580248098155
DEV,pre_CE,legislation,50,FAQ031,1,0.02,0.2559580248098155
DEV,pre_CE,legislation,60,FAQ031,1,0.016666666666666666,0.2559580248098155
DEV,pre_CE,legislation,70,FAQ031,1,0.014285714285714285,0.2559580248098155
DEV,pre_CE,legislation,75,FAQ031,1,0.013333333333333334,0.2559580248098155
DEV,post_CE,legislation,10,FAQ031,1,0.0,0.0
DEV,post_CE,legislation,20,FAQ031,1,0.05,0.2559580248098155
DEV,post_CE,legislation,30,FAQ031,1,0.03333333333333333,0.2559580248098155
DEV,post_CE,legislation,40,FAQ031,1,0.025,0.2559580248098155
DEV,post_CE,legislation,50,FAQ031,1,0.02,0.2559580248098155
DEV,post_CE,legislation,60,FAQ031,1,0.016666666666666666,0.2559580248098155
DEV,post_CE,legislation,70,FAQ031,1,0.014285714285714285,0.2559580248098155
DEV,post_CE,legislation,75,FAQ031,1,0.013333333333333334,0.2559580248098155
DEV,pre_CE,legislation,10,FAQ036,1,0.1,0.38685280723454163
DEV,pre_CE,legislation,20,FAQ036,1,0.05,0.38685280723454163
DEV,pre_CE,legislation,30,FAQ036,1,0.03333333333333333,0.38685280723454163
DEV,pre_CE,legislation,40,FAQ036,1,0.025,0.38685280723454163
DEV,pre_CE,legislation,50,FAQ036,1,0.02,0.38685280723454163
DEV,pre_CE,legislation,60,FAQ036,1,0.016666666666666666,0.38685280723454163
DEV,pre_CE,legislation,70,FAQ036,1,0.014285714285714285,0.38685280723454163
DEV,pre_CE,legislation,75,FAQ036,1,0.013333333333333334,0.38685280723454163
DEV,post_CE,legislation,10,FAQ036,1,0.1,0.31546487678572877
DEV,post_CE,legislation,20,FAQ036,1,0.05,0.31546487678572877
DEV,post_CE,legislation,30,FAQ036,1,0.03333333333333333,0.31546487678572877
DEV,post_CE,legislation,40,FAQ036,1,0.025,0.31546487678572877
DEV,post_CE,legislation,50,FAQ036,1,0.02,0.31546487678572877
DEV,post_CE,legislation,60,FAQ036,1,0.016666666666666666,0.31546487678572877
DEV,post_CE,legislation,70,FAQ036,1,0.014285714285714285,0.31546487678572877
DEV,post_CE,legislation,75,FAQ036,1,0.013333333333333334,0.31546487678572877
DEV,pre_CE,legislation,10,FAQ038,1,0.1,1.0
DEV,pre_CE,legislation,20,FAQ038,1,0.05,1.0
DEV,pre_CE,legislation,30,FAQ038,1,0.03333333333333333,1.0
DEV,pre_CE,legislation,40,FAQ038,1,0.025,1.0
DEV,pre_CE,legislation,50,FAQ038,1,0.02,1.0
DEV,pre_CE,legislation,60,FAQ038,1,0.016666666666666666,1.0
DEV,pre_CE,legislation,70,FAQ038,1,0.014285714285714285,1.0
DEV,pre_CE,legislation,75,FAQ038,1,0.013333333333333334,1.0
DEV,post_CE,legislation,10,FAQ038,1,0.1,1.0
DEV,post_CE,legislation,20,FAQ038,1,0.05,1.0
DEV,post_CE,legislation,30,FAQ038,1,0.03333333333333333,1.0
DEV,post_CE,legislation,40,FAQ038,1,0.025,1.0
DEV,post_CE,legislation,50,FAQ038,1,0.02,1.0
DEV,post_CE,legislation,60,FAQ038,1,0.016666666666666666,1.0
DEV,post_CE,legislation,70,FAQ038,1,0.014285714285714285,1.0
DEV,post_CE,legislation,75,FAQ038,1,0.013333333333333334,1.0
DEV,pre_CE,legislation,10,FAQ040,1,0.1,1.0
DEV,pre_CE,legislation,20,FAQ040,1,0.05,1.0
DEV,pre_CE,legislation,30,FAQ040,1,0.03333333333333333,1.0
DEV,pre_CE,legislation,40,FAQ040,1,0.025,1.0
DEV,pre_CE,legislation,50,FAQ040,1,0.02,1.0
DEV,pre_CE,legislation,60,FAQ040,1,0.016666666666666666,1.0
DEV,pre_CE,legislation,70,FAQ040,1,0.014285714285714285,1.0
DEV,pre_CE,legislation,75,FAQ040,1,0.013333333333333334,1.0
DEV,post_CE,legislation,10,FAQ040,1,0.1,1.0
DEV,post_CE,legislation,20,FAQ040,1,0.05,1.0
DEV,post_CE,legislation,30,FAQ040,1,0.03333333333333333,1.0
DEV,post_CE,legislation,40,FAQ040,1,0.025,1.0
DEV,post_CE,legislation,50,FAQ040,1,0.02,1.0
DEV,post_CE,legislation,60,FAQ040,1,0.016666666666666666,1.0
DEV,post_CE,legislation,70,FAQ040,1,0.014285714285714285,1.0
DEV,post_CE,legislation,75,FAQ040,1,0.013333333333333334,1.0
DEV,pre_CE,legislation,10,FAQ042,2,0.1,0.38685280723454163
DEV,pre_CE,legislation,20,FAQ042,2,0.05,0.38685280723454163
DEV,pre_CE,legislation,30,FAQ042,2,0.03333333333333333,0.38685280723454163
DEV,pre_CE,legislation,40,FAQ042,2,0.05,0.5073740202434932
DEV,pre_CE,legislation,50,FAQ042,2,0.04,0.5073740202434932
DEV,pre_CE,legislation,60,FAQ042,2,0.03333333333333333,0.5073740202434932
DEV,pre_CE,legislation,70,FAQ042,2,0.02857142857142857,0.5073740202434932
DEV,pre_CE,legislation,75,FAQ042,2,0.02666666666666667,0.5073740202434932
DEV,post_CE,legislation,10,FAQ042,2,0.1,0.23719771276929622
DEV,post_CE,legislation,20,FAQ042,2,0.1,0.4082307968370143
DEV,post_CE,legislation,30,FAQ042,2,0.06666666666666667,0.4082307968370143
DEV,post_CE,legislation,40,FAQ042,2,0.05,0.4082307968370143
DEV,post_CE,legislation,50,FAQ042,2,0.04,0.4082307968370143
DEV,post_CE,legislation,60,FAQ042,2,0.03333333333333333,0.4082307968370143
DEV,post_CE,legislation,70,FAQ042,2,0.02857142857142857,0.4082307968370143
DEV,post_CE,legislation,75,FAQ042,2,0.02666666666666667,0.4082307968370143
DEV,pre_CE,legislation,10,FAQ043,1,0.1,1.0
DEV,pre_CE,legislation,20,FAQ043,1,0.05,1.0
DEV,pre_CE,legislation,30,FAQ043,1,0.03333333333333333,1.0
DEV,pre_CE,legislation,40,FAQ043,1,0.025,1.0
DEV,pre_CE,legislation,50,FAQ043,1,0.02,1.0
DEV,pre_CE,legislation,60,FAQ043,1,0.016666666666666666,1.0
DEV,pre_CE,legislation,70,FAQ043,1,0.014285714285714285,1.0
DEV,pre_CE,legislation,75,FAQ043,1,0.013333333333333334,1.0
DEV,post_CE,legislation,10,FAQ043,1,0.1,0.3562071871080222
DEV,post_CE,legislation,20,FAQ043,1,0.05,0.3562071871080222
DEV,post_CE,legislation,30,FAQ043,1,0.03333333333333333,0.3562071871080222
DEV,post_CE,legislation,40,FAQ043,1,0.025,0.3562071871080222
DEV,post_CE,legislation,50,FAQ043,1,0.02,0.3562071871080222
DEV,post_CE,legislation,60,FAQ043,1,0.016666666666666666,0.3562071871080222
DEV,post_CE,legislation,70,FAQ043,1,0.014285714285714285,0.3562071871080222
DEV,post_CE,legislation,75,FAQ043,1,0.013333333333333334,0.3562071871080222
DEV,pre_CE,legislation,10,FAQ045,1,0.1,0.31546487678572877
DEV,pre_CE,legislation,20,FAQ045,1,0.05,0.31546487678572877
DEV,pre_CE,legislation,30,FAQ045,1,0.03333333333333333,0.31546487678572877
DEV,pre_CE,legislation,40,FAQ045,1,0.025,0.31546487678572877
DEV,pre_CE,legislation,50,FAQ045,1,0.02,0.31546487678572877
DEV,pre_CE,legislation,60,FAQ045,1,0.016666666666666666,0.31546487678572877
DEV,pre_CE,legislation,70,FAQ045,1,0.014285714285714285,0.31546487678572877
DEV,pre_CE,legislation,75,FAQ045,1,0.013333333333333334,0.31546487678572877
DEV,post_CE,legislation,10,FAQ045,1,0.1,0.3010299956639812
DEV,post_CE,legislation,20,FAQ045,1,0.05,0.3010299956639812
DEV,post_CE,legislation,30,FAQ045,1,0.03333333333333333,0.3010299956639812
DEV,post_CE,legislation,40,FAQ045,1,0.025,0.3010299956639812
DEV,post_CE,legislation,50,FAQ045,1,0.02,0.3010299956639812
DEV,post_CE,legislation,60,FAQ045,1,0.016666666666666666,0.3010299956639812
DEV,post_CE,legislation,70,FAQ045,1,0.014285714285714285,0.3010299956639812
DEV,post_CE,legislation,75,FAQ045,1,0.013333333333333334,0.3010299956639812
DEV,pre_CE,legislation,10,FAQ046,1,0.1,1.0
DEV,pre_CE,legislation,20,FAQ046,1,0.05,1.0
DEV,pre_CE,legislation,30,FAQ046,1,0.03333333333333333,1.0
DEV,pre_CE,legislation,40,FAQ046,1,0.025,1.0
DEV,pre_CE,legislation,50,FAQ046,1,0.02,1.0
DEV,pre_CE,legislation,60,FAQ046,1,0.016666666666666666,1.0
DEV,pre_CE,legislation,70,FAQ046,1,0.014285714285714285,1.0
DEV,pre_CE,legislation,75,FAQ046,1,0.013333333333333334,1.0
DEV,post_CE,legislation,10,FAQ046,1,0.1,1.0
DEV,post_CE,legislation,20,FAQ046,1,0.05,1.0
DEV,post_CE,legislation,30,FAQ046,1,0.03333333333333333,1.0
DEV,post_CE,legislation,40,FAQ046,1,0.025,1.0
DEV,post_CE,legislation,50,FAQ046,1,0.02,1.0
DEV,post_CE,legislation,60,FAQ046,1,0.016666666666666666,1.0
DEV,post_CE,legislation,70,FAQ046,1,0.014285714285714285,1.0
DEV,post_CE,legislation,75,FAQ046,1,0.013333333333333334,1.0
DEV,pre_CE,legislation,10,FAQ051,1,0.0,0.0
DEV,pre_CE,legislation,20,FAQ051,1,0.0,0.0
DEV,pre_CE,legislation,30,FAQ051,1,0.0,0.0
DEV,pre_CE,legislation,40,FAQ051,1,0.0,0.0
DEV,pre_CE,legislation,50,FAQ051,1,0.0,0.0
DEV,pre_CE,legislation,60,FAQ051,1,0.0,0.0
DEV,pre_CE,legislation,70,FAQ051,1,0.014285714285714285,0.16604764621593782
DEV,pre_CE,legislation,75,FAQ051,1,0.013333333333333334,0.16604764621593782
DEV,post_CE,legislation,10,FAQ051,1,0.1,0.5
DEV,post_CE,legislation,20,FAQ051,1,0.05,0.5
DEV,post_CE,legislation,30,FAQ051,1,0.03333333333333333,0.5
DEV,post_CE,legislation,40,FAQ051,1,0.025,0.5
DEV,post_CE,legislation,50,FAQ051,1,0.02,0.5
DEV,post_CE,legislation,60,FAQ051,1,0.016666666666666666,0.5
DEV,post_CE,legislation,70,FAQ051,1,0.014285714285714285,0.5
DEV,post_CE,legislation,75,FAQ051,1,0.013333333333333334,0.5
DEV,pre_CE,legislation,10,FAQ052,1,0.1,0.38685280723454163
DEV,pre_CE,legislation,20,FAQ052,1,0.05,0.38685280723454163
DEV,pre_CE,legislation,30,FAQ052,1,0.03333333333333333,0.38685280723454163
DEV,pre_CE,legislation,40,FAQ052,1,0.025,0.38685280723454163
DEV,pre_CE,legislation,50,FAQ052,1,0.02,0.38685280723454163
DEV,pre_CE,legislation,60,FAQ052,1,0.016666666666666666,0.38685280723454163
DEV,pre_CE,legislation,70,FAQ052,1,0.014285714285714285,0.38685280723454163
DEV,pre_CE,legislation,75,FAQ052,1,0.013333333333333334,0.38685280723454163
DEV,post_CE,legislation,10,FAQ052,1,0.1,1.0
DEV,post_CE,legislation,20,FAQ052,1,0.05,1.0
DEV,post_CE,legislation,30,FAQ052,1,0.03333333333333333,1.0
DEV,post_CE,legislation,40,FAQ052,1,0.025,1.0
DEV,post_CE,legislation,50,FAQ052,1,0.02,1.0
DEV,post_CE,legislation,60,FAQ052,1,0.016666666666666666,1.0
DEV,post_CE,legislation,70,FAQ052,1,0.014285714285714285,1.0
DEV,post_CE,legislation,75,FAQ052,1,0.013333333333333334,1.0
DEV,pre_CE,legislation,10,FAQ053,1,0.0,0.0
DEV,pre_CE,legislation,20,FAQ053,1,0.05,0.23540891336663824
DEV,pre_CE,legislation,30,FAQ053,1,0.03333333333333333,0.23540891336663824
DEV,pre_CE,legislation,40,FAQ053,1,0.025,0.23540891336663824
DEV,pre_CE,legislation,50,FAQ053,1,0.02,0.23540891336663824
DEV,pre_CE,legislation,60,FAQ053,1,0.016666666666666666,0.23540891336663824
DEV,pre_CE,legislation,70,FAQ053,1,0.014285714285714285,0.23540891336663824
DEV,pre_CE,legislation,75,FAQ053,1,0.013333333333333334,0.23540891336663824
DEV,post_CE,legislation,10,FAQ053,1,0.1,1.0
DEV,post_CE,legislation,20,FAQ053,1,0.05,1.0
DEV,post_CE,legislation,30,FAQ053,1,0.03333333333333333,1.0
DEV,post_CE,legislation,40,FAQ053,1,0.025,1.0
DEV,post_CE,legislation,50,FAQ053,1,0.02,1.0
DEV,post_CE,legislation,60,FAQ053,1,0.016666666666666666,1.0
DEV,post_CE,legislation,70,FAQ053,1,0.014285714285714285,1.0
DEV,post_CE,legislation,75,FAQ053,1,0.013333333333333334,1.0
DEV,pre_CE,legislation,10,FAQ054,1,0.0,0.0
DEV,pre_CE,legislation,20,FAQ054,1,0.0,0.0
DEV,pre_CE,legislation,30,FAQ054,1,0.0,0.0
DEV,pre_CE,legislation,40,FAQ054,1,0.0,0.0
DEV,pre_CE,legislation,50,FAQ054,1,0.0,0.0
DEV,pre_CE,legislation,60,FAQ054,1,0.0,0.0
DEV,pre_CE,legislation,70,FAQ054,1,0.0,0.0
DEV,pre_CE,legislation,75,FAQ054,1,0.013333333333333334,0.16207652439312228
DEV,post_CE,legislation,10,FAQ054,1,0.1,1.0
DEV,post_CE,legislation,20,FAQ054,1,0.05,1.0
DEV,post_CE,legislation,30,FAQ054,1,0.03333333333333333,1.0
DEV,post_CE,legislation,40,FAQ054,1,0.025,1.0
DEV,post_CE,legislation,50,FAQ054,1,0.02,1.0
DEV,post_CE,legislation,60,FAQ054,1,0.016666666666666666,1.0
DEV,post_CE,legislation,70,FAQ054,1,0.014285714285714285,1.0
DEV,post_CE,legislation,75,FAQ054,1,0.013333333333333334,1.0
DEV,pre_CE,legislation,10,FAQ055,1,0.0,0.0
DEV,pre_CE,legislation,20,FAQ055,1,0.0,0.0
DEV,pre_CE,legislation,30,FAQ055,1,0.0,0.0
DEV,pre_CE,legislation,40,FAQ055,1,0.0,0.0
DEV,pre_CE,legislation,50,FAQ055,1,0.0,0.0
DEV,pre_CE,legislation,60,FAQ055,1,0.0,0.0
DEV,pre_CE,legislation,70,FAQ055,1,0.0,0.0
DEV,pre_CE,legislation,75,FAQ055,1,0.0,0.0
DEV,post_CE,legislation,10,FAQ055,1,0.0,0.0
DEV,post_CE,legislation,20,FAQ055,1,0.0,0.0
DEV,post_CE,legislation,30,FAQ055,1,0.0,0.0
DEV,post_CE,legislation,40,FAQ055,1,0.0,0.0
DEV,post_CE,legislation,50,FAQ055,1,0.0,0.0
DEV,post_CE,legislation,60,FAQ055,1,0.0,0.0
DEV,post_CE,legislation,70,FAQ055,1,0.0,0.0
DEV,post_CE,legislation,75,FAQ055,1,0.0,0.0
DEV,pre_CE,legislation,10,FAQ058,1,0.0,0.0
DEV,pre_CE,legislation,20,FAQ058,1,0.0,0.0
DEV,pre_CE,legislation,30,FAQ058,1,0.0,0.0
DEV,pre_CE,legislation,40,FAQ058,1,0.0,0.0
DEV,pre_CE,legislation,50,FAQ058,1,0.0,0.0
DEV,pre_CE,legislation,60,FAQ058,1,0.0,0.0
DEV,pre_CE,legislation,70,FAQ058,1,0.0,0.0
DEV,pre_CE,legislation,75,FAQ058,1,0.0,0.0
DEV,post_CE,legislation,10,FAQ058,1,0.0,0.0
DEV,post_CE,legislation,20,FAQ058,1,0.0,0.0
DEV,post_CE,legislation,30,FAQ058,1,0.0,0.0
DEV,post_CE,legislation,40,FAQ058,1,0.0,0.0
DEV,post_CE,legislation,50,FAQ058,1,0.0,0.0
DEV,post_CE,legislation,60,FAQ058,1,0.0,0.0
DEV,post_CE,legislation,70,FAQ058,1,0.0,0.0
DEV,post_CE,legislation,75,FAQ058,1,0.0,0.0
DEV,pre_CE,legislation,10,FAQ059,1,0.1,0.3010299956639812
DEV,pre_CE,legislation,20,FAQ059,1,0.05,0.3010299956639812
DEV,pre_CE,legislation,30,FAQ059,1,0.03333333333333333,0.3010299956639812
DEV,pre_CE,legislation,40,FAQ059,1,0.025,0.3010299956639812
DEV,pre_CE,legislation,50,FAQ059,1,0.02,0.3010299956639812
DEV,pre_CE,legislation,60,FAQ059,1,0.016666666666666666,0.3010299956639812
DEV,pre_CE,legislation,70,FAQ059,1,0.014285714285714285,0.3010299956639812
DEV,pre_CE,legislation,75,FAQ059,1,0.013333333333333334,0.3010299956639812
DEV,post_CE,legislation,10,FAQ059,1,0.0,0.0
DEV,post_CE,legislation,20,FAQ059,1,0.0,0.0
DEV,post_CE,legislation,30,FAQ059,1,0.0,0.0
DEV,post_CE,legislation,40,FAQ059,1,0.0,0.0
DEV,post_CE,legislation,50,FAQ059,1,0.0,0.0
DEV,post_CE,legislation,60,FAQ059,1,0.016666666666666666,0.17458343004804494
DEV,post_CE,legislation,70,FAQ059,1,0.014285714285714285,0.17458343004804494
DEV,post_CE,legislation,75,FAQ059,1,0.013333333333333334,0.17458343004804494
DEV,pre_CE,legislation,10,FAQ063,1,0.0,0.0
DEV,pre_CE,legislation,20,FAQ063,1,0.05,0.27894294565112987
DEV,pre_CE,legislation,30,FAQ063,1,0.03333333333333333,0.27894294565112987
DEV,pre_CE,legislation,40,FAQ063,1,0.025,0.27894294565112987
DEV,pre_CE,legislation,50,FAQ063,1,0.02,0.27894294565112987
DEV,pre_CE,legislation,60,FAQ063,1,0.016666666666666666,0.27894294565112987
DEV,pre_CE,legislation,70,FAQ063,1,0.014285714285714285,0.27894294565112987
DEV,pre_CE,legislation,75,FAQ063,1,0.013333333333333334,0.27894294565112987
DEV,post_CE,legislation,10,FAQ063,1,0.0,0.0
DEV,post_CE,legislation,20,FAQ063,1,0.0,0.0
DEV,post_CE,legislation,30,FAQ063,1,0.0,0.0
DEV,post_CE,legislation,40,FAQ063,1,0.025,0.18665241123894338
DEV,post_CE,legislation,50,FAQ063,1,0.02,0.18665241123894338
DEV,post_CE,legislation,60,FAQ063,1,0.016666666666666666,0.18665241123894338
DEV,post_CE,legislation,70,FAQ063,1,0.014285714285714285,0.18665241123894338
DEV,post_CE,legislation,75,FAQ063,1,0.013333333333333334,0.18665241123894338
DEV,pre_CE,legislation,10,FAQ070,1,0.0,0.0
DEV,pre_CE,legislation,20,FAQ070,1,0.0,0.0
DEV,pre_CE,legislation,30,FAQ070,1,0.03333333333333333,0.21533827903669653
DEV,pre_CE,legislation,40,FAQ070,1,0.025,0.21533827903669653
DEV,pre_CE,legislation,50,FAQ070,1,0.02,0.21533827903669653
DEV,pre_CE,legislation,60,FAQ070,1,0.016666666666666666,0.21533827903669653
DEV,pre_CE,legislation,70,FAQ070,1,0.014285714285714285,0.21533827903669653
DEV,pre_CE,legislation,75,FAQ070,1,0.013333333333333334,0.21533827903669653
DEV,post_CE,legislation,10,FAQ070,1,0.1,0.31546487678572877
DEV,post_CE,legislation,20,FAQ070,1,0.05,0.31546487678572877
DEV,post_CE,legislation,30,FAQ070,1,0.03333333333333333,0.31546487678572877
DEV,post_CE,legislation,40,FAQ070,1,0.025,0.31546487678572877
DEV,post_CE,legislation,50,FAQ070,1,0.02,0.31546487678572877
DEV,post_CE,legislation,60,FAQ070,1,0.016666666666666666,0.31546487678572877
DEV,post_CE,legislation,70,FAQ070,1,0.014285714285714285,0.31546487678572877
DEV,post_CE,legislation,75,FAQ070,1,0.013333333333333334,0.31546487678572877
DEV,pre_CE,legislation,10,FAQ075,1,0.0,0.0
DEV,pre_CE,legislation,20,FAQ075,1,0.05,0.2559580248098155
DEV,pre_CE,legislation,30,FAQ075,1,0.03333333333333333,0.2559580248098155
DEV,pre_CE,legislation,40,FAQ075,1,0.025,0.2559580248098155
DEV,pre_CE,legislation,50,FAQ075,1,0.02,0.2559580248098155
DEV,pre_CE,legislation,60,FAQ075,1,0.016666666666666666,0.2559580248098155
DEV,pre_CE,legislation,70,FAQ075,1,0.014285714285714285,0.2559580248098155
DEV,pre_CE,legislation,75,FAQ075,1,0.013333333333333334,0.2559580248098155
DEV,post_CE,legislation,10,FAQ075,1,0.0,0.0
DEV,post_CE,legislation,20,FAQ075,1,0.05,0.24465054211822604
DEV,post_CE,legislation,30,FAQ075,1,0.03333333333333333,0.24465054211822604
DEV,post_CE,legislation,40,FAQ075,1,0.025,0.24465054211822604
DEV,post_CE,legislation,50,FAQ075,1,0.02,0.24465054211822604
DEV,post_CE,legislation,60,FAQ075,1,0.016666666666666666,0.24465054211822604
DEV,post_CE,legislation,70,FAQ075,1,0.014285714285714285,0.24465054211822604
DEV,post_CE,legislation,75,FAQ075,1,0.013333333333333334,0.24465054211822604
DEV,pre_CE,legislation,10,FAQ078,1,0.0,0.0
DEV,pre_CE,legislation,20,FAQ078,1,0.05,0.23981246656813146
DEV,pre_CE,legislation,30,FAQ078,1,0.03333333333333333,0.23981246656813146
DEV,pre_CE,legislation,40,FAQ078,1,0.025,0.23981246656813146
DEV,pre_CE,legislation,50,FAQ078,1,0.02,0.23981246656813146
DEV,pre_CE,legislation,60,FAQ078,1,0.016666666666666666,0.23981246656813146
DEV,pre_CE,legislation,70,FAQ078,1,0.014285714285714285,0.23981246656813146
DEV,pre_CE,legislation,75,FAQ078,1,0.013333333333333334,0.23981246656813146
DEV,post_CE,legislation,10,FAQ078,1,0.0,0.0
DEV,post_CE,legislation,20,FAQ078,1,0.05,0.24465054211822604
DEV,post_CE,legislation,30,FAQ078,1,0.03333333333333333,0.24465054211822604
DEV,post_CE,legislation,40,FAQ078,1,0.025,0.24465054211822604
DEV,post_CE,legislation,50,FAQ078,1,0.02,0.24465054211822604
DEV,post_CE,legislation,60,FAQ078,1,0.016666666666666666,0.24465054211822604
DEV,post_CE,legislation,70,FAQ078,1,0.014285714285714285,0.24465054211822604
DEV,post_CE,legislation,75,FAQ078,1,0.013333333333333334,0.24465054211822604
DEV,pre_CE,legislation,10,FAQ080,1,0.0,0.0
DEV,pre_CE,legislation,20,FAQ080,1,0.05,0.26264953503719357
DEV,pre_CE,legislation,30,FAQ080,1,0.03333333333333333,0.26264953503719357
DEV,pre_CE,legislation,40,FAQ080,1,0.025,0.26264953503719357
DEV,pre_CE,legislation,50,FAQ080,1,0.02,0.26264953503719357
DEV,pre_CE,legislation,60,FAQ080,1,0.016666666666666666,0.26264953503719357
DEV,pre_CE,legislation,70,FAQ080,1,0.014285714285714285,0.26264953503719357
DEV,pre_CE,legislation,75,FAQ080,1,0.013333333333333334,0.26264953503719357
DEV,post_CE,legislation,10,FAQ080,1,0.1,1.0
DEV,post_CE,legislation,20,FAQ080,1,0.05,1.0
DEV,post_CE,legislation,30,FAQ080,1,0.03333333333333333,1.0
DEV,post_CE,legislation,40,FAQ080,1,0.025,1.0
DEV,post_CE,legislation,50,FAQ080,1,0.02,1.0
DEV,post_CE,legislation,60,FAQ080,1,0.016666666666666666,1.0
DEV,post_CE,legislation,70,FAQ080,1,0.014285714285714285,1.0
DEV,post_CE,legislation,75,FAQ080,1,0.013333333333333334,1.0
DEV,pre_CE,legislation,10,FAQ081,1,0.0,0.0
DEV,pre_CE,legislation,20,FAQ081,1,0.05,0.24465054211822604
DEV,pre_CE,legislation,30,FAQ081,1,0.03333333333333333,0.24465054211822604
DEV,pre_CE,legislation,40,FAQ081,1,0.025,0.24465054211822604
DEV,pre_CE,legislation,50,FAQ081,1,0.02,0.24465054211822604
DEV,pre_CE,legislation,60,FAQ081,1,0.016666666666666666,0.24465054211822604
DEV,pre_CE,legislation,70,FAQ081,1,0.014285714285714285,0.24465054211822604
DEV,pre_CE,legislation,75,FAQ081,1,0.013333333333333334,0.24465054211822604
DEV,post_CE,legislation,10,FAQ081,1,0.1,0.31546487678572877
DEV,post_CE,legislation,20,FAQ081,1,0.05,0.31546487678572877
DEV,post_CE,legislation,30,FAQ081,1,0.03333333333333333,0.31546487678572877
DEV,post_CE,legislation,40,FAQ081,1,0.025,0.31546487678572877
DEV,post_CE,legislation,50,FAQ081,1,0.02,0.31546487678572877
DEV,post_CE,legislation,60,FAQ081,1,0.016666666666666666,0.31546487678572877
DEV,post_CE,legislation,70,FAQ081,1,0.014285714285714285,0.31546487678572877
DEV,post_CE,legislation,75,FAQ081,1,0.013333333333333334,0.31546487678572877
DEV,pre_CE,legislation,10,EXP_PPN002,1,0.0,0.0
DEV,pre_CE,legislation,20,EXP_PPN002,1,0.0,0.0
DEV,pre_CE,legislation,30,EXP_PPN002,1,0.03333333333333333,0.22106472945750374
DEV,pre_CE,legislation,40,EXP_PPN002,1,0.025,0.22106472945750374
DEV,pre_CE,legislation,50,EXP_PPN002,1,0.02,0.22106472945750374
DEV,pre_CE,legislation,60,EXP_PPN002,1,0.016666666666666666,0.22106472945750374
DEV,pre_CE,legislation,70,EXP_PPN002,1,0.014285714285714285,0.22106472945750374
DEV,pre_CE,legislation,75,EXP_PPN002,1,0.013333333333333334,0.22106472945750374
DEV,pre_CE,other,10,EXP_PPN002,2,0.0,0.0
DEV,pre_CE,other,20,EXP_PPN002,2,0.0,0.0
DEV,pre_CE,other,30,EXP_PPN002,2,0.0,0.0
DEV,pre_CE,other,40,EXP_PPN002,2,0.0,0.0
DEV,pre_CE,other,50,EXP_PPN002,2,0.0,0.0
DEV,pre_CE,other,60,EXP_PPN002,2,0.03333333333333333,0.2122300745864155
DEV,pre_CE,other,70,EXP_PPN002,2,0.02857142857142857,0.2122300745864155
DEV,pre_CE,other,75,EXP_PPN002,2,0.02666666666666667,0.2122300745864155
DEV,post_CE,legislation,10,EXP_PPN002,1,0.0,0.0
DEV,post_CE,legislation,20,EXP_PPN002,1,0.05,0.23137821315975915
DEV,post_CE,legislation,30,EXP_PPN002,1,0.03333333333333333,0.23137821315975915
DEV,post_CE,legislation,40,EXP_PPN002,1,0.025,0.23137821315975915
DEV,post_CE,legislation,50,EXP_PPN002,1,0.02,0.23137821315975915
DEV,post_CE,legislation,60,EXP_PPN002,1,0.016666666666666666,0.23137821315975915
DEV,post_CE,legislation,70,EXP_PPN002,1,0.014285714285714285,0.23137821315975915
DEV,post_CE,legislation,75,EXP_PPN002,1,0.013333333333333334,0.23137821315975915
DEV,post_CE,other,10,EXP_PPN002,2,0.1,0.38685280723454163
DEV,post_CE,other,20,EXP_PPN002,2,0.05,0.38685280723454163
DEV,post_CE,other,30,EXP_PPN002,2,0.06666666666666667,0.5130672146973186
DEV,post_CE,other,40,EXP_PPN002,2,0.05,0.5130672146973186
DEV,post_CE,other,50,EXP_PPN002,2,0.04,0.5130672146973186
DEV,post_CE,other,60,EXP_PPN002,2,0.03333333333333333,0.5130672146973186
DEV,post_CE,other,70,EXP_PPN002,2,0.02857142857142857,0.5130672146973186
DEV,post_CE,other,75,EXP_PPN002,2,0.02666666666666667,0.5130672146973186
DEV,pre_CE,other,10,EXP_PPN004,2,0.2,0.8503449055347546
DEV,pre_CE,other,20,EXP_PPN004,2,0.1,0.8503449055347546
DEV,pre_CE,other,30,EXP_PPN004,2,0.06666666666666667,0.8503449055347546
DEV,pre_CE,other,40,EXP_PPN004,2,0.05,0.8503449055347546
DEV,pre_CE,other,50,EXP_PPN004,2,0.04,0.8503449055347546
DEV,pre_CE,other,60,EXP_PPN004,2,0.03333333333333333,0.8503449055347546
DEV,pre_CE,other,70,EXP_PPN004,2,0.02857142857142857,0.8503449055347546
DEV,pre_CE,other,75,EXP_PPN004,2,0.02666666666666667,0.8503449055347546
DEV,post_CE,other,10,EXP_PPN004,2,0.2,1.0
DEV,post_CE,other,20,EXP_PPN004,2,0.1,1.0
DEV,post_CE,other,30,EXP_PPN004,2,0.06666666666666667,1.0
DEV,post_CE,other,40,EXP_PPN004,2,0.05,1.0
DEV,post_CE,other,50,EXP_PPN004,2,0.04,1.0
DEV,post_CE,other,60,EXP_PPN004,2,0.03333333333333333,1.0
DEV,post_CE,other,70,EXP_PPN004,2,0.02857142857142857,1.0
DEV,post_CE,other,75,EXP_PPN004,2,0.02666666666666667,1.0
DEV,pre_CE,other,10,EXP_PPN005,2,0.1,0.20438239758848611
DEV,pre_CE,other,20,EXP_PPN005,2,0.1,0.3514227382548962
DEV,pre_CE,other,30,EXP_PPN005,2,0.06666666666666667,0.3514227382548962
DEV,pre_CE,other,40,EXP_PPN005,2,0.05,0.3514227382548962
DEV,pre_CE,other,50,EXP_PPN005,2,0.04,0.3514227382548962
DEV,pre_CE,other,60,EXP_PPN005,2,0.03333333333333333,0.3514227382548962
DEV,pre_CE,other,70,EXP_PPN005,2,0.02857142857142857,0.3514227382548962
DEV,pre_CE,other,75,EXP_PPN005,2,0.02666666666666667,0.3514227382548962
DEV,post_CE,other,10,EXP_PPN005,2,0.1,0.38685280723454163
DEV,post_CE,other,20,EXP_PPN005,2,0.05,0.38685280723454163
DEV,post_CE,other,30,EXP_PPN005,2,0.03333333333333333,0.38685280723454163
DEV,post_CE,other,40,EXP_PPN005,2,0.05,0.5063913842130162
DEV,post_CE,other,50,EXP_PPN005,2,0.04,0.5063913842130162
DEV,post_CE,other,60,EXP_PPN005,2,0.03333333333333333,0.5063913842130162
DEV,post_CE,other,70,EXP_PPN005,2,0.02857142857142857,0.5063913842130162
DEV,post_CE,other,75,EXP_PPN005,2,0.02666666666666667,0.5063913842130162
DEV,pre_CE,legislation,10,EXP_PPN008,1,0.0,0.0
DEV,pre_CE,legislation,20,EXP_PPN008,1,0.0,0.0
DEV,pre_CE,legislation,30,EXP_PPN008,1,0.0,0.0
DEV,pre_CE,legislation,40,EXP_PPN008,1,0.025,0.1949590218937863
DEV,pre_CE,legislation,50,EXP_PPN008,1,0.02,0.1949590218937863
DEV,pre_CE,legislation,60,EXP_PPN008,1,0.016666666666666666,0.1949590218937863
DEV,pre_CE,legislation,70,EXP_PPN008,1,0.014285714285714285,0.1949590218937863
DEV,pre_CE,legislation,75,EXP_PPN008,1,0.013333333333333334,0.1949590218937863
DEV,pre_CE,other,10,EXP_PPN008,3,0.0,0.0
DEV,pre_CE,other,20,EXP_PPN008,3,0.0,0.0
DEV,pre_CE,other,30,EXP_PPN008,3,0.03333333333333333,0.0976168253917686
DEV,pre_CE,other,40,EXP_PPN008,3,0.05,0.1914725705963199
DEV,pre_CE,other,50,EXP_PPN008,3,0.04,0.1914725705963199
DEV,pre_CE,other,60,EXP_PPN008,3,0.03333333333333333,0.1914725705963199
DEV,pre_CE,other,70,EXP_PPN008,3,0.02857142857142857,0.1914725705963199
DEV,pre_CE,other,75,EXP_PPN008,3,0.02666666666666667,0.1914725705963199
DEV,post_CE,legislation,10,EXP_PPN008,1,0.1,0.38685280723454163
DEV,post_CE,legislation,20,EXP_PPN008,1,0.05,0.38685280723454163
DEV,post_CE,legislation,30,EXP_PPN008,1,0.03333333333333333,0.38685280723454163
DEV,post_CE,legislation,40,EXP_PPN008,1,0.025,0.38685280723454163
DEV,post_CE,legislation,50,EXP_PPN008,1,0.02,0.38685280723454163
DEV,post_CE,legislation,60,EXP_PPN008,1,0.016666666666666666,0.38685280723454163
DEV,post_CE,legislation,70,EXP_PPN008,1,0.014285714285714285,0.38685280723454163
DEV,post_CE,legislation,75,EXP_PPN008,1,0.013333333333333334,0.38685280723454163
DEV,post_CE,other,10,EXP_PPN008,3,0.1,0.13565197343244778
DEV,post_CE,other,20,EXP_PPN008,3,0.05,0.13565197343244778
DEV,post_CE,other,30,EXP_PPN008,3,0.03333333333333333,0.13565197343244778
DEV,post_CE,other,40,EXP_PPN008,3,0.05,0.2271420948534065
DEV,post_CE,other,50,EXP_PPN008,3,0.04,0.2271420948534065
DEV,post_CE,other,60,EXP_PPN008,3,0.03333333333333333,0.2271420948534065
DEV,post_CE,other,70,EXP_PPN008,3,0.02857142857142857,0.2271420948534065
DEV,post_CE,other,75,EXP_PPN008,3,0.02666666666666667,0.2271420948534065
DEV,pre_CE,legislation,10,EXP_REG001,1,0.1,0.3010299956639812
DEV,pre_CE,legislation,20,EXP_REG001,1,0.05,0.3010299956639812
DEV,pre_CE,legislation,30,EXP_REG001,1,0.03333333333333333,0.3010299956639812
DEV,pre_CE,legislation,40,EXP_REG001,1,0.025,0.3010299956639812
DEV,pre_CE,legislation,50,EXP_REG001,1,0.02,0.3010299956639812
DEV,pre_CE,legislation,60,EXP_REG001,1,0.016666666666666666,0.3010299956639812
DEV,pre_CE,legislation,70,EXP_REG001,1,0.014285714285714285,0.3010299956639812
DEV,pre_CE,legislation,75,EXP_REG001,1,0.013333333333333334,0.3010299956639812
DEV,pre_CE,other,10,EXP_REG001,1,0.1,1.0
DEV,pre_CE,other,20,EXP_REG001,1,0.05,1.0
DEV,pre_CE,other,30,EXP_REG001,1,0.03333333333333333,1.0
DEV,pre_CE,other,40,EXP_REG001,1,0.025,1.0
DEV,pre_CE,other,50,EXP_REG001,1,0.02,1.0
DEV,pre_CE,other,60,EXP_REG001,1,0.016666666666666666,1.0
DEV,pre_CE,other,70,EXP_REG001,1,0.014285714285714285,1.0
DEV,pre_CE,other,75,EXP_REG001,1,0.013333333333333334,1.0
DEV,post_CE,legislation,10,EXP_REG001,1,0.0,0.0
DEV,post_CE,legislation,20,EXP_REG001,1,0.0,0.0
DEV,post_CE,legislation,30,EXP_REG001,1,0.03333333333333333,0.21810429198553155
DEV,post_CE,legislation,40,EXP_REG001,1,0.025,0.21810429198553155
DEV,post_CE,legislation,50,EXP_REG001,1,0.02,0.21810429198553155
DEV,post_CE,legislation,60,EXP_REG001,1,0.016666666666666666,0.21810429198553155
DEV,post_CE,legislation,70,EXP_REG001,1,0.014285714285714285,0.21810429198553155
DEV,post_CE,legislation,75,EXP_REG001,1,0.013333333333333334,0.21810429198553155
DEV,post_CE,other,10,EXP_REG001,1,0.1,0.5
DEV,post_CE,other,20,EXP_REG001,1,0.05,0.5
DEV,post_CE,other,30,EXP_REG001,1,0.03333333333333333,0.5
DEV,post_CE,other,40,EXP_REG001,1,0.025,0.5
DEV,post_CE,other,50,EXP_REG001,1,0.02,0.5
DEV,post_CE,other,60,EXP_REG001,1,0.016666666666666666,0.5
DEV,post_CE,other,70,EXP_REG001,1,0.014285714285714285,0.5
DEV,post_CE,other,75,EXP_REG001,1,0.013333333333333334,0.5
DEV,pre_CE,legislation,10,EXP_REG002,2,0.2,0.5437713091520254
DEV,pre_CE,legislation,20,EXP_REG002,2,0.1,0.5437713091520254
DEV,pre_CE,legislation,30,EXP_REG002,2,0.06666666666666667,0.5437713091520254
DEV,pre_CE,legislation,40,EXP_REG002,2,0.05,0.5437713091520254
DEV,pre_CE,legislation,50,EXP_REG002,2,0.04,0.5437713091520254
DEV,pre_CE,legislation,60,EXP_REG002,2,0.03333333333333333,0.5437713091520254
DEV,pre_CE,legislation,70,EXP_REG002,2,0.02857142857142857,0.5437713091520254
DEV,pre_CE,legislation,75,EXP_REG002,2,0.02666666666666667,0.5437713091520254
DEV,pre_CE,other,10,EXP_REG002,1,0.1,0.43067655807339306
DEV,pre_CE,other,20,EXP_REG002,1,0.05,0.43067655807339306
DEV,pre_CE,other,30,EXP_REG002,1,0.03333333333333333,0.43067655807339306
DEV,pre_CE,other,40,EXP_REG002,1,0.025,0.43067655807339306
DEV,pre_CE,other,50,EXP_REG002,1,0.02,0.43067655807339306
DEV,pre_CE,other,60,EXP_REG002,1,0.016666666666666666,0.43067655807339306
DEV,pre_CE,other,70,EXP_REG002,1,0.014285714285714285,0.43067655807339306
DEV,pre_CE,other,75,EXP_REG002,1,0.013333333333333334,0.43067655807339306
DEV,post_CE,legislation,10,EXP_REG002,2,0.2,0.8175295903539445
DEV,post_CE,legislation,20,EXP_REG002,2,0.1,0.8175295903539445
DEV,post_CE,legislation,30,EXP_REG002,2,0.06666666666666667,0.8175295903539445
DEV,post_CE,legislation,40,EXP_REG002,2,0.05,0.8175295903539445
DEV,post_CE,legislation,50,EXP_REG002,2,0.04,0.8175295903539445
DEV,post_CE,legislation,60,EXP_REG002,2,0.03333333333333333,0.8175295903539445
DEV,post_CE,legislation,70,EXP_REG002,2,0.02857142857142857,0.8175295903539445
DEV,post_CE,legislation,75,EXP_REG002,2,0.02666666666666667,0.8175295903539445
DEV,post_CE,other,10,EXP_REG002,1,0.1,0.3333333333333333
DEV,post_CE,other,20,EXP_REG002,1,0.05,0.3333333333333333
DEV,post_CE,other,30,EXP_REG002,1,0.03333333333333333,0.3333333333333333
DEV,post_CE,other,40,EXP_REG002,1,0.025,0.3333333333333333
DEV,post_CE,other,50,EXP_REG002,1,0.02,0.3333333333333333
DEV,post_CE,other,60,EXP_REG002,1,0.016666666666666666,0.3333333333333333
DEV,post_CE,other,70,EXP_REG002,1,0.014285714285714285,0.3333333333333333
DEV,post_CE,other,75,EXP_REG002,1,0.013333333333333334,0.3333333333333333
DEV,pre_CE,other,10,EXP_REG003,3,0.2,0.6713860725233041
DEV,pre_CE,other,20,EXP_REG003,3,0.1,0.6713860725233041
DEV,pre_CE,other,30,EXP_REG003,3,0.06666666666666667,0.6713860725233041
DEV,pre_CE,other,40,EXP_REG003,3,0.05,0.6713860725233041
DEV,pre_CE,other,50,EXP_REG003,3,0.04,0.6713860725233041
DEV,pre_CE,other,60,EXP_REG003,3,0.03333333333333333,0.6713860725233041
DEV,pre_CE,other,70,EXP_REG003,3,0.02857142857142857,0.6713860725233041
DEV,pre_CE,other,75,EXP_REG003,3,0.02666666666666667,0.6713860725233041
DEV,post_CE,other,10,EXP_REG003,3,0.2,0.6105456988825855
DEV,post_CE,other,20,EXP_REG003,3,0.1,0.6105456988825855
DEV,post_CE,other,30,EXP_REG003,3,0.06666666666666667,0.6105456988825855
DEV,post_CE,other,40,EXP_REG003,3,0.05,0.6105456988825855
DEV,post_CE,other,50,EXP_REG003,3,0.04,0.6105456988825855
DEV,post_CE,other,60,EXP_REG003,3,0.03333333333333333,0.6105456988825855
DEV,post_CE,other,70,EXP_REG003,3,0.02857142857142857,0.6105456988825855
DEV,post_CE,other,75,EXP_REG003,3,0.02666666666666667,0.6105456988825855
DEV,pre_CE,legislation,10,EXP_REG004,2,0.0,0.0
DEV,pre_CE,legislation,20,EXP_REG004,2,0.0,0.0
DEV,pre_CE,legislation,30,EXP_REG004,2,0.0,0.0
DEV,pre_CE,legislation,40,EXP_REG004,2,0.025,0.11444540197406203
DEV,pre_CE,legislation,50,EXP_REG004,2,0.02,0.11444540197406203
DEV,pre_CE,legislation,60,EXP_REG004,2,0.016666666666666666,0.11444540197406203
DEV,pre_CE,legislation,70,EXP_REG004,2,0.014285714285714285,0.11444540197406203
DEV,pre_CE,legislation,75,EXP_REG004,2,0.013333333333333334,0.11444540197406203
DEV,pre_CE,other,10,EXP_REG004,1,0.0,0.0
DEV,pre_CE,other,20,EXP_REG004,1,0.0,0.0
DEV,pre_CE,other,30,EXP_REG004,1,0.0,0.0
DEV,pre_CE,other,40,EXP_REG004,1,0.0,0.0
DEV,pre_CE,other,50,EXP_REG004,1,0.0,0.0
DEV,pre_CE,other,60,EXP_REG004,1,0.0,0.0
DEV,pre_CE,other,70,EXP_REG004,1,0.0,0.0
DEV,pre_CE,other,75,EXP_REG004,1,0.0,0.0
DEV,post_CE,legislation,10,EXP_REG004,2,0.1,0.3065735963827292
DEV,post_CE,legislation,20,EXP_REG004,2,0.05,0.3065735963827292
DEV,post_CE,legislation,30,EXP_REG004,2,0.03333333333333333,0.3065735963827292
DEV,post_CE,legislation,40,EXP_REG004,2,0.025,0.3065735963827292
DEV,post_CE,legislation,50,EXP_REG004,2,0.02,0.3065735963827292
DEV,post_CE,legislation,60,EXP_REG004,2,0.016666666666666666,0.3065735963827292
DEV,post_CE,legislation,70,EXP_REG004,2,0.014285714285714285,0.3065735963827292
DEV,post_CE,legislation,75,EXP_REG004,2,0.013333333333333334,0.3065735963827292
DEV,post_CE,other,10,EXP_REG004,1,0.0,0.0
DEV,post_CE,other,20,EXP_REG004,1,0.0,0.0
DEV,post_CE,other,30,EXP_REG004,1,0.0,0.0
DEV,post_CE,other,40,EXP_REG004,1,0.0,0.0
DEV,post_CE,other,50,EXP_REG004,1,0.0,0.0
DEV,post_CE,other,60,EXP_REG004,1,0.0,0.0
DEV,post_CE,other,70,EXP_REG004,1,0.0,0.0
DEV,post_CE,other,75,EXP_REG004,1,0.0,0.0
DEV,pre_CE,legislation,10,EXP_GUID005,1,0.1,0.6309297535714575
DEV,pre_CE,legislation,20,EXP_GUID005,1,0.05,0.6309297535714575
DEV,pre_CE,legislation,30,EXP_GUID005,1,0.03333333333333333,0.6309297535714575
DEV,pre_CE,legislation,40,EXP_GUID005,1,0.025,0.6309297535714575
DEV,pre_CE,legislation,50,EXP_GUID005,1,0.02,0.6309297535714575
DEV,pre_CE,legislation,60,EXP_GUID005,1,0.016666666666666666,0.6309297535714575
DEV,pre_CE,legislation,70,EXP_GUID005,1,0.014285714285714285,0.6309297535714575
DEV,pre_CE,legislation,75,EXP_GUID005,1,0.013333333333333334,0.6309297535714575
DEV,pre_CE,other,10,EXP_GUID005,1,0.0,0.0
DEV,pre_CE,other,20,EXP_GUID005,1,0.0,0.0
DEV,pre_CE,other,30,EXP_GUID005,1,0.0,0.0
DEV,pre_CE,other,40,EXP_GUID005,1,0.025,0.18665241123894338
DEV,pre_CE,other,50,EXP_GUID005,1,0.02,0.18665241123894338
DEV,pre_CE,other,60,EXP_GUID005,1,0.016666666666666666,0.18665241123894338
DEV,pre_CE,other,70,EXP_GUID005,1,0.014285714285714285,0.18665241123894338
DEV,pre_CE,other,75,EXP_GUID005,1,0.013333333333333334,0.18665241123894338
DEV,post_CE,legislation,10,EXP_GUID005,1,0.1,1.0
DEV,post_CE,legislation,20,EXP_GUID005,1,0.05,1.0
DEV,post_CE,legislation,30,EXP_GUID005,1,0.03333333333333333,1.0
DEV,post_CE,legislation,40,EXP_GUID005,1,0.025,1.0
DEV,post_CE,legislation,50,EXP_GUID005,1,0.02,1.0
DEV,post_CE,legislation,60,EXP_GUID005,1,0.016666666666666666,1.0
DEV,post_CE,legislation,70,EXP_GUID005,1,0.014285714285714285,1.0
DEV,post_CE,legislation,75,EXP_GUID005,1,0.013333333333333334,1.0
DEV,post_CE,other,10,EXP_GUID005,1,0.1,0.2890648263178879
DEV,post_CE,other,20,EXP_GUID005,1,0.05,0.2890648263178879
DEV,post_CE,other,30,EXP_GUID005,1,0.03333333333333333,0.2890648263178879
DEV,post_CE,other,40,EXP_GUID005,1,0.025,0.2890648263178879
DEV,post_CE,other,50,EXP_GUID005,1,0.02,0.2890648263178879
DEV,post_CE,other,60,EXP_GUID005,1,0.016666666666666666,0.2890648263178879
DEV,post_CE,other,70,EXP_GUID005,1,0.014285714285714285,0.2890648263178879
DEV,post_CE,other,75,EXP_GUID005,1,0.013333333333333334,0.2890648263178879
DEV,pre_CE,legislation,10,EXP_GUID006,1,0.1,1.0
DEV,pre_CE,legislation,20,EXP_GUID006,1,0.05,1.0
DEV,pre_CE,legislation,30,EXP_GUID006,1,0.03333333333333333,1.0
DEV,pre_CE,legislation,40,EXP_GUID006,1,0.025,1.0
DEV,pre_CE,legislation,50,EXP_GUID006,1,0.02,1.0
DEV,pre_CE,legislation,60,EXP_GUID006,1,0.016666666666666666,1.0
DEV,pre_CE,legislation,70,EXP_GUID006,1,0.014285714285714285,1.0
DEV,pre_CE,legislation,75,EXP_GUID006,1,0.013333333333333334,1.0
DEV,pre_CE,other,10,EXP_GUID006,1,0.0,0.0
DEV,pre_CE,other,20,EXP_GUID006,1,0.0,0.0
DEV,pre_CE,other,30,EXP_GUID006,1,0.0,0.0
DEV,pre_CE,other,40,EXP_GUID006,1,0.0,0.0
DEV,pre_CE,other,50,EXP_GUID006,1,0.0,0.0
DEV,pre_CE,other,60,EXP_GUID006,1,0.016666666666666666,0.17376534287144002
DEV,pre_CE,other,70,EXP_GUID006,1,0.014285714285714285,0.17376534287144002
DEV,pre_CE,other,75,EXP_GUID006,1,0.013333333333333334,0.17376534287144002
DEV,post_CE,legislation,10,EXP_GUID006,1,0.1,1.0
DEV,post_CE,legislation,20,EXP_GUID006,1,0.05,1.0
DEV,post_CE,legislation,30,EXP_GUID006,1,0.03333333333333333,1.0
DEV,post_CE,legislation,40,EXP_GUID006,1,0.025,1.0
DEV,post_CE,legislation,50,EXP_GUID006,1,0.02,1.0
DEV,post_CE,legislation,60,EXP_GUID006,1,0.016666666666666666,1.0
DEV,post_CE,legislation,70,EXP_GUID006,1,0.014285714285714285,1.0
DEV,post_CE,legislation,75,EXP_GUID006,1,0.013333333333333334,1.0
DEV,post_CE,other,10,EXP_GUID006,1,0.0,0.0
DEV,post_CE,other,20,EXP_GUID006,1,0.0,0.0
DEV,post_CE,other,30,EXP_GUID006,1,0.0,0.0
DEV,post_CE,other,40,EXP_GUID006,1,0.0,0.0
DEV,post_CE,other,50,EXP_GUID006,1,0.0,0.0
DEV,post_CE,other,60,EXP_GUID006,1,0.0,0.0
DEV,post_CE,other,70,EXP_GUID006,1,0.014285714285714285,0.16730017881017412
DEV,post_CE,other,75,EXP_GUID006,1,0.013333333333333334,0.16730017881017412
DEV,pre_CE,legislation,10,EXP_GUID007,2,0.2,0.45749452618986164
DEV,pre_CE,legislation,20,EXP_GUID007,2,0.1,0.45749452618986164
DEV,pre_CE,legislation,30,EXP_GUID007,2,0.06666666666666667,0.45749452618986164
DEV,pre_CE,legislation,40,EXP_GUID007,2,0.05,0.45749452618986164
DEV,pre_CE,legislation,50,EXP_GUID007,2,0.04,0.45749452618986164
DEV,pre_CE,legislation,60,EXP_GUID007,2,0.03333333333333333,0.45749452618986164
DEV,pre_CE,legislation,70,EXP_GUID007,2,0.02857142857142857,0.45749452618986164
DEV,pre_CE,legislation,75,EXP_GUID007,2,0.02666666666666667,0.45749452618986164
DEV,pre_CE,other,10,EXP_GUID007,2,0.1,0.17723928678404774
DEV,pre_CE,other,20,EXP_GUID007,2,0.05,0.17723928678404774
DEV,pre_CE,other,30,EXP_GUID007,2,0.03333333333333333,0.17723928678404774
DEV,pre_CE,other,40,EXP_GUID007,2,0.025,0.17723928678404774
DEV,pre_CE,other,50,EXP_GUID007,2,0.02,0.17723928678404774
DEV,pre_CE,other,60,EXP_GUID007,2,0.016666666666666666,0.17723928678404774
DEV,pre_CE,other,70,EXP_GUID007,2,0.014285714285714285,0.17723928678404774
DEV,pre_CE,other,75,EXP_GUID007,2,0.013333333333333334,0.17723928678404774
DEV,post_CE,legislation,10,EXP_GUID007,2,0.2,0.4227898344066503
DEV,post_CE,legislation,20,EXP_GUID007,2,0.1,0.4227898344066503
DEV,post_CE,legislation,30,EXP_GUID007,2,0.06666666666666667,0.4227898344066503
DEV,post_CE,legislation,40,EXP_GUID007,2,0.05,0.4227898344066503
DEV,post_CE,legislation,50,EXP_GUID007,2,0.04,0.4227898344066503
DEV,post_CE,legislation,60,EXP_GUID007,2,0.03333333333333333,0.4227898344066503
DEV,post_CE,legislation,70,EXP_GUID007,2,0.02857142857142857,0.4227898344066503
DEV,post_CE,legislation,75,EXP_GUID007,2,0.02666666666666667,0.4227898344066503
DEV,post_CE,other,10,EXP_GUID007,2,0.1,0.2640681225725909
DEV,post_CE,other,20,EXP_GUID007,2,0.05,0.2640681225725909
DEV,post_CE,other,30,EXP_GUID007,2,0.03333333333333333,0.2640681225725909
DEV,post_CE,other,40,EXP_GUID007,2,0.025,0.2640681225725909
DEV,post_CE,other,50,EXP_GUID007,2,0.02,0.2640681225725909
DEV,post_CE,other,60,EXP_GUID007,2,0.016666666666666666,0.2640681225725909
DEV,post_CE,other,70,EXP_GUID007,2,0.014285714285714285,0.2640681225725909
DEV,post_CE,other,75,EXP_GUID007,2,0.013333333333333334,0.2640681225725909
DEV,pre_CE,legislation,10,EXP_GUID009,1,0.1,0.6309297535714575
DEV,pre_CE,legislation,20,EXP_GUID009,1,0.05,0.6309297535714575
DEV,pre_CE,legislation,30,EXP_GUID009,1,0.03333333333333333,0.6309297535714575
DEV,pre_CE,legislation,40,EXP_GUID009,1,0.025,0.6309297535714575
DEV,pre_CE,legislation,50,EXP_GUID009,1,0.02,0.6309297535714575
DEV,pre_CE,legislation,60,EXP_GUID009,1,0.016666666666666666,0.6309297535714575
DEV,pre_CE,legislation,70,EXP_GUID009,1,0.014285714285714285,0.6309297535714575
DEV,pre_CE,legislation,75,EXP_GUID009,1,0.013333333333333334,0.6309297535714575
DEV,pre_CE,other,10,EXP_GUID009,2,0.1,0.23719771276929622
DEV,pre_CE,other,20,EXP_GUID009,2,0.05,0.23719771276929622
DEV,pre_CE,other,30,EXP_GUID009,2,0.03333333333333333,0.23719771276929622
DEV,pre_CE,other,40,EXP_GUID009,2,0.05,0.3548966630681692
DEV,pre_CE,other,50,EXP_GUID009,2,0.04,0.3548966630681692
DEV,pre_CE,other,60,EXP_GUID009,2,0.03333333333333333,0.3548966630681692
DEV,pre_CE,other,70,EXP_GUID009,2,0.02857142857142857,0.3548966630681692
DEV,pre_CE,other,75,EXP_GUID009,2,0.02666666666666667,0.3548966630681692
DEV,post_CE,legislation,10,EXP_GUID009,1,0.1,0.3562071871080222
DEV,post_CE,legislation,20,EXP_GUID009,1,0.05,0.3562071871080222
DEV,post_CE,legislation,30,EXP_GUID009,1,0.03333333333333333,0.3562071871080222
DEV,post_CE,legislation,40,EXP_GUID009,1,0.025,0.3562071871080222
DEV,post_CE,legislation,50,EXP_GUID009,1,0.02,0.3562071871080222
DEV,post_CE,legislation,60,EXP_GUID009,1,0.016666666666666666,0.3562071871080222
DEV,post_CE,legislation,70,EXP_GUID009,1,0.014285714285714285,0.3562071871080222
DEV,post_CE,legislation,75,EXP_GUID009,1,0.013333333333333334,0.3562071871080222
DEV,post_CE,other,10,EXP_GUID009,2,0.0,0.0
DEV,post_CE,other,20,EXP_GUID009,2,0.05,0.15693994437792994
DEV,post_CE,other,30,EXP_GUID009,2,0.03333333333333333,0.15693994437792994
DEV,post_CE,other,40,EXP_GUID009,2,0.05,0.2795693829310216
DEV,post_CE,other,50,EXP_GUID009,2,0.04,0.2795693829310216
DEV,post_CE,other,60,EXP_GUID009,2,0.03333333333333333,0.2795693829310216
DEV,post_CE,other,70,EXP_GUID009,2,0.02857142857142857,0.2795693829310216
DEV,post_CE,other,75,EXP_GUID009,2,0.02666666666666667,0.2795693829310216
DEV,pre_CE,legislation,10,EXP_GUID010,1,0.1,0.3010299956639812
DEV,pre_CE,legislation,20,EXP_GUID010,1,0.05,0.3010299956639812
DEV,pre_CE,legislation,30,EXP_GUID010,1,0.03333333333333333,0.3010299956639812
DEV,pre_CE,legislation,40,EXP_GUID010,1,0.025,0.3010299956639812
DEV,pre_CE,legislation,50,EXP_GUID010,1,0.02,0.3010299956639812
DEV,pre_CE,legislation,60,EXP_GUID010,1,0.016666666666666666,0.3010299956639812
DEV,pre_CE,legislation,70,EXP_GUID010,1,0.014285714285714285,0.3010299956639812
DEV,pre_CE,legislation,75,EXP_GUID010,1,0.013333333333333334,0.3010299956639812
DEV,pre_CE,other,10,EXP_GUID010,1,0.1,0.6309297535714575
DEV,pre_CE,other,20,EXP_GUID010,1,0.05,0.6309297535714575
DEV,pre_CE,other,30,EXP_GUID010,1,0.03333333333333333,0.6309297535714575
DEV,pre_CE,other,40,EXP_GUID010,1,0.025,0.6309297535714575
DEV,pre_CE,other,50,EXP_GUID010,1,0.02,0.6309297535714575
DEV,pre_CE,other,60,EXP_GUID010,1,0.016666666666666666,0.6309297535714575
DEV,pre_CE,other,70,EXP_GUID010,1,0.014285714285714285,0.6309297535714575
DEV,pre_CE,other,75,EXP_GUID010,1,0.013333333333333334,0.6309297535714575
DEV,post_CE,legislation,10,EXP_GUID010,1,0.1,0.6309297535714575
DEV,post_CE,legislation,20,EXP_GUID010,1,0.05,0.6309297535714575
DEV,post_CE,legislation,30,EXP_GUID010,1,0.03333333333333333,0.6309297535714575
DEV,post_CE,legislation,40,EXP_GUID010,1,0.025,0.6309297535714575
DEV,post_CE,legislation,50,EXP_GUID010,1,0.02,0.6309297535714575
DEV,post_CE,legislation,60,EXP_GUID010,1,0.016666666666666666,0.6309297535714575
DEV,post_CE,legislation,70,EXP_GUID010,1,0.014285714285714285,0.6309297535714575
DEV,post_CE,legislation,75,EXP_GUID010,1,0.013333333333333334,0.6309297535714575
DEV,post_CE,other,10,EXP_GUID010,1,0.1,0.5
DEV,post_CE,other,20,EXP_GUID010,1,0.05,0.5
DEV,post_CE,other,30,EXP_GUID010,1,0.03333333333333333,0.5
DEV,post_CE,other,40,EXP_GUID010,1,0.025,0.5
DEV,post_CE,other,50,EXP_GUID010,1,0.02,0.5
DEV,post_CE,other,60,EXP_GUID010,1,0.016666666666666666,0.5
DEV,post_CE,other,70,EXP_GUID010,1,0.014285714285714285,0.5
DEV,post_CE,other,75,EXP_GUID010,1,0.013333333333333334,0.5
DEV,pre_CE,legislation,10,EXP_GUID011,1,0.1,0.6309297535714575
DEV,pre_CE,legislation,20,EXP_GUID011,1,0.05,0.6309297535714575
DEV,pre_CE,legislation,30,EXP_GUID011,1,0.03333333333333333,0.6309297535714575
DEV,pre_CE,legislation,40,EXP_GUID011,1,0.025,0.6309297535714575
DEV,pre_CE,legislation,50,EXP_GUID011,1,0.02,0.6309297535714575
DEV,pre_CE,legislation,60,EXP_GUID011,1,0.016666666666666666,0.6309297535714575
DEV,pre_CE,legislation,70,EXP_GUID011,1,0.014285714285714285,0.6309297535714575
DEV,pre_CE,legislation,75,EXP_GUID011,1,0.013333333333333334,0.6309297535714575
DEV,pre_CE,other,10,EXP_GUID011,1,0.0,0.0
DEV,pre_CE,other,20,EXP_GUID011,1,0.0,0.0
DEV,pre_CE,other,30,EXP_GUID011,1,0.03333333333333333,0.2103099178571525
DEV,pre_CE,other,40,EXP_GUID011,1,0.025,0.2103099178571525
DEV,pre_CE,other,50,EXP_GUID011,1,0.02,0.2103099178571525
DEV,pre_CE,other,60,EXP_GUID011,1,0.016666666666666666,0.2103099178571525
DEV,pre_CE,other,70,EXP_GUID011,1,0.014285714285714285,0.2103099178571525
DEV,pre_CE,other,75,EXP_GUID011,1,0.013333333333333334,0.2103099178571525
DEV,post_CE,legislation,10,EXP_GUID011,1,0.1,1.0
DEV,post_CE,legislation,20,EXP_GUID011,1,0.05,1.0
DEV,post_CE,legislation,30,EXP_GUID011,1,0.03333333333333333,1.0
DEV,post_CE,legislation,40,EXP_GUID011,1,0.025,1.0
DEV,post_CE,legislation,50,EXP_GUID011,1,0.02,1.0
DEV,post_CE,legislation,60,EXP_GUID011,1,0.016666666666666666,1.0
DEV,post_CE,legislation,70,EXP_GUID011,1,0.014285714285714285,1.0
DEV,post_CE,legislation,75,EXP_GUID011,1,0.013333333333333334,1.0
DEV,post_CE,other,10,EXP_GUID011,1,0.0,0.0
DEV,post_CE,other,20,EXP_GUID011,1,0.05,0.27023815442731974
DEV,post_CE,other,30,EXP_GUID011,1,0.03333333333333333,0.27023815442731974
DEV,post_CE,other,40,EXP_GUID011,1,0.025,0.27023815442731974
DEV,post_CE,other,50,EXP_GUID011,1,0.02,0.27023815442731974
DEV,post_CE,other,60,EXP_GUID011,1,0.016666666666666666,0.27023815442731974
DEV,post_CE,other,70,EXP_GUID011,1,0.014285714285714285,0.27023815442731974
DEV,post_CE,other,75,EXP_GUID011,1,0.013333333333333334,0.27023815442731974
DEV,pre_CE,legislation,10,EXP_WORK002,1,0.1,0.5
DEV,pre_CE,legislation,20,EXP_WORK002,1,0.05,0.5
DEV,pre_CE,legislation,30,EXP_WORK002,1,0.03333333333333333,0.5
DEV,pre_CE,legislation,40,EXP_WORK002,1,0.025,0.5
DEV,pre_CE,legislation,50,EXP_WORK002,1,0.02,0.5
DEV,pre_CE,legislation,60,EXP_WORK002,1,0.016666666666666666,0.5
DEV,pre_CE,legislation,70,EXP_WORK002,1,0.014285714285714285,0.5
DEV,pre_CE,legislation,75,EXP_WORK002,1,0.013333333333333334,0.5
DEV,pre_CE,other,10,EXP_WORK002,1,0.0,0.0
DEV,pre_CE,other,20,EXP_WORK002,1,0.0,0.0
DEV,pre_CE,other,30,EXP_WORK002,1,0.03333333333333333,0.21810429198553155
DEV,pre_CE,other,40,EXP_WORK002,1,0.025,0.21810429198553155
DEV,pre_CE,other,50,EXP_WORK002,1,0.02,0.21810429198553155
DEV,pre_CE,other,60,EXP_WORK002,1,0.016666666666666666,0.21810429198553155
DEV,pre_CE,other,70,EXP_WORK002,1,0.014285714285714285,0.21810429198553155
DEV,pre_CE,other,75,EXP_WORK002,1,0.013333333333333334,0.21810429198553155
DEV,post_CE,legislation,10,EXP_WORK002,1,0.1,0.6309297535714575
DEV,post_CE,legislation,20,EXP_WORK002,1,0.05,0.6309297535714575
DEV,post_CE,legislation,30,EXP_WORK002,1,0.03333333333333333,0.6309297535714575
DEV,post_CE,legislation,40,EXP_WORK002,1,0.025,0.6309297535714575
DEV,post_CE,legislation,50,EXP_WORK002,1,0.02,0.6309297535714575
DEV,post_CE,legislation,60,EXP_WORK002,1,0.016666666666666666,0.6309297535714575
DEV,post_CE,legislation,70,EXP_WORK002,1,0.014285714285714285,0.6309297535714575
DEV,post_CE,legislation,75,EXP_WORK002,1,0.013333333333333334,0.6309297535714575
DEV,post_CE,other,10,EXP_WORK002,1,0.0,0.0
DEV,post_CE,other,20,EXP_WORK002,1,0.0,0.0
DEV,post_CE,other,30,EXP_WORK002,1,0.0,0.0
DEV,post_CE,other,40,EXP_WORK002,1,0.0,0.0
DEV,post_CE,other,50,EXP_WORK002,1,0.0,0.0
DEV,post_CE,other,60,EXP_WORK002,1,0.016666666666666666,0.17144160057391347
DEV,post_CE,other,70,EXP_WORK002,1,0.014285714285714285,0.17144160057391347
DEV,post_CE,other,75,EXP_WORK002,1,0.013333333333333334,0.17144160057391347
DEV,pre_CE,legislation,10,EXP_WORK003,2,0.2,1.0
DEV,pre_CE,legislation,20,EXP_WORK003,2,0.1,1.0
DEV,pre_CE,legislation,30,EXP_WORK003,2,0.06666666666666667,1.0
DEV,pre_CE,legislation,40,EXP_WORK003,2,0.05,1.0
DEV,pre_CE,legislation,50,EXP_WORK003,2,0.04,1.0
DEV,pre_CE,legislation,60,EXP_WORK003,2,0.03333333333333333,1.0
DEV,pre_CE,legislation,70,EXP_WORK003,2,0.02857142857142857,1.0
DEV,pre_CE,legislation,75,EXP_WORK003,2,0.02666666666666667,1.0
DEV,pre_CE,other,10,EXP_WORK003,1,0.0,0.0
DEV,pre_CE,other,20,EXP_WORK003,1,0.0,0.0
DEV,pre_CE,other,30,EXP_WORK003,1,0.0,0.0
DEV,pre_CE,other,40,EXP_WORK003,1,0.0,0.0
DEV,pre_CE,other,50,EXP_WORK003,1,0.0,0.0
DEV,pre_CE,other,60,EXP_WORK003,1,0.0,0.0
DEV,pre_CE,other,70,EXP_WORK003,1,0.0,0.0
DEV,pre_CE,other,75,EXP_WORK003,1,0.0,0.0
DEV,post_CE,legislation,10,EXP_WORK003,2,0.2,1.0
DEV,post_CE,legislation,20,EXP_WORK003,2,0.1,1.0
DEV,post_CE,legislation,30,EXP_WORK003,2,0.06666666666666667,1.0
DEV,post_CE,legislation,40,EXP_WORK003,2,0.05,1.0
DEV,post_CE,legislation,50,EXP_WORK003,2,0.04,1.0
DEV,post_CE,legislation,60,EXP_WORK003,2,0.03333333333333333,1.0
DEV,post_CE,legislation,70,EXP_WORK003,2,0.02857142857142857,1.0
DEV,post_CE,legislation,75,EXP_WORK003,2,0.02666666666666667,1.0
DEV,post_CE,other,10,EXP_WORK003,1,0.0,0.0
DEV,post_CE,other,20,EXP_WORK003,1,0.0,0.0
DEV,post_CE,other,30,EXP_WORK003,1,0.0,0.0
DEV,post_CE,other,40,EXP_WORK003,1,0.0,0.0
DEV,post_CE,other,50,EXP_WORK003,1,0.0,0.0
DEV,post_CE,other,60,EXP_WORK003,1,0.0,0.0
DEV,post_CE,other,70,EXP_WORK003,1,0.0,0.0
DEV,post_CE,other,75,EXP_WORK003,1,0.0,0.0
DEV,pre_CE,legislation,10,EXP_WORK004,1,0.0,0.0
DEV,pre_CE,legislation,20,EXP_WORK004,1,0.05,0.25
DEV,pre_CE,legislation,30,EXP_WORK004,1,0.03333333333333333,0.25
DEV,pre_CE,legislation,40,EXP_WORK004,1,0.025,0.25
DEV,pre_CE,legislation,50,EXP_WORK004,1,0.02,0.25
DEV,pre_CE,legislation,60,EXP_WORK004,1,0.016666666666666666,0.25
DEV,pre_CE,legislation,70,EXP_WORK004,1,0.014285714285714285,0.25
DEV,pre_CE,legislation,75,EXP_WORK004,1,0.013333333333333334,0.25
DEV,pre_CE,other,10,EXP_WORK004,1,0.0,0.0
DEV,pre_CE,other,20,EXP_WORK004,1,0.05,0.227670248696953
DEV,pre_CE,other,30,EXP_WORK004,1,0.03333333333333333,0.227670248696953
DEV,pre_CE,other,40,EXP_WORK004,1,0.025,0.227670248696953
DEV,pre_CE,other,50,EXP_WORK004,1,0.02,0.227670248696953
DEV,pre_CE,other,60,EXP_WORK004,1,0.016666666666666666,0.227670248696953
DEV,pre_CE,other,70,EXP_WORK004,1,0.014285714285714285,0.227670248696953
DEV,pre_CE,other,75,EXP_WORK004,1,0.013333333333333334,0.227670248696953
DEV,post_CE,legislation,10,EXP_WORK004,1,0.1,1.0
DEV,post_CE,legislation,20,EXP_WORK004,1,0.05,1.0
DEV,post_CE,legislation,30,EXP_WORK004,1,0.03333333333333333,1.0
DEV,post_CE,legislation,40,EXP_WORK004,1,0.025,1.0
DEV,post_CE,legislation,50,EXP_WORK004,1,0.02,1.0
DEV,post_CE,legislation,60,EXP_WORK004,1,0.016666666666666666,1.0
DEV,post_CE,legislation,70,EXP_WORK004,1,0.014285714285714285,1.0
DEV,post_CE,legislation,75,EXP_WORK004,1,0.013333333333333334,1.0
DEV,post_CE,other,10,EXP_WORK004,1,0.1,0.3562071871080222
DEV,post_CE,other,20,EXP_WORK004,1,0.05,0.3562071871080222
DEV,post_CE,other,30,EXP_WORK004,1,0.03333333333333333,0.3562071871080222
DEV,post_CE,other,40,EXP_WORK004,1,0.025,0.3562071871080222
DEV,post_CE,other,50,EXP_WORK004,1,0.02,0.3562071871080222
DEV,post_CE,other,60,EXP_WORK004,1,0.016666666666666666,0.3562071871080222
DEV,post_CE,other,70,EXP_WORK004,1,0.014285714285714285,0.3562071871080222
DEV,post_CE,other,75,EXP_WORK004,1,0.013333333333333334,0.3562071871080222
DEV,pre_CE,other,10,EXP_WORK008,3,0.3,0.6039071644781281
DEV,pre_CE,other,20,EXP_WORK008,3,0.15,0.6039071644781281
DEV,pre_CE,other,30,EXP_WORK008,3,0.1,0.6039071644781281
DEV,pre_CE,other,40,EXP_WORK008,3,0.075,0.6039071644781281
DEV,pre_CE,other,50,EXP_WORK008,3,0.06,0.6039071644781281
DEV,pre_CE,other,60,EXP_WORK008,3,0.05,0.6039071644781281
DEV,pre_CE,other,70,EXP_WORK008,3,0.04285714285714286,0.6039071644781281
DEV,pre_CE,other,75,EXP_WORK008,3,0.04,0.6039071644781281
DEV,post_CE,other,10,EXP_WORK008,3,0.2,0.41618115554873086
DEV,post_CE,other,20,EXP_WORK008,3,0.1,0.41618115554873086
DEV,post_CE,other,30,EXP_WORK008,3,0.1,0.5214140116960256
DEV,post_CE,other,40,EXP_WORK008,3,0.075,0.5214140116960256
DEV,post_CE,other,50,EXP_WORK008,3,0.06,0.5214140116960256
DEV,post_CE,other,60,EXP_WORK008,3,0.05,0.5214140116960256
DEV,post_CE,other,70,EXP_WORK008,3,0.04285714285714286,0.5214140116960256
DEV,post_CE,other,75,EXP_WORK008,3,0.04,0.5214140116960256
DEV,pre_CE,legislation,10,EXP_TRANS001,2,0.2,0.41183384043543503
DEV,pre_CE,legislation,20,EXP_TRANS001,2,0.1,0.41183384043543503
DEV,pre_CE,legislation,30,EXP_TRANS001,2,0.06666666666666667,0.41183384043543503
DEV,pre_CE,legislation,40,EXP_TRANS001,2,0.05,0.41183384043543503
DEV,pre_CE,legislation,50,EXP_TRANS001,2,0.04,0.41183384043543503
DEV,pre_CE,legislation,60,EXP_TRANS001,2,0.03333333333333333,0.41183384043543503
DEV,pre_CE,legislation,70,EXP_TRANS001,2,0.02857142857142857,0.41183384043543503
DEV,pre_CE,legislation,75,EXP_TRANS001,2,0.02666666666666667,0.41183384043543503
DEV,pre_CE,other,10,EXP_TRANS001,1,0.1,0.43067655807339306
DEV,pre_CE,other,20,EXP_TRANS001,1,0.05,0.43067655807339306
DEV,pre_CE,other,30,EXP_TRANS001,1,0.03333333333333333,0.43067655807339306
DEV,pre_CE,other,40,EXP_TRANS001,1,0.025,0.43067655807339306
DEV,pre_CE,other,50,EXP_TRANS001,1,0.02,0.43067655807339306
DEV,pre_CE,other,60,EXP_TRANS001,1,0.016666666666666666,0.43067655807339306
DEV,pre_CE,other,70,EXP_TRANS001,1,0.014285714285714285,0.43067655807339306
DEV,pre_CE,other,75,EXP_TRANS001,1,0.013333333333333334,0.43067655807339306
DEV,post_CE,legislation,10,EXP_TRANS001,2,0.2,0.5706417189553201
DEV,post_CE,legislation,20,EXP_TRANS001,2,0.1,0.5706417189553201
DEV,post_CE,legislation,30,EXP_TRANS001,2,0.06666666666666667,0.5706417189553201
DEV,post_CE,legislation,40,EXP_TRANS001,2,0.05,0.5706417189553201
DEV,post_CE,legislation,50,EXP_TRANS001,2,0.04,0.5706417189553201
DEV,post_CE,legislation,60,EXP_TRANS001,2,0.03333333333333333,0.5706417189553201
DEV,post_CE,legislation,70,EXP_TRANS001,2,0.02857142857142857,0.5706417189553201
DEV,post_CE,legislation,75,EXP_TRANS001,2,0.02666666666666667,0.5706417189553201
DEV,post_CE,other,10,EXP_TRANS001,1,0.1,1.0
DEV,post_CE,other,20,EXP_TRANS001,1,0.05,1.0
DEV,post_CE,other,30,EXP_TRANS001,1,0.03333333333333333,1.0
DEV,post_CE,other,40,EXP_TRANS001,1,0.025,1.0
DEV,post_CE,other,50,EXP_TRANS001,1,0.02,1.0
DEV,post_CE,other,60,EXP_TRANS001,1,0.016666666666666666,1.0
DEV,post_CE,other,70,EXP_TRANS001,1,0.014285714285714285,1.0
DEV,post_CE,other,75,EXP_TRANS001,1,0.013333333333333334,1.0
DEV,pre_CE,legislation,10,EXP_TRANS005,1,0.1,0.3562071871080222
DEV,pre_CE,legislation,20,EXP_TRANS005,1,0.05,0.3562071871080222
DEV,pre_CE,legislation,30,EXP_TRANS005,1,0.03333333333333333,0.3562071871080222
DEV,pre_CE,legislation,40,EXP_TRANS005,1,0.025,0.3562071871080222
DEV,pre_CE,legislation,50,EXP_TRANS005,1,0.02,0.3562071871080222
DEV,pre_CE,legislation,60,EXP_TRANS005,1,0.016666666666666666,0.3562071871080222
DEV,pre_CE,legislation,70,EXP_TRANS005,1,0.014285714285714285,0.3562071871080222
DEV,pre_CE,legislation,75,EXP_TRANS005,1,0.013333333333333334,0.3562071871080222
DEV,post_CE,legislation,10,EXP_TRANS005,1,0.1,0.6309297535714575
DEV,post_CE,legislation,20,EXP_TRANS005,1,0.05,0.6309297535714575
DEV,post_CE,legislation,30,EXP_TRANS005,1,0.03333333333333333,0.6309297535714575
DEV,post_CE,legislation,40,EXP_TRANS005,1,0.025,0.6309297535714575
DEV,post_CE,legislation,50,EXP_TRANS005,1,0.02,0.6309297535714575
DEV,post_CE,legislation,60,EXP_TRANS005,1,0.016666666666666666,0.6309297535714575
DEV,post_CE,legislation,70,EXP_TRANS005,1,0.014285714285714285,0.6309297535714575
DEV,post_CE,legislation,75,EXP_TRANS005,1,0.013333333333333334,0.6309297535714575
DEV,pre_CE,legislation,10,EXP_TRANS006,1,0.1,0.43067655807339306
DEV,pre_CE,legislation,20,EXP_TRANS006,1,0.05,0.43067655807339306
DEV,pre_CE,legislation,30,EXP_TRANS006,1,0.03333333333333333,0.43067655807339306
DEV,pre_CE,legislation,40,EXP_TRANS006,1,0.025,0.43067655807339306
DEV,pre_CE,legislation,50,EXP_TRANS006,1,0.02,0.43067655807339306
DEV,pre_CE,legislation,60,EXP_TRANS006,1,0.016666666666666666,0.43067655807339306
DEV,pre_CE,legislation,70,EXP_TRANS006,1,0.014285714285714285,0.43067655807339306
DEV,pre_CE,legislation,75,EXP_TRANS006,1,0.013333333333333334,0.43067655807339306
DEV,post_CE,legislation,10,EXP_TRANS006,1,0.1,1.0
DEV,post_CE,legislation,20,EXP_TRANS006,1,0.05,1.0
DEV,post_CE,legislation,30,EXP_TRANS006,1,0.03333333333333333,1.0
DEV,post_CE,legislation,40,EXP_TRANS006,1,0.025,1.0
DEV,post_CE,legislation,50,EXP_TRANS006,1,0.02,1.0
DEV,post_CE,legislation,60,EXP_TRANS006,1,0.016666666666666666,1.0
DEV,post_CE,legislation,70,EXP_TRANS006,1,0.014285714285714285,1.0
DEV,post_CE,legislation,75,EXP_TRANS006,1,0.013333333333333334,1.0
DEV,pre_CE,legislation,10,EXP_TRANS007,1,0.0,0.0
DEV,pre_CE,legislation,20,EXP_TRANS007,1,0.05,0.27023815442731974
DEV,pre_CE,legislation,30,EXP_TRANS007,1,0.03333333333333333,0.27023815442731974
DEV,pre_CE,legislation,40,EXP_TRANS007,1,0.025,0.27023815442731974
DEV,pre_CE,legislation,50,EXP_TRANS007,1,0.02,0.27023815442731974
DEV,pre_CE,legislation,60,EXP_TRANS007,1,0.016666666666666666,0.27023815442731974
DEV,pre_CE,legislation,70,EXP_TRANS007,1,0.014285714285714285,0.27023815442731974
DEV,pre_CE,legislation,75,EXP_TRANS007,1,0.013333333333333334,0.27023815442731974
DEV,pre_CE,other,10,EXP_TRANS007,1,0.1,1.0
DEV,pre_CE,other,20,EXP_TRANS007,1,0.05,1.0
DEV,pre_CE,other,30,EXP_TRANS007,1,0.03333333333333333,1.0
DEV,pre_CE,other,40,EXP_TRANS007,1,0.025,1.0
DEV,pre_CE,other,50,EXP_TRANS007,1,0.02,1.0
DEV,pre_CE,other,60,EXP_TRANS007,1,0.016666666666666666,1.0
DEV,pre_CE,other,70,EXP_TRANS007,1,0.014285714285714285,1.0
DEV,pre_CE,other,75,EXP_TRANS007,1,0.013333333333333334,1.0
DEV,post_CE,legislation,10,EXP_TRANS007,1,0.1,1.0
DEV,post_CE,legislation,20,EXP_TRANS007,1,0.05,1.0
DEV,post_CE,legislation,30,EXP_TRANS007,1,0.03333333333333333,1.0
DEV,post_CE,legislation,40,EXP_TRANS007,1,0.025,1.0
DEV,post_CE,legislation,50,EXP_TRANS007,1,0.02,1.0
DEV,post_CE,legislation,60,EXP_TRANS007,1,0.016666666666666666,1.0
DEV,post_CE,legislation,70,EXP_TRANS007,1,0.014285714285714285,1.0
DEV,post_CE,legislation,75,EXP_TRANS007,1,0.013333333333333334,1.0
DEV,post_CE,other,10,EXP_TRANS007,1,0.1,1.0
DEV,post_CE,other,20,EXP_TRANS007,1,0.05,1.0
DEV,post_CE,other,30,EXP_TRANS007,1,0.03333333333333333,1.0
DEV,post_CE,other,40,EXP_TRANS007,1,0.025,1.0
DEV,post_CE,other,50,EXP_TRANS007,1,0.02,1.0
DEV,post_CE,other,60,EXP_TRANS007,1,0.016666666666666666,1.0
DEV,post_CE,other,70,EXP_TRANS007,1,0.014285714285714285,1.0
DEV,post_CE,other,75,EXP_TRANS007,1,0.013333333333333334,1.0
DEV,pre_CE,legislation,10,EXP_SEC002,4,0.2,0.5135312443624667
DEV,pre_CE,legislation,20,EXP_SEC002,4,0.2,0.7223459119518343
DEV,pre_CE,legislation,30,EXP_SEC002,4,0.13333333333333333,0.7223459119518343
DEV,pre_CE,legislation,40,EXP_SEC002,4,0.1,0.7223459119518343
DEV,pre_CE,legislation,50,EXP_SEC002,4,0.08,0.7223459119518343
DEV,pre_CE,legislation,60,EXP_SEC002,4,0.06666666666666667,0.7223459119518343
DEV,pre_CE,legislation,70,EXP_SEC002,4,0.05714285714285714,0.7223459119518343
DEV,pre_CE,legislation,75,EXP_SEC002,4,0.05333333333333334,0.7223459119518343
DEV,pre_CE,other,10,EXP_SEC002,2,0.0,0.0
DEV,pre_CE,other,20,EXP_SEC002,2,0.1,0.3032935912997024
DEV,pre_CE,other,30,EXP_SEC002,2,0.06666666666666667,0.3032935912997024
DEV,pre_CE,other,40,EXP_SEC002,2,0.05,0.3032935912997024
DEV,pre_CE,other,50,EXP_SEC002,2,0.04,0.3032935912997024
DEV,pre_CE,other,60,EXP_SEC002,2,0.03333333333333333,0.3032935912997024
DEV,pre_CE,other,70,EXP_SEC002,2,0.02857142857142857,0.3032935912997024
DEV,pre_CE,other,75,EXP_SEC002,2,0.02666666666666667,0.3032935912997024
DEV,post_CE,legislation,10,EXP_SEC002,4,0.4,0.9447176050778178
DEV,post_CE,legislation,20,EXP_SEC002,4,0.2,0.9447176050778178
DEV,post_CE,legislation,30,EXP_SEC002,4,0.13333333333333333,0.9447176050778178
DEV,post_CE,legislation,40,EXP_SEC002,4,0.1,0.9447176050778178
DEV,post_CE,legislation,50,EXP_SEC002,4,0.08,0.9447176050778178
DEV,post_CE,legislation,60,EXP_SEC002,4,0.06666666666666667,0.9447176050778178
DEV,post_CE,legislation,70,EXP_SEC002,4,0.05714285714285714,0.9447176050778178
DEV,post_CE,legislation,75,EXP_SEC002,4,0.05333333333333334,0.9447176050778178
DEV,post_CE,other,10,EXP_SEC002,2,0.1,0.17723928678404774
DEV,post_CE,other,20,EXP_SEC002,2,0.1,0.3341792311619776
DEV,post_CE,other,30,EXP_SEC002,2,0.06666666666666667,0.3341792311619776
DEV,post_CE,other,40,EXP_SEC002,2,0.05,0.3341792311619776
DEV,post_CE,other,50,EXP_SEC002,2,0.04,0.3341792311619776
DEV,post_CE,other,60,EXP_SEC002,2,0.03333333333333333,0.3341792311619776
DEV,post_CE,other,70,EXP_SEC002,2,0.02857142857142857,0.3341792311619776
DEV,post_CE,other,75,EXP_SEC002,2,0.02666666666666667,0.3341792311619776
DEV,pre_CE,legislation,10,EXP_SEC003,2,0.1,0.2640681225725909
DEV,pre_CE,legislation,20,EXP_SEC003,2,0.05,0.2640681225725909
DEV,pre_CE,legislation,30,EXP_SEC003,2,0.06666666666666667,0.39161168919217887
DEV,pre_CE,legislation,40,EXP_SEC003,2,0.05,0.39161168919217887
DEV,pre_CE,legislation,50,EXP_SEC003,2,0.04,0.39161168919217887
DEV,pre_CE,legislation,60,EXP_SEC003,2,0.03333333333333333,0.39161168919217887
DEV,pre_CE,legislation,70,EXP_SEC003,2,0.02857142857142857,0.39161168919217887
DEV,pre_CE,legislation,75,EXP_SEC003,2,0.02666666666666667,0.39161168919217887
DEV,pre_CE,other,10,EXP_SEC003,1,0.1,1.0
DEV,pre_CE,other,20,EXP_SEC003,1,0.05,1.0
DEV,pre_CE,other,30,EXP_SEC003,1,0.03333333333333333,1.0
DEV,pre_CE,other,40,EXP_SEC003,1,0.025,1.0
DEV,pre_CE,other,50,EXP_SEC003,1,0.02,1.0
DEV,pre_CE,other,60,EXP_SEC003,1,0.016666666666666666,1.0
DEV,pre_CE,other,70,EXP_SEC003,1,0.014285714285714285,1.0
DEV,pre_CE,other,75,EXP_SEC003,1,0.013333333333333334,1.0
DEV,post_CE,legislation,10,EXP_SEC003,2,0.2,0.8065735963827293
DEV,post_CE,legislation,20,EXP_SEC003,2,0.1,0.8065735963827293
DEV,post_CE,legislation,30,EXP_SEC003,2,0.06666666666666667,0.8065735963827293
DEV,post_CE,legislation,40,EXP_SEC003,2,0.05,0.8065735963827293
DEV,post_CE,legislation,50,EXP_SEC003,2,0.04,0.8065735963827293
DEV,post_CE,legislation,60,EXP_SEC003,2,0.03333333333333333,0.8065735963827293
DEV,post_CE,legislation,70,EXP_SEC003,2,0.02857142857142857,0.8065735963827293
DEV,post_CE,legislation,75,EXP_SEC003,2,0.02666666666666667,0.8065735963827293
DEV,post_CE,other,10,EXP_SEC003,1,0.0,0.0
DEV,post_CE,other,20,EXP_SEC003,1,0.05,0.27023815442731974
DEV,post_CE,other,30,EXP_SEC003,1,0.03333333333333333,0.27023815442731974
DEV,post_CE,other,40,EXP_SEC003,1,0.025,0.27023815442731974
DEV,post_CE,other,50,EXP_SEC003,1,0.02,0.27023815442731974
DEV,post_CE,other,60,EXP_SEC003,1,0.016666666666666666,0.27023815442731974
DEV,post_CE,other,70,EXP_SEC003,1,0.014285714285714285,0.27023815442731974
DEV,post_CE,other,75,EXP_SEC003,1,0.013333333333333334,0.27023815442731974
DEV,pre_CE,legislation,10,EXP_SEC005,3,0.2,0.7653606369886217
DEV,pre_CE,legislation,20,EXP_SEC005,3,0.1,0.7653606369886217
DEV,pre_CE,legislation,30,EXP_SEC005,3,0.06666666666666667,0.7653606369886217
DEV,pre_CE,legislation,40,EXP_SEC005,3,0.05,0.7653606369886217
DEV,pre_CE,legislation,50,EXP_SEC005,3,0.06,0.8485092343736815
DEV,pre_CE,legislation,60,EXP_SEC005,3,0.05,0.8485092343736815
DEV,pre_CE,legislation,70,EXP_SEC005,3,0.04285714285714286,0.8485092343736815
DEV,pre_CE,legislation,75,EXP_SEC005,3,0.04,0.8485092343736815
DEV,pre_CE,other,10,EXP_SEC005,2,0.2,0.8503449055347546
DEV,pre_CE,other,20,EXP_SEC005,2,0.1,0.8503449055347546
DEV,pre_CE,other,30,EXP_SEC005,2,0.06666666666666667,0.8503449055347546
DEV,pre_CE,other,40,EXP_SEC005,2,0.05,0.8503449055347546
DEV,pre_CE,other,50,EXP_SEC005,2,0.04,0.8503449055347546
DEV,pre_CE,other,60,EXP_SEC005,2,0.03333333333333333,0.8503449055347546
DEV,pre_CE,other,70,EXP_SEC005,2,0.02857142857142857,0.8503449055347546
DEV,pre_CE,other,75,EXP_SEC005,2,0.02666666666666667,0.8503449055347546
DEV,post_CE,legislation,10,EXP_SEC005,3,0.2,0.6713860725233041
DEV,post_CE,legislation,20,EXP_SEC005,3,0.15,0.7839249613187715
DEV,post_CE,legislation,30,EXP_SEC005,3,0.1,0.7839249613187715
DEV,post_CE,legislation,40,EXP_SEC005,3,0.075,0.7839249613187715
DEV,post_CE,legislation,50,EXP_SEC005,3,0.06,0.7839249613187715
DEV,post_CE,legislation,60,EXP_SEC005,3,0.05,0.7839249613187715
DEV,post_CE,legislation,70,EXP_SEC005,3,0.04285714285714286,0.7839249613187715
DEV,post_CE,legislation,75,EXP_SEC005,3,0.04,0.7839249613187715
DEV,post_CE,other,10,EXP_SEC005,2,0.2,0.5714285040141098
DEV,post_CE,other,20,EXP_SEC005,2,0.1,0.5714285040141098
DEV,post_CE,other,30,EXP_SEC005,2,0.06666666666666667,0.5714285040141098
DEV,post_CE,other,40,EXP_SEC005,2,0.05,0.5714285040141098
DEV,post_CE,other,50,EXP_SEC005,2,0.04,0.5714285040141098
DEV,post_CE,other,60,EXP_SEC005,2,0.03333333333333333,0.5714285040141098
DEV,post_CE,other,70,EXP_SEC005,2,0.02857142857142857,0.5714285040141098
DEV,post_CE,other,75,EXP_SEC005,2,0.02666666666666667,0.5714285040141098
DEV,pre_CE,legislation,10,EXP_SEC008,2,0.0,0.0
DEV,pre_CE,legislation,20,EXP_SEC008,2,0.0,0.0
DEV,pre_CE,legislation,30,EXP_SEC008,2,0.0,0.0
DEV,pre_CE,legislation,40,EXP_SEC008,2,0.0,0.0
DEV,pre_CE,legislation,50,EXP_SEC008,2,0.0,0.0
DEV,pre_CE,legislation,60,EXP_SEC008,2,0.0,0.0
DEV,pre_CE,legislation,70,EXP_SEC008,2,0.0,0.0
DEV,pre_CE,legislation,75,EXP_SEC008,2,0.013333333333333334,0.09813609255967798
DEV,post_CE,legislation,10,EXP_SEC008,2,0.1,0.23719771276929622
DEV,post_CE,legislation,20,EXP_SEC008,2,0.05,0.23719771276929622
DEV,post_CE,legislation,30,EXP_SEC008,2,0.03333333333333333,0.23719771276929622
DEV,post_CE,legislation,40,EXP_SEC008,2,0.025,0.23719771276929622
DEV,post_CE,legislation,50,EXP_SEC008,2,0.02,0.23719771276929622
DEV,post_CE,legislation,60,EXP_SEC008,2,0.016666666666666666,0.23719771276929622
DEV,post_CE,legislation,70,EXP_SEC008,2,0.014285714285714285,0.23719771276929622
DEV,post_CE,legislation,75,EXP_SEC008,2,0.013333333333333334,0.23719771276929622
DEV,pre_CE,legislation,10,EXP_SEC009,4,0.1,0.3903800499921017
DEV,pre_CE,legislation,20,EXP_SEC009,4,0.05,0.3903800499921017
DEV,pre_CE,legislation,30,EXP_SEC009,4,0.1,0.5520383669103462
DEV,pre_CE,legislation,40,EXP_SEC009,4,0.075,0.5520383669103462
DEV,pre_CE,legislation,50,EXP_SEC009,4,0.06,0.5520383669103462
DEV,pre_CE,legislation,60,EXP_SEC009,4,0.05,0.5520383669103462
DEV,pre_CE,legislation,70,EXP_SEC009,4,0.04285714285714286,0.5520383669103462
DEV,pre_CE,legislation,75,EXP_SEC009,4,0.04,0.5520383669103462
DEV,post_CE,legislation,10,EXP_SEC009,4,0.2,0.4144299250118475
DEV,post_CE,legislation,20,EXP_SEC009,4,0.1,0.4144299250118475
DEV,post_CE,legislation,30,EXP_SEC009,4,0.06666666666666667,0.4144299250118475
DEV,post_CE,legislation,40,EXP_SEC009,4,0.05,0.4144299250118475
DEV,post_CE,legislation,50,EXP_SEC009,4,0.04,0.4144299250118475
DEV,post_CE,legislation,60,EXP_SEC009,4,0.03333333333333333,0.4144299250118475
DEV,post_CE,legislation,70,EXP_SEC009,4,0.04285714285714286,0.47974057717945084
DEV,post_CE,legislation,75,EXP_SEC009,4,0.04,0.47974057717945084
DEV,pre_CE,legislation,10,EXP_SEC013,1,0.1,0.3010299956639812
DEV,pre_CE,legislation,20,EXP_SEC013,1,0.05,0.3010299956639812
DEV,pre_CE,legislation,30,EXP_SEC013,1,0.03333333333333333,0.3010299956639812
DEV,pre_CE,legislation,40,EXP_SEC013,1,0.025,0.3010299956639812
DEV,pre_CE,legislation,50,EXP_SEC013,1,0.02,0.3010299956639812
DEV,pre_CE,legislation,60,EXP_SEC013,1,0.016666666666666666,0.3010299956639812
DEV,pre_CE,legislation,70,EXP_SEC013,1,0.014285714285714285,0.3010299956639812
DEV,pre_CE,legislation,75,EXP_SEC013,1,0.013333333333333334,0.3010299956639812
DEV,post_CE,legislation,10,EXP_SEC013,1,0.1,1.0
DEV,post_CE,legislation,20,EXP_SEC013,1,0.05,1.0
DEV,post_CE,legislation,30,EXP_SEC013,1,0.03333333333333333,1.0
DEV,post_CE,legislation,40,EXP_SEC013,1,0.025,1.0
DEV,post_CE,legislation,50,EXP_SEC013,1,0.02,1.0
DEV,post_CE,legislation,60,EXP_SEC013,1,0.016666666666666666,1.0
DEV,post_CE,legislation,70,EXP_SEC013,1,0.014285714285714285,1.0
DEV,post_CE,legislation,75,EXP_SEC013,1,0.013333333333333334,1.0
DEV,pre_CE,legislation,10,EXP_SEC015,1,0.0,0.0
DEV,pre_CE,legislation,20,EXP_SEC015,1,0.0,0.0
DEV,pre_CE,legislation,30,EXP_SEC015,1,0.0,0.0
DEV,pre_CE,legislation,40,EXP_SEC015,1,0.0,0.0
DEV,pre_CE,legislation,50,EXP_SEC015,1,0.0,0.0
DEV,pre_CE,legislation,60,EXP_SEC015,1,0.0,0.0
DEV,pre_CE,legislation,70,EXP_SEC015,1,0.0,0.0
DEV,pre_CE,legislation,75,EXP_SEC015,1,0.0,0.0
DEV,post_CE,legislation,10,EXP_SEC015,1,0.0,0.0
DEV,post_CE,legislation,20,EXP_SEC015,1,0.0,0.0
DEV,post_CE,legislation,30,EXP_SEC015,1,0.0,0.0
DEV,post_CE,legislation,40,EXP_SEC015,1,0.0,0.0
DEV,post_CE,legislation,50,EXP_SEC015,1,0.0,0.0
DEV,post_CE,legislation,60,EXP_SEC015,1,0.0,0.0
DEV,post_CE,legislation,70,EXP_SEC015,1,0.0,0.0
DEV,post_CE,legislation,75,EXP_SEC015,1,0.0,0.0
DEV,pre_CE,legislation,10,EXP_SEC017,1,0.1,0.5
DEV,pre_CE,legislation,20,EXP_SEC017,1,0.05,0.5
DEV,pre_CE,legislation,30,EXP_SEC017,1,0.03333333333333333,0.5
DEV,pre_CE,legislation,40,EXP_SEC017,1,0.025,0.5
DEV,pre_CE,legislation,50,EXP_SEC017,1,0.02,0.5
DEV,pre_CE,legislation,60,EXP_SEC017,1,0.016666666666666666,0.5
DEV,pre_CE,legislation,70,EXP_SEC017,1,0.014285714285714285,0.5
DEV,pre_CE,legislation,75,EXP_SEC017,1,0.013333333333333334,0.5
DEV,post_CE,legislation,10,EXP_SEC017,1,0.1,1.0
DEV,post_CE,legislation,20,EXP_SEC017,1,0.05,1.0
DEV,post_CE,legislation,30,EXP_SEC017,1,0.03333333333333333,1.0
DEV,post_CE,legislation,40,EXP_SEC017,1,0.025,1.0
DEV,post_CE,legislation,50,EXP_SEC017,1,0.02,1.0
DEV,post_CE,legislation,60,EXP_SEC017,1,0.016666666666666666,1.0
DEV,post_CE,legislation,70,EXP_SEC017,1,0.014285714285714285,1.0
DEV,post_CE,legislation,75,EXP_SEC017,1,0.013333333333333334,1.0
TEST,pre_CE,legislation,10,DEV002,2,0.2,0.6240505200038379
TEST,pre_CE,legislation,20,DEV002,2,0.1,0.6240505200038379
TEST,pre_CE,legislation,30,DEV002,2,0.06666666666666667,0.6240505200038379
TEST,pre_CE,legislation,40,DEV002,2,0.05,0.6240505200038379
TEST,pre_CE,legislation,50,DEV002,2,0.04,0.6240505200038379
TEST,pre_CE,legislation,60,DEV002,2,0.03333333333333333,0.6240505200038379
TEST,pre_CE,legislation,70,DEV002,2,0.02857142857142857,0.6240505200038379
TEST,pre_CE,legislation,75,DEV002,2,0.02666666666666667,0.6240505200038379
TEST,post_CE,legislation,10,DEV002,2,0.1,0.6131471927654584
TEST,post_CE,legislation,20,DEV002,2,0.05,0.6131471927654584
TEST,post_CE,legislation,30,DEV002,2,0.06666666666666667,0.7406907593850465
TEST,post_CE,legislation,40,DEV002,2,0.05,0.7406907593850465
TEST,post_CE,legislation,50,DEV002,2,0.04,0.7406907593850465
TEST,post_CE,legislation,60,DEV002,2,0.03333333333333333,0.7406907593850465
TEST,post_CE,legislation,70,DEV002,2,0.02857142857142857,0.7406907593850465
TEST,post_CE,legislation,75,DEV002,2,0.02666666666666667,0.7406907593850465
TEST,pre_CE,legislation,10,DEV003,1,0.1,1.0
TEST,pre_CE,legislation,20,DEV003,1,0.05,1.0
TEST,pre_CE,legislation,30,DEV003,1,0.03333333333333333,1.0
TEST,pre_CE,legislation,40,DEV003,1,0.025,1.0
TEST,pre_CE,legislation,50,DEV003,1,0.02,1.0
TEST,pre_CE,legislation,60,DEV003,1,0.016666666666666666,1.0
TEST,pre_CE,legislation,70,DEV003,1,0.014285714285714285,1.0
TEST,pre_CE,legislation,75,DEV003,1,0.013333333333333334,1.0
TEST,post_CE,legislation,10,DEV003,1,0.1,0.5
TEST,post_CE,legislation,20,DEV003,1,0.05,0.5
TEST,post_CE,legislation,30,DEV003,1,0.03333333333333333,0.5
TEST,post_CE,legislation,40,DEV003,1,0.025,0.5
TEST,post_CE,legislation,50,DEV003,1,0.02,0.5
TEST,post_CE,legislation,60,DEV003,1,0.016666666666666666,0.5
TEST,post_CE,legislation,70,DEV003,1,0.014285714285714285,0.5
TEST,post_CE,legislation,75,DEV003,1,0.013333333333333334,0.5
TEST,pre_CE,legislation,10,DEV006,2,0.1,0.6131471927654584
TEST,pre_CE,legislation,20,DEV006,2,0.05,0.6131471927654584
TEST,pre_CE,legislation,30,DEV006,2,0.03333333333333333,0.6131471927654584
TEST,pre_CE,legislation,40,DEV006,2,0.025,0.6131471927654584
TEST,pre_CE,legislation,50,DEV006,2,0.02,0.6131471927654584
TEST,pre_CE,legislation,60,DEV006,2,0.016666666666666666,0.6131471927654584
TEST,pre_CE,legislation,70,DEV006,2,0.014285714285714285,0.6131471927654584
TEST,pre_CE,legislation,75,DEV006,2,0.013333333333333334,0.6131471927654584
TEST,post_CE,legislation,10,DEV006,2,0.0,0.0
TEST,post_CE,legislation,20,DEV006,2,0.05,0.14434031438272124
TEST,post_CE,legislation,30,DEV006,2,0.03333333333333333,0.14434031438272124
TEST,post_CE,legislation,40,DEV006,2,0.025,0.14434031438272124
TEST,post_CE,legislation,50,DEV006,2,0.02,0.14434031438272124
TEST,post_CE,legislation,60,DEV006,2,0.016666666666666666,0.14434031438272124
TEST,post_CE,legislation,70,DEV006,2,0.014285714285714285,0.14434031438272124
TEST,post_CE,legislation,75,DEV006,2,0.013333333333333334,0.14434031438272124
TEST,pre_CE,legislation,10,DEV008,1,0.1,0.6309297535714575
TEST,pre_CE,legislation,20,DEV008,1,0.05,0.6309297535714575
TEST,pre_CE,legislation,30,DEV008,1,0.03333333333333333,0.6309297535714575
TEST,pre_CE,legislation,40,DEV008,1,0.025,0.6309297535714575
TEST,pre_CE,legislation,50,DEV008,1,0.02,0.6309297535714575
TEST,pre_CE,legislation,60,DEV008,1,0.016666666666666666,0.6309297535714575
TEST,pre_CE,legislation,70,DEV008,1,0.014285714285714285,0.6309297535714575
TEST,pre_CE,legislation,75,DEV008,1,0.013333333333333334,0.6309297535714575
TEST,post_CE,legislation,10,DEV008,1,0.1,0.6309297535714575
TEST,post_CE,legislation,20,DEV008,1,0.05,0.6309297535714575
TEST,post_CE,legislation,30,DEV008,1,0.03333333333333333,0.6309297535714575
TEST,post_CE,legislation,40,DEV008,1,0.025,0.6309297535714575
TEST,post_CE,legislation,50,DEV008,1,0.02,0.6309297535714575
TEST,post_CE,legislation,60,DEV008,1,0.016666666666666666,0.6309297535714575
TEST,post_CE,legislation,70,DEV008,1,0.014285714285714285,0.6309297535714575
TEST,post_CE,legislation,75,DEV008,1,0.013333333333333334,0.6309297535714575
TEST,pre_CE,legislation,10,DEV009,2,0.2,0.44130740935663865
TEST,pre_CE,legislation,20,DEV009,2,0.1,0.44130740935663865
TEST,pre_CE,legislation,30,DEV009,2,0.06666666666666667,0.44130740935663865
TEST,pre_CE,legislation,40,DEV009,2,0.05,0.44130740935663865
TEST,pre_CE,legislation,50,DEV009,2,0.04,0.44130740935663865
TEST,pre_CE,legislation,60,DEV009,2,0.03333333333333333,0.44130740935663865
TEST,pre_CE,legislation,70,DEV009,2,0.02857142857142857,0.44130740935663865
TEST,pre_CE,legislation,75,DEV009,2,0.02666666666666667,0.44130740935663865
TEST,post_CE,legislation,10,DEV009,2,0.1,0.20438239758848611
TEST,post_CE,legislation,20,DEV009,2,0.05,0.20438239758848611
TEST,post_CE,legislation,30,DEV009,2,0.03333333333333333,0.20438239758848611
TEST,post_CE,legislation,40,DEV009,2,0.025,0.20438239758848611
TEST,post_CE,legislation,50,DEV009,2,0.04,0.31669210958713245
TEST,post_CE,legislation,60,DEV009,2,0.03333333333333333,0.31669210958713245
TEST,post_CE,legislation,70,DEV009,2,0.02857142857142857,0.31669210958713245
TEST,post_CE,legislation,75,DEV009,2,0.02666666666666667,0.31669210958713245
TEST,pre_CE,legislation,10,DEV010,1,0.0,0.0
TEST,pre_CE,legislation,20,DEV010,1,0.0,0.0
TEST,pre_CE,legislation,30,DEV010,1,0.03333333333333333,0.2103099178571525
TEST,pre_CE,legislation,40,DEV010,1,0.025,0.2103099178571525
TEST,pre_CE,legislation,50,DEV010,1,0.02,0.2103099178571525
TEST,pre_CE,legislation,60,DEV010,1,0.016666666666666666,0.2103099178571525
TEST,pre_CE,legislation,70,DEV010,1,0.014285714285714285,0.2103099178571525
TEST,pre_CE,legislation,75,DEV010,1,0.013333333333333334,0.2103099178571525
TEST,post_CE,legislation,10,DEV010,1,0.1,0.6309297535714575
TEST,post_CE,legislation,20,DEV010,1,0.05,0.6309297535714575
TEST,post_CE,legislation,30,DEV010,1,0.03333333333333333,0.6309297535714575
TEST,post_CE,legislation,40,DEV010,1,0.025,0.6309297535714575
TEST,post_CE,legislation,50,DEV010,1,0.02,0.6309297535714575
TEST,post_CE,legislation,60,DEV010,1,0.016666666666666666,0.6309297535714575
TEST,post_CE,legislation,70,DEV010,1,0.014285714285714285,0.6309297535714575
TEST,post_CE,legislation,75,DEV010,1,0.013333333333333334,0.6309297535714575
TEST,pre_CE,legislation,10,DEV015,2,0.1,0.18457569677956817
TEST,pre_CE,legislation,20,DEV015,2,0.05,0.18457569677956817
TEST,pre_CE,legislation,30,DEV015,2,0.03333333333333333,0.18457569677956817
TEST,pre_CE,legislation,40,DEV015,2,0.025,0.18457569677956817
TEST,pre_CE,legislation,50,DEV015,2,0.02,0.18457569677956817
TEST,pre_CE,legislation,60,DEV015,2,0.016666666666666666,0.18457569677956817
TEST,pre_CE,legislation,70,DEV015,2,0.014285714285714285,0.18457569677956817
TEST,pre_CE,legislation,75,DEV015,2,0.013333333333333334,0.18457569677956817
TEST,post_CE,legislation,10,DEV015,2,0.0,0.0
TEST,post_CE,legislation,20,DEV015,2,0.05,0.14704034066641014
TEST,post_CE,legislation,30,DEV015,2,0.03333333333333333,0.14704034066641014
TEST,post_CE,legislation,40,DEV015,2,0.025,0.14704034066641014
TEST,post_CE,legislation,50,DEV015,2,0.02,0.14704034066641014
TEST,post_CE,legislation,60,DEV015,2,0.016666666666666666,0.14704034066641014
TEST,post_CE,legislation,70,DEV015,2,0.014285714285714285,0.14704034066641014
TEST,post_CE,legislation,75,DEV015,2,0.013333333333333334,0.14704034066641014
TEST,pre_CE,legislation,10,DEV016,2,0.2,1.0
TEST,pre_CE,legislation,20,DEV016,2,0.1,1.0
TEST,pre_CE,legislation,30,DEV016,2,0.06666666666666667,1.0
TEST,pre_CE,legislation,40,DEV016,2,0.05,1.0
TEST,pre_CE,legislation,50,DEV016,2,0.04,1.0
TEST,pre_CE,legislation,60,DEV016,2,0.03333333333333333,1.0
TEST,pre_CE,legislation,70,DEV016,2,0.02857142857142857,1.0
TEST,pre_CE,legislation,75,DEV016,2,0.02666666666666667,1.0
TEST,post_CE,legislation,10,DEV016,2,0.1,0.6131471927654584
TEST,post_CE,legislation,20,DEV016,2,0.1,0.7841802768331765
TEST,post_CE,legislation,30,DEV016,2,0.06666666666666667,0.7841802768331765
TEST,post_CE,legislation,40,DEV016,2,0.05,0.7841802768331765
TEST,post_CE,legislation,50,DEV016,2,0.04,0.7841802768331765
TEST,post_CE,legislation,60,DEV016,2,0.03333333333333333,0.7841802768331765
TEST,post_CE,legislation,70,DEV016,2,0.02857142857142857,0.7841802768331765
TEST,post_CE,legislation,75,DEV016,2,0.02666666666666667,0.7841802768331765
TEST,pre_CE,legislation,10,DEV019,3,0.0,0.0
TEST,pre_CE,legislation,20,DEV019,3,0.0,0.0
TEST,pre_CE,legislation,30,DEV019,3,0.03333333333333333,0.09869397032195508
TEST,pre_CE,legislation,40,DEV019,3,0.05,0.19172372075756125
TEST,pre_CE,legislation,50,DEV019,3,0.04,0.19172372075756125
TEST,pre_CE,legislation,60,DEV019,3,0.03333333333333333,0.19172372075756125
TEST,pre_CE,legislation,70,DEV019,3,0.02857142857142857,0.19172372075756125
TEST,pre_CE,legislation,75,DEV019,3,0.02666666666666667,0.19172372075756125
TEST,post_CE,legislation,10,DEV019,3,0.1,0.23463936301137822
TEST,post_CE,legislation,20,DEV019,3,0.05,0.23463936301137822
TEST,post_CE,legislation,30,DEV019,3,0.06666666666666667,0.3383803376197609
TEST,post_CE,legislation,40,DEV019,3,0.05,0.3383803376197609
TEST,post_CE,legislation,50,DEV019,3,0.04,0.3383803376197609
TEST,post_CE,legislation,60,DEV019,3,0.03333333333333333,0.3383803376197609
TEST,post_CE,legislation,70,DEV019,3,0.02857142857142857,0.3383803376197609
TEST,post_CE,legislation,75,DEV019,3,0.02666666666666667,0.3383803376197609
TEST,pre_CE,legislation,10,DEV021,2,0.1,0.6131471927654584
TEST,pre_CE,legislation,20,DEV021,2,0.05,0.6131471927654584
TEST,pre_CE,legislation,30,DEV021,2,0.06666666666666667,0.7406907593850465
TEST,pre_CE,legislation,40,DEV021,2,0.05,0.7406907593850465
TEST,pre_CE,legislation,50,DEV021,2,0.04,0.7406907593850465
TEST,pre_CE,legislation,60,DEV021,2,0.03333333333333333,0.7406907593850465
TEST,pre_CE,legislation,70,DEV021,2,0.02857142857142857,0.7406907593850465
TEST,pre_CE,legislation,75,DEV021,2,0.02666666666666667,0.7406907593850465
TEST,post_CE,legislation,10,DEV021,2,0.2,1.0
TEST,post_CE,legislation,20,DEV021,2,0.1,1.0
TEST,post_CE,legislation,30,DEV021,2,0.06666666666666667,1.0
TEST,post_CE,legislation,40,DEV021,2,0.05,1.0
TEST,post_CE,legislation,50,DEV021,2,0.04,1.0
TEST,post_CE,legislation,60,DEV021,2,0.03333333333333333,1.0
TEST,post_CE,legislation,70,DEV021,2,0.02857142857142857,1.0
TEST,post_CE,legislation,75,DEV021,2,0.02666666666666667,1.0
TEST,pre_CE,legislation,10,DEV022,2,0.1,0.3065735963827292
TEST,pre_CE,legislation,20,DEV022,2,0.05,0.3065735963827292
TEST,pre_CE,legislation,30,DEV022,2,0.03333333333333333,0.3065735963827292
TEST,pre_CE,legislation,40,DEV022,2,0.025,0.3065735963827292
TEST,pre_CE,legislation,50,DEV022,2,0.02,0.3065735963827292
TEST,pre_CE,legislation,60,DEV022,2,0.016666666666666666,0.3065735963827292
TEST,pre_CE,legislation,70,DEV022,2,0.014285714285714285,0.3065735963827292
TEST,pre_CE,legislation,75,DEV022,2,0.013333333333333334,0.3065735963827292
TEST,post_CE,legislation,10,DEV022,2,0.1,0.21840743681816419
TEST,post_CE,legislation,20,DEV022,2,0.05,0.21840743681816419
TEST,post_CE,legislation,30,DEV022,2,0.03333333333333333,0.21840743681816419
TEST,post_CE,legislation,40,DEV022,2,0.025,0.21840743681816419
TEST,post_CE,legislation,50,DEV022,2,0.02,0.21840743681816419
TEST,post_CE,legislation,60,DEV022,2,0.016666666666666666,0.21840743681816419
TEST,post_CE,legislation,70,DEV022,2,0.014285714285714285,0.21840743681816419
TEST,post_CE,legislation,75,DEV022,2,0.013333333333333334,0.21840743681816419
TEST,pre_CE,legislation,10,DEV024,2,0.2,0.7903864795495061
TEST,pre_CE,legislation,20,DEV024,2,0.1,0.7903864795495061
TEST,pre_CE,legislation,30,DEV024,2,0.06666666666666667,0.7903864795495061
TEST,pre_CE,legislation,40,DEV024,2,0.05,0.7903864795495061
TEST,pre_CE,legislation,50,DEV024,2,0.04,0.7903864795495061
TEST,pre_CE,legislation,60,DEV024,2,0.03333333333333333,0.7903864795495061
TEST,pre_CE,legislation,70,DEV024,2,0.02857142857142857,0.7903864795495061
TEST,pre_CE,legislation,75,DEV024,2,0.02666666666666667,0.7903864795495061
TEST,post_CE,legislation,10,DEV024,2,0.1,0.2640681225725909
TEST,post_CE,legislation,20,DEV024,2,0.1,0.4173549207639555
TEST,post_CE,legislation,30,DEV024,2,0.06666666666666667,0.4173549207639555
TEST,post_CE,legislation,40,DEV024,2,0.05,0.4173549207639555
TEST,post_CE,legislation,50,DEV024,2,0.04,0.4173549207639555
TEST,post_CE,legislation,60,DEV024,2,0.03333333333333333,0.4173549207639555
TEST,post_CE,legislation,70,DEV024,2,0.02857142857142857,0.4173549207639555
TEST,post_CE,legislation,75,DEV024,2,0.02666666666666667,0.4173549207639555
TEST,pre_CE,legislation,10,DEV025,4,0.1,0.13012668333070054
TEST,pre_CE,legislation,20,DEV025,4,0.1,0.23265982194892243
TEST,pre_CE,legislation,30,DEV025,4,0.06666666666666667,0.23265982194892243
TEST,pre_CE,legislation,40,DEV025,4,0.05,0.23265982194892243
TEST,pre_CE,legislation,50,DEV025,4,0.04,0.23265982194892243
TEST,pre_CE,legislation,60,DEV025,4,0.05,0.2993005383180612
TEST,pre_CE,legislation,70,DEV025,4,0.05714285714285714,0.3634290693945514
TEST,pre_CE,legislation,75,DEV025,4,0.05333333333333334,0.3634290693945514
TEST,post_CE,legislation,10,DEV025,4,0.2,0.5032251913410369
TEST,post_CE,legislation,20,DEV025,4,0.15,0.6087207755761473
TEST,post_CE,legislation,30,DEV025,4,0.13333333333333333,0.6927845437117061
TEST,post_CE,legislation,40,DEV025,4,0.1,0.6927845437117061
TEST,post_CE,legislation,50,DEV025,4,0.08,0.6927845437117061
TEST,post_CE,legislation,60,DEV025,4,0.06666666666666667,0.6927845437117061
TEST,post_CE,legislation,70,DEV025,4,0.05714285714285714,0.6927845437117061
TEST,post_CE,legislation,75,DEV025,4,0.05333333333333334,0.6927845437117061
TEST,pre_CE,legislation,10,DEV028,1,0.1,1.0
TEST,pre_CE,legislation,20,DEV028,1,0.05,1.0
TEST,pre_CE,legislation,30,DEV028,1,0.03333333333333333,1.0
TEST,pre_CE,legislation,40,DEV028,1,0.025,1.0
TEST,pre_CE,legislation,50,DEV028,1,0.02,1.0
TEST,pre_CE,legislation,60,DEV028,1,0.016666666666666666,1.0
TEST,pre_CE,legislation,70,DEV028,1,0.014285714285714285,1.0
TEST,pre_CE,legislation,75,DEV028,1,0.013333333333333334,1.0
TEST,post_CE,legislation,10,DEV028,1,0.1,1.0
TEST,post_CE,legislation,20,DEV028,1,0.05,1.0
TEST,post_CE,legislation,30,DEV028,1,0.03333333333333333,1.0
TEST,post_CE,legislation,40,DEV028,1,0.025,1.0
TEST,post_CE,legislation,50,DEV028,1,0.02,1.0
TEST,post_CE,legislation,60,DEV028,1,0.016666666666666666,1.0
TEST,post_CE,legislation,70,DEV028,1,0.014285714285714285,1.0
TEST,post_CE,legislation,75,DEV028,1,0.013333333333333334,1.0
TEST,pre_CE,legislation,10,DEV032,1,0.0,0.0
TEST,pre_CE,legislation,20,DEV032,1,0.0,0.0
TEST,pre_CE,legislation,30,DEV032,1,0.0,0.0
TEST,pre_CE,legislation,40,DEV032,1,0.0,0.0
TEST,pre_CE,legislation,50,DEV032,1,0.0,0.0
TEST,pre_CE,legislation,60,DEV032,1,0.0,0.0
TEST,pre_CE,legislation,70,DEV032,1,0.0,0.0
TEST,pre_CE,legislation,75,DEV032,1,0.0,0.0
TEST,pre_CE,other,10,DEV032,1,0.0,0.0
TEST,pre_CE,other,20,DEV032,1,0.0,0.0
TEST,pre_CE,other,30,DEV032,1,0.0,0.0
TEST,pre_CE,other,40,DEV032,1,0.0,0.0
TEST,pre_CE,other,50,DEV032,1,0.0,0.0
TEST,pre_CE,other,60,DEV032,1,0.0,0.0
TEST,pre_CE,other,70,DEV032,1,0.0,0.0
TEST,pre_CE,other,75,DEV032,1,0.0,0.0
TEST,post_CE,legislation,10,DEV032,1,0.0,0.0
TEST,post_CE,legislation,20,DEV032,1,0.0,0.0
TEST,post_CE,legislation,30,DEV032,1,0.0,0.0
TEST,post_CE,legislation,40,DEV032,1,0.0,0.0
TEST,post_CE,legislation,50,DEV032,1,0.0,0.0
TEST,post_CE,legislation,60,DEV032,1,0.0,0.0
TEST,post_CE,legislation,70,DEV032,1,0.0,0.0
TEST,post_CE,legislation,75,DEV032,1,0.0,0.0
TEST,post_CE,other,10,DEV032,1,0.0,0.0
TEST,post_CE,other,20,DEV032,1,0.0,0.0
TEST,post_CE,other,30,DEV032,1,0.0,0.0
TEST,post_CE,other,40,DEV032,1,0.0,0.0
TEST,post_CE,other,50,DEV032,1,0.0,0.0
TEST,post_CE,other,60,DEV032,1,0.0,0.0
TEST,post_CE,other,70,DEV032,1,0.0,0.0
TEST,post_CE,other,75,DEV032,1,0.0,0.0
TEST,pre_CE,legislation,10,DEV033,2,0.2,0.7903864795495061
TEST,pre_CE,legislation,20,DEV033,2,0.1,0.7903864795495061
TEST,pre_CE,legislation,30,DEV033,2,0.06666666666666667,0.7903864795495061
TEST,pre_CE,legislation,40,DEV033,2,0.05,0.7903864795495061
TEST,pre_CE,legislation,50,DEV033,2,0.04,0.7903864795495061
TEST,pre_CE,legislation,60,DEV033,2,0.03333333333333333,0.7903864795495061
TEST,pre_CE,legislation,70,DEV033,2,0.02857142857142857,0.7903864795495061
TEST,pre_CE,legislation,75,DEV033,2,0.02666666666666667,0.7903864795495061
TEST,post_CE,legislation,10,DEV033,2,0.2,0.7977228895450266
TEST,post_CE,legislation,20,DEV033,2,0.1,0.7977228895450266
TEST,post_CE,legislation,30,DEV033,2,0.06666666666666667,0.7977228895450266
TEST,post_CE,legislation,40,DEV033,2,0.05,0.7977228895450266
TEST,post_CE,legislation,50,DEV033,2,0.04,0.7977228895450266
TEST,post_CE,legislation,60,DEV033,2,0.03333333333333333,0.7977228895450266
TEST,post_CE,legislation,70,DEV033,2,0.02857142857142857,0.7977228895450266
TEST,post_CE,legislation,75,DEV033,2,0.02666666666666667,0.7977228895450266
TEST,pre_CE,legislation,10,DEV036,1,0.1,0.3333333333333333
TEST,pre_CE,legislation,20,DEV036,1,0.05,0.3333333333333333
TEST,pre_CE,legislation,30,DEV036,1,0.03333333333333333,0.3333333333333333
TEST,pre_CE,legislation,40,DEV036,1,0.025,0.3333333333333333
TEST,pre_CE,legislation,50,DEV036,1,0.02,0.3333333333333333
TEST,pre_CE,legislation,60,DEV036,1,0.016666666666666666,0.3333333333333333
TEST,pre_CE,legislation,70,DEV036,1,0.014285714285714285,0.3333333333333333
TEST,pre_CE,legislation,75,DEV036,1,0.013333333333333334,0.3333333333333333
TEST,post_CE,legislation,10,DEV036,1,0.1,0.31546487678572877
TEST,post_CE,legislation,20,DEV036,1,0.05,0.31546487678572877
TEST,post_CE,legislation,30,DEV036,1,0.03333333333333333,0.31546487678572877
TEST,post_CE,legislation,40,DEV036,1,0.025,0.31546487678572877
TEST,post_CE,legislation,50,DEV036,1,0.02,0.31546487678572877
TEST,post_CE,legislation,60,DEV036,1,0.016666666666666666,0.31546487678572877
TEST,post_CE,legislation,70,DEV036,1,0.014285714285714285,0.31546487678572877
TEST,post_CE,legislation,75,DEV036,1,0.013333333333333334,0.31546487678572877
TEST,pre_CE,legislation,10,DEV037,2,0.1,0.3065735963827292
TEST,pre_CE,legislation,20,DEV037,2,0.05,0.3065735963827292
TEST,pre_CE,legislation,30,DEV037,2,0.03333333333333333,0.3065735963827292
TEST,pre_CE,legislation,40,DEV037,2,0.025,0.3065735963827292
TEST,pre_CE,legislation,50,DEV037,2,0.04,0.4146661944868683
TEST,pre_CE,legislation,60,DEV037,2,0.03333333333333333,0.4146661944868683
TEST,pre_CE,legislation,70,DEV037,2,0.02857142857142857,0.4146661944868683
TEST,pre_CE,legislation,75,DEV037,2,0.02666666666666667,0.4146661944868683
TEST,post_CE,legislation,10,DEV037,2,0.2,0.3889580943680543
TEST,post_CE,legislation,20,DEV037,2,0.1,0.3889580943680543
TEST,post_CE,legislation,30,DEV037,2,0.06666666666666667,0.3889580943680543
TEST,post_CE,legislation,40,DEV037,2,0.05,0.3889580943680543
TEST,post_CE,legislation,50,DEV037,2,0.04,0.3889580943680543
TEST,post_CE,legislation,60,DEV037,2,0.03333333333333333,0.3889580943680543
TEST,post_CE,legislation,70,DEV037,2,0.02857142857142857,0.3889580943680543
TEST,post_CE,legislation,75,DEV037,2,0.02666666666666667,0.3889580943680543
TEST,pre_CE,legislation,10,DEV038,4,0.1,0.3903800499921017
TEST,pre_CE,legislation,20,DEV038,4,0.1,0.48399805267969803
TEST,pre_CE,legislation,30,DEV038,4,0.06666666666666667,0.48399805267969803
TEST,pre_CE,legislation,40,DEV038,4,0.05,0.48399805267969803
TEST,pre_CE,legislation,50,DEV038,4,0.04,0.48399805267969803
TEST,pre_CE,legislation,60,DEV038,4,0.03333333333333333,0.48399805267969803
TEST,pre_CE,legislation,70,DEV038,4,0.04285714285714286,0.5481265837561883
TEST,pre_CE,legislation,75,DEV038,4,0.04,0.5481265837561883
TEST,post_CE,legislation,10,DEV038,4,0.3,0.8048099750039491
TEST,post_CE,legislation,20,DEV038,4,0.15,0.8048099750039491
TEST,post_CE,legislation,30,DEV038,4,0.1,0.8048099750039491
TEST,post_CE,legislation,40,DEV038,4,0.075,0.8048099750039491
TEST,post_CE,legislation,50,DEV038,4,0.06,0.8048099750039491
TEST,post_CE,legislation,60,DEV038,4,0.05,0.8048099750039491
TEST,post_CE,legislation,70,DEV038,4,0.04285714285714286,0.8048099750039491
TEST,post_CE,legislation,75,DEV038,4,0.04,0.8048099750039491
TEST,pre_CE,legislation,10,TEST002,2,0.1,0.21840743681816419
TEST,pre_CE,legislation,20,TEST002,2,0.05,0.21840743681816419
TEST,pre_CE,legislation,30,TEST002,2,0.06666666666666667,0.3459510034377522
TEST,pre_CE,legislation,40,TEST002,2,0.05,0.3459510034377522
TEST,pre_CE,legislation,50,TEST002,2,0.04,0.3459510034377522
TEST,pre_CE,legislation,60,TEST002,2,0.03333333333333333,0.3459510034377522
TEST,pre_CE,legislation,70,TEST002,2,0.02857142857142857,0.3459510034377522
TEST,pre_CE,legislation,75,TEST002,2,0.02666666666666667,0.3459510034377522
TEST,post_CE,legislation,10,TEST002,2,0.1,0.3065735963827292
TEST,post_CE,legislation,20,TEST002,2,0.05,0.3065735963827292
TEST,post_CE,legislation,30,TEST002,2,0.03333333333333333,0.3065735963827292
TEST,post_CE,legislation,40,TEST002,2,0.025,0.3065735963827292
TEST,post_CE,legislation,50,TEST002,2,0.02,0.3065735963827292
TEST,post_CE,legislation,60,TEST002,2,0.016666666666666666,0.3065735963827292
TEST,post_CE,legislation,70,TEST002,2,0.02857142857142857,0.40838524452534347
TEST,post_CE,legislation,75,TEST002,2,0.02666666666666667,0.40838524452534347
TEST,pre_CE,legislation,10,TEST006,2,0.1,0.6131471927654584
TEST,pre_CE,legislation,20,TEST006,2,0.1,0.7841802768331765
TEST,pre_CE,legislation,30,TEST006,2,0.06666666666666667,0.7841802768331765
TEST,pre_CE,legislation,40,TEST006,2,0.05,0.7841802768331765
TEST,pre_CE,legislation,50,TEST006,2,0.04,0.7841802768331765
TEST,pre_CE,legislation,60,TEST006,2,0.03333333333333333,0.7841802768331765
TEST,pre_CE,legislation,70,TEST006,2,0.02857142857142857,0.7841802768331765
TEST,pre_CE,legislation,75,TEST006,2,0.02666666666666667,0.7841802768331765
TEST,post_CE,legislation,10,TEST006,2,0.1,0.6131471927654584
TEST,post_CE,legislation,20,TEST006,2,0.05,0.6131471927654584
TEST,post_CE,legislation,30,TEST006,2,0.03333333333333333,0.6131471927654584
TEST,post_CE,legislation,40,TEST006,2,0.05,0.7317460491501064
TEST,post_CE,legislation,50,TEST006,2,0.04,0.7317460491501064
TEST,post_CE,legislation,60,TEST006,2,0.03333333333333333,0.7317460491501064
TEST,post_CE,legislation,70,TEST006,2,0.02857142857142857,0.7317460491501064
TEST,post_CE,legislation,75,TEST006,2,0.02666666666666667,0.7317460491501064
TEST,pre_CE,legislation,10,TEST007,3,0.2,0.6257049680303419
TEST,pre_CE,legislation,20,TEST007,3,0.15,0.7342858411313755
TEST,pre_CE,legislation,30,TEST007,3,0.1,0.7342858411313755
TEST,pre_CE,legislation,40,TEST007,3,0.075,0.7342858411313755
TEST,pre_CE,legislation,50,TEST007,3,0.06,0.7342858411313755
TEST,pre_CE,legislation,60,TEST007,3,0.05,0.7342858411313755
TEST,pre_CE,legislation,70,TEST007,3,0.04285714285714286,0.7342858411313755
TEST,pre_CE,legislation,75,TEST007,3,0.04,0.7342858411313755
TEST,post_CE,legislation,10,TEST007,3,0.1,0.20210734650054757
TEST,post_CE,legislation,20,TEST007,3,0.15,0.45032901817443394
TEST,post_CE,legislation,30,TEST007,3,0.1,0.45032901817443394
TEST,post_CE,legislation,40,TEST007,3,0.075,0.45032901817443394
TEST,post_CE,legislation,50,TEST007,3,0.06,0.45032901817443394
TEST,post_CE,legislation,60,TEST007,3,0.05,0.45032901817443394
TEST,post_CE,legislation,70,TEST007,3,0.04285714285714286,0.45032901817443394
TEST,post_CE,legislation,75,TEST007,3,0.04,0.45032901817443394
TEST,pre_CE,legislation,10,TEST008,1,0.0,0.0
TEST,pre_CE,legislation,20,TEST008,1,0.0,0.0
TEST,pre_CE,legislation,30,TEST008,1,0.0,0.0
TEST,pre_CE,legislation,40,TEST008,1,0.0,0.0
TEST,pre_CE,legislation,50,TEST008,1,0.0,0.0
TEST,pre_CE,legislation,60,TEST008,1,0.0,0.0
TEST,pre_CE,legislation,70,TEST008,1,0.0,0.0
TEST,pre_CE,legislation,75,TEST008,1,0.0,0.0
TEST,pre_CE,other,10,TEST008,1,0.0,0.0
TEST,pre_CE,other,20,TEST008,1,0.0,0.0
TEST,pre_CE,other,30,TEST008,1,0.0,0.0
TEST,pre_CE,other,40,TEST008,1,0.0,0.0
TEST,pre_CE,other,50,TEST008,1,0.0,0.0
TEST,pre_CE,other,60,TEST008,1,0.016666666666666666,0.17144160057391347
TEST,pre_CE,other,70,TEST008,1,0.014285714285714285,0.17144160057391347
TEST,pre_CE,other,75,TEST008,1,0.013333333333333334,0.17144160057391347
TEST,post_CE,legislation,10,TEST008,1,0.0,0.0
TEST,post_CE,legislation,20,TEST008,1,0.0,0.0
TEST,post_CE,legislation,30,TEST008,1,0.0,0.0
TEST,post_CE,legislation,40,TEST008,1,0.0,0.0
TEST,post_CE,legislation,50,TEST008,1,0.0,0.0
TEST,post_CE,legislation,60,TEST008,1,0.0,0.0
TEST,post_CE,legislation,70,TEST008,1,0.0,0.0
TEST,post_CE,legislation,75,TEST008,1,0.0,0.0
TEST,post_CE,other,10,TEST008,1,0.0,0.0
TEST,post_CE,other,20,TEST008,1,0.0,0.0
TEST,post_CE,other,30,TEST008,1,0.0,0.0
TEST,post_CE,other,40,TEST008,1,0.0,0.0
TEST,post_CE,other,50,TEST008,1,0.02,0.17905223175104137
TEST,post_CE,other,60,TEST008,1,0.016666666666666666,0.17905223175104137
TEST,post_CE,other,70,TEST008,1,0.014285714285714285,0.17905223175104137
TEST,post_CE,other,75,TEST008,1,0.013333333333333334,0.17905223175104137
TEST,pre_CE,legislation,10,TEST010,2,0.2,0.37800210039683896
TEST,pre_CE,legislation,20,TEST010,2,0.1,0.37800210039683896
TEST,pre_CE,legislation,30,TEST010,2,0.06666666666666667,0.37800210039683896
TEST,pre_CE,legislation,40,TEST010,2,0.05,0.37800210039683896
TEST,pre_CE,legislation,50,TEST010,2,0.04,0.37800210039683896
TEST,pre_CE,legislation,60,TEST010,2,0.03333333333333333,0.37800210039683896
TEST,pre_CE,legislation,70,TEST010,2,0.02857142857142857,0.37800210039683896
TEST,pre_CE,legislation,75,TEST010,2,0.02666666666666667,0.37800210039683896
TEST,post_CE,legislation,10,TEST010,2,0.2,0.5706417189553201
TEST,post_CE,legislation,20,TEST010,2,0.1,0.5706417189553201
TEST,post_CE,legislation,30,TEST010,2,0.06666666666666667,0.5706417189553201
TEST,post_CE,legislation,40,TEST010,2,0.05,0.5706417189553201
TEST,post_CE,legislation,50,TEST010,2,0.04,0.5706417189553201
TEST,post_CE,legislation,60,TEST010,2,0.03333333333333333,0.5706417189553201
TEST,post_CE,legislation,70,TEST010,2,0.02857142857142857,0.5706417189553201
TEST,post_CE,legislation,75,TEST010,2,0.02666666666666667,0.5706417189553201
TEST,pre_CE,legislation,10,TEST014,2,0.1,0.38685280723454163
TEST,pre_CE,legislation,20,TEST014,2,0.05,0.38685280723454163
TEST,pre_CE,legislation,30,TEST014,2,0.03333333333333333,0.38685280723454163
TEST,pre_CE,legislation,40,TEST014,2,0.025,0.38685280723454163
TEST,pre_CE,legislation,50,TEST014,2,0.02,0.38685280723454163
TEST,pre_CE,legislation,60,TEST014,2,0.016666666666666666,0.38685280723454163
TEST,pre_CE,legislation,70,TEST014,2,0.014285714285714285,0.38685280723454163
TEST,pre_CE,legislation,75,TEST014,2,0.013333333333333334,0.38685280723454163
TEST,post_CE,legislation,10,TEST014,2,0.1,0.18457569677956817
TEST,post_CE,legislation,20,TEST014,2,0.05,0.18457569677956817
TEST,post_CE,legislation,30,TEST014,2,0.03333333333333333,0.18457569677956817
TEST,post_CE,legislation,40,TEST014,2,0.025,0.18457569677956817
TEST,post_CE,legislation,50,TEST014,2,0.02,0.18457569677956817
TEST,post_CE,legislation,60,TEST014,2,0.016666666666666666,0.18457569677956817
TEST,post_CE,legislation,70,TEST014,2,0.014285714285714285,0.18457569677956817
TEST,post_CE,legislation,75,TEST014,2,0.013333333333333334,0.18457569677956817
TEST,pre_CE,legislation,10,TEST016,1,0.1,1.0
TEST,pre_CE,legislation,20,TEST016,1,0.05,1.0
TEST,pre_CE,legislation,30,TEST016,1,0.03333333333333333,1.0
TEST,pre_CE,legislation,40,TEST016,1,0.025,1.0
TEST,pre_CE,legislation,50,TEST016,1,0.02,1.0
TEST,pre_CE,legislation,60,TEST016,1,0.016666666666666666,1.0
TEST,pre_CE,legislation,70,TEST016,1,0.014285714285714285,1.0
TEST,pre_CE,legislation,75,TEST016,1,0.013333333333333334,1.0
TEST,pre_CE,other,10,TEST016,1,0.0,0.0
TEST,pre_CE,other,20,TEST016,1,0.0,0.0
TEST,pre_CE,other,30,TEST016,1,0.0,0.0
TEST,pre_CE,other,40,TEST016,1,0.0,0.0
TEST,pre_CE,other,50,TEST016,1,0.0,0.0
TEST,pre_CE,other,60,TEST016,1,0.0,0.0
TEST,pre_CE,other,70,TEST016,1,0.0,0.0
TEST,pre_CE,other,75,TEST016,1,0.0,0.0
TEST,post_CE,legislation,10,TEST016,1,0.1,1.0
TEST,post_CE,legislation,20,TEST016,1,0.05,1.0
TEST,post_CE,legislation,30,TEST016,1,0.03333333333333333,1.0
TEST,post_CE,legislation,40,TEST016,1,0.025,1.0
TEST,post_CE,legislation,50,TEST016,1,0.02,1.0
TEST,post_CE,legislation,60,TEST016,1,0.016666666666666666,1.0
TEST,post_CE,legislation,70,TEST016,1,0.014285714285714285,1.0
TEST,post_CE,legislation,75,TEST016,1,0.013333333333333334,1.0
TEST,post_CE,other,10,TEST016,1,0.0,0.0
TEST,post_CE,other,20,TEST016,1,0.0,0.0
TEST,post_CE,other,30,TEST016,1,0.0,0.0
TEST,post_CE,other,40,TEST016,1,0.0,0.0
TEST,post_CE,other,50,TEST016,1,0.0,0.0
TEST,post_CE,other,60,TEST016,1,0.0,0.0
TEST,post_CE,other,70,TEST016,1,0.0,0.0
TEST,post_CE,other,75,TEST016,1,0.0,0.0
TEST,pre_CE,legislation,10,TEST018,2,0.0,0.0
TEST,pre_CE,legislation,20,TEST018,2,0.0,0.0
TEST,pre_CE,legislation,30,TEST018,2,0.0,0.0
TEST,pre_CE,legislation,40,TEST018,2,0.0,0.0
TEST,pre_CE,legislation,50,TEST018,2,0.02,0.11299618070315114
TEST,pre_CE,legislation,60,TEST018,2,0.016666666666666666,0.11299618070315114
TEST,pre_CE,legislation,70,TEST018,2,0.014285714285714285,0.11299618070315114
TEST,pre_CE,legislation,75,TEST018,2,0.013333333333333334,0.11299618070315114
TEST,post_CE,legislation,10,TEST018,2,0.1,0.19342640361727081
TEST,post_CE,legislation,20,TEST018,2,0.05,0.19342640361727081
TEST,post_CE,legislation,30,TEST018,2,0.03333333333333333,0.19342640361727081
TEST,post_CE,legislation,40,TEST018,2,0.025,0.19342640361727081
TEST,post_CE,legislation,50,TEST018,2,0.02,0.19342640361727081
TEST,post_CE,legislation,60,TEST018,2,0.016666666666666666,0.19342640361727081
TEST,post_CE,legislation,70,TEST018,2,0.014285714285714285,0.19342640361727081
TEST,post_CE,legislation,75,TEST018,2,0.013333333333333334,0.19342640361727081
TEST,pre_CE,legislation,10,TEST020,4,0.0,0.0
TEST,pre_CE,legislation,20,TEST020,4,0.15,0.3079496293744676
TEST,pre_CE,legislation,30,TEST020,4,0.1,0.3079496293744676
TEST,pre_CE,legislation,40,TEST020,4,0.1,0.381809675181187
TEST,pre_CE,legislation,50,TEST020,4,0.08,0.381809675181187
TEST,pre_CE,legislation,60,TEST020,4,0.06666666666666667,0.381809675181187
TEST,pre_CE,legislation,70,TEST020,4,0.05714285714285714,0.381809675181187
TEST,pre_CE,legislation,75,TEST020,4,0.05333333333333334,0.381809675181187
TEST,post_CE,legislation,10,TEST020,4,0.3,0.6310473491188939
TEST,post_CE,legislation,20,TEST020,4,0.15,0.6310473491188939
TEST,post_CE,legislation,30,TEST020,4,0.13333333333333333,0.7185876644273711
TEST,post_CE,legislation,40,TEST020,4,0.1,0.7185876644273711
TEST,post_CE,legislation,50,TEST020,4,0.08,0.7185876644273711
TEST,post_CE,legislation,60,TEST020,4,0.06666666666666667,0.7185876644273711
TEST,post_CE,legislation,70,TEST020,4,0.05714285714285714,0.7185876644273711
TEST,post_CE,legislation,75,TEST020,4,0.05333333333333334,0.7185876644273711
TEST,pre_CE,legislation,10,FAQ001,1,0.1,1.0
TEST,pre_CE,legislation,20,FAQ001,1,0.05,1.0
TEST,pre_CE,legislation,30,FAQ001,1,0.03333333333333333,1.0
TEST,pre_CE,legislation,40,FAQ001,1,0.025,1.0
TEST,pre_CE,legislation,50,FAQ001,1,0.02,1.0
TEST,pre_CE,legislation,60,FAQ001,1,0.016666666666666666,1.0
TEST,pre_CE,legislation,70,FAQ001,1,0.014285714285714285,1.0
TEST,pre_CE,legislation,75,FAQ001,1,0.013333333333333334,1.0
TEST,post_CE,legislation,10,FAQ001,1,0.1,1.0
TEST,post_CE,legislation,20,FAQ001,1,0.05,1.0
TEST,post_CE,legislation,30,FAQ001,1,0.03333333333333333,1.0
TEST,post_CE,legislation,40,FAQ001,1,0.025,1.0
TEST,post_CE,legislation,50,FAQ001,1,0.02,1.0
TEST,post_CE,legislation,60,FAQ001,1,0.016666666666666666,1.0
TEST,post_CE,legislation,70,FAQ001,1,0.014285714285714285,1.0
TEST,post_CE,legislation,75,FAQ001,1,0.013333333333333334,1.0
TEST,pre_CE,legislation,10,FAQ004,1,0.1,0.6309297535714575
TEST,pre_CE,legislation,20,FAQ004,1,0.05,0.6309297535714575
TEST,pre_CE,legislation,30,FAQ004,1,0.03333333333333333,0.6309297535714575
TEST,pre_CE,legislation,40,FAQ004,1,0.025,0.6309297535714575
TEST,pre_CE,legislation,50,FAQ004,1,0.02,0.6309297535714575
TEST,pre_CE,legislation,60,FAQ004,1,0.016666666666666666,0.6309297535714575
TEST,pre_CE,legislation,70,FAQ004,1,0.014285714285714285,0.6309297535714575
TEST,pre_CE,legislation,75,FAQ004,1,0.013333333333333334,0.6309297535714575
TEST,post_CE,legislation,10,FAQ004,1,0.1,0.5
TEST,post_CE,legislation,20,FAQ004,1,0.05,0.5
TEST,post_CE,legislation,30,FAQ004,1,0.03333333333333333,0.5
TEST,post_CE,legislation,40,FAQ004,1,0.025,0.5
TEST,post_CE,legislation,50,FAQ004,1,0.02,0.5
TEST,post_CE,legislation,60,FAQ004,1,0.016666666666666666,0.5
TEST,post_CE,legislation,70,FAQ004,1,0.014285714285714285,0.5
TEST,post_CE,legislation,75,FAQ004,1,0.013333333333333334,0.5
TEST,pre_CE,legislation,10,FAQ005,1,0.1,1.0
TEST,pre_CE,legislation,20,FAQ005,1,0.05,1.0
TEST,pre_CE,legislation,30,FAQ005,1,0.03333333333333333,1.0
TEST,pre_CE,legislation,40,FAQ005,1,0.025,1.0
TEST,pre_CE,legislation,50,FAQ005,1,0.02,1.0
TEST,pre_CE,legislation,60,FAQ005,1,0.016666666666666666,1.0
TEST,pre_CE,legislation,70,FAQ005,1,0.014285714285714285,1.0
TEST,pre_CE,legislation,75,FAQ005,1,0.013333333333333334,1.0
TEST,post_CE,legislation,10,FAQ005,1,0.1,0.6309297535714575
TEST,post_CE,legislation,20,FAQ005,1,0.05,0.6309297535714575
TEST,post_CE,legislation,30,FAQ005,1,0.03333333333333333,0.6309297535714575
TEST,post_CE,legislation,40,FAQ005,1,0.025,0.6309297535714575
TEST,post_CE,legislation,50,FAQ005,1,0.02,0.6309297535714575
TEST,post_CE,legislation,60,FAQ005,1,0.016666666666666666,0.6309297535714575
TEST,post_CE,legislation,70,FAQ005,1,0.014285714285714285,0.6309297535714575
TEST,post_CE,legislation,75,FAQ005,1,0.013333333333333334,0.6309297535714575
TEST,pre_CE,legislation,10,FAQ010,1,0.0,0.0
TEST,pre_CE,legislation,20,FAQ010,1,0.0,0.0
TEST,pre_CE,legislation,30,FAQ010,1,0.0,0.0
TEST,pre_CE,legislation,40,FAQ010,1,0.0,0.0
TEST,pre_CE,legislation,50,FAQ010,1,0.0,0.0
TEST,pre_CE,legislation,60,FAQ010,1,0.0,0.0
TEST,pre_CE,legislation,70,FAQ010,1,0.0,0.0
TEST,pre_CE,legislation,75,FAQ010,1,0.0,0.0
TEST,post_CE,legislation,10,FAQ010,1,0.0,0.0
TEST,post_CE,legislation,20,FAQ010,1,0.0,0.0
TEST,post_CE,legislation,30,FAQ010,1,0.0,0.0
TEST,post_CE,legislation,40,FAQ010,1,0.0,0.0
TEST,post_CE,legislation,50,FAQ010,1,0.0,0.0
TEST,post_CE,legislation,60,FAQ010,1,0.0,0.0
TEST,post_CE,legislation,70,FAQ010,1,0.0,0.0
TEST,post_CE,legislation,75,FAQ010,1,0.0,0.0
TEST,pre_CE,legislation,10,FAQ015,1,0.0,0.0
TEST,pre_CE,legislation,20,FAQ015,1,0.05,0.23540891336663824
TEST,pre_CE,legislation,30,FAQ015,1,0.03333333333333333,0.23540891336663824
TEST,pre_CE,legislation,40,FAQ015,1,0.025,0.23540891336663824
TEST,pre_CE,legislation,50,FAQ015,1,0.02,0.23540891336663824
TEST,pre_CE,legislation,60,FAQ015,1,0.016666666666666666,0.23540891336663824
TEST,pre_CE,legislation,70,FAQ015,1,0.014285714285714285,0.23540891336663824
TEST,pre_CE,legislation,75,FAQ015,1,0.013333333333333334,0.23540891336663824
TEST,post_CE,legislation,10,FAQ015,1,0.0,0.0
TEST,post_CE,legislation,20,FAQ015,1,0.05,0.26264953503719357
TEST,post_CE,legislation,30,FAQ015,1,0.03333333333333333,0.26264953503719357
TEST,post_CE,legislation,40,FAQ015,1,0.025,0.26264953503719357
TEST,post_CE,legislation,50,FAQ015,1,0.02,0.26264953503719357
TEST,post_CE,legislation,60,FAQ015,1,0.016666666666666666,0.26264953503719357
TEST,post_CE,legislation,70,FAQ015,1,0.014285714285714285,0.26264953503719357
TEST,post_CE,legislation,75,FAQ015,1,0.013333333333333334,0.26264953503719357
TEST,pre_CE,legislation,10,FAQ016,1,0.1,1.0
TEST,pre_CE,legislation,20,FAQ016,1,0.05,1.0
TEST,pre_CE,legislation,30,FAQ016,1,0.03333333333333333,1.0
TEST,pre_CE,legislation,40,FAQ016,1,0.025,1.0
TEST,pre_CE,legislation,50,FAQ016,1,0.02,1.0
TEST,pre_CE,legislation,60,FAQ016,1,0.016666666666666666,1.0
TEST,pre_CE,legislation,70,FAQ016,1,0.014285714285714285,1.0
TEST,pre_CE,legislation,75,FAQ016,1,0.013333333333333334,1.0
TEST,post_CE,legislation,10,FAQ016,1,0.1,1.0
TEST,post_CE,legislation,20,FAQ016,1,0.05,1.0
TEST,post_CE,legislation,30,FAQ016,1,0.03333333333333333,1.0
TEST,post_CE,legislation,40,FAQ016,1,0.025,1.0
TEST,post_CE,legislation,50,FAQ016,1,0.02,1.0
TEST,post_CE,legislation,60,FAQ016,1,0.016666666666666666,1.0
TEST,post_CE,legislation,70,FAQ016,1,0.014285714285714285,1.0
TEST,post_CE,legislation,75,FAQ016,1,0.013333333333333334,1.0
TEST,pre_CE,legislation,10,FAQ017,1,0.1,1.0
TEST,pre_CE,legislation,20,FAQ017,1,0.05,1.0
TEST,pre_CE,legislation,30,FAQ017,1,0.03333333333333333,1.0
TEST,pre_CE,legislation,40,FAQ017,1,0.025,1.0
TEST,pre_CE,legislation,50,FAQ017,1,0.02,1.0
TEST,pre_CE,legislation,60,FAQ017,1,0.016666666666666666,1.0
TEST,pre_CE,legislation,70,FAQ017,1,0.014285714285714285,1.0
TEST,pre_CE,legislation,75,FAQ017,1,0.013333333333333334,1.0
TEST,post_CE,legislation,10,FAQ017,1,0.1,1.0
TEST,post_CE,legislation,20,FAQ017,1,0.05,1.0
TEST,post_CE,legislation,30,FAQ017,1,0.03333333333333333,1.0
TEST,post_CE,legislation,40,FAQ017,1,0.025,1.0
TEST,post_CE,legislation,50,FAQ017,1,0.02,1.0
TEST,post_CE,legislation,60,FAQ017,1,0.016666666666666666,1.0
TEST,post_CE,legislation,70,FAQ017,1,0.014285714285714285,1.0
TEST,post_CE,legislation,75,FAQ017,1,0.013333333333333334,1.0
TEST,pre_CE,legislation,10,FAQ018,1,0.1,1.0
TEST,pre_CE,legislation,20,FAQ018,1,0.05,1.0
TEST,pre_CE,legislation,30,FAQ018,1,0.03333333333333333,1.0
TEST,pre_CE,legislation,40,FAQ018,1,0.025,1.0
TEST,pre_CE,legislation,50,FAQ018,1,0.02,1.0
TEST,pre_CE,legislation,60,FAQ018,1,0.016666666666666666,1.0
TEST,pre_CE,legislation,70,FAQ018,1,0.014285714285714285,1.0
TEST,pre_CE,legislation,75,FAQ018,1,0.013333333333333334,1.0
TEST,post_CE,legislation,10,FAQ018,1,0.1,1.0
TEST,post_CE,legislation,20,FAQ018,1,0.05,1.0
TEST,post_CE,legislation,30,FAQ018,1,0.03333333333333333,1.0
TEST,post_CE,legislation,40,FAQ018,1,0.025,1.0
TEST,post_CE,legislation,50,FAQ018,1,0.02,1.0
TEST,post_CE,legislation,60,FAQ018,1,0.016666666666666666,1.0
TEST,post_CE,legislation,70,FAQ018,1,0.014285714285714285,1.0
TEST,post_CE,legislation,75,FAQ018,1,0.013333333333333334,1.0
TEST,pre_CE,legislation,10,FAQ020,1,0.0,0.0
TEST,pre_CE,legislation,20,FAQ020,1,0.0,0.0
TEST,pre_CE,legislation,30,FAQ020,1,0.03333333333333333,0.22424382421757544
TEST,pre_CE,legislation,40,FAQ020,1,0.025,0.22424382421757544
TEST,pre_CE,legislation,50,FAQ020,1,0.02,0.22424382421757544
TEST,pre_CE,legislation,60,FAQ020,1,0.016666666666666666,0.22424382421757544
TEST,pre_CE,legislation,70,FAQ020,1,0.014285714285714285,0.22424382421757544
TEST,pre_CE,legislation,75,FAQ020,1,0.013333333333333334,0.22424382421757544
TEST,post_CE,legislation,10,FAQ020,1,0.1,0.6309297535714575
TEST,post_CE,legislation,20,FAQ020,1,0.05,0.6309297535714575
TEST,post_CE,legislation,30,FAQ020,1,0.03333333333333333,0.6309297535714575
TEST,post_CE,legislation,40,FAQ020,1,0.025,0.6309297535714575
TEST,post_CE,legislation,50,FAQ020,1,0.02,0.6309297535714575
TEST,post_CE,legislation,60,FAQ020,1,0.016666666666666666,0.6309297535714575
TEST,post_CE,legislation,70,FAQ020,1,0.014285714285714285,0.6309297535714575
TEST,post_CE,legislation,75,FAQ020,1,0.013333333333333334,0.6309297535714575
TEST,pre_CE,legislation,10,FAQ024,1,0.1,1.0
TEST,pre_CE,legislation,20,FAQ024,1,0.05,1.0
TEST,pre_CE,legislation,30,FAQ024,1,0.03333333333333333,1.0
TEST,pre_CE,legislation,40,FAQ024,1,0.025,1.0
TEST,pre_CE,legislation,50,FAQ024,1,0.02,1.0
TEST,pre_CE,legislation,60,FAQ024,1,0.016666666666666666,1.0
TEST,pre_CE,legislation,70,FAQ024,1,0.014285714285714285,1.0
TEST,pre_CE,legislation,75,FAQ024,1,0.013333333333333334,1.0
TEST,post_CE,legislation,10,FAQ024,1,0.1,1.0
TEST,post_CE,legislation,20,FAQ024,1,0.05,1.0
TEST,post_CE,legislation,30,FAQ024,1,0.03333333333333333,1.0
TEST,post_CE,legislation,40,FAQ024,1,0.025,1.0
TEST,post_CE,legislation,50,FAQ024,1,0.02,1.0
TEST,post_CE,legislation,60,FAQ024,1,0.016666666666666666,1.0
TEST,post_CE,legislation,70,FAQ024,1,0.014285714285714285,1.0
TEST,post_CE,legislation,75,FAQ024,1,0.013333333333333334,1.0
TEST,pre_CE,legislation,10,FAQ026,1,0.0,0.0
TEST,pre_CE,legislation,20,FAQ026,1,0.0,0.0
TEST,pre_CE,legislation,30,FAQ026,1,0.0,0.0
TEST,pre_CE,legislation,40,FAQ026,1,0.0,0.0
TEST,pre_CE,legislation,50,FAQ026,1,0.0,0.0
TEST,pre_CE,legislation,60,FAQ026,1,0.0,0.0
TEST,pre_CE,legislation,70,FAQ026,1,0.0,0.0
TEST,pre_CE,legislation,75,FAQ026,1,0.0,0.0
TEST,post_CE,legislation,10,FAQ026,1,0.0,0.0
TEST,post_CE,legislation,20,FAQ026,1,0.0,0.0
TEST,post_CE,legislation,30,FAQ026,1,0.0,0.0
TEST,post_CE,legislation,40,FAQ026,1,0.0,0.0
TEST,post_CE,legislation,50,FAQ026,1,0.0,0.0
TEST,post_CE,legislation,60,FAQ026,1,0.0,0.0
TEST,post_CE,legislation,70,FAQ026,1,0.0,0.0
TEST,post_CE,legislation,75,FAQ026,1,0.0,0.0
TEST,pre_CE,legislation,10,FAQ029,1,0.1,0.43067655807339306
TEST,pre_CE,legislation,20,FAQ029,1,0.05,0.43067655807339306
TEST,pre_CE,legislation,30,FAQ029,1,0.03333333333333333,0.43067655807339306
TEST,pre_CE,legislation,40,FAQ029,1,0.025,0.43067655807339306
TEST,pre_CE,legislation,50,FAQ029,1,0.02,0.43067655807339306
TEST,pre_CE,legislation,60,FAQ029,1,0.016666666666666666,0.43067655807339306
TEST,pre_CE,legislation,70,FAQ029,1,0.014285714285714285,0.43067655807339306
TEST,pre_CE,legislation,75,FAQ029,1,0.013333333333333334,0.43067655807339306
TEST,post_CE,legislation,10,FAQ029,1,0.1,1.0
TEST,post_CE,legislation,20,FAQ029,1,0.05,1.0
TEST,post_CE,legislation,30,FAQ029,1,0.03333333333333333,1.0
TEST,post_CE,legislation,40,FAQ029,1,0.025,1.0
TEST,post_CE,legislation,50,FAQ029,1,0.02,1.0
TEST,post_CE,legislation,60,FAQ029,1,0.016666666666666666,1.0
TEST,post_CE,legislation,70,FAQ029,1,0.014285714285714285,1.0
TEST,post_CE,legislation,75,FAQ029,1,0.013333333333333334,1.0
TEST,pre_CE,legislation,10,FAQ030,1,0.0,0.0
TEST,pre_CE,legislation,20,FAQ030,1,0.0,0.0
TEST,pre_CE,legislation,30,FAQ030,1,0.0,0.0
TEST,pre_CE,legislation,40,FAQ030,1,0.0,0.0
TEST,pre_CE,legislation,50,FAQ030,1,0.0,0.0
TEST,pre_CE,legislation,60,FAQ030,1,0.0,0.0
TEST,pre_CE,legislation,70,FAQ030,1,0.0,0.0
TEST,pre_CE,legislation,75,FAQ030,1,0.013333333333333334,0.16104477175644444
TEST,post_CE,legislation,10,FAQ030,1,0.0,0.0
TEST,post_CE,legislation,20,FAQ030,1,0.0,0.0
TEST,post_CE,legislation,30,FAQ030,1,0.0,0.0
TEST,post_CE,legislation,40,FAQ030,1,0.025,0.1965616322328226
TEST,post_CE,legislation,50,FAQ030,1,0.02,0.1965616322328226
TEST,post_CE,legislation,60,FAQ030,1,0.016666666666666666,0.1965616322328226
TEST,post_CE,legislation,70,FAQ030,1,0.014285714285714285,0.1965616322328226
TEST,post_CE,legislation,75,FAQ030,1,0.013333333333333334,0.1965616322328226
TEST,pre_CE,legislation,10,FAQ032,1,0.1,1.0
TEST,pre_CE,legislation,20,FAQ032,1,0.05,1.0
TEST,pre_CE,legislation,30,FAQ032,1,0.03333333333333333,1.0
TEST,pre_CE,legislation,40,FAQ032,1,0.025,1.0
TEST,pre_CE,legislation,50,FAQ032,1,0.02,1.0
TEST,pre_CE,legislation,60,FAQ032,1,0.016666666666666666,1.0
TEST,pre_CE,legislation,70,FAQ032,1,0.014285714285714285,1.0
TEST,pre_CE,legislation,75,FAQ032,1,0.013333333333333334,1.0
TEST,post_CE,legislation,10,FAQ032,1,0.1,1.0
TEST,post_CE,legislation,20,FAQ032,1,0.05,1.0
TEST,post_CE,legislation,30,FAQ032,1,0.03333333333333333,1.0
TEST,post_CE,legislation,40,FAQ032,1,0.025,1.0
TEST,post_CE,legislation,50,FAQ032,1,0.02,1.0
TEST,post_CE,legislation,60,FAQ032,1,0.016666666666666666,1.0
TEST,post_CE,legislation,70,FAQ032,1,0.014285714285714285,1.0
TEST,post_CE,legislation,75,FAQ032,1,0.013333333333333334,1.0
TEST,pre_CE,legislation,10,FAQ034,2,0.2,1.0
TEST,pre_CE,legislation,20,FAQ034,2,0.1,1.0
TEST,pre_CE,legislation,30,FAQ034,2,0.06666666666666667,1.0
TEST,pre_CE,legislation,40,FAQ034,2,0.05,1.0
TEST,pre_CE,legislation,50,FAQ034,2,0.04,1.0
TEST,pre_CE,legislation,60,FAQ034,2,0.03333333333333333,1.0
TEST,pre_CE,legislation,70,FAQ034,2,0.02857142857142857,1.0
TEST,pre_CE,legislation,75,FAQ034,2,0.02666666666666667,1.0
TEST,post_CE,legislation,10,FAQ034,2,0.2,0.8772153153380493
TEST,post_CE,legislation,20,FAQ034,2,0.1,0.8772153153380493
TEST,post_CE,legislation,30,FAQ034,2,0.06666666666666667,0.8772153153380493
TEST,post_CE,legislation,40,FAQ034,2,0.05,0.8772153153380493
TEST,post_CE,legislation,50,FAQ034,2,0.04,0.8772153153380493
TEST,post_CE,legislation,60,FAQ034,2,0.03333333333333333,0.8772153153380493
TEST,post_CE,legislation,70,FAQ034,2,0.02857142857142857,0.8772153153380493
TEST,post_CE,legislation,75,FAQ034,2,0.02666666666666667,0.8772153153380493
TEST,pre_CE,legislation,10,FAQ035,2,0.1,0.18457569677956817
TEST,pre_CE,legislation,20,FAQ035,2,0.05,0.18457569677956817
TEST,pre_CE,legislation,30,FAQ035,2,0.03333333333333333,0.18457569677956817
TEST,pre_CE,legislation,40,FAQ035,2,0.025,0.18457569677956817
TEST,pre_CE,legislation,50,FAQ035,2,0.04,0.2982832448877974
TEST,pre_CE,legislation,60,FAQ035,2,0.03333333333333333,0.2982832448877974
TEST,pre_CE,legislation,70,FAQ035,2,0.02857142857142857,0.2982832448877974
TEST,pre_CE,legislation,75,FAQ035,2,0.02666666666666667,0.2982832448877974
TEST,post_CE,legislation,10,FAQ035,2,0.0,0.0
TEST,post_CE,legislation,20,FAQ035,2,0.05,0.1395953738647505
TEST,post_CE,legislation,30,FAQ035,2,0.03333333333333333,0.1395953738647505
TEST,post_CE,legislation,40,FAQ035,2,0.025,0.1395953738647505
TEST,post_CE,legislation,50,FAQ035,2,0.04,0.2519050858633968
TEST,post_CE,legislation,60,FAQ035,2,0.03333333333333333,0.2519050858633968
TEST,post_CE,legislation,70,FAQ035,2,0.02857142857142857,0.2519050858633968
TEST,post_CE,legislation,75,FAQ035,2,0.02666666666666667,0.2519050858633968
TEST,pre_CE,legislation,10,FAQ037,1,0.1,0.5
TEST,pre_CE,legislation,20,FAQ037,1,0.05,0.5
TEST,pre_CE,legislation,30,FAQ037,1,0.03333333333333333,0.5
TEST,pre_CE,legislation,40,FAQ037,1,0.025,0.5
TEST,pre_CE,legislation,50,FAQ037,1,0.02,0.5
TEST,pre_CE,legislation,60,FAQ037,1,0.016666666666666666,0.5
TEST,pre_CE,legislation,70,FAQ037,1,0.014285714285714285,0.5
TEST,pre_CE,legislation,75,FAQ037,1,0.013333333333333334,0.5
TEST,post_CE,legislation,10,FAQ037,1,0.1,0.3562071871080222
TEST,post_CE,legislation,20,FAQ037,1,0.05,0.3562071871080222
TEST,post_CE,legislation,30,FAQ037,1,0.03333333333333333,0.3562071871080222
TEST,post_CE,legislation,40,FAQ037,1,0.025,0.3562071871080222
TEST,post_CE,legislation,50,FAQ037,1,0.02,0.3562071871080222
TEST,post_CE,legislation,60,FAQ037,1,0.016666666666666666,0.3562071871080222
TEST,post_CE,legislation,70,FAQ037,1,0.014285714285714285,0.3562071871080222
TEST,post_CE,legislation,75,FAQ037,1,0.013333333333333334,0.3562071871080222
TEST,pre_CE,legislation,10,FAQ039,2,0.0,0.0
TEST,pre_CE,legislation,20,FAQ039,2,0.0,0.0
TEST,pre_CE,legislation,30,FAQ039,2,0.0,0.0
TEST,pre_CE,legislation,40,FAQ039,2,0.0,0.0
TEST,pre_CE,legislation,50,FAQ039,2,0.0,0.0
TEST,pre_CE,legislation,60,FAQ039,2,0.016666666666666666,0.10380202288176846
TEST,pre_CE,legislation,70,FAQ039,2,0.014285714285714285,0.10380202288176846
TEST,pre_CE,legislation,75,FAQ039,2,0.013333333333333334,0.10380202288176846
TEST,post_CE,legislation,10,FAQ039,2,0.0,0.0
TEST,post_CE,legislation,20,FAQ039,2,0.0,0.0
TEST,post_CE,legislation,30,FAQ039,2,0.0,0.0
TEST,post_CE,legislation,40,FAQ039,2,0.0,0.0
TEST,post_CE,legislation,50,FAQ039,2,0.02,0.1137075481082292
TEST,post_CE,legislation,60,FAQ039,2,0.016666666666666666,0.1137075481082292
TEST,post_CE,legislation,70,FAQ039,2,0.014285714285714285,0.1137075481082292
TEST,post_CE,legislation,75,FAQ039,2,0.013333333333333334,0.1137075481082292
TEST,pre_CE,legislation,10,FAQ041,1,0.0,0.0
TEST,pre_CE,legislation,20,FAQ041,1,0.05,0.26264953503719357
TEST,pre_CE,legislation,30,FAQ041,1,0.03333333333333333,0.26264953503719357
TEST,pre_CE,legislation,40,FAQ041,1,0.025,0.26264953503719357
TEST,pre_CE,legislation,50,FAQ041,1,0.02,0.26264953503719357
TEST,pre_CE,legislation,60,FAQ041,1,0.016666666666666666,0.26264953503719357
TEST,pre_CE,legislation,70,FAQ041,1,0.014285714285714285,0.26264953503719357
TEST,pre_CE,legislation,75,FAQ041,1,0.013333333333333334,0.26264953503719357
TEST,post_CE,legislation,10,FAQ041,1,0.1,0.5
TEST,post_CE,legislation,20,FAQ041,1,0.05,0.5
TEST,post_CE,legislation,30,FAQ041,1,0.03333333333333333,0.5
TEST,post_CE,legislation,40,FAQ041,1,0.025,0.5
TEST,post_CE,legislation,50,FAQ041,1,0.02,0.5
TEST,post_CE,legislation,60,FAQ041,1,0.016666666666666666,0.5
TEST,post_CE,legislation,70,FAQ041,1,0.014285714285714285,0.5
TEST,post_CE,legislation,75,FAQ041,1,0.013333333333333334,0.5
TEST,pre_CE,legislation,10,FAQ044,1,0.1,1.0
TEST,pre_CE,legislation,20,FAQ044,1,0.05,1.0
TEST,pre_CE,legislation,30,FAQ044,1,0.03333333333333333,1.0
TEST,pre_CE,legislation,40,FAQ044,1,0.025,1.0
TEST,pre_CE,legislation,50,FAQ044,1,0.02,1.0
TEST,pre_CE,legislation,60,FAQ044,1,0.016666666666666666,1.0
TEST,pre_CE,legislation,70,FAQ044,1,0.014285714285714285,1.0
TEST,pre_CE,legislation,75,FAQ044,1,0.013333333333333334,1.0
TEST,post_CE,legislation,10,FAQ044,1,0.1,1.0
TEST,post_CE,legislation,20,FAQ044,1,0.05,1.0
TEST,post_CE,legislation,30,FAQ044,1,0.03333333333333333,1.0
TEST,post_CE,legislation,40,FAQ044,1,0.025,1.0
TEST,post_CE,legislation,50,FAQ044,1,0.02,1.0
TEST,post_CE,legislation,60,FAQ044,1,0.016666666666666666,1.0
TEST,post_CE,legislation,70,FAQ044,1,0.014285714285714285,1.0
TEST,post_CE,legislation,75,FAQ044,1,0.013333333333333334,1.0
TEST,pre_CE,legislation,10,FAQ047,1,0.1,1.0
TEST,pre_CE,legislation,20,FAQ047,1,0.05,1.0
TEST,pre_CE,legislation,30,FAQ047,1,0.03333333333333333,1.0
TEST,pre_CE,legislation,40,FAQ047,1,0.025,1.0
TEST,pre_CE,legislation,50,FAQ047,1,0.02,1.0
TEST,pre_CE,legislation,60,FAQ047,1,0.016666666666666666,1.0
TEST,pre_CE,legislation,70,FAQ047,1,0.014285714285714285,1.0
TEST,pre_CE,legislation,75,FAQ047,1,0.013333333333333334,1.0
TEST,post_CE,legislation,10,FAQ047,1,0.1,1.0
TEST,post_CE,legislation,20,FAQ047,1,0.05,1.0
TEST,post_CE,legislation,30,FAQ047,1,0.03333333333333333,1.0
TEST,post_CE,legislation,40,FAQ047,1,0.025,1.0
TEST,post_CE,legislation,50,FAQ047,1,0.02,1.0
TEST,post_CE,legislation,60,FAQ047,1,0.016666666666666666,1.0
TEST,post_CE,legislation,70,FAQ047,1,0.014285714285714285,1.0
TEST,post_CE,legislation,75,FAQ047,1,0.013333333333333334,1.0
TEST,pre_CE,legislation,10,FAQ048,2,0.2,0.430624116386567
TEST,pre_CE,legislation,20,FAQ048,2,0.1,0.430624116386567
TEST,pre_CE,legislation,30,FAQ048,2,0.06666666666666667,0.430624116386567
TEST,pre_CE,legislation,40,FAQ048,2,0.05,0.430624116386567
TEST,pre_CE,legislation,50,FAQ048,2,0.04,0.430624116386567
TEST,pre_CE,legislation,60,FAQ048,2,0.03333333333333333,0.430624116386567
TEST,pre_CE,legislation,70,FAQ048,2,0.02857142857142857,0.430624116386567
TEST,pre_CE,legislation,75,FAQ048,2,0.02666666666666667,0.430624116386567
TEST,post_CE,legislation,10,FAQ048,2,0.2,0.8772153153380493
TEST,post_CE,legislation,20,FAQ048,2,0.1,0.8772153153380493
TEST,post_CE,legislation,30,FAQ048,2,0.06666666666666667,0.8772153153380493
TEST,post_CE,legislation,40,FAQ048,2,0.05,0.8772153153380493
TEST,post_CE,legislation,50,FAQ048,2,0.04,0.8772153153380493
TEST,post_CE,legislation,60,FAQ048,2,0.03333333333333333,0.8772153153380493
TEST,post_CE,legislation,70,FAQ048,2,0.02857142857142857,0.8772153153380493
TEST,post_CE,legislation,75,FAQ048,2,0.02666666666666667,0.8772153153380493
TEST,pre_CE,legislation,10,FAQ049,1,0.0,0.0
TEST,pre_CE,legislation,20,FAQ049,1,0.05,0.227670248696953
TEST,pre_CE,legislation,30,FAQ049,1,0.03333333333333333,0.227670248696953
TEST,pre_CE,legislation,40,FAQ049,1,0.025,0.227670248696953
TEST,pre_CE,legislation,50,FAQ049,1,0.02,0.227670248696953
TEST,pre_CE,legislation,60,FAQ049,1,0.016666666666666666,0.227670248696953
TEST,pre_CE,legislation,70,FAQ049,1,0.014285714285714285,0.227670248696953
TEST,pre_CE,legislation,75,FAQ049,1,0.013333333333333334,0.227670248696953
TEST,post_CE,legislation,10,FAQ049,1,0.1,0.2890648263178879
TEST,post_CE,legislation,20,FAQ049,1,0.05,0.2890648263178879
TEST,post_CE,legislation,30,FAQ049,1,0.03333333333333333,0.2890648263178879
TEST,post_CE,legislation,40,FAQ049,1,0.025,0.2890648263178879
TEST,post_CE,legislation,50,FAQ049,1,0.02,0.2890648263178879
TEST,post_CE,legislation,60,FAQ049,1,0.016666666666666666,0.2890648263178879
TEST,post_CE,legislation,70,FAQ049,1,0.014285714285714285,0.2890648263178879
TEST,post_CE,legislation,75,FAQ049,1,0.013333333333333334,0.2890648263178879
TEST,pre_CE,legislation,10,FAQ050,1,0.1,0.3333333333333333
TEST,pre_CE,legislation,20,FAQ050,1,0.05,0.3333333333333333
TEST,pre_CE,legislation,30,FAQ050,1,0.03333333333333333,0.3333333333333333
TEST,pre_CE,legislation,40,FAQ050,1,0.025,0.3333333333333333
TEST,pre_CE,legislation,50,FAQ050,1,0.02,0.3333333333333333
TEST,pre_CE,legislation,60,FAQ050,1,0.016666666666666666,0.3333333333333333
TEST,pre_CE,legislation,70,FAQ050,1,0.014285714285714285,0.3333333333333333
TEST,pre_CE,legislation,75,FAQ050,1,0.013333333333333334,0.3333333333333333
TEST,post_CE,legislation,10,FAQ050,1,0.1,0.5
TEST,post_CE,legislation,20,FAQ050,1,0.05,0.5
TEST,post_CE,legislation,30,FAQ050,1,0.03333333333333333,0.5
TEST,post_CE,legislation,40,FAQ050,1,0.025,0.5
TEST,post_CE,legislation,50,FAQ050,1,0.02,0.5
TEST,post_CE,legislation,60,FAQ050,1,0.016666666666666666,0.5
TEST,post_CE,legislation,70,FAQ050,1,0.014285714285714285,0.5
TEST,post_CE,legislation,75,FAQ050,1,0.013333333333333334,0.5
TEST,pre_CE,legislation,10,FAQ056,1,0.1,0.6309297535714575
TEST,pre_CE,legislation,20,FAQ056,1,0.05,0.6309297535714575
TEST,pre_CE,legislation,30,FAQ056,1,0.03333333333333333,0.6309297535714575
TEST,pre_CE,legislation,40,FAQ056,1,0.025,0.6309297535714575
TEST,pre_CE,legislation,50,FAQ056,1,0.02,0.6309297535714575
TEST,pre_CE,legislation,60,FAQ056,1,0.016666666666666666,0.6309297535714575
TEST,pre_CE,legislation,70,FAQ056,1,0.014285714285714285,0.6309297535714575
TEST,pre_CE,legislation,75,FAQ056,1,0.013333333333333334,0.6309297535714575
TEST,post_CE,legislation,10,FAQ056,1,0.1,0.6309297535714575
TEST,post_CE,legislation,20,FAQ056,1,0.05,0.6309297535714575
TEST,post_CE,legislation,30,FAQ056,1,0.03333333333333333,0.6309297535714575
TEST,post_CE,legislation,40,FAQ056,1,0.025,0.6309297535714575
TEST,post_CE,legislation,50,FAQ056,1,0.02,0.6309297535714575
TEST,post_CE,legislation,60,FAQ056,1,0.016666666666666666,0.6309297535714575
TEST,post_CE,legislation,70,FAQ056,1,0.014285714285714285,0.6309297535714575
TEST,post_CE,legislation,75,FAQ056,1,0.013333333333333334,0.6309297535714575
TEST,pre_CE,legislation,10,FAQ057,1,0.1,0.3010299956639812
TEST,pre_CE,legislation,20,FAQ057,1,0.05,0.3010299956639812
TEST,pre_CE,legislation,30,FAQ057,1,0.03333333333333333,0.3010299956639812
TEST,pre_CE,legislation,40,FAQ057,1,0.025,0.3010299956639812
TEST,pre_CE,legislation,50,FAQ057,1,0.02,0.3010299956639812
TEST,pre_CE,legislation,60,FAQ057,1,0.016666666666666666,0.3010299956639812
TEST,pre_CE,legislation,70,FAQ057,1,0.014285714285714285,0.3010299956639812
TEST,pre_CE,legislation,75,FAQ057,1,0.013333333333333334,0.3010299956639812
TEST,post_CE,legislation,10,FAQ057,1,0.1,1.0
TEST,post_CE,legislation,20,FAQ057,1,0.05,1.0
TEST,post_CE,legislation,30,FAQ057,1,0.03333333333333333,1.0
TEST,post_CE,legislation,40,FAQ057,1,0.025,1.0
TEST,post_CE,legislation,50,FAQ057,1,0.02,1.0
TEST,post_CE,legislation,60,FAQ057,1,0.016666666666666666,1.0
TEST,post_CE,legislation,70,FAQ057,1,0.014285714285714285,1.0
TEST,post_CE,legislation,75,FAQ057,1,0.013333333333333334,1.0
TEST,pre_CE,legislation,10,FAQ060,2,0.1,0.20438239758848611
TEST,pre_CE,legislation,20,FAQ060,2,0.1,0.3576691957798507
TEST,pre_CE,legislation,30,FAQ060,2,0.06666666666666667,0.3576691957798507
TEST,pre_CE,legislation,40,FAQ060,2,0.05,0.3576691957798507
TEST,pre_CE,legislation,50,FAQ060,2,0.04,0.3576691957798507
TEST,pre_CE,legislation,60,FAQ060,2,0.03333333333333333,0.3576691957798507
TEST,pre_CE,legislation,70,FAQ060,2,0.02857142857142857,0.3576691957798507
TEST,pre_CE,legislation,75,FAQ060,2,0.02666666666666667,0.3576691957798507
TEST,post_CE,legislation,10,FAQ060,2,0.1,0.6131471927654584
TEST,post_CE,legislation,20,FAQ060,2,0.05,0.6131471927654584
TEST,post_CE,legislation,30,FAQ060,2,0.03333333333333333,0.6131471927654584
TEST,post_CE,legislation,40,FAQ060,2,0.05,0.7308461430643314
TEST,post_CE,legislation,50,FAQ060,2,0.04,0.7308461430643314
TEST,post_CE,legislation,60,FAQ060,2,0.03333333333333333,0.7308461430643314
TEST,post_CE,legislation,70,FAQ060,2,0.02857142857142857,0.7308461430643314
TEST,post_CE,legislation,75,FAQ060,2,0.02666666666666667,0.7308461430643314
TEST,pre_CE,legislation,10,FAQ074,1,0.1,0.31546487678572877
TEST,pre_CE,legislation,20,FAQ074,1,0.05,0.31546487678572877
TEST,pre_CE,legislation,30,FAQ074,1,0.03333333333333333,0.31546487678572877
TEST,pre_CE,legislation,40,FAQ074,1,0.025,0.31546487678572877
TEST,pre_CE,legislation,50,FAQ074,1,0.02,0.31546487678572877
TEST,pre_CE,legislation,60,FAQ074,1,0.016666666666666666,0.31546487678572877
TEST,pre_CE,legislation,70,FAQ074,1,0.014285714285714285,0.31546487678572877
TEST,pre_CE,legislation,75,FAQ074,1,0.013333333333333334,0.31546487678572877
TEST,post_CE,legislation,10,FAQ074,1,0.1,0.6309297535714575
TEST,post_CE,legislation,20,FAQ074,1,0.05,0.6309297535714575
TEST,post_CE,legislation,30,FAQ074,1,0.03333333333333333,0.6309297535714575
TEST,post_CE,legislation,40,FAQ074,1,0.025,0.6309297535714575
TEST,post_CE,legislation,50,FAQ074,1,0.02,0.6309297535714575
TEST,post_CE,legislation,60,FAQ074,1,0.016666666666666666,0.6309297535714575
TEST,post_CE,legislation,70,FAQ074,1,0.014285714285714285,0.6309297535714575
TEST,post_CE,legislation,75,FAQ074,1,0.013333333333333334,0.6309297535714575
TEST,pre_CE,legislation,10,FAQ076,1,0.1,0.31546487678572877
TEST,pre_CE,legislation,20,FAQ076,1,0.05,0.31546487678572877
TEST,pre_CE,legislation,30,FAQ076,1,0.03333333333333333,0.31546487678572877
TEST,pre_CE,legislation,40,FAQ076,1,0.025,0.31546487678572877
TEST,pre_CE,legislation,50,FAQ076,1,0.02,0.31546487678572877
TEST,pre_CE,legislation,60,FAQ076,1,0.016666666666666666,0.31546487678572877
TEST,pre_CE,legislation,70,FAQ076,1,0.014285714285714285,0.31546487678572877
TEST,pre_CE,legislation,75,FAQ076,1,0.013333333333333334,0.31546487678572877
TEST,post_CE,legislation,10,FAQ076,1,0.1,1.0
TEST,post_CE,legislation,20,FAQ076,1,0.05,1.0
TEST,post_CE,legislation,30,FAQ076,1,0.03333333333333333,1.0
TEST,post_CE,legislation,40,FAQ076,1,0.025,1.0
TEST,post_CE,legislation,50,FAQ076,1,0.02,1.0
TEST,post_CE,legislation,60,FAQ076,1,0.016666666666666666,1.0
TEST,post_CE,legislation,70,FAQ076,1,0.014285714285714285,1.0
TEST,post_CE,legislation,75,FAQ076,1,0.013333333333333334,1.0
TEST,pre_CE,legislation,10,FAQ079,1,0.1,0.6309297535714575
TEST,pre_CE,legislation,20,FAQ079,1,0.05,0.6309297535714575
TEST,pre_CE,legislation,30,FAQ079,1,0.03333333333333333,0.6309297535714575
TEST,pre_CE,legislation,40,FAQ079,1,0.025,0.6309297535714575
TEST,pre_CE,legislation,50,FAQ079,1,0.02,0.6309297535714575
TEST,pre_CE,legislation,60,FAQ079,1,0.016666666666666666,0.6309297535714575
TEST,pre_CE,legislation,70,FAQ079,1,0.014285714285714285,0.6309297535714575
TEST,pre_CE,legislation,75,FAQ079,1,0.013333333333333334,0.6309297535714575
TEST,post_CE,legislation,10,FAQ079,1,0.1,1.0
TEST,post_CE,legislation,20,FAQ079,1,0.05,1.0
TEST,post_CE,legislation,30,FAQ079,1,0.03333333333333333,1.0
TEST,post_CE,legislation,40,FAQ079,1,0.025,1.0
TEST,post_CE,legislation,50,FAQ079,1,0.02,1.0
TEST,post_CE,legislation,60,FAQ079,1,0.016666666666666666,1.0
TEST,post_CE,legislation,70,FAQ079,1,0.014285714285714285,1.0
TEST,post_CE,legislation,75,FAQ079,1,0.013333333333333334,1.0
TEST,pre_CE,legislation,10,FAQ082,1,0.1,0.43067655807339306
TEST,pre_CE,legislation,20,FAQ082,1,0.05,0.43067655807339306
TEST,pre_CE,legislation,30,FAQ082,1,0.03333333333333333,0.43067655807339306
TEST,pre_CE,legislation,40,FAQ082,1,0.025,0.43067655807339306
TEST,pre_CE,legislation,50,FAQ082,1,0.02,0.43067655807339306
TEST,pre_CE,legislation,60,FAQ082,1,0.016666666666666666,0.43067655807339306
TEST,pre_CE,legislation,70,FAQ082,1,0.014285714285714285,0.43067655807339306
TEST,pre_CE,legislation,75,FAQ082,1,0.013333333333333334,0.43067655807339306
TEST,post_CE,legislation,10,FAQ082,1,0.1,0.6309297535714575
TEST,post_CE,legislation,20,FAQ082,1,0.05,0.6309297535714575
TEST,post_CE,legislation,30,FAQ082,1,0.03333333333333333,0.6309297535714575
TEST,post_CE,legislation,40,FAQ082,1,0.025,0.6309297535714575
TEST,post_CE,legislation,50,FAQ082,1,0.02,0.6309297535714575
TEST,post_CE,legislation,60,FAQ082,1,0.016666666666666666,0.6309297535714575
TEST,post_CE,legislation,70,FAQ082,1,0.014285714285714285,0.6309297535714575
TEST,post_CE,legislation,75,FAQ082,1,0.013333333333333334,0.6309297535714575
TEST,pre_CE,legislation,10,FAQ084,1,0.1,0.31546487678572877
TEST,pre_CE,legislation,20,FAQ084,1,0.05,0.31546487678572877
TEST,pre_CE,legislation,30,FAQ084,1,0.03333333333333333,0.31546487678572877
TEST,pre_CE,legislation,40,FAQ084,1,0.025,0.31546487678572877
TEST,pre_CE,legislation,50,FAQ084,1,0.02,0.31546487678572877
TEST,pre_CE,legislation,60,FAQ084,1,0.016666666666666666,0.31546487678572877
TEST,pre_CE,legislation,70,FAQ084,1,0.014285714285714285,0.31546487678572877
TEST,pre_CE,legislation,75,FAQ084,1,0.013333333333333334,0.31546487678572877
TEST,post_CE,legislation,10,FAQ084,1,0.0,0.0
TEST,post_CE,legislation,20,FAQ084,1,0.0,0.0
TEST,post_CE,legislation,30,FAQ084,1,0.0,0.0
TEST,post_CE,legislation,40,FAQ084,1,0.0,0.0
TEST,post_CE,legislation,50,FAQ084,1,0.02,0.17629143438888212
TEST,post_CE,legislation,60,FAQ084,1,0.016666666666666666,0.17629143438888212
TEST,post_CE,legislation,70,FAQ084,1,0.014285714285714285,0.17629143438888212
TEST,post_CE,legislation,75,FAQ084,1,0.013333333333333334,0.17629143438888212
TEST,pre_CE,legislation,10,FAQ085,1,0.0,0.0
TEST,pre_CE,legislation,20,FAQ085,1,0.0,0.0
TEST,pre_CE,legislation,30,FAQ085,1,0.03333333333333333,0.21810429198553155
TEST,pre_CE,legislation,40,FAQ085,1,0.025,0.21810429198553155
TEST,pre_CE,legislation,50,FAQ085,1,0.02,0.21810429198553155
TEST,pre_CE,legislation,60,FAQ085,1,0.016666666666666666,0.21810429198553155
TEST,pre_CE,legislation,70,FAQ085,1,0.014285714285714285,0.21810429198553155
TEST,pre_CE,legislation,75,FAQ085,1,0.013333333333333334,0.21810429198553155
TEST,post_CE,legislation,10,FAQ085,1,0.0,0.0
TEST,post_CE,legislation,20,FAQ085,1,0.0,0.0
TEST,post_CE,legislation,30,FAQ085,1,0.03333333333333333,0.22424382421757544
TEST,post_CE,legislation,40,FAQ085,1,0.025,0.22424382421757544
TEST,post_CE,legislation,50,FAQ085,1,0.02,0.22424382421757544
TEST,post_CE,legislation,60,FAQ085,1,0.016666666666666666,0.22424382421757544
TEST,post_CE,legislation,70,FAQ085,1,0.014285714285714285,0.22424382421757544
TEST,post_CE,legislation,75,FAQ085,1,0.013333333333333334,0.22424382421757544
TEST,pre_CE,legislation,10,FAQ086,1,0.0,0.0
TEST,pre_CE,legislation,20,FAQ086,1,0.0,0.0
TEST,pre_CE,legislation,30,FAQ086,1,0.0,0.0
TEST,pre_CE,legislation,40,FAQ086,1,0.0,0.0
TEST,pre_CE,legislation,50,FAQ086,1,0.0,0.0
TEST,pre_CE,legislation,60,FAQ086,1,0.0,0.0
TEST,pre_CE,legislation,70,FAQ086,1,0.014285714285714285,0.16544255391905832
TEST,pre_CE,legislation,75,FAQ086,1,0.013333333333333334,0.16544255391905832
TEST,post_CE,legislation,10,FAQ086,1,0.1,1.0
TEST,post_CE,legislation,20,FAQ086,1,0.05,1.0
TEST,post_CE,legislation,30,FAQ086,1,0.03333333333333333,1.0
TEST,post_CE,legislation,40,FAQ086,1,0.025,1.0
TEST,post_CE,legislation,50,FAQ086,1,0.02,1.0
TEST,post_CE,legislation,60,FAQ086,1,0.016666666666666666,1.0
TEST,post_CE,legislation,70,FAQ086,1,0.014285714285714285,1.0
TEST,post_CE,legislation,75,FAQ086,1,0.013333333333333334,1.0
TEST,pre_CE,legislation,10,FAQ087,1,0.1,0.6309297535714575
TEST,pre_CE,legislation,20,FAQ087,1,0.05,0.6309297535714575
TEST,pre_CE,legislation,30,FAQ087,1,0.03333333333333333,0.6309297535714575
TEST,pre_CE,legislation,40,FAQ087,1,0.025,0.6309297535714575
TEST,pre_CE,legislation,50,FAQ087,1,0.02,0.6309297535714575
TEST,pre_CE,legislation,60,FAQ087,1,0.016666666666666666,0.6309297535714575
TEST,pre_CE,legislation,70,FAQ087,1,0.014285714285714285,0.6309297535714575
TEST,pre_CE,legislation,75,FAQ087,1,0.013333333333333334,0.6309297535714575
TEST,post_CE,legislation,10,FAQ087,1,0.1,1.0
TEST,post_CE,legislation,20,FAQ087,1,0.05,1.0
TEST,post_CE,legislation,30,FAQ087,1,0.03333333333333333,1.0
TEST,post_CE,legislation,40,FAQ087,1,0.025,1.0
TEST,post_CE,legislation,50,FAQ087,1,0.02,1.0
TEST,post_CE,legislation,60,FAQ087,1,0.016666666666666666,1.0
TEST,post_CE,legislation,70,FAQ087,1,0.014285714285714285,1.0
TEST,post_CE,legislation,75,FAQ087,1,0.013333333333333334,1.0
TEST,pre_CE,legislation,10,FAQ088,1,0.0,0.0
TEST,pre_CE,legislation,20,FAQ088,1,0.05,0.2559580248098155
TEST,pre_CE,legislation,30,FAQ088,1,0.03333333333333333,0.2559580248098155
TEST,pre_CE,legislation,40,FAQ088,1,0.025,0.2559580248098155
TEST,pre_CE,legislation,50,FAQ088,1,0.02,0.2559580248098155
TEST,pre_CE,legislation,60,FAQ088,1,0.016666666666666666,0.2559580248098155
TEST,pre_CE,legislation,70,FAQ088,1,0.014285714285714285,0.2559580248098155
TEST,pre_CE,legislation,75,FAQ088,1,0.013333333333333334,0.2559580248098155
TEST,post_CE,legislation,10,FAQ088,1,0.1,0.3010299956639812
TEST,post_CE,legislation,20,FAQ088,1,0.05,0.3010299956639812
TEST,post_CE,legislation,30,FAQ088,1,0.03333333333333333,0.3010299956639812
TEST,post_CE,legislation,40,FAQ088,1,0.025,0.3010299956639812
TEST,post_CE,legislation,50,FAQ088,1,0.02,0.3010299956639812
TEST,post_CE,legislation,60,FAQ088,1,0.016666666666666666,0.3010299956639812
TEST,post_CE,legislation,70,FAQ088,1,0.014285714285714285,0.3010299956639812
TEST,post_CE,legislation,75,FAQ088,1,0.013333333333333334,0.3010299956639812
TEST,pre_CE,legislation,10,FAQ089,2,0.1,0.19342640361727081
TEST,pre_CE,legislation,20,FAQ089,2,0.1,0.3644594876849889
TEST,pre_CE,legislation,30,FAQ089,2,0.06666666666666667,0.3644594876849889
TEST,pre_CE,legislation,40,FAQ089,2,0.05,0.3644594876849889
TEST,pre_CE,legislation,50,FAQ089,2,0.04,0.3644594876849889
TEST,pre_CE,legislation,60,FAQ089,2,0.03333333333333333,0.3644594876849889
TEST,pre_CE,legislation,70,FAQ089,2,0.02857142857142857,0.3644594876849889
TEST,pre_CE,legislation,75,FAQ089,2,0.02666666666666667,0.3644594876849889
TEST,post_CE,legislation,10,FAQ089,2,0.2,0.48381288316677695
TEST,post_CE,legislation,20,FAQ089,2,0.1,0.48381288316677695
TEST,post_CE,legislation,30,FAQ089,2,0.06666666666666667,0.48381288316677695
TEST,post_CE,legislation,40,FAQ089,2,0.05,0.48381288316677695
TEST,post_CE,legislation,50,FAQ089,2,0.04,0.48381288316677695
TEST,post_CE,legislation,60,FAQ089,2,0.03333333333333333,0.48381288316677695
TEST,post_CE,legislation,70,FAQ089,2,0.02857142857142857,0.48381288316677695
TEST,post_CE,legislation,75,FAQ089,2,0.02666666666666667,0.48381288316677695
TEST,pre_CE,other,10,FAQ090,1,0.1,0.3562071871080222
TEST,pre_CE,other,20,FAQ090,1,0.05,0.3562071871080222
TEST,pre_CE,other,30,FAQ090,1,0.03333333333333333,0.3562071871080222
TEST,pre_CE,other,40,FAQ090,1,0.025,0.3562071871080222
TEST,pre_CE,other,50,FAQ090,1,0.02,0.3562071871080222
TEST,pre_CE,other,60,FAQ090,1,0.016666666666666666,0.3562071871080222
TEST,pre_CE,other,70,FAQ090,1,0.014285714285714285,0.3562071871080222
TEST,pre_CE,other,75,FAQ090,1,0.013333333333333334,0.3562071871080222
TEST,post_CE,other,10,FAQ090,1,0.1,1.0
TEST,post_CE,other,20,FAQ090,1,0.05,1.0
TEST,post_CE,other,30,FAQ090,1,0.03333333333333333,1.0
TEST,post_CE,other,40,FAQ090,1,0.025,1.0
TEST,post_CE,other,50,FAQ090,1,0.02,1.0
TEST,post_CE,other,60,FAQ090,1,0.016666666666666666,1.0
TEST,post_CE,other,70,FAQ090,1,0.014285714285714285,1.0
TEST,post_CE,other,75,FAQ090,1,0.013333333333333334,1.0
TEST,pre_CE,other,10,EXP_PPN001,3,0.0,0.0
TEST,pre_CE,other,20,EXP_PPN001,3,0.0,0.0
TEST,pre_CE,other,30,EXP_PPN001,3,0.03333333333333333,0.09659953929285248
TEST,pre_CE,other,40,EXP_PPN001,3,0.05,0.18884173165202506
TEST,pre_CE,other,50,EXP_PPN001,3,0.04,0.18884173165202506
TEST,pre_CE,other,60,EXP_PPN001,3,0.03333333333333333,0.18884173165202506
TEST,pre_CE,other,70,EXP_PPN001,3,0.04285714285714286,0.2667643595273177
TEST,pre_CE,other,75,EXP_PPN001,3,0.04,0.2667643595273177
TEST,post_CE,other,10,EXP_PPN001,3,0.0,0.0
TEST,post_CE,other,20,EXP_PPN001,3,0.0,0.0
TEST,post_CE,other,30,EXP_PPN001,3,0.03333333333333333,0.09472348220010487
TEST,post_CE,other,40,EXP_PPN001,3,0.05,0.1862136036210636
TEST,post_CE,other,50,EXP_PPN001,3,0.06,0.27269643246130876
TEST,post_CE,other,60,EXP_PPN001,3,0.05,0.27269643246130876
TEST,post_CE,other,70,EXP_PPN001,3,0.04285714285714286,0.27269643246130876
TEST,post_CE,other,75,EXP_PPN001,3,0.04,0.27269643246130876
TEST,pre_CE,other,10,EXP_PPN003,1,0.1,0.6309297535714575
TEST,pre_CE,other,20,EXP_PPN003,1,0.05,0.6309297535714575
TEST,pre_CE,other,30,EXP_PPN003,1,0.03333333333333333,0.6309297535714575
TEST,pre_CE,other,40,EXP_PPN003,1,0.025,0.6309297535714575
TEST,pre_CE,other,50,EXP_PPN003,1,0.02,0.6309297535714575
TEST,pre_CE,other,60,EXP_PPN003,1,0.016666666666666666,0.6309297535714575
TEST,pre_CE,other,70,EXP_PPN003,1,0.014285714285714285,0.6309297535714575
TEST,pre_CE,other,75,EXP_PPN003,1,0.013333333333333334,0.6309297535714575
TEST,post_CE,other,10,EXP_PPN003,1,0.1,0.6309297535714575
TEST,post_CE,other,20,EXP_PPN003,1,0.05,0.6309297535714575
TEST,post_CE,other,30,EXP_PPN003,1,0.03333333333333333,0.6309297535714575
TEST,post_CE,other,40,EXP_PPN003,1,0.025,0.6309297535714575
TEST,post_CE,other,50,EXP_PPN003,1,0.02,0.6309297535714575
TEST,post_CE,other,60,EXP_PPN003,1,0.016666666666666666,0.6309297535714575
TEST,post_CE,other,70,EXP_PPN003,1,0.014285714285714285,0.6309297535714575
TEST,post_CE,other,75,EXP_PPN003,1,0.013333333333333334,0.6309297535714575
TEST,pre_CE,legislation,10,EXP_PPN006,1,0.1,1.0
TEST,pre_CE,legislation,20,EXP_PPN006,1,0.05,1.0
TEST,pre_CE,legislation,30,EXP_PPN006,1,0.03333333333333333,1.0
TEST,pre_CE,legislation,40,EXP_PPN006,1,0.025,1.0
TEST,pre_CE,legislation,50,EXP_PPN006,1,0.02,1.0
TEST,pre_CE,legislation,60,EXP_PPN006,1,0.016666666666666666,1.0
TEST,pre_CE,legislation,70,EXP_PPN006,1,0.014285714285714285,1.0
TEST,pre_CE,legislation,75,EXP_PPN006,1,0.013333333333333334,1.0
TEST,pre_CE,other,10,EXP_PPN006,3,0.0,0.0
TEST,pre_CE,other,20,EXP_PPN006,3,0.0,0.0
TEST,pre_CE,other,30,EXP_PPN006,3,0.0,0.0
TEST,pre_CE,other,40,EXP_PPN006,3,0.0,0.0
TEST,pre_CE,other,50,EXP_PPN006,3,0.0,0.0
TEST,pre_CE,other,60,EXP_PPN006,3,0.0,0.0
TEST,pre_CE,other,70,EXP_PPN006,3,0.0,0.0
TEST,pre_CE,other,75,EXP_PPN006,3,0.0,0.0
TEST,post_CE,legislation,10,EXP_PPN006,1,0.1,0.43067655807339306
TEST,post_CE,legislation,20,EXP_PPN006,1,0.05,0.43067655807339306
TEST,post_CE,legislation,30,EXP_PPN006,1,0.03333333333333333,0.43067655807339306
TEST,post_CE,legislation,40,EXP_PPN006,1,0.025,0.43067655807339306
TEST,post_CE,legislation,50,EXP_PPN006,1,0.02,0.43067655807339306
TEST,post_CE,legislation,60,EXP_PPN006,1,0.016666666666666666,0.43067655807339306
TEST,post_CE,legislation,70,EXP_PPN006,1,0.014285714285714285,0.43067655807339306
TEST,post_CE,legislation,75,EXP_PPN006,1,0.013333333333333334,0.43067655807339306
TEST,post_CE,other,10,EXP_PPN006,3,0.0,0.0
TEST,post_CE,other,20,EXP_PPN006,3,0.0,0.0
TEST,post_CE,other,30,EXP_PPN006,3,0.0,0.0
TEST,post_CE,other,40,EXP_PPN006,3,0.0,0.0
TEST,post_CE,other,50,EXP_PPN006,3,0.0,0.0
TEST,post_CE,other,60,EXP_PPN006,3,0.0,0.0
TEST,post_CE,other,70,EXP_PPN006,3,0.0,0.0
TEST,post_CE,other,75,EXP_PPN006,3,0.0,0.0
TEST,pre_CE,legislation,10,EXP_PPN009,2,0.1,0.6131471927654584
TEST,pre_CE,legislation,20,EXP_PPN009,2,0.05,0.6131471927654584
TEST,pre_CE,legislation,30,EXP_PPN009,2,0.03333333333333333,0.6131471927654584
TEST,pre_CE,legislation,40,EXP_PPN009,2,0.025,0.6131471927654584
TEST,pre_CE,legislation,50,EXP_PPN009,2,0.02,0.6131471927654584
TEST,pre_CE,legislation,60,EXP_PPN009,2,0.03333333333333333,0.7192030728953677
TEST,pre_CE,legislation,70,EXP_PPN009,2,0.02857142857142857,0.7192030728953677
TEST,pre_CE,legislation,75,EXP_PPN009,2,0.02666666666666667,0.7192030728953677
TEST,pre_CE,other,10,EXP_PPN009,2,0.1,0.19342640361727081
TEST,pre_CE,other,20,EXP_PPN009,2,0.05,0.19342640361727081
TEST,pre_CE,other,30,EXP_PPN009,2,0.03333333333333333,0.19342640361727081
TEST,pre_CE,other,40,EXP_PPN009,2,0.025,0.19342640361727081
TEST,pre_CE,other,50,EXP_PPN009,2,0.02,0.19342640361727081
TEST,pre_CE,other,60,EXP_PPN009,2,0.016666666666666666,0.19342640361727081
TEST,pre_CE,other,70,EXP_PPN009,2,0.014285714285714285,0.19342640361727081
TEST,pre_CE,other,75,EXP_PPN009,2,0.013333333333333334,0.19342640361727081
TEST,post_CE,legislation,10,EXP_PPN009,2,0.1,0.6131471927654584
TEST,post_CE,legislation,20,EXP_PPN009,2,0.05,0.6131471927654584
TEST,post_CE,legislation,30,EXP_PPN009,2,0.06666666666666667,0.7420981285103057
TEST,post_CE,legislation,40,EXP_PPN009,2,0.05,0.7420981285103057
TEST,post_CE,legislation,50,EXP_PPN009,2,0.04,0.7420981285103057
TEST,post_CE,legislation,60,EXP_PPN009,2,0.03333333333333333,0.7420981285103057
TEST,post_CE,legislation,70,EXP_PPN009,2,0.02857142857142857,0.7420981285103057
TEST,post_CE,legislation,75,EXP_PPN009,2,0.02666666666666667,0.7420981285103057
TEST,post_CE,other,10,EXP_PPN009,2,0.1,0.19342640361727081
TEST,post_CE,other,20,EXP_PPN009,2,0.05,0.19342640361727081
TEST,post_CE,other,30,EXP_PPN009,2,0.03333333333333333,0.19342640361727081
TEST,post_CE,other,40,EXP_PPN009,2,0.025,0.19342640361727081
TEST,post_CE,other,50,EXP_PPN009,2,0.02,0.19342640361727081
TEST,post_CE,other,60,EXP_PPN009,2,0.016666666666666666,0.19342640361727081
TEST,post_CE,other,70,EXP_PPN009,2,0.014285714285714285,0.19342640361727081
TEST,post_CE,other,75,EXP_PPN009,2,0.013333333333333334,0.19342640361727081
TEST,pre_CE,legislation,10,EXP_REG006,1,0.1,0.3562071871080222
TEST,pre_CE,legislation,20,EXP_REG006,1,0.05,0.3562071871080222
TEST,pre_CE,legislation,30,EXP_REG006,1,0.03333333333333333,0.3562071871080222
TEST,pre_CE,legislation,40,EXP_REG006,1,0.025,0.3562071871080222
TEST,pre_CE,legislation,50,EXP_REG006,1,0.02,0.3562071871080222
TEST,pre_CE,legislation,60,EXP_REG006,1,0.016666666666666666,0.3562071871080222
TEST,pre_CE,legislation,70,EXP_REG006,1,0.014285714285714285,0.3562071871080222
TEST,pre_CE,legislation,75,EXP_REG006,1,0.013333333333333334,0.3562071871080222
TEST,pre_CE,other,10,EXP_REG006,2,0.1,0.6131471927654584
TEST,pre_CE,other,20,EXP_REG006,2,0.05,0.6131471927654584
TEST,pre_CE,other,30,EXP_REG006,2,0.06666666666666667,0.7486924110517823
TEST,pre_CE,other,40,EXP_REG006,2,0.05,0.7486924110517823
TEST,pre_CE,other,50,EXP_REG006,2,0.04,0.7486924110517823
TEST,pre_CE,other,60,EXP_REG006,2,0.03333333333333333,0.7486924110517823
TEST,pre_CE,other,70,EXP_REG006,2,0.02857142857142857,0.7486924110517823
TEST,pre_CE,other,75,EXP_REG006,2,0.02666666666666667,0.7486924110517823
TEST,post_CE,legislation,10,EXP_REG006,1,0.1,0.43067655807339306
TEST,post_CE,legislation,20,EXP_REG006,1,0.05,0.43067655807339306
TEST,post_CE,legislation,30,EXP_REG006,1,0.03333333333333333,0.43067655807339306
TEST,post_CE,legislation,40,EXP_REG006,1,0.025,0.43067655807339306
TEST,post_CE,legislation,50,EXP_REG006,1,0.02,0.43067655807339306
TEST,post_CE,legislation,60,EXP_REG006,1,0.016666666666666666,0.43067655807339306
TEST,post_CE,legislation,70,EXP_REG006,1,0.014285714285714285,0.43067655807339306
TEST,post_CE,legislation,75,EXP_REG006,1,0.013333333333333334,0.43067655807339306
TEST,post_CE,other,10,EXP_REG006,2,0.0,0.0
TEST,post_CE,other,20,EXP_REG006,2,0.1,0.30398028504434005
TEST,post_CE,other,30,EXP_REG006,2,0.06666666666666667,0.30398028504434005
TEST,post_CE,other,40,EXP_REG006,2,0.05,0.30398028504434005
TEST,post_CE,other,50,EXP_REG006,2,0.04,0.30398028504434005
TEST,post_CE,other,60,EXP_REG006,2,0.03333333333333333,0.30398028504434005
TEST,post_CE,other,70,EXP_REG006,2,0.02857142857142857,0.30398028504434005
TEST,post_CE,other,75,EXP_REG006,2,0.02666666666666667,0.30398028504434005
TEST,pre_CE,legislation,10,EXP_GUID001,2,0.2,0.9197207891481876
TEST,pre_CE,legislation,20,EXP_GUID001,2,0.1,0.9197207891481876
TEST,pre_CE,legislation,30,EXP_GUID001,2,0.06666666666666667,0.9197207891481876
TEST,pre_CE,legislation,40,EXP_GUID001,2,0.05,0.9197207891481876
TEST,pre_CE,legislation,50,EXP_GUID001,2,0.04,0.9197207891481876
TEST,pre_CE,legislation,60,EXP_GUID001,2,0.03333333333333333,0.9197207891481876
TEST,pre_CE,legislation,70,EXP_GUID001,2,0.02857142857142857,0.9197207891481876
TEST,pre_CE,legislation,75,EXP_GUID001,2,0.02666666666666667,0.9197207891481876
TEST,pre_CE,other,10,EXP_GUID001,2,0.1,0.23719771276929622
TEST,pre_CE,other,20,EXP_GUID001,2,0.05,0.23719771276929622
TEST,pre_CE,other,30,EXP_GUID001,2,0.06666666666666667,0.3727429310556202
TEST,pre_CE,other,40,EXP_GUID001,2,0.05,0.3727429310556202
TEST,pre_CE,other,50,EXP_GUID001,2,0.04,0.3727429310556202
TEST,pre_CE,other,60,EXP_GUID001,2,0.03333333333333333,0.3727429310556202
TEST,pre_CE,other,70,EXP_GUID001,2,0.02857142857142857,0.3727429310556202
TEST,pre_CE,other,75,EXP_GUID001,2,0.02666666666666667,0.3727429310556202
TEST,post_CE,legislation,10,EXP_GUID001,2,0.1,0.18457569677956817
TEST,post_CE,legislation,20,EXP_GUID001,2,0.05,0.18457569677956817
TEST,post_CE,legislation,30,EXP_GUID001,2,0.03333333333333333,0.18457569677956817
TEST,post_CE,legislation,40,EXP_GUID001,2,0.05,0.3022746470784412
TEST,post_CE,legislation,50,EXP_GUID001,2,0.04,0.3022746470784412
TEST,post_CE,legislation,60,EXP_GUID001,2,0.03333333333333333,0.3022746470784412
TEST,post_CE,legislation,70,EXP_GUID001,2,0.02857142857142857,0.3022746470784412
TEST,post_CE,legislation,75,EXP_GUID001,2,0.02666666666666667,0.3022746470784412
TEST,post_CE,other,10,EXP_GUID001,2,0.1,0.21840743681816419
TEST,post_CE,other,20,EXP_GUID001,2,0.05,0.21840743681816419
TEST,post_CE,other,30,EXP_GUID001,2,0.06666666666666667,0.3521374711791907
TEST,post_CE,other,40,EXP_GUID001,2,0.05,0.3521374711791907
TEST,post_CE,other,50,EXP_GUID001,2,0.04,0.3521374711791907
TEST,post_CE,other,60,EXP_GUID001,2,0.03333333333333333,0.3521374711791907
TEST,post_CE,other,70,EXP_GUID001,2,0.02857142857142857,0.3521374711791907
TEST,post_CE,other,75,EXP_GUID001,2,0.02666666666666667,0.3521374711791907
TEST,pre_CE,legislation,10,EXP_GUID002,1,0.1,0.5
TEST,pre_CE,legislation,20,EXP_GUID002,1,0.05,0.5
TEST,pre_CE,legislation,30,EXP_GUID002,1,0.03333333333333333,0.5
TEST,pre_CE,legislation,40,EXP_GUID002,1,0.025,0.5
TEST,pre_CE,legislation,50,EXP_GUID002,1,0.02,0.5
TEST,pre_CE,legislation,60,EXP_GUID002,1,0.016666666666666666,0.5
TEST,pre_CE,legislation,70,EXP_GUID002,1,0.014285714285714285,0.5
TEST,pre_CE,legislation,75,EXP_GUID002,1,0.013333333333333334,0.5
TEST,pre_CE,other,10,EXP_GUID002,1,0.1,0.38685280723454163
TEST,pre_CE,other,20,EXP_GUID002,1,0.05,0.38685280723454163
TEST,pre_CE,other,30,EXP_GUID002,1,0.03333333333333333,0.38685280723454163
TEST,pre_CE,other,40,EXP_GUID002,1,0.025,0.38685280723454163
TEST,pre_CE,other,50,EXP_GUID002,1,0.02,0.38685280723454163
TEST,pre_CE,other,60,EXP_GUID002,1,0.016666666666666666,0.38685280723454163
TEST,pre_CE,other,70,EXP_GUID002,1,0.014285714285714285,0.38685280723454163
TEST,pre_CE,other,75,EXP_GUID002,1,0.013333333333333334,0.38685280723454163
TEST,post_CE,legislation,10,EXP_GUID002,1,0.1,0.31546487678572877
TEST,post_CE,legislation,20,EXP_GUID002,1,0.05,0.31546487678572877
TEST,post_CE,legislation,30,EXP_GUID002,1,0.03333333333333333,0.31546487678572877
TEST,post_CE,legislation,40,EXP_GUID002,1,0.025,0.31546487678572877
TEST,post_CE,legislation,50,EXP_GUID002,1,0.02,0.31546487678572877
TEST,post_CE,legislation,60,EXP_GUID002,1,0.016666666666666666,0.31546487678572877
TEST,post_CE,legislation,70,EXP_GUID002,1,0.014285714285714285,0.31546487678572877
TEST,post_CE,legislation,75,EXP_GUID002,1,0.013333333333333334,0.31546487678572877
TEST,post_CE,other,10,EXP_GUID002,1,0.1,1.0
TEST,post_CE,other,20,EXP_GUID002,1,0.05,1.0
TEST,post_CE,other,30,EXP_GUID002,1,0.03333333333333333,1.0
TEST,post_CE,other,40,EXP_GUID002,1,0.025,1.0
TEST,post_CE,other,50,EXP_GUID002,1,0.02,1.0
TEST,post_CE,other,60,EXP_GUID002,1,0.016666666666666666,1.0
TEST,post_CE,other,70,EXP_GUID002,1,0.014285714285714285,1.0
TEST,post_CE,other,75,EXP_GUID002,1,0.013333333333333334,1.0
TEST,pre_CE,legislation,10,EXP_GUID003,1,0.1,1.0
TEST,pre_CE,legislation,20,EXP_GUID003,1,0.05,1.0
TEST,pre_CE,legislation,30,EXP_GUID003,1,0.03333333333333333,1.0
TEST,pre_CE,legislation,40,EXP_GUID003,1,0.025,1.0
TEST,pre_CE,legislation,50,EXP_GUID003,1,0.02,1.0
TEST,pre_CE,legislation,60,EXP_GUID003,1,0.016666666666666666,1.0
TEST,pre_CE,legislation,70,EXP_GUID003,1,0.014285714285714285,1.0
TEST,pre_CE,legislation,75,EXP_GUID003,1,0.013333333333333334,1.0
TEST,pre_CE,other,10,EXP_GUID003,1,0.0,0.0
TEST,pre_CE,other,20,EXP_GUID003,1,0.0,0.0
TEST,pre_CE,other,30,EXP_GUID003,1,0.0,0.0
TEST,pre_CE,other,40,EXP_GUID003,1,0.0,0.0
TEST,pre_CE,other,50,EXP_GUID003,1,0.0,0.0
TEST,pre_CE,other,60,EXP_GUID003,1,0.0,0.0
TEST,pre_CE,other,70,EXP_GUID003,1,0.014285714285714285,0.16485085672216038
TEST,pre_CE,other,75,EXP_GUID003,1,0.013333333333333334,0.16485085672216038
TEST,post_CE,legislation,10,EXP_GUID003,1,0.1,1.0
TEST,post_CE,legislation,20,EXP_GUID003,1,0.05,1.0
TEST,post_CE,legislation,30,EXP_GUID003,1,0.03333333333333333,1.0
TEST,post_CE,legislation,40,EXP_GUID003,1,0.025,1.0
TEST,post_CE,legislation,50,EXP_GUID003,1,0.02,1.0
TEST,post_CE,legislation,60,EXP_GUID003,1,0.016666666666666666,1.0
TEST,post_CE,legislation,70,EXP_GUID003,1,0.014285714285714285,1.0
TEST,post_CE,legislation,75,EXP_GUID003,1,0.013333333333333334,1.0
TEST,post_CE,other,10,EXP_GUID003,1,0.1,0.38685280723454163
TEST,post_CE,other,20,EXP_GUID003,1,0.05,0.38685280723454163
TEST,post_CE,other,30,EXP_GUID003,1,0.03333333333333333,0.38685280723454163
TEST,post_CE,other,40,EXP_GUID003,1,0.025,0.38685280723454163
TEST,post_CE,other,50,EXP_GUID003,1,0.02,0.38685280723454163
TEST,post_CE,other,60,EXP_GUID003,1,0.016666666666666666,0.38685280723454163
TEST,post_CE,other,70,EXP_GUID003,1,0.014285714285714285,0.38685280723454163
TEST,post_CE,other,75,EXP_GUID003,1,0.013333333333333334,0.38685280723454163
TEST,pre_CE,legislation,10,EXP_GUID004,1,0.0,0.0
TEST,pre_CE,legislation,20,EXP_GUID004,1,0.0,0.0
TEST,pre_CE,legislation,30,EXP_GUID004,1,0.0,0.0
TEST,pre_CE,legislation,40,EXP_GUID004,1,0.025,0.1949590218937863
TEST,pre_CE,legislation,50,EXP_GUID004,1,0.02,0.1949590218937863
TEST,pre_CE,legislation,60,EXP_GUID004,1,0.016666666666666666,0.1949590218937863
TEST,pre_CE,legislation,70,EXP_GUID004,1,0.014285714285714285,0.1949590218937863
TEST,pre_CE,legislation,75,EXP_GUID004,1,0.013333333333333334,0.1949590218937863
TEST,pre_CE,other,10,EXP_GUID004,1,0.0,0.0
TEST,pre_CE,other,20,EXP_GUID004,1,0.0,0.0
TEST,pre_CE,other,30,EXP_GUID004,1,0.0,0.0
TEST,pre_CE,other,40,EXP_GUID004,1,0.0,0.0
TEST,pre_CE,other,50,EXP_GUID004,1,0.02,0.18208790046993825
TEST,pre_CE,other,60,EXP_GUID004,1,0.016666666666666666,0.18208790046993825
TEST,pre_CE,other,70,EXP_GUID004,1,0.014285714285714285,0.18208790046993825
TEST,pre_CE,other,75,EXP_GUID004,1,0.013333333333333334,0.18208790046993825
TEST,post_CE,legislation,10,EXP_GUID004,1,0.1,0.43067655807339306
TEST,post_CE,legislation,20,EXP_GUID004,1,0.05,0.43067655807339306
TEST,post_CE,legislation,30,EXP_GUID004,1,0.03333333333333333,0.43067655807339306
TEST,post_CE,legislation,40,EXP_GUID004,1,0.025,0.43067655807339306
TEST,post_CE,legislation,50,EXP_GUID004,1,0.02,0.43067655807339306
TEST,post_CE,legislation,60,EXP_GUID004,1,0.016666666666666666,0.43067655807339306
TEST,post_CE,legislation,70,EXP_GUID004,1,0.014285714285714285,0.43067655807339306
TEST,post_CE,legislation,75,EXP_GUID004,1,0.013333333333333334,0.43067655807339306
TEST,post_CE,other,10,EXP_GUID004,1,0.0,0.0
TEST,post_CE,other,20,EXP_GUID004,1,0.0,0.0
TEST,post_CE,other,30,EXP_GUID004,1,0.0,0.0
TEST,post_CE,other,40,EXP_GUID004,1,0.025,0.19823986317056053
TEST,post_CE,other,50,EXP_GUID004,1,0.02,0.19823986317056053
TEST,post_CE,other,60,EXP_GUID004,1,0.016666666666666666,0.19823986317056053
TEST,post_CE,other,70,EXP_GUID004,1,0.014285714285714285,0.19823986317056053
TEST,post_CE,other,75,EXP_GUID004,1,0.013333333333333334,0.19823986317056053
TEST,pre_CE,legislation,10,EXP_GUID008,1,0.1,0.43067655807339306
TEST,pre_CE,legislation,20,EXP_GUID008,1,0.05,0.43067655807339306
TEST,pre_CE,legislation,30,EXP_GUID008,1,0.03333333333333333,0.43067655807339306
TEST,pre_CE,legislation,40,EXP_GUID008,1,0.025,0.43067655807339306
TEST,pre_CE,legislation,50,EXP_GUID008,1,0.02,0.43067655807339306
TEST,pre_CE,legislation,60,EXP_GUID008,1,0.016666666666666666,0.43067655807339306
TEST,pre_CE,legislation,70,EXP_GUID008,1,0.014285714285714285,0.43067655807339306
TEST,pre_CE,legislation,75,EXP_GUID008,1,0.013333333333333334,0.43067655807339306
TEST,pre_CE,other,10,EXP_GUID008,1,0.0,0.0
TEST,pre_CE,other,20,EXP_GUID008,1,0.0,0.0
TEST,pre_CE,other,30,EXP_GUID008,1,0.03333333333333333,0.21533827903669653
TEST,pre_CE,other,40,EXP_GUID008,1,0.025,0.21533827903669653
TEST,pre_CE,other,50,EXP_GUID008,1,0.02,0.21533827903669653
TEST,pre_CE,other,60,EXP_GUID008,1,0.016666666666666666,0.21533827903669653
TEST,pre_CE,other,70,EXP_GUID008,1,0.014285714285714285,0.21533827903669653
TEST,pre_CE,other,75,EXP_GUID008,1,0.013333333333333334,0.21533827903669653
TEST,post_CE,legislation,10,EXP_GUID008,1,0.1,0.31546487678572877
TEST,post_CE,legislation,20,EXP_GUID008,1,0.05,0.31546487678572877
TEST,post_CE,legislation,30,EXP_GUID008,1,0.03333333333333333,0.31546487678572877
TEST,post_CE,legislation,40,EXP_GUID008,1,0.025,0.31546487678572877
TEST,post_CE,legislation,50,EXP_GUID008,1,0.02,0.31546487678572877
TEST,post_CE,legislation,60,EXP_GUID008,1,0.016666666666666666,0.31546487678572877
TEST,post_CE,legislation,70,EXP_GUID008,1,0.014285714285714285,0.31546487678572877
TEST,post_CE,legislation,75,EXP_GUID008,1,0.013333333333333334,0.31546487678572877
TEST,post_CE,other,10,EXP_GUID008,1,0.0,0.0
TEST,post_CE,other,20,EXP_GUID008,1,0.0,0.0
TEST,post_CE,other,30,EXP_GUID008,1,0.03333333333333333,0.20801459767650948
TEST,post_CE,other,40,EXP_GUID008,1,0.025,0.20801459767650948
TEST,post_CE,other,50,EXP_GUID008,1,0.02,0.20801459767650948
TEST,post_CE,other,60,EXP_GUID008,1,0.016666666666666666,0.20801459767650948
TEST,post_CE,other,70,EXP_GUID008,1,0.014285714285714285,0.20801459767650948
TEST,post_CE,other,75,EXP_GUID008,1,0.013333333333333334,0.20801459767650948
TEST,pre_CE,legislation,10,EXP_GUID012,1,0.1,1.0
TEST,pre_CE,legislation,20,EXP_GUID012,1,0.05,1.0
TEST,pre_CE,legislation,30,EXP_GUID012,1,0.03333333333333333,1.0
TEST,pre_CE,legislation,40,EXP_GUID012,1,0.025,1.0
TEST,pre_CE,legislation,50,EXP_GUID012,1,0.02,1.0
TEST,pre_CE,legislation,60,EXP_GUID012,1,0.016666666666666666,1.0
TEST,pre_CE,legislation,70,EXP_GUID012,1,0.014285714285714285,1.0
TEST,pre_CE,legislation,75,EXP_GUID012,1,0.013333333333333334,1.0
TEST,pre_CE,other,10,EXP_GUID012,1,0.1,1.0
TEST,pre_CE,other,20,EXP_GUID012,1,0.05,1.0
TEST,pre_CE,other,30,EXP_GUID012,1,0.03333333333333333,1.0
TEST,pre_CE,other,40,EXP_GUID012,1,0.025,1.0
TEST,pre_CE,other,50,EXP_GUID012,1,0.02,1.0
TEST,pre_CE,other,60,EXP_GUID012,1,0.016666666666666666,1.0
TEST,pre_CE,other,70,EXP_GUID012,1,0.014285714285714285,1.0
TEST,pre_CE,other,75,EXP_GUID012,1,0.013333333333333334,1.0
TEST,post_CE,legislation,10,EXP_GUID012,1,0.1,1.0
TEST,post_CE,legislation,20,EXP_GUID012,1,0.05,1.0
TEST,post_CE,legislation,30,EXP_GUID012,1,0.03333333333333333,1.0
TEST,post_CE,legislation,40,EXP_GUID012,1,0.025,1.0
TEST,post_CE,legislation,50,EXP_GUID012,1,0.02,1.0
TEST,post_CE,legislation,60,EXP_GUID012,1,0.016666666666666666,1.0
TEST,post_CE,legislation,70,EXP_GUID012,1,0.014285714285714285,1.0
TEST,post_CE,legislation,75,EXP_GUID012,1,0.013333333333333334,1.0
TEST,post_CE,other,10,EXP_GUID012,1,0.1,1.0
TEST,post_CE,other,20,EXP_GUID012,1,0.05,1.0
TEST,post_CE,other,30,EXP_GUID012,1,0.03333333333333333,1.0
TEST,post_CE,other,40,EXP_GUID012,1,0.025,1.0
TEST,post_CE,other,50,EXP_GUID012,1,0.02,1.0
TEST,post_CE,other,60,EXP_GUID012,1,0.016666666666666666,1.0
TEST,post_CE,other,70,EXP_GUID012,1,0.014285714285714285,1.0
TEST,post_CE,other,75,EXP_GUID012,1,0.013333333333333334,1.0
TEST,pre_CE,legislation,10,EXP_WORK001,1,0.1,0.3562071871080222
TEST,pre_CE,legislation,20,EXP_WORK001,1,0.05,0.3562071871080222
TEST,pre_CE,legislation,30,EXP_WORK001,1,0.03333333333333333,0.3562071871080222
TEST,pre_CE,legislation,40,EXP_WORK001,1,0.025,0.3562071871080222
TEST,pre_CE,legislation,50,EXP_WORK001,1,0.02,0.3562071871080222
TEST,pre_CE,legislation,60,EXP_WORK001,1,0.016666666666666666,0.3562071871080222
TEST,pre_CE,legislation,70,EXP_WORK001,1,0.014285714285714285,0.3562071871080222
TEST,pre_CE,legislation,75,EXP_WORK001,1,0.013333333333333334,0.3562071871080222
TEST,pre_CE,other,10,EXP_WORK001,2,0.1,0.38685280723454163
TEST,pre_CE,other,20,EXP_WORK001,2,0.05,0.38685280723454163
TEST,pre_CE,other,30,EXP_WORK001,2,0.03333333333333333,0.38685280723454163
TEST,pre_CE,other,40,EXP_WORK001,2,0.025,0.38685280723454163
TEST,pre_CE,other,50,EXP_WORK001,2,0.02,0.38685280723454163
TEST,pre_CE,other,60,EXP_WORK001,2,0.016666666666666666,0.38685280723454163
TEST,pre_CE,other,70,EXP_WORK001,2,0.014285714285714285,0.38685280723454163
TEST,pre_CE,other,75,EXP_WORK001,2,0.013333333333333334,0.38685280723454163
TEST,post_CE,legislation,10,EXP_WORK001,1,0.1,1.0
TEST,post_CE,legislation,20,EXP_WORK001,1,0.05,1.0
TEST,post_CE,legislation,30,EXP_WORK001,1,0.03333333333333333,1.0
TEST,post_CE,legislation,40,EXP_WORK001,1,0.025,1.0
TEST,post_CE,legislation,50,EXP_WORK001,1,0.02,1.0
TEST,post_CE,legislation,60,EXP_WORK001,1,0.016666666666666666,1.0
TEST,post_CE,legislation,70,EXP_WORK001,1,0.014285714285714285,1.0
TEST,post_CE,legislation,75,EXP_WORK001,1,0.013333333333333334,1.0
TEST,post_CE,other,10,EXP_WORK001,2,0.1,0.6131471927654584
TEST,post_CE,other,20,EXP_WORK001,2,0.05,0.6131471927654584
TEST,post_CE,other,30,EXP_WORK001,2,0.03333333333333333,0.6131471927654584
TEST,post_CE,other,40,EXP_WORK001,2,0.025,0.6131471927654584
TEST,post_CE,other,50,EXP_WORK001,2,0.02,0.6131471927654584
TEST,post_CE,other,60,EXP_WORK001,2,0.016666666666666666,0.6131471927654584
TEST,post_CE,other,70,EXP_WORK001,2,0.014285714285714285,0.6131471927654584
TEST,post_CE,other,75,EXP_WORK001,2,0.013333333333333334,0.6131471927654584
TEST,pre_CE,legislation,10,EXP_WORK005,3,0.2,0.34870224750355494
TEST,pre_CE,legislation,20,EXP_WORK005,3,0.1,0.34870224750355494
TEST,pre_CE,legislation,30,EXP_WORK005,3,0.06666666666666667,0.34870224750355494
TEST,pre_CE,legislation,40,EXP_WORK005,3,0.05,0.34870224750355494
TEST,pre_CE,legislation,50,EXP_WORK005,3,0.04,0.34870224750355494
TEST,pre_CE,legislation,60,EXP_WORK005,3,0.03333333333333333,0.34870224750355494
TEST,pre_CE,legislation,70,EXP_WORK005,3,0.02857142857142857,0.34870224750355494
TEST,pre_CE,legislation,75,EXP_WORK005,3,0.02666666666666667,0.34870224750355494
TEST,pre_CE,other,10,EXP_WORK005,1,0.1,0.3333333333333333
TEST,pre_CE,other,20,EXP_WORK005,1,0.05,0.3333333333333333
TEST,pre_CE,other,30,EXP_WORK005,1,0.03333333333333333,0.3333333333333333
TEST,pre_CE,other,40,EXP_WORK005,1,0.025,0.3333333333333333
TEST,pre_CE,other,50,EXP_WORK005,1,0.02,0.3333333333333333
TEST,pre_CE,other,60,EXP_WORK005,1,0.016666666666666666,0.3333333333333333
TEST,pre_CE,other,70,EXP_WORK005,1,0.014285714285714285,0.3333333333333333
TEST,pre_CE,other,75,EXP_WORK005,1,0.013333333333333334,0.3333333333333333
TEST,post_CE,legislation,10,EXP_WORK005,3,0.1,0.46927872602275644
TEST,post_CE,legislation,20,EXP_WORK005,3,0.1,0.59609574285515
TEST,post_CE,legislation,30,EXP_WORK005,3,0.06666666666666667,0.59609574285515
TEST,post_CE,legislation,40,EXP_WORK005,3,0.05,0.59609574285515
TEST,post_CE,legislation,50,EXP_WORK005,3,0.04,0.59609574285515
TEST,post_CE,legislation,60,EXP_WORK005,3,0.03333333333333333,0.59609574285515
TEST,post_CE,legislation,70,EXP_WORK005,3,0.02857142857142857,0.59609574285515
TEST,post_CE,legislation,75,EXP_WORK005,3,0.02666666666666667,0.59609574285515
TEST,post_CE,other,10,EXP_WORK005,1,0.1,0.5
TEST,post_CE,other,20,EXP_WORK005,1,0.05,0.5
TEST,post_CE,other,30,EXP_WORK005,1,0.03333333333333333,0.5
TEST,post_CE,other,40,EXP_WORK005,1,0.025,0.5
TEST,post_CE,other,50,EXP_WORK005,1,0.02,0.5
TEST,post_CE,other,60,EXP_WORK005,1,0.016666666666666666,0.5
TEST,post_CE,other,70,EXP_WORK005,1,0.014285714285714285,0.5
TEST,post_CE,other,75,EXP_WORK005,1,0.013333333333333334,0.5
TEST,pre_CE,legislation,10,EXP_WORK006,2,0.1,0.23719771276929622
TEST,pre_CE,legislation,20,EXP_WORK006,2,0.05,0.23719771276929622
TEST,pre_CE,legislation,30,EXP_WORK006,2,0.03333333333333333,0.23719771276929622
TEST,pre_CE,legislation,40,EXP_WORK006,2,0.05,0.3548966630681692
TEST,pre_CE,legislation,50,EXP_WORK006,2,0.04,0.3548966630681692
TEST,pre_CE,legislation,60,EXP_WORK006,2,0.03333333333333333,0.3548966630681692
TEST,pre_CE,legislation,70,EXP_WORK006,2,0.02857142857142857,0.3548966630681692
TEST,pre_CE,legislation,75,EXP_WORK006,2,0.02666666666666667,0.3548966630681692
TEST,pre_CE,other,10,EXP_WORK006,1,0.1,0.3562071871080222
TEST,pre_CE,other,20,EXP_WORK006,1,0.05,0.3562071871080222
TEST,pre_CE,other,30,EXP_WORK006,1,0.03333333333333333,0.3562071871080222
TEST,pre_CE,other,40,EXP_WORK006,1,0.025,0.3562071871080222
TEST,pre_CE,other,50,EXP_WORK006,1,0.02,0.3562071871080222
TEST,pre_CE,other,60,EXP_WORK006,1,0.016666666666666666,0.3562071871080222
TEST,pre_CE,other,70,EXP_WORK006,1,0.014285714285714285,0.3562071871080222
TEST,pre_CE,other,75,EXP_WORK006,1,0.013333333333333334,0.3562071871080222
TEST,post_CE,legislation,10,EXP_WORK006,2,0.1,0.6131471927654584
TEST,post_CE,legislation,20,EXP_WORK006,2,0.05,0.6131471927654584
TEST,post_CE,legislation,30,EXP_WORK006,2,0.03333333333333333,0.6131471927654584
TEST,post_CE,legislation,40,EXP_WORK006,2,0.025,0.6131471927654584
TEST,post_CE,legislation,50,EXP_WORK006,2,0.02,0.6131471927654584
TEST,post_CE,legislation,60,EXP_WORK006,2,0.03333333333333333,0.7201925328027818
TEST,post_CE,legislation,70,EXP_WORK006,2,0.02857142857142857,0.7201925328027818
TEST,post_CE,legislation,75,EXP_WORK006,2,0.02666666666666667,0.7201925328027818
TEST,post_CE,other,10,EXP_WORK006,1,0.1,0.38685280723454163
TEST,post_CE,other,20,EXP_WORK006,1,0.05,0.38685280723454163
TEST,post_CE,other,30,EXP_WORK006,1,0.03333333333333333,0.38685280723454163
TEST,post_CE,other,40,EXP_WORK006,1,0.025,0.38685280723454163
TEST,post_CE,other,50,EXP_WORK006,1,0.02,0.38685280723454163
TEST,post_CE,other,60,EXP_WORK006,1,0.016666666666666666,0.38685280723454163
TEST,post_CE,other,70,EXP_WORK006,1,0.014285714285714285,0.38685280723454163
TEST,post_CE,other,75,EXP_WORK006,1,0.013333333333333334,0.38685280723454163
TEST,pre_CE,other,10,EXP_WORK009,4,0.1,0.19519002499605084
TEST,pre_CE,other,20,EXP_WORK009,4,0.15,0.37768595075167793
TEST,pre_CE,other,30,EXP_WORK009,4,0.1,0.37768595075167793
TEST,pre_CE,other,40,EXP_WORK009,4,0.1,0.45103907447522645
TEST,pre_CE,other,50,EXP_WORK009,4,0.08,0.45103907447522645
TEST,pre_CE,other,60,EXP_WORK009,4,0.06666666666666667,0.45103907447522645
TEST,pre_CE,other,70,EXP_WORK009,4,0.05714285714285714,0.45103907447522645
TEST,pre_CE,other,75,EXP_WORK009,4,0.05333333333333334,0.45103907447522645
TEST,post_CE,other,10,EXP_WORK009,4,0.1,0.11284514134893527
TEST,post_CE,other,20,EXP_WORK009,4,0.1,0.2127660478700706
TEST,post_CE,other,30,EXP_WORK009,4,0.1,0.2923235685414052
TEST,post_CE,other,40,EXP_WORK009,4,0.075,0.2923235685414052
TEST,post_CE,other,50,EXP_WORK009,4,0.08,0.36471916757328326
TEST,post_CE,other,60,EXP_WORK009,4,0.06666666666666667,0.36471916757328326
TEST,post_CE,other,70,EXP_WORK009,4,0.05714285714285714,0.36471916757328326
TEST,post_CE,other,75,EXP_WORK009,4,0.05333333333333334,0.36471916757328326
TEST,pre_CE,other,10,EXP_WORK010,2,0.1,0.2640681225725909
TEST,pre_CE,other,20,EXP_WORK010,2,0.05,0.2640681225725909
TEST,pre_CE,other,30,EXP_WORK010,2,0.03333333333333333,0.2640681225725909
TEST,pre_CE,other,40,EXP_WORK010,2,0.025,0.2640681225725909
TEST,pre_CE,other,50,EXP_WORK010,2,0.04,0.37706430327574203
TEST,pre_CE,other,60,EXP_WORK010,2,0.03333333333333333,0.37706430327574203
TEST,pre_CE,other,70,EXP_WORK010,2,0.02857142857142857,0.37706430327574203
TEST,pre_CE,other,75,EXP_WORK010,2,0.02666666666666667,0.37706430327574203
TEST,post_CE,other,10,EXP_WORK010,2,0.1,0.3065735963827292
TEST,post_CE,other,20,EXP_WORK010,2,0.1,0.44616897024747965
TEST,post_CE,other,30,EXP_WORK010,2,0.06666666666666667,0.44616897024747965
TEST,post_CE,other,40,EXP_WORK010,2,0.05,0.44616897024747965
TEST,post_CE,other,50,EXP_WORK010,2,0.04,0.44616897024747965
TEST,post_CE,other,60,EXP_WORK010,2,0.03333333333333333,0.44616897024747965
TEST,post_CE,other,70,EXP_WORK010,2,0.02857142857142857,0.44616897024747965
TEST,post_CE,other,75,EXP_WORK010,2,0.02666666666666667,0.44616897024747965
TEST,pre_CE,legislation,10,EXP_TRANS002,2,0.2,0.40298313359773236
TEST,pre_CE,legislation,20,EXP_TRANS002,2,0.1,0.40298313359773236
TEST,pre_CE,legislation,30,EXP_TRANS002,2,0.06666666666666667,0.40298313359773236
TEST,pre_CE,legislation,40,EXP_TRANS002,2,0.05,0.40298313359773236
TEST,pre_CE,legislation,50,EXP_TRANS002,2,0.04,0.40298313359773236
TEST,pre_CE,legislation,60,EXP_TRANS002,2,0.03333333333333333,0.40298313359773236
TEST,pre_CE,legislation,70,EXP_TRANS002,2,0.02857142857142857,0.40298313359773236
TEST,pre_CE,legislation,75,EXP_TRANS002,2,0.02666666666666667,0.40298313359773236
TEST,pre_CE,other,10,EXP_TRANS002,1,0.1,1.0
TEST,pre_CE,other,20,EXP_TRANS002,1,0.05,1.0
TEST,pre_CE,other,30,EXP_TRANS002,1,0.03333333333333333,1.0
TEST,pre_CE,other,40,EXP_TRANS002,1,0.025,1.0
TEST,pre_CE,other,50,EXP_TRANS002,1,0.02,1.0
TEST,pre_CE,other,60,EXP_TRANS002,1,0.016666666666666666,1.0
TEST,pre_CE,other,70,EXP_TRANS002,1,0.014285714285714285,1.0
TEST,pre_CE,other,75,EXP_TRANS002,1,0.013333333333333334,1.0
TEST,post_CE,legislation,10,EXP_TRANS002,2,0.1,0.18457569677956817
TEST,post_CE,legislation,20,EXP_TRANS002,2,0.1,0.3415156411574981
TEST,post_CE,legislation,30,EXP_TRANS002,2,0.06666666666666667,0.3415156411574981
TEST,post_CE,legislation,40,EXP_TRANS002,2,0.05,0.3415156411574981
TEST,post_CE,legislation,50,EXP_TRANS002,2,0.04,0.3415156411574981
TEST,post_CE,legislation,60,EXP_TRANS002,2,0.03333333333333333,0.3415156411574981
TEST,post_CE,legislation,70,EXP_TRANS002,2,0.02857142857142857,0.3415156411574981
TEST,post_CE,legislation,75,EXP_TRANS002,2,0.02666666666666667,0.3415156411574981
TEST,post_CE,other,10,EXP_TRANS002,1,0.1,0.6309297535714575
TEST,post_CE,other,20,EXP_TRANS002,1,0.05,0.6309297535714575
TEST,post_CE,other,30,EXP_TRANS002,1,0.03333333333333333,0.6309297535714575
TEST,post_CE,other,40,EXP_TRANS002,1,0.025,0.6309297535714575
TEST,post_CE,other,50,EXP_TRANS002,1,0.02,0.6309297535714575
TEST,post_CE,other,60,EXP_TRANS002,1,0.016666666666666666,0.6309297535714575
TEST,post_CE,other,70,EXP_TRANS002,1,0.014285714285714285,0.6309297535714575
TEST,post_CE,other,75,EXP_TRANS002,1,0.013333333333333334,0.6309297535714575
TEST,pre_CE,legislation,10,EXP_TRANS003,3,0.2,0.6257049680303419
TEST,pre_CE,legislation,20,EXP_TRANS003,3,0.1,0.6257049680303419
TEST,pre_CE,legislation,30,EXP_TRANS003,3,0.06666666666666667,0.6257049680303419
TEST,pre_CE,legislation,40,EXP_TRANS003,3,0.05,0.6257049680303419
TEST,pre_CE,legislation,50,EXP_TRANS003,3,0.04,0.6257049680303419
TEST,pre_CE,legislation,60,EXP_TRANS003,3,0.03333333333333333,0.6257049680303419
TEST,pre_CE,legislation,70,EXP_TRANS003,3,0.02857142857142857,0.6257049680303419
TEST,pre_CE,legislation,75,EXP_TRANS003,3,0.02666666666666667,0.6257049680303419
TEST,pre_CE,other,10,EXP_TRANS003,1,0.0,0.0
TEST,pre_CE,other,20,EXP_TRANS003,1,0.05,0.25
TEST,pre_CE,other,30,EXP_TRANS003,1,0.03333333333333333,0.25
TEST,pre_CE,other,40,EXP_TRANS003,1,0.025,0.25
TEST,pre_CE,other,50,EXP_TRANS003,1,0.02,0.25
TEST,pre_CE,other,60,EXP_TRANS003,1,0.016666666666666666,0.25
TEST,pre_CE,other,70,EXP_TRANS003,1,0.014285714285714285,0.25
TEST,pre_CE,other,75,EXP_TRANS003,1,0.013333333333333334,0.25
TEST,post_CE,legislation,10,EXP_TRANS003,3,0.2,0.4367467095119258
TEST,post_CE,legislation,20,EXP_TRANS003,3,0.1,0.4367467095119258
TEST,post_CE,legislation,30,EXP_TRANS003,3,0.06666666666666667,0.4367467095119258
TEST,post_CE,legislation,40,EXP_TRANS003,3,0.05,0.4367467095119258
TEST,post_CE,legislation,50,EXP_TRANS003,3,0.04,0.4367467095119258
TEST,post_CE,legislation,60,EXP_TRANS003,3,0.03333333333333333,0.4367467095119258
TEST,post_CE,legislation,70,EXP_TRANS003,3,0.02857142857142857,0.4367467095119258
TEST,post_CE,legislation,75,EXP_TRANS003,3,0.02666666666666667,0.4367467095119258
TEST,post_CE,other,10,EXP_TRANS003,1,0.0,0.0
TEST,post_CE,other,20,EXP_TRANS003,1,0.0,0.0
TEST,post_CE,other,30,EXP_TRANS003,1,0.03333333333333333,0.22106472945750374
TEST,post_CE,other,40,EXP_TRANS003,1,0.025,0.22106472945750374
TEST,post_CE,other,50,EXP_TRANS003,1,0.02,0.22106472945750374
TEST,post_CE,other,60,EXP_TRANS003,1,0.016666666666666666,0.22106472945750374
TEST,post_CE,other,70,EXP_TRANS003,1,0.014285714285714285,0.22106472945750374
TEST,post_CE,other,75,EXP_TRANS003,1,0.013333333333333334,0.22106472945750374
TEST,pre_CE,legislation,10,EXP_TRANS004,1,0.0,0.0
TEST,pre_CE,legislation,20,EXP_TRANS004,1,0.0,0.0
TEST,pre_CE,legislation,30,EXP_TRANS004,1,0.0,0.0
TEST,pre_CE,legislation,40,EXP_TRANS004,1,0.025,0.1965616322328226
TEST,pre_CE,legislation,50,EXP_TRANS004,1,0.02,0.1965616322328226
TEST,pre_CE,legislation,60,EXP_TRANS004,1,0.016666666666666666,0.1965616322328226
TEST,pre_CE,legislation,70,EXP_TRANS004,1,0.014285714285714285,0.1965616322328226
TEST,pre_CE,legislation,75,EXP_TRANS004,1,0.013333333333333334,0.1965616322328226
TEST,post_CE,legislation,10,EXP_TRANS004,1,0.0,0.0
TEST,post_CE,legislation,20,EXP_TRANS004,1,0.0,0.0
TEST,post_CE,legislation,30,EXP_TRANS004,1,0.0,0.0
TEST,post_CE,legislation,40,EXP_TRANS004,1,0.0,0.0
TEST,post_CE,legislation,50,EXP_TRANS004,1,0.02,0.17905223175104137
TEST,post_CE,legislation,60,EXP_TRANS004,1,0.016666666666666666,0.17905223175104137
TEST,post_CE,legislation,70,EXP_TRANS004,1,0.014285714285714285,0.17905223175104137
TEST,post_CE,legislation,75,EXP_TRANS004,1,0.013333333333333334,0.17905223175104137
TEST,pre_CE,legislation,10,EXP_TRANS008,1,0.0,0.0
TEST,pre_CE,legislation,20,EXP_TRANS008,1,0.05,0.27023815442731974
TEST,pre_CE,legislation,30,EXP_TRANS008,1,0.03333333333333333,0.27023815442731974
TEST,pre_CE,legislation,40,EXP_TRANS008,1,0.025,0.27023815442731974
TEST,pre_CE,legislation,50,EXP_TRANS008,1,0.02,0.27023815442731974
TEST,pre_CE,legislation,60,EXP_TRANS008,1,0.016666666666666666,0.27023815442731974
TEST,pre_CE,legislation,70,EXP_TRANS008,1,0.014285714285714285,0.27023815442731974
TEST,pre_CE,legislation,75,EXP_TRANS008,1,0.013333333333333334,0.27023815442731974
TEST,post_CE,legislation,10,EXP_TRANS008,1,0.1,0.6309297535714575
TEST,post_CE,legislation,20,EXP_TRANS008,1,0.05,0.6309297535714575
TEST,post_CE,legislation,30,EXP_TRANS008,1,0.03333333333333333,0.6309297535714575
TEST,post_CE,legislation,40,EXP_TRANS008,1,0.025,0.6309297535714575
TEST,post_CE,legislation,50,EXP_TRANS008,1,0.02,0.6309297535714575
TEST,post_CE,legislation,60,EXP_TRANS008,1,0.016666666666666666,0.6309297535714575
TEST,post_CE,legislation,70,EXP_TRANS008,1,0.014285714285714285,0.6309297535714575
TEST,post_CE,legislation,75,EXP_TRANS008,1,0.013333333333333334,0.6309297535714575
TEST,pre_CE,legislation,10,EXP_TRANS009,2,0.1,0.17723928678404774
TEST,pre_CE,legislation,20,EXP_TRANS009,2,0.05,0.17723928678404774
TEST,pre_CE,legislation,30,EXP_TRANS009,2,0.03333333333333333,0.17723928678404774
TEST,pre_CE,legislation,40,EXP_TRANS009,2,0.025,0.17723928678404774
TEST,pre_CE,legislation,50,EXP_TRANS009,2,0.02,0.17723928678404774
TEST,pre_CE,legislation,60,EXP_TRANS009,2,0.016666666666666666,0.17723928678404774
TEST,pre_CE,legislation,70,EXP_TRANS009,2,0.014285714285714285,0.17723928678404774
TEST,pre_CE,legislation,75,EXP_TRANS009,2,0.013333333333333334,0.17723928678404774
TEST,pre_CE,other,10,EXP_TRANS009,1,0.1,0.38685280723454163
TEST,pre_CE,other,20,EXP_TRANS009,1,0.05,0.38685280723454163
TEST,pre_CE,other,30,EXP_TRANS009,1,0.03333333333333333,0.38685280723454163
TEST,pre_CE,other,40,EXP_TRANS009,1,0.025,0.38685280723454163
TEST,pre_CE,other,50,EXP_TRANS009,1,0.02,0.38685280723454163
TEST,pre_CE,other,60,EXP_TRANS009,1,0.016666666666666666,0.38685280723454163
TEST,pre_CE,other,70,EXP_TRANS009,1,0.014285714285714285,0.38685280723454163
TEST,pre_CE,other,75,EXP_TRANS009,1,0.013333333333333334,0.38685280723454163
TEST,post_CE,legislation,10,EXP_TRANS009,2,0.1,0.6131471927654584
TEST,post_CE,legislation,20,EXP_TRANS009,2,0.05,0.6131471927654584
TEST,post_CE,legislation,30,EXP_TRANS009,2,0.03333333333333333,0.6131471927654584
TEST,post_CE,legislation,40,EXP_TRANS009,2,0.025,0.6131471927654584
TEST,post_CE,legislation,50,EXP_TRANS009,2,0.02,0.6131471927654584
TEST,post_CE,legislation,60,EXP_TRANS009,2,0.016666666666666666,0.6131471927654584
TEST,post_CE,legislation,70,EXP_TRANS009,2,0.014285714285714285,0.6131471927654584
TEST,post_CE,legislation,75,EXP_TRANS009,2,0.013333333333333334,0.6131471927654584
TEST,post_CE,other,10,EXP_TRANS009,1,0.1,0.2890648263178879
TEST,post_CE,other,20,EXP_TRANS009,1,0.05,0.2890648263178879
TEST,post_CE,other,30,EXP_TRANS009,1,0.03333333333333333,0.2890648263178879
TEST,post_CE,other,40,EXP_TRANS009,1,0.025,0.2890648263178879
TEST,post_CE,other,50,EXP_TRANS009,1,0.02,0.2890648263178879
TEST,post_CE,other,60,EXP_TRANS009,1,0.016666666666666666,0.2890648263178879
TEST,post_CE,other,70,EXP_TRANS009,1,0.014285714285714285,0.2890648263178879
TEST,post_CE,other,75,EXP_TRANS009,1,0.013333333333333334,0.2890648263178879
TEST,pre_CE,legislation,10,EXP_SEC006,2,0.1,0.2640681225725909
TEST,pre_CE,legislation,20,EXP_SEC006,2,0.05,0.2640681225725909
TEST,pre_CE,legislation,30,EXP_SEC006,2,0.03333333333333333,0.2640681225725909
TEST,pre_CE,legislation,40,EXP_SEC006,2,0.025,0.2640681225725909
TEST,pre_CE,legislation,50,EXP_SEC006,2,0.02,0.2640681225725909
TEST,pre_CE,legislation,60,EXP_SEC006,2,0.016666666666666666,0.2640681225725909
TEST,pre_CE,legislation,70,EXP_SEC006,2,0.014285714285714285,0.2640681225725909
TEST,pre_CE,legislation,75,EXP_SEC006,2,0.013333333333333334,0.2640681225725909
TEST,pre_CE,other,10,EXP_SEC006,1,0.0,0.0
TEST,pre_CE,other,20,EXP_SEC006,1,0.05,0.23540891336663824
TEST,pre_CE,other,30,EXP_SEC006,1,0.03333333333333333,0.23540891336663824
TEST,pre_CE,other,40,EXP_SEC006,1,0.025,0.23540891336663824
TEST,pre_CE,other,50,EXP_SEC006,1,0.02,0.23540891336663824
TEST,pre_CE,other,60,EXP_SEC006,1,0.016666666666666666,0.23540891336663824
TEST,pre_CE,other,70,EXP_SEC006,1,0.014285714285714285,0.23540891336663824
TEST,pre_CE,other,75,EXP_SEC006,1,0.013333333333333334,0.23540891336663824
TEST,post_CE,legislation,10,EXP_SEC006,2,0.1,0.2640681225725909
TEST,post_CE,legislation,20,EXP_SEC006,2,0.05,0.2640681225725909
TEST,post_CE,legislation,30,EXP_SEC006,2,0.03333333333333333,0.2640681225725909
TEST,post_CE,legislation,40,EXP_SEC006,2,0.025,0.2640681225725909
TEST,post_CE,legislation,50,EXP_SEC006,2,0.02,0.2640681225725909
TEST,post_CE,legislation,60,EXP_SEC006,2,0.016666666666666666,0.2640681225725909
TEST,post_CE,legislation,70,EXP_SEC006,2,0.014285714285714285,0.2640681225725909
TEST,post_CE,legislation,75,EXP_SEC006,2,0.013333333333333334,0.2640681225725909
TEST,post_CE,other,10,EXP_SEC006,1,0.0,0.0
TEST,post_CE,other,20,EXP_SEC006,1,0.0,0.0
TEST,post_CE,other,30,EXP_SEC006,1,0.03333333333333333,0.20184908658209985
TEST,post_CE,other,40,EXP_SEC006,1,0.025,0.20184908658209985
TEST,post_CE,other,50,EXP_SEC006,1,0.02,0.20184908658209985
TEST,post_CE,other,60,EXP_SEC006,1,0.016666666666666666,0.20184908658209985
TEST,post_CE,other,70,EXP_SEC006,1,0.014285714285714285,0.20184908658209985
TEST,post_CE,other,75,EXP_SEC006,1,0.013333333333333334,0.20184908658209985
TEST,pre_CE,legislation,10,EXP_SEC007,2,0.1,0.6131471927654584
TEST,pre_CE,legislation,20,EXP_SEC007,2,0.1,0.7574875071481796
TEST,pre_CE,legislation,30,EXP_SEC007,2,0.06666666666666667,0.7574875071481796
TEST,pre_CE,legislation,40,EXP_SEC007,2,0.05,0.7574875071481796
TEST,pre_CE,legislation,50,EXP_SEC007,2,0.04,0.7574875071481796
TEST,pre_CE,legislation,60,EXP_SEC007,2,0.03333333333333333,0.7574875071481796
TEST,pre_CE,legislation,70,EXP_SEC007,2,0.02857142857142857,0.7574875071481796
TEST,pre_CE,legislation,75,EXP_SEC007,2,0.02666666666666667,0.7574875071481796
TEST,post_CE,legislation,10,EXP_SEC007,2,0.2,1.0
TEST,post_CE,legislation,20,EXP_SEC007,2,0.1,1.0
TEST,post_CE,legislation,30,EXP_SEC007,2,0.06666666666666667,1.0
TEST,post_CE,legislation,40,EXP_SEC007,2,0.05,1.0
TEST,post_CE,legislation,50,EXP_SEC007,2,0.04,1.0
TEST,post_CE,legislation,60,EXP_SEC007,2,0.03333333333333333,1.0
TEST,post_CE,legislation,70,EXP_SEC007,2,0.02857142857142857,1.0
TEST,post_CE,legislation,75,EXP_SEC007,2,0.02666666666666667,1.0
TEST,pre_CE,legislation,10,EXP_SEC010,2,0.0,0.0
TEST,pre_CE,legislation,20,EXP_SEC010,2,0.0,0.0
TEST,pre_CE,legislation,30,EXP_SEC010,2,0.06666666666666667,0.2712245056750238
TEST,pre_CE,legislation,40,EXP_SEC010,2,0.05,0.2712245056750238
TEST,pre_CE,legislation,50,EXP_SEC010,2,0.04,0.2712245056750238
TEST,pre_CE,legislation,60,EXP_SEC010,2,0.03333333333333333,0.2712245056750238
TEST,pre_CE,legislation,70,EXP_SEC010,2,0.02857142857142857,0.2712245056750238
TEST,pre_CE,legislation,75,EXP_SEC010,2,0.02666666666666667,0.2712245056750238
TEST,post_CE,legislation,10,EXP_SEC010,2,0.2,0.9197207891481876
TEST,post_CE,legislation,20,EXP_SEC010,2,0.1,0.9197207891481876
TEST,post_CE,legislation,30,EXP_SEC010,2,0.06666666666666667,0.9197207891481876
TEST,post_CE,legislation,40,EXP_SEC010,2,0.05,0.9197207891481876
TEST,post_CE,legislation,50,EXP_SEC010,2,0.04,0.9197207891481876
TEST,post_CE,legislation,60,EXP_SEC010,2,0.03333333333333333,0.9197207891481876
TEST,post_CE,legislation,70,EXP_SEC010,2,0.02857142857142857,0.9197207891481876
TEST,post_CE,legislation,75,EXP_SEC010,2,0.02666666666666667,0.9197207891481876
TEST,pre_CE,legislation,10,EXP_SEC011,2,0.2,0.5802792108518124
TEST,pre_CE,legislation,20,EXP_SEC011,2,0.1,0.5802792108518124
TEST,pre_CE,legislation,30,EXP_SEC011,2,0.06666666666666667,0.5802792108518124
TEST,pre_CE,legislation,40,EXP_SEC011,2,0.05,0.5802792108518124
TEST,pre_CE,legislation,50,EXP_SEC011,2,0.04,0.5802792108518124
TEST,pre_CE,legislation,60,EXP_SEC011,2,0.03333333333333333,0.5802792108518124
TEST,pre_CE,legislation,70,EXP_SEC011,2,0.02857142857142857,0.5802792108518124
TEST,pre_CE,legislation,75,EXP_SEC011,2,0.02666666666666667,0.5802792108518124
TEST,post_CE,legislation,10,EXP_SEC011,2,0.2,0.8175295903539445
TEST,post_CE,legislation,20,EXP_SEC011,2,0.1,0.8175295903539445
TEST,post_CE,legislation,30,EXP_SEC011,2,0.06666666666666667,0.8175295903539445
TEST,post_CE,legislation,40,EXP_SEC011,2,0.05,0.8175295903539445
TEST,post_CE,legislation,50,EXP_SEC011,2,0.04,0.8175295903539445
TEST,post_CE,legislation,60,EXP_SEC011,2,0.03333333333333333,0.8175295903539445
TEST,post_CE,legislation,70,EXP_SEC011,2,0.02857142857142857,0.8175295903539445
TEST,post_CE,legislation,75,EXP_SEC011,2,0.02666666666666667,0.8175295903539445
TEST,pre_CE,legislation,10,EXP_SEC012,2,0.2,0.3889580943680543
TEST,pre_CE,legislation,20,EXP_SEC012,2,0.1,0.3889580943680543
TEST,pre_CE,legislation,30,EXP_SEC012,2,0.06666666666666667,0.3889580943680543
TEST,pre_CE,legislation,40,EXP_SEC012,2,0.05,0.3889580943680543
TEST,pre_CE,legislation,50,EXP_SEC012,2,0.04,0.3889580943680543
TEST,pre_CE,legislation,60,EXP_SEC012,2,0.03333333333333333,0.3889580943680543
TEST,pre_CE,legislation,70,EXP_SEC012,2,0.02857142857142857,0.3889580943680543
TEST,pre_CE,legislation,75,EXP_SEC012,2,0.02666666666666667,0.3889580943680543
TEST,post_CE,legislation,10,EXP_SEC012,2,0.2,1.0
TEST,post_CE,legislation,20,EXP_SEC012,2,0.1,1.0
TEST,post_CE,legislation,30,EXP_SEC012,2,0.06666666666666667,1.0
TEST,post_CE,legislation,40,EXP_SEC012,2,0.05,1.0
TEST,post_CE,legislation,50,EXP_SEC012,2,0.04,1.0
TEST,post_CE,legislation,60,EXP_SEC012,2,0.03333333333333333,1.0
TEST,post_CE,legislation,70,EXP_SEC012,2,0.02857142857142857,1.0
TEST,post_CE,legislation,75,EXP_SEC012,2,0.02666666666666667,1.0
TEST,pre_CE,legislation,10,EXP_SEC014,2,0.1,0.6131471927654584
TEST,pre_CE,legislation,20,EXP_SEC014,2,0.05,0.6131471927654584
TEST,pre_CE,legislation,30,EXP_SEC014,2,0.03333333333333333,0.6131471927654584
TEST,pre_CE,legislation,40,EXP_SEC014,2,0.05,0.73366840577441
TEST,pre_CE,legislation,50,EXP_SEC014,2,0.04,0.73366840577441
TEST,pre_CE,legislation,60,EXP_SEC014,2,0.03333333333333333,0.73366840577441
TEST,pre_CE,legislation,70,EXP_SEC014,2,0.02857142857142857,0.73366840577441
TEST,pre_CE,legislation,75,EXP_SEC014,2,0.02666666666666667,0.73366840577441
TEST,post_CE,legislation,10,EXP_SEC014,2,0.1,0.21840743681816419
TEST,post_CE,legislation,20,EXP_SEC014,2,0.05,0.21840743681816419
TEST,post_CE,legislation,30,EXP_SEC014,2,0.06666666666666667,0.3539526551044881
TEST,post_CE,legislation,40,EXP_SEC014,2,0.05,0.3539526551044881
TEST,post_CE,legislation,50,EXP_SEC014,2,0.04,0.3539526551044881
TEST,post_CE,legislation,60,EXP_SEC014,2,0.03333333333333333,0.3539526551044881
TEST,post_CE,legislation,70,EXP_SEC014,2,0.02857142857142857,0.3539526551044881
TEST,post_CE,legislation,75,EXP_SEC014,2,0.02666666666666667,0.3539526551044881
TEST,pre_CE,legislation,10,EXP_SEC016,1,0.1,0.3562071871080222
TEST,pre_CE,legislation,20,EXP_SEC016,1,0.05,0.3562071871080222
TEST,pre_CE,legislation,30,EXP_SEC016,1,0.03333333333333333,0.3562071871080222
TEST,pre_CE,legislation,40,EXP_SEC016,1,0.025,0.3562071871080222
TEST,pre_CE,legislation,50,EXP_SEC016,1,0.02,0.3562071871080222
TEST,pre_CE,legislation,60,EXP_SEC016,1,0.016666666666666666,0.3562071871080222
TEST,pre_CE,legislation,70,EXP_SEC016,1,0.014285714285714285,0.3562071871080222
TEST,pre_CE,legislation,75,EXP_SEC016,1,0.013333333333333334,0.3562071871080222
TEST,post_CE,legislation,10,EXP_SEC016,1,0.1,0.6309297535714575
TEST,post_CE,legislation,20,EXP_SEC016,1,0.05,0.6309297535714575
TEST,post_CE,legislation,30,EXP_SEC016,1,0.03333333333333333,0.6309297535714575
TEST,post_CE,legislation,40,EXP_SEC016,1,0.025,0.6309297535714575
TEST,post_CE,legislation,50,EXP_SEC016,1,0.02,0.6309297535714575
TEST,post_CE,legislation,60,EXP_SEC016,1,0.016666666666666666,0.6309297535714575
TEST,post_CE,legislation,70,EXP_SEC016,1,0.014285714285714285,0.6309297535714575
TEST,post_CE,legislation,75,EXP_SEC016,1,0.013333333333333334,0.6309297535714575
