chunk_id,n_tokens
000bef7c524d3f68cea91ff4__000bef7c524d3f68cea91ff4__SEG_0001__CH_001,124
000bef7c524d3f68cea91ff4__000bef7c524d3f68cea91ff4__SEG_0001__CH_002,49
0024b37dbd426e80374e7ab7__0024b37dbd426e80374e7ab7__SEG_0001__CH_002,353
009488ade324bce4b091710f__PDFV2__CH_0001,497
009488ade324bce4b091710f__PDFV2__CH_0011,423
009488ade324bce4b091710f__PDFV2__CH_0012,362
009488ade324bce4b091710f__PDFV2__CH_0013,300
009488ade324bce4b091710f__PDFV2__CH_0014,326
009488ade324bce4b091710f__PDFV2__CH_0015,564
009488ade324bce4b091710f__PDFV2__CH_0016,296
009488ade324bce4b091710f__PDFV2__CH_0017,231
009488ade324bce4b091710f__PDFV2__CH_0018,291
009488ade324bce4b091710f__PDFV2__CH_0020,464
009488ade324bce4b091710f__PDFV2__CH_0021,414
009488ade324bce4b091710f__PDFV2__CH_0022,557
009488ade324bce4b091710f__PDFV2__CH_0023,388
009488ade324bce4b091710f__PDFV2__CH_0024,110
009488ade324bce4b091710f__PDFV2__CH_0025,414
009488ade324bce4b091710f__PDFV2__CH_0026,476
009488ade324bce4b091710f__PDFV2__CH_0027,394
009488ade324bce4b091710f__PDFV2__CH_0028,630
009488ade324bce4b091710f__PDFV2__CH_0029,547
009488ade324bce4b091710f__PDFV2__CH_0030,601
009488ade324bce4b091710f__PDFV2__CH_0031,457
009488ade324bce4b091710f__PDFV2__CH_0032,432
009488ade324bce4b091710f__PDFV2__CH_0033,453
009488ade324bce4b091710f__PDFV2__CH_0034,545
009488ade324bce4b091710f__PDFV2__CH_0035,483
009488ade324bce4b091710f__PDFV2__CH_0036,457
009488ade324bce4b091710f__PDFV2__CH_0037,414
009488ade324bce4b091710f__PDFV2__CH_0038,570
009488ade324bce4b091710f__PDFV2__CH_0039,152
009488ade324bce4b091710f__PDFV2__CH_0040,392
009488ade324bce4b091710f__PDFV2__CH_0041,327
009488ade324bce4b091710f__PDFV2__CH_0042,362
009488ade324bce4b091710f__PDFV2__CH_0043,363
009488ade324bce4b091710f__PDFV2__CH_0044,225
009488ade324bce4b091710f__PDFV2__CH_0045,273
009488ade324bce4b091710f__PDFV2__CH_0046,630
009488ade324bce4b091710f__PDFV2__CH_0047,456
009488ade324bce4b091710f__PDFV2__CH_0048,493
009488ade324bce4b091710f__PDFV2__CH_0049,173
009488ade324bce4b091710f__PDFV2__CH_0050,285
009488ade324bce4b091710f__PDFV2__CH_0051,334
009488ade324bce4b091710f__PDFV2__CH_0052,535
009488ade324bce4b091710f__PDFV2__CH_0053,211
009488ade324bce4b091710f__PDFV2__CH_0054,207
009488ade324bce4b091710f__PDFV2__CH_0055,193
009488ade324bce4b091710f__PDFV2__CH_0056,259
009488ade324bce4b091710f__PDFV2__CH_0057,279
009488ade324bce4b091710f__PDFV2__CH_0058,271
009488ade324bce4b091710f__PDFV2__CH_0059,461
009488ade324bce4b091710f__PDFV2__CH_0060,367
009488ade324bce4b091710f__PDFV2__CH_0061,357
009488ade324bce4b091710f__PDFV2__CH_0062,495
009488ade324bce4b091710f__PDFV2__CH_0063,524
009488ade324bce4b091710f__PDFV2__CH_0064,391
009488ade324bce4b091710f__PDFV2__CH_0065,348
009488ade324bce4b091710f__PDFV2__CH_0066,453
009488ade324bce4b091710f__PDFV2__CH_0067,454
009488ade324bce4b091710f__PDFV2__CH_0068,546
009488ade324bce4b091710f__PDFV2__CH_0069,545
009488ade324bce4b091710f__PDFV2__CH_0070,356
009488ade324bce4b091710f__PDFV2__CH_0071,173
009488ade324bce4b091710f__PDFV2__CH_0072,137
009488ade324bce4b091710f__PDFV2__CH_0073,115
009488ade324bce4b091710f__PDFV2__CH_0074,406
009488ade324bce4b091710f__PDFV2__CH_0075,137
009488ade324bce4b091710f__PDFV2__CH_0076,214
009488ade324bce4b091710f__PDFV2__CH_0077,138
009488ade324bce4b091710f__PDFV2__CH_0078,153
009488ade324bce4b091710f__PDFV2__CH_0080,351
009488ade324bce4b091710f__PDFV2__CH_0081,440
009488ade324bce4b091710f__PDFV2__CH_0082,440
009488ade324bce4b091710f__PDFV2__CH_0083,177
009488ade324bce4b091710f__PDFV2__CH_0084,346
009488ade324bce4b091710f__PDFV2__CH_0085,558
009488ade324bce4b091710f__PDFV2__CH_0086,487
009488ade324bce4b091710f__PDFV2__CH_0087,313
009488ade324bce4b091710f__PDFV2__CH_0088,105
009488ade324bce4b091710f__PDFV2__CH_0089,535
009488ade324bce4b091710f__PDFV2__CH_0090,160
009488ade324bce4b091710f__PDFV2__CH_0091,361
009488ade324bce4b091710f__PDFV2__CH_0092,338
009488ade324bce4b091710f__PDFV2__CH_0093,170
009488ade324bce4b091710f__PDFV2__CH_0094__M,578
009488ade324bce4b091710f__PDFV2__CH_0096,326
009488ade324bce4b091710f__PDFV2__CH_0097,379
009488ade324bce4b091710f__PDFV2__CH_0098,488
009488ade324bce4b091710f__PDFV2__CH_0099,313
009488ade324bce4b091710f__PDFV2__CH_0100,675
009488ade324bce4b091710f__PDFV2__CH_0101,395
009488ade324bce4b091710f__PDFV2__CH_0102,198
009488ade324bce4b091710f__PDFV2__CH_0103,214
009488ade324bce4b091710f__PDFV2__CH_0104,543
009488ade324bce4b091710f__PDFV2__CH_0105,420
009488ade324bce4b091710f__PDFV2__CH_0106,169
009488ade324bce4b091710f__PDFV2__CH_0107,448
009488ade324bce4b091710f__PDFV2__CH_0108,244
009488ade324bce4b091710f__PDFV2__CH_0109,234
009488ade324bce4b091710f__PDFV2__CH_0110,415
009488ade324bce4b091710f__PDFV2__CH_0111,87
009488ade324bce4b091710f__PDFV2__CH_0112,72
009488ade324bce4b091710f__PDFV2__CH_0113,315
009488ade324bce4b091710f__PDFV2__CH_0114,255
009488ade324bce4b091710f__PDFV2__CH_0115,292
009488ade324bce4b091710f__PDFV2__CH_0116,242
009488ade324bce4b091710f__PDFV2__CH_0117__M,602
009488ade324bce4b091710f__PDFV2__CH_0119,241
009488ade324bce4b091710f__PDFV2__CH_0120,255
009488ade324bce4b091710f__PDFV2__CH_0121,219
009488ade324bce4b091710f__PDFV2__CH_0122,226
009488ade324bce4b091710f__PDFV2__CH_0123,368
009488ade324bce4b091710f__PDFV2__CH_0124,175
009488ade324bce4b091710f__PDFV2__CH_0125,311
009488ade324bce4b091710f__PDFV2__CH_0126,470
009488ade324bce4b091710f__PDFV2__CH_0127__M,603
009488ade324bce4b091710f__PDFV2__CH_0129,144
009488ade324bce4b091710f__PDFV2__CH_0130,217
009488ade324bce4b091710f__PDFV2__CH_0131,368
009488ade324bce4b091710f__PDFV2__CH_0132,524
009488ade324bce4b091710f__PDFV2__CH_0133,475
009488ade324bce4b091710f__PDFV2__CH_0134,408
009488ade324bce4b091710f__PDFV2__CH_0135,436
009488ade324bce4b091710f__PDFV2__CH_0136,591
009488ade324bce4b091710f__PDFV2__CH_0137,347
009488ade324bce4b091710f__PDFV2__CH_0138,174
009488ade324bce4b091710f__PDFV2__CH_0139,236
009488ade324bce4b091710f__PDFV2__CH_0140,295
009488ade324bce4b091710f__PDFV2__CH_0141,308
009488ade324bce4b091710f__PDFV2__CH_0142,204
009488ade324bce4b091710f__PDFV2__CH_0143,337
009488ade324bce4b091710f__PDFV2__CH_0144,231
009488ade324bce4b091710f__PDFV2__CH_0145,238
009488ade324bce4b091710f__PDFV2__CH_0146,203
009488ade324bce4b091710f__PDFV2__CH_0147,559
009488ade324bce4b091710f__PDFV2__CH_0148,486
009488ade324bce4b091710f__PDFV2__CH_0149,180
009488ade324bce4b091710f__PDFV2__CH_0150,200
009488ade324bce4b091710f__PDFV2__CH_0151,393
009488ade324bce4b091710f__PDFV2__CH_0152,465
009488ade324bce4b091710f__PDFV2__CH_0153__M,913
009488ade324bce4b091710f__PDFV2__CH_0155__M,579
009488ade324bce4b091710f__PDFV2__CH_0162,258
009488ade324bce4b091710f__PDFV2__CH_0163,425
009488ade324bce4b091710f__PDFV2__CH_0164,481
009488ade324bce4b091710f__PDFV2__CH_0165,378
009488ade324bce4b091710f__PDFV2__CH_0167,471
009488ade324bce4b091710f__PDFV2__CH_0168,488
009488ade324bce4b091710f__PDFV2__CH_0169,333
009488ade324bce4b091710f__PDFV2__CH_0170,347
009488ade324bce4b091710f__PDFV2__CH_0171,470
009488ade324bce4b091710f__PDFV2__CH_0172,330
009488ade324bce4b091710f__PDFV2__CH_0173,188
009488ade324bce4b091710f__PDFV2__CH_0174,352
009488ade324bce4b091710f__PDFV2__CH_0175,212
009488ade324bce4b091710f__PDFV2__CH_0176,610
009488ade324bce4b091710f__PDFV2__CH_0177,396
009488ade324bce4b091710f__PDFV2__CH_0178,600
009488ade324bce4b091710f__PDFV2__CH_0179,147
009488ade324bce4b091710f__PDFV2__CH_0180,275
009488ade324bce4b091710f__PDFV2__CH_0181,357
009488ade324bce4b091710f__PDFV2__CH_0182,201
009488ade324bce4b091710f__PDFV2__CH_0183,361
009488ade324bce4b091710f__PDFV2__CH_0184,111
009488ade324bce4b091710f__PDFV2__CH_0185,37
009488ade324bce4b091710f__PDFV2__CH_0186,246
009488ade324bce4b091710f__PDFV2__CH_0187,243
009488ade324bce4b091710f__PDFV2__CH_0188,450
009488ade324bce4b091710f__PDFV2__CH_0189,352
009488ade324bce4b091710f__PDFV2__CH_0190,197
009488ade324bce4b091710f__PDFV2__CH_0191__M,964
009488ade324bce4b091710f__PDFV2__CH_0193,471
009488ade324bce4b091710f__PDFV2__CH_0194,403
009488ade324bce4b091710f__PDFV2__CH_0195,156
009488ade324bce4b091710f__PDFV2__CH_0196,497
009488ade324bce4b091710f__PDFV2__CH_0197,446
009488ade324bce4b091710f__PDFV2__CH_0198,464
009488ade324bce4b091710f__PDFV2__CH_0199,319
009488ade324bce4b091710f__PDFV2__CH_0200,550
009488ade324bce4b091710f__PDFV2__CH_0201,425
009488ade324bce4b091710f__PDFV2__CH_0202,499
009488ade324bce4b091710f__PDFV2__CH_0203,319
009488ade324bce4b091710f__PDFV2__CH_0204,116
009488ade324bce4b091710f__PDFV2__CH_0205,220
009488ade324bce4b091710f__PDFV2__CH_0206,322
00cbd86266790c11f5bdfea4__00cbd86266790c11f5bdfea4__SEG_0001__CH_001,173
00cbd86266790c11f5bdfea4__00cbd86266790c11f5bdfea4__SEG_0001__CH_002,91
01356ec0c08055e146391178__PDFV2__CH_0001,491
01356ec0c08055e146391178__PDFV2__CH_0002,423
01356ec0c08055e146391178__PDFV2__CH_0003,382
014156c5846332bdd1f27a2e__PDFV2__CH_0002,282
014156c5846332bdd1f27a2e__PDFV2__CH_0006,250
014156c5846332bdd1f27a2e__PDFV2__CH_0007,336
014156c5846332bdd1f27a2e__PDFV2__CH_0008,359
0174a180553f8969eef68270__PDFV2__CH_0004,292
0174a180553f8969eef68270__PDFV2__CH_0005,341
0174a180553f8969eef68270__PDFV2__CH_0006,394
0174a180553f8969eef68270__PDFV2__CH_0007,440
0174a180553f8969eef68270__PDFV2__CH_0008,370
0174a180553f8969eef68270__PDFV2__CH_0009,258
0174a180553f8969eef68270__PDFV2__CH_0010,442
0174a180553f8969eef68270__PDFV2__CH_0011,623
0174a180553f8969eef68270__PDFV2__CH_0012,428
0174a180553f8969eef68270__PDFV2__CH_0013,521
0174a180553f8969eef68270__PDFV2__CH_0014,408
0174a180553f8969eef68270__PDFV2__CH_0016,403
0174a180553f8969eef68270__PDFV2__CH_0017,307
0174a180553f8969eef68270__PDFV2__CH_0018,298
0174a180553f8969eef68270__PDFV2__CH_0019,402
0174a180553f8969eef68270__PDFV2__CH_0020,291
0174a180553f8969eef68270__PDFV2__CH_0021,315
0174a180553f8969eef68270__PDFV2__CH_0022,269
0174a180553f8969eef68270__PDFV2__CH_0023,236
0174a180553f8969eef68270__PDFV2__CH_0024,354
0174a180553f8969eef68270__PDFV2__CH_0025,213
0174a180553f8969eef68270__PDFV2__CH_0026,562
0174a180553f8969eef68270__PDFV2__CH_0027,352
0174a180553f8969eef68270__PDFV2__CH_0028,221
0174a180553f8969eef68270__PDFV2__CH_0029,192
0174a180553f8969eef68270__PDFV2__CH_0030,581
0174a180553f8969eef68270__PDFV2__CH_0031,433
0174a180553f8969eef68270__PDFV2__CH_0032,419
0174a180553f8969eef68270__PDFV2__CH_0033,437
0174a180553f8969eef68270__PDFV2__CH_0034,304
0174a180553f8969eef68270__PDFV2__CH_0035,408
0174a180553f8969eef68270__PDFV2__CH_0036,466
0174a180553f8969eef68270__PDFV2__CH_0038,144
0174a180553f8969eef68270__PDFV2__CH_0039,123
0174a180553f8969eef68270__PDFV2__CH_0040__M,479
0174a180553f8969eef68270__PDFV2__CH_0042__M,435
0174a180553f8969eef68270__PDFV2__CH_0044,172
0174a180553f8969eef68270__PDFV2__CH_0045,194
0174a180553f8969eef68270__PDFV2__CH_0046,172
0174a180553f8969eef68270__PDFV2__CH_0047,207
0174a180553f8969eef68270__PDFV2__CH_0048,205
0174a180553f8969eef68270__PDFV2__CH_0049,175
0174a180553f8969eef68270__PDFV2__CH_0056,213
0174a180553f8969eef68270__PDFV2__CH_0058,313
0174a180553f8969eef68270__PDFV2__CH_0060,131
0174a180553f8969eef68270__PDFV2__CH_0061__M,414
0174a180553f8969eef68270__PDFV2__CH_0063,149
0174a180553f8969eef68270__PDFV2__CH_0064,252
0174a180553f8969eef68270__PDFV2__CH_0065,317
0174a180553f8969eef68270__PDFV2__CH_0067,350
0174a180553f8969eef68270__PDFV2__CH_0068,379
0174a180553f8969eef68270__PDFV2__CH_0069,126
0174a180553f8969eef68270__PDFV2__CH_0073,300
0174a180553f8969eef68270__PDFV2__CH_0075,475
0174a180553f8969eef68270__PDFV2__CH_0076,444
0174a180553f8969eef68270__PDFV2__CH_0078,228
0174a180553f8969eef68270__PDFV2__CH_0079,232
0174a180553f8969eef68270__PDFV2__CH_0080,213
0174a180553f8969eef68270__PDFV2__CH_0081,241
0174a180553f8969eef68270__PDFV2__CH_0082__M,532
0174a180553f8969eef68270__PDFV2__CH_0085,229
0174a180553f8969eef68270__PDFV2__CH_0086,428
0174a180553f8969eef68270__PDFV2__CH_0087,364
0174a180553f8969eef68270__PDFV2__CH_0088,130
0174a180553f8969eef68270__PDFV2__CH_0089,347
0174a180553f8969eef68270__PDFV2__CH_0090,373
0174a180553f8969eef68270__PDFV2__CH_0091,309
0174a180553f8969eef68270__PDFV2__CH_0092,95
0193d9ef463c0c0947be1a68__0193d9ef463c0c0947be1a68__SEG_0001__CH_001,279
0193d9ef463c0c0947be1a68__0193d9ef463c0c0947be1a68__SEG_0001__CH_002,131
020bf0985044b00328a6dfe0__020bf0985044b00328a6dfe0__SEG_0001__CH_001,105
020bf0985044b00328a6dfe0__020bf0985044b00328a6dfe0__SEG_0001__CH_002,275
020bf0985044b00328a6dfe0__020bf0985044b00328a6dfe0__SEG_0001__CH_003,123
020bf0985044b00328a6dfe0__020bf0985044b00328a6dfe0__SEG_0001__CH_004,73
020bf0985044b00328a6dfe0__020bf0985044b00328a6dfe0__SEG_0001__CH_005,204
0232023af6bb5928fee0c23f__0232023af6bb5928fee0c23f__SEG_0001__CH_001,107
0244c58b5c4b9a81f4e755f0__PDFV2__CH_0001__M,745
025aac40120ecf9b2114efdb__PDFV2__CH_0001,245
025aac40120ecf9b2114efdb__PDFV2__CH_0002,298
025aac40120ecf9b2114efdb__PDFV2__CH_0003,362
025aac40120ecf9b2114efdb__PDFV2__CH_0004,303
025aac40120ecf9b2114efdb__PDFV2__CH_0005,169
025aac40120ecf9b2114efdb__PDFV2__CH_0006,764
025aac40120ecf9b2114efdb__PDFV2__CH_0007,681
025aac40120ecf9b2114efdb__PDFV2__CH_0008,312
02882e2d58109e13cba4f10e__02882e2d58109e13cba4f10e__SEG_0001__CH_001,290
02cd28b83e8750c05f795a0e__PDFV2__CH_0001__M,536
02cd28b83e8750c05f795a0e__PDFV2__CH_0003,431
0318be1d17a8ce450b9b1051__0318be1d17a8ce450b9b1051__SEG_0001__CH_001,197
0318be1d17a8ce450b9b1051__0318be1d17a8ce450b9b1051__SEG_0001__CH_002,111
0395ae880c6255ac8484eb1c__0395ae880c6255ac8484eb1c__SEG_0001__CH_001,123
03b56aace697cb2fd3a9b856__03b56aace697cb2fd3a9b856__SEG_0001__CH_001,223
03c02ea1f587c2a1f61cb44e__PDFV2__CH_0001,1287
03c02ea1f587c2a1f61cb44e__PDFV2__CH_0002,558
03c02ea1f587c2a1f61cb44e__PDFV2__CH_0003,393
0413b97ffbfb0a2ad09a7418__0413b97ffbfb0a2ad09a7418__SEG_0001__CH_001,701
0413b97ffbfb0a2ad09a7418__0413b97ffbfb0a2ad09a7418__SEG_0001__CH_002,793
0413b97ffbfb0a2ad09a7418__0413b97ffbfb0a2ad09a7418__SEG_0001__CH_003,1446
0413b97ffbfb0a2ad09a7418__0413b97ffbfb0a2ad09a7418__SEG_0001__CH_004,878
0445e9531d5e850d7a19ac55__PDFV2__CH_0001,463
0445e9531d5e850d7a19ac55__PDFV2__CH_0002,529
0445e9531d5e850d7a19ac55__PDFV2__CH_0003,663
0445e9531d5e850d7a19ac55__PDFV2__CH_0004,258
0445e9531d5e850d7a19ac55__PDFV2__CH_0005,421
0445e9531d5e850d7a19ac55__PDFV2__CH_0006,80
0445e9531d5e850d7a19ac55__PDFV2__CH_0007,311
0445e9531d5e850d7a19ac55__PDFV2__CH_0008,270
0445e9531d5e850d7a19ac55__PDFV2__CH_0010,553
0445e9531d5e850d7a19ac55__PDFV2__CH_0011,143
0458bf8f6e543d8058af08b8__0458bf8f6e543d8058af08b8__SEG_0001__CH_001,70
0458bf8f6e543d8058af08b8__0458bf8f6e543d8058af08b8__SEG_0001__CH_002,215
0458bf8f6e543d8058af08b8__0458bf8f6e543d8058af08b8__SEG_0001__CH_003,301
0458bf8f6e543d8058af08b8__0458bf8f6e543d8058af08b8__SEG_0001__CH_004,212
0458bf8f6e543d8058af08b8__0458bf8f6e543d8058af08b8__SEG_0001__CH_005,635
0458bf8f6e543d8058af08b8__0458bf8f6e543d8058af08b8__SEG_0001__CH_006,477
0458bf8f6e543d8058af08b8__0458bf8f6e543d8058af08b8__SEG_0001__CH_007,371
0458bf8f6e543d8058af08b8__0458bf8f6e543d8058af08b8__SEG_0001__CH_008,1397
04666b9c54d86afffc0df6d5__04666b9c54d86afffc0df6d5__SEG_0001__CH_001,679
04666b9c54d86afffc0df6d5__04666b9c54d86afffc0df6d5__SEG_0001__CH_002,698
04666b9c54d86afffc0df6d5__04666b9c54d86afffc0df6d5__SEG_0001__CH_003,432
04666b9c54d86afffc0df6d5__04666b9c54d86afffc0df6d5__SEG_0001__CH_004,1181
04666b9c54d86afffc0df6d5__04666b9c54d86afffc0df6d5__SEG_0001__CH_005,854
04666b9c54d86afffc0df6d5__04666b9c54d86afffc0df6d5__SEG_0002__CH_001,82
04666b9c54d86afffc0df6d5__04666b9c54d86afffc0df6d5__SEG_0002__CH_003,82
0473494c7939cd407687698f__0473494c7939cd407687698f__SEG_0001__CH_001,554
047d163bea1643c86f46fa5e__047d163bea1643c86f46fa5e__SEG_0001__CH_001,651
047d163bea1643c86f46fa5e__047d163bea1643c86f46fa5e__SEG_0001__CH_002,73
048029752e1a57d1e65f4f1c__048029752e1a57d1e65f4f1c__SEG_0001__CH_001,644
048029752e1a57d1e65f4f1c__048029752e1a57d1e65f4f1c__SEG_0001__CH_002,753
04ac92b43dde6ffc1a586639__04ac92b43dde6ffc1a586639__SEG_0001__CH_002,191
04ac92b43dde6ffc1a586639__04ac92b43dde6ffc1a586639__SEG_0001__CH_003,335
04ac92b43dde6ffc1a586639__04ac92b43dde6ffc1a586639__SEG_0001__CH_004,96
04ac92b43dde6ffc1a586639__04ac92b43dde6ffc1a586639__SEG_0001__CH_005,176
058209b85611b82a4d3a86ea__058209b85611b82a4d3a86ea__SEG_0001__CH_002,785
05829a0f4e9f0f1d8ccca035__05829a0f4e9f0f1d8ccca035__SEG_0001__CH_001,498
05829a0f4e9f0f1d8ccca035__05829a0f4e9f0f1d8ccca035__SEG_0001__CH_002,107
05829a0f4e9f0f1d8ccca035__05829a0f4e9f0f1d8ccca035__SEG_0001__CH_003__M,688
05da07eff38d56f646c65fbf__05da07eff38d56f646c65fbf__SEG_0001__CH_001,219
05da07eff38d56f646c65fbf__05da07eff38d56f646c65fbf__SEG_0001__CH_002,235
06122e9cf402cb4dcc961707__06122e9cf402cb4dcc961707__SEG_0001__CH_001,791
06122e9cf402cb4dcc961707__06122e9cf402cb4dcc961707__SEG_0001__CH_002,276
06122e9cf402cb4dcc961707__06122e9cf402cb4dcc961707__SEG_0001__CH_003,198
06122e9cf402cb4dcc961707__06122e9cf402cb4dcc961707__SEG_0001__CH_004,943
06122e9cf402cb4dcc961707__06122e9cf402cb4dcc961707__SEG_0001__CH_005,608
06122e9cf402cb4dcc961707__06122e9cf402cb4dcc961707__SEG_0001__CH_006,1163
06122e9cf402cb4dcc961707__06122e9cf402cb4dcc961707__SEG_0002__CH_001__S1,658
06122e9cf402cb4dcc961707__06122e9cf402cb4dcc961707__SEG_0002__CH_001__S2,1950
062f5bff4f370385100a1e07__062f5bff4f370385100a1e07__SEG_0001__CH_001,379
062f5bff4f370385100a1e07__062f5bff4f370385100a1e07__SEG_0001__CH_002,697
062f5bff4f370385100a1e07__062f5bff4f370385100a1e07__SEG_0001__CH_003,1071
063f610c0baf0017d859ecfc__063f610c0baf0017d859ecfc__SEG_0001__CH_001,188
063f610c0baf0017d859ecfc__063f610c0baf0017d859ecfc__SEG_0001__CH_002,119
0644a75f15e70c1214628a77__0644a75f15e70c1214628a77__SEG_0001__CH_002,283
0644a75f15e70c1214628a77__0644a75f15e70c1214628a77__SEG_0001__CH_003,127
06cd7f1fa2401eee1bc3057f__06cd7f1fa2401eee1bc3057f__SEG_0001__CH_001,153
06e848e64793cb222f63b7e5__06e848e64793cb222f63b7e5__SEG_0001__CH_001,122
06e848e64793cb222f63b7e5__06e848e64793cb222f63b7e5__SEG_0001__CH_002,466
06e848e64793cb222f63b7e5__06e848e64793cb222f63b7e5__SEG_0001__CH_003,86
071f87cb2958be165a94bb8b__071f87cb2958be165a94bb8b__SEG_0001__CH_001,206
071f87cb2958be165a94bb8b__071f87cb2958be165a94bb8b__SEG_0001__CH_003,6323
071f87cb2958be165a94bb8b__071f87cb2958be165a94bb8b__SEG_0001__CH_004,3321
071f87cb2958be165a94bb8b__071f87cb2958be165a94bb8b__SEG_0002__CH_001,2820
071f87cb2958be165a94bb8b__071f87cb2958be165a94bb8b__SEG_0002__CH_002,1784
071f87cb2958be165a94bb8b__071f87cb2958be165a94bb8b__SEG_0002__CH_003,4628
071f87cb2958be165a94bb8b__071f87cb2958be165a94bb8b__SEG_0002__CH_004,1362
071f87cb2958be165a94bb8b__071f87cb2958be165a94bb8b__SEG_0003__CH_001,199
071f87cb2958be165a94bb8b__071f87cb2958be165a94bb8b__SEG_0003__CH_002,237
071f87cb2958be165a94bb8b__071f87cb2958be165a94bb8b__SEG_0003__CH_003,320
071f87cb2958be165a94bb8b__071f87cb2958be165a94bb8b__SEG_0003__CH_004,327
071f87cb2958be165a94bb8b__071f87cb2958be165a94bb8b__SEG_0003__CH_005,1697
071f87cb2958be165a94bb8b__071f87cb2958be165a94bb8b__SEG_0003__CH_006,1160
071f87cb2958be165a94bb8b__071f87cb2958be165a94bb8b__SEG_0003__CH_007,325
071f87cb2958be165a94bb8b__071f87cb2958be165a94bb8b__SEG_0003__CH_008,593
071f87cb2958be165a94bb8b__071f87cb2958be165a94bb8b__SEG_0004__CH_001,648
071f87cb2958be165a94bb8b__071f87cb2958be165a94bb8b__SEG_0004__CH_002,1543
071f87cb2958be165a94bb8b__071f87cb2958be165a94bb8b__SEG_0004__CH_003,1984
071f87cb2958be165a94bb8b__071f87cb2958be165a94bb8b__SEG_0004__CH_004,1088
071f87cb2958be165a94bb8b__071f87cb2958be165a94bb8b__SEG_0005__CH_001,1164
073f241525a2d23d637ef2b6__PDFV2__CH_0001,328
073f241525a2d23d637ef2b6__PDFV2__CH_0002,222
077f46537db4ddd43596857e__PDFV2__CH_0003,211
077f46537db4ddd43596857e__PDFV2__CH_0004,338
077f46537db4ddd43596857e__PDFV2__CH_0005,554
077f46537db4ddd43596857e__PDFV2__CH_0006,303
077f46537db4ddd43596857e__PDFV2__CH_0007,475
077f46537db4ddd43596857e__PDFV2__CH_0008,424
077f46537db4ddd43596857e__PDFV2__CH_0009,487
077f46537db4ddd43596857e__PDFV2__CH_0010,322
077f46537db4ddd43596857e__PDFV2__CH_0011,158
077f46537db4ddd43596857e__PDFV2__CH_0012,254
077f46537db4ddd43596857e__PDFV2__CH_0013,322
077f46537db4ddd43596857e__PDFV2__CH_0014,401
077f46537db4ddd43596857e__PDFV2__CH_0015,589
077f46537db4ddd43596857e__PDFV2__CH_0016,434
077f46537db4ddd43596857e__PDFV2__CH_0017,205
077f46537db4ddd43596857e__PDFV2__CH_0018,579
077f46537db4ddd43596857e__PDFV2__CH_0019,465
077f46537db4ddd43596857e__PDFV2__CH_0020,195
077f46537db4ddd43596857e__PDFV2__CH_0021,199
077f46537db4ddd43596857e__PDFV2__CH_0022,614
077f46537db4ddd43596857e__PDFV2__CH_0023,438
077f46537db4ddd43596857e__PDFV2__CH_0024,304
077f46537db4ddd43596857e__PDFV2__CH_0025,63
077f46537db4ddd43596857e__PDFV2__CH_0026,424
077f46537db4ddd43596857e__PDFV2__CH_0027,251
077f46537db4ddd43596857e__PDFV2__CH_0028,214
077f46537db4ddd43596857e__PDFV2__CH_0029,339
077f46537db4ddd43596857e__PDFV2__CH_0030__M,860
077f46537db4ddd43596857e__PDFV2__CH_0032,203
07bee3722228d9e565c727af__PDFV2__CH_0001,476
07bee3722228d9e565c727af__PDFV2__CH_0002,440
07bee3722228d9e565c727af__PDFV2__CH_0003,568
07bee3722228d9e565c727af__PDFV2__CH_0004,491
07bee3722228d9e565c727af__PDFV2__CH_0005,373
07bee3722228d9e565c727af__PDFV2__CH_0006,386
07bee3722228d9e565c727af__PDFV2__CH_0007,399
07bee3722228d9e565c727af__PDFV2__CH_0008,545
07bee3722228d9e565c727af__PDFV2__CH_0009,426
080038aaabbed7695b38c8f3__080038aaabbed7695b38c8f3__SEG_0001__CH_001,147
080038aaabbed7695b38c8f3__080038aaabbed7695b38c8f3__SEG_0001__CH_002,55
083a00e1c81697dfd59569c6__083a00e1c81697dfd59569c6__SEG_0001__CH_001,132
083a00e1c81697dfd59569c6__083a00e1c81697dfd59569c6__SEG_0001__CH_002,256
08434ad6ac7d16073bb83106__PDFV2__CH_0001,395
0852b327d4206b88451b52d3__0852b327d4206b88451b52d3__SEG_0001__CH_001,176
0852b327d4206b88451b52d3__0852b327d4206b88451b52d3__SEG_0001__CH_002,88
08681476190b3238c61db20b__08681476190b3238c61db20b__SEG_0001__CH_001,314
08681476190b3238c61db20b__08681476190b3238c61db20b__SEG_0001__CH_002,283
08a992a58c2d234d20e923a4__08a992a58c2d234d20e923a4__SEG_0001__CH_001,15
08a992a58c2d234d20e923a4__08a992a58c2d234d20e923a4__SEG_0001__CH_002,690
08a992a58c2d234d20e923a4__08a992a58c2d234d20e923a4__SEG_0001__CH_003,481
08a992a58c2d234d20e923a4__08a992a58c2d234d20e923a4__SEG_0001__CH_004,633
08ab2638192dd2de3b82f7df__08ab2638192dd2de3b82f7df__SEG_0001__CH_001,197
08ab2638192dd2de3b82f7df__08ab2638192dd2de3b82f7df__SEG_0001__CH_002,354
08ab2638192dd2de3b82f7df__08ab2638192dd2de3b82f7df__SEG_0001__CH_003,504
08ab2638192dd2de3b82f7df__08ab2638192dd2de3b82f7df__SEG_0001__CH_004,808
08ab2638192dd2de3b82f7df__08ab2638192dd2de3b82f7df__SEG_0001__CH_005,488
08ab2638192dd2de3b82f7df__08ab2638192dd2de3b82f7df__SEG_0001__CH_006,1639
08abe8b6bf5cd979b62a45bd__PDFV2__CH_0001,462
08abe8b6bf5cd979b62a45bd__PDFV2__CH_0002,424
08abe8b6bf5cd979b62a45bd__PDFV2__CH_0003,393
08abe8b6bf5cd979b62a45bd__PDFV2__CH_0004,175
08b89e530c329442ffabc36d__PDFV2__CH_0001,383
08b89e530c329442ffabc36d__PDFV2__CH_0002,584
08b89e530c329442ffabc36d__PDFV2__CH_0006,805
08b89e530c329442ffabc36d__PDFV2__CH_0010__M,983
091a6c01560f4b5ceb747419__091a6c01560f4b5ceb747419__SEG_0001__CH_001,2091
091faf8fce48e2dd8621a2c7__PDFV2__CH_0001,241
091faf8fce48e2dd8621a2c7__PDFV2__CH_0002,188
091faf8fce48e2dd8621a2c7__PDFV2__CH_0003,167
091faf8fce48e2dd8621a2c7__PDFV2__CH_0004,137
091faf8fce48e2dd8621a2c7__PDFV2__CH_0005,285
091faf8fce48e2dd8621a2c7__PDFV2__CH_0006,304
091faf8fce48e2dd8621a2c7__PDFV2__CH_0007,104
091faf8fce48e2dd8621a2c7__PDFV2__CH_0008,334
091faf8fce48e2dd8621a2c7__PDFV2__CH_0009,114
091faf8fce48e2dd8621a2c7__PDFV2__CH_0010,143
092c7476170e5dd5e8ffa0b7__092c7476170e5dd5e8ffa0b7__SEG_0001__CH_001,93
092c7476170e5dd5e8ffa0b7__092c7476170e5dd5e8ffa0b7__SEG_0001__CH_002,84
092c7476170e5dd5e8ffa0b7__092c7476170e5dd5e8ffa0b7__SEG_0001__CH_003,211
092c7476170e5dd5e8ffa0b7__092c7476170e5dd5e8ffa0b7__SEG_0001__CH_004,327
092c7476170e5dd5e8ffa0b7__092c7476170e5dd5e8ffa0b7__SEG_0001__CH_005,285
092c7476170e5dd5e8ffa0b7__092c7476170e5dd5e8ffa0b7__SEG_0001__CH_006,1206
097a512f99ffc4187a0ab752__097a512f99ffc4187a0ab752__SEG_0001__CH_001,419
097a512f99ffc4187a0ab752__097a512f99ffc4187a0ab752__SEG_0001__CH_002,169
09a1c32d70bf64112b85d3a9__09a1c32d70bf64112b85d3a9__SEG_0001__CH_002,78
09ae20380f0468accea2b82e__09ae20380f0468accea2b82e__SEG_0001__CH_001,147
09cc1395c6a211a3db34e174__09cc1395c6a211a3db34e174__SEG_0001__CH_001,696
09cc1395c6a211a3db34e174__09cc1395c6a211a3db34e174__SEG_0001__CH_002,307
09df18c5dfac1e7e88a07363__09df18c5dfac1e7e88a07363__SEG_0001__CH_001,846
09df18c5dfac1e7e88a07363__09df18c5dfac1e7e88a07363__SEG_0001__CH_002,599
09df18c5dfac1e7e88a07363__09df18c5dfac1e7e88a07363__SEG_0001__CH_003,610
09df18c5dfac1e7e88a07363__09df18c5dfac1e7e88a07363__SEG_0001__CH_004,512
09fb40bc4a3523780c4ea4dd__PDFV2__CH_0001,322
09fb40bc4a3523780c4ea4dd__PDFV2__CH_0002,213
09fb40bc4a3523780c4ea4dd__PDFV2__CH_0003,325
09fb40bc4a3523780c4ea4dd__PDFV2__CH_0004,142
09fb40bc4a3523780c4ea4dd__PDFV2__CH_0005,399
09fb40bc4a3523780c4ea4dd__PDFV2__CH_0006,560
09fb40bc4a3523780c4ea4dd__PDFV2__CH_0007,388
09fb40bc4a3523780c4ea4dd__PDFV2__CH_0008,416
09fb40bc4a3523780c4ea4dd__PDFV2__CH_0009,307
09fb40bc4a3523780c4ea4dd__PDFV2__CH_0010,244
0a0fabb6ad43aa9853933592__0a0fabb6ad43aa9853933592__SEG_0001__CH_002,164
0a0fabb6ad43aa9853933592__0a0fabb6ad43aa9853933592__SEG_0001__CH_003,154
0a1ef6d0a684400a6e513606__0a1ef6d0a684400a6e513606__SEG_0001__CH_001,553
0a1ef6d0a684400a6e513606__0a1ef6d0a684400a6e513606__SEG_0001__CH_002,690
0a1ef6d0a684400a6e513606__0a1ef6d0a684400a6e513606__SEG_0001__CH_003,530
0a1ef6d0a684400a6e513606__0a1ef6d0a684400a6e513606__SEG_0001__CH_004,633
0a1ef6d0a684400a6e513606__0a1ef6d0a684400a6e513606__SEG_0001__CH_005,748
0a1ef6d0a684400a6e513606__0a1ef6d0a684400a6e513606__SEG_0001__CH_006,333
0a77f5545238bb80d9a9df16__0a77f5545238bb80d9a9df16__SEG_0001__CH_001,546
0a77f5545238bb80d9a9df16__0a77f5545238bb80d9a9df16__SEG_0001__CH_002,1316
0a77f5545238bb80d9a9df16__0a77f5545238bb80d9a9df16__SEG_0001__CH_003,1594
0a77f5545238bb80d9a9df16__0a77f5545238bb80d9a9df16__SEG_0001__CH_004,2459
0a77f5545238bb80d9a9df16__0a77f5545238bb80d9a9df16__SEG_0001__CH_005,1316
0a77f5545238bb80d9a9df16__0a77f5545238bb80d9a9df16__SEG_0002__CH_001,979
0a77f5545238bb80d9a9df16__0a77f5545238bb80d9a9df16__SEG_0002__CH_002,725
0a77f5545238bb80d9a9df16__0a77f5545238bb80d9a9df16__SEG_0002__CH_003,398
0a9913cc394040c5e2fff2b9__0a9913cc394040c5e2fff2b9__SEG_0001__CH_001,1784
0a9913cc394040c5e2fff2b9__0a9913cc394040c5e2fff2b9__SEG_0001__CH_002,411
0aa7c0ddfba7c00dc2a19f06__0aa7c0ddfba7c00dc2a19f06__SEG_0001__CH_001,946
0aa7c0ddfba7c00dc2a19f06__0aa7c0ddfba7c00dc2a19f06__SEG_0001__CH_002,601
0aa7c0ddfba7c00dc2a19f06__0aa7c0ddfba7c00dc2a19f06__SEG_0001__CH_003,83
0b08e3e318b967832fe69103__PDFV2__CH_0001,378
0b08e3e318b967832fe69103__PDFV2__CH_0002,403
0b08e3e318b967832fe69103__PDFV2__CH_0003,326
0b08e3e318b967832fe69103__PDFV2__CH_0004,351
0b08e3e318b967832fe69103__PDFV2__CH_0005,290
0b08e3e318b967832fe69103__PDFV2__CH_0006,300
0b08e3e318b967832fe69103__PDFV2__CH_0007,366
0b08e3e318b967832fe69103__PDFV2__CH_0008,528
0b08e3e318b967832fe69103__PDFV2__CH_0009,509
0b08e3e318b967832fe69103__PDFV2__CH_0010,359
0b1a7f04f25bf74cdc8cdae2__0b1a7f04f25bf74cdc8cdae2__SEG_0001__CH_001,145
0b4f83693099ebc73ef2bbf6__PDFV2__CH_0001,531
0b4f83693099ebc73ef2bbf6__PDFV2__CH_0002,684
0b4f83693099ebc73ef2bbf6__PDFV2__CH_0003,689
0b4f83693099ebc73ef2bbf6__PDFV2__CH_0004,152
0b6df71ce0ec03b8faaddc51__0b6df71ce0ec03b8faaddc51__SEG_0001__CH_001,181
0b6df71ce0ec03b8faaddc51__0b6df71ce0ec03b8faaddc51__SEG_0001__CH_002,123
0b7f1fdfd6940a04b11da78a__0b7f1fdfd6940a04b11da78a__SEG_0001__CH_003,499
0b7f1fdfd6940a04b11da78a__0b7f1fdfd6940a04b11da78a__SEG_0001__CH_004,633
0b7f1fdfd6940a04b11da78a__0b7f1fdfd6940a04b11da78a__SEG_0002__CH_003,2321
0b7f1fdfd6940a04b11da78a__0b7f1fdfd6940a04b11da78a__SEG_0002__CH_004,1504
0b7f1fdfd6940a04b11da78a__0b7f1fdfd6940a04b11da78a__SEG_0003__CH_001,1765
0b7f1fdfd6940a04b11da78a__0b7f1fdfd6940a04b11da78a__SEG_0003__CH_002,1828
0b7f1fdfd6940a04b11da78a__0b7f1fdfd6940a04b11da78a__SEG_0003__CH_003,398
0b7f1fdfd6940a04b11da78a__0b7f1fdfd6940a04b11da78a__SEG_0004__CH_001,1264
0b7f1fdfd6940a04b11da78a__0b7f1fdfd6940a04b11da78a__SEG_0004__CH_002,5912
0b7f1fdfd6940a04b11da78a__0b7f1fdfd6940a04b11da78a__SEG_0005__CH_001,483
0b7f1fdfd6940a04b11da78a__0b7f1fdfd6940a04b11da78a__SEG_0005__CH_002,1004
0b7f1fdfd6940a04b11da78a__0b7f1fdfd6940a04b11da78a__SEG_0005__CH_003,782
0b7f1fdfd6940a04b11da78a__0b7f1fdfd6940a04b11da78a__SEG_0005__CH_004,431
0b7f1fdfd6940a04b11da78a__0b7f1fdfd6940a04b11da78a__SEG_0006__CH_001,942
0b7f1fdfd6940a04b11da78a__0b7f1fdfd6940a04b11da78a__SEG_0006__CH_002,441
0b7f1fdfd6940a04b11da78a__0b7f1fdfd6940a04b11da78a__SEG_0006__CH_003,1025
0b7f1fdfd6940a04b11da78a__0b7f1fdfd6940a04b11da78a__SEG_0006__CH_004,891
0b7f1fdfd6940a04b11da78a__0b7f1fdfd6940a04b11da78a__SEG_0007__CH_002,1808
0b7f1fdfd6940a04b11da78a__0b7f1fdfd6940a04b11da78a__SEG_0007__CH_004,2708
0b7f1fdfd6940a04b11da78a__0b7f1fdfd6940a04b11da78a__SEG_0007__CH_005,313
0b7f1fdfd6940a04b11da78a__0b7f1fdfd6940a04b11da78a__SEG_0007__CH_006,2277
0b7f1fdfd6940a04b11da78a__0b7f1fdfd6940a04b11da78a__SEG_0007__CH_007,946
0b7f1fdfd6940a04b11da78a__0b7f1fdfd6940a04b11da78a__SEG_0008__CH_001,1943
0b7f1fdfd6940a04b11da78a__0b7f1fdfd6940a04b11da78a__SEG_0008__CH_002,1847
0b7f1fdfd6940a04b11da78a__0b7f1fdfd6940a04b11da78a__SEG_0008__CH_003,317
0b7f1fdfd6940a04b11da78a__0b7f1fdfd6940a04b11da78a__SEG_0009__CH_001,1213
0b7f1fdfd6940a04b11da78a__0b7f1fdfd6940a04b11da78a__SEG_0009__CH_002,475
0b7f1fdfd6940a04b11da78a__0b7f1fdfd6940a04b11da78a__SEG_0009__CH_004,2194
0b7f1fdfd6940a04b11da78a__0b7f1fdfd6940a04b11da78a__SEG_0010__CH_001,601
0b7f1fdfd6940a04b11da78a__0b7f1fdfd6940a04b11da78a__SEG_0010__CH_002,512
0b7f1fdfd6940a04b11da78a__0b7f1fdfd6940a04b11da78a__SEG_0010__CH_003,386
0b7f1fdfd6940a04b11da78a__0b7f1fdfd6940a04b11da78a__SEG_0010__CH_004,1682
0b86435654eb48c5e534c82b__0b86435654eb48c5e534c82b__SEG_0001__CH_002,119
0b967853c6334ad3312d0a6a__0b967853c6334ad3312d0a6a__SEG_0001__CH_001,103
0bb182b1b5a42c36a0999bcd__0bb182b1b5a42c36a0999bcd__SEG_0001__CH_001,536
0bb182b1b5a42c36a0999bcd__0bb182b1b5a42c36a0999bcd__SEG_0001__CH_002,1791
0bb182b1b5a42c36a0999bcd__0bb182b1b5a42c36a0999bcd__SEG_0001__CH_003,3294
0bb182b1b5a42c36a0999bcd__0bb182b1b5a42c36a0999bcd__SEG_0002__CH_001,406
0bb182b1b5a42c36a0999bcd__0bb182b1b5a42c36a0999bcd__SEG_0002__CH_002,5081
0bbd7476215f90dffd7e8a5e__0bbd7476215f90dffd7e8a5e__SEG_0001__CH_001__M,174
0bbd7476215f90dffd7e8a5e__0bbd7476215f90dffd7e8a5e__SEG_0001__CH_004,169
0bd2be1599e39b541d995e83__PDFV2__CH_0001,402
0c3452bafd4c7adbef69866c__0c3452bafd4c7adbef69866c__SEG_0001__CH_002,248
0c3452bafd4c7adbef69866c__0c3452bafd4c7adbef69866c__SEG_0001__CH_003,121
0c3452bafd4c7adbef69866c__0c3452bafd4c7adbef69866c__SEG_0001__CH_004,562
0c3452bafd4c7adbef69866c__0c3452bafd4c7adbef69866c__SEG_0001__CH_005__M,476
0c3452bafd4c7adbef69866c__0c3452bafd4c7adbef69866c__SEG_0001__CH_007,306
0c3452bafd4c7adbef69866c__0c3452bafd4c7adbef69866c__SEG_0001__CH_008,251
0c3452bafd4c7adbef69866c__0c3452bafd4c7adbef69866c__SEG_0001__CH_009,766
0c3452bafd4c7adbef69866c__0c3452bafd4c7adbef69866c__SEG_0002__CH_001,1002
0c3452bafd4c7adbef69866c__0c3452bafd4c7adbef69866c__SEG_0002__CH_002,814
0c41580c76dcfc4d5f93cc8b__0c41580c76dcfc4d5f93cc8b__SEG_0001__CH_001,205
0c42ac05c0eef7cdeefc3119__PDFV2__CH_0003,374
0c42ac05c0eef7cdeefc3119__PDFV2__CH_0004,463
0c4387fa6155b7f3d1befc26__0c4387fa6155b7f3d1befc26__SEG_0001__CH_001,429
0ca2bfea6ba357d9000d5870__PDFV2__CH_0001,117
0ca2bfea6ba357d9000d5870__PDFV2__CH_0002,223
0ca2bfea6ba357d9000d5870__PDFV2__CH_0003,362
0ca2bfea6ba357d9000d5870__PDFV2__CH_0004,114
0ca2bfea6ba357d9000d5870__PDFV2__CH_0005,285
0ca2bfea6ba357d9000d5870__PDFV2__CH_0006,322
0ca2bfea6ba357d9000d5870__PDFV2__CH_0007,227
0ca2bfea6ba357d9000d5870__PDFV2__CH_0008,289
0ca2bfea6ba357d9000d5870__PDFV2__CH_0009,611
0ca2bfea6ba357d9000d5870__PDFV2__CH_0010,268
0ca2bfea6ba357d9000d5870__PDFV2__CH_0011,425
0ca2bfea6ba357d9000d5870__PDFV2__CH_0012,354
0ca2bfea6ba357d9000d5870__PDFV2__CH_0013,416
0ca2bfea6ba357d9000d5870__PDFV2__CH_0014,224
0ca2bfea6ba357d9000d5870__PDFV2__CH_0015,200
0ca2bfea6ba357d9000d5870__PDFV2__CH_0016,321
0ca2bfea6ba357d9000d5870__PDFV2__CH_0017,321
0ca2bfea6ba357d9000d5870__PDFV2__CH_0018,407
0ca2bfea6ba357d9000d5870__PDFV2__CH_0019,215
0ca2bfea6ba357d9000d5870__PDFV2__CH_0020,334
0ca2bfea6ba357d9000d5870__PDFV2__CH_0021,189
0ca2bfea6ba357d9000d5870__PDFV2__CH_0022,494
0cf7ef14c38bfdb0405f4a4c__PDFV2__CH_0002,195
0cf7ef14c38bfdb0405f4a4c__PDFV2__CH_0003,196
0cf7ef14c38bfdb0405f4a4c__PDFV2__CH_0005,222
0d04032a02dde1b44429e7e4__0d04032a02dde1b44429e7e4__SEG_0001__CH_001,149
0d5bf1902c9fcdf7194ee25b__0d5bf1902c9fcdf7194ee25b__SEG_0001__CH_002,149
0d5bf1902c9fcdf7194ee25b__0d5bf1902c9fcdf7194ee25b__SEG_0001__CH_003,85
0d9926998d544c855a0799bd__0d9926998d544c855a0799bd__SEG_0001__CH_001,318
0dc9a7f2f8e3d4da44e74893__0dc9a7f2f8e3d4da44e74893__SEG_0001__CH_001,660
0dc9a7f2f8e3d4da44e74893__0dc9a7f2f8e3d4da44e74893__SEG_0001__CH_002,160
0dfedbaf21ec379d7bde2858__0dfedbaf21ec379d7bde2858__SEG_0001__CH_001,238
0dfedbaf21ec379d7bde2858__0dfedbaf21ec379d7bde2858__SEG_0001__CH_002,201
0dfedbaf21ec379d7bde2858__0dfedbaf21ec379d7bde2858__SEG_0001__CH_003,657
0dfedbaf21ec379d7bde2858__0dfedbaf21ec379d7bde2858__SEG_0001__CH_004,297
0dfedbaf21ec379d7bde2858__0dfedbaf21ec379d7bde2858__SEG_0001__CH_005,321
0dfedbaf21ec379d7bde2858__0dfedbaf21ec379d7bde2858__SEG_0001__CH_006,590
0dfedbaf21ec379d7bde2858__0dfedbaf21ec379d7bde2858__SEG_0001__CH_007,415
0dfedbaf21ec379d7bde2858__0dfedbaf21ec379d7bde2858__SEG_0001__CH_008,1259
0dfedbaf21ec379d7bde2858__0dfedbaf21ec379d7bde2858__SEG_0001__CH_009,519
0dfedbaf21ec379d7bde2858__0dfedbaf21ec379d7bde2858__SEG_0002__CH_001,210
0e0d97d979cd20495b2fc758__0e0d97d979cd20495b2fc758__SEG_0001__CH_001,280
0e908a7c323604d118207005__0e908a7c323604d118207005__SEG_0001__CH_001,272
0ebd60291e46561ba7d85de5__PDFV2__CH_0002__M,222
0ebd60291e46561ba7d85de5__PDFV2__CH_0004,257
0ebd60291e46561ba7d85de5__PDFV2__CH_0005,89
0f0eb853f854df3b03f49a8c__0f0eb853f854df3b03f49a8c__SEG_0001__CH_002,185
0f0eb853f854df3b03f49a8c__0f0eb853f854df3b03f49a8c__SEG_0001__CH_003,513
0f0eb853f854df3b03f49a8c__0f0eb853f854df3b03f49a8c__SEG_0001__CH_004,341
0f0eb853f854df3b03f49a8c__0f0eb853f854df3b03f49a8c__SEG_0001__CH_005,110
0f0eb853f854df3b03f49a8c__0f0eb853f854df3b03f49a8c__SEG_0001__CH_006,294
0f0eb853f854df3b03f49a8c__0f0eb853f854df3b03f49a8c__SEG_0001__CH_007,333
0f0eb853f854df3b03f49a8c__0f0eb853f854df3b03f49a8c__SEG_0001__CH_008,662
0f0eb853f854df3b03f49a8c__0f0eb853f854df3b03f49a8c__SEG_0001__CH_009,529
0f0eb853f854df3b03f49a8c__0f0eb853f854df3b03f49a8c__SEG_0002__CH_001,4213
0f0eb853f854df3b03f49a8c__0f0eb853f854df3b03f49a8c__SEG_0002__CH_002,1494
0f90f538e0457f5259eb88b4__0f90f538e0457f5259eb88b4__SEG_0001__CH_001,311
0fc74a11664334d196832392__PDFV2__CH_0011,480
0fc74a11664334d196832392__PDFV2__CH_0014,481
0fc74a11664334d196832392__PDFV2__CH_0015,307
0fc74a11664334d196832392__PDFV2__CH_0016,457
0fc74a11664334d196832392__PDFV2__CH_0017,437
0fc74a11664334d196832392__PDFV2__CH_0018,355
0fc74a11664334d196832392__PDFV2__CH_0019,320
0fc74a11664334d196832392__PDFV2__CH_0020,327
0fc74a11664334d196832392__PDFV2__CH_0021,267
0fc74a11664334d196832392__PDFV2__CH_0022,329
0fc74a11664334d196832392__PDFV2__CH_0023,232
0fc74a11664334d196832392__PDFV2__CH_0024,199
0fc74a11664334d196832392__PDFV2__CH_0025,284
0fc74a11664334d196832392__PDFV2__CH_0026,418
0fc74a11664334d196832392__PDFV2__CH_0027,182
0fc74a11664334d196832392__PDFV2__CH_0028__M,721
0fc74a11664334d196832392__PDFV2__CH_0030,530
0fc74a11664334d196832392__PDFV2__CH_0031,257
0fc74a11664334d196832392__PDFV2__CH_0032,285
0fc74a11664334d196832392__PDFV2__CH_0033,275
0fc74a11664334d196832392__PDFV2__CH_0034,325
0fc74a11664334d196832392__PDFV2__CH_0035,301
0fc74a11664334d196832392__PDFV2__CH_0036,306
0fc74a11664334d196832392__PDFV2__CH_0037,245
0fc74a11664334d196832392__PDFV2__CH_0038,512
0fc74a11664334d196832392__PDFV2__CH_0039,346
0fc74a11664334d196832392__PDFV2__CH_0040,367
0fc74a11664334d196832392__PDFV2__CH_0041,244
0fc74a11664334d196832392__PDFV2__CH_0042,228
0fc74a11664334d196832392__PDFV2__CH_0043,226
0fc74a11664334d196832392__PDFV2__CH_0044,94
0fc74a11664334d196832392__PDFV2__CH_0045,256
0fc74a11664334d196832392__PDFV2__CH_0046,388
0fc74a11664334d196832392__PDFV2__CH_0047,314
0fc74a11664334d196832392__PDFV2__CH_0048,448
0fc74a11664334d196832392__PDFV2__CH_0049,118
0fc74a11664334d196832392__PDFV2__CH_0050,638
0fc74a11664334d196832392__PDFV2__CH_0051,327
0fc74a11664334d196832392__PDFV2__CH_0052,298
0fc74a11664334d196832392__PDFV2__CH_0053,505
0fc74a11664334d196832392__PDFV2__CH_0054,239
0fc74a11664334d196832392__PDFV2__CH_0055,558
0fc74a11664334d196832392__PDFV2__CH_0056,377
0fc74a11664334d196832392__PDFV2__CH_0057,419
0fc74a11664334d196832392__PDFV2__CH_0058,431
0fc74a11664334d196832392__PDFV2__CH_0059,282
0fc74a11664334d196832392__PDFV2__CH_0060,225
0fc74a11664334d196832392__PDFV2__CH_0061,646
0fc74a11664334d196832392__PDFV2__CH_0062,170
0fc74a11664334d196832392__PDFV2__CH_0063,296
0fc74a11664334d196832392__PDFV2__CH_0064,249
0fc74a11664334d196832392__PDFV2__CH_0065,124
0fc74a11664334d196832392__PDFV2__CH_0066,277
0fc74a11664334d196832392__PDFV2__CH_0067,170
0fc74a11664334d196832392__PDFV2__CH_0068,551
0fc74a11664334d196832392__PDFV2__CH_0069,177
0fc74a11664334d196832392__PDFV2__CH_0070,596
0fc74a11664334d196832392__PDFV2__CH_0071,31
0fc74a11664334d196832392__PDFV2__CH_0072,226
0fc74a11664334d196832392__PDFV2__CH_0073,154
0fc74a11664334d196832392__PDFV2__CH_0074,506
0fc74a11664334d196832392__PDFV2__CH_0075,275
0fc74a11664334d196832392__PDFV2__CH_0076__M,561
0fc74a11664334d196832392__PDFV2__CH_0078,117
0fc74a11664334d196832392__PDFV2__CH_0079,420
0fc74a11664334d196832392__PDFV2__CH_0080,444
0fc74a11664334d196832392__PDFV2__CH_0081,431
0fc74a11664334d196832392__PDFV2__CH_0082,398
0fc74a11664334d196832392__PDFV2__CH_0083,240
0fc74a11664334d196832392__PDFV2__CH_0084,322
0fc74a11664334d196832392__PDFV2__CH_0085,256
0fc74a11664334d196832392__PDFV2__CH_0086,66
0fc74a11664334d196832392__PDFV2__CH_0087,309
0fc74a11664334d196832392__PDFV2__CH_0088,95
0fc74a11664334d196832392__PDFV2__CH_0089,107
0fc74a11664334d196832392__PDFV2__CH_0090,327
0fc74a11664334d196832392__PDFV2__CH_0091,233
0fc74a11664334d196832392__PDFV2__CH_0092,159
0fc74a11664334d196832392__PDFV2__CH_0093,466
0fc74a11664334d196832392__PDFV2__CH_0094,523
0fc74a11664334d196832392__PDFV2__CH_0095,274
0fc74a11664334d196832392__PDFV2__CH_0096,341
0fc74a11664334d196832392__PDFV2__CH_0097,287
0fc74a11664334d196832392__PDFV2__CH_0098,602
0fc74a11664334d196832392__PDFV2__CH_0099,388
0fc74a11664334d196832392__PDFV2__CH_0100,357
0fc74a11664334d196832392__PDFV2__CH_0101,414
0fc74a11664334d196832392__PDFV2__CH_0102,347
0fc74a11664334d196832392__PDFV2__CH_0103,302
0fc74a11664334d196832392__PDFV2__CH_0104,288
0fc74a11664334d196832392__PDFV2__CH_0105,333
0fc74a11664334d196832392__PDFV2__CH_0106,437
0fc74a11664334d196832392__PDFV2__CH_0107,145
0fc74a11664334d196832392__PDFV2__CH_0108,155
0fc74a11664334d196832392__PDFV2__CH_0109,341
0fc74a11664334d196832392__PDFV2__CH_0110,125
0fc74a11664334d196832392__PDFV2__CH_0111,78
0fc74a11664334d196832392__PDFV2__CH_0112,513
0fc74a11664334d196832392__PDFV2__CH_0113,304
0fc74a11664334d196832392__PDFV2__CH_0114,369
0fc74a11664334d196832392__PDFV2__CH_0115,262
0fc74a11664334d196832392__PDFV2__CH_0116,185
0fc74a11664334d196832392__PDFV2__CH_0117,246
0fc74a11664334d196832392__PDFV2__CH_0118,364
0fc74a11664334d196832392__PDFV2__CH_0119,317
0fc74a11664334d196832392__PDFV2__CH_0120,422
0fc74a11664334d196832392__PDFV2__CH_0121,347
0fc74a11664334d196832392__PDFV2__CH_0122,101
0fc74a11664334d196832392__PDFV2__CH_0123,213
0fc74a11664334d196832392__PDFV2__CH_0124,110
0fc74a11664334d196832392__PDFV2__CH_0125,213
0fc74a11664334d196832392__PDFV2__CH_0126,259
0fc74a11664334d196832392__PDFV2__CH_0127,224
0fc74a11664334d196832392__PDFV2__CH_0128,333
0fc74a11664334d196832392__PDFV2__CH_0129,128
0fc74a11664334d196832392__PDFV2__CH_0130,328
0fc74a11664334d196832392__PDFV2__CH_0131,353
0fc74a11664334d196832392__PDFV2__CH_0132,299
0fc74a11664334d196832392__PDFV2__CH_0133,145
0fc74a11664334d196832392__PDFV2__CH_0134,183
0fc74a11664334d196832392__PDFV2__CH_0135,42
0fc74a11664334d196832392__PDFV2__CH_0136,187
0fc74a11664334d196832392__PDFV2__CH_0137,180
0fc74a11664334d196832392__PDFV2__CH_0138__M,736
0fc74a11664334d196832392__PDFV2__CH_0140,342
0fc74a11664334d196832392__PDFV2__CH_0141,313
0fc74a11664334d196832392__PDFV2__CH_0142,175
0fc74a11664334d196832392__PDFV2__CH_0143,396
0fc74a11664334d196832392__PDFV2__CH_0144,244
0fc74a11664334d196832392__PDFV2__CH_0145,419
0fc74a11664334d196832392__PDFV2__CH_0146,496
0fc74a11664334d196832392__PDFV2__CH_0147,220
0fc74a11664334d196832392__PDFV2__CH_0148,422
0fc74a11664334d196832392__PDFV2__CH_0149,87
0fc74a11664334d196832392__PDFV2__CH_0150,296
0fc74a11664334d196832392__PDFV2__CH_0151__M,606
0fc74a11664334d196832392__PDFV2__CH_0153,204
0fc74a11664334d196832392__PDFV2__CH_0154,201
0fc74a11664334d196832392__PDFV2__CH_0155,128
0fc74a11664334d196832392__PDFV2__CH_0156,378
0fc74a11664334d196832392__PDFV2__CH_0157,528
0fc74a11664334d196832392__PDFV2__CH_0158,311
0fc74a11664334d196832392__PDFV2__CH_0159,224
0fc74a11664334d196832392__PDFV2__CH_0160,303
0fc74a11664334d196832392__PDFV2__CH_0161,404
0fc74a11664334d196832392__PDFV2__CH_0162,291
0fc74a11664334d196832392__PDFV2__CH_0163,130
0fc74a11664334d196832392__PDFV2__CH_0164__M,513
0fc74a11664334d196832392__PDFV2__CH_0166,210
0fc74a11664334d196832392__PDFV2__CH_0167,241
0fc74a11664334d196832392__PDFV2__CH_0168,210
0fc74a11664334d196832392__PDFV2__CH_0169,233
0fc74a11664334d196832392__PDFV2__CH_0170,88
0fc74a11664334d196832392__PDFV2__CH_0171,296
0fc74a11664334d196832392__PDFV2__CH_0172,256
0fc74a11664334d196832392__PDFV2__CH_0173,200
0fc74a11664334d196832392__PDFV2__CH_0174,117
0fc74a11664334d196832392__PDFV2__CH_0175,342
0fc74a11664334d196832392__PDFV2__CH_0176,326
0fc74a11664334d196832392__PDFV2__CH_0177,230
0fc74a11664334d196832392__PDFV2__CH_0178,460
0fc74a11664334d196832392__PDFV2__CH_0179,418
0fc74a11664334d196832392__PDFV2__CH_0180,370
0fc74a11664334d196832392__PDFV2__CH_0181,281
0fc74a11664334d196832392__PDFV2__CH_0182,409
0fc74a11664334d196832392__PDFV2__CH_0183,346
0fc74a11664334d196832392__PDFV2__CH_0184,368
0fc74a11664334d196832392__PDFV2__CH_0185,416
0fc74a11664334d196832392__PDFV2__CH_0186,482
0fc74a11664334d196832392__PDFV2__CH_0187,259
0fc74a11664334d196832392__PDFV2__CH_0188,401
0fc74a11664334d196832392__PDFV2__CH_0189,315
0fc74a11664334d196832392__PDFV2__CH_0190,318
0fc74a11664334d196832392__PDFV2__CH_0191,430
0fc74a11664334d196832392__PDFV2__CH_0192,352
0fc74a11664334d196832392__PDFV2__CH_0193,374
0fc74a11664334d196832392__PDFV2__CH_0194,251
0fc74a11664334d196832392__PDFV2__CH_0195,487
0fc74a11664334d196832392__PDFV2__CH_0196,382
0fc74a11664334d196832392__PDFV2__CH_0197,403
0fc74a11664334d196832392__PDFV2__CH_0198,429
0fc74a11664334d196832392__PDFV2__CH_0199,247
0fc74a11664334d196832392__PDFV2__CH_0200,316
0fc74a11664334d196832392__PDFV2__CH_0201,154
0fc74a11664334d196832392__PDFV2__CH_0202,159
0fc74a11664334d196832392__PDFV2__CH_0203,180
0fc74a11664334d196832392__PDFV2__CH_0204,149
0fc74a11664334d196832392__PDFV2__CH_0205,303
0fc74a11664334d196832392__PDFV2__CH_0206,261
0fc74a11664334d196832392__PDFV2__CH_0207,257
0fc74a11664334d196832392__PDFV2__CH_0208__M,433
0fc74a11664334d196832392__PDFV2__CH_0210,247
0fc74a11664334d196832392__PDFV2__CH_0211,122
0fc74a11664334d196832392__PDFV2__CH_0212,183
0fc74a11664334d196832392__PDFV2__CH_0213,360
0fc74a11664334d196832392__PDFV2__CH_0214,219
0fc74a11664334d196832392__PDFV2__CH_0215,196
0fc74a11664334d196832392__PDFV2__CH_0216,236
0fc74a11664334d196832392__PDFV2__CH_0217,42
0fc74a11664334d196832392__PDFV2__CH_0218,264
0fc74a11664334d196832392__PDFV2__CH_0219__M,925
0fc74a11664334d196832392__PDFV2__CH_0222__M,424
0fc74a11664334d196832392__PDFV2__CH_0224,287
0fc74a11664334d196832392__PDFV2__CH_0225,348
0fc74a11664334d196832392__PDFV2__CH_0226,457
0fc74a11664334d196832392__PDFV2__CH_0227,207
0fc74a11664334d196832392__PDFV2__CH_0228,147
0fc74a11664334d196832392__PDFV2__CH_0229,343
0fc74a11664334d196832392__PDFV2__CH_0230,180
0fc74a11664334d196832392__PDFV2__CH_0231,327
0fc74a11664334d196832392__PDFV2__CH_0232,409
0fc74a11664334d196832392__PDFV2__CH_0233,127
0fc74a11664334d196832392__PDFV2__CH_0234,203
0fc74a11664334d196832392__PDFV2__CH_0236,274
0fc74a11664334d196832392__PDFV2__CH_0237,30
0fc74a11664334d196832392__PDFV2__CH_0238,77
0fc74a11664334d196832392__PDFV2__CH_0239,173
0fc74a11664334d196832392__PDFV2__CH_0240,329
0fc74a11664334d196832392__PDFV2__CH_0241,395
0fc74a11664334d196832392__PDFV2__CH_0242,308
0fc74a11664334d196832392__PDFV2__CH_0243,370
0fc74a11664334d196832392__PDFV2__CH_0244,363
0fc74a11664334d196832392__PDFV2__CH_0245,340
0fc74a11664334d196832392__PDFV2__CH_0246,237
0fc74a11664334d196832392__PDFV2__CH_0249,284
0fc74a11664334d196832392__PDFV2__CH_0255,210
0fc74a11664334d196832392__PDFV2__CH_0256,488
0fc74a11664334d196832392__PDFV2__CH_0257,197
0fc74a11664334d196832392__PDFV2__CH_0258,147
0fc74a11664334d196832392__PDFV2__CH_0259,140
0fc74a11664334d196832392__PDFV2__CH_0260,177
0fc74a11664334d196832392__PDFV2__CH_0261,199
0fc74a11664334d196832392__PDFV2__CH_0262,171
0fc74a11664334d196832392__PDFV2__CH_0263,471
0fc74a11664334d196832392__PDFV2__CH_0264,400
0fc74a11664334d196832392__PDFV2__CH_0265,243
0fc74a11664334d196832392__PDFV2__CH_0266,360
0fc74a11664334d196832392__PDFV2__CH_0267,354
0fc74a11664334d196832392__PDFV2__CH_0268,370
0fc74a11664334d196832392__PDFV2__CH_0269,317
0fc74a11664334d196832392__PDFV2__CH_0270,422
0fc74a11664334d196832392__PDFV2__CH_0271,143
0fc74a11664334d196832392__PDFV2__CH_0272,393
0fc74a11664334d196832392__PDFV2__CH_0273,208
0fc74a11664334d196832392__PDFV2__CH_0274,290
0fc74a11664334d196832392__PDFV2__CH_0275,138
0fc74a11664334d196832392__PDFV2__CH_0276,292
0fc74a11664334d196832392__PDFV2__CH_0277,64
0fc74a11664334d196832392__PDFV2__CH_0279,341
0fc74a11664334d196832392__PDFV2__CH_0280,534
0fc74a11664334d196832392__PDFV2__CH_0281,276
0fc74a11664334d196832392__PDFV2__CH_0282,101
0fc74a11664334d196832392__PDFV2__CH_0283,430
0fc74a11664334d196832392__PDFV2__CH_0284,421
0fc74a11664334d196832392__PDFV2__CH_0285,474
0fc74a11664334d196832392__PDFV2__CH_0286,304
0fc74a11664334d196832392__PDFV2__CH_0287,164
0fc74a11664334d196832392__PDFV2__CH_0288,472
0fc74a11664334d196832392__PDFV2__CH_0289,447
0fc74a11664334d196832392__PDFV2__CH_0290,389
0fc74a11664334d196832392__PDFV2__CH_0291,316
0fc74a11664334d196832392__PDFV2__CH_0292,337
0fc74a11664334d196832392__PDFV2__CH_0293,296
100b1455458bc9f9fc27ce4e__100b1455458bc9f9fc27ce4e__SEG_0001__CH_001,151
100b1455458bc9f9fc27ce4e__100b1455458bc9f9fc27ce4e__SEG_0001__CH_002,429
100b1455458bc9f9fc27ce4e__100b1455458bc9f9fc27ce4e__SEG_0001__CH_003,267
100b1455458bc9f9fc27ce4e__100b1455458bc9f9fc27ce4e__SEG_0001__CH_004,581
101c3495ebf7ef87d7fa59b5__101c3495ebf7ef87d7fa59b5__SEG_0001__CH_001,1475
101c3495ebf7ef87d7fa59b5__101c3495ebf7ef87d7fa59b5__SEG_0001__CH_002,1230
101c3495ebf7ef87d7fa59b5__101c3495ebf7ef87d7fa59b5__SEG_0001__CH_003,409
10451ea26542b0ddfe0511b7__10451ea26542b0ddfe0511b7__SEG_0001__CH_001,391
10451ea26542b0ddfe0511b7__10451ea26542b0ddfe0511b7__SEG_0001__CH_002,1011
10451ea26542b0ddfe0511b7__10451ea26542b0ddfe0511b7__SEG_0001__CH_003,503
10451ea26542b0ddfe0511b7__10451ea26542b0ddfe0511b7__SEG_0001__CH_004,182
10a4c17721d16750f8102c4f__PDFV2__CH_0001,404
10a4c17721d16750f8102c4f__PDFV2__CH_0003,405
10a4c17721d16750f8102c4f__PDFV2__CH_0004,523
10a4c17721d16750f8102c4f__PDFV2__CH_0006,623
10a4c17721d16750f8102c4f__PDFV2__CH_0007,607
10a4c17721d16750f8102c4f__PDFV2__CH_0008,665
10a4c17721d16750f8102c4f__PDFV2__CH_0009,424
10a4c17721d16750f8102c4f__PDFV2__CH_0010,709
10a4c17721d16750f8102c4f__PDFV2__CH_0011,334
10a4c17721d16750f8102c4f__PDFV2__CH_0012,365
10a4c17721d16750f8102c4f__PDFV2__CH_0013,410
10a4c17721d16750f8102c4f__PDFV2__CH_0014,264
10a4c17721d16750f8102c4f__PDFV2__CH_0015,500
10a4c17721d16750f8102c4f__PDFV2__CH_0016,319
10a4c17721d16750f8102c4f__PDFV2__CH_0017,377
10a4c17721d16750f8102c4f__PDFV2__CH_0018,298
10a4c17721d16750f8102c4f__PDFV2__CH_0019,346
10a4c17721d16750f8102c4f__PDFV2__CH_0020,187
10a4c17721d16750f8102c4f__PDFV2__CH_0021,483
10a4c17721d16750f8102c4f__PDFV2__CH_0022,229
10a4c17721d16750f8102c4f__PDFV2__CH_0023,378
10a4c17721d16750f8102c4f__PDFV2__CH_0024,447
10a4c17721d16750f8102c4f__PDFV2__CH_0025,338
10a4c17721d16750f8102c4f__PDFV2__CH_0026,756
10a4c17721d16750f8102c4f__PDFV2__CH_0027,326
10a4c17721d16750f8102c4f__PDFV2__CH_0028,503
10a4c17721d16750f8102c4f__PDFV2__CH_0029,416
10a4c17721d16750f8102c4f__PDFV2__CH_0030,508
10a4c17721d16750f8102c4f__PDFV2__CH_0031,254
10a4c17721d16750f8102c4f__PDFV2__CH_0032,434
10a4c17721d16750f8102c4f__PDFV2__CH_0033,504
10a4c17721d16750f8102c4f__PDFV2__CH_0034,317
10a4c17721d16750f8102c4f__PDFV2__CH_0035,500
10a4c17721d16750f8102c4f__PDFV2__CH_0036,262
10a4c17721d16750f8102c4f__PDFV2__CH_0037,611
10a4c17721d16750f8102c4f__PDFV2__CH_0038,726
10a4c17721d16750f8102c4f__PDFV2__CH_0039,325
10a4c17721d16750f8102c4f__PDFV2__CH_0040,364
10a4c17721d16750f8102c4f__PDFV2__CH_0041,440
10a4c17721d16750f8102c4f__PDFV2__CH_0042,389
10a4c17721d16750f8102c4f__PDFV2__CH_0043,347
10a4c17721d16750f8102c4f__PDFV2__CH_0044,315
10a4c17721d16750f8102c4f__PDFV2__CH_0045,153
10a4c17721d16750f8102c4f__PDFV2__CH_0046,334
10a4c17721d16750f8102c4f__PDFV2__CH_0047,452
10a4c17721d16750f8102c4f__PDFV2__CH_0048,168
10a4c17721d16750f8102c4f__PDFV2__CH_0049,423
10a4c17721d16750f8102c4f__PDFV2__CH_0050,437
10a4c17721d16750f8102c4f__PDFV2__CH_0051,160
10a4c17721d16750f8102c4f__PDFV2__CH_0052,480
10a4c17721d16750f8102c4f__PDFV2__CH_0053,90
10a4c17721d16750f8102c4f__PDFV2__CH_0054,508
10a4c17721d16750f8102c4f__PDFV2__CH_0055,529
10a4c17721d16750f8102c4f__PDFV2__CH_0056__M,774
10a4c17721d16750f8102c4f__PDFV2__CH_0058,297
10a4c17721d16750f8102c4f__PDFV2__CH_0059,213
10a4c17721d16750f8102c4f__PDFV2__CH_0060,408
10a4c17721d16750f8102c4f__PDFV2__CH_0061,406
10a4c17721d16750f8102c4f__PDFV2__CH_0062,555
10a4c17721d16750f8102c4f__PDFV2__CH_0063,554
10a4c17721d16750f8102c4f__PDFV2__CH_0064,208
10c2b7a45924aacb63e8a0cc__10c2b7a45924aacb63e8a0cc__SEG_0001__CH_001,271
10c2b7a45924aacb63e8a0cc__10c2b7a45924aacb63e8a0cc__SEG_0001__CH_002,240
10c2b7a45924aacb63e8a0cc__10c2b7a45924aacb63e8a0cc__SEG_0001__CH_003,670
10c2b7a45924aacb63e8a0cc__10c2b7a45924aacb63e8a0cc__SEG_0001__CH_004,373
10c2b7a45924aacb63e8a0cc__10c2b7a45924aacb63e8a0cc__SEG_0001__CH_005,303
10c2b7a45924aacb63e8a0cc__10c2b7a45924aacb63e8a0cc__SEG_0001__CH_006,178
10e167f116cfbbd12080f0d3__10e167f116cfbbd12080f0d3__SEG_0001__CH_001,241
1126590a2e697394ded57aad__1126590a2e697394ded57aad__SEG_0001__CH_001,244
1145464cee7b29d18d71661f__1145464cee7b29d18d71661f__SEG_0001__CH_001,641
1145464cee7b29d18d71661f__1145464cee7b29d18d71661f__SEG_0001__CH_002,468
1145464cee7b29d18d71661f__1145464cee7b29d18d71661f__SEG_0001__CH_003,377
1145464cee7b29d18d71661f__1145464cee7b29d18d71661f__SEG_0001__CH_004,386
1145464cee7b29d18d71661f__1145464cee7b29d18d71661f__SEG_0001__CH_005,223
11482bf29627588c6b035703__PDFV2__CH_0001,603
11482bf29627588c6b035703__PDFV2__CH_0002,595
11482bf29627588c6b035703__PDFV2__CH_0003,797
11482bf29627588c6b035703__PDFV2__CH_0004,657
11482bf29627588c6b035703__PDFV2__CH_0005,638
11482bf29627588c6b035703__PDFV2__CH_0006,486
11cc2ce38eef4729efc37e7b__PDFV2__CH_0001,246
11cc2ce38eef4729efc37e7b__PDFV2__CH_0002,333
11cc2ce38eef4729efc37e7b__PDFV2__CH_0003,223
11cc2ce38eef4729efc37e7b__PDFV2__CH_0004,544
11cc2ce38eef4729efc37e7b__PDFV2__CH_0005,854
11cc2ce38eef4729efc37e7b__PDFV2__CH_0006,662
11cc2ce38eef4729efc37e7b__PDFV2__CH_0007,542
11d06579f96cb8ab859876c3__PDFV2__CH_0001,600
11d06579f96cb8ab859876c3__PDFV2__CH_0002,528
11d06579f96cb8ab859876c3__PDFV2__CH_0003,471
11d06579f96cb8ab859876c3__PDFV2__CH_0004,389
11d06579f96cb8ab859876c3__PDFV2__CH_0005,333
11d06579f96cb8ab859876c3__PDFV2__CH_0006,651
11d06579f96cb8ab859876c3__PDFV2__CH_0007,440
11d06579f96cb8ab859876c3__PDFV2__CH_0008,343
11d06579f96cb8ab859876c3__PDFV2__CH_0009,240
121c03c689104ea598bdd02e__PDFV2__CH_0002,372
121c03c689104ea598bdd02e__PDFV2__CH_0003,340
121c03c689104ea598bdd02e__PDFV2__CH_0004,742
121c03c689104ea598bdd02e__PDFV2__CH_0006,431
121c03c689104ea598bdd02e__PDFV2__CH_0007,270
128d788f7d1205da6e937516__128d788f7d1205da6e937516__SEG_0001__CH_001,1338
128d788f7d1205da6e937516__128d788f7d1205da6e937516__SEG_0001__CH_002,662
128d788f7d1205da6e937516__128d788f7d1205da6e937516__SEG_0001__CH_003,1571
128d788f7d1205da6e937516__128d788f7d1205da6e937516__SEG_0001__CH_004,333
129227d444030cff228f3fef__129227d444030cff228f3fef__SEG_0001__CH_001,715
129227d444030cff228f3fef__129227d444030cff228f3fef__SEG_0001__CH_002,871
129227d444030cff228f3fef__129227d444030cff228f3fef__SEG_0001__CH_003,566
129227d444030cff228f3fef__129227d444030cff228f3fef__SEG_0001__CH_004,636
129227d444030cff228f3fef__129227d444030cff228f3fef__SEG_0001__CH_005,617
129227d444030cff228f3fef__129227d444030cff228f3fef__SEG_0001__CH_006,323
1298f7aa3d8e0dfac4913d31__1298f7aa3d8e0dfac4913d31__SEG_0001__CH_001,686
1298f7aa3d8e0dfac4913d31__1298f7aa3d8e0dfac4913d31__SEG_0001__CH_002,424
1298f7aa3d8e0dfac4913d31__1298f7aa3d8e0dfac4913d31__SEG_0001__CH_003,1171
12ce7ce3ef2a4642d64fafd6__12ce7ce3ef2a4642d64fafd6__SEG_0001__CH_001,689
12ce7ce3ef2a4642d64fafd6__12ce7ce3ef2a4642d64fafd6__SEG_0001__CH_002,661
12d7013911bdb4ffc5ac578f__PDFV2__CH_0001,632
12d7013911bdb4ffc5ac578f__PDFV2__CH_0002,761
12d7013911bdb4ffc5ac578f__PDFV2__CH_0003,509
12d7013911bdb4ffc5ac578f__PDFV2__CH_0004,710
12d7013911bdb4ffc5ac578f__PDFV2__CH_0005,363
12d7013911bdb4ffc5ac578f__PDFV2__CH_0006,259
12d7013911bdb4ffc5ac578f__PDFV2__CH_0007,626
12d7013911bdb4ffc5ac578f__PDFV2__CH_0008,552
12d7013911bdb4ffc5ac578f__PDFV2__CH_0009,452
12d7013911bdb4ffc5ac578f__PDFV2__CH_0010,454
12dd867a3dd794ae74b9f2c3__12dd867a3dd794ae74b9f2c3__SEG_0001__CH_001,372
12dd867a3dd794ae74b9f2c3__12dd867a3dd794ae74b9f2c3__SEG_0001__CH_002,160
1361a3cae921ef8ee62ba7d6__1361a3cae921ef8ee62ba7d6__SEG_0001__CH_001,587
1361a3cae921ef8ee62ba7d6__1361a3cae921ef8ee62ba7d6__SEG_0001__CH_002,756
1361a3cae921ef8ee62ba7d6__1361a3cae921ef8ee62ba7d6__SEG_0001__CH_003,267
13deaad96b7551395ff63642__13deaad96b7551395ff63642__SEG_0001__CH_001,131
14bc854c2951315fa326cba6__14bc854c2951315fa326cba6__SEG_0001__CH_002,136
14bc854c2951315fa326cba6__14bc854c2951315fa326cba6__SEG_0001__CH_003,348
14bc854c2951315fa326cba6__14bc854c2951315fa326cba6__SEG_0001__CH_004,451
14bc854c2951315fa326cba6__14bc854c2951315fa326cba6__SEG_0001__CH_005,215
14bc854c2951315fa326cba6__14bc854c2951315fa326cba6__SEG_0001__CH_006,210
14bc854c2951315fa326cba6__14bc854c2951315fa326cba6__SEG_0001__CH_007,115
14bc854c2951315fa326cba6__14bc854c2951315fa326cba6__SEG_0001__CH_008,356
14bc854c2951315fa326cba6__14bc854c2951315fa326cba6__SEG_0001__CH_009,144
14f9dda41e796def7d0b2835__14f9dda41e796def7d0b2835__SEG_0001__CH_001,237
14f9dda41e796def7d0b2835__14f9dda41e796def7d0b2835__SEG_0001__CH_002,243
15305317c4ebf066a76b2a47__PDFV2__CH_0002,119
15305317c4ebf066a76b2a47__PDFV2__CH_0003,430
15305317c4ebf066a76b2a47__PDFV2__CH_0004,414
15305317c4ebf066a76b2a47__PDFV2__CH_0005,133
15305317c4ebf066a76b2a47__PDFV2__CH_0006,485
15305317c4ebf066a76b2a47__PDFV2__CH_0007,458
15305317c4ebf066a76b2a47__PDFV2__CH_0008,213
15305317c4ebf066a76b2a47__PDFV2__CH_0009__M,967
15305317c4ebf066a76b2a47__PDFV2__CH_0011,299
15305317c4ebf066a76b2a47__PDFV2__CH_0012,397
15305317c4ebf066a76b2a47__PDFV2__CH_0013,514
15305317c4ebf066a76b2a47__PDFV2__CH_0014,633
15305317c4ebf066a76b2a47__PDFV2__CH_0015,445
15305317c4ebf066a76b2a47__PDFV2__CH_0016,674
15305317c4ebf066a76b2a47__PDFV2__CH_0017,571
15305317c4ebf066a76b2a47__PDFV2__CH_0018,102
154e4510f6a2178638dda495__PDFV2__CH_0002,513
154e4510f6a2178638dda495__PDFV2__CH_0005,259
15a21c04ad77ed3797afb706__PDFV2__CH_0002,318
15a21c04ad77ed3797afb706__PDFV2__CH_0003,368
15b2dc4688fdb13b608d8fe6__PDFV2__CH_0005,458
15b2dc4688fdb13b608d8fe6__PDFV2__CH_0006,297
15b2dc4688fdb13b608d8fe6__PDFV2__CH_0007,391
15b2dc4688fdb13b608d8fe6__PDFV2__CH_0009,173
15b2dc4688fdb13b608d8fe6__PDFV2__CH_0010,248
15b2dc4688fdb13b608d8fe6__PDFV2__CH_0011,273
15b2dc4688fdb13b608d8fe6__PDFV2__CH_0012,228
15b2dc4688fdb13b608d8fe6__PDFV2__CH_0013,179
15b2dc4688fdb13b608d8fe6__PDFV2__CH_0014,240
15b2dc4688fdb13b608d8fe6__PDFV2__CH_0017,135
15b2dc4688fdb13b608d8fe6__PDFV2__CH_0019,92
15b2dc4688fdb13b608d8fe6__PDFV2__CH_0020__M,1091
15b2dc4688fdb13b608d8fe6__PDFV2__CH_0025,192
15b2dc4688fdb13b608d8fe6__PDFV2__CH_0028,229
15b2dc4688fdb13b608d8fe6__PDFV2__CH_0038,67
15b2dc4688fdb13b608d8fe6__PDFV2__CH_0039,111
15b2dc4688fdb13b608d8fe6__PDFV2__CH_0040,53
15b2dc4688fdb13b608d8fe6__PDFV2__CH_0041,77
15b2dc4688fdb13b608d8fe6__PDFV2__CH_0042,105
15b2dc4688fdb13b608d8fe6__PDFV2__CH_0049,139
15b2dc4688fdb13b608d8fe6__PDFV2__CH_0056,78
15b2dc4688fdb13b608d8fe6__PDFV2__CH_0058,94
15b2dc4688fdb13b608d8fe6__PDFV2__CH_0059__M,125
15b2dc4688fdb13b608d8fe6__PDFV2__CH_0062,119
15b2dc4688fdb13b608d8fe6__PDFV2__CH_0063,106
15b2dc4688fdb13b608d8fe6__PDFV2__CH_0064,97
15c3ffbda2c2d35c0268f41e__15c3ffbda2c2d35c0268f41e__SEG_0001__CH_002,144
15c3ffbda2c2d35c0268f41e__15c3ffbda2c2d35c0268f41e__SEG_0001__CH_003,390
15c3ffbda2c2d35c0268f41e__15c3ffbda2c2d35c0268f41e__SEG_0001__CH_004,269
15c89556221fd6d0e94f70ed__15c89556221fd6d0e94f70ed__SEG_0001__CH_001,578
15cb5980920e22ad58a98e1a__15cb5980920e22ad58a98e1a__SEG_0001__CH_001,1211
15cb5980920e22ad58a98e1a__15cb5980920e22ad58a98e1a__SEG_0001__CH_002,1211
15cb5980920e22ad58a98e1a__15cb5980920e22ad58a98e1a__SEG_0001__CH_003,871
15fc5bbf1a5e1ae0af6ccf9c__15fc5bbf1a5e1ae0af6ccf9c__SEG_0001__CH_001,248
15fc5bbf1a5e1ae0af6ccf9c__15fc5bbf1a5e1ae0af6ccf9c__SEG_0001__CH_002,563
16033821862348bc294f4b4f__16033821862348bc294f4b4f__SEG_0001__CH_001,309
163d3a549366bd3d90610477__163d3a549366bd3d90610477__SEG_0001__CH_001,397
163d3a549366bd3d90610477__163d3a549366bd3d90610477__SEG_0001__CH_002,381
163f9ef45d0d774ba7bac2ac__163f9ef45d0d774ba7bac2ac__SEG_0001__CH_002,354
163f9ef45d0d774ba7bac2ac__163f9ef45d0d774ba7bac2ac__SEG_0001__CH_003,225
165aea398b68b5b0dca75db7__165aea398b68b5b0dca75db7__SEG_0001__CH_001,286
165aea398b68b5b0dca75db7__165aea398b68b5b0dca75db7__SEG_0001__CH_002,98
1679f2bf64884c1319459c78__1679f2bf64884c1319459c78__SEG_0001__CH_001,814
1679f2bf64884c1319459c78__1679f2bf64884c1319459c78__SEG_0001__CH_002,3450
1679f2bf64884c1319459c78__1679f2bf64884c1319459c78__SEG_0001__CH_003,1381
1679f2bf64884c1319459c78__1679f2bf64884c1319459c78__SEG_0001__CH_004,4648
1679f2bf64884c1319459c78__1679f2bf64884c1319459c78__SEG_0001__CH_005,355
1679f2bf64884c1319459c78__1679f2bf64884c1319459c78__SEG_0002__CH_001__S1,235
1679f2bf64884c1319459c78__1679f2bf64884c1319459c78__SEG_0002__CH_001__S2,171
1679f2bf64884c1319459c78__1679f2bf64884c1319459c78__SEG_0002__CH_001__S3,149
1679f2bf64884c1319459c78__1679f2bf64884c1319459c78__SEG_0002__CH_001__S4,143
1679f2bf64884c1319459c78__1679f2bf64884c1319459c78__SEG_0002__CH_001__S5,98
1679f2bf64884c1319459c78__1679f2bf64884c1319459c78__SEG_0002__CH_001__S6,102
1679f2bf64884c1319459c78__1679f2bf64884c1319459c78__SEG_0002__CH_001__S7,318
168f00bcc71674a73a5d8fce__168f00bcc71674a73a5d8fce__SEG_0001__CH_001,4494
168f00bcc71674a73a5d8fce__168f00bcc71674a73a5d8fce__SEG_0001__CH_002,173
168f00bcc71674a73a5d8fce__168f00bcc71674a73a5d8fce__SEG_0001__CH_003,68
168f00bcc71674a73a5d8fce__168f00bcc71674a73a5d8fce__SEG_0001__CH_004,48
16cffa92d1bb22fbf3b1529a__16cffa92d1bb22fbf3b1529a__SEG_0001__CH_001,117
16f701c049020aad33dd5b01__16f701c049020aad33dd5b01__SEG_0001__CH_001,612
16f984ef0531490e31beac21__16f984ef0531490e31beac21__SEG_0001__CH_002,122
170987c4580d6969bbc96fba__170987c4580d6969bbc96fba__SEG_0001__CH_001,115
170987c4580d6969bbc96fba__170987c4580d6969bbc96fba__SEG_0001__CH_002,231
170987c4580d6969bbc96fba__170987c4580d6969bbc96fba__SEG_0001__CH_003,125
17101ae18c70151e2298e9e1__17101ae18c70151e2298e9e1__SEG_0001__CH_001,319
17101ae18c70151e2298e9e1__17101ae18c70151e2298e9e1__SEG_0001__CH_002,158
173c9ba541dc6bc51cb9ee0c__173c9ba541dc6bc51cb9ee0c__SEG_0001__CH_003,195
173c9ba541dc6bc51cb9ee0c__173c9ba541dc6bc51cb9ee0c__SEG_0001__CH_004,633
173c9ba541dc6bc51cb9ee0c__173c9ba541dc6bc51cb9ee0c__SEG_0001__CH_005,381
17b2603348a097bba8311ea5__17b2603348a097bba8311ea5__SEG_0001__CH_001,548
17b2603348a097bba8311ea5__17b2603348a097bba8311ea5__SEG_0001__CH_002,595
17b2603348a097bba8311ea5__17b2603348a097bba8311ea5__SEG_0001__CH_003,641
17b2603348a097bba8311ea5__17b2603348a097bba8311ea5__SEG_0001__CH_004,671
17b391cf4bc1a479ae5cb433__17b391cf4bc1a479ae5cb433__SEG_0001__CH_001,82
17e92aa41c3845a6813f1f88__PDFV2__CH_0001,601
17e92aa41c3845a6813f1f88__PDFV2__CH_0002,672
17e92aa41c3845a6813f1f88__PDFV2__CH_0003,583
17e92aa41c3845a6813f1f88__PDFV2__CH_0004,96
17e92aa41c3845a6813f1f88__PDFV2__CH_0005,430
17e92aa41c3845a6813f1f88__PDFV2__CH_0006,441
17e92aa41c3845a6813f1f88__PDFV2__CH_0007,409
17e92aa41c3845a6813f1f88__PDFV2__CH_0008,154
17e92aa41c3845a6813f1f88__PDFV2__CH_0009,332
17e92aa41c3845a6813f1f88__PDFV2__CH_0010,674
17e92aa41c3845a6813f1f88__PDFV2__CH_0011,727
17e92aa41c3845a6813f1f88__PDFV2__CH_0012,749
17e92aa41c3845a6813f1f88__PDFV2__CH_0013,696
17e92aa41c3845a6813f1f88__PDFV2__CH_0014,220
17e92aa41c3845a6813f1f88__PDFV2__CH_0015,418
17e92aa41c3845a6813f1f88__PDFV2__CH_0016,536
17ead4b854d9c970e49c7609__17ead4b854d9c970e49c7609__SEG_0001__CH_001,1208
17ead4b854d9c970e49c7609__17ead4b854d9c970e49c7609__SEG_0001__CH_002,1154
17ee13070cdafbbca6f278d8__17ee13070cdafbbca6f278d8__SEG_0001__CH_001,84
17ee13070cdafbbca6f278d8__17ee13070cdafbbca6f278d8__SEG_0001__CH_002,229
189281c860e912849277860d__189281c860e912849277860d__SEG_0001__CH_001,345
189281c860e912849277860d__189281c860e912849277860d__SEG_0001__CH_002,344
189281c860e912849277860d__189281c860e912849277860d__SEG_0001__CH_003,182
18a5b1d8eba69633d47b9de9__18a5b1d8eba69633d47b9de9__SEG_0001__CH_001,571
18a5b1d8eba69633d47b9de9__18a5b1d8eba69633d47b9de9__SEG_0001__CH_002,2714
18b29b8d00f8b9a5c001ecf9__PDFV2__CH_0001,282
18beb2260957eba4e17a3fc8__18beb2260957eba4e17a3fc8__SEG_0001__CH_001,548
18beb2260957eba4e17a3fc8__18beb2260957eba4e17a3fc8__SEG_0001__CH_002,507
191cccc74f673deaf4594394__191cccc74f673deaf4594394__SEG_0001__CH_001,297
191cccc74f673deaf4594394__191cccc74f673deaf4594394__SEG_0001__CH_002,139
1934429c9498f7847b2c8d93__1934429c9498f7847b2c8d93__SEG_0001__CH_001__M,450
1934429c9498f7847b2c8d93__1934429c9498f7847b2c8d93__SEG_0001__CH_003,795
1934429c9498f7847b2c8d93__1934429c9498f7847b2c8d93__SEG_0001__CH_004,535
1934429c9498f7847b2c8d93__1934429c9498f7847b2c8d93__SEG_0001__CH_005,634
1943682c988f7744c205ea18__PDFV2__CH_0015,74
1943682c988f7744c205ea18__PDFV2__CH_0016,182
1943682c988f7744c205ea18__PDFV2__CH_0017,197
1943682c988f7744c205ea18__PDFV2__CH_0018,299
1943682c988f7744c205ea18__PDFV2__CH_0019,338
1943682c988f7744c205ea18__PDFV2__CH_0020,250
1943682c988f7744c205ea18__PDFV2__CH_0021,116
1943682c988f7744c205ea18__PDFV2__CH_0022,77
1943682c988f7744c205ea18__PDFV2__CH_0024,146
1943682c988f7744c205ea18__PDFV2__CH_0025,223
1943682c988f7744c205ea18__PDFV2__CH_0026,146
1943682c988f7744c205ea18__PDFV2__CH_0027,185
1943682c988f7744c205ea18__PDFV2__CH_0028,122
1943682c988f7744c205ea18__PDFV2__CH_0029,75
1943682c988f7744c205ea18__PDFV2__CH_0030,353
1943682c988f7744c205ea18__PDFV2__CH_0031,119
1943682c988f7744c205ea18__PDFV2__CH_0032,249
1943682c988f7744c205ea18__PDFV2__CH_0033,411
1943682c988f7744c205ea18__PDFV2__CH_0034,407
1943682c988f7744c205ea18__PDFV2__CH_0035,549
1943682c988f7744c205ea18__PDFV2__CH_0037,210
1943682c988f7744c205ea18__PDFV2__CH_0038,475
1943682c988f7744c205ea18__PDFV2__CH_0039,484
1943682c988f7744c205ea18__PDFV2__CH_0040,488
1943682c988f7744c205ea18__PDFV2__CH_0041,243
1943682c988f7744c205ea18__PDFV2__CH_0042,463
1943682c988f7744c205ea18__PDFV2__CH_0043,368
1943682c988f7744c205ea18__PDFV2__CH_0044,525
1943682c988f7744c205ea18__PDFV2__CH_0045,542
1943682c988f7744c205ea18__PDFV2__CH_0046,438
1943682c988f7744c205ea18__PDFV2__CH_0047,105
1943682c988f7744c205ea18__PDFV2__CH_0049,185
1943682c988f7744c205ea18__PDFV2__CH_0050,116
1943682c988f7744c205ea18__PDFV2__CH_0052,162
1943682c988f7744c205ea18__PDFV2__CH_0055,145
1943682c988f7744c205ea18__PDFV2__CH_0058,368
1943682c988f7744c205ea18__PDFV2__CH_0059,377
1943682c988f7744c205ea18__PDFV2__CH_0060,476
1943682c988f7744c205ea18__PDFV2__CH_0061,200
1943682c988f7744c205ea18__PDFV2__CH_0063,205
1943682c988f7744c205ea18__PDFV2__CH_0065,118
1943682c988f7744c205ea18__PDFV2__CH_0067,187
1943682c988f7744c205ea18__PDFV2__CH_0068,155
1943682c988f7744c205ea18__PDFV2__CH_0069,98
1943682c988f7744c205ea18__PDFV2__CH_0070,216
1943682c988f7744c205ea18__PDFV2__CH_0072,227
1943682c988f7744c205ea18__PDFV2__CH_0073,244
1943682c988f7744c205ea18__PDFV2__CH_0074,273
1943682c988f7744c205ea18__PDFV2__CH_0075,204
1943682c988f7744c205ea18__PDFV2__CH_0076,277
1943682c988f7744c205ea18__PDFV2__CH_0078,188
1943682c988f7744c205ea18__PDFV2__CH_0080,214
1943682c988f7744c205ea18__PDFV2__CH_0081,210
1943682c988f7744c205ea18__PDFV2__CH_0083__M,459
1943682c988f7744c205ea18__PDFV2__CH_0085,110
1943682c988f7744c205ea18__PDFV2__CH_0086,213
1943682c988f7744c205ea18__PDFV2__CH_0087,129
1943682c988f7744c205ea18__PDFV2__CH_0089,118
1943682c988f7744c205ea18__PDFV2__CH_0090,639
1943682c988f7744c205ea18__PDFV2__CH_0092,371
1943682c988f7744c205ea18__PDFV2__CH_0093,274
1943682c988f7744c205ea18__PDFV2__CH_0094,237
1943682c988f7744c205ea18__PDFV2__CH_0095,304
1943682c988f7744c205ea18__PDFV2__CH_0099,289
1943682c988f7744c205ea18__PDFV2__CH_0101,210
1943682c988f7744c205ea18__PDFV2__CH_0102,197
1943682c988f7744c205ea18__PDFV2__CH_0104,209
1943682c988f7744c205ea18__PDFV2__CH_0112,158
1943682c988f7744c205ea18__PDFV2__CH_0128,145
1943682c988f7744c205ea18__PDFV2__CH_0130,280
1943682c988f7744c205ea18__PDFV2__CH_0131,192
1943682c988f7744c205ea18__PDFV2__CH_0132,97
1943682c988f7744c205ea18__PDFV2__CH_0133,167
1943682c988f7744c205ea18__PDFV2__CH_0137,390
1943682c988f7744c205ea18__PDFV2__CH_0139,183
1943682c988f7744c205ea18__PDFV2__CH_0143,467
1943682c988f7744c205ea18__PDFV2__CH_0145,267
1943682c988f7744c205ea18__PDFV2__CH_0146,333
1943682c988f7744c205ea18__PDFV2__CH_0148,221
1943682c988f7744c205ea18__PDFV2__CH_0149,276
1943682c988f7744c205ea18__PDFV2__CH_0150,162
1943682c988f7744c205ea18__PDFV2__CH_0151,348
1943682c988f7744c205ea18__PDFV2__CH_0153,378
1943682c988f7744c205ea18__PDFV2__CH_0154,394
1943682c988f7744c205ea18__PDFV2__CH_0155,597
1943682c988f7744c205ea18__PDFV2__CH_0156,390
1943682c988f7744c205ea18__PDFV2__CH_0157,572
1943682c988f7744c205ea18__PDFV2__CH_0158,327
1943682c988f7744c205ea18__PDFV2__CH_0159,489
1943682c988f7744c205ea18__PDFV2__CH_0160,436
1943682c988f7744c205ea18__PDFV2__CH_0161,467
1943682c988f7744c205ea18__PDFV2__CH_0162,289
1943682c988f7744c205ea18__PDFV2__CH_0164,157
1943682c988f7744c205ea18__PDFV2__CH_0168,209
1943682c988f7744c205ea18__PDFV2__CH_0169,173
1943682c988f7744c205ea18__PDFV2__CH_0170,229
1943682c988f7744c205ea18__PDFV2__CH_0171,180
1943682c988f7744c205ea18__PDFV2__CH_0172__M,412
1943682c988f7744c205ea18__PDFV2__CH_0176,233
1943682c988f7744c205ea18__PDFV2__CH_0180,145
1943682c988f7744c205ea18__PDFV2__CH_0182,359
1943682c988f7744c205ea18__PDFV2__CH_0183,440
1943682c988f7744c205ea18__PDFV2__CH_0184,354
1943682c988f7744c205ea18__PDFV2__CH_0185,408
1943682c988f7744c205ea18__PDFV2__CH_0186,486
1943682c988f7744c205ea18__PDFV2__CH_0187,528
1943682c988f7744c205ea18__PDFV2__CH_0188,431
1943682c988f7744c205ea18__PDFV2__CH_0189,440
1943682c988f7744c205ea18__PDFV2__CH_0190,463
1943682c988f7744c205ea18__PDFV2__CH_0191,506
1943682c988f7744c205ea18__PDFV2__CH_0192,427
1943682c988f7744c205ea18__PDFV2__CH_0193,579
1943682c988f7744c205ea18__PDFV2__CH_0194,484
1943682c988f7744c205ea18__PDFV2__CH_0195,558
1943682c988f7744c205ea18__PDFV2__CH_0196,200
1943682c988f7744c205ea18__PDFV2__CH_0197,280
1943682c988f7744c205ea18__PDFV2__CH_0198,220
1943682c988f7744c205ea18__PDFV2__CH_0199,280
1943682c988f7744c205ea18__PDFV2__CH_0200,219
1943682c988f7744c205ea18__PDFV2__CH_0201,256
1943682c988f7744c205ea18__PDFV2__CH_0202,479
1943682c988f7744c205ea18__PDFV2__CH_0203,549
1943682c988f7744c205ea18__PDFV2__CH_0204,382
1943682c988f7744c205ea18__PDFV2__CH_0205,120
1943682c988f7744c205ea18__PDFV2__CH_0206,463
1943682c988f7744c205ea18__PDFV2__CH_0207,246
1943682c988f7744c205ea18__PDFV2__CH_0208,375
1943682c988f7744c205ea18__PDFV2__CH_0209,129
1943682c988f7744c205ea18__PDFV2__CH_0210,201
1943682c988f7744c205ea18__PDFV2__CH_0211,229
1943682c988f7744c205ea18__PDFV2__CH_0215,130
1943682c988f7744c205ea18__PDFV2__CH_0216,179
1943682c988f7744c205ea18__PDFV2__CH_0218,92
1943682c988f7744c205ea18__PDFV2__CH_0219,163
1943682c988f7744c205ea18__PDFV2__CH_0220,169
1943682c988f7744c205ea18__PDFV2__CH_0221,120
1943682c988f7744c205ea18__PDFV2__CH_0222,111
1943682c988f7744c205ea18__PDFV2__CH_0223,201
1943682c988f7744c205ea18__PDFV2__CH_0225,243
1943682c988f7744c205ea18__PDFV2__CH_0226,348
1943682c988f7744c205ea18__PDFV2__CH_0227,255
1943682c988f7744c205ea18__PDFV2__CH_0232,182
1943682c988f7744c205ea18__PDFV2__CH_0233,229
1943682c988f7744c205ea18__PDFV2__CH_0234,231
1943682c988f7744c205ea18__PDFV2__CH_0235,212
1943682c988f7744c205ea18__PDFV2__CH_0236,92
1943682c988f7744c205ea18__PDFV2__CH_0237__M,1056
1943682c988f7744c205ea18__PDFV2__CH_0241__M,732
1943682c988f7744c205ea18__PDFV2__CH_0244__M,1021
1943682c988f7744c205ea18__PDFV2__CH_0247,282
1943682c988f7744c205ea18__PDFV2__CH_0248,242
1943682c988f7744c205ea18__PDFV2__CH_0249,189
1943682c988f7744c205ea18__PDFV2__CH_0250__M,781
1943682c988f7744c205ea18__PDFV2__CH_0253,275
1943682c988f7744c205ea18__PDFV2__CH_0254,352
1943682c988f7744c205ea18__PDFV2__CH_0255,221
1943682c988f7744c205ea18__PDFV2__CH_0256__M,883
1943682c988f7744c205ea18__PDFV2__CH_0258,389
1943682c988f7744c205ea18__PDFV2__CH_0259,452
1943682c988f7744c205ea18__PDFV2__CH_0260,432
1943682c988f7744c205ea18__PDFV2__CH_0261,446
1943682c988f7744c205ea18__PDFV2__CH_0262,405
1943682c988f7744c205ea18__PDFV2__CH_0263,327
1943682c988f7744c205ea18__PDFV2__CH_0264,325
1943682c988f7744c205ea18__PDFV2__CH_0265,314
1943682c988f7744c205ea18__PDFV2__CH_0266,376
1943682c988f7744c205ea18__PDFV2__CH_0267__M,799
1943682c988f7744c205ea18__PDFV2__CH_0269,331
1943682c988f7744c205ea18__PDFV2__CH_0270,404
1943682c988f7744c205ea18__PDFV2__CH_0271,208
1943682c988f7744c205ea18__PDFV2__CH_0272,185
1943682c988f7744c205ea18__PDFV2__CH_0274,206
1943682c988f7744c205ea18__PDFV2__CH_0275,233
1943682c988f7744c205ea18__PDFV2__CH_0277,176
1943682c988f7744c205ea18__PDFV2__CH_0278,120
1943682c988f7744c205ea18__PDFV2__CH_0279,199
1943682c988f7744c205ea18__PDFV2__CH_0280,173
1943682c988f7744c205ea18__PDFV2__CH_0281,274
1943682c988f7744c205ea18__PDFV2__CH_0282,202
1943682c988f7744c205ea18__PDFV2__CH_0283,242
1943682c988f7744c205ea18__PDFV2__CH_0284,160
1943682c988f7744c205ea18__PDFV2__CH_0285,184
1943682c988f7744c205ea18__PDFV2__CH_0286,246
1943682c988f7744c205ea18__PDFV2__CH_0287,123
1943682c988f7744c205ea18__PDFV2__CH_0288,151
1943682c988f7744c205ea18__PDFV2__CH_0289__M,775
1943682c988f7744c205ea18__PDFV2__CH_0292,87
1943682c988f7744c205ea18__PDFV2__CH_0294,304
1943682c988f7744c205ea18__PDFV2__CH_0295,510
1943682c988f7744c205ea18__PDFV2__CH_0296,484
1943682c988f7744c205ea18__PDFV2__CH_0297,393
1943682c988f7744c205ea18__PDFV2__CH_0298,464
1943682c988f7744c205ea18__PDFV2__CH_0299,531
1943682c988f7744c205ea18__PDFV2__CH_0300,351
1943682c988f7744c205ea18__PDFV2__CH_0301,617
1943682c988f7744c205ea18__PDFV2__CH_0302,367
1943682c988f7744c205ea18__PDFV2__CH_0303__M,962
1943682c988f7744c205ea18__PDFV2__CH_0305,452
1943682c988f7744c205ea18__PDFV2__CH_0306,420
1943682c988f7744c205ea18__PDFV2__CH_0307,101
1943682c988f7744c205ea18__PDFV2__CH_0308,443
1943682c988f7744c205ea18__PDFV2__CH_0309,388
1943682c988f7744c205ea18__PDFV2__CH_0310,312
1943682c988f7744c205ea18__PDFV2__CH_0312,237
1943682c988f7744c205ea18__PDFV2__CH_0313,132
1943682c988f7744c205ea18__PDFV2__CH_0314,209
1943682c988f7744c205ea18__PDFV2__CH_0316,134
1943682c988f7744c205ea18__PDFV2__CH_0320,128
1943682c988f7744c205ea18__PDFV2__CH_0321,164
1943682c988f7744c205ea18__PDFV2__CH_0322,94
1943682c988f7744c205ea18__PDFV2__CH_0323,160
1943682c988f7744c205ea18__PDFV2__CH_0324,220
1943682c988f7744c205ea18__PDFV2__CH_0325,193
1943682c988f7744c205ea18__PDFV2__CH_0326,144
1943682c988f7744c205ea18__PDFV2__CH_0327,209
1943682c988f7744c205ea18__PDFV2__CH_0328,175
1943682c988f7744c205ea18__PDFV2__CH_0329__M,902
1943682c988f7744c205ea18__PDFV2__CH_0333__M,498
1943682c988f7744c205ea18__PDFV2__CH_0335,72
1943682c988f7744c205ea18__PDFV2__CH_0336,224
1943682c988f7744c205ea18__PDFV2__CH_0337__M,766
1943682c988f7744c205ea18__PDFV2__CH_0339,357
1943682c988f7744c205ea18__PDFV2__CH_0340,265
1943682c988f7744c205ea18__PDFV2__CH_0341__M,1028
1943682c988f7744c205ea18__PDFV2__CH_0345__M,829
1943682c988f7744c205ea18__PDFV2__CH_0348,196
1943682c988f7744c205ea18__PDFV2__CH_0349,312
1943682c988f7744c205ea18__PDFV2__CH_0350,117
1943682c988f7744c205ea18__PDFV2__CH_0351,55
1943682c988f7744c205ea18__PDFV2__CH_0352,281
1943682c988f7744c205ea18__PDFV2__CH_0353,344
1943682c988f7744c205ea18__PDFV2__CH_0354,419
1943682c988f7744c205ea18__PDFV2__CH_0355__M,726
1943682c988f7744c205ea18__PDFV2__CH_0357,164
1943682c988f7744c205ea18__PDFV2__CH_0359,283
1943682c988f7744c205ea18__PDFV2__CH_0360,514
1943682c988f7744c205ea18__PDFV2__CH_0361,314
1943682c988f7744c205ea18__PDFV2__CH_0362,299
1943682c988f7744c205ea18__PDFV2__CH_0363,396
1943682c988f7744c205ea18__PDFV2__CH_0364,520
1943682c988f7744c205ea18__PDFV2__CH_0365,451
1943682c988f7744c205ea18__PDFV2__CH_0366,502
1943682c988f7744c205ea18__PDFV2__CH_0367,623
1943682c988f7744c205ea18__PDFV2__CH_0368,626
1943682c988f7744c205ea18__PDFV2__CH_0369,534
1943682c988f7744c205ea18__PDFV2__CH_0370__M,928
1943682c988f7744c205ea18__PDFV2__CH_0372,385
1943682c988f7744c205ea18__PDFV2__CH_0373,567
1943682c988f7744c205ea18__PDFV2__CH_0374,610
1943682c988f7744c205ea18__PDFV2__CH_0375,315
1943682c988f7744c205ea18__PDFV2__CH_0376,385
1943682c988f7744c205ea18__PDFV2__CH_0377,309
1943682c988f7744c205ea18__PDFV2__CH_0378,352
1943682c988f7744c205ea18__PDFV2__CH_0380,443
1943682c988f7744c205ea18__PDFV2__CH_0381,215
1943682c988f7744c205ea18__PDFV2__CH_0382,198
1943682c988f7744c205ea18__PDFV2__CH_0383,442
1943682c988f7744c205ea18__PDFV2__CH_0384,545
1943682c988f7744c205ea18__PDFV2__CH_0385,222
1943682c988f7744c205ea18__PDFV2__CH_0386,364
1943682c988f7744c205ea18__PDFV2__CH_0387,291
1943682c988f7744c205ea18__PDFV2__CH_0390,348
1943682c988f7744c205ea18__PDFV2__CH_0391,341
1943682c988f7744c205ea18__PDFV2__CH_0392,325
1943682c988f7744c205ea18__PDFV2__CH_0393,177
1943682c988f7744c205ea18__PDFV2__CH_0394,82
1943682c988f7744c205ea18__PDFV2__CH_0395,77
1943682c988f7744c205ea18__PDFV2__CH_0396,226
1943682c988f7744c205ea18__PDFV2__CH_0397,555
1943682c988f7744c205ea18__PDFV2__CH_0402,390
1943682c988f7744c205ea18__PDFV2__CH_0403,453
1943682c988f7744c205ea18__PDFV2__CH_0404,509
1943682c988f7744c205ea18__PDFV2__CH_0405,432
1943682c988f7744c205ea18__PDFV2__CH_0406,451
1943682c988f7744c205ea18__PDFV2__CH_0407,487
1943682c988f7744c205ea18__PDFV2__CH_0408,565
1943682c988f7744c205ea18__PDFV2__CH_0409,497
1943682c988f7744c205ea18__PDFV2__CH_0410,467
1943682c988f7744c205ea18__PDFV2__CH_0411,426
1943682c988f7744c205ea18__PDFV2__CH_0412,462
1943682c988f7744c205ea18__PDFV2__CH_0413,566
1943682c988f7744c205ea18__PDFV2__CH_0414,473
1943682c988f7744c205ea18__PDFV2__CH_0415,407
1943682c988f7744c205ea18__PDFV2__CH_0416,553
1943682c988f7744c205ea18__PDFV2__CH_0417,375
1943682c988f7744c205ea18__PDFV2__CH_0418,271
1943682c988f7744c205ea18__PDFV2__CH_0419,334
1943682c988f7744c205ea18__PDFV2__CH_0420,411
1943682c988f7744c205ea18__PDFV2__CH_0421,471
1943682c988f7744c205ea18__PDFV2__CH_0422,496
1943682c988f7744c205ea18__PDFV2__CH_0423,118
1943682c988f7744c205ea18__PDFV2__CH_0426,203
1943682c988f7744c205ea18__PDFV2__CH_0429,292
1943682c988f7744c205ea18__PDFV2__CH_0430,128
1943682c988f7744c205ea18__PDFV2__CH_0435,249
1943682c988f7744c205ea18__PDFV2__CH_0436,305
1943682c988f7744c205ea18__PDFV2__CH_0437,125
1943682c988f7744c205ea18__PDFV2__CH_0438,45
1943682c988f7744c205ea18__PDFV2__CH_0439,395
1943682c988f7744c205ea18__PDFV2__CH_0440,425
1943682c988f7744c205ea18__PDFV2__CH_0441,628
1943682c988f7744c205ea18__PDFV2__CH_0442,610
1943682c988f7744c205ea18__PDFV2__CH_0443,442
1943682c988f7744c205ea18__PDFV2__CH_0444,460
1943682c988f7744c205ea18__PDFV2__CH_0445,134
1943682c988f7744c205ea18__PDFV2__CH_0446,436
1943682c988f7744c205ea18__PDFV2__CH_0447__M,829
1943682c988f7744c205ea18__PDFV2__CH_0449,513
1943682c988f7744c205ea18__PDFV2__CH_0450,400
1943682c988f7744c205ea18__PDFV2__CH_0451,423
1943682c988f7744c205ea18__PDFV2__CH_0452,639
1943682c988f7744c205ea18__PDFV2__CH_0453,389
1943682c988f7744c205ea18__PDFV2__CH_0454,197
1943682c988f7744c205ea18__PDFV2__CH_0455,310
1943682c988f7744c205ea18__PDFV2__CH_0456,236
1943682c988f7744c205ea18__PDFV2__CH_0457,162
1943682c988f7744c205ea18__PDFV2__CH_0458,85
1943682c988f7744c205ea18__PDFV2__CH_0459,291
1943682c988f7744c205ea18__PDFV2__CH_0460,117
1943682c988f7744c205ea18__PDFV2__CH_0461,174
1943682c988f7744c205ea18__PDFV2__CH_0465,165
1943682c988f7744c205ea18__PDFV2__CH_0466,350
1943682c988f7744c205ea18__PDFV2__CH_0467,367
1943682c988f7744c205ea18__PDFV2__CH_0469,281
1943682c988f7744c205ea18__PDFV2__CH_0470,355
1943682c988f7744c205ea18__PDFV2__CH_0471,305
1943682c988f7744c205ea18__PDFV2__CH_0472,264
1943682c988f7744c205ea18__PDFV2__CH_0473,207
1943682c988f7744c205ea18__PDFV2__CH_0474,308
1943682c988f7744c205ea18__PDFV2__CH_0475,199
1943682c988f7744c205ea18__PDFV2__CH_0476,545
1943682c988f7744c205ea18__PDFV2__CH_0477__M,994
1943682c988f7744c205ea18__PDFV2__CH_0479__M,980
1943682c988f7744c205ea18__PDFV2__CH_0481,482
1943682c988f7744c205ea18__PDFV2__CH_0482,468
1943682c988f7744c205ea18__PDFV2__CH_0483,330
1943682c988f7744c205ea18__PDFV2__CH_0484,204
1943682c988f7744c205ea18__PDFV2__CH_0485,342
1943682c988f7744c205ea18__PDFV2__CH_0486,271
1943682c988f7744c205ea18__PDFV2__CH_0487,398
1943682c988f7744c205ea18__PDFV2__CH_0488,494
1943682c988f7744c205ea18__PDFV2__CH_0489,345
1943682c988f7744c205ea18__PDFV2__CH_0490,383
1943682c988f7744c205ea18__PDFV2__CH_0491,435
1943682c988f7744c205ea18__PDFV2__CH_0492,131
1943682c988f7744c205ea18__PDFV2__CH_0493,248
1943682c988f7744c205ea18__PDFV2__CH_0494,222
1943682c988f7744c205ea18__PDFV2__CH_0495,238
1943682c988f7744c205ea18__PDFV2__CH_0496,237
1943682c988f7744c205ea18__PDFV2__CH_0497,226
1943682c988f7744c205ea18__PDFV2__CH_0498,502
1943682c988f7744c205ea18__PDFV2__CH_0499,444
1943682c988f7744c205ea18__PDFV2__CH_0500,433
1943682c988f7744c205ea18__PDFV2__CH_0501,340
1943682c988f7744c205ea18__PDFV2__CH_0502,205
1943682c988f7744c205ea18__PDFV2__CH_0503,371
1943682c988f7744c205ea18__PDFV2__CH_0504,378
1943682c988f7744c205ea18__PDFV2__CH_0505,313
1943682c988f7744c205ea18__PDFV2__CH_0506,271
1943682c988f7744c205ea18__PDFV2__CH_0507,216
1943682c988f7744c205ea18__PDFV2__CH_0508,313
1943682c988f7744c205ea18__PDFV2__CH_0509,252
1943682c988f7744c205ea18__PDFV2__CH_0510,529
1943682c988f7744c205ea18__PDFV2__CH_0511,382
1943682c988f7744c205ea18__PDFV2__CH_0512,455
1943682c988f7744c205ea18__PDFV2__CH_0513,313
1943682c988f7744c205ea18__PDFV2__CH_0514,349
1943682c988f7744c205ea18__PDFV2__CH_0515,292
1943682c988f7744c205ea18__PDFV2__CH_0516,370
1943682c988f7744c205ea18__PDFV2__CH_0517,229
1943682c988f7744c205ea18__PDFV2__CH_0524__M,363
1943682c988f7744c205ea18__PDFV2__CH_0526,262
1943682c988f7744c205ea18__PDFV2__CH_0527,256
1943682c988f7744c205ea18__PDFV2__CH_0528,229
1943682c988f7744c205ea18__PDFV2__CH_0529,211
1943682c988f7744c205ea18__PDFV2__CH_0530,402
1943682c988f7744c205ea18__PDFV2__CH_0531,276
1943682c988f7744c205ea18__PDFV2__CH_0532,175
1943682c988f7744c205ea18__PDFV2__CH_0533,317
1943682c988f7744c205ea18__PDFV2__CH_0534,157
1943682c988f7744c205ea18__PDFV2__CH_0539,272
1943682c988f7744c205ea18__PDFV2__CH_0540,237
1943682c988f7744c205ea18__PDFV2__CH_0541,241
1943682c988f7744c205ea18__PDFV2__CH_0542,207
1943682c988f7744c205ea18__PDFV2__CH_0543,282
1943682c988f7744c205ea18__PDFV2__CH_0544,184
1943682c988f7744c205ea18__PDFV2__CH_0545,182
1943682c988f7744c205ea18__PDFV2__CH_0546,265
1943682c988f7744c205ea18__PDFV2__CH_0547,293
1943682c988f7744c205ea18__PDFV2__CH_0548,357
1943682c988f7744c205ea18__PDFV2__CH_0549,172
1943682c988f7744c205ea18__PDFV2__CH_0550,211
1943682c988f7744c205ea18__PDFV2__CH_0557,291
1943682c988f7744c205ea18__PDFV2__CH_0560,266
1943682c988f7744c205ea18__PDFV2__CH_0561,385
1943682c988f7744c205ea18__PDFV2__CH_0562,471
1943682c988f7744c205ea18__PDFV2__CH_0563,472
1943682c988f7744c205ea18__PDFV2__CH_0564,492
1943682c988f7744c205ea18__PDFV2__CH_0565,137
1943682c988f7744c205ea18__PDFV2__CH_0566__M,515
1943682c988f7744c205ea18__PDFV2__CH_0568,219
1943682c988f7744c205ea18__PDFV2__CH_0569,245
1943682c988f7744c205ea18__PDFV2__CH_0571__M,758
1943682c988f7744c205ea18__PDFV2__CH_0573,544
1943682c988f7744c205ea18__PDFV2__CH_0574,492
1943682c988f7744c205ea18__PDFV2__CH_0575,419
1943682c988f7744c205ea18__PDFV2__CH_0576,465
1943682c988f7744c205ea18__PDFV2__CH_0577,433
1943682c988f7744c205ea18__PDFV2__CH_0580,322
1943682c988f7744c205ea18__PDFV2__CH_0581,325
1943682c988f7744c205ea18__PDFV2__CH_0582,168
1943682c988f7744c205ea18__PDFV2__CH_0583,180
1943682c988f7744c205ea18__PDFV2__CH_0584,135
1943682c988f7744c205ea18__PDFV2__CH_0585,139
1943682c988f7744c205ea18__PDFV2__CH_0586,167
1943682c988f7744c205ea18__PDFV2__CH_0587,139
1943682c988f7744c205ea18__PDFV2__CH_0588,193
1943682c988f7744c205ea18__PDFV2__CH_0589,191
1943682c988f7744c205ea18__PDFV2__CH_0590,166
1943682c988f7744c205ea18__PDFV2__CH_0591,220
1943682c988f7744c205ea18__PDFV2__CH_0592,85
1943682c988f7744c205ea18__PDFV2__CH_0593,192
1943682c988f7744c205ea18__PDFV2__CH_0596,208
1943682c988f7744c205ea18__PDFV2__CH_0603,471
1943682c988f7744c205ea18__PDFV2__CH_0604,183
1943682c988f7744c205ea18__PDFV2__CH_0605,516
1943682c988f7744c205ea18__PDFV2__CH_0606,336
1943682c988f7744c205ea18__PDFV2__CH_0607__M,555
1943682c988f7744c205ea18__PDFV2__CH_0609,254
1943682c988f7744c205ea18__PDFV2__CH_0610,185
1943682c988f7744c205ea18__PDFV2__CH_0611,304
1943682c988f7744c205ea18__PDFV2__CH_0612,116
1943682c988f7744c205ea18__PDFV2__CH_0613,197
1943682c988f7744c205ea18__PDFV2__CH_0614,98
1943682c988f7744c205ea18__PDFV2__CH_0616,252
1943682c988f7744c205ea18__PDFV2__CH_0617,176
1943682c988f7744c205ea18__PDFV2__CH_0618,461
1943682c988f7744c205ea18__PDFV2__CH_0622,231
1943682c988f7744c205ea18__PDFV2__CH_0623,310
1943682c988f7744c205ea18__PDFV2__CH_0624,134
1943682c988f7744c205ea18__PDFV2__CH_0625,179
1943682c988f7744c205ea18__PDFV2__CH_0626,196
1943682c988f7744c205ea18__PDFV2__CH_0627,292
1943682c988f7744c205ea18__PDFV2__CH_0628,162
1943682c988f7744c205ea18__PDFV2__CH_0630,116
1943682c988f7744c205ea18__PDFV2__CH_0631,135
1943682c988f7744c205ea18__PDFV2__CH_0632,197
1943682c988f7744c205ea18__PDFV2__CH_0633,134
1943682c988f7744c205ea18__PDFV2__CH_0634,143
1943682c988f7744c205ea18__PDFV2__CH_0635,227
1943682c988f7744c205ea18__PDFV2__CH_0636,148
1943682c988f7744c205ea18__PDFV2__CH_0637,263
1943682c988f7744c205ea18__PDFV2__CH_0638,164
1943682c988f7744c205ea18__PDFV2__CH_0639,283
1943682c988f7744c205ea18__PDFV2__CH_0640,16
1943682c988f7744c205ea18__PDFV2__CH_0641,183
1943682c988f7744c205ea18__PDFV2__CH_0649,147
1943682c988f7744c205ea18__PDFV2__CH_0652,153
1943682c988f7744c205ea18__PDFV2__CH_0660,202
1943682c988f7744c205ea18__PDFV2__CH_0661__M,682
1943682c988f7744c205ea18__PDFV2__CH_0663,558
1943682c988f7744c205ea18__PDFV2__CH_0664,359
1943682c988f7744c205ea18__PDFV2__CH_0665,407
1943682c988f7744c205ea18__PDFV2__CH_0666,405
1943682c988f7744c205ea18__PDFV2__CH_0667,442
1943682c988f7744c205ea18__PDFV2__CH_0668,536
1943682c988f7744c205ea18__PDFV2__CH_0669,391
1943682c988f7744c205ea18__PDFV2__CH_0670,258
1943682c988f7744c205ea18__PDFV2__CH_0671,293
1943682c988f7744c205ea18__PDFV2__CH_0672,381
1943682c988f7744c205ea18__PDFV2__CH_0673__M,780
1943682c988f7744c205ea18__PDFV2__CH_0678,233
1943682c988f7744c205ea18__PDFV2__CH_0679,196
1943682c988f7744c205ea18__PDFV2__CH_0682,168
1943682c988f7744c205ea18__PDFV2__CH_0683,177
1943682c988f7744c205ea18__PDFV2__CH_0684,228
1943682c988f7744c205ea18__PDFV2__CH_0687,159
1943682c988f7744c205ea18__PDFV2__CH_0688,230
1943682c988f7744c205ea18__PDFV2__CH_0690,141
1943682c988f7744c205ea18__PDFV2__CH_0694,246
1943682c988f7744c205ea18__PDFV2__CH_0700,156
1943682c988f7744c205ea18__PDFV2__CH_0701,235
1943682c988f7744c205ea18__PDFV2__CH_0702,191
1943682c988f7744c205ea18__PDFV2__CH_0703,94
1943682c988f7744c205ea18__PDFV2__CH_0704,228
1943682c988f7744c205ea18__PDFV2__CH_0705,145
1943682c988f7744c205ea18__PDFV2__CH_0706,201
1943682c988f7744c205ea18__PDFV2__CH_0707,130
1943682c988f7744c205ea18__PDFV2__CH_0708,103
1943682c988f7744c205ea18__PDFV2__CH_0709,122
1943682c988f7744c205ea18__PDFV2__CH_0710,155
1943682c988f7744c205ea18__PDFV2__CH_0711,127
1943682c988f7744c205ea18__PDFV2__CH_0712,141
1943682c988f7744c205ea18__PDFV2__CH_0714,113
195a99ec51cfff3159964165__PDFV2__CH_0004,161
195a99ec51cfff3159964165__PDFV2__CH_0005,139
195a99ec51cfff3159964165__PDFV2__CH_0006,268
195a99ec51cfff3159964165__PDFV2__CH_0007,295
195a99ec51cfff3159964165__PDFV2__CH_0008,277
195a99ec51cfff3159964165__PDFV2__CH_0009,104
195a99ec51cfff3159964165__PDFV2__CH_0010,125
195a99ec51cfff3159964165__PDFV2__CH_0011,230
195a99ec51cfff3159964165__PDFV2__CH_0012,400
195a99ec51cfff3159964165__PDFV2__CH_0013,374
195a99ec51cfff3159964165__PDFV2__CH_0014,232
195a99ec51cfff3159964165__PDFV2__CH_0015,261
195a99ec51cfff3159964165__PDFV2__CH_0016,316
195a99ec51cfff3159964165__PDFV2__CH_0017,398
195a99ec51cfff3159964165__PDFV2__CH_0018,307
195a99ec51cfff3159964165__PDFV2__CH_0019,332
195a99ec51cfff3159964165__PDFV2__CH_0021,287
195a99ec51cfff3159964165__PDFV2__CH_0022,236
195a99ec51cfff3159964165__PDFV2__CH_0023,224
195a99ec51cfff3159964165__PDFV2__CH_0024,215
195a99ec51cfff3159964165__PDFV2__CH_0025,250
195a99ec51cfff3159964165__PDFV2__CH_0026,290
195a99ec51cfff3159964165__PDFV2__CH_0027,345
195a99ec51cfff3159964165__PDFV2__CH_0028,271
195a99ec51cfff3159964165__PDFV2__CH_0029,433
195a99ec51cfff3159964165__PDFV2__CH_0030,527
195a99ec51cfff3159964165__PDFV2__CH_0031,535
195a99ec51cfff3159964165__PDFV2__CH_0032,441
195a99ec51cfff3159964165__PDFV2__CH_0033,322
195a99ec51cfff3159964165__PDFV2__CH_0034,563
195a99ec51cfff3159964165__PDFV2__CH_0035,502
195a99ec51cfff3159964165__PDFV2__CH_0036,451
195a99ec51cfff3159964165__PDFV2__CH_0037,283
195a99ec51cfff3159964165__PDFV2__CH_0038,275
195a99ec51cfff3159964165__PDFV2__CH_0039,373
195a99ec51cfff3159964165__PDFV2__CH_0040,379
195a99ec51cfff3159964165__PDFV2__CH_0041,267
195a99ec51cfff3159964165__PDFV2__CH_0042,257
195a99ec51cfff3159964165__PDFV2__CH_0043,534
195a99ec51cfff3159964165__PDFV2__CH_0044,490
195a99ec51cfff3159964165__PDFV2__CH_0045,730
195a99ec51cfff3159964165__PDFV2__CH_0046,345
195a99ec51cfff3159964165__PDFV2__CH_0047,285
195a99ec51cfff3159964165__PDFV2__CH_0048,143
195a99ec51cfff3159964165__PDFV2__CH_0049,355
195a99ec51cfff3159964165__PDFV2__CH_0050,725
195a99ec51cfff3159964165__PDFV2__CH_0051,487
195a99ec51cfff3159964165__PDFV2__CH_0052,533
195a99ec51cfff3159964165__PDFV2__CH_0053,676
195a99ec51cfff3159964165__PDFV2__CH_0054,155
195a99ec51cfff3159964165__PDFV2__CH_0055,511
195a99ec51cfff3159964165__PDFV2__CH_0058,468
195a99ec51cfff3159964165__PDFV2__CH_0059,463
195a99ec51cfff3159964165__PDFV2__CH_0060,533
195a99ec51cfff3159964165__PDFV2__CH_0062,590
195a99ec51cfff3159964165__PDFV2__CH_0063,328
195a99ec51cfff3159964165__PDFV2__CH_0064,463
195a99ec51cfff3159964165__PDFV2__CH_0065__M,801
195a99ec51cfff3159964165__PDFV2__CH_0067,386
195a99ec51cfff3159964165__PDFV2__CH_0068,284
195a99ec51cfff3159964165__PDFV2__CH_0069,207
195a99ec51cfff3159964165__PDFV2__CH_0070,116
195a99ec51cfff3159964165__PDFV2__CH_0072,353
195a99ec51cfff3159964165__PDFV2__CH_0073,207
195a99ec51cfff3159964165__PDFV2__CH_0074,532
195a99ec51cfff3159964165__PDFV2__CH_0075,48
19a0aa3ab48be0427b3c885b__19a0aa3ab48be0427b3c885b__SEG_0001__CH_001,775
19a0aa3ab48be0427b3c885b__19a0aa3ab48be0427b3c885b__SEG_0001__CH_002,1262
19cd7850b37b67074986b1ba__19cd7850b37b67074986b1ba__SEG_0001__CH_001,240
19cd7850b37b67074986b1ba__19cd7850b37b67074986b1ba__SEG_0001__CH_003,307
19cd7850b37b67074986b1ba__19cd7850b37b67074986b1ba__SEG_0001__CH_004,459
19cd7850b37b67074986b1ba__19cd7850b37b67074986b1ba__SEG_0001__CH_005,761
19cd7850b37b67074986b1ba__19cd7850b37b67074986b1ba__SEG_0001__CH_006,452
19cd7850b37b67074986b1ba__19cd7850b37b67074986b1ba__SEG_0001__CH_007,518
19cd7850b37b67074986b1ba__19cd7850b37b67074986b1ba__SEG_0001__CH_008,864
19cd7850b37b67074986b1ba__19cd7850b37b67074986b1ba__SEG_0001__CH_009,836
19fe60c8ffa2462d830d43de__19fe60c8ffa2462d830d43de__SEG_0001__CH_002,287
19fe60c8ffa2462d830d43de__19fe60c8ffa2462d830d43de__SEG_0001__CH_003,142
1a0b74ff4fa75af0a3f98f2d__1a0b74ff4fa75af0a3f98f2d__SEG_0001__CH_001,416
1a2b7b96d07f90a04255b802__PDFV2__CH_0003,899
1a2b7b96d07f90a04255b802__PDFV2__CH_0004,359
1a2b7b96d07f90a04255b802__PDFV2__CH_0006,390
1a2b7b96d07f90a04255b802__PDFV2__CH_0007,703
1a2b7b96d07f90a04255b802__PDFV2__CH_0008__M,910
1a2b7b96d07f90a04255b802__PDFV2__CH_0010,473
1a2b7b96d07f90a04255b802__PDFV2__CH_0011,316
1a2b7b96d07f90a04255b802__PDFV2__CH_0012,548
1a2b7b96d07f90a04255b802__PDFV2__CH_0013,555
1a2b7b96d07f90a04255b802__PDFV2__CH_0014,511
1a2b7b96d07f90a04255b802__PDFV2__CH_0015,442
1a2b7b96d07f90a04255b802__PDFV2__CH_0016__M,1029
1a2b7b96d07f90a04255b802__PDFV2__CH_0018,423
1a2b7b96d07f90a04255b802__PDFV2__CH_0019,388
1a2b7b96d07f90a04255b802__PDFV2__CH_0020,329
1a2b7b96d07f90a04255b802__PDFV2__CH_0022,523
1a2b7b96d07f90a04255b802__PDFV2__CH_0023,599
1a2b7b96d07f90a04255b802__PDFV2__CH_0024,689
1a2b7b96d07f90a04255b802__PDFV2__CH_0025,464
1a2b7b96d07f90a04255b802__PDFV2__CH_0026,446
1a2b7b96d07f90a04255b802__PDFV2__CH_0027,511
1a2b7b96d07f90a04255b802__PDFV2__CH_0028,530
1a2b7b96d07f90a04255b802__PDFV2__CH_0029,645
1a2b7b96d07f90a04255b802__PDFV2__CH_0030,526
1a2b7b96d07f90a04255b802__PDFV2__CH_0032,376
1a2b7b96d07f90a04255b802__PDFV2__CH_0033,361
1a2b7b96d07f90a04255b802__PDFV2__CH_0034,356
1a2b7b96d07f90a04255b802__PDFV2__CH_0035,450
1a2b7b96d07f90a04255b802__PDFV2__CH_0036,597
1a2b7b96d07f90a04255b802__PDFV2__CH_0037,556
1a2b7b96d07f90a04255b802__PDFV2__CH_0038,614
1a2b7b96d07f90a04255b802__PDFV2__CH_0039,539
1a2b7b96d07f90a04255b802__PDFV2__CH_0040,418
1a2b7b96d07f90a04255b802__PDFV2__CH_0041,926
1a2b7b96d07f90a04255b802__PDFV2__CH_0042,459
1a2b7b96d07f90a04255b802__PDFV2__CH_0043,759
1a2b7b96d07f90a04255b802__PDFV2__CH_0045,507
1a2b7b96d07f90a04255b802__PDFV2__CH_0046,253
1a2b7b96d07f90a04255b802__PDFV2__CH_0047,228
1a2b7b96d07f90a04255b802__PDFV2__CH_0048,397
1a2b7b96d07f90a04255b802__PDFV2__CH_0049,595
1a2b7b96d07f90a04255b802__PDFV2__CH_0050,389
1a2b7b96d07f90a04255b802__PDFV2__CH_0051,266
1a2b7b96d07f90a04255b802__PDFV2__CH_0052,147
1a2b7b96d07f90a04255b802__PDFV2__CH_0053,439
1a2b7b96d07f90a04255b802__PDFV2__CH_0054,476
1a2b7b96d07f90a04255b802__PDFV2__CH_0055,521
1a2b7b96d07f90a04255b802__PDFV2__CH_0056__M,331
1a2b7b96d07f90a04255b802__PDFV2__CH_0058,401
1a2b7b96d07f90a04255b802__PDFV2__CH_0059,314
1a2b7b96d07f90a04255b802__PDFV2__CH_0060,327
1a2b7b96d07f90a04255b802__PDFV2__CH_0061,308
1a2b7b96d07f90a04255b802__PDFV2__CH_0062,521
1a2b7b96d07f90a04255b802__PDFV2__CH_0063,340
1a2b7b96d07f90a04255b802__PDFV2__CH_0064,559
1a2b7b96d07f90a04255b802__PDFV2__CH_0065,665
1a2b7b96d07f90a04255b802__PDFV2__CH_0066,700
1a2b7b96d07f90a04255b802__PDFV2__CH_0067,680
1a2b7b96d07f90a04255b802__PDFV2__CH_0068,724
1a2b7b96d07f90a04255b802__PDFV2__CH_0069,639
1a2b7b96d07f90a04255b802__PDFV2__CH_0070,543
1a2b7b96d07f90a04255b802__PDFV2__CH_0071,277
1a2b7b96d07f90a04255b802__PDFV2__CH_0072,460
1a2b7b96d07f90a04255b802__PDFV2__CH_0073,410
1a2b7b96d07f90a04255b802__PDFV2__CH_0074,398
1a2b7b96d07f90a04255b802__PDFV2__CH_0075,480
1a2b7b96d07f90a04255b802__PDFV2__CH_0076,514
1a2b7b96d07f90a04255b802__PDFV2__CH_0077,125
1a2b7b96d07f90a04255b802__PDFV2__CH_0078,598
1a2b7b96d07f90a04255b802__PDFV2__CH_0079,254
1a2b7b96d07f90a04255b802__PDFV2__CH_0080,414
1a2b7b96d07f90a04255b802__PDFV2__CH_0081__M,954
1a2b7b96d07f90a04255b802__PDFV2__CH_0083,681
1a2b7b96d07f90a04255b802__PDFV2__CH_0084,413
1a2b7b96d07f90a04255b802__PDFV2__CH_0086,362
1a2b7b96d07f90a04255b802__PDFV2__CH_0087,428
1a2b7b96d07f90a04255b802__PDFV2__CH_0088,536
1a2b7b96d07f90a04255b802__PDFV2__CH_0089,171
1a2b7b96d07f90a04255b802__PDFV2__CH_0090,65
1a2b7b96d07f90a04255b802__PDFV2__CH_0091,609
1a2b7b96d07f90a04255b802__PDFV2__CH_0092,561
1a2b7b96d07f90a04255b802__PDFV2__CH_0093,582
1a2b7b96d07f90a04255b802__PDFV2__CH_0094,607
1a2b7b96d07f90a04255b802__PDFV2__CH_0095,651
1a2b7b96d07f90a04255b802__PDFV2__CH_0096,710
1a2b7b96d07f90a04255b802__PDFV2__CH_0097,273
1a2b7b96d07f90a04255b802__PDFV2__CH_0098__M,804
1a2b7b96d07f90a04255b802__PDFV2__CH_0100,777
1a2b7b96d07f90a04255b802__PDFV2__CH_0101,597
1a2b7b96d07f90a04255b802__PDFV2__CH_0102,477
1a2b7b96d07f90a04255b802__PDFV2__CH_0103__M,708
1a2b7b96d07f90a04255b802__PDFV2__CH_0105,370
1a2b7b96d07f90a04255b802__PDFV2__CH_0106,613
1a2b7b96d07f90a04255b802__PDFV2__CH_0107,540
1a2b7b96d07f90a04255b802__PDFV2__CH_0108,626
1a2b7b96d07f90a04255b802__PDFV2__CH_0109,529
1a2b7b96d07f90a04255b802__PDFV2__CH_0110,524
1a2b7b96d07f90a04255b802__PDFV2__CH_0111,683
1a5e801ab667fbdf60778af5__PDFV2__CH_0001,489
1a5e801ab667fbdf60778af5__PDFV2__CH_0002,815
1a5e801ab667fbdf60778af5__PDFV2__CH_0003,714
1a5e801ab667fbdf60778af5__PDFV2__CH_0004,625
1a5e801ab667fbdf60778af5__PDFV2__CH_0005,485
1a5e801ab667fbdf60778af5__PDFV2__CH_0006,47
1a818dd0b7b3bce9ea66653d__1a818dd0b7b3bce9ea66653d__SEG_0001__CH_001,241
1a818dd0b7b3bce9ea66653d__1a818dd0b7b3bce9ea66653d__SEG_0001__CH_002,101
1a818dd0b7b3bce9ea66653d__1a818dd0b7b3bce9ea66653d__SEG_0001__CH_003,26
1a9030ce837a3d5c61b80299__1a9030ce837a3d5c61b80299__SEG_0001__CH_001,119
1a9030ce837a3d5c61b80299__1a9030ce837a3d5c61b80299__SEG_0001__CH_002,75
1a9030ce837a3d5c61b80299__1a9030ce837a3d5c61b80299__SEG_0001__CH_003,323
1a9030ce837a3d5c61b80299__1a9030ce837a3d5c61b80299__SEG_0001__CH_005,407
1a9030ce837a3d5c61b80299__1a9030ce837a3d5c61b80299__SEG_0001__CH_006,415
1a909569a4a042993017800b__1a909569a4a042993017800b__SEG_0001__CH_002,351
1a909569a4a042993017800b__1a909569a4a042993017800b__SEG_0001__CH_003,375
1a909569a4a042993017800b__1a909569a4a042993017800b__SEG_0001__CH_004,145
1ae1ed374d2f36919362c6f0__1ae1ed374d2f36919362c6f0__SEG_0001__CH_001,292
1ae1ed374d2f36919362c6f0__1ae1ed374d2f36919362c6f0__SEG_0001__CH_002,312
1ae1ed374d2f36919362c6f0__1ae1ed374d2f36919362c6f0__SEG_0001__CH_003,224
1b18e86b5b8c7bcda9a757fe__1b18e86b5b8c7bcda9a757fe__SEG_0001__CH_001,723
1b18e86b5b8c7bcda9a757fe__1b18e86b5b8c7bcda9a757fe__SEG_0001__CH_002,1587
1b18e86b5b8c7bcda9a757fe__1b18e86b5b8c7bcda9a757fe__SEG_0001__CH_003,1019
1b18e86b5b8c7bcda9a757fe__1b18e86b5b8c7bcda9a757fe__SEG_0001__CH_004,191
1b380cf5ff07d4f27510a4c7__1b380cf5ff07d4f27510a4c7__SEG_0001__CH_001,352
1b380cf5ff07d4f27510a4c7__1b380cf5ff07d4f27510a4c7__SEG_0001__CH_002,111
1b456ff98ae9df6db6f63adb__1b456ff98ae9df6db6f63adb__SEG_0001__CH_001,145
1b456ff98ae9df6db6f63adb__1b456ff98ae9df6db6f63adb__SEG_0001__CH_002,137
1b456ff98ae9df6db6f63adb__1b456ff98ae9df6db6f63adb__SEG_0001__CH_003,379
1b456ff98ae9df6db6f63adb__1b456ff98ae9df6db6f63adb__SEG_0001__CH_004,121
1babe306152310b6d4a986cd__1babe306152310b6d4a986cd__SEG_0001__CH_002,80
1badeee0ab325a87a1786a38__1badeee0ab325a87a1786a38__SEG_0001__CH_001,226
1badeee0ab325a87a1786a38__1badeee0ab325a87a1786a38__SEG_0001__CH_002,167
1bbd17dc2ff0f8c7823e2bf0__1bbd17dc2ff0f8c7823e2bf0__SEG_0001__CH_001,215
1bbd17dc2ff0f8c7823e2bf0__1bbd17dc2ff0f8c7823e2bf0__SEG_0001__CH_002,323
1bcc0e08db2d894524cff484__PDFV2__CH_0001,348
1bcc0e08db2d894524cff484__PDFV2__CH_0002,203
1bcc0e08db2d894524cff484__PDFV2__CH_0003,455
1bcc0e08db2d894524cff484__PDFV2__CH_0004,310
1bccb28e8cfa67ae19929533__PDFV2__CH_0001,327
1bccb28e8cfa67ae19929533__PDFV2__CH_0002,506
1be0755402f1390f9d35646a__PDFV2__CH_0001,389
1be0755402f1390f9d35646a__PDFV2__CH_0002,59
1be0755402f1390f9d35646a__PDFV2__CH_0003,356
1be0755402f1390f9d35646a__PDFV2__CH_0004,147
1cdc0644df7c7101ea1a119c__PDFV2__CH_0001,417
1cdc0644df7c7101ea1a119c__PDFV2__CH_0002,508
1cdc0644df7c7101ea1a119c__PDFV2__CH_0003,490
1cdc0644df7c7101ea1a119c__PDFV2__CH_0004,540
1cdc0644df7c7101ea1a119c__PDFV2__CH_0005,221
1cdc0644df7c7101ea1a119c__PDFV2__CH_0006,492
1cdc0644df7c7101ea1a119c__PDFV2__CH_0007,290
1cdc0644df7c7101ea1a119c__PDFV2__CH_0008,387
1cdc0644df7c7101ea1a119c__PDFV2__CH_0009,323
1cdc0644df7c7101ea1a119c__PDFV2__CH_0010,290
1cdc0644df7c7101ea1a119c__PDFV2__CH_0011,533
1cdc0644df7c7101ea1a119c__PDFV2__CH_0013,495
1cdc0644df7c7101ea1a119c__PDFV2__CH_0014,436
1cdc0644df7c7101ea1a119c__PDFV2__CH_0015,460
1cdc0644df7c7101ea1a119c__PDFV2__CH_0016,374
1cdc0644df7c7101ea1a119c__PDFV2__CH_0017,544
1cdc0644df7c7101ea1a119c__PDFV2__CH_0018,533
1cdc0644df7c7101ea1a119c__PDFV2__CH_0019,570
1cdc0644df7c7101ea1a119c__PDFV2__CH_0020,549
1cdc0644df7c7101ea1a119c__PDFV2__CH_0021,570
1cebbb9e8210e8ea664d7c7b__PDFV2__CH_0001,133
1cebbb9e8210e8ea664d7c7b__PDFV2__CH_0002,167
1cebbb9e8210e8ea664d7c7b__PDFV2__CH_0003,102
1cebbb9e8210e8ea664d7c7b__PDFV2__CH_0005,176
1cebbb9e8210e8ea664d7c7b__PDFV2__CH_0006,206
1cebbb9e8210e8ea664d7c7b__PDFV2__CH_0007,218
1cebbb9e8210e8ea664d7c7b__PDFV2__CH_0008,174
1cebbb9e8210e8ea664d7c7b__PDFV2__CH_0009,135
1cf52a90c7601894fa2c8054__PDFV2__CH_0005,242
1cf52a90c7601894fa2c8054__PDFV2__CH_0006,227
1cf52a90c7601894fa2c8054__PDFV2__CH_0007,294
1cf52a90c7601894fa2c8054__PDFV2__CH_0008,286
1cf52a90c7601894fa2c8054__PDFV2__CH_0012,358
1cf52a90c7601894fa2c8054__PDFV2__CH_0013,249
1d2b8dc27efc8acad84a1fc5__PDFV2__CH_0001,216
1d2b8dc27efc8acad84a1fc5__PDFV2__CH_0002,620
1d2b8dc27efc8acad84a1fc5__PDFV2__CH_0003,553
1d2b8dc27efc8acad84a1fc5__PDFV2__CH_0004,209
1d2b8dc27efc8acad84a1fc5__PDFV2__CH_0005,461
1d2b8dc27efc8acad84a1fc5__PDFV2__CH_0006,112
1d2b8dc27efc8acad84a1fc5__PDFV2__CH_0007,329
1d8f64230fb7f418b16a46ba__1d8f64230fb7f418b16a46ba__SEG_0001__CH_002,533
1d8f64230fb7f418b16a46ba__1d8f64230fb7f418b16a46ba__SEG_0001__CH_003,417
1d8f64230fb7f418b16a46ba__1d8f64230fb7f418b16a46ba__SEG_0001__CH_004,639
1d8f64230fb7f418b16a46ba__1d8f64230fb7f418b16a46ba__SEG_0001__CH_005,201
1db32f2d2f0d65b6b46a9328__PDFV2__CH_0001,325
1db32f2d2f0d65b6b46a9328__PDFV2__CH_0002,245
1db32f2d2f0d65b6b46a9328__PDFV2__CH_0003,165
1db32f2d2f0d65b6b46a9328__PDFV2__CH_0004,220
1db32f2d2f0d65b6b46a9328__PDFV2__CH_0005__M,204
1db32f2d2f0d65b6b46a9328__PDFV2__CH_0007,162
1db32f2d2f0d65b6b46a9328__PDFV2__CH_0008,593
1db32f2d2f0d65b6b46a9328__PDFV2__CH_0009,741
1db32f2d2f0d65b6b46a9328__PDFV2__CH_0010,581
1db32f2d2f0d65b6b46a9328__PDFV2__CH_0011,343
1db54b68a6a44897f5c749ce__PDFV2__CH_0001,418
1db54b68a6a44897f5c749ce__PDFV2__CH_0003,400
1db54b68a6a44897f5c749ce__PDFV2__CH_0004,513
1db54b68a6a44897f5c749ce__PDFV2__CH_0005,99
1db54b68a6a44897f5c749ce__PDFV2__CH_0006,626
1db54b68a6a44897f5c749ce__PDFV2__CH_0007,649
1db54b68a6a44897f5c749ce__PDFV2__CH_0008,452
1db54b68a6a44897f5c749ce__PDFV2__CH_0009,164
1db54b68a6a44897f5c749ce__PDFV2__CH_0010,232
1db54b68a6a44897f5c749ce__PDFV2__CH_0011,307
1db54b68a6a44897f5c749ce__PDFV2__CH_0012,456
1db54b68a6a44897f5c749ce__PDFV2__CH_0013,189
1db54b68a6a44897f5c749ce__PDFV2__CH_0015,112
1db54b68a6a44897f5c749ce__PDFV2__CH_0016,561
1db54b68a6a44897f5c749ce__PDFV2__CH_0017,83
1db54b68a6a44897f5c749ce__PDFV2__CH_0018,359
1db54b68a6a44897f5c749ce__PDFV2__CH_0019,304
1db54b68a6a44897f5c749ce__PDFV2__CH_0020,280
1db54b68a6a44897f5c749ce__PDFV2__CH_0021,232
1db54b68a6a44897f5c749ce__PDFV2__CH_0022,223
1db54b68a6a44897f5c749ce__PDFV2__CH_0023,249
1db54b68a6a44897f5c749ce__PDFV2__CH_0024,617
1db54b68a6a44897f5c749ce__PDFV2__CH_0025,376
1db54b68a6a44897f5c749ce__PDFV2__CH_0026,422
1db54b68a6a44897f5c749ce__PDFV2__CH_0027,324
1db54b68a6a44897f5c749ce__PDFV2__CH_0028,736
1db54b68a6a44897f5c749ce__PDFV2__CH_0029,327
1db54b68a6a44897f5c749ce__PDFV2__CH_0030,502
1db54b68a6a44897f5c749ce__PDFV2__CH_0031,580
1db54b68a6a44897f5c749ce__PDFV2__CH_0032,443
1db54b68a6a44897f5c749ce__PDFV2__CH_0033,142
1db54b68a6a44897f5c749ce__PDFV2__CH_0034,272
1db54b68a6a44897f5c749ce__PDFV2__CH_0035,116
1db54b68a6a44897f5c749ce__PDFV2__CH_0036,603
1db54b68a6a44897f5c749ce__PDFV2__CH_0037,297
1db54b68a6a44897f5c749ce__PDFV2__CH_0038,107
1db54b68a6a44897f5c749ce__PDFV2__CH_0039,96
1db54b68a6a44897f5c749ce__PDFV2__CH_0041,369
1db54b68a6a44897f5c749ce__PDFV2__CH_0042,181
1db54b68a6a44897f5c749ce__PDFV2__CH_0044,328
1db54b68a6a44897f5c749ce__PDFV2__CH_0045,284
1db54b68a6a44897f5c749ce__PDFV2__CH_0046,780
1db54b68a6a44897f5c749ce__PDFV2__CH_0047,347
1db54b68a6a44897f5c749ce__PDFV2__CH_0049,383
1db54b68a6a44897f5c749ce__PDFV2__CH_0050,611
1db54b68a6a44897f5c749ce__PDFV2__CH_0051,463
1db54b68a6a44897f5c749ce__PDFV2__CH_0052,332
1db54b68a6a44897f5c749ce__PDFV2__CH_0053,472
1db54b68a6a44897f5c749ce__PDFV2__CH_0054,424
1db54b68a6a44897f5c749ce__PDFV2__CH_0055,436
1db54b68a6a44897f5c749ce__PDFV2__CH_0057__M,485
1db54b68a6a44897f5c749ce__PDFV2__CH_0059,437
1db54b68a6a44897f5c749ce__PDFV2__CH_0060,643
1db54b68a6a44897f5c749ce__PDFV2__CH_0061,468
1db54b68a6a44897f5c749ce__PDFV2__CH_0062,433
1db54b68a6a44897f5c749ce__PDFV2__CH_0064,429
1db54b68a6a44897f5c749ce__PDFV2__CH_0066,544
1db54b68a6a44897f5c749ce__PDFV2__CH_0067,546
1dd7d4f26525eccc6d16a7ed__PDFV2__CH_0002,286
1dd7d4f26525eccc6d16a7ed__PDFV2__CH_0003,159
1dd7d4f26525eccc6d16a7ed__PDFV2__CH_0004,404
1dd7d4f26525eccc6d16a7ed__PDFV2__CH_0005,190
1dd7d4f26525eccc6d16a7ed__PDFV2__CH_0006,476
1dd7d4f26525eccc6d16a7ed__PDFV2__CH_0007,335
1dd7d4f26525eccc6d16a7ed__PDFV2__CH_0008,564
1dd7d4f26525eccc6d16a7ed__PDFV2__CH_0009,155
1dd7d4f26525eccc6d16a7ed__PDFV2__CH_0010,513
1dd7d4f26525eccc6d16a7ed__PDFV2__CH_0011,267
1dd7d4f26525eccc6d16a7ed__PDFV2__CH_0012,533
1dd7d4f26525eccc6d16a7ed__PDFV2__CH_0013,271
1dd7d4f26525eccc6d16a7ed__PDFV2__CH_0014,273
1dd7d4f26525eccc6d16a7ed__PDFV2__CH_0015,150
1dd7d4f26525eccc6d16a7ed__PDFV2__CH_0016,283
1dd7d4f26525eccc6d16a7ed__PDFV2__CH_0017,246
1dd7d4f26525eccc6d16a7ed__PDFV2__CH_0018,375
1dd7d4f26525eccc6d16a7ed__PDFV2__CH_0019,74
1dd7d4f26525eccc6d16a7ed__PDFV2__CH_0020,542
1dd7d4f26525eccc6d16a7ed__PDFV2__CH_0021,239
1dd7d4f26525eccc6d16a7ed__PDFV2__CH_0022,372
1dd7d4f26525eccc6d16a7ed__PDFV2__CH_0023,499
1dd7d4f26525eccc6d16a7ed__PDFV2__CH_0024,371
1dd7d4f26525eccc6d16a7ed__PDFV2__CH_0025,349
1dd7d4f26525eccc6d16a7ed__PDFV2__CH_0026,562
1dd7d4f26525eccc6d16a7ed__PDFV2__CH_0027,643
1dd7d4f26525eccc6d16a7ed__PDFV2__CH_0028,587
1dd7d4f26525eccc6d16a7ed__PDFV2__CH_0029,459
1dd7d4f26525eccc6d16a7ed__PDFV2__CH_0030,327
1dd7d4f26525eccc6d16a7ed__PDFV2__CH_0032,248
1dd7d4f26525eccc6d16a7ed__PDFV2__CH_0033,206
1dd7d4f26525eccc6d16a7ed__PDFV2__CH_0034,152
1dd7d4f26525eccc6d16a7ed__PDFV2__CH_0035,95
1dd7d4f26525eccc6d16a7ed__PDFV2__CH_0036,167
1dd7d4f26525eccc6d16a7ed__PDFV2__CH_0037,248
1dd7d4f26525eccc6d16a7ed__PDFV2__CH_0038,303
1dd7d4f26525eccc6d16a7ed__PDFV2__CH_0039,233
1dd7d4f26525eccc6d16a7ed__PDFV2__CH_0040,324
1dd7d4f26525eccc6d16a7ed__PDFV2__CH_0041,227
1dd7d4f26525eccc6d16a7ed__PDFV2__CH_0042,109
1dd7d4f26525eccc6d16a7ed__PDFV2__CH_0043,207
1dd7d4f26525eccc6d16a7ed__PDFV2__CH_0044,301
1e5830ea1ee82e0c1437e626__1e5830ea1ee82e0c1437e626__SEG_0001__CH_001,115
1e5830ea1ee82e0c1437e626__1e5830ea1ee82e0c1437e626__SEG_0001__CH_002,252
1e5830ea1ee82e0c1437e626__1e5830ea1ee82e0c1437e626__SEG_0001__CH_004,90
1e5830ea1ee82e0c1437e626__1e5830ea1ee82e0c1437e626__SEG_0001__CH_005,153
1e5830ea1ee82e0c1437e626__1e5830ea1ee82e0c1437e626__SEG_0001__CH_006,152
1e5830ea1ee82e0c1437e626__1e5830ea1ee82e0c1437e626__SEG_0001__CH_009,62
1e5830ea1ee82e0c1437e626__1e5830ea1ee82e0c1437e626__SEG_0001__CH_010,136
1e5830ea1ee82e0c1437e626__1e5830ea1ee82e0c1437e626__SEG_0001__CH_011,372
1eeaa3026f7519f5c05bb069__1eeaa3026f7519f5c05bb069__SEG_0001__CH_001,2431
1eeaa3026f7519f5c05bb069__1eeaa3026f7519f5c05bb069__SEG_0001__CH_002,323
1eeaa3026f7519f5c05bb069__1eeaa3026f7519f5c05bb069__SEG_0002__CH_001,196
1eeaa3026f7519f5c05bb069__1eeaa3026f7519f5c05bb069__SEG_0002__CH_002,4674
1f54a7dd5d8939c1939c7280__1f54a7dd5d8939c1939c7280__SEG_0001__CH_001,288
1f6d43de6bf1851c1890bbc6__PDFV2__CH_0004,237
1f6d43de6bf1851c1890bbc6__PDFV2__CH_0005,272
1f6d43de6bf1851c1890bbc6__PDFV2__CH_0006,204
1f6d43de6bf1851c1890bbc6__PDFV2__CH_0007,171
1f6d43de6bf1851c1890bbc6__PDFV2__CH_0008,430
1f6d43de6bf1851c1890bbc6__PDFV2__CH_0009,422
1f6d43de6bf1851c1890bbc6__PDFV2__CH_0010,337
1f6d43de6bf1851c1890bbc6__PDFV2__CH_0011,311
1f6d43de6bf1851c1890bbc6__PDFV2__CH_0012,318
1f6d43de6bf1851c1890bbc6__PDFV2__CH_0013,304
1f6d43de6bf1851c1890bbc6__PDFV2__CH_0014,369
1f6d43de6bf1851c1890bbc6__PDFV2__CH_0015,434
1f6d43de6bf1851c1890bbc6__PDFV2__CH_0016,208
1f6d43de6bf1851c1890bbc6__PDFV2__CH_0017,412
1f6d43de6bf1851c1890bbc6__PDFV2__CH_0018,481
1f6d43de6bf1851c1890bbc6__PDFV2__CH_0019__M,900
1f6d43de6bf1851c1890bbc6__PDFV2__CH_0021,554
1f6d43de6bf1851c1890bbc6__PDFV2__CH_0022,455
1f6d43de6bf1851c1890bbc6__PDFV2__CH_0023,285
1f6d43de6bf1851c1890bbc6__PDFV2__CH_0024,225
1f6d43de6bf1851c1890bbc6__PDFV2__CH_0025,216
1f6d43de6bf1851c1890bbc6__PDFV2__CH_0026,98
1f6d43de6bf1851c1890bbc6__PDFV2__CH_0027,225
1f6d43de6bf1851c1890bbc6__PDFV2__CH_0028,237
1f6d43de6bf1851c1890bbc6__PDFV2__CH_0029,140
1f6d43de6bf1851c1890bbc6__PDFV2__CH_0030,449
1f6d43de6bf1851c1890bbc6__PDFV2__CH_0031,403
1f6d43de6bf1851c1890bbc6__PDFV2__CH_0032,324
1f6d43de6bf1851c1890bbc6__PDFV2__CH_0033,228
1f6d43de6bf1851c1890bbc6__PDFV2__CH_0034,714
1f6d43de6bf1851c1890bbc6__PDFV2__CH_0035,603
1f6d43de6bf1851c1890bbc6__PDFV2__CH_0036,490
1f81e3446744a4a412f4d407__PDFV2__CH_0001,364
1f81e3446744a4a412f4d407__PDFV2__CH_0002,500
1f81e3446744a4a412f4d407__PDFV2__CH_0003,509
1f81e3446744a4a412f4d407__PDFV2__CH_0004,669
1f81e3446744a4a412f4d407__PDFV2__CH_0005,135
1f81e3446744a4a412f4d407__PDFV2__CH_0006,493
1f81e3446744a4a412f4d407__PDFV2__CH_0007,289
1f81e3446744a4a412f4d407__PDFV2__CH_0010,258
1f81e3446744a4a412f4d407__PDFV2__CH_0011,223
1f81e3446744a4a412f4d407__PDFV2__CH_0012,182
1f81e3446744a4a412f4d407__PDFV2__CH_0013,62
1f81e3446744a4a412f4d407__PDFV2__CH_0015,433
1f81e3446744a4a412f4d407__PDFV2__CH_0016,380
1f81e3446744a4a412f4d407__PDFV2__CH_0017,374
1f81e3446744a4a412f4d407__PDFV2__CH_0018,390
1f81e3446744a4a412f4d407__PDFV2__CH_0019,273
1f81e3446744a4a412f4d407__PDFV2__CH_0020,213
1f81e3446744a4a412f4d407__PDFV2__CH_0021,359
1f81e3446744a4a412f4d407__PDFV2__CH_0022,297
1f81e3446744a4a412f4d407__PDFV2__CH_0023,172
1f81e3446744a4a412f4d407__PDFV2__CH_0024,188
1f81e3446744a4a412f4d407__PDFV2__CH_0025,287
1f81e3446744a4a412f4d407__PDFV2__CH_0026,47
1f81e3446744a4a412f4d407__PDFV2__CH_0027,547
1f81e3446744a4a412f4d407__PDFV2__CH_0028,549
1f81e3446744a4a412f4d407__PDFV2__CH_0029,385
1f9ca494bf49c82a68235a64__1f9ca494bf49c82a68235a64__SEG_0001__CH_001,191
2001271a175f4bf8cdb99953__2001271a175f4bf8cdb99953__SEG_0001__CH_001,266
200a88e602d16026b4bbb29a__PDFV2__CH_0001,341
200a88e602d16026b4bbb29a__PDFV2__CH_0002,383
200a88e602d16026b4bbb29a__PDFV2__CH_0003,447
200a88e602d16026b4bbb29a__PDFV2__CH_0004,189
200a88e602d16026b4bbb29a__PDFV2__CH_0005,375
200a88e602d16026b4bbb29a__PDFV2__CH_0009,394
200d9976df62f0a3a0033aa0__200d9976df62f0a3a0033aa0__SEG_0001__CH_001,403
200d9976df62f0a3a0033aa0__200d9976df62f0a3a0033aa0__SEG_0001__CH_002,320
204913846c333b5a2e076159__204913846c333b5a2e076159__SEG_0001__CH_001,1152
204913846c333b5a2e076159__204913846c333b5a2e076159__SEG_0001__CH_002,505
205eeab6c1f6b19f4ba61512__PDFV2__CH_0001,362
205eeab6c1f6b19f4ba61512__PDFV2__CH_0002,374
205eeab6c1f6b19f4ba61512__PDFV2__CH_0003,365
205eeab6c1f6b19f4ba61512__PDFV2__CH_0004,143
205eeab6c1f6b19f4ba61512__PDFV2__CH_0005,255
205eeab6c1f6b19f4ba61512__PDFV2__CH_0006,384
205eeab6c1f6b19f4ba61512__PDFV2__CH_0007,325
205eeab6c1f6b19f4ba61512__PDFV2__CH_0008,412
205eeab6c1f6b19f4ba61512__PDFV2__CH_0009,383
205eeab6c1f6b19f4ba61512__PDFV2__CH_0010,226
205eeab6c1f6b19f4ba61512__PDFV2__CH_0011,585
20a4f72eb1c1d676b8322e8d__20a4f72eb1c1d676b8322e8d__SEG_0001__CH_001,206
20a4f72eb1c1d676b8322e8d__20a4f72eb1c1d676b8322e8d__SEG_0001__CH_002,225
20a4f72eb1c1d676b8322e8d__20a4f72eb1c1d676b8322e8d__SEG_0001__CH_003,148
20a4f72eb1c1d676b8322e8d__20a4f72eb1c1d676b8322e8d__SEG_0001__CH_004,283
20a4f72eb1c1d676b8322e8d__20a4f72eb1c1d676b8322e8d__SEG_0001__CH_005,241
20a4f72eb1c1d676b8322e8d__20a4f72eb1c1d676b8322e8d__SEG_0001__CH_006,267
20a4f72eb1c1d676b8322e8d__20a4f72eb1c1d676b8322e8d__SEG_0001__CH_007,288
20f901bd8ff7fbbd8354e354__20f901bd8ff7fbbd8354e354__SEG_0001__CH_002,233
20f901bd8ff7fbbd8354e354__20f901bd8ff7fbbd8354e354__SEG_0001__CH_003,1517
20fa1f639a39aa38cd3104fa__20fa1f639a39aa38cd3104fa__SEG_0001__CH_001,173
2107870904767d5d52470b4e__2107870904767d5d52470b4e__SEG_0001__CH_001,162
2107870904767d5d52470b4e__2107870904767d5d52470b4e__SEG_0001__CH_002,185
2107870904767d5d52470b4e__2107870904767d5d52470b4e__SEG_0001__CH_003,123
2107870904767d5d52470b4e__2107870904767d5d52470b4e__SEG_0001__CH_004,209
2107870904767d5d52470b4e__2107870904767d5d52470b4e__SEG_0001__CH_005,505
2107870904767d5d52470b4e__2107870904767d5d52470b4e__SEG_0001__CH_006,233
211e51ad9e08a7c8f567cf9a__211e51ad9e08a7c8f567cf9a__SEG_0001__CH_001,407
211e51ad9e08a7c8f567cf9a__211e51ad9e08a7c8f567cf9a__SEG_0001__CH_002,906
211e51ad9e08a7c8f567cf9a__211e51ad9e08a7c8f567cf9a__SEG_0001__CH_004,1375
211e51ad9e08a7c8f567cf9a__211e51ad9e08a7c8f567cf9a__SEG_0001__CH_005,1855
211e51ad9e08a7c8f567cf9a__211e51ad9e08a7c8f567cf9a__SEG_0001__CH_006,361
2158694c31625b4f9d38f5ce__2158694c31625b4f9d38f5ce__SEG_0001__CH_001,1364
218da206325ea16902d28d81__218da206325ea16902d28d81__SEG_0001__CH_001,246
218da206325ea16902d28d81__218da206325ea16902d28d81__SEG_0001__CH_002,331
218da206325ea16902d28d81__218da206325ea16902d28d81__SEG_0001__CH_003,160
218da206325ea16902d28d81__218da206325ea16902d28d81__SEG_0001__CH_004,229
21bc7deb22db5047827c6590__PDFV2__CH_0001,219
21bc7deb22db5047827c6590__PDFV2__CH_0002,122
21bc7deb22db5047827c6590__PDFV2__CH_0003,172
2206a9a9eec40cce3431efcf__PDFV2__CH_0002,209
2206a9a9eec40cce3431efcf__PDFV2__CH_0003,493
2206a9a9eec40cce3431efcf__PDFV2__CH_0005,584
2206a9a9eec40cce3431efcf__PDFV2__CH_0007,426
2206a9a9eec40cce3431efcf__PDFV2__CH_0008,505
2206a9a9eec40cce3431efcf__PDFV2__CH_0009,443
2206a9a9eec40cce3431efcf__PDFV2__CH_0010,532
2206a9a9eec40cce3431efcf__PDFV2__CH_0011,586
2206a9a9eec40cce3431efcf__PDFV2__CH_0012,486
2206a9a9eec40cce3431efcf__PDFV2__CH_0014,464
2206a9a9eec40cce3431efcf__PDFV2__CH_0015,576
2206a9a9eec40cce3431efcf__PDFV2__CH_0016,200
2206a9a9eec40cce3431efcf__PDFV2__CH_0017,430
2206a9a9eec40cce3431efcf__PDFV2__CH_0018,365
2206a9a9eec40cce3431efcf__PDFV2__CH_0019,427
2206a9a9eec40cce3431efcf__PDFV2__CH_0020,372
2206a9a9eec40cce3431efcf__PDFV2__CH_0021,350
2206a9a9eec40cce3431efcf__PDFV2__CH_0022,358
2206a9a9eec40cce3431efcf__PDFV2__CH_0023,526
2206a9a9eec40cce3431efcf__PDFV2__CH_0024,569
2206a9a9eec40cce3431efcf__PDFV2__CH_0025,249
2206a9a9eec40cce3431efcf__PDFV2__CH_0026,561
2206a9a9eec40cce3431efcf__PDFV2__CH_0027,658
2206a9a9eec40cce3431efcf__PDFV2__CH_0028,207
2206a9a9eec40cce3431efcf__PDFV2__CH_0029,479
2206a9a9eec40cce3431efcf__PDFV2__CH_0030,594
2206a9a9eec40cce3431efcf__PDFV2__CH_0032,426
2206a9a9eec40cce3431efcf__PDFV2__CH_0033,204
2206a9a9eec40cce3431efcf__PDFV2__CH_0034,380
2206a9a9eec40cce3431efcf__PDFV2__CH_0035,555
2206a9a9eec40cce3431efcf__PDFV2__CH_0036,431
2206a9a9eec40cce3431efcf__PDFV2__CH_0037,617
2206a9a9eec40cce3431efcf__PDFV2__CH_0038,576
2206a9a9eec40cce3431efcf__PDFV2__CH_0039,618
2206a9a9eec40cce3431efcf__PDFV2__CH_0040,592
2206a9a9eec40cce3431efcf__PDFV2__CH_0041,552
2206a9a9eec40cce3431efcf__PDFV2__CH_0042,492
2206a9a9eec40cce3431efcf__PDFV2__CH_0043,515
2206a9a9eec40cce3431efcf__PDFV2__CH_0044,671
2206a9a9eec40cce3431efcf__PDFV2__CH_0045,625
2206a9a9eec40cce3431efcf__PDFV2__CH_0046,645
2206a9a9eec40cce3431efcf__PDFV2__CH_0047,508
2206a9a9eec40cce3431efcf__PDFV2__CH_0048,276
2206a9a9eec40cce3431efcf__PDFV2__CH_0049,387
2206a9a9eec40cce3431efcf__PDFV2__CH_0050,662
2206a9a9eec40cce3431efcf__PDFV2__CH_0051,167
2206a9a9eec40cce3431efcf__PDFV2__CH_0052,238
2206a9a9eec40cce3431efcf__PDFV2__CH_0053,448
2206a9a9eec40cce3431efcf__PDFV2__CH_0054,229
2206a9a9eec40cce3431efcf__PDFV2__CH_0055,333
2206a9a9eec40cce3431efcf__PDFV2__CH_0056,185
2206a9a9eec40cce3431efcf__PDFV2__CH_0057,272
222f147f70b8187ad7c6a6f5__PDFV2__CH_0001,511
222f147f70b8187ad7c6a6f5__PDFV2__CH_0002,443
222f147f70b8187ad7c6a6f5__PDFV2__CH_0003,490
222f147f70b8187ad7c6a6f5__PDFV2__CH_0004,182
222f147f70b8187ad7c6a6f5__PDFV2__CH_0005,594
222f147f70b8187ad7c6a6f5__PDFV2__CH_0006,262
224f451e0e968d88e14640c8__224f451e0e968d88e14640c8__SEG_0001__CH_001,226
224f451e0e968d88e14640c8__224f451e0e968d88e14640c8__SEG_0001__CH_002,115
2298a3b6851317ba51fa4241__2298a3b6851317ba51fa4241__SEG_0001__CH_001,137
22b03860e80b6bbe8a43c305__22b03860e80b6bbe8a43c305__SEG_0001__CH_001,188
22b03860e80b6bbe8a43c305__22b03860e80b6bbe8a43c305__SEG_0001__CH_002,99
22b2d032c564483a7b9cdaa1__22b2d032c564483a7b9cdaa1__SEG_0001__CH_002,1170
22b2d032c564483a7b9cdaa1__22b2d032c564483a7b9cdaa1__SEG_0001__CH_003,1473
22b2d032c564483a7b9cdaa1__22b2d032c564483a7b9cdaa1__SEG_0001__CH_004,622
22b2d032c564483a7b9cdaa1__22b2d032c564483a7b9cdaa1__SEG_0001__CH_005,245
22b2d032c564483a7b9cdaa1__22b2d032c564483a7b9cdaa1__SEG_0001__CH_006,95
22b2d032c564483a7b9cdaa1__22b2d032c564483a7b9cdaa1__SEG_0002__CH_001,3161
22b2d032c564483a7b9cdaa1__22b2d032c564483a7b9cdaa1__SEG_0003__CH_001,461
22b2d032c564483a7b9cdaa1__22b2d032c564483a7b9cdaa1__SEG_0003__CH_002,235
22b2d032c564483a7b9cdaa1__22b2d032c564483a7b9cdaa1__SEG_0003__CH_003,1149
22b2d032c564483a7b9cdaa1__22b2d032c564483a7b9cdaa1__SEG_0003__CH_004,3832
22b2d032c564483a7b9cdaa1__22b2d032c564483a7b9cdaa1__SEG_0004__CH_001,2293
22b2d032c564483a7b9cdaa1__22b2d032c564483a7b9cdaa1__SEG_0004__CH_002,927
22b2d032c564483a7b9cdaa1__22b2d032c564483a7b9cdaa1__SEG_0005__CH_001,706
22b2d032c564483a7b9cdaa1__22b2d032c564483a7b9cdaa1__SEG_0005__CH_002,1384
22b2d032c564483a7b9cdaa1__22b2d032c564483a7b9cdaa1__SEG_0005__CH_003,2731
22b2d032c564483a7b9cdaa1__22b2d032c564483a7b9cdaa1__SEG_0006__CH_001,3333
22b2d032c564483a7b9cdaa1__22b2d032c564483a7b9cdaa1__SEG_0007__CH_001,460
22b2d032c564483a7b9cdaa1__22b2d032c564483a7b9cdaa1__SEG_0007__CH_002,708
22b2d032c564483a7b9cdaa1__22b2d032c564483a7b9cdaa1__SEG_0007__CH_003,905
22ee6c5061b84cb8261a6d57__22ee6c5061b84cb8261a6d57__SEG_0001__CH_001,567
22ee6c5061b84cb8261a6d57__22ee6c5061b84cb8261a6d57__SEG_0001__CH_002,321
22ee6c5061b84cb8261a6d57__22ee6c5061b84cb8261a6d57__SEG_0001__CH_003,642
22ee6c5061b84cb8261a6d57__22ee6c5061b84cb8261a6d57__SEG_0001__CH_004,318
230b6813b5193d2cec7ff99b__PDFV2__CH_0003,441
230b6813b5193d2cec7ff99b__PDFV2__CH_0007,350
230b6813b5193d2cec7ff99b__PDFV2__CH_0008,386
2364b4e7b540c915fbef9174__PDFV2__CH_0001,419
2364b4e7b540c915fbef9174__PDFV2__CH_0004,349
2364b4e7b540c915fbef9174__PDFV2__CH_0005,320
2364b4e7b540c915fbef9174__PDFV2__CH_0006,148
2364b4e7b540c915fbef9174__PDFV2__CH_0007,158
2364b4e7b540c915fbef9174__PDFV2__CH_0008__M,614
2364b4e7b540c915fbef9174__PDFV2__CH_0010,356
2364b4e7b540c915fbef9174__PDFV2__CH_0011,206
2364b4e7b540c915fbef9174__PDFV2__CH_0012,399
2364b4e7b540c915fbef9174__PDFV2__CH_0013,576
2364b4e7b540c915fbef9174__PDFV2__CH_0014,317
2364b4e7b540c915fbef9174__PDFV2__CH_0015,441
2364b4e7b540c915fbef9174__PDFV2__CH_0016,197
2364b4e7b540c915fbef9174__PDFV2__CH_0017,266
2364b4e7b540c915fbef9174__PDFV2__CH_0018,128
2364b4e7b540c915fbef9174__PDFV2__CH_0020,445
2372aee90f9a0ad97e1f43a9__PDFV2__CH_0001,368
2372aee90f9a0ad97e1f43a9__PDFV2__CH_0002,288
2372aee90f9a0ad97e1f43a9__PDFV2__CH_0003,563
2372aee90f9a0ad97e1f43a9__PDFV2__CH_0004,605
2372aee90f9a0ad97e1f43a9__PDFV2__CH_0005,87
2372aee90f9a0ad97e1f43a9__PDFV2__CH_0006,321
2372aee90f9a0ad97e1f43a9__PDFV2__CH_0007,282
2372aee90f9a0ad97e1f43a9__PDFV2__CH_0008,119
2372aee90f9a0ad97e1f43a9__PDFV2__CH_0009,41
2372aee90f9a0ad97e1f43a9__PDFV2__CH_0012,544
2372aee90f9a0ad97e1f43a9__PDFV2__CH_0014,489
2390b5c13b6faaf46c1fa183__PDFV2__CH_0001,245
2390b5c13b6faaf46c1fa183__PDFV2__CH_0002,164
2390b5c13b6faaf46c1fa183__PDFV2__CH_0003,178
2390b5c13b6faaf46c1fa183__PDFV2__CH_0004,235
2390b5c13b6faaf46c1fa183__PDFV2__CH_0005,107
2390b5c13b6faaf46c1fa183__PDFV2__CH_0006,322
2390b5c13b6faaf46c1fa183__PDFV2__CH_0007,219
2390b5c13b6faaf46c1fa183__PDFV2__CH_0008,190
2390b5c13b6faaf46c1fa183__PDFV2__CH_0009,38
23a730c8e783d13edfd96e21__23a730c8e783d13edfd96e21__SEG_0001__CH_002,343
23a730c8e783d13edfd96e21__23a730c8e783d13edfd96e21__SEG_0001__CH_003,404
23a730c8e783d13edfd96e21__23a730c8e783d13edfd96e21__SEG_0001__CH_004,400
23c384b8a9c6e61b5e815754__23c384b8a9c6e61b5e815754__SEG_0001__CH_002,246
23c384b8a9c6e61b5e815754__23c384b8a9c6e61b5e815754__SEG_0001__CH_003,237
23cee8ec0fac8124b6ad7c25__23cee8ec0fac8124b6ad7c25__SEG_0001__CH_003,63
23cee8ec0fac8124b6ad7c25__23cee8ec0fac8124b6ad7c25__SEG_0001__CH_004,80
23cee8ec0fac8124b6ad7c25__23cee8ec0fac8124b6ad7c25__SEG_0001__CH_005,62
23cee8ec0fac8124b6ad7c25__23cee8ec0fac8124b6ad7c25__SEG_0001__CH_006,404
23d5c8e726d5fdb2e29d8ce2__23d5c8e726d5fdb2e29d8ce2__SEG_0001__CH_001,160
23d5c8e726d5fdb2e29d8ce2__23d5c8e726d5fdb2e29d8ce2__SEG_0001__CH_002,188
23dbd90b80e05ef54171fa7e__23dbd90b80e05ef54171fa7e__SEG_0001__CH_001,199
23dbd90b80e05ef54171fa7e__23dbd90b80e05ef54171fa7e__SEG_0001__CH_002,40
23dbd90b80e05ef54171fa7e__23dbd90b80e05ef54171fa7e__SEG_0001__CH_003,302
23dbd90b80e05ef54171fa7e__23dbd90b80e05ef54171fa7e__SEG_0001__CH_004,116
23dbd90b80e05ef54171fa7e__23dbd90b80e05ef54171fa7e__SEG_0001__CH_005,154
23dbd90b80e05ef54171fa7e__23dbd90b80e05ef54171fa7e__SEG_0001__CH_006,392
23dbd90b80e05ef54171fa7e__23dbd90b80e05ef54171fa7e__SEG_0001__CH_007,726
23dbd90b80e05ef54171fa7e__23dbd90b80e05ef54171fa7e__SEG_0001__CH_008,749
23dbd90b80e05ef54171fa7e__23dbd90b80e05ef54171fa7e__SEG_0001__CH_009,323
23dbd90b80e05ef54171fa7e__23dbd90b80e05ef54171fa7e__SEG_0002__CH_001,334
23dbd90b80e05ef54171fa7e__23dbd90b80e05ef54171fa7e__SEG_0002__CH_002,616
23dbd90b80e05ef54171fa7e__23dbd90b80e05ef54171fa7e__SEG_0002__CH_003,462
23f2ce1c9fb5ed27ca769f13__23f2ce1c9fb5ed27ca769f13__SEG_0001__CH_001,850
23f2ce1c9fb5ed27ca769f13__23f2ce1c9fb5ed27ca769f13__SEG_0001__CH_002,634
23f2ce1c9fb5ed27ca769f13__23f2ce1c9fb5ed27ca769f13__SEG_0001__CH_003,425
2413fd65ec2fb2a5878c2e3a__2413fd65ec2fb2a5878c2e3a__SEG_0001__CH_001,1385
246aa371e896fc3aef5a3359__246aa371e896fc3aef5a3359__SEG_0001__CH_001,120
246aa371e896fc3aef5a3359__246aa371e896fc3aef5a3359__SEG_0001__CH_002,238
246aa371e896fc3aef5a3359__246aa371e896fc3aef5a3359__SEG_0001__CH_003,142
246aa371e896fc3aef5a3359__246aa371e896fc3aef5a3359__SEG_0001__CH_004,393
246aa371e896fc3aef5a3359__246aa371e896fc3aef5a3359__SEG_0001__CH_005,2984
246aa371e896fc3aef5a3359__246aa371e896fc3aef5a3359__SEG_0001__CH_006,972
246aa371e896fc3aef5a3359__246aa371e896fc3aef5a3359__SEG_0001__CH_007,2483
248146127a4da7ee6fe771f9__248146127a4da7ee6fe771f9__SEG_0001__CH_001,195
248146127a4da7ee6fe771f9__248146127a4da7ee6fe771f9__SEG_0001__CH_002,116
248146127a4da7ee6fe771f9__248146127a4da7ee6fe771f9__SEG_0001__CH_003,230
24d51cf876d7664908c818d2__24d51cf876d7664908c818d2__SEG_0001__CH_002,241
252c1a5a795870ec76315c51__252c1a5a795870ec76315c51__SEG_0001__CH_001,358
252c1a5a795870ec76315c51__252c1a5a795870ec76315c51__SEG_0001__CH_002,313
254668714c8398022929604b__254668714c8398022929604b__SEG_0001__CH_001,287
254668714c8398022929604b__254668714c8398022929604b__SEG_0001__CH_002,94
25629efab9e2eef52b80ce79__25629efab9e2eef52b80ce79__SEG_0001__CH_001,481
25629efab9e2eef52b80ce79__25629efab9e2eef52b80ce79__SEG_0001__CH_002,448
25629efab9e2eef52b80ce79__25629efab9e2eef52b80ce79__SEG_0001__CH_003,447
25629efab9e2eef52b80ce79__25629efab9e2eef52b80ce79__SEG_0001__CH_004,358
2580b801e49cfb847ea8e847__2580b801e49cfb847ea8e847__SEG_0001__CH_001,272
2580b801e49cfb847ea8e847__2580b801e49cfb847ea8e847__SEG_0001__CH_002,155
2580b801e49cfb847ea8e847__2580b801e49cfb847ea8e847__SEG_0001__CH_003,206
2580b801e49cfb847ea8e847__2580b801e49cfb847ea8e847__SEG_0001__CH_004,969
258bb7b2a7ca8b95ac777c0c__258bb7b2a7ca8b95ac777c0c__SEG_0001__CH_002,105
25950396dbe362cc85e3a06d__25950396dbe362cc85e3a06d__SEG_0001__CH_001,375
25950396dbe362cc85e3a06d__25950396dbe362cc85e3a06d__SEG_0001__CH_002,1544
25950396dbe362cc85e3a06d__25950396dbe362cc85e3a06d__SEG_0001__CH_003,722
25950396dbe362cc85e3a06d__25950396dbe362cc85e3a06d__SEG_0001__CH_004,2434
25950396dbe362cc85e3a06d__25950396dbe362cc85e3a06d__SEG_0001__CH_005,446
25950396dbe362cc85e3a06d__25950396dbe362cc85e3a06d__SEG_0002__CH_001,1455
25950396dbe362cc85e3a06d__25950396dbe362cc85e3a06d__SEG_0002__CH_002,877
262f17a18535a13f6180f23d__262f17a18535a13f6180f23d__SEG_0001__CH_001,7090
262f17a18535a13f6180f23d__262f17a18535a13f6180f23d__SEG_0002__CH_001,522
262f17a18535a13f6180f23d__262f17a18535a13f6180f23d__SEG_0002__CH_002,519
262f17a18535a13f6180f23d__262f17a18535a13f6180f23d__SEG_0002__CH_003,391
265a3fe8f7237daa6da21768__PDFV2__CH_0001,610
265a3fe8f7237daa6da21768__PDFV2__CH_0002,650
265a3fe8f7237daa6da21768__PDFV2__CH_0004,409
265a3fe8f7237daa6da21768__PDFV2__CH_0005,296
265a3fe8f7237daa6da21768__PDFV2__CH_0006,596
265a3fe8f7237daa6da21768__PDFV2__CH_0007,106
265a3fe8f7237daa6da21768__PDFV2__CH_0008,677
265a3fe8f7237daa6da21768__PDFV2__CH_0009,672
265a3fe8f7237daa6da21768__PDFV2__CH_0010__M,1001
265a3fe8f7237daa6da21768__PDFV2__CH_0012,542
265a3fe8f7237daa6da21768__PDFV2__CH_0013,295
265a3fe8f7237daa6da21768__PDFV2__CH_0014,482
2697e8a692cf491938475436__2697e8a692cf491938475436__SEG_0001__CH_001,140
2697e8a692cf491938475436__2697e8a692cf491938475436__SEG_0001__CH_002,368
2697e8a692cf491938475436__2697e8a692cf491938475436__SEG_0001__CH_003,220
2697e8a692cf491938475436__2697e8a692cf491938475436__SEG_0001__CH_004,198
26aaf3d203295cfea6ecbd68__PDFV2__CH_0001,377
26aaf3d203295cfea6ecbd68__PDFV2__CH_0002,397
26aaf3d203295cfea6ecbd68__PDFV2__CH_0003,678
26aaf3d203295cfea6ecbd68__PDFV2__CH_0004,332
26aaf3d203295cfea6ecbd68__PDFV2__CH_0005,323
26ba02ec059c8139cceb8e32__PDFV2__CH_0001,557
26ba02ec059c8139cceb8e32__PDFV2__CH_0002,453
26ba02ec059c8139cceb8e32__PDFV2__CH_0003,343
26ba02ec059c8139cceb8e32__PDFV2__CH_0004,261
26ba02ec059c8139cceb8e32__PDFV2__CH_0005,473
26c7b4c095ae1572fab0b108__26c7b4c095ae1572fab0b108__SEG_0001__CH_001,929
26c7b4c095ae1572fab0b108__26c7b4c095ae1572fab0b108__SEG_0001__CH_002,4486
26c7b4c095ae1572fab0b108__26c7b4c095ae1572fab0b108__SEG_0001__CH_003,1806
26c7b4c095ae1572fab0b108__26c7b4c095ae1572fab0b108__SEG_0002__CH_001,8334
26c7b4c095ae1572fab0b108__26c7b4c095ae1572fab0b108__SEG_0003__CH_001,1564
26c7b4c095ae1572fab0b108__26c7b4c095ae1572fab0b108__SEG_0003__CH_002,714
27919be236dcc29094f7e274__27919be236dcc29094f7e274__SEG_0001__CH_001,84
27919be236dcc29094f7e274__27919be236dcc29094f7e274__SEG_0001__CH_002,379
27919be236dcc29094f7e274__27919be236dcc29094f7e274__SEG_0001__CH_003,393
27919be236dcc29094f7e274__27919be236dcc29094f7e274__SEG_0001__CH_004,289
27919be236dcc29094f7e274__27919be236dcc29094f7e274__SEG_0001__CH_005,478
27930b17d93b1b6aa66fafc6__27930b17d93b1b6aa66fafc6__SEG_0001__CH_001,1046
27fc12c62155821b2caa525a__27fc12c62155821b2caa525a__SEG_0001__CH_001,1104
27fc12c62155821b2caa525a__27fc12c62155821b2caa525a__SEG_0001__CH_002,1891
27fc12c62155821b2caa525a__27fc12c62155821b2caa525a__SEG_0001__CH_003__S1,1288
27fc12c62155821b2caa525a__27fc12c62155821b2caa525a__SEG_0001__CH_003__S2,5606
27fc12c62155821b2caa525a__27fc12c62155821b2caa525a__SEG_0001__CH_004,528
27fc12c62155821b2caa525a__27fc12c62155821b2caa525a__SEG_0002__CH_001,700
27fc12c62155821b2caa525a__27fc12c62155821b2caa525a__SEG_0002__CH_002,769
27fc12c62155821b2caa525a__27fc12c62155821b2caa525a__SEG_0002__CH_003,1577
280e1c3948aeabdee057fc77__280e1c3948aeabdee057fc77__SEG_0001__CH_001,4300
286eca6148f207c1c2af80e7__286eca6148f207c1c2af80e7__SEG_0001__CH_001,601
286eca6148f207c1c2af80e7__286eca6148f207c1c2af80e7__SEG_0001__CH_002,647
286eca6148f207c1c2af80e7__286eca6148f207c1c2af80e7__SEG_0001__CH_003,869
287842eaf3cf056371b2a310__PDFV2__CH_0001,297
287842eaf3cf056371b2a310__PDFV2__CH_0002,228
287842eaf3cf056371b2a310__PDFV2__CH_0003,334
287842eaf3cf056371b2a310__PDFV2__CH_0004,282
287842eaf3cf056371b2a310__PDFV2__CH_0005,529
287842eaf3cf056371b2a310__PDFV2__CH_0006,574
287842eaf3cf056371b2a310__PDFV2__CH_0007,426
287842eaf3cf056371b2a310__PDFV2__CH_0008,367
287842eaf3cf056371b2a310__PDFV2__CH_0009,231
28a89fa1dbe54333ac675383__28a89fa1dbe54333ac675383__SEG_0001__CH_001,379
28a89fa1dbe54333ac675383__28a89fa1dbe54333ac675383__SEG_0001__CH_002,620
28afdc2c9b9efde6071d5fa9__28afdc2c9b9efde6071d5fa9__SEG_0001__CH_002,564
28afdc2c9b9efde6071d5fa9__28afdc2c9b9efde6071d5fa9__SEG_0001__CH_003,241
28afdc2c9b9efde6071d5fa9__28afdc2c9b9efde6071d5fa9__SEG_0001__CH_004,1938
28afdc2c9b9efde6071d5fa9__28afdc2c9b9efde6071d5fa9__SEG_0001__CH_005,316
28afdc2c9b9efde6071d5fa9__28afdc2c9b9efde6071d5fa9__SEG_0002__CH_001,459
28afdc2c9b9efde6071d5fa9__28afdc2c9b9efde6071d5fa9__SEG_0002__CH_002,1156
28afdc2c9b9efde6071d5fa9__28afdc2c9b9efde6071d5fa9__SEG_0002__CH_003,4553
28afdc2c9b9efde6071d5fa9__28afdc2c9b9efde6071d5fa9__SEG_0002__CH_004,2808
28afdc2c9b9efde6071d5fa9__28afdc2c9b9efde6071d5fa9__SEG_0002__CH_005,537
28afdc2c9b9efde6071d5fa9__28afdc2c9b9efde6071d5fa9__SEG_0003__CH_001,2902
28afdc2c9b9efde6071d5fa9__28afdc2c9b9efde6071d5fa9__SEG_0003__CH_002,908
28afdc2c9b9efde6071d5fa9__28afdc2c9b9efde6071d5fa9__SEG_0004__CH_001__S1,863
28afdc2c9b9efde6071d5fa9__28afdc2c9b9efde6071d5fa9__SEG_0004__CH_001__S2,880
28afdc2c9b9efde6071d5fa9__28afdc2c9b9efde6071d5fa9__SEG_0004__CH_001__S3,149
28afdc2c9b9efde6071d5fa9__28afdc2c9b9efde6071d5fa9__SEG_0004__CH_001__S4,1575
28afdc2c9b9efde6071d5fa9__28afdc2c9b9efde6071d5fa9__SEG_0005__CH_001,3258
28afdc2c9b9efde6071d5fa9__28afdc2c9b9efde6071d5fa9__SEG_0006__CH_001,280
28afdc2c9b9efde6071d5fa9__28afdc2c9b9efde6071d5fa9__SEG_0006__CH_002,510
28afdc2c9b9efde6071d5fa9__28afdc2c9b9efde6071d5fa9__SEG_0006__CH_003,357
28afdc2c9b9efde6071d5fa9__28afdc2c9b9efde6071d5fa9__SEG_0006__CH_004,422
28d756140b87da58ce54fabb__28d756140b87da58ce54fabb__SEG_0001__CH_001,755
28d756140b87da58ce54fabb__28d756140b87da58ce54fabb__SEG_0001__CH_002,721
28d756140b87da58ce54fabb__28d756140b87da58ce54fabb__SEG_0001__CH_003,112
28e931d118dc021465af1434__PDFV2__CH_0001,353
28e931d118dc021465af1434__PDFV2__CH_0002,476
290b2d5ee8424c2e2bca4e41__290b2d5ee8424c2e2bca4e41__SEG_0001__CH_001,435
290b2d5ee8424c2e2bca4e41__290b2d5ee8424c2e2bca4e41__SEG_0001__CH_002,389
290b2d5ee8424c2e2bca4e41__290b2d5ee8424c2e2bca4e41__SEG_0001__CH_003,431
2911daf04c6e1bad7154c468__2911daf04c6e1bad7154c468__SEG_0001__CH_001,1149
2911daf04c6e1bad7154c468__2911daf04c6e1bad7154c468__SEG_0001__CH_002,537
2942b7f00607d4967e6290b4__2942b7f00607d4967e6290b4__SEG_0001__CH_001,1355
2942b7f00607d4967e6290b4__2942b7f00607d4967e6290b4__SEG_0001__CH_002,1525
2942b7f00607d4967e6290b4__2942b7f00607d4967e6290b4__SEG_0001__CH_003,437
2942b7f00607d4967e6290b4__2942b7f00607d4967e6290b4__SEG_0002__CH_001,1038
2942b7f00607d4967e6290b4__2942b7f00607d4967e6290b4__SEG_0002__CH_002,2560
2942b7f00607d4967e6290b4__2942b7f00607d4967e6290b4__SEG_0002__CH_003,1516
296db352fa045e04c95f3e71__296db352fa045e04c95f3e71__SEG_0001__CH_001,238
298d3ad07f06a32bc222e786__298d3ad07f06a32bc222e786__SEG_0001__CH_001,159
298d3ad07f06a32bc222e786__298d3ad07f06a32bc222e786__SEG_0001__CH_002,164
29a47687de95620e8c6d5e9e__PDFV2__CH_0001,203
29a47687de95620e8c6d5e9e__PDFV2__CH_0002,271
29a47687de95620e8c6d5e9e__PDFV2__CH_0003,246
29a47687de95620e8c6d5e9e__PDFV2__CH_0004,211
29a47687de95620e8c6d5e9e__PDFV2__CH_0005,476
29e4a314195b5320a26229c3__29e4a314195b5320a26229c3__SEG_0001__CH_001,381
29f6537750624580e0ad446a__29f6537750624580e0ad446a__SEG_0001__CH_001,253
29f6537750624580e0ad446a__29f6537750624580e0ad446a__SEG_0001__CH_002,119
29f6537750624580e0ad446a__29f6537750624580e0ad446a__SEG_0001__CH_003,19
29f6537750624580e0ad446a__29f6537750624580e0ad446a__SEG_0001__CH_004,53
2a19a331ed9fd7c210623caa__2a19a331ed9fd7c210623caa__SEG_0001__CH_003,898
2a3c95c40afad2ecdeb6df08__2a3c95c40afad2ecdeb6df08__SEG_0001__CH_001,130
2a3c95c40afad2ecdeb6df08__2a3c95c40afad2ecdeb6df08__SEG_0001__CH_002,141
2a657590685c2b09dcc58c70__PDFV2__CH_0001,361
2a657590685c2b09dcc58c70__PDFV2__CH_0002,460
2a657590685c2b09dcc58c70__PDFV2__CH_0004,337
2a772e44211f9c92b1866b34__2a772e44211f9c92b1866b34__SEG_0001__CH_001,544
2a7f4a9e30f42d160e83e115__2a7f4a9e30f42d160e83e115__SEG_0001__CH_001,672
2a7f4a9e30f42d160e83e115__2a7f4a9e30f42d160e83e115__SEG_0001__CH_002,560
2a7f4a9e30f42d160e83e115__2a7f4a9e30f42d160e83e115__SEG_0001__CH_003,1330
2a7f4a9e30f42d160e83e115__2a7f4a9e30f42d160e83e115__SEG_0001__CH_004,828
2a7f4a9e30f42d160e83e115__2a7f4a9e30f42d160e83e115__SEG_0001__CH_005,1056
2a936aa2c140146cc6205608__PDFV2__CH_0001,343
2a936aa2c140146cc6205608__PDFV2__CH_0002,320
2a936aa2c140146cc6205608__PDFV2__CH_0003,161
2adac9386388c2979c6659b1__2adac9386388c2979c6659b1__SEG_0001__CH_001,106
2adac9386388c2979c6659b1__2adac9386388c2979c6659b1__SEG_0001__CH_002,133
2adac9386388c2979c6659b1__2adac9386388c2979c6659b1__SEG_0001__CH_003,110
2adac9386388c2979c6659b1__2adac9386388c2979c6659b1__SEG_0001__CH_004,166
2adac9386388c2979c6659b1__2adac9386388c2979c6659b1__SEG_0001__CH_005,181
2adac9386388c2979c6659b1__2adac9386388c2979c6659b1__SEG_0001__CH_006,206
2b038847a7a335cd1e0fd3b4__2b038847a7a335cd1e0fd3b4__SEG_0001__CH_001,195
2b038847a7a335cd1e0fd3b4__2b038847a7a335cd1e0fd3b4__SEG_0001__CH_002,417
2b038847a7a335cd1e0fd3b4__2b038847a7a335cd1e0fd3b4__SEG_0001__CH_003,188
2b038847a7a335cd1e0fd3b4__2b038847a7a335cd1e0fd3b4__SEG_0001__CH_004,415
2b21a8f184e5e786e6953a65__PDFV2__CH_0001,332
2b21a8f184e5e786e6953a65__PDFV2__CH_0002,354
2b21a8f184e5e786e6953a65__PDFV2__CH_0003,267
2b21a8f184e5e786e6953a65__PDFV2__CH_0004,213
2b21a8f184e5e786e6953a65__PDFV2__CH_0005,181
2b21a8f184e5e786e6953a65__PDFV2__CH_0006,471
2b21a8f184e5e786e6953a65__PDFV2__CH_0007,530
2b21a8f184e5e786e6953a65__PDFV2__CH_0008,586
2b21a8f184e5e786e6953a65__PDFV2__CH_0009,494
2b21a8f184e5e786e6953a65__PDFV2__CH_0010,255
2b21a8f184e5e786e6953a65__PDFV2__CH_0011,404
2b21a8f184e5e786e6953a65__PDFV2__CH_0012,281
2b21a8f184e5e786e6953a65__PDFV2__CH_0013,380
2b21a8f184e5e786e6953a65__PDFV2__CH_0014,523
2b21a8f184e5e786e6953a65__PDFV2__CH_0015,429
2b21a8f184e5e786e6953a65__PDFV2__CH_0016,392
2b21a8f184e5e786e6953a65__PDFV2__CH_0017,113
2b21a8f184e5e786e6953a65__PDFV2__CH_0019,362
2b21a8f184e5e786e6953a65__PDFV2__CH_0021__M,464
2b2bbce5898a21ce52ac2a9a__2b2bbce5898a21ce52ac2a9a__SEG_0001__CH_001,217
2b2bbce5898a21ce52ac2a9a__2b2bbce5898a21ce52ac2a9a__SEG_0001__CH_002,114
2b723def112f8b6628cd73fc__2b723def112f8b6628cd73fc__SEG_0001__CH_001,243
2b7f0be7e2b1f6d7ec739622__PDFV2__CH_0001,270
2b7f0be7e2b1f6d7ec739622__PDFV2__CH_0002,303
2b7f0be7e2b1f6d7ec739622__PDFV2__CH_0003,411
2b7f0be7e2b1f6d7ec739622__PDFV2__CH_0004,308
2b7f0be7e2b1f6d7ec739622__PDFV2__CH_0005,111
2b7f0be7e2b1f6d7ec739622__PDFV2__CH_0006,426
2b7f0be7e2b1f6d7ec739622__PDFV2__CH_0007,277
2b7f0be7e2b1f6d7ec739622__PDFV2__CH_0008,128
2b7f0be7e2b1f6d7ec739622__PDFV2__CH_0009,249
2b7f0be7e2b1f6d7ec739622__PDFV2__CH_0010,355
2b7f0be7e2b1f6d7ec739622__PDFV2__CH_0011,195
2b7f0be7e2b1f6d7ec739622__PDFV2__CH_0012,296
2b7f0be7e2b1f6d7ec739622__PDFV2__CH_0013,152
2b7f0be7e2b1f6d7ec739622__PDFV2__CH_0015,534
2b7f0be7e2b1f6d7ec739622__PDFV2__CH_0016,1150
2b7f0be7e2b1f6d7ec739622__PDFV2__CH_0017,725
2b7f0be7e2b1f6d7ec739622__PDFV2__CH_0018,95
2b7f0be7e2b1f6d7ec739622__PDFV2__CH_0019,444
2b7f0be7e2b1f6d7ec739622__PDFV2__CH_0020,194
2b7f0be7e2b1f6d7ec739622__PDFV2__CH_0021,507
2b7f0be7e2b1f6d7ec739622__PDFV2__CH_0022,413
2b7f0be7e2b1f6d7ec739622__PDFV2__CH_0023,372
2bd8dd8bc0bcab1bc4af434c__PDFV2__CH_0001,352
2bd8dd8bc0bcab1bc4af434c__PDFV2__CH_0002,302
2c0057570a0b45110c6572fe__2c0057570a0b45110c6572fe__SEG_0001__CH_001,551
2c09ac8657750b8c99798ceb__PDFV2__CH_0001,323
2c09ac8657750b8c99798ceb__PDFV2__CH_0002,611
2c09ac8657750b8c99798ceb__PDFV2__CH_0003,478
2c09ac8657750b8c99798ceb__PDFV2__CH_0004,540
2c09ac8657750b8c99798ceb__PDFV2__CH_0005,116
2c09ac8657750b8c99798ceb__PDFV2__CH_0006,534
2c09ac8657750b8c99798ceb__PDFV2__CH_0007,620
2c09ac8657750b8c99798ceb__PDFV2__CH_0008,322
2c09ac8657750b8c99798ceb__PDFV2__CH_0009__M,742
2c09ac8657750b8c99798ceb__PDFV2__CH_0011,463
2c09ac8657750b8c99798ceb__PDFV2__CH_0012,423
2c09ac8657750b8c99798ceb__PDFV2__CH_0013,490
2c09ac8657750b8c99798ceb__PDFV2__CH_0014,584
2c09ac8657750b8c99798ceb__PDFV2__CH_0015,573
2c09ac8657750b8c99798ceb__PDFV2__CH_0017,243
2c21d91dc59342628daa4330__2c21d91dc59342628daa4330__SEG_0001__CH_001,238
2c21d91dc59342628daa4330__2c21d91dc59342628daa4330__SEG_0001__CH_002,139
2c26e895c6510a780eed4bbc__2c26e895c6510a780eed4bbc__SEG_0001__CH_001,331
2c26e895c6510a780eed4bbc__2c26e895c6510a780eed4bbc__SEG_0001__CH_003,660
2c3ef43f2d4aaeab054226ec__2c3ef43f2d4aaeab054226ec__SEG_0001__CH_001,224
2c3ef43f2d4aaeab054226ec__2c3ef43f2d4aaeab054226ec__SEG_0001__CH_002,478
2c3ef43f2d4aaeab054226ec__2c3ef43f2d4aaeab054226ec__SEG_0001__CH_003,1620
2c3ef43f2d4aaeab054226ec__2c3ef43f2d4aaeab054226ec__SEG_0001__CH_004,1077
2c3ef43f2d4aaeab054226ec__2c3ef43f2d4aaeab054226ec__SEG_0002__CH_002,450
2c622b2cc01e9af8663478ce__2c622b2cc01e9af8663478ce__SEG_0001__CH_001,312
2c622b2cc01e9af8663478ce__2c622b2cc01e9af8663478ce__SEG_0001__CH_002,186
2c6e9c7d22ec2aa1cb35dbc0__PDFV2__CH_0002,290
2c6e9c7d22ec2aa1cb35dbc0__PDFV2__CH_0003,173
2c6e9c7d22ec2aa1cb35dbc0__PDFV2__CH_0004,507
2c6e9c7d22ec2aa1cb35dbc0__PDFV2__CH_0005,468
2c6e9c7d22ec2aa1cb35dbc0__PDFV2__CH_0006,98
2c6e9c7d22ec2aa1cb35dbc0__PDFV2__CH_0007,109
2c6e9c7d22ec2aa1cb35dbc0__PDFV2__CH_0008,116
2c6e9c7d22ec2aa1cb35dbc0__PDFV2__CH_0009,139
2c6e9c7d22ec2aa1cb35dbc0__PDFV2__CH_0010,195
2c6e9c7d22ec2aa1cb35dbc0__PDFV2__CH_0011,276
2c6e9c7d22ec2aa1cb35dbc0__PDFV2__CH_0012,222
2c6e9c7d22ec2aa1cb35dbc0__PDFV2__CH_0013,188
2c6e9c7d22ec2aa1cb35dbc0__PDFV2__CH_0014,134
2c8337c7b343578c6f695087__2c8337c7b343578c6f695087__SEG_0001__CH_001,126
2cc720047766a5458ffb2956__2cc720047766a5458ffb2956__SEG_0001__CH_001,468
2cc720047766a5458ffb2956__2cc720047766a5458ffb2956__SEG_0001__CH_002,1105
2cc720047766a5458ffb2956__2cc720047766a5458ffb2956__SEG_0001__CH_003,1184
2cc720047766a5458ffb2956__2cc720047766a5458ffb2956__SEG_0002__CH_001,3764
2cc720047766a5458ffb2956__2cc720047766a5458ffb2956__SEG_0002__CH_002,4419
2cc720047766a5458ffb2956__2cc720047766a5458ffb2956__SEG_0002__CH_003,1644
2cc720047766a5458ffb2956__2cc720047766a5458ffb2956__SEG_0003__CH_001,605
2cc720047766a5458ffb2956__2cc720047766a5458ffb2956__SEG_0003__CH_003,2037
2cc720047766a5458ffb2956__2cc720047766a5458ffb2956__SEG_0004__CH_001,558
2cc720047766a5458ffb2956__2cc720047766a5458ffb2956__SEG_0004__CH_002,892
2cc720047766a5458ffb2956__2cc720047766a5458ffb2956__SEG_0004__CH_003,2946
2d2afdcf47ce51d7c592559b__2d2afdcf47ce51d7c592559b__SEG_0001__CH_001,253
2d2afdcf47ce51d7c592559b__2d2afdcf47ce51d7c592559b__SEG_0001__CH_003,888
2d2afdcf47ce51d7c592559b__2d2afdcf47ce51d7c592559b__SEG_0001__CH_004,494
2d2afdcf47ce51d7c592559b__2d2afdcf47ce51d7c592559b__SEG_0001__CH_005,353
2d2afdcf47ce51d7c592559b__2d2afdcf47ce51d7c592559b__SEG_0001__CH_006,1362
2d2afdcf47ce51d7c592559b__2d2afdcf47ce51d7c592559b__SEG_0001__CH_007,197
2dbb5b5256d56625330fe291__2dbb5b5256d56625330fe291__SEG_0001__CH_001,405
2dbb5b5256d56625330fe291__2dbb5b5256d56625330fe291__SEG_0001__CH_002,122
2e0a70ed15d819d94b0c39a6__2e0a70ed15d819d94b0c39a6__SEG_0001__CH_001,150
2e714db0c9aefb41bccd6051__2e714db0c9aefb41bccd6051__SEG_0001__CH_001,94
2e714db0c9aefb41bccd6051__2e714db0c9aefb41bccd6051__SEG_0001__CH_002,268
2e714db0c9aefb41bccd6051__2e714db0c9aefb41bccd6051__SEG_0001__CH_003__M,648
2e714db0c9aefb41bccd6051__2e714db0c9aefb41bccd6051__SEG_0001__CH_005,1611
2e714db0c9aefb41bccd6051__2e714db0c9aefb41bccd6051__SEG_0001__CH_006,1134
2eb6bb94923cddae3031ea6d__2eb6bb94923cddae3031ea6d__SEG_0001__CH_001,496
2eb6bb94923cddae3031ea6d__2eb6bb94923cddae3031ea6d__SEG_0001__CH_002,3892
2eb6bb94923cddae3031ea6d__2eb6bb94923cddae3031ea6d__SEG_0001__CH_003,1768
2eb6bb94923cddae3031ea6d__2eb6bb94923cddae3031ea6d__SEG_0002__CH_001,235
2eb6bb94923cddae3031ea6d__2eb6bb94923cddae3031ea6d__SEG_0002__CH_002,942
2eb6bb94923cddae3031ea6d__2eb6bb94923cddae3031ea6d__SEG_0002__CH_003,673
2eb6bb94923cddae3031ea6d__2eb6bb94923cddae3031ea6d__SEG_0002__CH_004,781
2eb6bb94923cddae3031ea6d__2eb6bb94923cddae3031ea6d__SEG_0003__CH_001,798
2eb6bb94923cddae3031ea6d__2eb6bb94923cddae3031ea6d__SEG_0003__CH_002,1471
2eb6bb94923cddae3031ea6d__2eb6bb94923cddae3031ea6d__SEG_0003__CH_003,1043
2eb6bb94923cddae3031ea6d__2eb6bb94923cddae3031ea6d__SEG_0004__CH_001,1917
2eb6bb94923cddae3031ea6d__2eb6bb94923cddae3031ea6d__SEG_0004__CH_002,6507
2eb6bb94923cddae3031ea6d__2eb6bb94923cddae3031ea6d__SEG_0004__CH_003,2267
2eb6bb94923cddae3031ea6d__2eb6bb94923cddae3031ea6d__SEG_0005__CH_001,815
2eb74dada34856d0f6add8ed__2eb74dada34856d0f6add8ed__SEG_0001__CH_001,602
2eb74dada34856d0f6add8ed__2eb74dada34856d0f6add8ed__SEG_0001__CH_002,370
2ec528ece4d15b9ebe8c35d3__2ec528ece4d15b9ebe8c35d3__SEG_0001__CH_001,117
2ec528ece4d15b9ebe8c35d3__2ec528ece4d15b9ebe8c35d3__SEG_0001__CH_002,111
2ec528ece4d15b9ebe8c35d3__2ec528ece4d15b9ebe8c35d3__SEG_0001__CH_003,232
2ec528ece4d15b9ebe8c35d3__2ec528ece4d15b9ebe8c35d3__SEG_0001__CH_004,284
2ec528ece4d15b9ebe8c35d3__2ec528ece4d15b9ebe8c35d3__SEG_0001__CH_005,374
2ec528ece4d15b9ebe8c35d3__2ec528ece4d15b9ebe8c35d3__SEG_0001__CH_006,96
2ed03f828aac963e4893fd0d__PDFV2__CH_0002,277
2ed03f828aac963e4893fd0d__PDFV2__CH_0003,403
2ed03f828aac963e4893fd0d__PDFV2__CH_0004,173
2ed03f828aac963e4893fd0d__PDFV2__CH_0005,387
2ed03f828aac963e4893fd0d__PDFV2__CH_0006,174
2ed03f828aac963e4893fd0d__PDFV2__CH_0009,120
2ed03f828aac963e4893fd0d__PDFV2__CH_0010,135
2ed03f828aac963e4893fd0d__PDFV2__CH_0011,237
2ed03f828aac963e4893fd0d__PDFV2__CH_0012,97
2ed03f828aac963e4893fd0d__PDFV2__CH_0013,282
2ed03f828aac963e4893fd0d__PDFV2__CH_0014,71
2ed03f828aac963e4893fd0d__PDFV2__CH_0015__M,416
2ed03f828aac963e4893fd0d__PDFV2__CH_0017,218
2ed03f828aac963e4893fd0d__PDFV2__CH_0018,436
2ed03f828aac963e4893fd0d__PDFV2__CH_0019,311
2ed03f828aac963e4893fd0d__PDFV2__CH_0021,443
2ef5e4f8391f3f4657e11e8f__2ef5e4f8391f3f4657e11e8f__SEG_0001__CH_001,638
2ef5e4f8391f3f4657e11e8f__2ef5e4f8391f3f4657e11e8f__SEG_0001__CH_002,971
2ef5e4f8391f3f4657e11e8f__2ef5e4f8391f3f4657e11e8f__SEG_0001__CH_003,589
2ef5e4f8391f3f4657e11e8f__2ef5e4f8391f3f4657e11e8f__SEG_0001__CH_004,797
2efbbf2e18e13ae0009fde4a__PDFV2__CH_0001,380
2efbbf2e18e13ae0009fde4a__PDFV2__CH_0002,395
2efbbf2e18e13ae0009fde4a__PDFV2__CH_0003,173
2efbbf2e18e13ae0009fde4a__PDFV2__CH_0004,477
2efbbf2e18e13ae0009fde4a__PDFV2__CH_0005,308
2efbbf2e18e13ae0009fde4a__PDFV2__CH_0006,252
2efbbf2e18e13ae0009fde4a__PDFV2__CH_0007,424
2efbbf2e18e13ae0009fde4a__PDFV2__CH_0008,366
2efbbf2e18e13ae0009fde4a__PDFV2__CH_0009,273
2efbbf2e18e13ae0009fde4a__PDFV2__CH_0010,447
2efbbf2e18e13ae0009fde4a__PDFV2__CH_0011,52
2efbbf2e18e13ae0009fde4a__PDFV2__CH_0012,114
2efbbf2e18e13ae0009fde4a__PDFV2__CH_0013,103
2efbbf2e18e13ae0009fde4a__PDFV2__CH_0014,103
2efbbf2e18e13ae0009fde4a__PDFV2__CH_0017,149
2efbbf2e18e13ae0009fde4a__PDFV2__CH_0018,51
2efbbf2e18e13ae0009fde4a__PDFV2__CH_0019,131
2efbbf2e18e13ae0009fde4a__PDFV2__CH_0020,176
2efd63695e2db276042ec1e0__PDFV2__CH_0001,402
2efd63695e2db276042ec1e0__PDFV2__CH_0002,265
2efd63695e2db276042ec1e0__PDFV2__CH_0003,369
2efd63695e2db276042ec1e0__PDFV2__CH_0004,164
2f6c14106433e4348058261c__2f6c14106433e4348058261c__SEG_0001__CH_002,333
2f6c14106433e4348058261c__2f6c14106433e4348058261c__SEG_0001__CH_003,1226
2f6f5f4e6bb5fbab4fb89e84__2f6f5f4e6bb5fbab4fb89e84__SEG_0001__CH_001,103
2fa3cf6617c00e4a370c25c2__2fa3cf6617c00e4a370c25c2__SEG_0001__CH_001,219
2ffef5eb8a4f80451ae956e8__2ffef5eb8a4f80451ae956e8__SEG_0001__CH_001,254
2ffef5eb8a4f80451ae956e8__2ffef5eb8a4f80451ae956e8__SEG_0001__CH_002,102
30153636a72a629611bdeda5__PDFV2__CH_0001,294
30153636a72a629611bdeda5__PDFV2__CH_0002,215
302bc509d04b563140ebbb8c__PDFV2__CH_0001,444
302bc509d04b563140ebbb8c__PDFV2__CH_0002,353
3081c4f2003d22562dd8a750__PDFV2__CH_0001,344
3081c4f2003d22562dd8a750__PDFV2__CH_0002,267
3081c4f2003d22562dd8a750__PDFV2__CH_0003,323
3081c4f2003d22562dd8a750__PDFV2__CH_0004,306
3081c4f2003d22562dd8a750__PDFV2__CH_0005,227
3085ce98d0bad07dd96fab99__PDFV2__CH_0001,122
30910c2d1142d7f24701a7f4__30910c2d1142d7f24701a7f4__SEG_0001__CH_001,65
30910c2d1142d7f24701a7f4__30910c2d1142d7f24701a7f4__SEG_0001__CH_002,67
30910c2d1142d7f24701a7f4__30910c2d1142d7f24701a7f4__SEG_0001__CH_003,77
30910c2d1142d7f24701a7f4__30910c2d1142d7f24701a7f4__SEG_0001__CH_004,62
30910c2d1142d7f24701a7f4__30910c2d1142d7f24701a7f4__SEG_0001__CH_006,28
30910c2d1142d7f24701a7f4__30910c2d1142d7f24701a7f4__SEG_0001__CH_007,107
30910c2d1142d7f24701a7f4__30910c2d1142d7f24701a7f4__SEG_0001__CH_009,126
30f8967cb97952d364e855d3__PDFV2__CH_0001,459
30f8967cb97952d364e855d3__PDFV2__CH_0002,528
30f8967cb97952d364e855d3__PDFV2__CH_0003,408
30ff390f17e1f19824187631__30ff390f17e1f19824187631__SEG_0001__CH_001,239
311caa23ea5bd82500915c59__311caa23ea5bd82500915c59__SEG_0001__CH_001,251
311e546cd6dfd1732f042039__311e546cd6dfd1732f042039__SEG_0001__CH_001,303
311e546cd6dfd1732f042039__311e546cd6dfd1732f042039__SEG_0001__CH_002,550
311e546cd6dfd1732f042039__311e546cd6dfd1732f042039__SEG_0001__CH_003,210
312f0e2238da940f4e1ffc5d__312f0e2238da940f4e1ffc5d__SEG_0001__CH_001,543
312f0e2238da940f4e1ffc5d__312f0e2238da940f4e1ffc5d__SEG_0001__CH_002,793
312f0e2238da940f4e1ffc5d__312f0e2238da940f4e1ffc5d__SEG_0001__CH_003,865
312f0e2238da940f4e1ffc5d__312f0e2238da940f4e1ffc5d__SEG_0001__CH_004,346
312f0e2238da940f4e1ffc5d__312f0e2238da940f4e1ffc5d__SEG_0001__CH_005,1537
316a05e48cb1036b0d31a634__316a05e48cb1036b0d31a634__SEG_0001__CH_001,443
316a05e48cb1036b0d31a634__316a05e48cb1036b0d31a634__SEG_0001__CH_002,541
316a05e48cb1036b0d31a634__316a05e48cb1036b0d31a634__SEG_0001__CH_003,1191
316a05e48cb1036b0d31a634__316a05e48cb1036b0d31a634__SEG_0001__CH_004,606
316a05e48cb1036b0d31a634__316a05e48cb1036b0d31a634__SEG_0002__CH_001,340
316a05e48cb1036b0d31a634__316a05e48cb1036b0d31a634__SEG_0002__CH_002,510
317c97ac2aa63ab168aef2a9__PDFV2__CH_0001,256
317c97ac2aa63ab168aef2a9__PDFV2__CH_0002,407
317c97ac2aa63ab168aef2a9__PDFV2__CH_0003,480
317c97ac2aa63ab168aef2a9__PDFV2__CH_0004,324
317c97ac2aa63ab168aef2a9__PDFV2__CH_0006,586
317c97ac2aa63ab168aef2a9__PDFV2__CH_0007,408
317c97ac2aa63ab168aef2a9__PDFV2__CH_0008,279
31878a6b6b2478062047d79c__PDFV2__CH_0001,252
31878a6b6b2478062047d79c__PDFV2__CH_0002,296
319a078d52abafa6b4cc6880__319a078d52abafa6b4cc6880__SEG_0001__CH_001,551
319a078d52abafa6b4cc6880__319a078d52abafa6b4cc6880__SEG_0001__CH_002,741
319a078d52abafa6b4cc6880__319a078d52abafa6b4cc6880__SEG_0001__CH_003,749
319a078d52abafa6b4cc6880__319a078d52abafa6b4cc6880__SEG_0001__CH_004,252
319a078d52abafa6b4cc6880__319a078d52abafa6b4cc6880__SEG_0001__CH_005,383
319a078d52abafa6b4cc6880__319a078d52abafa6b4cc6880__SEG_0002__CH_001,184
319a078d52abafa6b4cc6880__319a078d52abafa6b4cc6880__SEG_0002__CH_002,336
319a078d52abafa6b4cc6880__319a078d52abafa6b4cc6880__SEG_0002__CH_003,478
319f21ba4b64af1d6eda9fc7__319f21ba4b64af1d6eda9fc7__SEG_0001__CH_001,107
31ca16d020f684ad0a47c16f__31ca16d020f684ad0a47c16f__SEG_0001__CH_001,312
31ca16d020f684ad0a47c16f__31ca16d020f684ad0a47c16f__SEG_0001__CH_002,176
321a36f112ef6865f7bb95bc__321a36f112ef6865f7bb95bc__SEG_0001__CH_001,195
321a36f112ef6865f7bb95bc__321a36f112ef6865f7bb95bc__SEG_0001__CH_002,325
327900f33bf205546ad59efe__327900f33bf205546ad59efe__SEG_0001__CH_002,69
327a69efbcc55a187d49bc84__327a69efbcc55a187d49bc84__SEG_0001__CH_001,251
327a69efbcc55a187d49bc84__327a69efbcc55a187d49bc84__SEG_0001__CH_002,307
327a69efbcc55a187d49bc84__327a69efbcc55a187d49bc84__SEG_0001__CH_003,384
327a69efbcc55a187d49bc84__327a69efbcc55a187d49bc84__SEG_0001__CH_004,743
327a69efbcc55a187d49bc84__327a69efbcc55a187d49bc84__SEG_0001__CH_005,1082
327a69efbcc55a187d49bc84__327a69efbcc55a187d49bc84__SEG_0001__CH_006,846
327a69efbcc55a187d49bc84__327a69efbcc55a187d49bc84__SEG_0002__CH_001,1169
327a69efbcc55a187d49bc84__327a69efbcc55a187d49bc84__SEG_0002__CH_002,631
32ac51bfac255d0d91807e78__32ac51bfac255d0d91807e78__SEG_0001__CH_001,344
32e11aeac697f670e75c2558__32e11aeac697f670e75c2558__SEG_0001__CH_001,105
32e11aeac697f670e75c2558__32e11aeac697f670e75c2558__SEG_0001__CH_002,848
32e11aeac697f670e75c2558__32e11aeac697f670e75c2558__SEG_0001__CH_003,549
32e11aeac697f670e75c2558__32e11aeac697f670e75c2558__SEG_0001__CH_004,345
32f5f7141293a65e95ef5218__PDFV2__CH_0001,321
32f5f7141293a65e95ef5218__PDFV2__CH_0002,542
32f5f7141293a65e95ef5218__PDFV2__CH_0003,274
32fcf4309b06a9dd3543d25b__32fcf4309b06a9dd3543d25b__SEG_0001__CH_001,150
32fcf4309b06a9dd3543d25b__32fcf4309b06a9dd3543d25b__SEG_0001__CH_002,112
32fcf4309b06a9dd3543d25b__32fcf4309b06a9dd3543d25b__SEG_0001__CH_004,215
32fcf4309b06a9dd3543d25b__32fcf4309b06a9dd3543d25b__SEG_0001__CH_005,211
332e6d12a084079da2e61144__332e6d12a084079da2e61144__SEG_0001__CH_001,88
333969bda424243390c92718__333969bda424243390c92718__SEG_0001__CH_001,368
33806c9fc16f5ce6967863ce__PDFV2__CH_0001,258
33806c9fc16f5ce6967863ce__PDFV2__CH_0002,436
33806c9fc16f5ce6967863ce__PDFV2__CH_0003,254
33806c9fc16f5ce6967863ce__PDFV2__CH_0004,259
33806c9fc16f5ce6967863ce__PDFV2__CH_0005,339
33806c9fc16f5ce6967863ce__PDFV2__CH_0006,122
33806c9fc16f5ce6967863ce__PDFV2__CH_0007,311
33806c9fc16f5ce6967863ce__PDFV2__CH_0008,438
33806c9fc16f5ce6967863ce__PDFV2__CH_0009,237
33806c9fc16f5ce6967863ce__PDFV2__CH_0010,455
33806c9fc16f5ce6967863ce__PDFV2__CH_0011,48
338bc4b190e8e71f1c95713e__338bc4b190e8e71f1c95713e__SEG_0001__CH_001,539
338bc4b190e8e71f1c95713e__338bc4b190e8e71f1c95713e__SEG_0001__CH_002,465
33f7588628e52722e6b42826__33f7588628e52722e6b42826__SEG_0001__CH_001,358
33f7588628e52722e6b42826__33f7588628e52722e6b42826__SEG_0001__CH_002,101
3467e311195fd00c537262bd__PDFV2__CH_0001,325
3467e311195fd00c537262bd__PDFV2__CH_0002,278
3467e311195fd00c537262bd__PDFV2__CH_0003,327
3467e311195fd00c537262bd__PDFV2__CH_0005,321
3467e311195fd00c537262bd__PDFV2__CH_0006,431
3467e311195fd00c537262bd__PDFV2__CH_0007,44
3467e311195fd00c537262bd__PDFV2__CH_0008,267
3467e311195fd00c537262bd__PDFV2__CH_0009,171
3467e311195fd00c537262bd__PDFV2__CH_0010,201
3467e311195fd00c537262bd__PDFV2__CH_0011__M,1034
3467e311195fd00c537262bd__PDFV2__CH_0013,95
3467e311195fd00c537262bd__PDFV2__CH_0014,438
3467e311195fd00c537262bd__PDFV2__CH_0015__M,1004
348cf2f16a6ef4f869127d3c__PDFV2__CH_0001,385
348cf2f16a6ef4f869127d3c__PDFV2__CH_0002,500
348cf2f16a6ef4f869127d3c__PDFV2__CH_0003,262
348cf2f16a6ef4f869127d3c__PDFV2__CH_0004,321
348cf2f16a6ef4f869127d3c__PDFV2__CH_0005,209
348cf2f16a6ef4f869127d3c__PDFV2__CH_0006,364
348cf2f16a6ef4f869127d3c__PDFV2__CH_0007,144
348cf2f16a6ef4f869127d3c__PDFV2__CH_0008,463
348cf2f16a6ef4f869127d3c__PDFV2__CH_0009,396
348cf2f16a6ef4f869127d3c__PDFV2__CH_0010,667
348cf2f16a6ef4f869127d3c__PDFV2__CH_0011,90
348cf2f16a6ef4f869127d3c__PDFV2__CH_0012,220
348cf2f16a6ef4f869127d3c__PDFV2__CH_0013,128
348cf2f16a6ef4f869127d3c__PDFV2__CH_0014,265
348cf2f16a6ef4f869127d3c__PDFV2__CH_0015,196
348cf2f16a6ef4f869127d3c__PDFV2__CH_0016,274
348cf2f16a6ef4f869127d3c__PDFV2__CH_0017,343
34b1845b35fd2874dc61e1cf__PDFV2__CH_0003,648
34b1845b35fd2874dc61e1cf__PDFV2__CH_0004,235
34b1845b35fd2874dc61e1cf__PDFV2__CH_0007,490
34b1845b35fd2874dc61e1cf__PDFV2__CH_0008,248
34b1845b35fd2874dc61e1cf__PDFV2__CH_0009,734
34b1845b35fd2874dc61e1cf__PDFV2__CH_0010,599
34b1845b35fd2874dc61e1cf__PDFV2__CH_0011,658
34b1845b35fd2874dc61e1cf__PDFV2__CH_0012,462
34b1845b35fd2874dc61e1cf__PDFV2__CH_0013,366
34b1845b35fd2874dc61e1cf__PDFV2__CH_0014,471
34b1845b35fd2874dc61e1cf__PDFV2__CH_0015,453
34b1845b35fd2874dc61e1cf__PDFV2__CH_0016,386
34b1845b35fd2874dc61e1cf__PDFV2__CH_0017,501
34b1845b35fd2874dc61e1cf__PDFV2__CH_0018,226
34b1845b35fd2874dc61e1cf__PDFV2__CH_0019,862
34b1845b35fd2874dc61e1cf__PDFV2__CH_0020,722
34b1845b35fd2874dc61e1cf__PDFV2__CH_0021,545
34b1845b35fd2874dc61e1cf__PDFV2__CH_0022,640
34b1845b35fd2874dc61e1cf__PDFV2__CH_0023,783
34b1845b35fd2874dc61e1cf__PDFV2__CH_0024,742
34b1845b35fd2874dc61e1cf__PDFV2__CH_0025,711
34b1845b35fd2874dc61e1cf__PDFV2__CH_0026,285
34b1845b35fd2874dc61e1cf__PDFV2__CH_0027,390
34b1845b35fd2874dc61e1cf__PDFV2__CH_0028,621
34b1845b35fd2874dc61e1cf__PDFV2__CH_0029,512
34b1845b35fd2874dc61e1cf__PDFV2__CH_0030,211
34b1845b35fd2874dc61e1cf__PDFV2__CH_0031,377
34b1845b35fd2874dc61e1cf__PDFV2__CH_0032,302
34b1845b35fd2874dc61e1cf__PDFV2__CH_0033,337
34b1845b35fd2874dc61e1cf__PDFV2__CH_0034,345
34b1845b35fd2874dc61e1cf__PDFV2__CH_0035,542
34b1845b35fd2874dc61e1cf__PDFV2__CH_0036,222
34b1845b35fd2874dc61e1cf__PDFV2__CH_0037,309
34b1845b35fd2874dc61e1cf__PDFV2__CH_0038,600
34b1845b35fd2874dc61e1cf__PDFV2__CH_0039,519
34b1845b35fd2874dc61e1cf__PDFV2__CH_0040,537
34b1845b35fd2874dc61e1cf__PDFV2__CH_0041,636
34b1845b35fd2874dc61e1cf__PDFV2__CH_0042,640
34b1845b35fd2874dc61e1cf__PDFV2__CH_0043,661
34b1845b35fd2874dc61e1cf__PDFV2__CH_0044,556
34b1845b35fd2874dc61e1cf__PDFV2__CH_0046,754
34b1845b35fd2874dc61e1cf__PDFV2__CH_0047,530
34b1845b35fd2874dc61e1cf__PDFV2__CH_0048,594
34b1845b35fd2874dc61e1cf__PDFV2__CH_0049,564
34b1845b35fd2874dc61e1cf__PDFV2__CH_0050,622
34b1845b35fd2874dc61e1cf__PDFV2__CH_0051,621
34b1845b35fd2874dc61e1cf__PDFV2__CH_0053,227
34b1845b35fd2874dc61e1cf__PDFV2__CH_0054,200
34b1845b35fd2874dc61e1cf__PDFV2__CH_0055,149
34b1845b35fd2874dc61e1cf__PDFV2__CH_0056,278
34b1845b35fd2874dc61e1cf__PDFV2__CH_0059,489
34d26b6d644bf39244cfe964__34d26b6d644bf39244cfe964__SEG_0001__CH_001,75
34d26b6d644bf39244cfe964__34d26b6d644bf39244cfe964__SEG_0001__CH_002,162
34d26b6d644bf39244cfe964__34d26b6d644bf39244cfe964__SEG_0001__CH_003,307
34d26b6d644bf39244cfe964__34d26b6d644bf39244cfe964__SEG_0001__CH_004,555
34d26b6d644bf39244cfe964__34d26b6d644bf39244cfe964__SEG_0001__CH_005,274
352bf8380b58fd2765643224__PDFV2__CH_0001,364
352bf8380b58fd2765643224__PDFV2__CH_0002,248
353b69ab3ad3d48bfdfc42ea__PDFV2__CH_0001,418
353b69ab3ad3d48bfdfc42ea__PDFV2__CH_0002,408
353b69ab3ad3d48bfdfc42ea__PDFV2__CH_0003,213
353b69ab3ad3d48bfdfc42ea__PDFV2__CH_0004,654
353b69ab3ad3d48bfdfc42ea__PDFV2__CH_0005,220
354f7cb47cc37ad71d24404a__354f7cb47cc37ad71d24404a__SEG_0001__CH_001,334
354f7cb47cc37ad71d24404a__354f7cb47cc37ad71d24404a__SEG_0001__CH_002,250
354f7cb47cc37ad71d24404a__354f7cb47cc37ad71d24404a__SEG_0001__CH_003,233
354f7cb47cc37ad71d24404a__354f7cb47cc37ad71d24404a__SEG_0001__CH_004,468
35535610b3a4d8092d3140fc__35535610b3a4d8092d3140fc__SEG_0001__CH_001,149
35535610b3a4d8092d3140fc__35535610b3a4d8092d3140fc__SEG_0001__CH_002,189
35535610b3a4d8092d3140fc__35535610b3a4d8092d3140fc__SEG_0001__CH_003,354
35535610b3a4d8092d3140fc__35535610b3a4d8092d3140fc__SEG_0001__CH_004,199
35535610b3a4d8092d3140fc__35535610b3a4d8092d3140fc__SEG_0001__CH_005,102
3554428ff8d3c1858d246969__3554428ff8d3c1858d246969__SEG_0001__CH_001,2168
3554428ff8d3c1858d246969__3554428ff8d3c1858d246969__SEG_0001__CH_002,1381
3554428ff8d3c1858d246969__3554428ff8d3c1858d246969__SEG_0002__CH_001,361
3582e8bba7a0e874ce9a2592__PDFV2__CH_0001,265
3582e8bba7a0e874ce9a2592__PDFV2__CH_0002,168
3582e8bba7a0e874ce9a2592__PDFV2__CH_0003,270
3582e8bba7a0e874ce9a2592__PDFV2__CH_0004,279
3582e8bba7a0e874ce9a2592__PDFV2__CH_0005,254
3582e8bba7a0e874ce9a2592__PDFV2__CH_0006,229
3582e8bba7a0e874ce9a2592__PDFV2__CH_0007,184
35e333fb28203510767bcf76__35e333fb28203510767bcf76__SEG_0001__CH_001,167
35e333fb28203510767bcf76__35e333fb28203510767bcf76__SEG_0001__CH_002,115
3609c120a3e11b18e2707e62__3609c120a3e11b18e2707e62__SEG_0001__CH_001,716
3609c120a3e11b18e2707e62__3609c120a3e11b18e2707e62__SEG_0001__CH_002,1308
3609c120a3e11b18e2707e62__3609c120a3e11b18e2707e62__SEG_0001__CH_003,991
3609c120a3e11b18e2707e62__3609c120a3e11b18e2707e62__SEG_0001__CH_004,218
360cef4d30740456be8a1e7f__360cef4d30740456be8a1e7f__SEG_0001__CH_001,233
360cef4d30740456be8a1e7f__360cef4d30740456be8a1e7f__SEG_0001__CH_002,197
361a557f541e995ff62144fe__361a557f541e995ff62144fe__SEG_0001__CH_001,793
361a557f541e995ff62144fe__361a557f541e995ff62144fe__SEG_0001__CH_002,732
36228f881bf04d9d7c78b620__36228f881bf04d9d7c78b620__SEG_0001__CH_002,1741
3630e6b8a4335c18be1b188e__PDFV2__CH_0001,328
3630e6b8a4335c18be1b188e__PDFV2__CH_0002,359
3630e6b8a4335c18be1b188e__PDFV2__CH_0003,162
36320624e6635ec24a01b98e__36320624e6635ec24a01b98e__SEG_0001__CH_002,654
36320624e6635ec24a01b98e__36320624e6635ec24a01b98e__SEG_0001__CH_003,183
36320624e6635ec24a01b98e__36320624e6635ec24a01b98e__SEG_0001__CH_004,547
3649a24c631407d99cddc396__3649a24c631407d99cddc396__SEG_0001__CH_001,934
3649a24c631407d99cddc396__3649a24c631407d99cddc396__SEG_0001__CH_002,615
3649a24c631407d99cddc396__3649a24c631407d99cddc396__SEG_0001__CH_003,356
36600b7dfd5d078bdf36c9b3__36600b7dfd5d078bdf36c9b3__SEG_0001__CH_001,424
36600b7dfd5d078bdf36c9b3__36600b7dfd5d078bdf36c9b3__SEG_0001__CH_002,350
36600b7dfd5d078bdf36c9b3__36600b7dfd5d078bdf36c9b3__SEG_0001__CH_004,1321
36600b7dfd5d078bdf36c9b3__36600b7dfd5d078bdf36c9b3__SEG_0001__CH_005,726
36600b7dfd5d078bdf36c9b3__36600b7dfd5d078bdf36c9b3__SEG_0002__CH_001,635
36600b7dfd5d078bdf36c9b3__36600b7dfd5d078bdf36c9b3__SEG_0002__CH_002,841
36600b7dfd5d078bdf36c9b3__36600b7dfd5d078bdf36c9b3__SEG_0002__CH_003,1193
36600b7dfd5d078bdf36c9b3__36600b7dfd5d078bdf36c9b3__SEG_0003__CH_001,1030
36600b7dfd5d078bdf36c9b3__36600b7dfd5d078bdf36c9b3__SEG_0003__CH_002,1725
36600b7dfd5d078bdf36c9b3__36600b7dfd5d078bdf36c9b3__SEG_0004__CH_001,850
36600b7dfd5d078bdf36c9b3__36600b7dfd5d078bdf36c9b3__SEG_0004__CH_002,746
36600b7dfd5d078bdf36c9b3__36600b7dfd5d078bdf36c9b3__SEG_0004__CH_003,1011
36600b7dfd5d078bdf36c9b3__36600b7dfd5d078bdf36c9b3__SEG_0005__CH_001,476
36600b7dfd5d078bdf36c9b3__36600b7dfd5d078bdf36c9b3__SEG_0005__CH_002,835
36600b7dfd5d078bdf36c9b3__36600b7dfd5d078bdf36c9b3__SEG_0005__CH_003,687
36600b7dfd5d078bdf36c9b3__36600b7dfd5d078bdf36c9b3__SEG_0005__CH_004,710
36600b7dfd5d078bdf36c9b3__36600b7dfd5d078bdf36c9b3__SEG_0006__CH_001,2079
36b11d7355bdc9e1c194eaf9__36b11d7355bdc9e1c194eaf9__SEG_0001__CH_001,569
36b11d7355bdc9e1c194eaf9__36b11d7355bdc9e1c194eaf9__SEG_0001__CH_002,1392
36b11d7355bdc9e1c194eaf9__36b11d7355bdc9e1c194eaf9__SEG_0001__CH_003,777
36b11d7355bdc9e1c194eaf9__36b11d7355bdc9e1c194eaf9__SEG_0001__CH_004,1616
36f4f7ec897ea8d33abcf071__36f4f7ec897ea8d33abcf071__SEG_0001__CH_001,171
36f4f7ec897ea8d33abcf071__36f4f7ec897ea8d33abcf071__SEG_0001__CH_002,171
372e25918c9f5456bdc5fb21__372e25918c9f5456bdc5fb21__SEG_0001__CH_001,179
372e25918c9f5456bdc5fb21__372e25918c9f5456bdc5fb21__SEG_0001__CH_002,308
372e25918c9f5456bdc5fb21__372e25918c9f5456bdc5fb21__SEG_0001__CH_003,155
377b3ceccfdeada16e679618__377b3ceccfdeada16e679618__SEG_0001__CH_001,545
377b3ceccfdeada16e679618__377b3ceccfdeada16e679618__SEG_0001__CH_002,292
377b3ceccfdeada16e679618__377b3ceccfdeada16e679618__SEG_0001__CH_003,278
377b3ceccfdeada16e679618__377b3ceccfdeada16e679618__SEG_0001__CH_004,386
377b3ceccfdeada16e679618__377b3ceccfdeada16e679618__SEG_0001__CH_006,1558
377b3ceccfdeada16e679618__377b3ceccfdeada16e679618__SEG_0001__CH_007,121
377b3ceccfdeada16e679618__377b3ceccfdeada16e679618__SEG_0002__CH_001,740
377b3ceccfdeada16e679618__377b3ceccfdeada16e679618__SEG_0002__CH_002,1063
377b3ceccfdeada16e679618__377b3ceccfdeada16e679618__SEG_0002__CH_003,1559
377b3ceccfdeada16e679618__377b3ceccfdeada16e679618__SEG_0003__CH_001,887
377b3ceccfdeada16e679618__377b3ceccfdeada16e679618__SEG_0003__CH_002,2806
377b3ceccfdeada16e679618__377b3ceccfdeada16e679618__SEG_0004__CH_001,350
377b3ceccfdeada16e679618__377b3ceccfdeada16e679618__SEG_0004__CH_002,737
377b3ceccfdeada16e679618__377b3ceccfdeada16e679618__SEG_0004__CH_003,2716
377b3ceccfdeada16e679618__377b3ceccfdeada16e679618__SEG_0004__CH_004,897
377b3ceccfdeada16e679618__377b3ceccfdeada16e679618__SEG_0005__CH_001,415
377b3ceccfdeada16e679618__377b3ceccfdeada16e679618__SEG_0005__CH_002,822
377cefe9ab7accadad91f578__377cefe9ab7accadad91f578__SEG_0001__CH_001,354
377cefe9ab7accadad91f578__377cefe9ab7accadad91f578__SEG_0001__CH_002,581
377cefe9ab7accadad91f578__377cefe9ab7accadad91f578__SEG_0001__CH_003,1086
377cefe9ab7accadad91f578__377cefe9ab7accadad91f578__SEG_0001__CH_004,899
377cefe9ab7accadad91f578__377cefe9ab7accadad91f578__SEG_0001__CH_005,791
377cefe9ab7accadad91f578__377cefe9ab7accadad91f578__SEG_0001__CH_006,1206
377cefe9ab7accadad91f578__377cefe9ab7accadad91f578__SEG_0001__CH_007,1284
377cefe9ab7accadad91f578__377cefe9ab7accadad91f578__SEG_0001__CH_008,778
37c3d88b43ad1efd428169dd__PDFV2__CH_0001,402
37c3d88b43ad1efd428169dd__PDFV2__CH_0002,501
37c3d88b43ad1efd428169dd__PDFV2__CH_0003,338
37c3d88b43ad1efd428169dd__PDFV2__CH_0004,324
37c3d88b43ad1efd428169dd__PDFV2__CH_0005,581
37f6dc994a51b1261a182233__37f6dc994a51b1261a182233__SEG_0001__CH_002,571
38272880fb6c962bf4fec9cc__38272880fb6c962bf4fec9cc__SEG_0001__CH_001,358
38275835aaf61c29c963bbb0__38275835aaf61c29c963bbb0__SEG_0001__CH_001,133
38275835aaf61c29c963bbb0__38275835aaf61c29c963bbb0__SEG_0001__CH_002,712
38275835aaf61c29c963bbb0__38275835aaf61c29c963bbb0__SEG_0001__CH_003,777
38275835aaf61c29c963bbb0__38275835aaf61c29c963bbb0__SEG_0001__CH_004__S1,659
38275835aaf61c29c963bbb0__38275835aaf61c29c963bbb0__SEG_0001__CH_004__S2,939
38275835aaf61c29c963bbb0__38275835aaf61c29c963bbb0__SEG_0001__CH_004__S3,364
38275835aaf61c29c963bbb0__38275835aaf61c29c963bbb0__SEG_0001__CH_004__S4,1274
38275835aaf61c29c963bbb0__38275835aaf61c29c963bbb0__SEG_0001__CH_005,1767
38275835aaf61c29c963bbb0__38275835aaf61c29c963bbb0__SEG_0001__CH_006,1202
38275835aaf61c29c963bbb0__38275835aaf61c29c963bbb0__SEG_0002__CH_001,113
38275835aaf61c29c963bbb0__38275835aaf61c29c963bbb0__SEG_0002__CH_002,195
38275835aaf61c29c963bbb0__38275835aaf61c29c963bbb0__SEG_0002__CH_003,95
38275835aaf61c29c963bbb0__38275835aaf61c29c963bbb0__SEG_0002__CH_004,123
38275835aaf61c29c963bbb0__38275835aaf61c29c963bbb0__SEG_0002__CH_005,1309
38275835aaf61c29c963bbb0__38275835aaf61c29c963bbb0__SEG_0002__CH_006,2367
389c24a4cec412c2a534c8ca__389c24a4cec412c2a534c8ca__SEG_0001__CH_001,228
390fa8e4c15adc49f3b2ddde__PDFV2__CH_0001,641
390fa8e4c15adc49f3b2ddde__PDFV2__CH_0002,422
390fa8e4c15adc49f3b2ddde__PDFV2__CH_0003,374
390fa8e4c15adc49f3b2ddde__PDFV2__CH_0004,362
390fa8e4c15adc49f3b2ddde__PDFV2__CH_0005,454
390fa8e4c15adc49f3b2ddde__PDFV2__CH_0006,316
390fa8e4c15adc49f3b2ddde__PDFV2__CH_0007,240
390fa8e4c15adc49f3b2ddde__PDFV2__CH_0008,349
391d7bc720a63c09319a4cee__391d7bc720a63c09319a4cee__SEG_0001__CH_001,1001
391d7bc720a63c09319a4cee__391d7bc720a63c09319a4cee__SEG_0001__CH_002,850
391d7bc720a63c09319a4cee__391d7bc720a63c09319a4cee__SEG_0001__CH_003,372
3a1023ee13689a1d4d155cf8__3a1023ee13689a1d4d155cf8__SEG_0001__CH_001,164
3a1023ee13689a1d4d155cf8__3a1023ee13689a1d4d155cf8__SEG_0001__CH_002,143
3a1023ee13689a1d4d155cf8__3a1023ee13689a1d4d155cf8__SEG_0001__CH_003,28
3a1023ee13689a1d4d155cf8__3a1023ee13689a1d4d155cf8__SEG_0001__CH_004,177
3a215c8005533fd9e16c3c6f__3a215c8005533fd9e16c3c6f__SEG_0001__CH_001,242
3a53f52343e4e4770e753085__3a53f52343e4e4770e753085__SEG_0001__CH_002,157
3a53f52343e4e4770e753085__3a53f52343e4e4770e753085__SEG_0001__CH_003,165
3a53f52343e4e4770e753085__3a53f52343e4e4770e753085__SEG_0001__CH_004,419
3a53f52343e4e4770e753085__3a53f52343e4e4770e753085__SEG_0001__CH_005,341
3a53f52343e4e4770e753085__3a53f52343e4e4770e753085__SEG_0001__CH_006,626
3a53f52343e4e4770e753085__3a53f52343e4e4770e753085__SEG_0001__CH_007,150
3b00ab6bd77c0dfe464bb0bd__3b00ab6bd77c0dfe464bb0bd__SEG_0001__CH_002,206
3b2b3142d2c1792fd5736e72__3b2b3142d2c1792fd5736e72__SEG_0001__CH_001,288
3b2b3142d2c1792fd5736e72__3b2b3142d2c1792fd5736e72__SEG_0001__CH_002,140
3b8c58b79b9972b2152156cd__PDFV2__CH_0001,373
3b8c58b79b9972b2152156cd__PDFV2__CH_0002,313
3b8c58b79b9972b2152156cd__PDFV2__CH_0003,331
3b8c58b79b9972b2152156cd__PDFV2__CH_0004,334
3b8c58b79b9972b2152156cd__PDFV2__CH_0005,239
3b8c58b79b9972b2152156cd__PDFV2__CH_0006,290
3b8c58b79b9972b2152156cd__PDFV2__CH_0007,361
3b8c58b79b9972b2152156cd__PDFV2__CH_0008,448
3b8c58b79b9972b2152156cd__PDFV2__CH_0009,306
3b8c58b79b9972b2152156cd__PDFV2__CH_0010__M,768
3bb7b603978425c49f51c8ed__3bb7b603978425c49f51c8ed__SEG_0001__CH_001,246
3bb7b603978425c49f51c8ed__3bb7b603978425c49f51c8ed__SEG_0001__CH_002,139
3be575c25fb2bc5b69a5d187__PDFV2__CH_0002,601
3c2b86e28c7739a3589106e7__3c2b86e28c7739a3589106e7__SEG_0001__CH_001,195
3c2b86e28c7739a3589106e7__3c2b86e28c7739a3589106e7__SEG_0001__CH_002,358
3c2b86e28c7739a3589106e7__3c2b86e28c7739a3589106e7__SEG_0001__CH_004,92
3c2b86e28c7739a3589106e7__3c2b86e28c7739a3589106e7__SEG_0001__CH_005,326
3c7c183048e693165eea8df7__3c7c183048e693165eea8df7__SEG_0001__CH_002,191
3c7c183048e693165eea8df7__3c7c183048e693165eea8df7__SEG_0001__CH_003,318
3c7fdc9eb00a1090618e505f__PDFV2__CH_0004,224
3c7fdc9eb00a1090618e505f__PDFV2__CH_0007__M,957
3c7fdc9eb00a1090618e505f__PDFV2__CH_0010,103
3c7fdc9eb00a1090618e505f__PDFV2__CH_0012,390
3c9915e0e2cb9f295d1ee886__3c9915e0e2cb9f295d1ee886__SEG_0001__CH_001,941
3c9915e0e2cb9f295d1ee886__3c9915e0e2cb9f295d1ee886__SEG_0001__CH_002,2635
3c9915e0e2cb9f295d1ee886__3c9915e0e2cb9f295d1ee886__SEG_0001__CH_003,312
3c9915e0e2cb9f295d1ee886__3c9915e0e2cb9f295d1ee886__SEG_0002__CH_001,1248
3ccb8593f98571b9bb56470f__PDFV2__CH_0003,420
3d1483a3663b3e3e9401c930__PDFV2__CH_0002,262
3d1483a3663b3e3e9401c930__PDFV2__CH_0003,316
3d1483a3663b3e3e9401c930__PDFV2__CH_0004,382
3d1483a3663b3e3e9401c930__PDFV2__CH_0005,242
3d1483a3663b3e3e9401c930__PDFV2__CH_0006,569
3d1483a3663b3e3e9401c930__PDFV2__CH_0007,419
3d1483a3663b3e3e9401c930__PDFV2__CH_0008,354
3d1483a3663b3e3e9401c930__PDFV2__CH_0009,441
3d1483a3663b3e3e9401c930__PDFV2__CH_0010,164
3d1483a3663b3e3e9401c930__PDFV2__CH_0011,163
3d1483a3663b3e3e9401c930__PDFV2__CH_0012,108
3d1bc3178e977fb616c67761__3d1bc3178e977fb616c67761__SEG_0001__CH_001,125
3d2b26ab5eb722047d1e5471__PDFV2__CH_0001,248
3d2b26ab5eb722047d1e5471__PDFV2__CH_0002,225
3d2b26ab5eb722047d1e5471__PDFV2__CH_0003,238
3d2b26ab5eb722047d1e5471__PDFV2__CH_0004,271
3d2b26ab5eb722047d1e5471__PDFV2__CH_0005,220
3d2b26ab5eb722047d1e5471__PDFV2__CH_0006,215
3d2b26ab5eb722047d1e5471__PDFV2__CH_0007,279
3d2b26ab5eb722047d1e5471__PDFV2__CH_0008,233
3d2b26ab5eb722047d1e5471__PDFV2__CH_0009,194
3d2b26ab5eb722047d1e5471__PDFV2__CH_0010,164
3d2b26ab5eb722047d1e5471__PDFV2__CH_0011__M,745
3d2b26ab5eb722047d1e5471__PDFV2__CH_0013,331
3d2b26ab5eb722047d1e5471__PDFV2__CH_0014,346
3d2b26ab5eb722047d1e5471__PDFV2__CH_0015,298
3d2b26ab5eb722047d1e5471__PDFV2__CH_0016,258
3d2b26ab5eb722047d1e5471__PDFV2__CH_0017,321
3d2b26ab5eb722047d1e5471__PDFV2__CH_0020,241
3d2b26ab5eb722047d1e5471__PDFV2__CH_0021,364
3d5cb2b0c2c54df820a10b62__3d5cb2b0c2c54df820a10b62__SEG_0001__CH_001,780
3d7664edc5fc9c9e688d2e51__3d7664edc5fc9c9e688d2e51__SEG_0001__CH_001,269
3d7664edc5fc9c9e688d2e51__3d7664edc5fc9c9e688d2e51__SEG_0001__CH_002,382
3d7664edc5fc9c9e688d2e51__3d7664edc5fc9c9e688d2e51__SEG_0001__CH_003,197
3d8258188ee567cfbb8a0173__PDFV2__CH_0001,393
3d8258188ee567cfbb8a0173__PDFV2__CH_0002,269
3d8258188ee567cfbb8a0173__PDFV2__CH_0003,455
3d8258188ee567cfbb8a0173__PDFV2__CH_0004,266
3d8258188ee567cfbb8a0173__PDFV2__CH_0005,411
3d8258188ee567cfbb8a0173__PDFV2__CH_0006,237
3d8258188ee567cfbb8a0173__PDFV2__CH_0007,350
3d8258188ee567cfbb8a0173__PDFV2__CH_0008,280
3d8258188ee567cfbb8a0173__PDFV2__CH_0009,366
3d8258188ee567cfbb8a0173__PDFV2__CH_0010,548
3d8258188ee567cfbb8a0173__PDFV2__CH_0011,410
3d8258188ee567cfbb8a0173__PDFV2__CH_0012,198
3da17f2492750892a0a0e618__3da17f2492750892a0a0e618__SEG_0001__CH_001,527
3da17f2492750892a0a0e618__3da17f2492750892a0a0e618__SEG_0001__CH_002,1212
3da17f2492750892a0a0e618__3da17f2492750892a0a0e618__SEG_0001__CH_003,892
3da17f2492750892a0a0e618__3da17f2492750892a0a0e618__SEG_0002__CH_001,50
3da17f2492750892a0a0e618__3da17f2492750892a0a0e618__SEG_0002__CH_002,104
3da17f2492750892a0a0e618__3da17f2492750892a0a0e618__SEG_0002__CH_003,108
3dbb39f2f8dc6645c34ec496__3dbb39f2f8dc6645c34ec496__SEG_0001__CH_001,143
3dbb39f2f8dc6645c34ec496__3dbb39f2f8dc6645c34ec496__SEG_0001__CH_002,508
3dbb39f2f8dc6645c34ec496__3dbb39f2f8dc6645c34ec496__SEG_0001__CH_003,98
3dbb39f2f8dc6645c34ec496__3dbb39f2f8dc6645c34ec496__SEG_0001__CH_004,391
3dbb39f2f8dc6645c34ec496__3dbb39f2f8dc6645c34ec496__SEG_0001__CH_005,658
3dbb39f2f8dc6645c34ec496__3dbb39f2f8dc6645c34ec496__SEG_0001__CH_006,89
3e093782591167636620c64a__PDFV2__CH_0001,420
3e093782591167636620c64a__PDFV2__CH_0003,564
3e093782591167636620c64a__PDFV2__CH_0004,425
3e093782591167636620c64a__PDFV2__CH_0005,300
3e093782591167636620c64a__PDFV2__CH_0006,294
3e093782591167636620c64a__PDFV2__CH_0007,221
3e093782591167636620c64a__PDFV2__CH_0008,209
3e093782591167636620c64a__PDFV2__CH_0009,159
3e093782591167636620c64a__PDFV2__CH_0010,171
3e093782591167636620c64a__PDFV2__CH_0011,320
3e093782591167636620c64a__PDFV2__CH_0012,188
3e093782591167636620c64a__PDFV2__CH_0013,268
3e093782591167636620c64a__PDFV2__CH_0014,217
3e0f800aef10a6b7f6e9a8ad__3e0f800aef10a6b7f6e9a8ad__SEG_0001__CH_001,285
3e0f800aef10a6b7f6e9a8ad__3e0f800aef10a6b7f6e9a8ad__SEG_0001__CH_002,448
3e378e8148a2b291ce35f5e3__3e378e8148a2b291ce35f5e3__SEG_0001__CH_001,372
3e378e8148a2b291ce35f5e3__3e378e8148a2b291ce35f5e3__SEG_0001__CH_002,158
3e437eba69e1f9333eacbd92__3e437eba69e1f9333eacbd92__SEG_0001__CH_001,349
3e88768c41424540f7563aa7__3e88768c41424540f7563aa7__SEG_0001__CH_001,95
3e88768c41424540f7563aa7__3e88768c41424540f7563aa7__SEG_0001__CH_002,255
3e88768c41424540f7563aa7__3e88768c41424540f7563aa7__SEG_0001__CH_003,54
3e88768c41424540f7563aa7__3e88768c41424540f7563aa7__SEG_0001__CH_004,34
3e88768c41424540f7563aa7__3e88768c41424540f7563aa7__SEG_0001__CH_005,84
3e88768c41424540f7563aa7__3e88768c41424540f7563aa7__SEG_0001__CH_008,118
3e8a87d22106f571c96035bc__PDFV2__CH_0001,148
3e8a87d22106f571c96035bc__PDFV2__CH_0002,166
3e8a87d22106f571c96035bc__PDFV2__CH_0003,93
3e8a87d22106f571c96035bc__PDFV2__CH_0004,105
3e8a87d22106f571c96035bc__PDFV2__CH_0005,260
3e8a87d22106f571c96035bc__PDFV2__CH_0006,99
3ea4540ad5a4eeabfe2ed459__3ea4540ad5a4eeabfe2ed459__SEG_0001__CH_001,505
3ea4540ad5a4eeabfe2ed459__3ea4540ad5a4eeabfe2ed459__SEG_0001__CH_002,1086
3ea4540ad5a4eeabfe2ed459__3ea4540ad5a4eeabfe2ed459__SEG_0001__CH_003,970
3ea4540ad5a4eeabfe2ed459__3ea4540ad5a4eeabfe2ed459__SEG_0001__CH_004,951
3ea536da835e800dda2d7f43__PDFV2__CH_0002,519
3ea536da835e800dda2d7f43__PDFV2__CH_0003,194
3ea536da835e800dda2d7f43__PDFV2__CH_0004,206
3ea536da835e800dda2d7f43__PDFV2__CH_0005,255
3ea536da835e800dda2d7f43__PDFV2__CH_0006,266
3ea536da835e800dda2d7f43__PDFV2__CH_0007,376
3ea536da835e800dda2d7f43__PDFV2__CH_0008,355
3ea536da835e800dda2d7f43__PDFV2__CH_0009,351
3ea536da835e800dda2d7f43__PDFV2__CH_0010,328
3ea536da835e800dda2d7f43__PDFV2__CH_0011,583
3ea536da835e800dda2d7f43__PDFV2__CH_0012,555
3ea536da835e800dda2d7f43__PDFV2__CH_0013,608
3ea536da835e800dda2d7f43__PDFV2__CH_0014,327
3ea536da835e800dda2d7f43__PDFV2__CH_0015,531
3ea536da835e800dda2d7f43__PDFV2__CH_0016,229
3ea536da835e800dda2d7f43__PDFV2__CH_0017,341
3ea536da835e800dda2d7f43__PDFV2__CH_0018,174
3ea536da835e800dda2d7f43__PDFV2__CH_0019__M,414
3ea536da835e800dda2d7f43__PDFV2__CH_0021,179
3ea536da835e800dda2d7f43__PDFV2__CH_0022,119
3ea536da835e800dda2d7f43__PDFV2__CH_0023,101
3ea536da835e800dda2d7f43__PDFV2__CH_0024,260
3ea536da835e800dda2d7f43__PDFV2__CH_0025,234
3ea536da835e800dda2d7f43__PDFV2__CH_0026,586
3ea536da835e800dda2d7f43__PDFV2__CH_0027,415
3ea536da835e800dda2d7f43__PDFV2__CH_0028,345
3ea536da835e800dda2d7f43__PDFV2__CH_0029,533
3ea536da835e800dda2d7f43__PDFV2__CH_0030,530
3ea536da835e800dda2d7f43__PDFV2__CH_0031,496
3ea536da835e800dda2d7f43__PDFV2__CH_0032,580
3ea536da835e800dda2d7f43__PDFV2__CH_0033,515
3ea536da835e800dda2d7f43__PDFV2__CH_0034,605
3ea536da835e800dda2d7f43__PDFV2__CH_0035,602
3ea536da835e800dda2d7f43__PDFV2__CH_0036,502
3ea536da835e800dda2d7f43__PDFV2__CH_0037,582
3ea536da835e800dda2d7f43__PDFV2__CH_0038,175
3ea536da835e800dda2d7f43__PDFV2__CH_0039,417
3ea536da835e800dda2d7f43__PDFV2__CH_0040,235
3ea536da835e800dda2d7f43__PDFV2__CH_0041,508
3eb18c63403455442da8f9d6__3eb18c63403455442da8f9d6__SEG_0001__CH_001,474
3eb18c63403455442da8f9d6__3eb18c63403455442da8f9d6__SEG_0001__CH_002,579
3eb18c63403455442da8f9d6__3eb18c63403455442da8f9d6__SEG_0001__CH_003,763
3eb18c63403455442da8f9d6__3eb18c63403455442da8f9d6__SEG_0001__CH_004,756
3eb18c63403455442da8f9d6__3eb18c63403455442da8f9d6__SEG_0001__CH_005,359
3ed55fb900ba4ef986dcfa58__PDFV2__CH_0001,272
3ed55fb900ba4ef986dcfa58__PDFV2__CH_0003,72
3ed55fb900ba4ef986dcfa58__PDFV2__CH_0004,128
3f1d4b5e49e0cee3b5a7ba5a__3f1d4b5e49e0cee3b5a7ba5a__SEG_0001__CH_005,198
3f525a74f9758956a0ff56e5__PDFV2__CH_0003,421
3f80a32378d3ed6824c26330__3f80a32378d3ed6824c26330__SEG_0001__CH_001,288
3f80a32378d3ed6824c26330__3f80a32378d3ed6824c26330__SEG_0001__CH_002,210
3fb9663fbadbd0b081c5e359__3fb9663fbadbd0b081c5e359__SEG_0001__CH_001,1394
3fb9663fbadbd0b081c5e359__3fb9663fbadbd0b081c5e359__SEG_0001__CH_002,1200
3fb9663fbadbd0b081c5e359__3fb9663fbadbd0b081c5e359__SEG_0001__CH_003,910
4037f211cb5224d455e660a3__4037f211cb5224d455e660a3__SEG_0001__CH_001,746
40cbde9b34ee4644caa571fa__PDFV2__CH_0001,157
40cbde9b34ee4644caa571fa__PDFV2__CH_0002,219
40cbde9b34ee4644caa571fa__PDFV2__CH_0003,301
40cbde9b34ee4644caa571fa__PDFV2__CH_0004,130
40cbde9b34ee4644caa571fa__PDFV2__CH_0005,218
40cbde9b34ee4644caa571fa__PDFV2__CH_0006,330
417e6543ab4b3e8a49c02b5d__417e6543ab4b3e8a49c02b5d__SEG_0001__CH_001,132
417e6543ab4b3e8a49c02b5d__417e6543ab4b3e8a49c02b5d__SEG_0001__CH_002,267
417e6543ab4b3e8a49c02b5d__417e6543ab4b3e8a49c02b5d__SEG_0001__CH_003,151
417e6543ab4b3e8a49c02b5d__417e6543ab4b3e8a49c02b5d__SEG_0001__CH_004,157
417e6543ab4b3e8a49c02b5d__417e6543ab4b3e8a49c02b5d__SEG_0001__CH_005,200
419f1ed27dcc398af35bf251__PDFV2__CH_0001,245
419f1ed27dcc398af35bf251__PDFV2__CH_0002,223
419f1ed27dcc398af35bf251__PDFV2__CH_0003,179
419f1ed27dcc398af35bf251__PDFV2__CH_0004,206
419f1ed27dcc398af35bf251__PDFV2__CH_0005,491
41adda5d3c53ed5bb6992df9__41adda5d3c53ed5bb6992df9__SEG_0001__CH_001,367
41adda5d3c53ed5bb6992df9__41adda5d3c53ed5bb6992df9__SEG_0001__CH_002,104
41bc85cbfb9d0d942781c57d__41bc85cbfb9d0d942781c57d__SEG_0001__CH_001,524
41fb106e8b4b2312fa9550d2__PDFV2__CH_0001,204
41fb106e8b4b2312fa9550d2__PDFV2__CH_0002,214
41fb106e8b4b2312fa9550d2__PDFV2__CH_0003,399
41fb106e8b4b2312fa9550d2__PDFV2__CH_0004,239
41fb106e8b4b2312fa9550d2__PDFV2__CH_0005,263
41fb106e8b4b2312fa9550d2__PDFV2__CH_0006,219
41fb106e8b4b2312fa9550d2__PDFV2__CH_0007,286
41fb106e8b4b2312fa9550d2__PDFV2__CH_0008__M,784
41fb106e8b4b2312fa9550d2__PDFV2__CH_0010,280
41fb106e8b4b2312fa9550d2__PDFV2__CH_0011,434
41fb106e8b4b2312fa9550d2__PDFV2__CH_0012,488
41fb106e8b4b2312fa9550d2__PDFV2__CH_0013,309
41fb106e8b4b2312fa9550d2__PDFV2__CH_0014,757
41fb106e8b4b2312fa9550d2__PDFV2__CH_0015,613
41fb106e8b4b2312fa9550d2__PDFV2__CH_0016,1075
41fb106e8b4b2312fa9550d2__PDFV2__CH_0017,740
41fb106e8b4b2312fa9550d2__PDFV2__CH_0018,763
4211ca876c887cd72a14b7d9__4211ca876c887cd72a14b7d9__SEG_0001__CH_001,194
4211ca876c887cd72a14b7d9__4211ca876c887cd72a14b7d9__SEG_0001__CH_002,231
4215275c794fec597ceb78ad__PDFV2__CH_0002,111
4215275c794fec597ceb78ad__PDFV2__CH_0007,181
4251f906de514ec77c7b30ba__4251f906de514ec77c7b30ba__SEG_0001__CH_001,52
425fe6b4b1a88b4c3e5cd509__PDFV2__CH_0011,143
425fe6b4b1a88b4c3e5cd509__PDFV2__CH_0012,107
425fe6b4b1a88b4c3e5cd509__PDFV2__CH_0013,175
425fe6b4b1a88b4c3e5cd509__PDFV2__CH_0014,150
425fe6b4b1a88b4c3e5cd509__PDFV2__CH_0015,341
425fe6b4b1a88b4c3e5cd509__PDFV2__CH_0016,211
425fe6b4b1a88b4c3e5cd509__PDFV2__CH_0017,302
425fe6b4b1a88b4c3e5cd509__PDFV2__CH_0018__M,800
425fe6b4b1a88b4c3e5cd509__PDFV2__CH_0020,329
425fe6b4b1a88b4c3e5cd509__PDFV2__CH_0021,204
425fe6b4b1a88b4c3e5cd509__PDFV2__CH_0022,223
425fe6b4b1a88b4c3e5cd509__PDFV2__CH_0023,246
425fe6b4b1a88b4c3e5cd509__PDFV2__CH_0024,233
425fe6b4b1a88b4c3e5cd509__PDFV2__CH_0025,109
425fe6b4b1a88b4c3e5cd509__PDFV2__CH_0026,59
425fe6b4b1a88b4c3e5cd509__PDFV2__CH_0027,135
425fe6b4b1a88b4c3e5cd509__PDFV2__CH_0028,262
425fe6b4b1a88b4c3e5cd509__PDFV2__CH_0029,166
425fe6b4b1a88b4c3e5cd509__PDFV2__CH_0031__M,920
425fe6b4b1a88b4c3e5cd509__PDFV2__CH_0035,156
425fe6b4b1a88b4c3e5cd509__PDFV2__CH_0036,124
425fe6b4b1a88b4c3e5cd509__PDFV2__CH_0037,403
425fe6b4b1a88b4c3e5cd509__PDFV2__CH_0038,182
425fe6b4b1a88b4c3e5cd509__PDFV2__CH_0039,153
425fe6b4b1a88b4c3e5cd509__PDFV2__CH_0040,177
425fe6b4b1a88b4c3e5cd509__PDFV2__CH_0041,68
425fe6b4b1a88b4c3e5cd509__PDFV2__CH_0042,388
425fe6b4b1a88b4c3e5cd509__PDFV2__CH_0043__M,493
425fe6b4b1a88b4c3e5cd509__PDFV2__CH_0045,225
425fe6b4b1a88b4c3e5cd509__PDFV2__CH_0046,163
425fe6b4b1a88b4c3e5cd509__PDFV2__CH_0047,336
425fe6b4b1a88b4c3e5cd509__PDFV2__CH_0048,273
425fe6b4b1a88b4c3e5cd509__PDFV2__CH_0049,306
425fe6b4b1a88b4c3e5cd509__PDFV2__CH_0050,395
425fe6b4b1a88b4c3e5cd509__PDFV2__CH_0051,117
425fe6b4b1a88b4c3e5cd509__PDFV2__CH_0052__M,509
425fe6b4b1a88b4c3e5cd509__PDFV2__CH_0054,389
425fe6b4b1a88b4c3e5cd509__PDFV2__CH_0055,202
425fe6b4b1a88b4c3e5cd509__PDFV2__CH_0056,206
425fe6b4b1a88b4c3e5cd509__PDFV2__CH_0057,562
425fe6b4b1a88b4c3e5cd509__PDFV2__CH_0058,322
425fe6b4b1a88b4c3e5cd509__PDFV2__CH_0059__M,570
425fe6b4b1a88b4c3e5cd509__PDFV2__CH_0061,89
425fe6b4b1a88b4c3e5cd509__PDFV2__CH_0062,48
425fe6b4b1a88b4c3e5cd509__PDFV2__CH_0063,91
425fe6b4b1a88b4c3e5cd509__PDFV2__CH_0064,173
425fe6b4b1a88b4c3e5cd509__PDFV2__CH_0065__M,341
425fe6b4b1a88b4c3e5cd509__PDFV2__CH_0067,228
425fe6b4b1a88b4c3e5cd509__PDFV2__CH_0068,139
425fe6b4b1a88b4c3e5cd509__PDFV2__CH_0069,110
425fe6b4b1a88b4c3e5cd509__PDFV2__CH_0070,271
425fe6b4b1a88b4c3e5cd509__PDFV2__CH_0071,227
425fe6b4b1a88b4c3e5cd509__PDFV2__CH_0072,217
425fe6b4b1a88b4c3e5cd509__PDFV2__CH_0073,250
425fe6b4b1a88b4c3e5cd509__PDFV2__CH_0074,270
425fe6b4b1a88b4c3e5cd509__PDFV2__CH_0075,88
425fe6b4b1a88b4c3e5cd509__PDFV2__CH_0076,63
425fe6b4b1a88b4c3e5cd509__PDFV2__CH_0077,166
425fe6b4b1a88b4c3e5cd509__PDFV2__CH_0078,185
425fe6b4b1a88b4c3e5cd509__PDFV2__CH_0079,534
425fe6b4b1a88b4c3e5cd509__PDFV2__CH_0080,460
425fe6b4b1a88b4c3e5cd509__PDFV2__CH_0081,230
425fe6b4b1a88b4c3e5cd509__PDFV2__CH_0082,59
425fe6b4b1a88b4c3e5cd509__PDFV2__CH_0083,253
425fe6b4b1a88b4c3e5cd509__PDFV2__CH_0084,206
425fe6b4b1a88b4c3e5cd509__PDFV2__CH_0085,96
425fe6b4b1a88b4c3e5cd509__PDFV2__CH_0086,309
425fe6b4b1a88b4c3e5cd509__PDFV2__CH_0087,259
425fe6b4b1a88b4c3e5cd509__PDFV2__CH_0088,163
425fe6b4b1a88b4c3e5cd509__PDFV2__CH_0089,155
425fe6b4b1a88b4c3e5cd509__PDFV2__CH_0090,200
425fe6b4b1a88b4c3e5cd509__PDFV2__CH_0091,330
425fe6b4b1a88b4c3e5cd509__PDFV2__CH_0092,117
425fe6b4b1a88b4c3e5cd509__PDFV2__CH_0093,201
425fe6b4b1a88b4c3e5cd509__PDFV2__CH_0094,64
425fe6b4b1a88b4c3e5cd509__PDFV2__CH_0095,432
425fe6b4b1a88b4c3e5cd509__PDFV2__CH_0096,46
425fe6b4b1a88b4c3e5cd509__PDFV2__CH_0097,405
425fe6b4b1a88b4c3e5cd509__PDFV2__CH_0098,77
425fe6b4b1a88b4c3e5cd509__PDFV2__CH_0099,308
425fe6b4b1a88b4c3e5cd509__PDFV2__CH_0100,336
425fe6b4b1a88b4c3e5cd509__PDFV2__CH_0101__M,507
425fe6b4b1a88b4c3e5cd509__PDFV2__CH_0103,205
425fe6b4b1a88b4c3e5cd509__PDFV2__CH_0104,292
425fe6b4b1a88b4c3e5cd509__PDFV2__CH_0105,410
425fe6b4b1a88b4c3e5cd509__PDFV2__CH_0106,647
425fe6b4b1a88b4c3e5cd509__PDFV2__CH_0107,454
425fe6b4b1a88b4c3e5cd509__PDFV2__CH_0108,292
425fe6b4b1a88b4c3e5cd509__PDFV2__CH_0109,192
425fe6b4b1a88b4c3e5cd509__PDFV2__CH_0110,301
425fe6b4b1a88b4c3e5cd509__PDFV2__CH_0111,358
425fe6b4b1a88b4c3e5cd509__PDFV2__CH_0112,158
425fe6b4b1a88b4c3e5cd509__PDFV2__CH_0113,200
425fe6b4b1a88b4c3e5cd509__PDFV2__CH_0114,265
425fe6b4b1a88b4c3e5cd509__PDFV2__CH_0115,160
425fe6b4b1a88b4c3e5cd509__PDFV2__CH_0116,472
425fe6b4b1a88b4c3e5cd509__PDFV2__CH_0117,240
425fe6b4b1a88b4c3e5cd509__PDFV2__CH_0118,74
425fe6b4b1a88b4c3e5cd509__PDFV2__CH_0119,491
425fe6b4b1a88b4c3e5cd509__PDFV2__CH_0120,271
425fe6b4b1a88b4c3e5cd509__PDFV2__CH_0121__M,807
425fe6b4b1a88b4c3e5cd509__PDFV2__CH_0124,227
425fe6b4b1a88b4c3e5cd509__PDFV2__CH_0125,262
425fe6b4b1a88b4c3e5cd509__PDFV2__CH_0126,318
425fe6b4b1a88b4c3e5cd509__PDFV2__CH_0127,66
425fe6b4b1a88b4c3e5cd509__PDFV2__CH_0128,497
425fe6b4b1a88b4c3e5cd509__PDFV2__CH_0129,282
425fe6b4b1a88b4c3e5cd509__PDFV2__CH_0130,259
425fe6b4b1a88b4c3e5cd509__PDFV2__CH_0131,363
425fe6b4b1a88b4c3e5cd509__PDFV2__CH_0132,258
425fe6b4b1a88b4c3e5cd509__PDFV2__CH_0133,93
425fe6b4b1a88b4c3e5cd509__PDFV2__CH_0134,173
425fe6b4b1a88b4c3e5cd509__PDFV2__CH_0135,126
425fe6b4b1a88b4c3e5cd509__PDFV2__CH_0136,90
425fe6b4b1a88b4c3e5cd509__PDFV2__CH_0137__M,273
425fe6b4b1a88b4c3e5cd509__PDFV2__CH_0139__M,542
425fe6b4b1a88b4c3e5cd509__PDFV2__CH_0141__M,774
425fe6b4b1a88b4c3e5cd509__PDFV2__CH_0144,123
425fe6b4b1a88b4c3e5cd509__PDFV2__CH_0145,382
425fe6b4b1a88b4c3e5cd509__PDFV2__CH_0146,139
425fe6b4b1a88b4c3e5cd509__PDFV2__CH_0147,218
425fe6b4b1a88b4c3e5cd509__PDFV2__CH_0148,153
425fe6b4b1a88b4c3e5cd509__PDFV2__CH_0149,227
425fe6b4b1a88b4c3e5cd509__PDFV2__CH_0150,157
425fe6b4b1a88b4c3e5cd509__PDFV2__CH_0151,236
425fe6b4b1a88b4c3e5cd509__PDFV2__CH_0152,199
425fe6b4b1a88b4c3e5cd509__PDFV2__CH_0153,55
425fe6b4b1a88b4c3e5cd509__PDFV2__CH_0154__M,563
425fe6b4b1a88b4c3e5cd509__PDFV2__CH_0156,222
425fe6b4b1a88b4c3e5cd509__PDFV2__CH_0157,197
425fe6b4b1a88b4c3e5cd509__PDFV2__CH_0158,77
425fe6b4b1a88b4c3e5cd509__PDFV2__CH_0159,64
425fe6b4b1a88b4c3e5cd509__PDFV2__CH_0160,117
425fe6b4b1a88b4c3e5cd509__PDFV2__CH_0161,120
425fe6b4b1a88b4c3e5cd509__PDFV2__CH_0162,103
425fe6b4b1a88b4c3e5cd509__PDFV2__CH_0163,127
425fe6b4b1a88b4c3e5cd509__PDFV2__CH_0164__M,817
425fe6b4b1a88b4c3e5cd509__PDFV2__CH_0167,269
425fe6b4b1a88b4c3e5cd509__PDFV2__CH_0168,94
425fe6b4b1a88b4c3e5cd509__PDFV2__CH_0169,52
425fe6b4b1a88b4c3e5cd509__PDFV2__CH_0170,154
425fe6b4b1a88b4c3e5cd509__PDFV2__CH_0171,183
425fe6b4b1a88b4c3e5cd509__PDFV2__CH_0172,90
425fe6b4b1a88b4c3e5cd509__PDFV2__CH_0173__M,305
425fe6b4b1a88b4c3e5cd509__PDFV2__CH_0175,153
425fe6b4b1a88b4c3e5cd509__PDFV2__CH_0176,122
425fe6b4b1a88b4c3e5cd509__PDFV2__CH_0177,183
425fe6b4b1a88b4c3e5cd509__PDFV2__CH_0178__M,295
425fe6b4b1a88b4c3e5cd509__PDFV2__CH_0180__M,881
425fe6b4b1a88b4c3e5cd509__PDFV2__CH_0183__M,482
425fe6b4b1a88b4c3e5cd509__PDFV2__CH_0185,182
425fe6b4b1a88b4c3e5cd509__PDFV2__CH_0186__M,478
425fe6b4b1a88b4c3e5cd509__PDFV2__CH_0188,194
425fe6b4b1a88b4c3e5cd509__PDFV2__CH_0189,266
425fe6b4b1a88b4c3e5cd509__PDFV2__CH_0190,157
425fe6b4b1a88b4c3e5cd509__PDFV2__CH_0191,44
425fe6b4b1a88b4c3e5cd509__PDFV2__CH_0192,570
425fe6b4b1a88b4c3e5cd509__PDFV2__CH_0193__M,709
425fe6b4b1a88b4c3e5cd509__PDFV2__CH_0195,127
425fe6b4b1a88b4c3e5cd509__PDFV2__CH_0196,303
425fe6b4b1a88b4c3e5cd509__PDFV2__CH_0197,183
425fe6b4b1a88b4c3e5cd509__PDFV2__CH_0198,49
425fe6b4b1a88b4c3e5cd509__PDFV2__CH_0199,226
425fe6b4b1a88b4c3e5cd509__PDFV2__CH_0200,47
425fe6b4b1a88b4c3e5cd509__PDFV2__CH_0201,145
425fe6b4b1a88b4c3e5cd509__PDFV2__CH_0202,39
425fe6b4b1a88b4c3e5cd509__PDFV2__CH_0203,185
425fe6b4b1a88b4c3e5cd509__PDFV2__CH_0204,111
425fe6b4b1a88b4c3e5cd509__PDFV2__CH_0205__M,345
425fe6b4b1a88b4c3e5cd509__PDFV2__CH_0207,206
425fe6b4b1a88b4c3e5cd509__PDFV2__CH_0208__M,840
425fe6b4b1a88b4c3e5cd509__PDFV2__CH_0212,220
425fe6b4b1a88b4c3e5cd509__PDFV2__CH_0213,269
425fe6b4b1a88b4c3e5cd509__PDFV2__CH_0214,241
425fe6b4b1a88b4c3e5cd509__PDFV2__CH_0215__M,441
425fe6b4b1a88b4c3e5cd509__PDFV2__CH_0217__M,379
425fe6b4b1a88b4c3e5cd509__PDFV2__CH_0219__M,319
425fe6b4b1a88b4c3e5cd509__PDFV2__CH_0221,120
425fe6b4b1a88b4c3e5cd509__PDFV2__CH_0222,368
425fe6b4b1a88b4c3e5cd509__PDFV2__CH_0223,135
425fe6b4b1a88b4c3e5cd509__PDFV2__CH_0224,576
425fe6b4b1a88b4c3e5cd509__PDFV2__CH_0225,264
425fe6b4b1a88b4c3e5cd509__PDFV2__CH_0226,96
425fe6b4b1a88b4c3e5cd509__PDFV2__CH_0227,300
425fe6b4b1a88b4c3e5cd509__PDFV2__CH_0228,65
425fe6b4b1a88b4c3e5cd509__PDFV2__CH_0229,175
425fe6b4b1a88b4c3e5cd509__PDFV2__CH_0230,93
425fe6b4b1a88b4c3e5cd509__PDFV2__CH_0231,129
425fe6b4b1a88b4c3e5cd509__PDFV2__CH_0232,212
425fe6b4b1a88b4c3e5cd509__PDFV2__CH_0233,217
425fe6b4b1a88b4c3e5cd509__PDFV2__CH_0234,242
425fe6b4b1a88b4c3e5cd509__PDFV2__CH_0235__M,415
425fe6b4b1a88b4c3e5cd509__PDFV2__CH_0237,107
425fe6b4b1a88b4c3e5cd509__PDFV2__CH_0238,59
425fe6b4b1a88b4c3e5cd509__PDFV2__CH_0239,142
425fe6b4b1a88b4c3e5cd509__PDFV2__CH_0240,157
425fe6b4b1a88b4c3e5cd509__PDFV2__CH_0241,127
425fe6b4b1a88b4c3e5cd509__PDFV2__CH_0242,63
425fe6b4b1a88b4c3e5cd509__PDFV2__CH_0243__M,867
425fe6b4b1a88b4c3e5cd509__PDFV2__CH_0246,162
425fe6b4b1a88b4c3e5cd509__PDFV2__CH_0247,355
425fe6b4b1a88b4c3e5cd509__PDFV2__CH_0248,85
425fe6b4b1a88b4c3e5cd509__PDFV2__CH_0249,257
425fe6b4b1a88b4c3e5cd509__PDFV2__CH_0250,82
425fe6b4b1a88b4c3e5cd509__PDFV2__CH_0251,329
425fe6b4b1a88b4c3e5cd509__PDFV2__CH_0252,256
425fe6b4b1a88b4c3e5cd509__PDFV2__CH_0253,178
425fe6b4b1a88b4c3e5cd509__PDFV2__CH_0254,137
425fe6b4b1a88b4c3e5cd509__PDFV2__CH_0255,272
425fe6b4b1a88b4c3e5cd509__PDFV2__CH_0256,113
425fe6b4b1a88b4c3e5cd509__PDFV2__CH_0257,279
425fe6b4b1a88b4c3e5cd509__PDFV2__CH_0258,176
425fe6b4b1a88b4c3e5cd509__PDFV2__CH_0259,23
425fe6b4b1a88b4c3e5cd509__PDFV2__CH_0260,135
425fe6b4b1a88b4c3e5cd509__PDFV2__CH_0261,138
425fe6b4b1a88b4c3e5cd509__PDFV2__CH_0262,67
425fe6b4b1a88b4c3e5cd509__PDFV2__CH_0263,287
425fe6b4b1a88b4c3e5cd509__PDFV2__CH_0264,22
425fe6b4b1a88b4c3e5cd509__PDFV2__CH_0265__M,350
425fe6b4b1a88b4c3e5cd509__PDFV2__CH_0267__M,939
425fe6b4b1a88b4c3e5cd509__PDFV2__CH_0272,302
425fe6b4b1a88b4c3e5cd509__PDFV2__CH_0273,246
425fe6b4b1a88b4c3e5cd509__PDFV2__CH_0274,88
425fe6b4b1a88b4c3e5cd509__PDFV2__CH_0275__M,947
425fe6b4b1a88b4c3e5cd509__PDFV2__CH_0281__M,462
425fe6b4b1a88b4c3e5cd509__PDFV2__CH_0284,217
425fe6b4b1a88b4c3e5cd509__PDFV2__CH_0285,97
425fe6b4b1a88b4c3e5cd509__PDFV2__CH_0286__M,630
425fe6b4b1a88b4c3e5cd509__PDFV2__CH_0288,301
425fe6b4b1a88b4c3e5cd509__PDFV2__CH_0289,217
425fe6b4b1a88b4c3e5cd509__PDFV2__CH_0290,337
425fe6b4b1a88b4c3e5cd509__PDFV2__CH_0291,103
425fe6b4b1a88b4c3e5cd509__PDFV2__CH_0292__M,726
425fe6b4b1a88b4c3e5cd509__PDFV2__CH_0294,278
425fe6b4b1a88b4c3e5cd509__PDFV2__CH_0295,144
425fe6b4b1a88b4c3e5cd509__PDFV2__CH_0296,108
425fe6b4b1a88b4c3e5cd509__PDFV2__CH_0297,128
425fe6b4b1a88b4c3e5cd509__PDFV2__CH_0298,239
425fe6b4b1a88b4c3e5cd509__PDFV2__CH_0299,235
425fe6b4b1a88b4c3e5cd509__PDFV2__CH_0300,304
425fe6b4b1a88b4c3e5cd509__PDFV2__CH_0301__M,309
425fe6b4b1a88b4c3e5cd509__PDFV2__CH_0303,226
425fe6b4b1a88b4c3e5cd509__PDFV2__CH_0304,280
425fe6b4b1a88b4c3e5cd509__PDFV2__CH_0305,127
425fe6b4b1a88b4c3e5cd509__PDFV2__CH_0306,293
425fe6b4b1a88b4c3e5cd509__PDFV2__CH_0308,62
425fe6b4b1a88b4c3e5cd509__PDFV2__CH_0309,94
425fe6b4b1a88b4c3e5cd509__PDFV2__CH_0310,211
425fe6b4b1a88b4c3e5cd509__PDFV2__CH_0311__M,451
425fe6b4b1a88b4c3e5cd509__PDFV2__CH_0313,193
425fe6b4b1a88b4c3e5cd509__PDFV2__CH_0314,103
425fe6b4b1a88b4c3e5cd509__PDFV2__CH_0315,90
425fe6b4b1a88b4c3e5cd509__PDFV2__CH_0316,294
425fe6b4b1a88b4c3e5cd509__PDFV2__CH_0317,239
425fe6b4b1a88b4c3e5cd509__PDFV2__CH_0318,62
425fe6b4b1a88b4c3e5cd509__PDFV2__CH_0319,35
425fe6b4b1a88b4c3e5cd509__PDFV2__CH_0320,146
425fe6b4b1a88b4c3e5cd509__PDFV2__CH_0321,254
425fe6b4b1a88b4c3e5cd509__PDFV2__CH_0322,115
425fe6b4b1a88b4c3e5cd509__PDFV2__CH_0323,193
425fe6b4b1a88b4c3e5cd509__PDFV2__CH_0324,148
425fe6b4b1a88b4c3e5cd509__PDFV2__CH_0325,281
425fe6b4b1a88b4c3e5cd509__PDFV2__CH_0326,194
425fe6b4b1a88b4c3e5cd509__PDFV2__CH_0327,290
425fe6b4b1a88b4c3e5cd509__PDFV2__CH_0328,179
425fe6b4b1a88b4c3e5cd509__PDFV2__CH_0329,223
425fe6b4b1a88b4c3e5cd509__PDFV2__CH_0330,114
425fe6b4b1a88b4c3e5cd509__PDFV2__CH_0331,142
425fe6b4b1a88b4c3e5cd509__PDFV2__CH_0332,75
425fe6b4b1a88b4c3e5cd509__PDFV2__CH_0333,208
425fe6b4b1a88b4c3e5cd509__PDFV2__CH_0334,232
425fe6b4b1a88b4c3e5cd509__PDFV2__CH_0335,160
425fe6b4b1a88b4c3e5cd509__PDFV2__CH_0336,128
425fe6b4b1a88b4c3e5cd509__PDFV2__CH_0337,69
425fe6b4b1a88b4c3e5cd509__PDFV2__CH_0338,140
425fe6b4b1a88b4c3e5cd509__PDFV2__CH_0339,173
425fe6b4b1a88b4c3e5cd509__PDFV2__CH_0340,185
425fe6b4b1a88b4c3e5cd509__PDFV2__CH_0341,102
425fe6b4b1a88b4c3e5cd509__PDFV2__CH_0342,49
425fe6b4b1a88b4c3e5cd509__PDFV2__CH_0343,136
425fe6b4b1a88b4c3e5cd509__PDFV2__CH_0344,270
425fe6b4b1a88b4c3e5cd509__PDFV2__CH_0345,466
425fe6b4b1a88b4c3e5cd509__PDFV2__CH_0346,221
425fe6b4b1a88b4c3e5cd509__PDFV2__CH_0347,53
425fe6b4b1a88b4c3e5cd509__PDFV2__CH_0348,154
425fe6b4b1a88b4c3e5cd509__PDFV2__CH_0349,125
425fe6b4b1a88b4c3e5cd509__PDFV2__CH_0350,69
425fe6b4b1a88b4c3e5cd509__PDFV2__CH_0351,138
425fe6b4b1a88b4c3e5cd509__PDFV2__CH_0352,192
425fe6b4b1a88b4c3e5cd509__PDFV2__CH_0353,87
425fe6b4b1a88b4c3e5cd509__PDFV2__CH_0354,129
425fe6b4b1a88b4c3e5cd509__PDFV2__CH_0355,332
425fe6b4b1a88b4c3e5cd509__PDFV2__CH_0356,235
425fe6b4b1a88b4c3e5cd509__PDFV2__CH_0357,305
425fe6b4b1a88b4c3e5cd509__PDFV2__CH_0358,230
425fe6b4b1a88b4c3e5cd509__PDFV2__CH_0359,204
425fe6b4b1a88b4c3e5cd509__PDFV2__CH_0360,130
425fe6b4b1a88b4c3e5cd509__PDFV2__CH_0361,340
425fe6b4b1a88b4c3e5cd509__PDFV2__CH_0362,72
425fe6b4b1a88b4c3e5cd509__PDFV2__CH_0363,207
425fe6b4b1a88b4c3e5cd509__PDFV2__CH_0364,204
425fe6b4b1a88b4c3e5cd509__PDFV2__CH_0365,194
425fe6b4b1a88b4c3e5cd509__PDFV2__CH_0366,447
425fe6b4b1a88b4c3e5cd509__PDFV2__CH_0367,341
425fe6b4b1a88b4c3e5cd509__PDFV2__CH_0368,173
425fe6b4b1a88b4c3e5cd509__PDFV2__CH_0369,222
425fe6b4b1a88b4c3e5cd509__PDFV2__CH_0370,297
425fe6b4b1a88b4c3e5cd509__PDFV2__CH_0371,140
425fe6b4b1a88b4c3e5cd509__PDFV2__CH_0372,191
425fe6b4b1a88b4c3e5cd509__PDFV2__CH_0373__M,581
425fe6b4b1a88b4c3e5cd509__PDFV2__CH_0375,141
425fe6b4b1a88b4c3e5cd509__PDFV2__CH_0376,222
425fe6b4b1a88b4c3e5cd509__PDFV2__CH_0377,315
425fe6b4b1a88b4c3e5cd509__PDFV2__CH_0378,307
425fe6b4b1a88b4c3e5cd509__PDFV2__CH_0379,90
425fe6b4b1a88b4c3e5cd509__PDFV2__CH_0380__M,385
425fe6b4b1a88b4c3e5cd509__PDFV2__CH_0382,218
425fe6b4b1a88b4c3e5cd509__PDFV2__CH_0384,156
425fe6b4b1a88b4c3e5cd509__PDFV2__CH_0385,195
425fe6b4b1a88b4c3e5cd509__PDFV2__CH_0386,64
425fe6b4b1a88b4c3e5cd509__PDFV2__CH_0387,94
425fe6b4b1a88b4c3e5cd509__PDFV2__CH_0388,58
425fe6b4b1a88b4c3e5cd509__PDFV2__CH_0389,62
425fe6b4b1a88b4c3e5cd509__PDFV2__CH_0390,70
425fe6b4b1a88b4c3e5cd509__PDFV2__CH_0391,71
425fe6b4b1a88b4c3e5cd509__PDFV2__CH_0392,83
425fe6b4b1a88b4c3e5cd509__PDFV2__CH_0393,437
425fe6b4b1a88b4c3e5cd509__PDFV2__CH_0394,268
425fe6b4b1a88b4c3e5cd509__PDFV2__CH_0395,156
425fe6b4b1a88b4c3e5cd509__PDFV2__CH_0396,305
425fe6b4b1a88b4c3e5cd509__PDFV2__CH_0397,121
425fe6b4b1a88b4c3e5cd509__PDFV2__CH_0398,120
425fe6b4b1a88b4c3e5cd509__PDFV2__CH_0399,183
425fe6b4b1a88b4c3e5cd509__PDFV2__CH_0400,188
425fe6b4b1a88b4c3e5cd509__PDFV2__CH_0401,243
425fe6b4b1a88b4c3e5cd509__PDFV2__CH_0402,253
425fe6b4b1a88b4c3e5cd509__PDFV2__CH_0403,113
425fe6b4b1a88b4c3e5cd509__PDFV2__CH_0404,186
425fe6b4b1a88b4c3e5cd509__PDFV2__CH_0405,248
425fe6b4b1a88b4c3e5cd509__PDFV2__CH_0406__M,390
425fe6b4b1a88b4c3e5cd509__PDFV2__CH_0408__M,480
425fe6b4b1a88b4c3e5cd509__PDFV2__CH_0410,54
425fe6b4b1a88b4c3e5cd509__PDFV2__CH_0411,73
425fe6b4b1a88b4c3e5cd509__PDFV2__CH_0412__M,750
425fe6b4b1a88b4c3e5cd509__PDFV2__CH_0414,254
425fe6b4b1a88b4c3e5cd509__PDFV2__CH_0415,139
425fe6b4b1a88b4c3e5cd509__PDFV2__CH_0416,136
425fe6b4b1a88b4c3e5cd509__PDFV2__CH_0417,279
425fe6b4b1a88b4c3e5cd509__PDFV2__CH_0418,198
425fe6b4b1a88b4c3e5cd509__PDFV2__CH_0419,184
425fe6b4b1a88b4c3e5cd509__PDFV2__CH_0420,185
425fe6b4b1a88b4c3e5cd509__PDFV2__CH_0421,154
425fe6b4b1a88b4c3e5cd509__PDFV2__CH_0422,88
425fe6b4b1a88b4c3e5cd509__PDFV2__CH_0423,150
425fe6b4b1a88b4c3e5cd509__PDFV2__CH_0424,116
425fe6b4b1a88b4c3e5cd509__PDFV2__CH_0425__M,304
425fe6b4b1a88b4c3e5cd509__PDFV2__CH_0427__M,327
425fe6b4b1a88b4c3e5cd509__PDFV2__CH_0429,235
425fe6b4b1a88b4c3e5cd509__PDFV2__CH_0430,269
425fe6b4b1a88b4c3e5cd509__PDFV2__CH_0431,201
425fe6b4b1a88b4c3e5cd509__PDFV2__CH_0432,181
425fe6b4b1a88b4c3e5cd509__PDFV2__CH_0433,215
425fe6b4b1a88b4c3e5cd509__PDFV2__CH_0434,257
425fe6b4b1a88b4c3e5cd509__PDFV2__CH_0435,291
425fe6b4b1a88b4c3e5cd509__PDFV2__CH_0436,277
425fe6b4b1a88b4c3e5cd509__PDFV2__CH_0437,361
425fe6b4b1a88b4c3e5cd509__PDFV2__CH_0438,341
425fe6b4b1a88b4c3e5cd509__PDFV2__CH_0439,143
425fe6b4b1a88b4c3e5cd509__PDFV2__CH_0440,371
425fe6b4b1a88b4c3e5cd509__PDFV2__CH_0441,106
425fe6b4b1a88b4c3e5cd509__PDFV2__CH_0442,153
425fe6b4b1a88b4c3e5cd509__PDFV2__CH_0443,214
425fe6b4b1a88b4c3e5cd509__PDFV2__CH_0444,102
425fe6b4b1a88b4c3e5cd509__PDFV2__CH_0445,79
425fe6b4b1a88b4c3e5cd509__PDFV2__CH_0446,99
425fe6b4b1a88b4c3e5cd509__PDFV2__CH_0447,25
425fe6b4b1a88b4c3e5cd509__PDFV2__CH_0448,125
425fe6b4b1a88b4c3e5cd509__PDFV2__CH_0449,108
425fe6b4b1a88b4c3e5cd509__PDFV2__CH_0450,68
425fe6b4b1a88b4c3e5cd509__PDFV2__CH_0451,34
425fe6b4b1a88b4c3e5cd509__PDFV2__CH_0452,135
425fe6b4b1a88b4c3e5cd509__PDFV2__CH_0453,79
425fe6b4b1a88b4c3e5cd509__PDFV2__CH_0454,193
425fe6b4b1a88b4c3e5cd509__PDFV2__CH_0455,221
425fe6b4b1a88b4c3e5cd509__PDFV2__CH_0456,44
425fe6b4b1a88b4c3e5cd509__PDFV2__CH_0457,151
425fe6b4b1a88b4c3e5cd509__PDFV2__CH_0458,153
425fe6b4b1a88b4c3e5cd509__PDFV2__CH_0459,99
425fe6b4b1a88b4c3e5cd509__PDFV2__CH_0460__M,170
425fe6b4b1a88b4c3e5cd509__PDFV2__CH_0462,198
425fe6b4b1a88b4c3e5cd509__PDFV2__CH_0463,164
425fe6b4b1a88b4c3e5cd509__PDFV2__CH_0464,96
425fe6b4b1a88b4c3e5cd509__PDFV2__CH_0465,208
425fe6b4b1a88b4c3e5cd509__PDFV2__CH_0466,231
425fe6b4b1a88b4c3e5cd509__PDFV2__CH_0467,247
425fe6b4b1a88b4c3e5cd509__PDFV2__CH_0468,136
425fe6b4b1a88b4c3e5cd509__PDFV2__CH_0469,134
425fe6b4b1a88b4c3e5cd509__PDFV2__CH_0470,123
425fe6b4b1a88b4c3e5cd509__PDFV2__CH_0471,234
425fe6b4b1a88b4c3e5cd509__PDFV2__CH_0472__M,394
425fe6b4b1a88b4c3e5cd509__PDFV2__CH_0474,172
425fe6b4b1a88b4c3e5cd509__PDFV2__CH_0475,223
425fe6b4b1a88b4c3e5cd509__PDFV2__CH_0476,202
425fe6b4b1a88b4c3e5cd509__PDFV2__CH_0477,132
425fe6b4b1a88b4c3e5cd509__PDFV2__CH_0478,310
425fe6b4b1a88b4c3e5cd509__PDFV2__CH_0479,262
425fe6b4b1a88b4c3e5cd509__PDFV2__CH_0480,272
425fe6b4b1a88b4c3e5cd509__PDFV2__CH_0481,386
425fe6b4b1a88b4c3e5cd509__PDFV2__CH_0482,260
425fe6b4b1a88b4c3e5cd509__PDFV2__CH_0483,305
425fe6b4b1a88b4c3e5cd509__PDFV2__CH_0484__M,460
425fe6b4b1a88b4c3e5cd509__PDFV2__CH_0486,318
425fe6b4b1a88b4c3e5cd509__PDFV2__CH_0487,269
425fe6b4b1a88b4c3e5cd509__PDFV2__CH_0488,221
425fe6b4b1a88b4c3e5cd509__PDFV2__CH_0489,213
425fe6b4b1a88b4c3e5cd509__PDFV2__CH_0490,182
425fe6b4b1a88b4c3e5cd509__PDFV2__CH_0491,202
425fe6b4b1a88b4c3e5cd509__PDFV2__CH_0492,156
425fe6b4b1a88b4c3e5cd509__PDFV2__CH_0493,112
425fe6b4b1a88b4c3e5cd509__PDFV2__CH_0494,28
425fe6b4b1a88b4c3e5cd509__PDFV2__CH_0495,146
425fe6b4b1a88b4c3e5cd509__PDFV2__CH_0496,108
425fe6b4b1a88b4c3e5cd509__PDFV2__CH_0497__M,301
425fe6b4b1a88b4c3e5cd509__PDFV2__CH_0499,107
425fe6b4b1a88b4c3e5cd509__PDFV2__CH_0500,168
425fe6b4b1a88b4c3e5cd509__PDFV2__CH_0501,154
425fe6b4b1a88b4c3e5cd509__PDFV2__CH_0502,82
425fe6b4b1a88b4c3e5cd509__PDFV2__CH_0503,142
425fe6b4b1a88b4c3e5cd509__PDFV2__CH_0504,222
425fe6b4b1a88b4c3e5cd509__PDFV2__CH_0505,316
425fe6b4b1a88b4c3e5cd509__PDFV2__CH_0506__M,867
425fe6b4b1a88b4c3e5cd509__PDFV2__CH_0509,292
425fe6b4b1a88b4c3e5cd509__PDFV2__CH_0510,231
425fe6b4b1a88b4c3e5cd509__PDFV2__CH_0511,75
425fe6b4b1a88b4c3e5cd509__PDFV2__CH_0512,400
425fe6b4b1a88b4c3e5cd509__PDFV2__CH_0513,331
425fe6b4b1a88b4c3e5cd509__PDFV2__CH_0514,346
425fe6b4b1a88b4c3e5cd509__PDFV2__CH_0515,219
425fe6b4b1a88b4c3e5cd509__PDFV2__CH_0516,178
425fe6b4b1a88b4c3e5cd509__PDFV2__CH_0517__M,799
425fe6b4b1a88b4c3e5cd509__PDFV2__CH_0519,202
425fe6b4b1a88b4c3e5cd509__PDFV2__CH_0520,374
425fe6b4b1a88b4c3e5cd509__PDFV2__CH_0521,141
425fe6b4b1a88b4c3e5cd509__PDFV2__CH_0522,436
425fe6b4b1a88b4c3e5cd509__PDFV2__CH_0523,217
425fe6b4b1a88b4c3e5cd509__PDFV2__CH_0524,546
425fe6b4b1a88b4c3e5cd509__PDFV2__CH_0525,139
425fe6b4b1a88b4c3e5cd509__PDFV2__CH_0526,201
425fe6b4b1a88b4c3e5cd509__PDFV2__CH_0527,184
425fe6b4b1a88b4c3e5cd509__PDFV2__CH_0528,240
425fe6b4b1a88b4c3e5cd509__PDFV2__CH_0529,263
425fe6b4b1a88b4c3e5cd509__PDFV2__CH_0530,350
425fe6b4b1a88b4c3e5cd509__PDFV2__CH_0531,341
425fe6b4b1a88b4c3e5cd509__PDFV2__CH_0532,224
425fe6b4b1a88b4c3e5cd509__PDFV2__CH_0533,390
425fe6b4b1a88b4c3e5cd509__PDFV2__CH_0534,227
425fe6b4b1a88b4c3e5cd509__PDFV2__CH_0535,87
425fe6b4b1a88b4c3e5cd509__PDFV2__CH_0536,244
425fe6b4b1a88b4c3e5cd509__PDFV2__CH_0537,283
425fe6b4b1a88b4c3e5cd509__PDFV2__CH_0538,307
425fe6b4b1a88b4c3e5cd509__PDFV2__CH_0539,342
425fe6b4b1a88b4c3e5cd509__PDFV2__CH_0540,272
425fe6b4b1a88b4c3e5cd509__PDFV2__CH_0541,204
425fe6b4b1a88b4c3e5cd509__PDFV2__CH_0542,316
425fe6b4b1a88b4c3e5cd509__PDFV2__CH_0543,342
425fe6b4b1a88b4c3e5cd509__PDFV2__CH_0544,324
425fe6b4b1a88b4c3e5cd509__PDFV2__CH_0545,302
425fe6b4b1a88b4c3e5cd509__PDFV2__CH_0546,199
425fe6b4b1a88b4c3e5cd509__PDFV2__CH_0547,213
425fe6b4b1a88b4c3e5cd509__PDFV2__CH_0548,615
425fe6b4b1a88b4c3e5cd509__PDFV2__CH_0549,299
425fe6b4b1a88b4c3e5cd509__PDFV2__CH_0550,314
425fe6b4b1a88b4c3e5cd509__PDFV2__CH_0551,94
425fe6b4b1a88b4c3e5cd509__PDFV2__CH_0552,352
425fe6b4b1a88b4c3e5cd509__PDFV2__CH_0553,117
425fe6b4b1a88b4c3e5cd509__PDFV2__CH_0554,298
425fe6b4b1a88b4c3e5cd509__PDFV2__CH_0555,320
425fe6b4b1a88b4c3e5cd509__PDFV2__CH_0556,335
425fe6b4b1a88b4c3e5cd509__PDFV2__CH_0557,250
425fe6b4b1a88b4c3e5cd509__PDFV2__CH_0558,292
425fe6b4b1a88b4c3e5cd509__PDFV2__CH_0559,253
425fe6b4b1a88b4c3e5cd509__PDFV2__CH_0560__M,934
425fe6b4b1a88b4c3e5cd509__PDFV2__CH_0563,160
425fe6b4b1a88b4c3e5cd509__PDFV2__CH_0564,144
425fe6b4b1a88b4c3e5cd509__PDFV2__CH_0565,185
425fe6b4b1a88b4c3e5cd509__PDFV2__CH_0566,179
425fe6b4b1a88b4c3e5cd509__PDFV2__CH_0567,265
425fe6b4b1a88b4c3e5cd509__PDFV2__CH_0568,311
425fe6b4b1a88b4c3e5cd509__PDFV2__CH_0569,328
425fe6b4b1a88b4c3e5cd509__PDFV2__CH_0570,128
425fe6b4b1a88b4c3e5cd509__PDFV2__CH_0571,315
425fe6b4b1a88b4c3e5cd509__PDFV2__CH_0572__M,1004
425fe6b4b1a88b4c3e5cd509__PDFV2__CH_0575__M,576
425fe6b4b1a88b4c3e5cd509__PDFV2__CH_0577,150
425fe6b4b1a88b4c3e5cd509__PDFV2__CH_0578,222
425fe6b4b1a88b4c3e5cd509__PDFV2__CH_0579,274
425fe6b4b1a88b4c3e5cd509__PDFV2__CH_0580,341
425fe6b4b1a88b4c3e5cd509__PDFV2__CH_0581,546
425fe6b4b1a88b4c3e5cd509__PDFV2__CH_0582,377
425fe6b4b1a88b4c3e5cd509__PDFV2__CH_0583,198
425fe6b4b1a88b4c3e5cd509__PDFV2__CH_0584,445
425fe6b4b1a88b4c3e5cd509__PDFV2__CH_0585,284
425fe6b4b1a88b4c3e5cd509__PDFV2__CH_0586,124
425fe6b4b1a88b4c3e5cd509__PDFV2__CH_0587,284
425fe6b4b1a88b4c3e5cd509__PDFV2__CH_0588,342
425fe6b4b1a88b4c3e5cd509__PDFV2__CH_0589,166
425fe6b4b1a88b4c3e5cd509__PDFV2__CH_0590,263
425fe6b4b1a88b4c3e5cd509__PDFV2__CH_0591,527
425fe6b4b1a88b4c3e5cd509__PDFV2__CH_0592,411
425fe6b4b1a88b4c3e5cd509__PDFV2__CH_0593,604
425fe6b4b1a88b4c3e5cd509__PDFV2__CH_0594__M,642
425fe6b4b1a88b4c3e5cd509__PDFV2__CH_0596__M,641
425fe6b4b1a88b4c3e5cd509__PDFV2__CH_0598,323
425fe6b4b1a88b4c3e5cd509__PDFV2__CH_0599,306
425fe6b4b1a88b4c3e5cd509__PDFV2__CH_0600,226
425fe6b4b1a88b4c3e5cd509__PDFV2__CH_0601,254
425fe6b4b1a88b4c3e5cd509__PDFV2__CH_0602,344
425fe6b4b1a88b4c3e5cd509__PDFV2__CH_0603,357
425fe6b4b1a88b4c3e5cd509__PDFV2__CH_0604,255
425fe6b4b1a88b4c3e5cd509__PDFV2__CH_0605,282
425fe6b4b1a88b4c3e5cd509__PDFV2__CH_0606,217
425fe6b4b1a88b4c3e5cd509__PDFV2__CH_0607,191
425fe6b4b1a88b4c3e5cd509__PDFV2__CH_0608,242
425fe6b4b1a88b4c3e5cd509__PDFV2__CH_0609,176
425fe6b4b1a88b4c3e5cd509__PDFV2__CH_0610,278
425fe6b4b1a88b4c3e5cd509__PDFV2__CH_0611,66
425fe6b4b1a88b4c3e5cd509__PDFV2__CH_0612,252
425fe6b4b1a88b4c3e5cd509__PDFV2__CH_0613,200
425fe6b4b1a88b4c3e5cd509__PDFV2__CH_0614,240
425fe6b4b1a88b4c3e5cd509__PDFV2__CH_0615,259
425fe6b4b1a88b4c3e5cd509__PDFV2__CH_0616,117
425fe6b4b1a88b4c3e5cd509__PDFV2__CH_0617,127
425fe6b4b1a88b4c3e5cd509__PDFV2__CH_0618,567
425fe6b4b1a88b4c3e5cd509__PDFV2__CH_0619,354
425fe6b4b1a88b4c3e5cd509__PDFV2__CH_0620,162
425fe6b4b1a88b4c3e5cd509__PDFV2__CH_0621,212
425fe6b4b1a88b4c3e5cd509__PDFV2__CH_0622,241
425fe6b4b1a88b4c3e5cd509__PDFV2__CH_0623,100
425fe6b4b1a88b4c3e5cd509__PDFV2__CH_0624,104
425fe6b4b1a88b4c3e5cd509__PDFV2__CH_0625,360
425fe6b4b1a88b4c3e5cd509__PDFV2__CH_0626,52
425fe6b4b1a88b4c3e5cd509__PDFV2__CH_0627,65
425fe6b4b1a88b4c3e5cd509__PDFV2__CH_0628,123
425fe6b4b1a88b4c3e5cd509__PDFV2__CH_0629,304
425fe6b4b1a88b4c3e5cd509__PDFV2__CH_0630,75
425fe6b4b1a88b4c3e5cd509__PDFV2__CH_0631,112
425fe6b4b1a88b4c3e5cd509__PDFV2__CH_0632,124
425fe6b4b1a88b4c3e5cd509__PDFV2__CH_0633,347
425fe6b4b1a88b4c3e5cd509__PDFV2__CH_0634,747
425fe6b4b1a88b4c3e5cd509__PDFV2__CH_0635,273
425fe6b4b1a88b4c3e5cd509__PDFV2__CH_0636,416
425fe6b4b1a88b4c3e5cd509__PDFV2__CH_0637,176
425fe6b4b1a88b4c3e5cd509__PDFV2__CH_0638,112
425fe6b4b1a88b4c3e5cd509__PDFV2__CH_0639,46
425fe6b4b1a88b4c3e5cd509__PDFV2__CH_0640,319
425fe6b4b1a88b4c3e5cd509__PDFV2__CH_0641,295
425fe6b4b1a88b4c3e5cd509__PDFV2__CH_0642,314
425fe6b4b1a88b4c3e5cd509__PDFV2__CH_0644,65
425fe6b4b1a88b4c3e5cd509__PDFV2__CH_0645,137
425fe6b4b1a88b4c3e5cd509__PDFV2__CH_0646,562
425fe6b4b1a88b4c3e5cd509__PDFV2__CH_0647,66
425fe6b4b1a88b4c3e5cd509__PDFV2__CH_0648,290
425fe6b4b1a88b4c3e5cd509__PDFV2__CH_0649,332
425fe6b4b1a88b4c3e5cd509__PDFV2__CH_0650,389
425fe6b4b1a88b4c3e5cd509__PDFV2__CH_0651,297
425fe6b4b1a88b4c3e5cd509__PDFV2__CH_0652,180
425fe6b4b1a88b4c3e5cd509__PDFV2__CH_0653,151
425fe6b4b1a88b4c3e5cd509__PDFV2__CH_0654,159
425fe6b4b1a88b4c3e5cd509__PDFV2__CH_0655,314
425fe6b4b1a88b4c3e5cd509__PDFV2__CH_0656,459
425fe6b4b1a88b4c3e5cd509__PDFV2__CH_0657,104
425fe6b4b1a88b4c3e5cd509__PDFV2__CH_0658,212
425fe6b4b1a88b4c3e5cd509__PDFV2__CH_0659,153
425fe6b4b1a88b4c3e5cd509__PDFV2__CH_0660,191
425fe6b4b1a88b4c3e5cd509__PDFV2__CH_0661,296
425fe6b4b1a88b4c3e5cd509__PDFV2__CH_0662,54
425fe6b4b1a88b4c3e5cd509__PDFV2__CH_0663,97
425fe6b4b1a88b4c3e5cd509__PDFV2__CH_0664,48
425fe6b4b1a88b4c3e5cd509__PDFV2__CH_0665,46
425fe6b4b1a88b4c3e5cd509__PDFV2__CH_0667,83
425fe6b4b1a88b4c3e5cd509__PDFV2__CH_0668,73
425fe6b4b1a88b4c3e5cd509__PDFV2__CH_0669,67
425fe6b4b1a88b4c3e5cd509__PDFV2__CH_0670,120
425fe6b4b1a88b4c3e5cd509__PDFV2__CH_0671,84
425fe6b4b1a88b4c3e5cd509__PDFV2__CH_0672,110
425fe6b4b1a88b4c3e5cd509__PDFV2__CH_0673__M,437
425fe6b4b1a88b4c3e5cd509__PDFV2__CH_0675__M,561
425fe6b4b1a88b4c3e5cd509__PDFV2__CH_0677,326
425fe6b4b1a88b4c3e5cd509__PDFV2__CH_0678,135
425fe6b4b1a88b4c3e5cd509__PDFV2__CH_0679,471
425fe6b4b1a88b4c3e5cd509__PDFV2__CH_0680,430
425fe6b4b1a88b4c3e5cd509__PDFV2__CH_0681,202
425fe6b4b1a88b4c3e5cd509__PDFV2__CH_0682,326
425fe6b4b1a88b4c3e5cd509__PDFV2__CH_0683,393
425fe6b4b1a88b4c3e5cd509__PDFV2__CH_0684,170
425fe6b4b1a88b4c3e5cd509__PDFV2__CH_0685,156
425fe6b4b1a88b4c3e5cd509__PDFV2__CH_0686,254
425fe6b4b1a88b4c3e5cd509__PDFV2__CH_0687,245
425fe6b4b1a88b4c3e5cd509__PDFV2__CH_0688,135
425fe6b4b1a88b4c3e5cd509__PDFV2__CH_0689,281
425fe6b4b1a88b4c3e5cd509__PDFV2__CH_0690,152
425fe6b4b1a88b4c3e5cd509__PDFV2__CH_0691,196
425fe6b4b1a88b4c3e5cd509__PDFV2__CH_0692,130
425fe6b4b1a88b4c3e5cd509__PDFV2__CH_0693,193
425fe6b4b1a88b4c3e5cd509__PDFV2__CH_0694,288
425fe6b4b1a88b4c3e5cd509__PDFV2__CH_0695,324
425fe6b4b1a88b4c3e5cd509__PDFV2__CH_0696,275
425fe6b4b1a88b4c3e5cd509__PDFV2__CH_0697,283
425fe6b4b1a88b4c3e5cd509__PDFV2__CH_0698,34
425fe6b4b1a88b4c3e5cd509__PDFV2__CH_0699,457
425fe6b4b1a88b4c3e5cd509__PDFV2__CH_0700,176
425fe6b4b1a88b4c3e5cd509__PDFV2__CH_0701,541
425fe6b4b1a88b4c3e5cd509__PDFV2__CH_0702,316
425fe6b4b1a88b4c3e5cd509__PDFV2__CH_0703,239
425fe6b4b1a88b4c3e5cd509__PDFV2__CH_0704__M,711
425fe6b4b1a88b4c3e5cd509__PDFV2__CH_0706,515
425fe6b4b1a88b4c3e5cd509__PDFV2__CH_0707,261
425fe6b4b1a88b4c3e5cd509__PDFV2__CH_0708,580
425fe6b4b1a88b4c3e5cd509__PDFV2__CH_0709,222
425fe6b4b1a88b4c3e5cd509__PDFV2__CH_0710,264
425fe6b4b1a88b4c3e5cd509__PDFV2__CH_0711,465
425fe6b4b1a88b4c3e5cd509__PDFV2__CH_0712,90
425fe6b4b1a88b4c3e5cd509__PDFV2__CH_0713,226
425fe6b4b1a88b4c3e5cd509__PDFV2__CH_0714__M,469
425fe6b4b1a88b4c3e5cd509__PDFV2__CH_0716,155
425fe6b4b1a88b4c3e5cd509__PDFV2__CH_0717__M,655
425fe6b4b1a88b4c3e5cd509__PDFV2__CH_0719,302
425fe6b4b1a88b4c3e5cd509__PDFV2__CH_0720,153
425fe6b4b1a88b4c3e5cd509__PDFV2__CH_0722__M,940
425fe6b4b1a88b4c3e5cd509__PDFV2__CH_0724,281
425fe6b4b1a88b4c3e5cd509__PDFV2__CH_0725,384
425fe6b4b1a88b4c3e5cd509__PDFV2__CH_0726,327
425fe6b4b1a88b4c3e5cd509__PDFV2__CH_0727,93
425fe6b4b1a88b4c3e5cd509__PDFV2__CH_0728,212
425fe6b4b1a88b4c3e5cd509__PDFV2__CH_0729,262
425fe6b4b1a88b4c3e5cd509__PDFV2__CH_0730,202
425fe6b4b1a88b4c3e5cd509__PDFV2__CH_0731,270
425fe6b4b1a88b4c3e5cd509__PDFV2__CH_0732,272
425fe6b4b1a88b4c3e5cd509__PDFV2__CH_0733,126
425fe6b4b1a88b4c3e5cd509__PDFV2__CH_0734,166
425fe6b4b1a88b4c3e5cd509__PDFV2__CH_0735__M,373
425fe6b4b1a88b4c3e5cd509__PDFV2__CH_0737,200
425fe6b4b1a88b4c3e5cd509__PDFV2__CH_0738,168
425fe6b4b1a88b4c3e5cd509__PDFV2__CH_0739,406
425fe6b4b1a88b4c3e5cd509__PDFV2__CH_0740,41
425fe6b4b1a88b4c3e5cd509__PDFV2__CH_0741,61
425fe6b4b1a88b4c3e5cd509__PDFV2__CH_0742,340
425fe6b4b1a88b4c3e5cd509__PDFV2__CH_0743,241
425fe6b4b1a88b4c3e5cd509__PDFV2__CH_0744,130
425fe6b4b1a88b4c3e5cd509__PDFV2__CH_0745,200
425fe6b4b1a88b4c3e5cd509__PDFV2__CH_0746,286
425fe6b4b1a88b4c3e5cd509__PDFV2__CH_0747,197
425fe6b4b1a88b4c3e5cd509__PDFV2__CH_0748,202
425fe6b4b1a88b4c3e5cd509__PDFV2__CH_0749,397
425fe6b4b1a88b4c3e5cd509__PDFV2__CH_0750,179
425fe6b4b1a88b4c3e5cd509__PDFV2__CH_0751,213
425fe6b4b1a88b4c3e5cd509__PDFV2__CH_0752,241
425fe6b4b1a88b4c3e5cd509__PDFV2__CH_0753,93
425fe6b4b1a88b4c3e5cd509__PDFV2__CH_0754,231
425fe6b4b1a88b4c3e5cd509__PDFV2__CH_0755,216
425fe6b4b1a88b4c3e5cd509__PDFV2__CH_0756,310
425fe6b4b1a88b4c3e5cd509__PDFV2__CH_0757,172
425fe6b4b1a88b4c3e5cd509__PDFV2__CH_0758,247
425fe6b4b1a88b4c3e5cd509__PDFV2__CH_0759,108
425fe6b4b1a88b4c3e5cd509__PDFV2__CH_0760,33
425fe6b4b1a88b4c3e5cd509__PDFV2__CH_0761,328
425fe6b4b1a88b4c3e5cd509__PDFV2__CH_0762,302
425fe6b4b1a88b4c3e5cd509__PDFV2__CH_0763,218
425fe6b4b1a88b4c3e5cd509__PDFV2__CH_0764,306
425fe6b4b1a88b4c3e5cd509__PDFV2__CH_0765,186
425fe6b4b1a88b4c3e5cd509__PDFV2__CH_0766,253
425fe6b4b1a88b4c3e5cd509__PDFV2__CH_0767__M,385
425fe6b4b1a88b4c3e5cd509__PDFV2__CH_0769,264
425fe6b4b1a88b4c3e5cd509__PDFV2__CH_0770,217
425fe6b4b1a88b4c3e5cd509__PDFV2__CH_0771,126
425fe6b4b1a88b4c3e5cd509__PDFV2__CH_0772,155
425fe6b4b1a88b4c3e5cd509__PDFV2__CH_0773,182
425fe6b4b1a88b4c3e5cd509__PDFV2__CH_0774,156
425fe6b4b1a88b4c3e5cd509__PDFV2__CH_0775,167
425fe6b4b1a88b4c3e5cd509__PDFV2__CH_0776,209
425fe6b4b1a88b4c3e5cd509__PDFV2__CH_0777,233
425fe6b4b1a88b4c3e5cd509__PDFV2__CH_0778,260
425fe6b4b1a88b4c3e5cd509__PDFV2__CH_0779,157
425fe6b4b1a88b4c3e5cd509__PDFV2__CH_0780,292
425fe6b4b1a88b4c3e5cd509__PDFV2__CH_0781,161
425fe6b4b1a88b4c3e5cd509__PDFV2__CH_0782,109
425fe6b4b1a88b4c3e5cd509__PDFV2__CH_0783,424
425fe6b4b1a88b4c3e5cd509__PDFV2__CH_0784,181
425fe6b4b1a88b4c3e5cd509__PDFV2__CH_0785,120
425fe6b4b1a88b4c3e5cd509__PDFV2__CH_0786,269
425fe6b4b1a88b4c3e5cd509__PDFV2__CH_0787,153
425fe6b4b1a88b4c3e5cd509__PDFV2__CH_0788,128
425fe6b4b1a88b4c3e5cd509__PDFV2__CH_0789,164
425fe6b4b1a88b4c3e5cd509__PDFV2__CH_0790,59
425fe6b4b1a88b4c3e5cd509__PDFV2__CH_0791,246
425fe6b4b1a88b4c3e5cd509__PDFV2__CH_0792,266
425fe6b4b1a88b4c3e5cd509__PDFV2__CH_0793,185
425fe6b4b1a88b4c3e5cd509__PDFV2__CH_0794,193
425fe6b4b1a88b4c3e5cd509__PDFV2__CH_0795,117
425fe6b4b1a88b4c3e5cd509__PDFV2__CH_0797,98
425fe6b4b1a88b4c3e5cd509__PDFV2__CH_0798,204
425fe6b4b1a88b4c3e5cd509__PDFV2__CH_0799,130
425fe6b4b1a88b4c3e5cd509__PDFV2__CH_0800,259
425fe6b4b1a88b4c3e5cd509__PDFV2__CH_0801,135
425fe6b4b1a88b4c3e5cd509__PDFV2__CH_0802,377
425fe6b4b1a88b4c3e5cd509__PDFV2__CH_0803,205
425fe6b4b1a88b4c3e5cd509__PDFV2__CH_0804__M,1050
425fe6b4b1a88b4c3e5cd509__PDFV2__CH_0808,323
425fe6b4b1a88b4c3e5cd509__PDFV2__CH_0809,188
425fe6b4b1a88b4c3e5cd509__PDFV2__CH_0810,211
425fe6b4b1a88b4c3e5cd509__PDFV2__CH_0811,258
425fe6b4b1a88b4c3e5cd509__PDFV2__CH_0812,147
425fe6b4b1a88b4c3e5cd509__PDFV2__CH_0813,72
425fe6b4b1a88b4c3e5cd509__PDFV2__CH_0814,421
425fe6b4b1a88b4c3e5cd509__PDFV2__CH_0815,235
425fe6b4b1a88b4c3e5cd509__PDFV2__CH_0816,299
425fe6b4b1a88b4c3e5cd509__PDFV2__CH_0817,164
425fe6b4b1a88b4c3e5cd509__PDFV2__CH_0818,271
425fe6b4b1a88b4c3e5cd509__PDFV2__CH_0819,172
425fe6b4b1a88b4c3e5cd509__PDFV2__CH_0820,108
425fe6b4b1a88b4c3e5cd509__PDFV2__CH_0821,192
425fe6b4b1a88b4c3e5cd509__PDFV2__CH_0822,224
425fe6b4b1a88b4c3e5cd509__PDFV2__CH_0823,192
425fe6b4b1a88b4c3e5cd509__PDFV2__CH_0824,296
425fe6b4b1a88b4c3e5cd509__PDFV2__CH_0825,236
425fe6b4b1a88b4c3e5cd509__PDFV2__CH_0826,196
425fe6b4b1a88b4c3e5cd509__PDFV2__CH_0827,154
425fe6b4b1a88b4c3e5cd509__PDFV2__CH_0828,264
425fe6b4b1a88b4c3e5cd509__PDFV2__CH_0829,40
425fe6b4b1a88b4c3e5cd509__PDFV2__CH_0830,183
425fe6b4b1a88b4c3e5cd509__PDFV2__CH_0831,201
425fe6b4b1a88b4c3e5cd509__PDFV2__CH_0832,184
425fe6b4b1a88b4c3e5cd509__PDFV2__CH_0833,175
425fe6b4b1a88b4c3e5cd509__PDFV2__CH_0834,202
425fe6b4b1a88b4c3e5cd509__PDFV2__CH_0835,135
425fe6b4b1a88b4c3e5cd509__PDFV2__CH_0836,215
425fe6b4b1a88b4c3e5cd509__PDFV2__CH_0837,365
425fe6b4b1a88b4c3e5cd509__PDFV2__CH_0838,164
425fe6b4b1a88b4c3e5cd509__PDFV2__CH_0839,138
425fe6b4b1a88b4c3e5cd509__PDFV2__CH_0840,463
425fe6b4b1a88b4c3e5cd509__PDFV2__CH_0841,248
425fe6b4b1a88b4c3e5cd509__PDFV2__CH_0842,53
425fe6b4b1a88b4c3e5cd509__PDFV2__CH_0843,184
425fe6b4b1a88b4c3e5cd509__PDFV2__CH_0844,159
425fe6b4b1a88b4c3e5cd509__PDFV2__CH_0845,103
425fe6b4b1a88b4c3e5cd509__PDFV2__CH_0846,74
425fe6b4b1a88b4c3e5cd509__PDFV2__CH_0847,165
425fe6b4b1a88b4c3e5cd509__PDFV2__CH_0848,122
425fe6b4b1a88b4c3e5cd509__PDFV2__CH_0849,123
425fe6b4b1a88b4c3e5cd509__PDFV2__CH_0850__M,400
425fe6b4b1a88b4c3e5cd509__PDFV2__CH_0852,152
425fe6b4b1a88b4c3e5cd509__PDFV2__CH_0853,135
425fe6b4b1a88b4c3e5cd509__PDFV2__CH_0854,328
425fe6b4b1a88b4c3e5cd509__PDFV2__CH_0855,365
425fe6b4b1a88b4c3e5cd509__PDFV2__CH_0856,132
425fe6b4b1a88b4c3e5cd509__PDFV2__CH_0857,60
425fe6b4b1a88b4c3e5cd509__PDFV2__CH_0858,215
425fe6b4b1a88b4c3e5cd509__PDFV2__CH_0859,124
425fe6b4b1a88b4c3e5cd509__PDFV2__CH_0860,65
425fe6b4b1a88b4c3e5cd509__PDFV2__CH_0861,224
425fe6b4b1a88b4c3e5cd509__PDFV2__CH_0862,117
425fe6b4b1a88b4c3e5cd509__PDFV2__CH_0863,180
425fe6b4b1a88b4c3e5cd509__PDFV2__CH_0864,229
425fe6b4b1a88b4c3e5cd509__PDFV2__CH_0865,42
425fe6b4b1a88b4c3e5cd509__PDFV2__CH_0866,401
425fe6b4b1a88b4c3e5cd509__PDFV2__CH_0867,62
425fe6b4b1a88b4c3e5cd509__PDFV2__CH_0868,159
425fe6b4b1a88b4c3e5cd509__PDFV2__CH_0869__M,518
425fe6b4b1a88b4c3e5cd509__PDFV2__CH_0871,377
425fe6b4b1a88b4c3e5cd509__PDFV2__CH_0872__M,591
425fe6b4b1a88b4c3e5cd509__PDFV2__CH_0874,220
425fe6b4b1a88b4c3e5cd509__PDFV2__CH_0875,299
425fe6b4b1a88b4c3e5cd509__PDFV2__CH_0876__M,693
425fe6b4b1a88b4c3e5cd509__PDFV2__CH_0879,293
425fe6b4b1a88b4c3e5cd509__PDFV2__CH_0880,182
425fe6b4b1a88b4c3e5cd509__PDFV2__CH_0881,248
425fe6b4b1a88b4c3e5cd509__PDFV2__CH_0882,71
425fe6b4b1a88b4c3e5cd509__PDFV2__CH_0883,89
425fe6b4b1a88b4c3e5cd509__PDFV2__CH_0884,380
425fe6b4b1a88b4c3e5cd509__PDFV2__CH_0885,151
425fe6b4b1a88b4c3e5cd509__PDFV2__CH_0886,511
425fe6b4b1a88b4c3e5cd509__PDFV2__CH_0887,166
425fe6b4b1a88b4c3e5cd509__PDFV2__CH_0888,56
425fe6b4b1a88b4c3e5cd509__PDFV2__CH_0889,265
425fe6b4b1a88b4c3e5cd509__PDFV2__CH_0890,104
425fe6b4b1a88b4c3e5cd509__PDFV2__CH_0891,56
425fe6b4b1a88b4c3e5cd509__PDFV2__CH_0892,265
425fe6b4b1a88b4c3e5cd509__PDFV2__CH_0893__M,620
425fe6b4b1a88b4c3e5cd509__PDFV2__CH_0895,191
425fe6b4b1a88b4c3e5cd509__PDFV2__CH_0896,187
425fe6b4b1a88b4c3e5cd509__PDFV2__CH_0897,117
425fe6b4b1a88b4c3e5cd509__PDFV2__CH_0898__M,556
425fe6b4b1a88b4c3e5cd509__PDFV2__CH_0901,271
425fe6b4b1a88b4c3e5cd509__PDFV2__CH_0902,231
425fe6b4b1a88b4c3e5cd509__PDFV2__CH_0903,189
425fe6b4b1a88b4c3e5cd509__PDFV2__CH_0904__M,693
425fe6b4b1a88b4c3e5cd509__PDFV2__CH_0907,48
425fe6b4b1a88b4c3e5cd509__PDFV2__CH_0908,96
425fe6b4b1a88b4c3e5cd509__PDFV2__CH_0909,37
425fe6b4b1a88b4c3e5cd509__PDFV2__CH_0910,235
425fe6b4b1a88b4c3e5cd509__PDFV2__CH_0911,284
425fe6b4b1a88b4c3e5cd509__PDFV2__CH_0912,196
425fe6b4b1a88b4c3e5cd509__PDFV2__CH_0913,186
425fe6b4b1a88b4c3e5cd509__PDFV2__CH_0914,74
425fe6b4b1a88b4c3e5cd509__PDFV2__CH_0915,452
425fe6b4b1a88b4c3e5cd509__PDFV2__CH_0916,231
425fe6b4b1a88b4c3e5cd509__PDFV2__CH_0917,256
425fe6b4b1a88b4c3e5cd509__PDFV2__CH_0918,147
425fe6b4b1a88b4c3e5cd509__PDFV2__CH_0919,168
425fe6b4b1a88b4c3e5cd509__PDFV2__CH_0920,258
425fe6b4b1a88b4c3e5cd509__PDFV2__CH_0921,308
425fe6b4b1a88b4c3e5cd509__PDFV2__CH_0922,293
425fe6b4b1a88b4c3e5cd509__PDFV2__CH_0923,234
425fe6b4b1a88b4c3e5cd509__PDFV2__CH_0924,296
425fe6b4b1a88b4c3e5cd509__PDFV2__CH_0925,147
425fe6b4b1a88b4c3e5cd509__PDFV2__CH_0926,115
425fe6b4b1a88b4c3e5cd509__PDFV2__CH_0927,418
425fe6b4b1a88b4c3e5cd509__PDFV2__CH_0928,241
425fe6b4b1a88b4c3e5cd509__PDFV2__CH_0929,327
425fe6b4b1a88b4c3e5cd509__PDFV2__CH_0930,279
425fe6b4b1a88b4c3e5cd509__PDFV2__CH_0931,67
425fe6b4b1a88b4c3e5cd509__PDFV2__CH_0932,435
425fe6b4b1a88b4c3e5cd509__PDFV2__CH_0933,287
425fe6b4b1a88b4c3e5cd509__PDFV2__CH_0934,201
425fe6b4b1a88b4c3e5cd509__PDFV2__CH_0935,319
425fe6b4b1a88b4c3e5cd509__PDFV2__CH_0936,241
425fe6b4b1a88b4c3e5cd509__PDFV2__CH_0937,195
425fe6b4b1a88b4c3e5cd509__PDFV2__CH_0938,409
425fe6b4b1a88b4c3e5cd509__PDFV2__CH_0939,351
425fe6b4b1a88b4c3e5cd509__PDFV2__CH_0940,232
425fe6b4b1a88b4c3e5cd509__PDFV2__CH_0941,465
425fe6b4b1a88b4c3e5cd509__PDFV2__CH_0942,251
425fe6b4b1a88b4c3e5cd509__PDFV2__CH_0943,244
425fe6b4b1a88b4c3e5cd509__PDFV2__CH_0944,226
425fe6b4b1a88b4c3e5cd509__PDFV2__CH_0945,288
425fe6b4b1a88b4c3e5cd509__PDFV2__CH_0946,343
425fe6b4b1a88b4c3e5cd509__PDFV2__CH_0947,306
425fe6b4b1a88b4c3e5cd509__PDFV2__CH_0948,195
425fe6b4b1a88b4c3e5cd509__PDFV2__CH_0949,357
425fe6b4b1a88b4c3e5cd509__PDFV2__CH_0950,355
425fe6b4b1a88b4c3e5cd509__PDFV2__CH_0951,385
425fe6b4b1a88b4c3e5cd509__PDFV2__CH_0952,522
425fe6b4b1a88b4c3e5cd509__PDFV2__CH_0953,313
425fe6b4b1a88b4c3e5cd509__PDFV2__CH_0954,215
425fe6b4b1a88b4c3e5cd509__PDFV2__CH_0955,248
425fe6b4b1a88b4c3e5cd509__PDFV2__CH_0956,264
425fe6b4b1a88b4c3e5cd509__PDFV2__CH_0957__M,578
425fe6b4b1a88b4c3e5cd509__PDFV2__CH_0959,305
425fe6b4b1a88b4c3e5cd509__PDFV2__CH_0960,203
425fe6b4b1a88b4c3e5cd509__PDFV2__CH_0961,244
425fe6b4b1a88b4c3e5cd509__PDFV2__CH_0962,198
425fe6b4b1a88b4c3e5cd509__PDFV2__CH_0963,169
425fe6b4b1a88b4c3e5cd509__PDFV2__CH_0964,189
425fe6b4b1a88b4c3e5cd509__PDFV2__CH_0965,358
425fe6b4b1a88b4c3e5cd509__PDFV2__CH_0966,137
425fe6b4b1a88b4c3e5cd509__PDFV2__CH_0967,154
425fe6b4b1a88b4c3e5cd509__PDFV2__CH_0968,320
425fe6b4b1a88b4c3e5cd509__PDFV2__CH_0969,326
425fe6b4b1a88b4c3e5cd509__PDFV2__CH_0970,205
425fe6b4b1a88b4c3e5cd509__PDFV2__CH_0971,100
425fe6b4b1a88b4c3e5cd509__PDFV2__CH_0972,256
425fe6b4b1a88b4c3e5cd509__PDFV2__CH_0973,70
425fe6b4b1a88b4c3e5cd509__PDFV2__CH_0974,186
425fe6b4b1a88b4c3e5cd509__PDFV2__CH_0975,181
425fe6b4b1a88b4c3e5cd509__PDFV2__CH_0976,211
425fe6b4b1a88b4c3e5cd509__PDFV2__CH_0977,159
425fe6b4b1a88b4c3e5cd509__PDFV2__CH_0978,100
425fe6b4b1a88b4c3e5cd509__PDFV2__CH_0979,96
425fe6b4b1a88b4c3e5cd509__PDFV2__CH_0980__M,358
425fe6b4b1a88b4c3e5cd509__PDFV2__CH_0982,144
425fe6b4b1a88b4c3e5cd509__PDFV2__CH_0983,219
425fe6b4b1a88b4c3e5cd509__PDFV2__CH_0984,190
425fe6b4b1a88b4c3e5cd509__PDFV2__CH_0985,153
425fe6b4b1a88b4c3e5cd509__PDFV2__CH_0986,353
425fe6b4b1a88b4c3e5cd509__PDFV2__CH_0987,231
425fe6b4b1a88b4c3e5cd509__PDFV2__CH_0988,370
425fe6b4b1a88b4c3e5cd509__PDFV2__CH_0989__M,650
425fe6b4b1a88b4c3e5cd509__PDFV2__CH_0992,205
425fe6b4b1a88b4c3e5cd509__PDFV2__CH_0993,291
425fe6b4b1a88b4c3e5cd509__PDFV2__CH_0994,141
425fe6b4b1a88b4c3e5cd509__PDFV2__CH_0995,250
425fe6b4b1a88b4c3e5cd509__PDFV2__CH_0996,180
425fe6b4b1a88b4c3e5cd509__PDFV2__CH_0997,303
425fe6b4b1a88b4c3e5cd509__PDFV2__CH_0998,199
425fe6b4b1a88b4c3e5cd509__PDFV2__CH_0999,305
425fe6b4b1a88b4c3e5cd509__PDFV2__CH_1000,316
425fe6b4b1a88b4c3e5cd509__PDFV2__CH_1001,327
425fe6b4b1a88b4c3e5cd509__PDFV2__CH_1002,302
425fe6b4b1a88b4c3e5cd509__PDFV2__CH_1003,212
425fe6b4b1a88b4c3e5cd509__PDFV2__CH_1004,468
425fe6b4b1a88b4c3e5cd509__PDFV2__CH_1005,341
425fe6b4b1a88b4c3e5cd509__PDFV2__CH_1006,201
425fe6b4b1a88b4c3e5cd509__PDFV2__CH_1007,200
425fe6b4b1a88b4c3e5cd509__PDFV2__CH_1008,93
425fe6b4b1a88b4c3e5cd509__PDFV2__CH_1009,82
425fe6b4b1a88b4c3e5cd509__PDFV2__CH_1011,389
425fe6b4b1a88b4c3e5cd509__PDFV2__CH_1012,355
425fe6b4b1a88b4c3e5cd509__PDFV2__CH_1013,94
425fe6b4b1a88b4c3e5cd509__PDFV2__CH_1014,117
425fe6b4b1a88b4c3e5cd509__PDFV2__CH_1015,206
425fe6b4b1a88b4c3e5cd509__PDFV2__CH_1016,254
425fe6b4b1a88b4c3e5cd509__PDFV2__CH_1017,363
425fe6b4b1a88b4c3e5cd509__PDFV2__CH_1018,111
425fe6b4b1a88b4c3e5cd509__PDFV2__CH_1019,264
425fe6b4b1a88b4c3e5cd509__PDFV2__CH_1020,329
425fe6b4b1a88b4c3e5cd509__PDFV2__CH_1021,48
425fe6b4b1a88b4c3e5cd509__PDFV2__CH_1022,219
425fe6b4b1a88b4c3e5cd509__PDFV2__CH_1023,225
425fe6b4b1a88b4c3e5cd509__PDFV2__CH_1024,219
425fe6b4b1a88b4c3e5cd509__PDFV2__CH_1025,172
425fe6b4b1a88b4c3e5cd509__PDFV2__CH_1026,196
425fe6b4b1a88b4c3e5cd509__PDFV2__CH_1027,141
425fe6b4b1a88b4c3e5cd509__PDFV2__CH_1028,172
425fe6b4b1a88b4c3e5cd509__PDFV2__CH_1029,169
425fe6b4b1a88b4c3e5cd509__PDFV2__CH_1030__M,760
425fe6b4b1a88b4c3e5cd509__PDFV2__CH_1032,55
425fe6b4b1a88b4c3e5cd509__PDFV2__CH_1033,211
425fe6b4b1a88b4c3e5cd509__PDFV2__CH_1034,504
425fe6b4b1a88b4c3e5cd509__PDFV2__CH_1035,278
425fe6b4b1a88b4c3e5cd509__PDFV2__CH_1036__M,534
425fe6b4b1a88b4c3e5cd509__PDFV2__CH_1038,214
425fe6b4b1a88b4c3e5cd509__PDFV2__CH_1039,212
425fe6b4b1a88b4c3e5cd509__PDFV2__CH_1040,215
425fe6b4b1a88b4c3e5cd509__PDFV2__CH_1041,207
425fe6b4b1a88b4c3e5cd509__PDFV2__CH_1042,258
425fe6b4b1a88b4c3e5cd509__PDFV2__CH_1043,199
425fe6b4b1a88b4c3e5cd509__PDFV2__CH_1044,229
425fe6b4b1a88b4c3e5cd509__PDFV2__CH_1045,297
425fe6b4b1a88b4c3e5cd509__PDFV2__CH_1046,335
425fe6b4b1a88b4c3e5cd509__PDFV2__CH_1047,254
425fe6b4b1a88b4c3e5cd509__PDFV2__CH_1048,212
425fe6b4b1a88b4c3e5cd509__PDFV2__CH_1049,175
425fe6b4b1a88b4c3e5cd509__PDFV2__CH_1050,200
425fe6b4b1a88b4c3e5cd509__PDFV2__CH_1051__M,532
425fe6b4b1a88b4c3e5cd509__PDFV2__CH_1053,315
425fe6b4b1a88b4c3e5cd509__PDFV2__CH_1054__M,622
425fe6b4b1a88b4c3e5cd509__PDFV2__CH_1056__M,855
425fe6b4b1a88b4c3e5cd509__PDFV2__CH_1059,442
425fe6b4b1a88b4c3e5cd509__PDFV2__CH_1060,631
425fe6b4b1a88b4c3e5cd509__PDFV2__CH_1061,313
425fe6b4b1a88b4c3e5cd509__PDFV2__CH_1062,310
425fe6b4b1a88b4c3e5cd509__PDFV2__CH_1063,94
425fe6b4b1a88b4c3e5cd509__PDFV2__CH_1064,259
425fe6b4b1a88b4c3e5cd509__PDFV2__CH_1065,409
425fe6b4b1a88b4c3e5cd509__PDFV2__CH_1066,260
425fe6b4b1a88b4c3e5cd509__PDFV2__CH_1067,280
425fe6b4b1a88b4c3e5cd509__PDFV2__CH_1068,312
425fe6b4b1a88b4c3e5cd509__PDFV2__CH_1069,172
425fe6b4b1a88b4c3e5cd509__PDFV2__CH_1070,377
425fe6b4b1a88b4c3e5cd509__PDFV2__CH_1071,249
425fe6b4b1a88b4c3e5cd509__PDFV2__CH_1072,517
425fe6b4b1a88b4c3e5cd509__PDFV2__CH_1073,609
425fe6b4b1a88b4c3e5cd509__PDFV2__CH_1074,258
425fe6b4b1a88b4c3e5cd509__PDFV2__CH_1075,252
425fe6b4b1a88b4c3e5cd509__PDFV2__CH_1076,155
425fe6b4b1a88b4c3e5cd509__PDFV2__CH_1077,400
425fe6b4b1a88b4c3e5cd509__PDFV2__CH_1078,252
425fe6b4b1a88b4c3e5cd509__PDFV2__CH_1079,248
425fe6b4b1a88b4c3e5cd509__PDFV2__CH_1080,237
425fe6b4b1a88b4c3e5cd509__PDFV2__CH_1081,244
425fe6b4b1a88b4c3e5cd509__PDFV2__CH_1082,278
425fe6b4b1a88b4c3e5cd509__PDFV2__CH_1083,342
425fe6b4b1a88b4c3e5cd509__PDFV2__CH_1084,517
425fe6b4b1a88b4c3e5cd509__PDFV2__CH_1085,343
425fe6b4b1a88b4c3e5cd509__PDFV2__CH_1086,431
425fe6b4b1a88b4c3e5cd509__PDFV2__CH_1087,231
425fe6b4b1a88b4c3e5cd509__PDFV2__CH_1088,288
425fe6b4b1a88b4c3e5cd509__PDFV2__CH_1089,235
425fe6b4b1a88b4c3e5cd509__PDFV2__CH_1090,330
425fe6b4b1a88b4c3e5cd509__PDFV2__CH_1091,204
425fe6b4b1a88b4c3e5cd509__PDFV2__CH_1092,258
425fe6b4b1a88b4c3e5cd509__PDFV2__CH_1093,261
425fe6b4b1a88b4c3e5cd509__PDFV2__CH_1094,295
425fe6b4b1a88b4c3e5cd509__PDFV2__CH_1095,227
425fe6b4b1a88b4c3e5cd509__PDFV2__CH_1096,228
425fe6b4b1a88b4c3e5cd509__PDFV2__CH_1097,262
425fe6b4b1a88b4c3e5cd509__PDFV2__CH_1098,228
425fe6b4b1a88b4c3e5cd509__PDFV2__CH_1099,207
425fe6b4b1a88b4c3e5cd509__PDFV2__CH_1100,176
425fe6b4b1a88b4c3e5cd509__PDFV2__CH_1101__M,308
425fe6b4b1a88b4c3e5cd509__PDFV2__CH_1103,199
425fe6b4b1a88b4c3e5cd509__PDFV2__CH_1104,173
425fe6b4b1a88b4c3e5cd509__PDFV2__CH_1105,169
425fe6b4b1a88b4c3e5cd509__PDFV2__CH_1106,267
425fe6b4b1a88b4c3e5cd509__PDFV2__CH_1107,213
425fe6b4b1a88b4c3e5cd509__PDFV2__CH_1108,318
425fe6b4b1a88b4c3e5cd509__PDFV2__CH_1109,251
425fe6b4b1a88b4c3e5cd509__PDFV2__CH_1110,99
425fe6b4b1a88b4c3e5cd509__PDFV2__CH_1111,232
425fe6b4b1a88b4c3e5cd509__PDFV2__CH_1112,206
425fe6b4b1a88b4c3e5cd509__PDFV2__CH_1113,229
425fe6b4b1a88b4c3e5cd509__PDFV2__CH_1114,165
425fe6b4b1a88b4c3e5cd509__PDFV2__CH_1115,234
425fe6b4b1a88b4c3e5cd509__PDFV2__CH_1116,125
425fe6b4b1a88b4c3e5cd509__PDFV2__CH_1117,250
425fe6b4b1a88b4c3e5cd509__PDFV2__CH_1118,208
425fe6b4b1a88b4c3e5cd509__PDFV2__CH_1119,260
425fe6b4b1a88b4c3e5cd509__PDFV2__CH_1120,134
425fe6b4b1a88b4c3e5cd509__PDFV2__CH_1121,194
425fe6b4b1a88b4c3e5cd509__PDFV2__CH_1122,301
425fe6b4b1a88b4c3e5cd509__PDFV2__CH_1123,52
425fe6b4b1a88b4c3e5cd509__PDFV2__CH_1124,166
425fe6b4b1a88b4c3e5cd509__PDFV2__CH_1125,98
425fe6b4b1a88b4c3e5cd509__PDFV2__CH_1126,189
425fe6b4b1a88b4c3e5cd509__PDFV2__CH_1127,221
425fe6b4b1a88b4c3e5cd509__PDFV2__CH_1128__M,397
425fe6b4b1a88b4c3e5cd509__PDFV2__CH_1130,127
425fe6b4b1a88b4c3e5cd509__PDFV2__CH_1132,290
425fe6b4b1a88b4c3e5cd509__PDFV2__CH_1133,205
425fe6b4b1a88b4c3e5cd509__PDFV2__CH_1134,173
425fe6b4b1a88b4c3e5cd509__PDFV2__CH_1135,180
425fe6b4b1a88b4c3e5cd509__PDFV2__CH_1136__M,467
425fe6b4b1a88b4c3e5cd509__PDFV2__CH_1138,90
425fe6b4b1a88b4c3e5cd509__PDFV2__CH_1139,151
425fe6b4b1a88b4c3e5cd509__PDFV2__CH_1140,48
425fe6b4b1a88b4c3e5cd509__PDFV2__CH_1141,278
425fe6b4b1a88b4c3e5cd509__PDFV2__CH_1142,249
425fe6b4b1a88b4c3e5cd509__PDFV2__CH_1143,305
425fe6b4b1a88b4c3e5cd509__PDFV2__CH_1144,221
425fe6b4b1a88b4c3e5cd509__PDFV2__CH_1145,155
425fe6b4b1a88b4c3e5cd509__PDFV2__CH_1146,194
425fe6b4b1a88b4c3e5cd509__PDFV2__CH_1147__M,377
425fe6b4b1a88b4c3e5cd509__PDFV2__CH_1149,269
425fe6b4b1a88b4c3e5cd509__PDFV2__CH_1150,152
425fe6b4b1a88b4c3e5cd509__PDFV2__CH_1151,366
425fe6b4b1a88b4c3e5cd509__PDFV2__CH_1152,295
425fe6b4b1a88b4c3e5cd509__PDFV2__CH_1153,378
425fe6b4b1a88b4c3e5cd509__PDFV2__CH_1154,182
425fe6b4b1a88b4c3e5cd509__PDFV2__CH_1155,155
425fe6b4b1a88b4c3e5cd509__PDFV2__CH_1156,72
425fe6b4b1a88b4c3e5cd509__PDFV2__CH_1157,195
425fe6b4b1a88b4c3e5cd509__PDFV2__CH_1158,37
425fe6b4b1a88b4c3e5cd509__PDFV2__CH_1170,93
425fe6b4b1a88b4c3e5cd509__PDFV2__CH_1171,108
425fe6b4b1a88b4c3e5cd509__PDFV2__CH_1172,190
425fe6b4b1a88b4c3e5cd509__PDFV2__CH_1173,224
425fe6b4b1a88b4c3e5cd509__PDFV2__CH_1174,266
425fe6b4b1a88b4c3e5cd509__PDFV2__CH_1175,257
425fe6b4b1a88b4c3e5cd509__PDFV2__CH_1176,135
425fe6b4b1a88b4c3e5cd509__PDFV2__CH_1177,140
425fe6b4b1a88b4c3e5cd509__PDFV2__CH_1178,212
425fe6b4b1a88b4c3e5cd509__PDFV2__CH_1179,299
425fe6b4b1a88b4c3e5cd509__PDFV2__CH_1180,335
425fe6b4b1a88b4c3e5cd509__PDFV2__CH_1181,241
425fe6b4b1a88b4c3e5cd509__PDFV2__CH_1182,229
425fe6b4b1a88b4c3e5cd509__PDFV2__CH_1183__M,480
425fe6b4b1a88b4c3e5cd509__PDFV2__CH_1185,183
425fe6b4b1a88b4c3e5cd509__PDFV2__CH_1186,134
425fe6b4b1a88b4c3e5cd509__PDFV2__CH_1187,160
425fe6b4b1a88b4c3e5cd509__PDFV2__CH_1188,156
425fe6b4b1a88b4c3e5cd509__PDFV2__CH_1191,70
425fe6b4b1a88b4c3e5cd509__PDFV2__CH_1192,215
425fe6b4b1a88b4c3e5cd509__PDFV2__CH_1193,310
425fe6b4b1a88b4c3e5cd509__PDFV2__CH_1194,168
425fe6b4b1a88b4c3e5cd509__PDFV2__CH_1197,230
425fe6b4b1a88b4c3e5cd509__PDFV2__CH_1198,282
425fe6b4b1a88b4c3e5cd509__PDFV2__CH_1199,300
425fe6b4b1a88b4c3e5cd509__PDFV2__CH_1200,375
425fe6b4b1a88b4c3e5cd509__PDFV2__CH_1201,176
425fe6b4b1a88b4c3e5cd509__PDFV2__CH_1202,163
425fe6b4b1a88b4c3e5cd509__PDFV2__CH_1203,591
425fe6b4b1a88b4c3e5cd509__PDFV2__CH_1204,231
425fe6b4b1a88b4c3e5cd509__PDFV2__CH_1205,211
425fe6b4b1a88b4c3e5cd509__PDFV2__CH_1206,138
425fe6b4b1a88b4c3e5cd509__PDFV2__CH_1207,346
425fe6b4b1a88b4c3e5cd509__PDFV2__CH_1208,197
425fe6b4b1a88b4c3e5cd509__PDFV2__CH_1209,203
425fe6b4b1a88b4c3e5cd509__PDFV2__CH_1210,364
425fe6b4b1a88b4c3e5cd509__PDFV2__CH_1211,322
425fe6b4b1a88b4c3e5cd509__PDFV2__CH_1212,226
425fe6b4b1a88b4c3e5cd509__PDFV2__CH_1213,207
425fe6b4b1a88b4c3e5cd509__PDFV2__CH_1216,235
425fe6b4b1a88b4c3e5cd509__PDFV2__CH_1217,334
425fe6b4b1a88b4c3e5cd509__PDFV2__CH_1218,309
425fe6b4b1a88b4c3e5cd509__PDFV2__CH_1219,170
425fe6b4b1a88b4c3e5cd509__PDFV2__CH_1220,419
425fe6b4b1a88b4c3e5cd509__PDFV2__CH_1222,236
425fe6b4b1a88b4c3e5cd509__PDFV2__CH_1223,228
425fe6b4b1a88b4c3e5cd509__PDFV2__CH_1224,438
425fe6b4b1a88b4c3e5cd509__PDFV2__CH_1225__M,732
425fe6b4b1a88b4c3e5cd509__PDFV2__CH_1227,236
425fe6b4b1a88b4c3e5cd509__PDFV2__CH_1229,109
425fe6b4b1a88b4c3e5cd509__PDFV2__CH_1230,363
425fe6b4b1a88b4c3e5cd509__PDFV2__CH_1231,304
425fe6b4b1a88b4c3e5cd509__PDFV2__CH_1232,179
425fe6b4b1a88b4c3e5cd509__PDFV2__CH_1233__M,775
425fe6b4b1a88b4c3e5cd509__PDFV2__CH_1235,394
425fe6b4b1a88b4c3e5cd509__PDFV2__CH_1236,448
425fe6b4b1a88b4c3e5cd509__PDFV2__CH_1237,315
425fe6b4b1a88b4c3e5cd509__PDFV2__CH_1238,446
425fe6b4b1a88b4c3e5cd509__PDFV2__CH_1239,285
425fe6b4b1a88b4c3e5cd509__PDFV2__CH_1240,286
425fe6b4b1a88b4c3e5cd509__PDFV2__CH_1241,673
425fe6b4b1a88b4c3e5cd509__PDFV2__CH_1242,651
425fe6b4b1a88b4c3e5cd509__PDFV2__CH_1243,304
425fe6b4b1a88b4c3e5cd509__PDFV2__CH_1244,378
425fe6b4b1a88b4c3e5cd509__PDFV2__CH_1245,359
425fe6b4b1a88b4c3e5cd509__PDFV2__CH_1246,165
425fe6b4b1a88b4c3e5cd509__PDFV2__CH_1249,271
425fe6b4b1a88b4c3e5cd509__PDFV2__CH_1250,278
425fe6b4b1a88b4c3e5cd509__PDFV2__CH_1252,291
425fe6b4b1a88b4c3e5cd509__PDFV2__CH_1253,293
425fe6b4b1a88b4c3e5cd509__PDFV2__CH_1254__M,500
425fe6b4b1a88b4c3e5cd509__PDFV2__CH_1256,125
425fe6b4b1a88b4c3e5cd509__PDFV2__CH_1257,251
425fe6b4b1a88b4c3e5cd509__PDFV2__CH_1258,135
425fe6b4b1a88b4c3e5cd509__PDFV2__CH_1259,293
425fe6b4b1a88b4c3e5cd509__PDFV2__CH_1260,235
425fe6b4b1a88b4c3e5cd509__PDFV2__CH_1261,297
425fe6b4b1a88b4c3e5cd509__PDFV2__CH_1262__M,431
425fe6b4b1a88b4c3e5cd509__PDFV2__CH_1264,193
425fe6b4b1a88b4c3e5cd509__PDFV2__CH_1265,124
425fe6b4b1a88b4c3e5cd509__PDFV2__CH_1266,371
425fe6b4b1a88b4c3e5cd509__PDFV2__CH_1267,206
425fe6b4b1a88b4c3e5cd509__PDFV2__CH_1268,372
425fe6b4b1a88b4c3e5cd509__PDFV2__CH_1269,187
425fe6b4b1a88b4c3e5cd509__PDFV2__CH_1271,290
425fe6b4b1a88b4c3e5cd509__PDFV2__CH_1272,314
425fe6b4b1a88b4c3e5cd509__PDFV2__CH_1273,395
425fe6b4b1a88b4c3e5cd509__PDFV2__CH_1274,269
425fe6b4b1a88b4c3e5cd509__PDFV2__CH_1275,344
425fe6b4b1a88b4c3e5cd509__PDFV2__CH_1276,247
425fe6b4b1a88b4c3e5cd509__PDFV2__CH_1277,267
425fe6b4b1a88b4c3e5cd509__PDFV2__CH_1278,274
425fe6b4b1a88b4c3e5cd509__PDFV2__CH_1279,302
425fe6b4b1a88b4c3e5cd509__PDFV2__CH_1280__M,1009
425fe6b4b1a88b4c3e5cd509__PDFV2__CH_1282,295
425fe6b4b1a88b4c3e5cd509__PDFV2__CH_1283,161
425fe6b4b1a88b4c3e5cd509__PDFV2__CH_1284,442
425fe6b4b1a88b4c3e5cd509__PDFV2__CH_1286,408
425fe6b4b1a88b4c3e5cd509__PDFV2__CH_1287,222
425fe6b4b1a88b4c3e5cd509__PDFV2__CH_1288,397
425fe6b4b1a88b4c3e5cd509__PDFV2__CH_1289,218
425fe6b4b1a88b4c3e5cd509__PDFV2__CH_1290,157
425fe6b4b1a88b4c3e5cd509__PDFV2__CH_1291,179
425fe6b4b1a88b4c3e5cd509__PDFV2__CH_1292__M,645
425fe6b4b1a88b4c3e5cd509__PDFV2__CH_1295,210
425fe6b4b1a88b4c3e5cd509__PDFV2__CH_1296,304
425fe6b4b1a88b4c3e5cd509__PDFV2__CH_1297,228
425fe6b4b1a88b4c3e5cd509__PDFV2__CH_1298,215
425fe6b4b1a88b4c3e5cd509__PDFV2__CH_1299,252
425fe6b4b1a88b4c3e5cd509__PDFV2__CH_1300__M,449
425fe6b4b1a88b4c3e5cd509__PDFV2__CH_1302__M,538
425fe6b4b1a88b4c3e5cd509__PDFV2__CH_1304,201
425fe6b4b1a88b4c3e5cd509__PDFV2__CH_1305,231
425fe6b4b1a88b4c3e5cd509__PDFV2__CH_1306,241
425fe6b4b1a88b4c3e5cd509__PDFV2__CH_1307,291
425fe6b4b1a88b4c3e5cd509__PDFV2__CH_1308,470
425fe6b4b1a88b4c3e5cd509__PDFV2__CH_1309__M,1065
425fe6b4b1a88b4c3e5cd509__PDFV2__CH_1312,192
425fe6b4b1a88b4c3e5cd509__PDFV2__CH_1313,87
425fe6b4b1a88b4c3e5cd509__PDFV2__CH_1314,217
425fe6b4b1a88b4c3e5cd509__PDFV2__CH_1318,496
425fe6b4b1a88b4c3e5cd509__PDFV2__CH_1319,256
425fe6b4b1a88b4c3e5cd509__PDFV2__CH_1321,302
425fe6b4b1a88b4c3e5cd509__PDFV2__CH_1322,188
425fe6b4b1a88b4c3e5cd509__PDFV2__CH_1323,162
425fe6b4b1a88b4c3e5cd509__PDFV2__CH_1324,225
425fe6b4b1a88b4c3e5cd509__PDFV2__CH_1325,268
425fe6b4b1a88b4c3e5cd509__PDFV2__CH_1326,225
425fe6b4b1a88b4c3e5cd509__PDFV2__CH_1327,196
425fe6b4b1a88b4c3e5cd509__PDFV2__CH_1328__M,405
425fe6b4b1a88b4c3e5cd509__PDFV2__CH_1331,290
425fe6b4b1a88b4c3e5cd509__PDFV2__CH_1332,332
425fe6b4b1a88b4c3e5cd509__PDFV2__CH_1333,302
425fe6b4b1a88b4c3e5cd509__PDFV2__CH_1334,254
425fe6b4b1a88b4c3e5cd509__PDFV2__CH_1336,452
425fe6b4b1a88b4c3e5cd509__PDFV2__CH_1337,404
425fe6b4b1a88b4c3e5cd509__PDFV2__CH_1338,203
425fe6b4b1a88b4c3e5cd509__PDFV2__CH_1339,238
425fe6b4b1a88b4c3e5cd509__PDFV2__CH_1340,258
425fe6b4b1a88b4c3e5cd509__PDFV2__CH_1341__M,364
425fe6b4b1a88b4c3e5cd509__PDFV2__CH_1347,161
425fe6b4b1a88b4c3e5cd509__PDFV2__CH_1348__M,535
425fe6b4b1a88b4c3e5cd509__PDFV2__CH_1350,292
425fe6b4b1a88b4c3e5cd509__PDFV2__CH_1352__M,587
425fe6b4b1a88b4c3e5cd509__PDFV2__CH_1354__M,515
425fe6b4b1a88b4c3e5cd509__PDFV2__CH_1356,214
425fe6b4b1a88b4c3e5cd509__PDFV2__CH_1357,247
425fe6b4b1a88b4c3e5cd509__PDFV2__CH_1358__M,964
425fe6b4b1a88b4c3e5cd509__PDFV2__CH_1361,251
425fe6b4b1a88b4c3e5cd509__PDFV2__CH_1362,239
425fe6b4b1a88b4c3e5cd509__PDFV2__CH_1363,246
425fe6b4b1a88b4c3e5cd509__PDFV2__CH_1364,362
425fe6b4b1a88b4c3e5cd509__PDFV2__CH_1365,244
425fe6b4b1a88b4c3e5cd509__PDFV2__CH_1366,276
425fe6b4b1a88b4c3e5cd509__PDFV2__CH_1367,213
425fe6b4b1a88b4c3e5cd509__PDFV2__CH_1370,368
425fe6b4b1a88b4c3e5cd509__PDFV2__CH_1371,315
425fe6b4b1a88b4c3e5cd509__PDFV2__CH_1372__M,968
425fe6b4b1a88b4c3e5cd509__PDFV2__CH_1375,296
425fe6b4b1a88b4c3e5cd509__PDFV2__CH_1376,188
425fe6b4b1a88b4c3e5cd509__PDFV2__CH_1377__M,420
425fe6b4b1a88b4c3e5cd509__PDFV2__CH_1379,123
425fe6b4b1a88b4c3e5cd509__PDFV2__CH_1380,400
425fe6b4b1a88b4c3e5cd509__PDFV2__CH_1381__M,606
425fe6b4b1a88b4c3e5cd509__PDFV2__CH_1383,97
425fe6b4b1a88b4c3e5cd509__PDFV2__CH_1385__M,426
425fe6b4b1a88b4c3e5cd509__PDFV2__CH_1387,219
425fe6b4b1a88b4c3e5cd509__PDFV2__CH_1388,323
425fe6b4b1a88b4c3e5cd509__PDFV2__CH_1389,271
425fe6b4b1a88b4c3e5cd509__PDFV2__CH_1391,156
425fe6b4b1a88b4c3e5cd509__PDFV2__CH_1392,236
425fe6b4b1a88b4c3e5cd509__PDFV2__CH_1393,178
425fe6b4b1a88b4c3e5cd509__PDFV2__CH_1395__M,452
425fe6b4b1a88b4c3e5cd509__PDFV2__CH_1397,127
425fe6b4b1a88b4c3e5cd509__PDFV2__CH_1398,151
425fe6b4b1a88b4c3e5cd509__PDFV2__CH_1399,62
425fe6b4b1a88b4c3e5cd509__PDFV2__CH_1400,219
425fe6b4b1a88b4c3e5cd509__PDFV2__CH_1401,328
425fe6b4b1a88b4c3e5cd509__PDFV2__CH_1402,190
425fe6b4b1a88b4c3e5cd509__PDFV2__CH_1404__M,485
425fe6b4b1a88b4c3e5cd509__PDFV2__CH_1406,204
425fe6b4b1a88b4c3e5cd509__PDFV2__CH_1407,412
425fe6b4b1a88b4c3e5cd509__PDFV2__CH_1408,391
425fe6b4b1a88b4c3e5cd509__PDFV2__CH_1409,320
425fe6b4b1a88b4c3e5cd509__PDFV2__CH_1410,411
425fe6b4b1a88b4c3e5cd509__PDFV2__CH_1411,208
425fe6b4b1a88b4c3e5cd509__PDFV2__CH_1414__M,610
425fe6b4b1a88b4c3e5cd509__PDFV2__CH_1416,209
425fe6b4b1a88b4c3e5cd509__PDFV2__CH_1417,349
425fe6b4b1a88b4c3e5cd509__PDFV2__CH_1418,279
425fe6b4b1a88b4c3e5cd509__PDFV2__CH_1419,197
425fe6b4b1a88b4c3e5cd509__PDFV2__CH_1420,230
425fe6b4b1a88b4c3e5cd509__PDFV2__CH_1421,298
425fe6b4b1a88b4c3e5cd509__PDFV2__CH_1422,343
425fe6b4b1a88b4c3e5cd509__PDFV2__CH_1423,182
425fe6b4b1a88b4c3e5cd509__PDFV2__CH_1424__M,474
425fe6b4b1a88b4c3e5cd509__PDFV2__CH_1426__M,408
425fe6b4b1a88b4c3e5cd509__PDFV2__CH_1428__M,769
425fe6b4b1a88b4c3e5cd509__PDFV2__CH_1431__M,205
425fe6b4b1a88b4c3e5cd509__PDFV2__CH_1433,415
425fe6b4b1a88b4c3e5cd509__PDFV2__CH_1434__M,628
425fe6b4b1a88b4c3e5cd509__PDFV2__CH_1436,306
425fe6b4b1a88b4c3e5cd509__PDFV2__CH_1437,232
425fe6b4b1a88b4c3e5cd509__PDFV2__CH_1439,127
425fe6b4b1a88b4c3e5cd509__PDFV2__CH_1440,81
425fe6b4b1a88b4c3e5cd509__PDFV2__CH_1441,101
425fe6b4b1a88b4c3e5cd509__PDFV2__CH_1442,107
425fe6b4b1a88b4c3e5cd509__PDFV2__CH_1443,323
425fe6b4b1a88b4c3e5cd509__PDFV2__CH_1444,252
425fe6b4b1a88b4c3e5cd509__PDFV2__CH_1448,148
425fe6b4b1a88b4c3e5cd509__PDFV2__CH_1449,306
425fe6b4b1a88b4c3e5cd509__PDFV2__CH_1450,217
425fe6b4b1a88b4c3e5cd509__PDFV2__CH_1451,176
425fe6b4b1a88b4c3e5cd509__PDFV2__CH_1452__M,411
425fe6b4b1a88b4c3e5cd509__PDFV2__CH_1454,311
425fe6b4b1a88b4c3e5cd509__PDFV2__CH_1455,176
425fe6b4b1a88b4c3e5cd509__PDFV2__CH_1456,68
425fe6b4b1a88b4c3e5cd509__PDFV2__CH_1457,147
425fe6b4b1a88b4c3e5cd509__PDFV2__CH_1458__M,603
425fe6b4b1a88b4c3e5cd509__PDFV2__CH_1462__M,432
425fe6b4b1a88b4c3e5cd509__PDFV2__CH_1464,276
425fe6b4b1a88b4c3e5cd509__PDFV2__CH_1466,139
425fe6b4b1a88b4c3e5cd509__PDFV2__CH_1468__M,932
425fe6b4b1a88b4c3e5cd509__PDFV2__CH_1472,226
425fe6b4b1a88b4c3e5cd509__PDFV2__CH_1473__M,1033
425fe6b4b1a88b4c3e5cd509__PDFV2__CH_1477__M,522
425fe6b4b1a88b4c3e5cd509__PDFV2__CH_1479,225
425fe6b4b1a88b4c3e5cd509__PDFV2__CH_1480,204
425fe6b4b1a88b4c3e5cd509__PDFV2__CH_1481,226
425fe6b4b1a88b4c3e5cd509__PDFV2__CH_1482,194
425fe6b4b1a88b4c3e5cd509__PDFV2__CH_1483,270
425fe6b4b1a88b4c3e5cd509__PDFV2__CH_1484,338
425fe6b4b1a88b4c3e5cd509__PDFV2__CH_1485,339
425fe6b4b1a88b4c3e5cd509__PDFV2__CH_1486,414
425fe6b4b1a88b4c3e5cd509__PDFV2__CH_1487,262
425fe6b4b1a88b4c3e5cd509__PDFV2__CH_1488,270
425fe6b4b1a88b4c3e5cd509__PDFV2__CH_1489,314
425fe6b4b1a88b4c3e5cd509__PDFV2__CH_1491,119
425fe6b4b1a88b4c3e5cd509__PDFV2__CH_1492,75
425fe6b4b1a88b4c3e5cd509__PDFV2__CH_1494,259
425fe6b4b1a88b4c3e5cd509__PDFV2__CH_1495,253
425fe6b4b1a88b4c3e5cd509__PDFV2__CH_1497__M,660
425fe6b4b1a88b4c3e5cd509__PDFV2__CH_1500__M,741
425fe6b4b1a88b4c3e5cd509__PDFV2__CH_1503,291
425fe6b4b1a88b4c3e5cd509__PDFV2__CH_1504,291
425fe6b4b1a88b4c3e5cd509__PDFV2__CH_1505,373
425fe6b4b1a88b4c3e5cd509__PDFV2__CH_1507,265
425fe6b4b1a88b4c3e5cd509__PDFV2__CH_1508,267
425fe6b4b1a88b4c3e5cd509__PDFV2__CH_1509,290
425fe6b4b1a88b4c3e5cd509__PDFV2__CH_1510,277
425fe6b4b1a88b4c3e5cd509__PDFV2__CH_1511,88
425fe6b4b1a88b4c3e5cd509__PDFV2__CH_1512__M,724
425fe6b4b1a88b4c3e5cd509__PDFV2__CH_1515,252
425fe6b4b1a88b4c3e5cd509__PDFV2__CH_1516,227
425fe6b4b1a88b4c3e5cd509__PDFV2__CH_1517,452
425fe6b4b1a88b4c3e5cd509__PDFV2__CH_1518,267
425fe6b4b1a88b4c3e5cd509__PDFV2__CH_1519,413
425fe6b4b1a88b4c3e5cd509__PDFV2__CH_1521,259
425fe6b4b1a88b4c3e5cd509__PDFV2__CH_1522,249
425fe6b4b1a88b4c3e5cd509__PDFV2__CH_1523,382
425fe6b4b1a88b4c3e5cd509__PDFV2__CH_1524,302
425fe6b4b1a88b4c3e5cd509__PDFV2__CH_1525__M,596
425fe6b4b1a88b4c3e5cd509__PDFV2__CH_1527,275
425fe6b4b1a88b4c3e5cd509__PDFV2__CH_1529,278
425fe6b4b1a88b4c3e5cd509__PDFV2__CH_1531,142
425fe6b4b1a88b4c3e5cd509__PDFV2__CH_1532,251
425fe6b4b1a88b4c3e5cd509__PDFV2__CH_1537__M,532
425fe6b4b1a88b4c3e5cd509__PDFV2__CH_1539,214
425fe6b4b1a88b4c3e5cd509__PDFV2__CH_1541,207
425fe6b4b1a88b4c3e5cd509__PDFV2__CH_1542__M,544
425fe6b4b1a88b4c3e5cd509__PDFV2__CH_1545,100
425fe6b4b1a88b4c3e5cd509__PDFV2__CH_1546,166
425fe6b4b1a88b4c3e5cd509__PDFV2__CH_1547,100
425fe6b4b1a88b4c3e5cd509__PDFV2__CH_1548,140
425fe6b4b1a88b4c3e5cd509__PDFV2__CH_1549,244
425fe6b4b1a88b4c3e5cd509__PDFV2__CH_1551,164
425fe6b4b1a88b4c3e5cd509__PDFV2__CH_1553,101
425fe6b4b1a88b4c3e5cd509__PDFV2__CH_1554__M,531
425fe6b4b1a88b4c3e5cd509__PDFV2__CH_1557,134
425fe6b4b1a88b4c3e5cd509__PDFV2__CH_1558,257
425fe6b4b1a88b4c3e5cd509__PDFV2__CH_1559,326
425fe6b4b1a88b4c3e5cd509__PDFV2__CH_1560,273
425fe6b4b1a88b4c3e5cd509__PDFV2__CH_1561,1099
425fe6b4b1a88b4c3e5cd509__PDFV2__CH_1562__M,281
425fe6b4b1a88b4c3e5cd509__PDFV2__CH_1565__M,760
425fe6b4b1a88b4c3e5cd509__PDFV2__CH_1569,215
425fe6b4b1a88b4c3e5cd509__PDFV2__CH_1570,100
425fe6b4b1a88b4c3e5cd509__PDFV2__CH_1571,218
425fe6b4b1a88b4c3e5cd509__PDFV2__CH_1572__M,206
425fe6b4b1a88b4c3e5cd509__PDFV2__CH_1574,141
425fe6b4b1a88b4c3e5cd509__PDFV2__CH_1575,393
425fe6b4b1a88b4c3e5cd509__PDFV2__CH_1576,428
425fe6b4b1a88b4c3e5cd509__PDFV2__CH_1577,291
425fe6b4b1a88b4c3e5cd509__PDFV2__CH_1578__M,660
425fe6b4b1a88b4c3e5cd509__PDFV2__CH_1581,141
425fe6b4b1a88b4c3e5cd509__PDFV2__CH_1582,296
425fe6b4b1a88b4c3e5cd509__PDFV2__CH_1583,213
425fe6b4b1a88b4c3e5cd509__PDFV2__CH_1585,493
425fe6b4b1a88b4c3e5cd509__PDFV2__CH_1586,237
425fe6b4b1a88b4c3e5cd509__PDFV2__CH_1587,361
425fe6b4b1a88b4c3e5cd509__PDFV2__CH_1588,388
425fe6b4b1a88b4c3e5cd509__PDFV2__CH_1589,387
425fe6b4b1a88b4c3e5cd509__PDFV2__CH_1590,287
425fe6b4b1a88b4c3e5cd509__PDFV2__CH_1591,228
425fe6b4b1a88b4c3e5cd509__PDFV2__CH_1592,313
425fe6b4b1a88b4c3e5cd509__PDFV2__CH_1593,409
425fe6b4b1a88b4c3e5cd509__PDFV2__CH_1594,332
425fe6b4b1a88b4c3e5cd509__PDFV2__CH_1595,329
425fe6b4b1a88b4c3e5cd509__PDFV2__CH_1596,334
425fe6b4b1a88b4c3e5cd509__PDFV2__CH_1597,323
425fe6b4b1a88b4c3e5cd509__PDFV2__CH_1598,335
425fe6b4b1a88b4c3e5cd509__PDFV2__CH_1599,409
425fe6b4b1a88b4c3e5cd509__PDFV2__CH_1600,329
425fe6b4b1a88b4c3e5cd509__PDFV2__CH_1601,353
425fe6b4b1a88b4c3e5cd509__PDFV2__CH_1602,361
425fe6b4b1a88b4c3e5cd509__PDFV2__CH_1603,270
425fe6b4b1a88b4c3e5cd509__PDFV2__CH_1604,190
425fe6b4b1a88b4c3e5cd509__PDFV2__CH_1605,139
425fe6b4b1a88b4c3e5cd509__PDFV2__CH_1606,135
425fe6b4b1a88b4c3e5cd509__PDFV2__CH_1607,125
425fe6b4b1a88b4c3e5cd509__PDFV2__CH_1608,207
425fe6b4b1a88b4c3e5cd509__PDFV2__CH_1609,196
425fe6b4b1a88b4c3e5cd509__PDFV2__CH_1610,152
425fe6b4b1a88b4c3e5cd509__PDFV2__CH_1611,157
425fe6b4b1a88b4c3e5cd509__PDFV2__CH_1612,201
425fe6b4b1a88b4c3e5cd509__PDFV2__CH_1613,254
425fe6b4b1a88b4c3e5cd509__PDFV2__CH_1614,96
425fe6b4b1a88b4c3e5cd509__PDFV2__CH_1615,179
425fe6b4b1a88b4c3e5cd509__PDFV2__CH_1616,217
425fe6b4b1a88b4c3e5cd509__PDFV2__CH_1617,259
425fe6b4b1a88b4c3e5cd509__PDFV2__CH_1618,230
425fe6b4b1a88b4c3e5cd509__PDFV2__CH_1619,167
425fe6b4b1a88b4c3e5cd509__PDFV2__CH_1620,238
425fe6b4b1a88b4c3e5cd509__PDFV2__CH_1621,362
425fe6b4b1a88b4c3e5cd509__PDFV2__CH_1622,85
425fe6b4b1a88b4c3e5cd509__PDFV2__CH_1623,265
425fe6b4b1a88b4c3e5cd509__PDFV2__CH_1624,246
425fe6b4b1a88b4c3e5cd509__PDFV2__CH_1625,38
425fe6b4b1a88b4c3e5cd509__PDFV2__CH_1627__M,405
425fe6b4b1a88b4c3e5cd509__PDFV2__CH_1629,208
425fe6b4b1a88b4c3e5cd509__PDFV2__CH_1630,341
425fe6b4b1a88b4c3e5cd509__PDFV2__CH_1631,193
425fe6b4b1a88b4c3e5cd509__PDFV2__CH_1632,335
425fe6b4b1a88b4c3e5cd509__PDFV2__CH_1633,179
425fe6b4b1a88b4c3e5cd509__PDFV2__CH_1634__S1,122
425fe6b4b1a88b4c3e5cd509__PDFV2__CH_1634__S2,161
425fe6b4b1a88b4c3e5cd509__PDFV2__CH_1635,335
425fe6b4b1a88b4c3e5cd509__PDFV2__CH_1636,82
425fe6b4b1a88b4c3e5cd509__PDFV2__CH_1637,182
425fe6b4b1a88b4c3e5cd509__PDFV2__CH_1638,375
425fe6b4b1a88b4c3e5cd509__PDFV2__CH_1639,220
425fe6b4b1a88b4c3e5cd509__PDFV2__CH_1640,286
425fe6b4b1a88b4c3e5cd509__PDFV2__CH_1641,178
425fe6b4b1a88b4c3e5cd509__PDFV2__CH_1642,204
425fe6b4b1a88b4c3e5cd509__PDFV2__CH_1643__M,585
425fe6b4b1a88b4c3e5cd509__PDFV2__CH_1645,77
425fe6b4b1a88b4c3e5cd509__PDFV2__CH_1646__M,406
425fe6b4b1a88b4c3e5cd509__PDFV2__CH_1648,684
425fe6b4b1a88b4c3e5cd509__PDFV2__CH_1649,442
425fe6b4b1a88b4c3e5cd509__PDFV2__CH_1650,285
425fe6b4b1a88b4c3e5cd509__PDFV2__CH_1651,135
425fe6b4b1a88b4c3e5cd509__PDFV2__CH_1652,179
425fe6b4b1a88b4c3e5cd509__PDFV2__CH_1653,144
425fe6b4b1a88b4c3e5cd509__PDFV2__CH_1654,200
425fe6b4b1a88b4c3e5cd509__PDFV2__CH_1655,90
425fe6b4b1a88b4c3e5cd509__PDFV2__CH_1656,153
425fe6b4b1a88b4c3e5cd509__PDFV2__CH_1657,256
425fe6b4b1a88b4c3e5cd509__PDFV2__CH_1658,145
425fe6b4b1a88b4c3e5cd509__PDFV2__CH_1659,219
425fe6b4b1a88b4c3e5cd509__PDFV2__CH_1660,89
425fe6b4b1a88b4c3e5cd509__PDFV2__CH_1661,157
425fe6b4b1a88b4c3e5cd509__PDFV2__CH_1662,218
425fe6b4b1a88b4c3e5cd509__PDFV2__CH_1663,217
425fe6b4b1a88b4c3e5cd509__PDFV2__CH_1664__M,438
425fe6b4b1a88b4c3e5cd509__PDFV2__CH_1666,190
425fe6b4b1a88b4c3e5cd509__PDFV2__CH_1667,146
425fe6b4b1a88b4c3e5cd509__PDFV2__CH_1668,310
425fe6b4b1a88b4c3e5cd509__PDFV2__CH_1669,143
425fe6b4b1a88b4c3e5cd509__PDFV2__CH_1670,323
425fe6b4b1a88b4c3e5cd509__PDFV2__CH_1671,277
425fe6b4b1a88b4c3e5cd509__PDFV2__CH_1672,183
425fe6b4b1a88b4c3e5cd509__PDFV2__CH_1673,207
425fe6b4b1a88b4c3e5cd509__PDFV2__CH_1674,167
425fe6b4b1a88b4c3e5cd509__PDFV2__CH_1675,173
425fe6b4b1a88b4c3e5cd509__PDFV2__CH_1676__M,379
425fe6b4b1a88b4c3e5cd509__PDFV2__CH_1678,189
425fe6b4b1a88b4c3e5cd509__PDFV2__CH_1679,147
425fe6b4b1a88b4c3e5cd509__PDFV2__CH_1680,183
425fe6b4b1a88b4c3e5cd509__PDFV2__CH_1681,154
425fe6b4b1a88b4c3e5cd509__PDFV2__CH_1682,138
425fe6b4b1a88b4c3e5cd509__PDFV2__CH_1684,210
425fe6b4b1a88b4c3e5cd509__PDFV2__CH_1685,120
425fe6b4b1a88b4c3e5cd509__PDFV2__CH_1686,121
425fe6b4b1a88b4c3e5cd509__PDFV2__CH_1687,353
425fe6b4b1a88b4c3e5cd509__PDFV2__CH_1688,93
425fe6b4b1a88b4c3e5cd509__PDFV2__CH_1689,440
425fe6b4b1a88b4c3e5cd509__PDFV2__CH_1690,562
425fe6b4b1a88b4c3e5cd509__PDFV2__CH_1691,443
425fe6b4b1a88b4c3e5cd509__PDFV2__CH_1692__M,603
425fe6b4b1a88b4c3e5cd509__PDFV2__CH_1694,346
425fe6b4b1a88b4c3e5cd509__PDFV2__CH_1695,132
425fe6b4b1a88b4c3e5cd509__PDFV2__CH_1696,365
425fe6b4b1a88b4c3e5cd509__PDFV2__CH_1697,161
425fe6b4b1a88b4c3e5cd509__PDFV2__CH_1698,206
425fe6b4b1a88b4c3e5cd509__PDFV2__CH_1699,172
425fe6b4b1a88b4c3e5cd509__PDFV2__CH_1700,167
425fe6b4b1a88b4c3e5cd509__PDFV2__CH_1701,249
425fe6b4b1a88b4c3e5cd509__PDFV2__CH_1702,216
425fe6b4b1a88b4c3e5cd509__PDFV2__CH_1703__M,410
425fe6b4b1a88b4c3e5cd509__PDFV2__CH_1705,191
425fe6b4b1a88b4c3e5cd509__PDFV2__CH_1706,69
425fe6b4b1a88b4c3e5cd509__PDFV2__CH_1707__M,1041
425fe6b4b1a88b4c3e5cd509__PDFV2__CH_1710,209
425fe6b4b1a88b4c3e5cd509__PDFV2__CH_1711,374
425fe6b4b1a88b4c3e5cd509__PDFV2__CH_1712,527
425fe6b4b1a88b4c3e5cd509__PDFV2__CH_1713,483
425fe6b4b1a88b4c3e5cd509__PDFV2__CH_1714,106
425fe6b4b1a88b4c3e5cd509__PDFV2__CH_1715,358
425fe6b4b1a88b4c3e5cd509__PDFV2__CH_1716,120
425fe6b4b1a88b4c3e5cd509__PDFV2__CH_1717,220
425fe6b4b1a88b4c3e5cd509__PDFV2__CH_1718,202
425fe6b4b1a88b4c3e5cd509__PDFV2__CH_1719,197
425fe6b4b1a88b4c3e5cd509__PDFV2__CH_1720,253
425fe6b4b1a88b4c3e5cd509__PDFV2__CH_1721,202
425fe6b4b1a88b4c3e5cd509__PDFV2__CH_1722,355
425fe6b4b1a88b4c3e5cd509__PDFV2__CH_1723,226
425fe6b4b1a88b4c3e5cd509__PDFV2__CH_1724,294
425fe6b4b1a88b4c3e5cd509__PDFV2__CH_1725,896
425fe6b4b1a88b4c3e5cd509__PDFV2__CH_1726,254
425fe6b4b1a88b4c3e5cd509__PDFV2__CH_1727,229
425fe6b4b1a88b4c3e5cd509__PDFV2__CH_1728,144
425fe6b4b1a88b4c3e5cd509__PDFV2__CH_1729,293
425fe6b4b1a88b4c3e5cd509__PDFV2__CH_1730,234
425fe6b4b1a88b4c3e5cd509__PDFV2__CH_1731,327
425fe6b4b1a88b4c3e5cd509__PDFV2__CH_1732__M,369
425fe6b4b1a88b4c3e5cd509__PDFV2__CH_1734,123
425fe6b4b1a88b4c3e5cd509__PDFV2__CH_1735,267
425fe6b4b1a88b4c3e5cd509__PDFV2__CH_1736,230
425fe6b4b1a88b4c3e5cd509__PDFV2__CH_1737,266
425fe6b4b1a88b4c3e5cd509__PDFV2__CH_1738,257
425fe6b4b1a88b4c3e5cd509__PDFV2__CH_1739,180
425fe6b4b1a88b4c3e5cd509__PDFV2__CH_1740,322
425fe6b4b1a88b4c3e5cd509__PDFV2__CH_1741,239
425fe6b4b1a88b4c3e5cd509__PDFV2__CH_1743,239
425fe6b4b1a88b4c3e5cd509__PDFV2__CH_1746,273
425fe6b4b1a88b4c3e5cd509__PDFV2__CH_1747__M,579
425fe6b4b1a88b4c3e5cd509__PDFV2__CH_1749,128
425fe6b4b1a88b4c3e5cd509__PDFV2__CH_1750,386
425fe6b4b1a88b4c3e5cd509__PDFV2__CH_1751,307
425fe6b4b1a88b4c3e5cd509__PDFV2__CH_1752,390
425fe6b4b1a88b4c3e5cd509__PDFV2__CH_1754,198
425fe6b4b1a88b4c3e5cd509__PDFV2__CH_1755,410
425fe6b4b1a88b4c3e5cd509__PDFV2__CH_1756,779
425fe6b4b1a88b4c3e5cd509__PDFV2__CH_1757,236
425fe6b4b1a88b4c3e5cd509__PDFV2__CH_1758,130
425fe6b4b1a88b4c3e5cd509__PDFV2__CH_1759,198
425fe6b4b1a88b4c3e5cd509__PDFV2__CH_1760,312
425fe6b4b1a88b4c3e5cd509__PDFV2__CH_1761,353
425fe6b4b1a88b4c3e5cd509__PDFV2__CH_1762,316
425fe6b4b1a88b4c3e5cd509__PDFV2__CH_1763,315
425fe6b4b1a88b4c3e5cd509__PDFV2__CH_1764,294
425fe6b4b1a88b4c3e5cd509__PDFV2__CH_1765,321
425fe6b4b1a88b4c3e5cd509__PDFV2__CH_1766__M,911
425fe6b4b1a88b4c3e5cd509__PDFV2__CH_1768,204
425fe6b4b1a88b4c3e5cd509__PDFV2__CH_1769,607
425fe6b4b1a88b4c3e5cd509__PDFV2__CH_1770,276
425fe6b4b1a88b4c3e5cd509__PDFV2__CH_1771,240
425fe6b4b1a88b4c3e5cd509__PDFV2__CH_1772,246
425fe6b4b1a88b4c3e5cd509__PDFV2__CH_1773,182
425fe6b4b1a88b4c3e5cd509__PDFV2__CH_1774,166
425fe6b4b1a88b4c3e5cd509__PDFV2__CH_1775,139
425fe6b4b1a88b4c3e5cd509__PDFV2__CH_1776,182
425fe6b4b1a88b4c3e5cd509__PDFV2__CH_1777__M,783
425fe6b4b1a88b4c3e5cd509__PDFV2__CH_1779,163
425fe6b4b1a88b4c3e5cd509__PDFV2__CH_1780,233
425fe6b4b1a88b4c3e5cd509__PDFV2__CH_1781,58
425fe6b4b1a88b4c3e5cd509__PDFV2__CH_1782,187
425fe6b4b1a88b4c3e5cd509__PDFV2__CH_1783,286
425fe6b4b1a88b4c3e5cd509__PDFV2__CH_1784,221
425fe6b4b1a88b4c3e5cd509__PDFV2__CH_1785,216
425fe6b4b1a88b4c3e5cd509__PDFV2__CH_1786,226
425fe6b4b1a88b4c3e5cd509__PDFV2__CH_1787,160
425fe6b4b1a88b4c3e5cd509__PDFV2__CH_1788,265
425fe6b4b1a88b4c3e5cd509__PDFV2__CH_1789,256
425fe6b4b1a88b4c3e5cd509__PDFV2__CH_1790,321
425fe6b4b1a88b4c3e5cd509__PDFV2__CH_1791,107
425fe6b4b1a88b4c3e5cd509__PDFV2__CH_1792__M,705
425fe6b4b1a88b4c3e5cd509__PDFV2__CH_1794,116
425fe6b4b1a88b4c3e5cd509__PDFV2__CH_1795__M,796
425fe6b4b1a88b4c3e5cd509__PDFV2__CH_1797,348
425fe6b4b1a88b4c3e5cd509__PDFV2__CH_1798,327
425fe6b4b1a88b4c3e5cd509__PDFV2__CH_1799,115
425fe6b4b1a88b4c3e5cd509__PDFV2__CH_1800,178
425fe6b4b1a88b4c3e5cd509__PDFV2__CH_1801,271
425fe6b4b1a88b4c3e5cd509__PDFV2__CH_1802,227
425fe6b4b1a88b4c3e5cd509__PDFV2__CH_1803,62
425fe6b4b1a88b4c3e5cd509__PDFV2__CH_1804,374
425fe6b4b1a88b4c3e5cd509__PDFV2__CH_1805,36
425fe6b4b1a88b4c3e5cd509__PDFV2__CH_1806,363
425fe6b4b1a88b4c3e5cd509__PDFV2__CH_1807,292
425fe6b4b1a88b4c3e5cd509__PDFV2__CH_1808,278
425fe6b4b1a88b4c3e5cd509__PDFV2__CH_1809,248
425fe6b4b1a88b4c3e5cd509__PDFV2__CH_1810,118
425fe6b4b1a88b4c3e5cd509__PDFV2__CH_1811,216
425fe6b4b1a88b4c3e5cd509__PDFV2__CH_1812,316
425fe6b4b1a88b4c3e5cd509__PDFV2__CH_1813,333
425fe6b4b1a88b4c3e5cd509__PDFV2__CH_1814,343
425fe6b4b1a88b4c3e5cd509__PDFV2__CH_1815__M,879
425fe6b4b1a88b4c3e5cd509__PDFV2__CH_1817,100
425fe6b4b1a88b4c3e5cd509__PDFV2__CH_1818,118
425fe6b4b1a88b4c3e5cd509__PDFV2__CH_1819,284
425fe6b4b1a88b4c3e5cd509__PDFV2__CH_1820,101
425fe6b4b1a88b4c3e5cd509__PDFV2__CH_1821,222
425fe6b4b1a88b4c3e5cd509__PDFV2__CH_1822,274
425fe6b4b1a88b4c3e5cd509__PDFV2__CH_1823,298
425fe6b4b1a88b4c3e5cd509__PDFV2__CH_1824,240
425fe6b4b1a88b4c3e5cd509__PDFV2__CH_1825,135
425fe6b4b1a88b4c3e5cd509__PDFV2__CH_1826,272
425fe6b4b1a88b4c3e5cd509__PDFV2__CH_1827,201
425fe6b4b1a88b4c3e5cd509__PDFV2__CH_1828,218
425fe6b4b1a88b4c3e5cd509__PDFV2__CH_1829,154
425fe6b4b1a88b4c3e5cd509__PDFV2__CH_1830,206
425fe6b4b1a88b4c3e5cd509__PDFV2__CH_1831,189
425fe6b4b1a88b4c3e5cd509__PDFV2__CH_1832,182
425fe6b4b1a88b4c3e5cd509__PDFV2__CH_1833__M,1006
425fe6b4b1a88b4c3e5cd509__PDFV2__CH_1835,545
425fe6b4b1a88b4c3e5cd509__PDFV2__CH_1836,242
425fe6b4b1a88b4c3e5cd509__PDFV2__CH_1837,290
425fe6b4b1a88b4c3e5cd509__PDFV2__CH_1838,364
425fe6b4b1a88b4c3e5cd509__PDFV2__CH_1839,317
425fe6b4b1a88b4c3e5cd509__PDFV2__CH_1840,440
425fe6b4b1a88b4c3e5cd509__PDFV2__CH_1841,228
425fe6b4b1a88b4c3e5cd509__PDFV2__CH_1842,170
425fe6b4b1a88b4c3e5cd509__PDFV2__CH_1843,250
425fe6b4b1a88b4c3e5cd509__PDFV2__CH_1844,369
425fe6b4b1a88b4c3e5cd509__PDFV2__CH_1845,144
425fe6b4b1a88b4c3e5cd509__PDFV2__CH_1846,101
425fe6b4b1a88b4c3e5cd509__PDFV2__CH_1847,218
425fe6b4b1a88b4c3e5cd509__PDFV2__CH_1848,209
425fe6b4b1a88b4c3e5cd509__PDFV2__CH_1849,93
425fe6b4b1a88b4c3e5cd509__PDFV2__CH_1850,125
425fe6b4b1a88b4c3e5cd509__PDFV2__CH_1851,258
425fe6b4b1a88b4c3e5cd509__PDFV2__CH_1852,232
425fe6b4b1a88b4c3e5cd509__PDFV2__CH_1853,164
425fe6b4b1a88b4c3e5cd509__PDFV2__CH_1854,61
425fe6b4b1a88b4c3e5cd509__PDFV2__CH_1856,167
425fe6b4b1a88b4c3e5cd509__PDFV2__CH_1857,385
425fe6b4b1a88b4c3e5cd509__PDFV2__CH_1858,211
425fe6b4b1a88b4c3e5cd509__PDFV2__CH_1860,503
425fe6b4b1a88b4c3e5cd509__PDFV2__CH_1862,512
425fe6b4b1a88b4c3e5cd509__PDFV2__CH_1868,544
425fe6b4b1a88b4c3e5cd509__PDFV2__CH_1869,660
425fe6b4b1a88b4c3e5cd509__PDFV2__CH_1871,404
425fe6b4b1a88b4c3e5cd509__PDFV2__CH_1872,155
425fe6b4b1a88b4c3e5cd509__PDFV2__CH_1875,185
425fe6b4b1a88b4c3e5cd509__PDFV2__CH_1876,324
425fe6b4b1a88b4c3e5cd509__PDFV2__CH_1877,136
425fe6b4b1a88b4c3e5cd509__PDFV2__CH_1878,166
425fe6b4b1a88b4c3e5cd509__PDFV2__CH_1879,309
425fe6b4b1a88b4c3e5cd509__PDFV2__CH_1880,306
425fe6b4b1a88b4c3e5cd509__PDFV2__CH_1881,368
425fe6b4b1a88b4c3e5cd509__PDFV2__CH_1882,172
425fe6b4b1a88b4c3e5cd509__PDFV2__CH_1883,286
425fe6b4b1a88b4c3e5cd509__PDFV2__CH_1884,191
425fe6b4b1a88b4c3e5cd509__PDFV2__CH_1885,326
425fe6b4b1a88b4c3e5cd509__PDFV2__CH_1886,258
425fe6b4b1a88b4c3e5cd509__PDFV2__CH_1887,295
425fe6b4b1a88b4c3e5cd509__PDFV2__CH_1888,207
425fe6b4b1a88b4c3e5cd509__PDFV2__CH_1889__M,600
425fe6b4b1a88b4c3e5cd509__PDFV2__CH_1891,246
425fe6b4b1a88b4c3e5cd509__PDFV2__CH_1892,242
425fe6b4b1a88b4c3e5cd509__PDFV2__CH_1893,245
425fe6b4b1a88b4c3e5cd509__PDFV2__CH_1894,183
425fe6b4b1a88b4c3e5cd509__PDFV2__CH_1895,333
425fe6b4b1a88b4c3e5cd509__PDFV2__CH_1896,307
425fe6b4b1a88b4c3e5cd509__PDFV2__CH_1897,300
425fe6b4b1a88b4c3e5cd509__PDFV2__CH_1898,177
425fe6b4b1a88b4c3e5cd509__PDFV2__CH_1899,86
425fe6b4b1a88b4c3e5cd509__PDFV2__CH_1900,67
425fe6b4b1a88b4c3e5cd509__PDFV2__CH_1901,115
425fe6b4b1a88b4c3e5cd509__PDFV2__CH_1902,125
425fe6b4b1a88b4c3e5cd509__PDFV2__CH_1903,105
425fe6b4b1a88b4c3e5cd509__PDFV2__CH_1904,61
425fe6b4b1a88b4c3e5cd509__PDFV2__CH_1905,200
425fe6b4b1a88b4c3e5cd509__PDFV2__CH_1907,106
425fe6b4b1a88b4c3e5cd509__PDFV2__CH_1908,29
425fe6b4b1a88b4c3e5cd509__PDFV2__CH_1909,92
425fe6b4b1a88b4c3e5cd509__PDFV2__CH_1910,224
425fe6b4b1a88b4c3e5cd509__PDFV2__CH_1911,46
425fe6b4b1a88b4c3e5cd509__PDFV2__CH_1912,94
425fe6b4b1a88b4c3e5cd509__PDFV2__CH_1913,30
425fe6b4b1a88b4c3e5cd509__PDFV2__CH_1914,47
425fe6b4b1a88b4c3e5cd509__PDFV2__CH_1915,105
425fe6b4b1a88b4c3e5cd509__PDFV2__CH_1916,169
425fe6b4b1a88b4c3e5cd509__PDFV2__CH_1917,291
425fe6b4b1a88b4c3e5cd509__PDFV2__CH_1918,58
425fe6b4b1a88b4c3e5cd509__PDFV2__CH_1919__M,327
425fe6b4b1a88b4c3e5cd509__PDFV2__CH_1921,88
425fe6b4b1a88b4c3e5cd509__PDFV2__CH_1922,59
425fe6b4b1a88b4c3e5cd509__PDFV2__CH_1924,101
425fe6b4b1a88b4c3e5cd509__PDFV2__CH_1925,64
425fe6b4b1a88b4c3e5cd509__PDFV2__CH_1926,75
425fe6b4b1a88b4c3e5cd509__PDFV2__CH_1927,349
425fe6b4b1a88b4c3e5cd509__PDFV2__CH_1928,217
425fe6b4b1a88b4c3e5cd509__PDFV2__CH_1929,121
425fe6b4b1a88b4c3e5cd509__PDFV2__CH_1930,196
425fe6b4b1a88b4c3e5cd509__PDFV2__CH_1931,265
425fe6b4b1a88b4c3e5cd509__PDFV2__CH_1932,232
425fe6b4b1a88b4c3e5cd509__PDFV2__CH_1933,344
425fe6b4b1a88b4c3e5cd509__PDFV2__CH_1934,254
425fe6b4b1a88b4c3e5cd509__PDFV2__CH_1935,320
425fe6b4b1a88b4c3e5cd509__PDFV2__CH_1936,434
425fe6b4b1a88b4c3e5cd509__PDFV2__CH_1944__M,307
425fe6b4b1a88b4c3e5cd509__PDFV2__CH_1946,292
425fe6b4b1a88b4c3e5cd509__PDFV2__CH_1947,300
425fe6b4b1a88b4c3e5cd509__PDFV2__CH_1948,446
425fe6b4b1a88b4c3e5cd509__PDFV2__CH_1949,394
425fe6b4b1a88b4c3e5cd509__PDFV2__CH_1950,267
425fe6b4b1a88b4c3e5cd509__PDFV2__CH_1951,405
425fe6b4b1a88b4c3e5cd509__PDFV2__CH_1952,378
425fe6b4b1a88b4c3e5cd509__PDFV2__CH_1953,213
425fe6b4b1a88b4c3e5cd509__PDFV2__CH_1954,167
425fe6b4b1a88b4c3e5cd509__PDFV2__CH_1955,216
425fe6b4b1a88b4c3e5cd509__PDFV2__CH_1956,287
425fe6b4b1a88b4c3e5cd509__PDFV2__CH_1957,278
425fe6b4b1a88b4c3e5cd509__PDFV2__CH_1958,381
425fe6b4b1a88b4c3e5cd509__PDFV2__CH_1959,322
425fe6b4b1a88b4c3e5cd509__PDFV2__CH_1960,311
425fe6b4b1a88b4c3e5cd509__PDFV2__CH_1961,171
425fe6b4b1a88b4c3e5cd509__PDFV2__CH_1962,361
425fe6b4b1a88b4c3e5cd509__PDFV2__CH_1963,249
425fe6b4b1a88b4c3e5cd509__PDFV2__CH_1964,326
425fe6b4b1a88b4c3e5cd509__PDFV2__CH_1965,196
425fe6b4b1a88b4c3e5cd509__PDFV2__CH_1966,217
425fe6b4b1a88b4c3e5cd509__PDFV2__CH_1967,330
425fe6b4b1a88b4c3e5cd509__PDFV2__CH_1968,267
425fe6b4b1a88b4c3e5cd509__PDFV2__CH_1969,207
425fe6b4b1a88b4c3e5cd509__PDFV2__CH_1970,368
425fe6b4b1a88b4c3e5cd509__PDFV2__CH_1971,325
425fe6b4b1a88b4c3e5cd509__PDFV2__CH_1972,151
425fe6b4b1a88b4c3e5cd509__PDFV2__CH_1973,247
425fe6b4b1a88b4c3e5cd509__PDFV2__CH_1974,401
425fe6b4b1a88b4c3e5cd509__PDFV2__CH_1975,285
425fe6b4b1a88b4c3e5cd509__PDFV2__CH_1976,218
425fe6b4b1a88b4c3e5cd509__PDFV2__CH_1977,294
425fe6b4b1a88b4c3e5cd509__PDFV2__CH_1978,386
425fe6b4b1a88b4c3e5cd509__PDFV2__CH_1979,207
425fe6b4b1a88b4c3e5cd509__PDFV2__CH_1982,368
425fe6b4b1a88b4c3e5cd509__PDFV2__CH_1983,330
425fe6b4b1a88b4c3e5cd509__PDFV2__CH_1984,312
425fe6b4b1a88b4c3e5cd509__PDFV2__CH_1985,305
425fe6b4b1a88b4c3e5cd509__PDFV2__CH_1986,307
425fe6b4b1a88b4c3e5cd509__PDFV2__CH_1987,280
425fe6b4b1a88b4c3e5cd509__PDFV2__CH_1988,368
425fe6b4b1a88b4c3e5cd509__PDFV2__CH_1989,207
425fe6b4b1a88b4c3e5cd509__PDFV2__CH_1990,176
425fe6b4b1a88b4c3e5cd509__PDFV2__CH_1991,301
425fe6b4b1a88b4c3e5cd509__PDFV2__CH_1992,272
425fe6b4b1a88b4c3e5cd509__PDFV2__CH_1994,216
425fe6b4b1a88b4c3e5cd509__PDFV2__CH_1995,194
425fe6b4b1a88b4c3e5cd509__PDFV2__CH_1996,334
425fe6b4b1a88b4c3e5cd509__PDFV2__CH_1997,344
425fe6b4b1a88b4c3e5cd509__PDFV2__CH_1999,177
425fe6b4b1a88b4c3e5cd509__PDFV2__CH_2000,222
425fe6b4b1a88b4c3e5cd509__PDFV2__CH_2001,201
425fe6b4b1a88b4c3e5cd509__PDFV2__CH_2002,168
425fe6b4b1a88b4c3e5cd509__PDFV2__CH_2003,535
425fe6b4b1a88b4c3e5cd509__PDFV2__CH_2004,272
425fe6b4b1a88b4c3e5cd509__PDFV2__CH_2005,151
425fe6b4b1a88b4c3e5cd509__PDFV2__CH_2006,79
425fe6b4b1a88b4c3e5cd509__PDFV2__CH_2007,174
425fe6b4b1a88b4c3e5cd509__PDFV2__CH_2008,244
425fe6b4b1a88b4c3e5cd509__PDFV2__CH_2009,175
425fe6b4b1a88b4c3e5cd509__PDFV2__CH_2010,244
425fe6b4b1a88b4c3e5cd509__PDFV2__CH_2013,237
425fe6b4b1a88b4c3e5cd509__PDFV2__CH_2014,186
425fe6b4b1a88b4c3e5cd509__PDFV2__CH_2015,216
425fe6b4b1a88b4c3e5cd509__PDFV2__CH_2016,212
425fe6b4b1a88b4c3e5cd509__PDFV2__CH_2017,272
425fe6b4b1a88b4c3e5cd509__PDFV2__CH_2018,208
425fe6b4b1a88b4c3e5cd509__PDFV2__CH_2021,279
425fe6b4b1a88b4c3e5cd509__PDFV2__CH_2022,307
425fe6b4b1a88b4c3e5cd509__PDFV2__CH_2023,154
425fe6b4b1a88b4c3e5cd509__PDFV2__CH_2024,503
425fe6b4b1a88b4c3e5cd509__PDFV2__CH_2025,355
425fe6b4b1a88b4c3e5cd509__PDFV2__CH_2026,463
425fe6b4b1a88b4c3e5cd509__PDFV2__CH_2028,170
425fe6b4b1a88b4c3e5cd509__PDFV2__CH_2029,108
425fe6b4b1a88b4c3e5cd509__PDFV2__CH_2030,73
425fe6b4b1a88b4c3e5cd509__PDFV2__CH_2031,115
425fe6b4b1a88b4c3e5cd509__PDFV2__CH_2032,231
425fe6b4b1a88b4c3e5cd509__PDFV2__CH_2033,168
425fe6b4b1a88b4c3e5cd509__PDFV2__CH_2034,205
425fe6b4b1a88b4c3e5cd509__PDFV2__CH_2035,175
425fe6b4b1a88b4c3e5cd509__PDFV2__CH_2037,94
425fe6b4b1a88b4c3e5cd509__PDFV2__CH_2038,329
425fe6b4b1a88b4c3e5cd509__PDFV2__CH_2040__M,887
425fe6b4b1a88b4c3e5cd509__PDFV2__CH_2043__M,1001
425fe6b4b1a88b4c3e5cd509__PDFV2__CH_2048,119
425fe6b4b1a88b4c3e5cd509__PDFV2__CH_2049,203
425fe6b4b1a88b4c3e5cd509__PDFV2__CH_2050,115
425fe6b4b1a88b4c3e5cd509__PDFV2__CH_2051,204
425fe6b4b1a88b4c3e5cd509__PDFV2__CH_2052,189
425fe6b4b1a88b4c3e5cd509__PDFV2__CH_2053,252
425fe6b4b1a88b4c3e5cd509__PDFV2__CH_2054,378
425fe6b4b1a88b4c3e5cd509__PDFV2__CH_2055,337
425fe6b4b1a88b4c3e5cd509__PDFV2__CH_2056,114
425fe6b4b1a88b4c3e5cd509__PDFV2__CH_2057,161
425fe6b4b1a88b4c3e5cd509__PDFV2__CH_2058,54
425fe6b4b1a88b4c3e5cd509__PDFV2__CH_2059__M,404
425fe6b4b1a88b4c3e5cd509__PDFV2__CH_2062__M,323
425fe6b4b1a88b4c3e5cd509__PDFV2__CH_2064,202
425fe6b4b1a88b4c3e5cd509__PDFV2__CH_2075,203
425fe6b4b1a88b4c3e5cd509__PDFV2__CH_2076,229
425fe6b4b1a88b4c3e5cd509__PDFV2__CH_2080,219
425fe6b4b1a88b4c3e5cd509__PDFV2__CH_2081__M,777
425fe6b4b1a88b4c3e5cd509__PDFV2__CH_2083,233
425fe6b4b1a88b4c3e5cd509__PDFV2__CH_2084,300
425fe6b4b1a88b4c3e5cd509__PDFV2__CH_2085,307
425fe6b4b1a88b4c3e5cd509__PDFV2__CH_2086,296
425fe6b4b1a88b4c3e5cd509__PDFV2__CH_2087,138
425fe6b4b1a88b4c3e5cd509__PDFV2__CH_2088__M,876
425fe6b4b1a88b4c3e5cd509__PDFV2__CH_2093__M,904
425fe6b4b1a88b4c3e5cd509__PDFV2__CH_2099__M,830
425fe6b4b1a88b4c3e5cd509__PDFV2__CH_2104__M,602
425fe6b4b1a88b4c3e5cd509__PDFV2__CH_2108__M,445
425fe6b4b1a88b4c3e5cd509__PDFV2__CH_2110__M,397
425fe6b4b1a88b4c3e5cd509__PDFV2__CH_2114__M,452
425fe6b4b1a88b4c3e5cd509__PDFV2__CH_2116__M,636
425fe6b4b1a88b4c3e5cd509__PDFV2__CH_2118,156
425fe6b4b1a88b4c3e5cd509__PDFV2__CH_2119__M,432
425fe6b4b1a88b4c3e5cd509__PDFV2__CH_2121,300
425fe6b4b1a88b4c3e5cd509__PDFV2__CH_2122,297
425fe6b4b1a88b4c3e5cd509__PDFV2__CH_2123,243
425fe6b4b1a88b4c3e5cd509__PDFV2__CH_2124,300
425fe6b4b1a88b4c3e5cd509__PDFV2__CH_2125,396
425fe6b4b1a88b4c3e5cd509__PDFV2__CH_2126,531
425fe6b4b1a88b4c3e5cd509__PDFV2__CH_2127,99
425fe6b4b1a88b4c3e5cd509__PDFV2__CH_2128,270
425fe6b4b1a88b4c3e5cd509__PDFV2__CH_2129,242
425fe6b4b1a88b4c3e5cd509__PDFV2__CH_2130,111
425fe6b4b1a88b4c3e5cd509__PDFV2__CH_2131,162
425fe6b4b1a88b4c3e5cd509__PDFV2__CH_2132,236
425fe6b4b1a88b4c3e5cd509__PDFV2__CH_2133,225
425fe6b4b1a88b4c3e5cd509__PDFV2__CH_2134,300
425fe6b4b1a88b4c3e5cd509__PDFV2__CH_2135,141
425fe6b4b1a88b4c3e5cd509__PDFV2__CH_2136,154
425fe6b4b1a88b4c3e5cd509__PDFV2__CH_2137,147
425fe6b4b1a88b4c3e5cd509__PDFV2__CH_2138__M,401
425fe6b4b1a88b4c3e5cd509__PDFV2__CH_2140,772
425fe6b4b1a88b4c3e5cd509__PDFV2__CH_2141,411
425fe6b4b1a88b4c3e5cd509__PDFV2__CH_2142,42
425fe6b4b1a88b4c3e5cd509__PDFV2__CH_2143,350
425fe6b4b1a88b4c3e5cd509__PDFV2__CH_2144,273
425fe6b4b1a88b4c3e5cd509__PDFV2__CH_2145,192
425fe6b4b1a88b4c3e5cd509__PDFV2__CH_2146,349
425fe6b4b1a88b4c3e5cd509__PDFV2__CH_2147,210
425fe6b4b1a88b4c3e5cd509__PDFV2__CH_2148,236
425fe6b4b1a88b4c3e5cd509__PDFV2__CH_2149,130
425fe6b4b1a88b4c3e5cd509__PDFV2__CH_2150,166
425fe6b4b1a88b4c3e5cd509__PDFV2__CH_2151,333
425fe6b4b1a88b4c3e5cd509__PDFV2__CH_2152,308
425fe6b4b1a88b4c3e5cd509__PDFV2__CH_2153,226
425fe6b4b1a88b4c3e5cd509__PDFV2__CH_2154,228
425fe6b4b1a88b4c3e5cd509__PDFV2__CH_2155,189
425fe6b4b1a88b4c3e5cd509__PDFV2__CH_2156,109
425fe6b4b1a88b4c3e5cd509__PDFV2__CH_2157,31
425fe6b4b1a88b4c3e5cd509__PDFV2__CH_2158,60
425fe6b4b1a88b4c3e5cd509__PDFV2__CH_2159,287
425fe6b4b1a88b4c3e5cd509__PDFV2__CH_2160,292
425fe6b4b1a88b4c3e5cd509__PDFV2__CH_2161,47
425fe6b4b1a88b4c3e5cd509__PDFV2__CH_2162,213
425fe6b4b1a88b4c3e5cd509__PDFV2__CH_2163,310
425fe6b4b1a88b4c3e5cd509__PDFV2__CH_2164,101
425fe6b4b1a88b4c3e5cd509__PDFV2__CH_2165,77
425fe6b4b1a88b4c3e5cd509__PDFV2__CH_2166,57
425fe6b4b1a88b4c3e5cd509__PDFV2__CH_2167,123
425fe6b4b1a88b4c3e5cd509__PDFV2__CH_2168,309
425fe6b4b1a88b4c3e5cd509__PDFV2__CH_2169,346
425fe6b4b1a88b4c3e5cd509__PDFV2__CH_2170,278
425fe6b4b1a88b4c3e5cd509__PDFV2__CH_2171,378
425fe6b4b1a88b4c3e5cd509__PDFV2__CH_2172,249
425fe6b4b1a88b4c3e5cd509__PDFV2__CH_2173,248
425fe6b4b1a88b4c3e5cd509__PDFV2__CH_2174,347
425fe6b4b1a88b4c3e5cd509__PDFV2__CH_2175,265
425fe6b4b1a88b4c3e5cd509__PDFV2__CH_2176,343
425fe6b4b1a88b4c3e5cd509__PDFV2__CH_2177,234
425fe6b4b1a88b4c3e5cd509__PDFV2__CH_2178,277
425fe6b4b1a88b4c3e5cd509__PDFV2__CH_2179,369
425fe6b4b1a88b4c3e5cd509__PDFV2__CH_2180,256
425fe6b4b1a88b4c3e5cd509__PDFV2__CH_2181,517
425fe6b4b1a88b4c3e5cd509__PDFV2__CH_2182,296
425fe6b4b1a88b4c3e5cd509__PDFV2__CH_2183,90
425fe6b4b1a88b4c3e5cd509__PDFV2__CH_2184,195
425fe6b4b1a88b4c3e5cd509__PDFV2__CH_2185__M,391
425fe6b4b1a88b4c3e5cd509__PDFV2__CH_2188,338
425fe6b4b1a88b4c3e5cd509__PDFV2__CH_2191__M,452
425fe6b4b1a88b4c3e5cd509__PDFV2__CH_2193,325
425fe6b4b1a88b4c3e5cd509__PDFV2__CH_2194,197
425fe6b4b1a88b4c3e5cd509__PDFV2__CH_2195,204
425fe6b4b1a88b4c3e5cd509__PDFV2__CH_2197__M,786
425fe6b4b1a88b4c3e5cd509__PDFV2__CH_2200__M,409
425fe6b4b1a88b4c3e5cd509__PDFV2__CH_2202__M,645
425fe6b4b1a88b4c3e5cd509__PDFV2__CH_2206,309
425fe6b4b1a88b4c3e5cd509__PDFV2__CH_2207__M,682
425fe6b4b1a88b4c3e5cd509__PDFV2__CH_2209,243
425fe6b4b1a88b4c3e5cd509__PDFV2__CH_2210,238
425fe6b4b1a88b4c3e5cd509__PDFV2__CH_2211,276
425fe6b4b1a88b4c3e5cd509__PDFV2__CH_2212__M,924
425fe6b4b1a88b4c3e5cd509__PDFV2__CH_2217__M,907
425fe6b4b1a88b4c3e5cd509__PDFV2__CH_2221__M,831
425fe6b4b1a88b4c3e5cd509__PDFV2__CH_2225__M,1091
425fe6b4b1a88b4c3e5cd509__PDFV2__CH_2228,265
425fe6b4b1a88b4c3e5cd509__PDFV2__CH_2229__M,1045
425fe6b4b1a88b4c3e5cd509__PDFV2__CH_2233__M,859
425fe6b4b1a88b4c3e5cd509__PDFV2__CH_2235,358
425fe6b4b1a88b4c3e5cd509__PDFV2__CH_2236,282
425fe6b4b1a88b4c3e5cd509__PDFV2__CH_2237,245
425fe6b4b1a88b4c3e5cd509__PDFV2__CH_2238,182
425fe6b4b1a88b4c3e5cd509__PDFV2__CH_2239,208
425fe6b4b1a88b4c3e5cd509__PDFV2__CH_2240__M,461
425fe6b4b1a88b4c3e5cd509__PDFV2__CH_2242,206
425fe6b4b1a88b4c3e5cd509__PDFV2__CH_2243,226
425fe6b4b1a88b4c3e5cd509__PDFV2__CH_2244,101
425fe6b4b1a88b4c3e5cd509__PDFV2__CH_2245,172
425fe6b4b1a88b4c3e5cd509__PDFV2__CH_2246,186
425fe6b4b1a88b4c3e5cd509__PDFV2__CH_2247,164
425fe6b4b1a88b4c3e5cd509__PDFV2__CH_2248,120
425fe6b4b1a88b4c3e5cd509__PDFV2__CH_2249,117
425fe6b4b1a88b4c3e5cd509__PDFV2__CH_2250,188
425fe6b4b1a88b4c3e5cd509__PDFV2__CH_2251,92
425fe6b4b1a88b4c3e5cd509__PDFV2__CH_2252,206
425fe6b4b1a88b4c3e5cd509__PDFV2__CH_2253,114
425fe6b4b1a88b4c3e5cd509__PDFV2__CH_2254,122
425fe6b4b1a88b4c3e5cd509__PDFV2__CH_2255,145
425fe6b4b1a88b4c3e5cd509__PDFV2__CH_2256,163
425fe6b4b1a88b4c3e5cd509__PDFV2__CH_2257,43
425fe6b4b1a88b4c3e5cd509__PDFV2__CH_2258,78
425fe6b4b1a88b4c3e5cd509__PDFV2__CH_2259,51
425fe6b4b1a88b4c3e5cd509__PDFV2__CH_2260,74
425fe6b4b1a88b4c3e5cd509__PDFV2__CH_2261__M,799
425fe6b4b1a88b4c3e5cd509__PDFV2__CH_2264__M,691
425fe6b4b1a88b4c3e5cd509__PDFV2__CH_2266__M,857
425fe6b4b1a88b4c3e5cd509__PDFV2__CH_2269__M,426
425fe6b4b1a88b4c3e5cd509__PDFV2__CH_2271,165
425fe6b4b1a88b4c3e5cd509__PDFV2__CH_2272,186
425fe6b4b1a88b4c3e5cd509__PDFV2__CH_2273__M,357
425fe6b4b1a88b4c3e5cd509__PDFV2__CH_2275,154
425fe6b4b1a88b4c3e5cd509__PDFV2__CH_2276,282
425fe6b4b1a88b4c3e5cd509__PDFV2__CH_2277__M,403
425fe6b4b1a88b4c3e5cd509__PDFV2__CH_2279,171
425fe6b4b1a88b4c3e5cd509__PDFV2__CH_2280,298
425fe6b4b1a88b4c3e5cd509__PDFV2__CH_2281,337
425fe6b4b1a88b4c3e5cd509__PDFV2__CH_2282,246
425fe6b4b1a88b4c3e5cd509__PDFV2__CH_2283,338
425fe6b4b1a88b4c3e5cd509__PDFV2__CH_2284,237
425fe6b4b1a88b4c3e5cd509__PDFV2__CH_2285,211
425fe6b4b1a88b4c3e5cd509__PDFV2__CH_2286,164
425fe6b4b1a88b4c3e5cd509__PDFV2__CH_2287,173
425fe6b4b1a88b4c3e5cd509__PDFV2__CH_2288,213
425fe6b4b1a88b4c3e5cd509__PDFV2__CH_2289,280
425fe6b4b1a88b4c3e5cd509__PDFV2__CH_2290,356
425fe6b4b1a88b4c3e5cd509__PDFV2__CH_2291,308
425fe6b4b1a88b4c3e5cd509__PDFV2__CH_2292,173
425fe6b4b1a88b4c3e5cd509__PDFV2__CH_2293__M,533
425fe6b4b1a88b4c3e5cd509__PDFV2__CH_2295,349
425fe6b4b1a88b4c3e5cd509__PDFV2__CH_2296,419
425fe6b4b1a88b4c3e5cd509__PDFV2__CH_2297,288
425fe6b4b1a88b4c3e5cd509__PDFV2__CH_2298,259
425fe6b4b1a88b4c3e5cd509__PDFV2__CH_2299,280
425fe6b4b1a88b4c3e5cd509__PDFV2__CH_2300,248
425fe6b4b1a88b4c3e5cd509__PDFV2__CH_2301,312
425fe6b4b1a88b4c3e5cd509__PDFV2__CH_2302,438
425fe6b4b1a88b4c3e5cd509__PDFV2__CH_2303,394
425fe6b4b1a88b4c3e5cd509__PDFV2__CH_2304,234
425fe6b4b1a88b4c3e5cd509__PDFV2__CH_2305,291
425fe6b4b1a88b4c3e5cd509__PDFV2__CH_2306,212
425fe6b4b1a88b4c3e5cd509__PDFV2__CH_2307,171
425fe6b4b1a88b4c3e5cd509__PDFV2__CH_2308,210
425fe6b4b1a88b4c3e5cd509__PDFV2__CH_2309,304
425fe6b4b1a88b4c3e5cd509__PDFV2__CH_2310,331
425fe6b4b1a88b4c3e5cd509__PDFV2__CH_2311__M,706
425fe6b4b1a88b4c3e5cd509__PDFV2__CH_2313,86
425fe6b4b1a88b4c3e5cd509__PDFV2__CH_2314__M,396
425fe6b4b1a88b4c3e5cd509__PDFV2__CH_2316,234
425fe6b4b1a88b4c3e5cd509__PDFV2__CH_2317,282
425fe6b4b1a88b4c3e5cd509__PDFV2__CH_2318,611
425fe6b4b1a88b4c3e5cd509__PDFV2__CH_2319,313
425fe6b4b1a88b4c3e5cd509__PDFV2__CH_2320,133
425fe6b4b1a88b4c3e5cd509__PDFV2__CH_2321,176
425fe6b4b1a88b4c3e5cd509__PDFV2__CH_2322,338
425fe6b4b1a88b4c3e5cd509__PDFV2__CH_2323,306
425fe6b4b1a88b4c3e5cd509__PDFV2__CH_2324,182
425fe6b4b1a88b4c3e5cd509__PDFV2__CH_2325,68
425fe6b4b1a88b4c3e5cd509__PDFV2__CH_2326,78
425fe6b4b1a88b4c3e5cd509__PDFV2__CH_2327,326
425fe6b4b1a88b4c3e5cd509__PDFV2__CH_2328,226
425fe6b4b1a88b4c3e5cd509__PDFV2__CH_2329,230
425fe6b4b1a88b4c3e5cd509__PDFV2__CH_2330,125
425fe6b4b1a88b4c3e5cd509__PDFV2__CH_2331,295
425fe6b4b1a88b4c3e5cd509__PDFV2__CH_2332,310
425fe6b4b1a88b4c3e5cd509__PDFV2__CH_2333,255
425fe6b4b1a88b4c3e5cd509__PDFV2__CH_2334,300
425fe6b4b1a88b4c3e5cd509__PDFV2__CH_2335,192
425fe6b4b1a88b4c3e5cd509__PDFV2__CH_2336,150
425fe6b4b1a88b4c3e5cd509__PDFV2__CH_2337,111
425fe6b4b1a88b4c3e5cd509__PDFV2__CH_2338__M,432
425fe6b4b1a88b4c3e5cd509__PDFV2__CH_2340,189
425fe6b4b1a88b4c3e5cd509__PDFV2__CH_2342,253
425fe6b4b1a88b4c3e5cd509__PDFV2__CH_2344__M,535
425fe6b4b1a88b4c3e5cd509__PDFV2__CH_2347,211
425fe6b4b1a88b4c3e5cd509__PDFV2__CH_2348,235
425fe6b4b1a88b4c3e5cd509__PDFV2__CH_2374,208
425fe6b4b1a88b4c3e5cd509__PDFV2__CH_2378__M,453
425fe6b4b1a88b4c3e5cd509__PDFV2__CH_2380,222
425fe6b4b1a88b4c3e5cd509__PDFV2__CH_2381,246
425fe6b4b1a88b4c3e5cd509__PDFV2__CH_2382,236
425fe6b4b1a88b4c3e5cd509__PDFV2__CH_2383,256
425fe6b4b1a88b4c3e5cd509__PDFV2__CH_2384,168
425fe6b4b1a88b4c3e5cd509__PDFV2__CH_2385,166
425fe6b4b1a88b4c3e5cd509__PDFV2__CH_2388,183
425fe6b4b1a88b4c3e5cd509__PDFV2__CH_2389,189
425fe6b4b1a88b4c3e5cd509__PDFV2__CH_2390,195
425fe6b4b1a88b4c3e5cd509__PDFV2__CH_2391,137
425fe6b4b1a88b4c3e5cd509__PDFV2__CH_2392,173
425fe6b4b1a88b4c3e5cd509__PDFV2__CH_2393,277
425fe6b4b1a88b4c3e5cd509__PDFV2__CH_2394,216
425fe6b4b1a88b4c3e5cd509__PDFV2__CH_2395,38
425fe6b4b1a88b4c3e5cd509__PDFV2__CH_2396,119
425fe6b4b1a88b4c3e5cd509__PDFV2__CH_2397,58
425fe6b4b1a88b4c3e5cd509__PDFV2__CH_2398__M,670
425fe6b4b1a88b4c3e5cd509__PDFV2__CH_2401,103
425fe6b4b1a88b4c3e5cd509__PDFV2__CH_2402,100
425fe6b4b1a88b4c3e5cd509__PDFV2__CH_2403,74
425fe6b4b1a88b4c3e5cd509__PDFV2__CH_2404,131
425fe6b4b1a88b4c3e5cd509__PDFV2__CH_2405,172
425fe6b4b1a88b4c3e5cd509__PDFV2__CH_2406,434
425fe6b4b1a88b4c3e5cd509__PDFV2__CH_2407,214
425fe6b4b1a88b4c3e5cd509__PDFV2__CH_2408,180
425fe6b4b1a88b4c3e5cd509__PDFV2__CH_2409,120
425fe6b4b1a88b4c3e5cd509__PDFV2__CH_2410,167
425fe6b4b1a88b4c3e5cd509__PDFV2__CH_2411__M,931
425fe6b4b1a88b4c3e5cd509__PDFV2__CH_2413__M,1003
425fe6b4b1a88b4c3e5cd509__PDFV2__CH_2415,294
425fe6b4b1a88b4c3e5cd509__PDFV2__CH_2416,203
425fe6b4b1a88b4c3e5cd509__PDFV2__CH_2417,140
425fe6b4b1a88b4c3e5cd509__PDFV2__CH_2418__M,582
425fe6b4b1a88b4c3e5cd509__PDFV2__CH_2420,234
425fe6b4b1a88b4c3e5cd509__PDFV2__CH_2421,253
425fe6b4b1a88b4c3e5cd509__PDFV2__CH_2422,151
425fe6b4b1a88b4c3e5cd509__PDFV2__CH_2423,334
425fe6b4b1a88b4c3e5cd509__PDFV2__CH_2424,334
425fe6b4b1a88b4c3e5cd509__PDFV2__CH_2425,123
425fe6b4b1a88b4c3e5cd509__PDFV2__CH_2426__M,586
425fe6b4b1a88b4c3e5cd509__PDFV2__CH_2428,267
425fe6b4b1a88b4c3e5cd509__PDFV2__CH_2429,271
425fe6b4b1a88b4c3e5cd509__PDFV2__CH_2430,76
425fe6b4b1a88b4c3e5cd509__PDFV2__CH_2431,179
425fe6b4b1a88b4c3e5cd509__PDFV2__CH_2432,368
425fe6b4b1a88b4c3e5cd509__PDFV2__CH_2433,334
425fe6b4b1a88b4c3e5cd509__PDFV2__CH_2434,291
425fe6b4b1a88b4c3e5cd509__PDFV2__CH_2435,149
425fe6b4b1a88b4c3e5cd509__PDFV2__CH_2436,196
425fe6b4b1a88b4c3e5cd509__PDFV2__CH_2437__M,500
425fe6b4b1a88b4c3e5cd509__PDFV2__CH_2439,252
425fe6b4b1a88b4c3e5cd509__PDFV2__CH_2440,198
425fe6b4b1a88b4c3e5cd509__PDFV2__CH_2441__M,435
425fe6b4b1a88b4c3e5cd509__PDFV2__CH_2443,224
425fe6b4b1a88b4c3e5cd509__PDFV2__CH_2444,273
425fe6b4b1a88b4c3e5cd509__PDFV2__CH_2445,353
425fe6b4b1a88b4c3e5cd509__PDFV2__CH_2446,229
425fe6b4b1a88b4c3e5cd509__PDFV2__CH_2447,314
425fe6b4b1a88b4c3e5cd509__PDFV2__CH_2448,216
425fe6b4b1a88b4c3e5cd509__PDFV2__CH_2449,340
425fe6b4b1a88b4c3e5cd509__PDFV2__CH_2450,280
425fe6b4b1a88b4c3e5cd509__PDFV2__CH_2451,288
425fe6b4b1a88b4c3e5cd509__PDFV2__CH_2452,282
425fe6b4b1a88b4c3e5cd509__PDFV2__CH_2453,220
425fe6b4b1a88b4c3e5cd509__PDFV2__CH_2454__M,522
425fe6b4b1a88b4c3e5cd509__PDFV2__CH_2456,274
425fe6b4b1a88b4c3e5cd509__PDFV2__CH_2457,345
425fe6b4b1a88b4c3e5cd509__PDFV2__CH_2458,171
425fe6b4b1a88b4c3e5cd509__PDFV2__CH_2459,318
425fe6b4b1a88b4c3e5cd509__PDFV2__CH_2460,145
425fe6b4b1a88b4c3e5cd509__PDFV2__CH_2461,300
425fe6b4b1a88b4c3e5cd509__PDFV2__CH_2462,342
425fe6b4b1a88b4c3e5cd509__PDFV2__CH_2463,328
425fe6b4b1a88b4c3e5cd509__PDFV2__CH_2464,194
425fe6b4b1a88b4c3e5cd509__PDFV2__CH_2465,311
425fe6b4b1a88b4c3e5cd509__PDFV2__CH_2466,213
425fe6b4b1a88b4c3e5cd509__PDFV2__CH_2467,232
425fe6b4b1a88b4c3e5cd509__PDFV2__CH_2468,92
425fe6b4b1a88b4c3e5cd509__PDFV2__CH_2469,342
425fe6b4b1a88b4c3e5cd509__PDFV2__CH_2470,286
425fe6b4b1a88b4c3e5cd509__PDFV2__CH_2471,262
425fe6b4b1a88b4c3e5cd509__PDFV2__CH_2472,318
425fe6b4b1a88b4c3e5cd509__PDFV2__CH_2473,252
425fe6b4b1a88b4c3e5cd509__PDFV2__CH_2474,210
425fe6b4b1a88b4c3e5cd509__PDFV2__CH_2475,191
425fe6b4b1a88b4c3e5cd509__PDFV2__CH_2476,215
425fe6b4b1a88b4c3e5cd509__PDFV2__CH_2477,271
425fe6b4b1a88b4c3e5cd509__PDFV2__CH_2478,270
425fe6b4b1a88b4c3e5cd509__PDFV2__CH_2479,359
425fe6b4b1a88b4c3e5cd509__PDFV2__CH_2480,286
425fe6b4b1a88b4c3e5cd509__PDFV2__CH_2481,259
425fe6b4b1a88b4c3e5cd509__PDFV2__CH_2482,95
425fe6b4b1a88b4c3e5cd509__PDFV2__CH_2483,189
425fe6b4b1a88b4c3e5cd509__PDFV2__CH_2484,56
425fe6b4b1a88b4c3e5cd509__PDFV2__CH_2485,112
425fe6b4b1a88b4c3e5cd509__PDFV2__CH_2486,332
425fe6b4b1a88b4c3e5cd509__PDFV2__CH_2487,51
425fe6b4b1a88b4c3e5cd509__PDFV2__CH_2488,131
425fe6b4b1a88b4c3e5cd509__PDFV2__CH_2489,246
425fe6b4b1a88b4c3e5cd509__PDFV2__CH_2490,156
425fe6b4b1a88b4c3e5cd509__PDFV2__CH_2491,154
425fe6b4b1a88b4c3e5cd509__PDFV2__CH_2492,95
425fe6b4b1a88b4c3e5cd509__PDFV2__CH_2493,144
425fe6b4b1a88b4c3e5cd509__PDFV2__CH_2494,99
425fe6b4b1a88b4c3e5cd509__PDFV2__CH_2495,287
425fe6b4b1a88b4c3e5cd509__PDFV2__CH_2496,292
425fe6b4b1a88b4c3e5cd509__PDFV2__CH_2497,195
425fe6b4b1a88b4c3e5cd509__PDFV2__CH_2498,301
425fe6b4b1a88b4c3e5cd509__PDFV2__CH_2499,190
425fe6b4b1a88b4c3e5cd509__PDFV2__CH_2500,273
425fe6b4b1a88b4c3e5cd509__PDFV2__CH_2501,181
425fe6b4b1a88b4c3e5cd509__PDFV2__CH_2502,203
425fe6b4b1a88b4c3e5cd509__PDFV2__CH_2503,534
425fe6b4b1a88b4c3e5cd509__PDFV2__CH_2504,455
425fe6b4b1a88b4c3e5cd509__PDFV2__CH_2505,44
425fe6b4b1a88b4c3e5cd509__PDFV2__CH_2506,180
425fe6b4b1a88b4c3e5cd509__PDFV2__CH_2507,206
425fe6b4b1a88b4c3e5cd509__PDFV2__CH_2508,226
425fe6b4b1a88b4c3e5cd509__PDFV2__CH_2509,222
425fe6b4b1a88b4c3e5cd509__PDFV2__CH_2510,211
425fe6b4b1a88b4c3e5cd509__PDFV2__CH_2511,71
425fe6b4b1a88b4c3e5cd509__PDFV2__CH_2512,229
425fe6b4b1a88b4c3e5cd509__PDFV2__CH_2513,234
425fe6b4b1a88b4c3e5cd509__PDFV2__CH_2514,391
425fe6b4b1a88b4c3e5cd509__PDFV2__CH_2515,404
425fe6b4b1a88b4c3e5cd509__PDFV2__CH_2516,235
425fe6b4b1a88b4c3e5cd509__PDFV2__CH_2517,111
425fe6b4b1a88b4c3e5cd509__PDFV2__CH_2518,189
425fe6b4b1a88b4c3e5cd509__PDFV2__CH_2519,302
425fe6b4b1a88b4c3e5cd509__PDFV2__CH_2520,270
425fe6b4b1a88b4c3e5cd509__PDFV2__CH_2521,187
425fe6b4b1a88b4c3e5cd509__PDFV2__CH_2522,86
425fe6b4b1a88b4c3e5cd509__PDFV2__CH_2523,37
425fe6b4b1a88b4c3e5cd509__PDFV2__CH_2524,222
425fe6b4b1a88b4c3e5cd509__PDFV2__CH_2527,290
425fe6b4b1a88b4c3e5cd509__PDFV2__CH_2529,280
425fe6b4b1a88b4c3e5cd509__PDFV2__CH_2530,138
425fe6b4b1a88b4c3e5cd509__PDFV2__CH_2531,148
425fe6b4b1a88b4c3e5cd509__PDFV2__CH_2534,239
425fe6b4b1a88b4c3e5cd509__PDFV2__CH_2535__M,548
425fe6b4b1a88b4c3e5cd509__PDFV2__CH_2537,90
425fe6b4b1a88b4c3e5cd509__PDFV2__CH_2538,256
425fe6b4b1a88b4c3e5cd509__PDFV2__CH_2539,352
425fe6b4b1a88b4c3e5cd509__PDFV2__CH_2540,85
425fe6b4b1a88b4c3e5cd509__PDFV2__CH_2541,159
425fe6b4b1a88b4c3e5cd509__PDFV2__CH_2542,159
425fe6b4b1a88b4c3e5cd509__PDFV2__CH_2543,162
425fe6b4b1a88b4c3e5cd509__PDFV2__CH_2544,190
425fe6b4b1a88b4c3e5cd509__PDFV2__CH_2545,240
425fe6b4b1a88b4c3e5cd509__PDFV2__CH_2547,119
425fe6b4b1a88b4c3e5cd509__PDFV2__CH_2548,332
425fe6b4b1a88b4c3e5cd509__PDFV2__CH_2550,332
425fe6b4b1a88b4c3e5cd509__PDFV2__CH_2551,303
425fe6b4b1a88b4c3e5cd509__PDFV2__CH_2552,313
425fe6b4b1a88b4c3e5cd509__PDFV2__CH_2553,101
425fe6b4b1a88b4c3e5cd509__PDFV2__CH_2554,251
425fe6b4b1a88b4c3e5cd509__PDFV2__CH_2555,102
425fe6b4b1a88b4c3e5cd509__PDFV2__CH_2556,280
425fe6b4b1a88b4c3e5cd509__PDFV2__CH_2557,281
425fe6b4b1a88b4c3e5cd509__PDFV2__CH_2558,263
425fe6b4b1a88b4c3e5cd509__PDFV2__CH_2559,120
425fe6b4b1a88b4c3e5cd509__PDFV2__CH_2560,354
425fe6b4b1a88b4c3e5cd509__PDFV2__CH_2561,288
425fe6b4b1a88b4c3e5cd509__PDFV2__CH_2562,169
425fe6b4b1a88b4c3e5cd509__PDFV2__CH_2563,108
425fe6b4b1a88b4c3e5cd509__PDFV2__CH_2564,127
425fe6b4b1a88b4c3e5cd509__PDFV2__CH_2565,219
425fe6b4b1a88b4c3e5cd509__PDFV2__CH_2566,49
425fe6b4b1a88b4c3e5cd509__PDFV2__CH_2567,112
425fe6b4b1a88b4c3e5cd509__PDFV2__CH_2569,253
42814ceab35456a92f3ab9bd__42814ceab35456a92f3ab9bd__SEG_0001__CH_001,488
42814ceab35456a92f3ab9bd__42814ceab35456a92f3ab9bd__SEG_0001__CH_002,835
429a3de6d646c9e16662b532__PDFV2__CH_0001,411
429a3de6d646c9e16662b532__PDFV2__CH_0002,570
429a3de6d646c9e16662b532__PDFV2__CH_0003,233
429a3de6d646c9e16662b532__PDFV2__CH_0004,251
429a3de6d646c9e16662b532__PDFV2__CH_0005,184
429a3de6d646c9e16662b532__PDFV2__CH_0006,364
429a3de6d646c9e16662b532__PDFV2__CH_0007,432
429a3de6d646c9e16662b532__PDFV2__CH_0008,351
42aa38c601f78f1a59f5772c__PDFV2__CH_0002,379
42aa38c601f78f1a59f5772c__PDFV2__CH_0003,338
42aa38c601f78f1a59f5772c__PDFV2__CH_0004,195
42aa38c601f78f1a59f5772c__PDFV2__CH_0005,152
42da0c41bce652676bd5cb53__42da0c41bce652676bd5cb53__SEG_0001__CH_001,728
42da0c41bce652676bd5cb53__42da0c41bce652676bd5cb53__SEG_0001__CH_002,437
42da0c41bce652676bd5cb53__42da0c41bce652676bd5cb53__SEG_0001__CH_003,338
42e7b3315fefc3fb3d32e31a__PDFV2__CH_0001,396
42e7b3315fefc3fb3d32e31a__PDFV2__CH_0002,208
42e7b3315fefc3fb3d32e31a__PDFV2__CH_0003,278
42e7b3315fefc3fb3d32e31a__PDFV2__CH_0004,173
42e7b3315fefc3fb3d32e31a__PDFV2__CH_0005,606
42e7b3315fefc3fb3d32e31a__PDFV2__CH_0006,556
42e7b3315fefc3fb3d32e31a__PDFV2__CH_0007,359
42e7b3315fefc3fb3d32e31a__PDFV2__CH_0008,185
42e7b3315fefc3fb3d32e31a__PDFV2__CH_0009,391
42e7b3315fefc3fb3d32e31a__PDFV2__CH_0010,334
42e7b3315fefc3fb3d32e31a__PDFV2__CH_0011,275
42e7b3315fefc3fb3d32e31a__PDFV2__CH_0012,184
42e7b3315fefc3fb3d32e31a__PDFV2__CH_0013,105
42e7b3315fefc3fb3d32e31a__PDFV2__CH_0014,548
42e7b3315fefc3fb3d32e31a__PDFV2__CH_0015,534
42e7b3315fefc3fb3d32e31a__PDFV2__CH_0016,463
42e7b3315fefc3fb3d32e31a__PDFV2__CH_0018,580
42e7b3315fefc3fb3d32e31a__PDFV2__CH_0019,261
42e7b3315fefc3fb3d32e31a__PDFV2__CH_0020,254
42e7b3315fefc3fb3d32e31a__PDFV2__CH_0021,586
42e7b3315fefc3fb3d32e31a__PDFV2__CH_0022,465
42e7b3315fefc3fb3d32e31a__PDFV2__CH_0023,146
42e7b3315fefc3fb3d32e31a__PDFV2__CH_0024,603
42e7b3315fefc3fb3d32e31a__PDFV2__CH_0025,612
42e7b3315fefc3fb3d32e31a__PDFV2__CH_0026,550
42e7b3315fefc3fb3d32e31a__PDFV2__CH_0027,526
42e7b3315fefc3fb3d32e31a__PDFV2__CH_0028,323
4303ab0619aeddcf42e13479__PDFV2__CH_0001,321
4303ab0619aeddcf42e13479__PDFV2__CH_0002,329
4303ab0619aeddcf42e13479__PDFV2__CH_0003__M,676
4303ab0619aeddcf42e13479__PDFV2__CH_0005,78
4303ab0619aeddcf42e13479__PDFV2__CH_0006,379
4303ab0619aeddcf42e13479__PDFV2__CH_0007,218
4303ab0619aeddcf42e13479__PDFV2__CH_0008,230
4303ab0619aeddcf42e13479__PDFV2__CH_0010__M,950
4303ab0619aeddcf42e13479__PDFV2__CH_0012,305
4303ab0619aeddcf42e13479__PDFV2__CH_0013,397
4303ab0619aeddcf42e13479__PDFV2__CH_0014,275
4303ab0619aeddcf42e13479__PDFV2__CH_0015,400
4303ab0619aeddcf42e13479__PDFV2__CH_0016,65
4303ab0619aeddcf42e13479__PDFV2__CH_0017,640
4303ab0619aeddcf42e13479__PDFV2__CH_0018,359
4303ab0619aeddcf42e13479__PDFV2__CH_0019,360
4303ab0619aeddcf42e13479__PDFV2__CH_0020,402
4419c3d916f9e92686517b73__PDFV2__CH_0005,271
4419c3d916f9e92686517b73__PDFV2__CH_0007,242
4419c3d916f9e92686517b73__PDFV2__CH_0008,395
4419c3d916f9e92686517b73__PDFV2__CH_0009,408
4419c3d916f9e92686517b73__PDFV2__CH_0010__M,416
4419c3d916f9e92686517b73__PDFV2__CH_0012,930
4419c3d916f9e92686517b73__PDFV2__CH_0013,916
4419c3d916f9e92686517b73__PDFV2__CH_0014,698
4419c3d916f9e92686517b73__PDFV2__CH_0015,158
4419c3d916f9e92686517b73__PDFV2__CH_0016,806
4419c3d916f9e92686517b73__PDFV2__CH_0018,846
4419c3d916f9e92686517b73__PDFV2__CH_0019,127
4419c3d916f9e92686517b73__PDFV2__CH_0022,248
4419c3d916f9e92686517b73__PDFV2__CH_0023,205
4419c3d916f9e92686517b73__PDFV2__CH_0027,221
4419c3d916f9e92686517b73__PDFV2__CH_0031,263
4419c3d916f9e92686517b73__PDFV2__CH_0032,194
4419c3d916f9e92686517b73__PDFV2__CH_0033,530
4419c3d916f9e92686517b73__PDFV2__CH_0034,589
4419c3d916f9e92686517b73__PDFV2__CH_0036,930
4419c3d916f9e92686517b73__PDFV2__CH_0038,687
4419c3d916f9e92686517b73__PDFV2__CH_0039,237
4419c3d916f9e92686517b73__PDFV2__CH_0040,710
4419c3d916f9e92686517b73__PDFV2__CH_0043,880
4419c3d916f9e92686517b73__PDFV2__CH_0044,493
4419c3d916f9e92686517b73__PDFV2__CH_0046,313
4419c3d916f9e92686517b73__PDFV2__CH_0047,588
4419c3d916f9e92686517b73__PDFV2__CH_0048,595
4419c3d916f9e92686517b73__PDFV2__CH_0049,246
4419c3d916f9e92686517b73__PDFV2__CH_0051,686
4419c3d916f9e92686517b73__PDFV2__CH_0052,522
4419c3d916f9e92686517b73__PDFV2__CH_0053,469
4419c3d916f9e92686517b73__PDFV2__CH_0056,502
4419c3d916f9e92686517b73__PDFV2__CH_0057,386
4419c3d916f9e92686517b73__PDFV2__CH_0058,411
4419c3d916f9e92686517b73__PDFV2__CH_0060__M,393
4419c3d916f9e92686517b73__PDFV2__CH_0062,113
4419c3d916f9e92686517b73__PDFV2__CH_0063,204
4419c3d916f9e92686517b73__PDFV2__CH_0064,159
4419c3d916f9e92686517b73__PDFV2__CH_0065,368
4419c3d916f9e92686517b73__PDFV2__CH_0066,348
4419c3d916f9e92686517b73__PDFV2__CH_0069__M,523
4419c3d916f9e92686517b73__PDFV2__CH_0074,265
4419c3d916f9e92686517b73__PDFV2__CH_0075,392
4419c3d916f9e92686517b73__PDFV2__CH_0076,383
4419c3d916f9e92686517b73__PDFV2__CH_0077,78
4419c3d916f9e92686517b73__PDFV2__CH_0078,121
4419c3d916f9e92686517b73__PDFV2__CH_0080,205
4419c3d916f9e92686517b73__PDFV2__CH_0082,270
4419c3d916f9e92686517b73__PDFV2__CH_0083,294
4419c3d916f9e92686517b73__PDFV2__CH_0084,165
4419c3d916f9e92686517b73__PDFV2__CH_0086,187
4419c3d916f9e92686517b73__PDFV2__CH_0087,760
4419c3d916f9e92686517b73__PDFV2__CH_0089,400
4419c3d916f9e92686517b73__PDFV2__CH_0090,248
4419c3d916f9e92686517b73__PDFV2__CH_0092,163
4419c3d916f9e92686517b73__PDFV2__CH_0093,724
4419c3d916f9e92686517b73__PDFV2__CH_0094,282
4419c3d916f9e92686517b73__PDFV2__CH_0096,899
4419c3d916f9e92686517b73__PDFV2__CH_0097,788
4419c3d916f9e92686517b73__PDFV2__CH_0098,811
4419c3d916f9e92686517b73__PDFV2__CH_0099,845
4419c3d916f9e92686517b73__PDFV2__CH_0100,845
4419c3d916f9e92686517b73__PDFV2__CH_0101,928
4419c3d916f9e92686517b73__PDFV2__CH_0102,650
4419c3d916f9e92686517b73__PDFV2__CH_0103,833
4419c3d916f9e92686517b73__PDFV2__CH_0104,113
4419c3d916f9e92686517b73__PDFV2__CH_0106,410
4419c3d916f9e92686517b73__PDFV2__CH_0107,393
4419c3d916f9e92686517b73__PDFV2__CH_0109,319
4466267dbcf0f666d6675357__4466267dbcf0f666d6675357__SEG_0001__CH_001,264
447639e6a1dfe52e2c7f1471__447639e6a1dfe52e2c7f1471__SEG_0001__CH_001,272
44e3cadc54adc8ae735a6b45__44e3cadc54adc8ae735a6b45__SEG_0001__CH_001,782
453359ff0d94e47829ecb49c__453359ff0d94e47829ecb49c__SEG_0001__CH_001,1335
453359ff0d94e47829ecb49c__453359ff0d94e47829ecb49c__SEG_0001__CH_002,861
453359ff0d94e47829ecb49c__453359ff0d94e47829ecb49c__SEG_0001__CH_003,5790
453359ff0d94e47829ecb49c__453359ff0d94e47829ecb49c__SEG_0002__CH_001,342
45a863bdaace991b75bd0297__45a863bdaace991b75bd0297__SEG_0001__CH_001,957
45a863bdaace991b75bd0297__45a863bdaace991b75bd0297__SEG_0001__CH_002,2731
45a863bdaace991b75bd0297__45a863bdaace991b75bd0297__SEG_0001__CH_003,337
45c3d50f72ef4b9ef1eaa82d__45c3d50f72ef4b9ef1eaa82d__SEG_0001__CH_001,78
45c3d50f72ef4b9ef1eaa82d__45c3d50f72ef4b9ef1eaa82d__SEG_0001__CH_002,250
45c3d50f72ef4b9ef1eaa82d__45c3d50f72ef4b9ef1eaa82d__SEG_0001__CH_003,187
45c3d50f72ef4b9ef1eaa82d__45c3d50f72ef4b9ef1eaa82d__SEG_0001__CH_004,131
45c3d50f72ef4b9ef1eaa82d__45c3d50f72ef4b9ef1eaa82d__SEG_0001__CH_005,197
45c3d50f72ef4b9ef1eaa82d__45c3d50f72ef4b9ef1eaa82d__SEG_0001__CH_006,165
45c3d50f72ef4b9ef1eaa82d__45c3d50f72ef4b9ef1eaa82d__SEG_0001__CH_007,367
45c3d50f72ef4b9ef1eaa82d__45c3d50f72ef4b9ef1eaa82d__SEG_0001__CH_008,313
45c3d50f72ef4b9ef1eaa82d__45c3d50f72ef4b9ef1eaa82d__SEG_0001__CH_009,737
45c3d50f72ef4b9ef1eaa82d__45c3d50f72ef4b9ef1eaa82d__SEG_0001__CH_010,461
45c3d50f72ef4b9ef1eaa82d__45c3d50f72ef4b9ef1eaa82d__SEG_0002__CH_001,351
45c3d50f72ef4b9ef1eaa82d__45c3d50f72ef4b9ef1eaa82d__SEG_0002__CH_002,585
45c3d50f72ef4b9ef1eaa82d__45c3d50f72ef4b9ef1eaa82d__SEG_0002__CH_003,551
464c5e03c848dae723e52ac0__464c5e03c848dae723e52ac0__SEG_0001__CH_001,180
464c5e03c848dae723e52ac0__464c5e03c848dae723e52ac0__SEG_0001__CH_002,60
46d9e0aec3fef309917bfed1__46d9e0aec3fef309917bfed1__SEG_0001__CH_003,221
47058ca2f6bac67b2fe420c5__PDFV2__CH_0001,255
47058ca2f6bac67b2fe420c5__PDFV2__CH_0002,369
47058ca2f6bac67b2fe420c5__PDFV2__CH_0003,220
47058ca2f6bac67b2fe420c5__PDFV2__CH_0004,324
47058ca2f6bac67b2fe420c5__PDFV2__CH_0005,304
47058ca2f6bac67b2fe420c5__PDFV2__CH_0007,244
47058ca2f6bac67b2fe420c5__PDFV2__CH_0008,316
47058ca2f6bac67b2fe420c5__PDFV2__CH_0009,337
47058ca2f6bac67b2fe420c5__PDFV2__CH_0010,426
47058ca2f6bac67b2fe420c5__PDFV2__CH_0011,394
47058ca2f6bac67b2fe420c5__PDFV2__CH_0012__M,989
47058ca2f6bac67b2fe420c5__PDFV2__CH_0014,546
47058ca2f6bac67b2fe420c5__PDFV2__CH_0015,195
47058ca2f6bac67b2fe420c5__PDFV2__CH_0016,202
47058ca2f6bac67b2fe420c5__PDFV2__CH_0017,254
47058ca2f6bac67b2fe420c5__PDFV2__CH_0018,127
47058ca2f6bac67b2fe420c5__PDFV2__CH_0019,145
47058ca2f6bac67b2fe420c5__PDFV2__CH_0020,81
47058ca2f6bac67b2fe420c5__PDFV2__CH_0021,309
47058ca2f6bac67b2fe420c5__PDFV2__CH_0022,94
47058ca2f6bac67b2fe420c5__PDFV2__CH_0023,311
47058ca2f6bac67b2fe420c5__PDFV2__CH_0024,322
47058ca2f6bac67b2fe420c5__PDFV2__CH_0025,274
47058ca2f6bac67b2fe420c5__PDFV2__CH_0026,272
47058ca2f6bac67b2fe420c5__PDFV2__CH_0027,168
4772fca8c2a53fd53cec7205__4772fca8c2a53fd53cec7205__SEG_0001__CH_001,971
4772fca8c2a53fd53cec7205__4772fca8c2a53fd53cec7205__SEG_0001__CH_002,114
47b2217bbc86cdf1a76c5abe__PDFV2__CH_0001,378
47b2217bbc86cdf1a76c5abe__PDFV2__CH_0002,321
47b2217bbc86cdf1a76c5abe__PDFV2__CH_0003,163
47b2217bbc86cdf1a76c5abe__PDFV2__CH_0004,304
47b2217bbc86cdf1a76c5abe__PDFV2__CH_0005,223
47b2217bbc86cdf1a76c5abe__PDFV2__CH_0006,427
47b2217bbc86cdf1a76c5abe__PDFV2__CH_0007,240
47b2217bbc86cdf1a76c5abe__PDFV2__CH_0008,228
47b2217bbc86cdf1a76c5abe__PDFV2__CH_0009,278
47b2217bbc86cdf1a76c5abe__PDFV2__CH_0010__M,513
47b2217bbc86cdf1a76c5abe__PDFV2__CH_0012,626
47b2217bbc86cdf1a76c5abe__PDFV2__CH_0013,26
481bbe1e25b47888ab8311b1__481bbe1e25b47888ab8311b1__SEG_0001__CH_001,1013
481bbe1e25b47888ab8311b1__481bbe1e25b47888ab8311b1__SEG_0001__CH_002,1076
481bbe1e25b47888ab8311b1__481bbe1e25b47888ab8311b1__SEG_0001__CH_003,468
485ddab590f22836987f25c7__485ddab590f22836987f25c7__SEG_0001__CH_001,535
489b15098bda02005a5e3589__489b15098bda02005a5e3589__SEG_0001__CH_001,312
489b15098bda02005a5e3589__489b15098bda02005a5e3589__SEG_0001__CH_002,344
489d3dfa8e0addddccd41c07__489d3dfa8e0addddccd41c07__SEG_0001__CH_001,515
489d3dfa8e0addddccd41c07__489d3dfa8e0addddccd41c07__SEG_0001__CH_002,2314
489d3dfa8e0addddccd41c07__489d3dfa8e0addddccd41c07__SEG_0001__CH_003,1458
48ad2b08b1ce0e0afaf68d74__48ad2b08b1ce0e0afaf68d74__SEG_0001__CH_001,626
48ad2b08b1ce0e0afaf68d74__48ad2b08b1ce0e0afaf68d74__SEG_0001__CH_002,373
48fce433d218106568e9ef9b__48fce433d218106568e9ef9b__SEG_0001__CH_001,233
48fce433d218106568e9ef9b__48fce433d218106568e9ef9b__SEG_0001__CH_002__M,713
48fce433d218106568e9ef9b__48fce433d218106568e9ef9b__SEG_0001__CH_004,347
4904e16239845f5dd157a1b3__4904e16239845f5dd157a1b3__SEG_0001__CH_001,178
4904e16239845f5dd157a1b3__4904e16239845f5dd157a1b3__SEG_0001__CH_002,45
495ee9579d621a73a75de45b__495ee9579d621a73a75de45b__SEG_0001__CH_001,253
495ee9579d621a73a75de45b__495ee9579d621a73a75de45b__SEG_0001__CH_002,196
4970858b703705b84a5bb0e1__4970858b703705b84a5bb0e1__SEG_0001__CH_001,528
4970858b703705b84a5bb0e1__4970858b703705b84a5bb0e1__SEG_0001__CH_002,444
4970858b703705b84a5bb0e1__4970858b703705b84a5bb0e1__SEG_0001__CH_003,878
4970858b703705b84a5bb0e1__4970858b703705b84a5bb0e1__SEG_0001__CH_004,647
4970858b703705b84a5bb0e1__4970858b703705b84a5bb0e1__SEG_0001__CH_005,342
4970858b703705b84a5bb0e1__4970858b703705b84a5bb0e1__SEG_0002__CH_001,109
4970858b703705b84a5bb0e1__4970858b703705b84a5bb0e1__SEG_0002__CH_002,531
4970858b703705b84a5bb0e1__4970858b703705b84a5bb0e1__SEG_0002__CH_003,501
4970858b703705b84a5bb0e1__4970858b703705b84a5bb0e1__SEG_0002__CH_004,372
4973a9db3e6895d54c65b71d__4973a9db3e6895d54c65b71d__SEG_0001__CH_001,402
4989addc07000ff845bc5995__PDFV2__CH_0001,391
4989addc07000ff845bc5995__PDFV2__CH_0002,432
4989addc07000ff845bc5995__PDFV2__CH_0003,242
4989addc07000ff845bc5995__PDFV2__CH_0004,598
4989addc07000ff845bc5995__PDFV2__CH_0005,299
49b207eaac78538dcd2c8b53__PDFV2__CH_0010,300
49b207eaac78538dcd2c8b53__PDFV2__CH_0011,506
49b207eaac78538dcd2c8b53__PDFV2__CH_0012,372
49b207eaac78538dcd2c8b53__PDFV2__CH_0013,247
49b207eaac78538dcd2c8b53__PDFV2__CH_0014,291
49b207eaac78538dcd2c8b53__PDFV2__CH_0016,467
49b207eaac78538dcd2c8b53__PDFV2__CH_0018,542
49b207eaac78538dcd2c8b53__PDFV2__CH_0019,484
49b207eaac78538dcd2c8b53__PDFV2__CH_0020,357
49b207eaac78538dcd2c8b53__PDFV2__CH_0021,654
49b207eaac78538dcd2c8b53__PDFV2__CH_0022,125
49b207eaac78538dcd2c8b53__PDFV2__CH_0023,639
49b207eaac78538dcd2c8b53__PDFV2__CH_0024,360
49b207eaac78538dcd2c8b53__PDFV2__CH_0025,450
49b207eaac78538dcd2c8b53__PDFV2__CH_0026,275
49b207eaac78538dcd2c8b53__PDFV2__CH_0027,183
49b207eaac78538dcd2c8b53__PDFV2__CH_0028,199
49b207eaac78538dcd2c8b53__PDFV2__CH_0029,166
49b207eaac78538dcd2c8b53__PDFV2__CH_0030,278
49b207eaac78538dcd2c8b53__PDFV2__CH_0031,158
49b207eaac78538dcd2c8b53__PDFV2__CH_0032,182
49b207eaac78538dcd2c8b53__PDFV2__CH_0033,388
49b207eaac78538dcd2c8b53__PDFV2__CH_0034,556
49b207eaac78538dcd2c8b53__PDFV2__CH_0035,282
49b207eaac78538dcd2c8b53__PDFV2__CH_0036,501
49b207eaac78538dcd2c8b53__PDFV2__CH_0037,610
49b207eaac78538dcd2c8b53__PDFV2__CH_0038,405
49b207eaac78538dcd2c8b53__PDFV2__CH_0039,346
49b207eaac78538dcd2c8b53__PDFV2__CH_0040,279
49b207eaac78538dcd2c8b53__PDFV2__CH_0041,311
49b207eaac78538dcd2c8b53__PDFV2__CH_0042,403
49b207eaac78538dcd2c8b53__PDFV2__CH_0044,432
49b207eaac78538dcd2c8b53__PDFV2__CH_0045,510
49b207eaac78538dcd2c8b53__PDFV2__CH_0046,333
49b207eaac78538dcd2c8b53__PDFV2__CH_0047,387
49b207eaac78538dcd2c8b53__PDFV2__CH_0048,339
49b207eaac78538dcd2c8b53__PDFV2__CH_0049,441
49b207eaac78538dcd2c8b53__PDFV2__CH_0050,279
49b207eaac78538dcd2c8b53__PDFV2__CH_0051,212
49b207eaac78538dcd2c8b53__PDFV2__CH_0052,362
49b207eaac78538dcd2c8b53__PDFV2__CH_0053,247
49b207eaac78538dcd2c8b53__PDFV2__CH_0054,147
49b207eaac78538dcd2c8b53__PDFV2__CH_0055,242
49b207eaac78538dcd2c8b53__PDFV2__CH_0056,257
49b207eaac78538dcd2c8b53__PDFV2__CH_0058,197
49b207eaac78538dcd2c8b53__PDFV2__CH_0059,317
49b207eaac78538dcd2c8b53__PDFV2__CH_0060,344
49b207eaac78538dcd2c8b53__PDFV2__CH_0061,425
49b207eaac78538dcd2c8b53__PDFV2__CH_0062,652
49b207eaac78538dcd2c8b53__PDFV2__CH_0063,437
49b207eaac78538dcd2c8b53__PDFV2__CH_0064,419
49b207eaac78538dcd2c8b53__PDFV2__CH_0065,249
49b207eaac78538dcd2c8b53__PDFV2__CH_0066,217
49b207eaac78538dcd2c8b53__PDFV2__CH_0067,455
49b207eaac78538dcd2c8b53__PDFV2__CH_0068,634
49b207eaac78538dcd2c8b53__PDFV2__CH_0069,207
49b207eaac78538dcd2c8b53__PDFV2__CH_0070,328
49b207eaac78538dcd2c8b53__PDFV2__CH_0071,318
49b207eaac78538dcd2c8b53__PDFV2__CH_0072,327
49b207eaac78538dcd2c8b53__PDFV2__CH_0073,352
49b207eaac78538dcd2c8b53__PDFV2__CH_0074,409
49b207eaac78538dcd2c8b53__PDFV2__CH_0075,425
49b207eaac78538dcd2c8b53__PDFV2__CH_0076,441
49b207eaac78538dcd2c8b53__PDFV2__CH_0077,451
4a48de606e2417483a6f60e9__4a48de606e2417483a6f60e9__SEG_0001__CH_001,208
4a48de606e2417483a6f60e9__4a48de606e2417483a6f60e9__SEG_0001__CH_002,160
4ac29bbc6651aefddfd29c42__PDFV2__CH_0001,564
4ac29bbc6651aefddfd29c42__PDFV2__CH_0002,419
4ac29bbc6651aefddfd29c42__PDFV2__CH_0003,427
4ac29bbc6651aefddfd29c42__PDFV2__CH_0004,297
4ac29bbc6651aefddfd29c42__PDFV2__CH_0005,415
4ac29bbc6651aefddfd29c42__PDFV2__CH_0006,250
4ac29bbc6651aefddfd29c42__PDFV2__CH_0007,497
4ac29bbc6651aefddfd29c42__PDFV2__CH_0008,286
4ac29bbc6651aefddfd29c42__PDFV2__CH_0009,190
4ac29bbc6651aefddfd29c42__PDFV2__CH_0010,225
4ac29bbc6651aefddfd29c42__PDFV2__CH_0011,355
4ac29bbc6651aefddfd29c42__PDFV2__CH_0012,557
4ac29bbc6651aefddfd29c42__PDFV2__CH_0013,334
4ac29bbc6651aefddfd29c42__PDFV2__CH_0014,270
4ac29bbc6651aefddfd29c42__PDFV2__CH_0016,114
4ac29bbc6651aefddfd29c42__PDFV2__CH_0017,246
4ae723155f25fb695ba5ff24__PDFV2__CH_0001,280
4ae723155f25fb695ba5ff24__PDFV2__CH_0002,192
4ae723155f25fb695ba5ff24__PDFV2__CH_0003,286
4ae723155f25fb695ba5ff24__PDFV2__CH_0004,283
4ae723155f25fb695ba5ff24__PDFV2__CH_0005,116
4ae723155f25fb695ba5ff24__PDFV2__CH_0006,152
4ae723155f25fb695ba5ff24__PDFV2__CH_0008,99
4ae723155f25fb695ba5ff24__PDFV2__CH_0009,459
4ae723155f25fb695ba5ff24__PDFV2__CH_0010,478
4ae723155f25fb695ba5ff24__PDFV2__CH_0011,528
4ae723155f25fb695ba5ff24__PDFV2__CH_0012,175
4ae723155f25fb695ba5ff24__PDFV2__CH_0013,717
4ae723155f25fb695ba5ff24__PDFV2__CH_0014,296
4ae723155f25fb695ba5ff24__PDFV2__CH_0015,421
4ae723155f25fb695ba5ff24__PDFV2__CH_0016__M,902
4b105e65dd7227360df1295c__4b105e65dd7227360df1295c__SEG_0001__CH_002,102
4b105e65dd7227360df1295c__4b105e65dd7227360df1295c__SEG_0001__CH_003,265
4b105e65dd7227360df1295c__4b105e65dd7227360df1295c__SEG_0001__CH_004,249
4b105e65dd7227360df1295c__4b105e65dd7227360df1295c__SEG_0001__CH_005,255
4b105e65dd7227360df1295c__4b105e65dd7227360df1295c__SEG_0001__CH_006,57
4b105e65dd7227360df1295c__4b105e65dd7227360df1295c__SEG_0001__CH_007,632
4b105e65dd7227360df1295c__4b105e65dd7227360df1295c__SEG_0001__CH_008,237
4b105e65dd7227360df1295c__4b105e65dd7227360df1295c__SEG_0001__CH_009,707
4b4c6cbf5f89d7ebcc1f33a9__4b4c6cbf5f89d7ebcc1f33a9__SEG_0001__CH_002,309
4b4c6cbf5f89d7ebcc1f33a9__4b4c6cbf5f89d7ebcc1f33a9__SEG_0001__CH_003,1922
4b4c6cbf5f89d7ebcc1f33a9__4b4c6cbf5f89d7ebcc1f33a9__SEG_0001__CH_004,559
4b79f5e68927e1962e030eb2__4b79f5e68927e1962e030eb2__SEG_0001__CH_001,808
4b79f5e68927e1962e030eb2__4b79f5e68927e1962e030eb2__SEG_0001__CH_002,779
4b79f5e68927e1962e030eb2__4b79f5e68927e1962e030eb2__SEG_0001__CH_003,392
4b7a85ff49f7ce1db2a0c5ee__PDFV2__CH_0001__M,986
4b7a85ff49f7ce1db2a0c5ee__PDFV2__CH_0003,348
4b7a85ff49f7ce1db2a0c5ee__PDFV2__CH_0004,449
4b7a85ff49f7ce1db2a0c5ee__PDFV2__CH_0005,436
4b7a85ff49f7ce1db2a0c5ee__PDFV2__CH_0006__M,1006
4b8fe5b5bf60adaf3d70c886__PDFV2__CH_0001,261
4b8fe5b5bf60adaf3d70c886__PDFV2__CH_0002,262
4b8fe5b5bf60adaf3d70c886__PDFV2__CH_0003,395
4b8fe5b5bf60adaf3d70c886__PDFV2__CH_0004,133
4b8fe5b5bf60adaf3d70c886__PDFV2__CH_0005__M,651
4b8fe5b5bf60adaf3d70c886__PDFV2__CH_0007__M,1011
4b8fe5b5bf60adaf3d70c886__PDFV2__CH_0009__M,886
4b8fe5b5bf60adaf3d70c886__PDFV2__CH_0011,276
4b8fe5b5bf60adaf3d70c886__PDFV2__CH_0012,459
4b8fe5b5bf60adaf3d70c886__PDFV2__CH_0013,347
4b8fe5b5bf60adaf3d70c886__PDFV2__CH_0014__M,660
4b8fe5b5bf60adaf3d70c886__PDFV2__CH_0016,1020
4b8fe5b5bf60adaf3d70c886__PDFV2__CH_0017,71
4b8fe5b5bf60adaf3d70c886__PDFV2__CH_0018,458
4b8fe5b5bf60adaf3d70c886__PDFV2__CH_0019,495
4be08169ea18bddf47825048__4be08169ea18bddf47825048__SEG_0001__CH_001,375
4c0a66b4a0679f81af66c16b__4c0a66b4a0679f81af66c16b__SEG_0001__CH_001,997
4c204d6f9c5191cfa2b78491__4c204d6f9c5191cfa2b78491__SEG_0001__CH_001,426
4c4ab559a9e9648f73bfe993__4c4ab559a9e9648f73bfe993__SEG_0001__CH_001,307
4c4ab559a9e9648f73bfe993__4c4ab559a9e9648f73bfe993__SEG_0001__CH_002,116
4ca7551fb769e70d91617135__4ca7551fb769e70d91617135__SEG_0001__CH_002,603
4ca7551fb769e70d91617135__4ca7551fb769e70d91617135__SEG_0001__CH_003,246
4ca7551fb769e70d91617135__4ca7551fb769e70d91617135__SEG_0001__CH_004,1312
4ca7551fb769e70d91617135__4ca7551fb769e70d91617135__SEG_0001__CH_005,513
4ca7551fb769e70d91617135__4ca7551fb769e70d91617135__SEG_0002__CH_001,306
4cf0ad84f2fb590da43dd92e__4cf0ad84f2fb590da43dd92e__SEG_0001__CH_001,184
4cf0ad84f2fb590da43dd92e__4cf0ad84f2fb590da43dd92e__SEG_0001__CH_002,169
4d22010172ba498615d8cabf__PDFV2__CH_0002,385
4d3c887f3dd129f4697a34d3__PDFV2__CH_0001,343
4d3c887f3dd129f4697a34d3__PDFV2__CH_0002,458
4d3c887f3dd129f4697a34d3__PDFV2__CH_0003,371
4d43718912c241fb7e4bdb3d__PDFV2__CH_0001,430
4d43718912c241fb7e4bdb3d__PDFV2__CH_0002,619
4d81f9bea937d06638fc536b__4d81f9bea937d06638fc536b__SEG_0001__CH_001,333
4d81f9bea937d06638fc536b__4d81f9bea937d06638fc536b__SEG_0001__CH_002,450
4d9da908389a49d561f972de__PDFV2__CH_0001,422
4d9da908389a49d561f972de__PDFV2__CH_0002,402
4df2e97ace5ccce0f3242d36__PDFV2__CH_0001,262
4df2e97ace5ccce0f3242d36__PDFV2__CH_0002,128
4df2e97ace5ccce0f3242d36__PDFV2__CH_0003,252
4df2e97ace5ccce0f3242d36__PDFV2__CH_0004,159
4df2e97ace5ccce0f3242d36__PDFV2__CH_0005,197
4df2e97ace5ccce0f3242d36__PDFV2__CH_0006,285
4df6478798c6be508a060e77__4df6478798c6be508a060e77__SEG_0001__CH_001,627
4df6478798c6be508a060e77__4df6478798c6be508a060e77__SEG_0001__CH_002,370
4df6478798c6be508a060e77__4df6478798c6be508a060e77__SEG_0001__CH_003,942
4e428699658c565b89626b66__4e428699658c565b89626b66__SEG_0001__CH_001,149
4e428699658c565b89626b66__4e428699658c565b89626b66__SEG_0001__CH_002,683
4e428699658c565b89626b66__4e428699658c565b89626b66__SEG_0001__CH_003,269
4e87be7da970d02124574ce2__4e87be7da970d02124574ce2__SEG_0001__CH_001,682
4e9fdf2e3da38bd74160a50e__4e9fdf2e3da38bd74160a50e__SEG_0001__CH_001,179
4e9fdf2e3da38bd74160a50e__4e9fdf2e3da38bd74160a50e__SEG_0001__CH_002,824
4e9fdf2e3da38bd74160a50e__4e9fdf2e3da38bd74160a50e__SEG_0001__CH_003,995
4e9fdf2e3da38bd74160a50e__4e9fdf2e3da38bd74160a50e__SEG_0001__CH_004,551
4e9fdf2e3da38bd74160a50e__4e9fdf2e3da38bd74160a50e__SEG_0001__CH_005,719
4e9fdf2e3da38bd74160a50e__4e9fdf2e3da38bd74160a50e__SEG_0001__CH_006,948
4e9fdf2e3da38bd74160a50e__4e9fdf2e3da38bd74160a50e__SEG_0001__CH_007,758
4e9fdf2e3da38bd74160a50e__4e9fdf2e3da38bd74160a50e__SEG_0002__CH_001,83
4ed1bd69e0c9a7373191a184__4ed1bd69e0c9a7373191a184__SEG_0001__CH_001,84
4ed1bd69e0c9a7373191a184__4ed1bd69e0c9a7373191a184__SEG_0001__CH_002,84
4ed6257b3f535a7031c51243__4ed6257b3f535a7031c51243__SEG_0001__CH_001,223
4f31a4e17cab2556f06eb2e5__4f31a4e17cab2556f06eb2e5__SEG_0001__CH_001,533
4f31a4e17cab2556f06eb2e5__4f31a4e17cab2556f06eb2e5__SEG_0001__CH_002,576
4f3331b9c3a035c32fb206f5__4f3331b9c3a035c32fb206f5__SEG_0001__CH_001,5994
4fac0b30e77b9f43a8a5b105__4fac0b30e77b9f43a8a5b105__SEG_0001__CH_001,285
4fac0b30e77b9f43a8a5b105__4fac0b30e77b9f43a8a5b105__SEG_0001__CH_002,192
4fac0b30e77b9f43a8a5b105__4fac0b30e77b9f43a8a5b105__SEG_0001__CH_003,78
4fac0b30e77b9f43a8a5b105__4fac0b30e77b9f43a8a5b105__SEG_0001__CH_004,185
503ca347555b48201acaa271__503ca347555b48201acaa271__SEG_0001__CH_001,240
503ca347555b48201acaa271__503ca347555b48201acaa271__SEG_0001__CH_002,179
507f8a42827a99c72adb51cb__507f8a42827a99c72adb51cb__SEG_0001__CH_001,700
507f8a42827a99c72adb51cb__507f8a42827a99c72adb51cb__SEG_0001__CH_002,350
5098c124cdc248dbfe0c8cbc__5098c124cdc248dbfe0c8cbc__SEG_0001__CH_002,223
5098c124cdc248dbfe0c8cbc__5098c124cdc248dbfe0c8cbc__SEG_0001__CH_003,131
5098c124cdc248dbfe0c8cbc__5098c124cdc248dbfe0c8cbc__SEG_0001__CH_004,448
5098c124cdc248dbfe0c8cbc__5098c124cdc248dbfe0c8cbc__SEG_0001__CH_005,101
5098c124cdc248dbfe0c8cbc__5098c124cdc248dbfe0c8cbc__SEG_0001__CH_006,239
50b05aa8fa8e55da95409c73__50b05aa8fa8e55da95409c73__SEG_0001__CH_001,140
50dacce4588e9f797dde001b__PDFV2__CH_0001,361
50dacce4588e9f797dde001b__PDFV2__CH_0002,307
50dacce4588e9f797dde001b__PDFV2__CH_0003,734
50dacce4588e9f797dde001b__PDFV2__CH_0004,435
50dacce4588e9f797dde001b__PDFV2__CH_0005,403
50dacce4588e9f797dde001b__PDFV2__CH_0006,463
50dacce4588e9f797dde001b__PDFV2__CH_0007,88
511c02b14d781ff24c38f4c8__511c02b14d781ff24c38f4c8__SEG_0001__CH_001,220
511c02b14d781ff24c38f4c8__511c02b14d781ff24c38f4c8__SEG_0001__CH_002,153
513fd32e3b91c3a8ebb993d0__513fd32e3b91c3a8ebb993d0__SEG_0001__CH_001,291
513fd32e3b91c3a8ebb993d0__513fd32e3b91c3a8ebb993d0__SEG_0001__CH_002,407
515e4251e4bd61991edfdc0d__515e4251e4bd61991edfdc0d__SEG_0001__CH_001,497
515e4251e4bd61991edfdc0d__515e4251e4bd61991edfdc0d__SEG_0001__CH_002,1453
515e4251e4bd61991edfdc0d__515e4251e4bd61991edfdc0d__SEG_0001__CH_003,1287
51fb91c299d55f03ed47b629__PDFV2__CH_0003,507
51fb91c299d55f03ed47b629__PDFV2__CH_0004,412
51fb91c299d55f03ed47b629__PDFV2__CH_0005,521
51fb91c299d55f03ed47b629__PDFV2__CH_0006,712
51fb91c299d55f03ed47b629__PDFV2__CH_0007,105
51fb91c299d55f03ed47b629__PDFV2__CH_0008,608
51fb91c299d55f03ed47b629__PDFV2__CH_0009,364
51fb91c299d55f03ed47b629__PDFV2__CH_0010,317
51fb91c299d55f03ed47b629__PDFV2__CH_0011,515
51fb91c299d55f03ed47b629__PDFV2__CH_0012,530
51fb91c299d55f03ed47b629__PDFV2__CH_0013,219
51fb91c299d55f03ed47b629__PDFV2__CH_0014,524
51fb91c299d55f03ed47b629__PDFV2__CH_0015,446
51fb91c299d55f03ed47b629__PDFV2__CH_0017,578
51fb91c299d55f03ed47b629__PDFV2__CH_0018,586
51fb91c299d55f03ed47b629__PDFV2__CH_0019,113
51fb91c299d55f03ed47b629__PDFV2__CH_0020,870
51fb91c299d55f03ed47b629__PDFV2__CH_0021,256
51fb91c299d55f03ed47b629__PDFV2__CH_0022,336
51fb91c299d55f03ed47b629__PDFV2__CH_0023,423
51fb91c299d55f03ed47b629__PDFV2__CH_0024,448
51fb91c299d55f03ed47b629__PDFV2__CH_0025,272
51fb91c299d55f03ed47b629__PDFV2__CH_0026,495
51fb91c299d55f03ed47b629__PDFV2__CH_0027,163
51fb91c299d55f03ed47b629__PDFV2__CH_0028,553
51fb91c299d55f03ed47b629__PDFV2__CH_0029,464
51fb91c299d55f03ed47b629__PDFV2__CH_0030,473
51fb91c299d55f03ed47b629__PDFV2__CH_0031,199
51fb91c299d55f03ed47b629__PDFV2__CH_0032,706
51fb91c299d55f03ed47b629__PDFV2__CH_0033,301
51fb91c299d55f03ed47b629__PDFV2__CH_0034,371
51fb91c299d55f03ed47b629__PDFV2__CH_0035,502
51fb91c299d55f03ed47b629__PDFV2__CH_0036,513
51fb91c299d55f03ed47b629__PDFV2__CH_0037,474
51fb91c299d55f03ed47b629__PDFV2__CH_0038,673
51fb91c299d55f03ed47b629__PDFV2__CH_0039,432
51fb91c299d55f03ed47b629__PDFV2__CH_0040,791
51fb91c299d55f03ed47b629__PDFV2__CH_0041,336
51fb91c299d55f03ed47b629__PDFV2__CH_0042,537
51fb91c299d55f03ed47b629__PDFV2__CH_0043,785
51fb91c299d55f03ed47b629__PDFV2__CH_0044,402
51fb91c299d55f03ed47b629__PDFV2__CH_0045,720
51fb91c299d55f03ed47b629__PDFV2__CH_0046,230
51fb91c299d55f03ed47b629__PDFV2__CH_0047,184
51fb91c299d55f03ed47b629__PDFV2__CH_0048,543
51fb91c299d55f03ed47b629__PDFV2__CH_0049,393
51fb91c299d55f03ed47b629__PDFV2__CH_0050__M,964
51fb91c299d55f03ed47b629__PDFV2__CH_0052,565
51fb91c299d55f03ed47b629__PDFV2__CH_0053,518
51fb91c299d55f03ed47b629__PDFV2__CH_0054,392
51fb91c299d55f03ed47b629__PDFV2__CH_0055,138
51fb91c299d55f03ed47b629__PDFV2__CH_0056,624
51fb91c299d55f03ed47b629__PDFV2__CH_0057,488
5226f32b71b498c8fd6d1c4f__5226f32b71b498c8fd6d1c4f__SEG_0001__CH_001,408
5226f32b71b498c8fd6d1c4f__5226f32b71b498c8fd6d1c4f__SEG_0001__CH_002,340
5226f32b71b498c8fd6d1c4f__5226f32b71b498c8fd6d1c4f__SEG_0001__CH_003,265
5263875afb6441604f7b689f__5263875afb6441604f7b689f__SEG_0001__CH_001,141
5263875afb6441604f7b689f__5263875afb6441604f7b689f__SEG_0001__CH_002,203
5263875afb6441604f7b689f__5263875afb6441604f7b689f__SEG_0001__CH_003,165
5263875afb6441604f7b689f__5263875afb6441604f7b689f__SEG_0001__CH_004,128
5263875afb6441604f7b689f__5263875afb6441604f7b689f__SEG_0001__CH_005,174
5263875afb6441604f7b689f__5263875afb6441604f7b689f__SEG_0001__CH_006,311
5263875afb6441604f7b689f__5263875afb6441604f7b689f__SEG_0001__CH_007,2289
52952400eb511910418ce15a__52952400eb511910418ce15a__SEG_0001__CH_001,137
52c560d9476c0de06e747fc9__PDFV2__CH_0001,250
52c560d9476c0de06e747fc9__PDFV2__CH_0005,503
52c560d9476c0de06e747fc9__PDFV2__CH_0006,650
52c560d9476c0de06e747fc9__PDFV2__CH_0007,393
52c560d9476c0de06e747fc9__PDFV2__CH_0008,582
52c560d9476c0de06e747fc9__PDFV2__CH_0009,575
52c560d9476c0de06e747fc9__PDFV2__CH_0010,467
52c560d9476c0de06e747fc9__PDFV2__CH_0011,125
52c560d9476c0de06e747fc9__PDFV2__CH_0012,187
52c560d9476c0de06e747fc9__PDFV2__CH_0013,187
52c560d9476c0de06e747fc9__PDFV2__CH_0014,260
52c560d9476c0de06e747fc9__PDFV2__CH_0015,217
52c560d9476c0de06e747fc9__PDFV2__CH_0016__M,724
52c560d9476c0de06e747fc9__PDFV2__CH_0018,259
52c560d9476c0de06e747fc9__PDFV2__CH_0019,365
52c560d9476c0de06e747fc9__PDFV2__CH_0020,176
52c560d9476c0de06e747fc9__PDFV2__CH_0021,296
52c560d9476c0de06e747fc9__PDFV2__CH_0022,282
52c560d9476c0de06e747fc9__PDFV2__CH_0023,493
52c560d9476c0de06e747fc9__PDFV2__CH_0024,380
52c560d9476c0de06e747fc9__PDFV2__CH_0025__M,891
52c560d9476c0de06e747fc9__PDFV2__CH_0027,81
52c560d9476c0de06e747fc9__PDFV2__CH_0028,235
52c560d9476c0de06e747fc9__PDFV2__CH_0031,105
52c560d9476c0de06e747fc9__PDFV2__CH_0032,212
52c560d9476c0de06e747fc9__PDFV2__CH_0033,468
52c560d9476c0de06e747fc9__PDFV2__CH_0034,675
52d28030e36b4e8c56cb3c60__52d28030e36b4e8c56cb3c60__SEG_0001__CH_001,635
52d28030e36b4e8c56cb3c60__52d28030e36b4e8c56cb3c60__SEG_0001__CH_002,973
52e89b5941b6dc98d4dd04a5__52e89b5941b6dc98d4dd04a5__SEG_0001__CH_001,628
52e89b5941b6dc98d4dd04a5__52e89b5941b6dc98d4dd04a5__SEG_0001__CH_002,791
5379687b02c92f28cd4f508b__5379687b02c92f28cd4f508b__SEG_0001__CH_001,481
5379687b02c92f28cd4f508b__5379687b02c92f28cd4f508b__SEG_0001__CH_002,404
53a7efdfa8f755c454c4261c__53a7efdfa8f755c454c4261c__SEG_0001__CH_001,63
53a7efdfa8f755c454c4261c__53a7efdfa8f755c454c4261c__SEG_0001__CH_002,226
53a7efdfa8f755c454c4261c__53a7efdfa8f755c454c4261c__SEG_0001__CH_003,268
53a7efdfa8f755c454c4261c__53a7efdfa8f755c454c4261c__SEG_0001__CH_004,265
53a7efdfa8f755c454c4261c__53a7efdfa8f755c454c4261c__SEG_0001__CH_005,298
53a7efdfa8f755c454c4261c__53a7efdfa8f755c454c4261c__SEG_0001__CH_006,317
53a7efdfa8f755c454c4261c__53a7efdfa8f755c454c4261c__SEG_0001__CH_007,99
53a7efdfa8f755c454c4261c__53a7efdfa8f755c454c4261c__SEG_0001__CH_008,185
53b62e2a3b1dd0638080fa78__53b62e2a3b1dd0638080fa78__SEG_0001__CH_001,53
53d4616647e2f2e2a5e26e48__53d4616647e2f2e2a5e26e48__SEG_0001__CH_001,1244
53d4616647e2f2e2a5e26e48__53d4616647e2f2e2a5e26e48__SEG_0001__CH_002,1264
5455cef698276b8dc3e75006__PDFV2__CH_0002,188
5455cef698276b8dc3e75006__PDFV2__CH_0010,170
5455cef698276b8dc3e75006__PDFV2__CH_0011,165
5455cef698276b8dc3e75006__PDFV2__CH_0012,318
5455cef698276b8dc3e75006__PDFV2__CH_0013,195
5455cef698276b8dc3e75006__PDFV2__CH_0015,62
5455cef698276b8dc3e75006__PDFV2__CH_0016,309
5455cef698276b8dc3e75006__PDFV2__CH_0020,235
5455cef698276b8dc3e75006__PDFV2__CH_0021,304
5455cef698276b8dc3e75006__PDFV2__CH_0023,356
5455cef698276b8dc3e75006__PDFV2__CH_0024,366
5455cef698276b8dc3e75006__PDFV2__CH_0027,332
5455cef698276b8dc3e75006__PDFV2__CH_0028,129
5455cef698276b8dc3e75006__PDFV2__CH_0029,411
5455cef698276b8dc3e75006__PDFV2__CH_0030,221
5455cef698276b8dc3e75006__PDFV2__CH_0031,372
5466a316ec1ddd52b5381199__5466a316ec1ddd52b5381199__SEG_0001__CH_001,1622
5466a316ec1ddd52b5381199__5466a316ec1ddd52b5381199__SEG_0001__CH_002__M,597
54c8821f79b71ad454959d79__PDFV2__CH_0001,319
54c8821f79b71ad454959d79__PDFV2__CH_0002,340
54c8821f79b71ad454959d79__PDFV2__CH_0003,399
54c8821f79b71ad454959d79__PDFV2__CH_0004,181
54c8821f79b71ad454959d79__PDFV2__CH_0005,216
54c8821f79b71ad454959d79__PDFV2__CH_0007,180
54c8821f79b71ad454959d79__PDFV2__CH_0008,514
54c8821f79b71ad454959d79__PDFV2__CH_0009,204
54c8821f79b71ad454959d79__PDFV2__CH_0010,358
54c8821f79b71ad454959d79__PDFV2__CH_0011,372
551aefd4758d63ffc9da2ba5__PDFV2__CH_0001,441
551aefd4758d63ffc9da2ba5__PDFV2__CH_0002,835
551aefd4758d63ffc9da2ba5__PDFV2__CH_0003,280
5589a9a3eb56ee487cf18e3d__5589a9a3eb56ee487cf18e3d__SEG_0001__CH_001,1111
5589a9a3eb56ee487cf18e3d__5589a9a3eb56ee487cf18e3d__SEG_0001__CH_002,258
558dd1e640144fc6093bfe2b__PDFV2__CH_0001,297
558dd1e640144fc6093bfe2b__PDFV2__CH_0002,409
558dd1e640144fc6093bfe2b__PDFV2__CH_0003,174
558f76da697ef35aac5fb609__558f76da697ef35aac5fb609__SEG_0001__CH_001,612
55e18ebbc13365ce5f8fa242__PDFV2__CH_0001,660
55e18ebbc13365ce5f8fa242__PDFV2__CH_0002,423
55e18ebbc13365ce5f8fa242__PDFV2__CH_0003,712
55e18ebbc13365ce5f8fa242__PDFV2__CH_0004,732
55e18ebbc13365ce5f8fa242__PDFV2__CH_0005,363
55e18ebbc13365ce5f8fa242__PDFV2__CH_0006,398
55e18ebbc13365ce5f8fa242__PDFV2__CH_0007,361
55e18ebbc13365ce5f8fa242__PDFV2__CH_0009,603
55e18ebbc13365ce5f8fa242__PDFV2__CH_0010,509
55e18ebbc13365ce5f8fa242__PDFV2__CH_0012,459
55e18ebbc13365ce5f8fa242__PDFV2__CH_0013,264
55e18ebbc13365ce5f8fa242__PDFV2__CH_0014,333
55e18ebbc13365ce5f8fa242__PDFV2__CH_0015,741
55e18ebbc13365ce5f8fa242__PDFV2__CH_0017,165
55e18ebbc13365ce5f8fa242__PDFV2__CH_0020,364
55e18ebbc13365ce5f8fa242__PDFV2__CH_0022,655
55e18ebbc13365ce5f8fa242__PDFV2__CH_0023,669
55e18ebbc13365ce5f8fa242__PDFV2__CH_0024,522
55e18ebbc13365ce5f8fa242__PDFV2__CH_0025,116
55e18ebbc13365ce5f8fa242__PDFV2__CH_0026,678
55e18ebbc13365ce5f8fa242__PDFV2__CH_0027,444
55e18ebbc13365ce5f8fa242__PDFV2__CH_0028,411
55e18ebbc13365ce5f8fa242__PDFV2__CH_0029,178
55e18ebbc13365ce5f8fa242__PDFV2__CH_0030,799
55e18ebbc13365ce5f8fa242__PDFV2__CH_0031,743
55e18ebbc13365ce5f8fa242__PDFV2__CH_0032,268
55e18ebbc13365ce5f8fa242__PDFV2__CH_0033,743
55e18ebbc13365ce5f8fa242__PDFV2__CH_0034,555
55e18ebbc13365ce5f8fa242__PDFV2__CH_0035,527
55e18ebbc13365ce5f8fa242__PDFV2__CH_0036,762
55e18ebbc13365ce5f8fa242__PDFV2__CH_0037,604
55e18ebbc13365ce5f8fa242__PDFV2__CH_0038,106
55e18ebbc13365ce5f8fa242__PDFV2__CH_0039,804
55e18ebbc13365ce5f8fa242__PDFV2__CH_0040,338
55e18ebbc13365ce5f8fa242__PDFV2__CH_0041,363
55e18ebbc13365ce5f8fa242__PDFV2__CH_0042,409
55e18ebbc13365ce5f8fa242__PDFV2__CH_0043,347
55e18ebbc13365ce5f8fa242__PDFV2__CH_0044,439
55e18ebbc13365ce5f8fa242__PDFV2__CH_0046,794
55e18ebbc13365ce5f8fa242__PDFV2__CH_0047,713
55e18ebbc13365ce5f8fa242__PDFV2__CH_0048,257
55e18ebbc13365ce5f8fa242__PDFV2__CH_0049,470
55e18ebbc13365ce5f8fa242__PDFV2__CH_0050,644
55e18ebbc13365ce5f8fa242__PDFV2__CH_0051,485
55e18ebbc13365ce5f8fa242__PDFV2__CH_0052,682
55e18ebbc13365ce5f8fa242__PDFV2__CH_0053,367
55e18ebbc13365ce5f8fa242__PDFV2__CH_0054,320
55e18ebbc13365ce5f8fa242__PDFV2__CH_0055,169
55e18ebbc13365ce5f8fa242__PDFV2__CH_0056,204
55e18ebbc13365ce5f8fa242__PDFV2__CH_0057__M,343
55e18ebbc13365ce5f8fa242__PDFV2__CH_0059,691
55e18ebbc13365ce5f8fa242__PDFV2__CH_0060,277
55e18ebbc13365ce5f8fa242__PDFV2__CH_0061,221
55e18ebbc13365ce5f8fa242__PDFV2__CH_0062,656
55e18ebbc13365ce5f8fa242__PDFV2__CH_0063,403
55e18ebbc13365ce5f8fa242__PDFV2__CH_0064,703
55e18ebbc13365ce5f8fa242__PDFV2__CH_0065,557
55e18ebbc13365ce5f8fa242__PDFV2__CH_0066,326
55e18ebbc13365ce5f8fa242__PDFV2__CH_0067,639
55e18ebbc13365ce5f8fa242__PDFV2__CH_0068,539
55e18ebbc13365ce5f8fa242__PDFV2__CH_0069,517
55e18ebbc13365ce5f8fa242__PDFV2__CH_0070,686
55e18ebbc13365ce5f8fa242__PDFV2__CH_0071,446
55e18ebbc13365ce5f8fa242__PDFV2__CH_0072,441
55e18ebbc13365ce5f8fa242__PDFV2__CH_0073,543
55e18ebbc13365ce5f8fa242__PDFV2__CH_0074,442
55e18ebbc13365ce5f8fa242__PDFV2__CH_0075,681
55e18ebbc13365ce5f8fa242__PDFV2__CH_0076,260
55e18ebbc13365ce5f8fa242__PDFV2__CH_0077,354
55e18ebbc13365ce5f8fa242__PDFV2__CH_0078,776
55e18ebbc13365ce5f8fa242__PDFV2__CH_0079,588
55e18ebbc13365ce5f8fa242__PDFV2__CH_0080,496
55e18ebbc13365ce5f8fa242__PDFV2__CH_0081,148
55e18ebbc13365ce5f8fa242__PDFV2__CH_0082,786
55e18ebbc13365ce5f8fa242__PDFV2__CH_0083,562
55e18ebbc13365ce5f8fa242__PDFV2__CH_0084,419
55e18ebbc13365ce5f8fa242__PDFV2__CH_0085,890
55e18ebbc13365ce5f8fa242__PDFV2__CH_0086,656
55e18ebbc13365ce5f8fa242__PDFV2__CH_0087,321
55e18ebbc13365ce5f8fa242__PDFV2__CH_0088,397
55e18ebbc13365ce5f8fa242__PDFV2__CH_0089,543
55e18ebbc13365ce5f8fa242__PDFV2__CH_0090,282
55e18ebbc13365ce5f8fa242__PDFV2__CH_0091,807
55e18ebbc13365ce5f8fa242__PDFV2__CH_0092,570
55e18ebbc13365ce5f8fa242__PDFV2__CH_0093,315
55e18ebbc13365ce5f8fa242__PDFV2__CH_0094,633
55e18ebbc13365ce5f8fa242__PDFV2__CH_0095__M,780
55e18ebbc13365ce5f8fa242__PDFV2__CH_0097,627
55e18ebbc13365ce5f8fa242__PDFV2__CH_0098,697
55e18ebbc13365ce5f8fa242__PDFV2__CH_0099,274
55e18ebbc13365ce5f8fa242__PDFV2__CH_0100,219
55e18ebbc13365ce5f8fa242__PDFV2__CH_0101,414
55e18ebbc13365ce5f8fa242__PDFV2__CH_0102,659
55e18ebbc13365ce5f8fa242__PDFV2__CH_0103,702
55e18ebbc13365ce5f8fa242__PDFV2__CH_0105,146
55e18ebbc13365ce5f8fa242__PDFV2__CH_0106,88
55e18ebbc13365ce5f8fa242__PDFV2__CH_0107,341
55e18ebbc13365ce5f8fa242__PDFV2__CH_0109,195
55e18ebbc13365ce5f8fa242__PDFV2__CH_0110,155
55e18ebbc13365ce5f8fa242__PDFV2__CH_0111,215
55e18ebbc13365ce5f8fa242__PDFV2__CH_0112,739
55e18ebbc13365ce5f8fa242__PDFV2__CH_0116,436
55e18ebbc13365ce5f8fa242__PDFV2__CH_0118,578
55e18ebbc13365ce5f8fa242__PDFV2__CH_0119,426
55e18ebbc13365ce5f8fa242__PDFV2__CH_0120,401
55e18ebbc13365ce5f8fa242__PDFV2__CH_0121,235
55e18ebbc13365ce5f8fa242__PDFV2__CH_0122,365
55e18ebbc13365ce5f8fa242__PDFV2__CH_0123,356
55e18ebbc13365ce5f8fa242__PDFV2__CH_0124,319
55e18ebbc13365ce5f8fa242__PDFV2__CH_0125,282
55e18ebbc13365ce5f8fa242__PDFV2__CH_0126,410
55e18ebbc13365ce5f8fa242__PDFV2__CH_0127,323
55e18ebbc13365ce5f8fa242__PDFV2__CH_0128,315
55e18ebbc13365ce5f8fa242__PDFV2__CH_0129,452
55e18ebbc13365ce5f8fa242__PDFV2__CH_0130,367
55e18ebbc13365ce5f8fa242__PDFV2__CH_0131,183
55e18ebbc13365ce5f8fa242__PDFV2__CH_0132,738
55e18ebbc13365ce5f8fa242__PDFV2__CH_0134,680
55e18ebbc13365ce5f8fa242__PDFV2__CH_0136,710
55e18ebbc13365ce5f8fa242__PDFV2__CH_0138,816
55e18ebbc13365ce5f8fa242__PDFV2__CH_0139,613
55e18ebbc13365ce5f8fa242__PDFV2__CH_0140,494
55e18ebbc13365ce5f8fa242__PDFV2__CH_0143,449
55e18ebbc13365ce5f8fa242__PDFV2__CH_0145,81
55e18ebbc13365ce5f8fa242__PDFV2__CH_0146__M,808
55e18ebbc13365ce5f8fa242__PDFV2__CH_0148,391
55e18ebbc13365ce5f8fa242__PDFV2__CH_0149,570
55f83f434c86d4ac684244af__55f83f434c86d4ac684244af__SEG_0001__CH_001,253
55f83f434c86d4ac684244af__55f83f434c86d4ac684244af__SEG_0001__CH_002,367
55f83f434c86d4ac684244af__55f83f434c86d4ac684244af__SEG_0001__CH_003,1423
55f83f434c86d4ac684244af__55f83f434c86d4ac684244af__SEG_0001__CH_004,2721
55f83f434c86d4ac684244af__55f83f434c86d4ac684244af__SEG_0001__CH_005,516
55fd5a7c092a4e824dcaeea3__55fd5a7c092a4e824dcaeea3__SEG_0001__CH_001,1612
55fd5a7c092a4e824dcaeea3__55fd5a7c092a4e824dcaeea3__SEG_0001__CH_002,2210
55fd5a7c092a4e824dcaeea3__55fd5a7c092a4e824dcaeea3__SEG_0002__CH_001,1426
55fd5a7c092a4e824dcaeea3__55fd5a7c092a4e824dcaeea3__SEG_0002__CH_002,447
55ffc180a135fde883ba22b3__55ffc180a135fde883ba22b3__SEG_0001__CH_001,253
5620846c1fa180f75346dc31__5620846c1fa180f75346dc31__SEG_0001__CH_001,395
5620846c1fa180f75346dc31__5620846c1fa180f75346dc31__SEG_0001__CH_002__M,1007
5620846c1fa180f75346dc31__5620846c1fa180f75346dc31__SEG_0001__CH_004,365
565127bd1b805657b9a36777__565127bd1b805657b9a36777__SEG_0001__CH_002,370
565127bd1b805657b9a36777__565127bd1b805657b9a36777__SEG_0001__CH_003,393
5654f6c5d24e567d43299de1__PDFV2__CH_0001,349
5654f6c5d24e567d43299de1__PDFV2__CH_0002,265
5654f6c5d24e567d43299de1__PDFV2__CH_0004,204
5654f6c5d24e567d43299de1__PDFV2__CH_0005,419
5654f6c5d24e567d43299de1__PDFV2__CH_0006,260
5667afd41297acc0c2212e5c__5667afd41297acc0c2212e5c__SEG_0001__CH_001,358
5667afd41297acc0c2212e5c__5667afd41297acc0c2212e5c__SEG_0001__CH_002,584
569832f999da586fbf7eff5d__PDFV2__CH_0003,427
569832f999da586fbf7eff5d__PDFV2__CH_0004,471
569832f999da586fbf7eff5d__PDFV2__CH_0005,283
569832f999da586fbf7eff5d__PDFV2__CH_0006,184
569832f999da586fbf7eff5d__PDFV2__CH_0007,428
569832f999da586fbf7eff5d__PDFV2__CH_0008,376
569832f999da586fbf7eff5d__PDFV2__CH_0009,282
569832f999da586fbf7eff5d__PDFV2__CH_0010,202
569832f999da586fbf7eff5d__PDFV2__CH_0011,379
569832f999da586fbf7eff5d__PDFV2__CH_0012,396
569832f999da586fbf7eff5d__PDFV2__CH_0013,121
569832f999da586fbf7eff5d__PDFV2__CH_0014,366
569832f999da586fbf7eff5d__PDFV2__CH_0015,421
569832f999da586fbf7eff5d__PDFV2__CH_0016,363
569832f999da586fbf7eff5d__PDFV2__CH_0018,355
569832f999da586fbf7eff5d__PDFV2__CH_0019,243
569832f999da586fbf7eff5d__PDFV2__CH_0020,471
569832f999da586fbf7eff5d__PDFV2__CH_0021,509
569832f999da586fbf7eff5d__PDFV2__CH_0022,358
569832f999da586fbf7eff5d__PDFV2__CH_0023,457
569832f999da586fbf7eff5d__PDFV2__CH_0024,421
569832f999da586fbf7eff5d__PDFV2__CH_0025,363
569832f999da586fbf7eff5d__PDFV2__CH_0027,383
577b2be3b3e4b2be123927d3__577b2be3b3e4b2be123927d3__SEG_0001__CH_001,259
577b2be3b3e4b2be123927d3__577b2be3b3e4b2be123927d3__SEG_0001__CH_002,285
577b2be3b3e4b2be123927d3__577b2be3b3e4b2be123927d3__SEG_0001__CH_003,219
57b8ba27e7ef2ca1d139237b__PDFV2__CH_0001,412
57b8ba27e7ef2ca1d139237b__PDFV2__CH_0002,196
57b8ba27e7ef2ca1d139237b__PDFV2__CH_0003,335
57b8ba27e7ef2ca1d139237b__PDFV2__CH_0004__M,790
57b8ba27e7ef2ca1d139237b__PDFV2__CH_0007,323
57b8ba27e7ef2ca1d139237b__PDFV2__CH_0008,226
57b8ba27e7ef2ca1d139237b__PDFV2__CH_0009,423
57b8ba27e7ef2ca1d139237b__PDFV2__CH_0010,412
57b8ec14e80680d801f1c6a3__57b8ec14e80680d801f1c6a3__SEG_0001__CH_003,401
57d720e5d5930fa7396b8ecc__PDFV2__CH_0001,397
57d720e5d5930fa7396b8ecc__PDFV2__CH_0003,218
57d720e5d5930fa7396b8ecc__PDFV2__CH_0004,308
57d720e5d5930fa7396b8ecc__PDFV2__CH_0005,219
57d720e5d5930fa7396b8ecc__PDFV2__CH_0006,245
57f384cb8d2f209d3bf1b444__57f384cb8d2f209d3bf1b444__SEG_0001__CH_001,38
580751f338ae490ed871ecd3__580751f338ae490ed871ecd3__SEG_0001__CH_001,321
5836fe470d587cb46c5cf74c__5836fe470d587cb46c5cf74c__SEG_0001__CH_001,613
5836fe470d587cb46c5cf74c__5836fe470d587cb46c5cf74c__SEG_0001__CH_002,291
58e0f09b43e1b07372636b2b__58e0f09b43e1b07372636b2b__SEG_0001__CH_001,1754
58e9b31a9635519245d74bd8__58e9b31a9635519245d74bd8__SEG_0001__CH_001,379
58e9b31a9635519245d74bd8__58e9b31a9635519245d74bd8__SEG_0001__CH_002,180
59762c09f8b3de46e119fced__59762c09f8b3de46e119fced__SEG_0001__CH_001,327
59762c09f8b3de46e119fced__59762c09f8b3de46e119fced__SEG_0001__CH_002,260
59af4daaa25022a44aa75844__PDFV2__CH_0001,412
59af4daaa25022a44aa75844__PDFV2__CH_0002,239
59af4daaa25022a44aa75844__PDFV2__CH_0003,351
59b04b6c358fb6bac3ea7302__59b04b6c358fb6bac3ea7302__SEG_0001__CH_001,540
59b04b6c358fb6bac3ea7302__59b04b6c358fb6bac3ea7302__SEG_0001__CH_002,723
59df194d0d4b55addb7ea8fc__PDFV2__CH_0002,320
59df194d0d4b55addb7ea8fc__PDFV2__CH_0003,375
59f2f0f107320acee8cc2f9e__59f2f0f107320acee8cc2f9e__SEG_0001__CH_001,1063
5a0b09f0cc56fd9f4256c733__PDFV2__CH_0001,459
5a0b09f0cc56fd9f4256c733__PDFV2__CH_0003,247
5a0b09f0cc56fd9f4256c733__PDFV2__CH_0004,195
5a0b09f0cc56fd9f4256c733__PDFV2__CH_0005,590
5a0b09f0cc56fd9f4256c733__PDFV2__CH_0006,508
5a0b09f0cc56fd9f4256c733__PDFV2__CH_0007,294
5a0b09f0cc56fd9f4256c733__PDFV2__CH_0008,173
5a0b09f0cc56fd9f4256c733__PDFV2__CH_0009,183
5a0b09f0cc56fd9f4256c733__PDFV2__CH_0010,202
5a0b09f0cc56fd9f4256c733__PDFV2__CH_0011,218
5a0b09f0cc56fd9f4256c733__PDFV2__CH_0012,367
5a0b09f0cc56fd9f4256c733__PDFV2__CH_0013,644
5a0b09f0cc56fd9f4256c733__PDFV2__CH_0014,402
5a0b09f0cc56fd9f4256c733__PDFV2__CH_0015,667
5a0b09f0cc56fd9f4256c733__PDFV2__CH_0016,464
5a0b09f0cc56fd9f4256c733__PDFV2__CH_0017,269
5a0b09f0cc56fd9f4256c733__PDFV2__CH_0018,405
5a0b09f0cc56fd9f4256c733__PDFV2__CH_0019,399
5a0b09f0cc56fd9f4256c733__PDFV2__CH_0020,485
5a0b09f0cc56fd9f4256c733__PDFV2__CH_0021,287
5a0b09f0cc56fd9f4256c733__PDFV2__CH_0022,488
5a0b09f0cc56fd9f4256c733__PDFV2__CH_0023,490
5a0b09f0cc56fd9f4256c733__PDFV2__CH_0024,495
5a0b09f0cc56fd9f4256c733__PDFV2__CH_0025,640
5a0b09f0cc56fd9f4256c733__PDFV2__CH_0026,573
5a0b09f0cc56fd9f4256c733__PDFV2__CH_0027,327
5a0b09f0cc56fd9f4256c733__PDFV2__CH_0028,563
5a0b09f0cc56fd9f4256c733__PDFV2__CH_0029,527
5a0b09f0cc56fd9f4256c733__PDFV2__CH_0030,538
5a0b09f0cc56fd9f4256c733__PDFV2__CH_0031,677
5a0b09f0cc56fd9f4256c733__PDFV2__CH_0032,478
5a0b09f0cc56fd9f4256c733__PDFV2__CH_0033,92
5a0b09f0cc56fd9f4256c733__PDFV2__CH_0034,302
5a0b09f0cc56fd9f4256c733__PDFV2__CH_0035,278
5a0b09f0cc56fd9f4256c733__PDFV2__CH_0036,256
5a0b09f0cc56fd9f4256c733__PDFV2__CH_0037,382
5a0b09f0cc56fd9f4256c733__PDFV2__CH_0038,752
5a0b09f0cc56fd9f4256c733__PDFV2__CH_0039,621
5a0b09f0cc56fd9f4256c733__PDFV2__CH_0040,628
5a0b09f0cc56fd9f4256c733__PDFV2__CH_0041,367
5a0b09f0cc56fd9f4256c733__PDFV2__CH_0042,587
5a0b09f0cc56fd9f4256c733__PDFV2__CH_0043,677
5a0b09f0cc56fd9f4256c733__PDFV2__CH_0044,180
5a0b09f0cc56fd9f4256c733__PDFV2__CH_0045,608
5a0b09f0cc56fd9f4256c733__PDFV2__CH_0046,460
5a0b09f0cc56fd9f4256c733__PDFV2__CH_0047,533
5a0b09f0cc56fd9f4256c733__PDFV2__CH_0048,894
5a0b09f0cc56fd9f4256c733__PDFV2__CH_0049,549
5a0b09f0cc56fd9f4256c733__PDFV2__CH_0050,580
5a0b09f0cc56fd9f4256c733__PDFV2__CH_0051,630
5a0b09f0cc56fd9f4256c733__PDFV2__CH_0052,212
5a0b09f0cc56fd9f4256c733__PDFV2__CH_0053,559
5a0b09f0cc56fd9f4256c733__PDFV2__CH_0054,127
5a0b09f0cc56fd9f4256c733__PDFV2__CH_0055,243
5a0b09f0cc56fd9f4256c733__PDFV2__CH_0056,330
5a2aa1f8a7ecf3dafcd1f277__5a2aa1f8a7ecf3dafcd1f277__SEG_0001__CH_001,277
5a2aa1f8a7ecf3dafcd1f277__5a2aa1f8a7ecf3dafcd1f277__SEG_0001__CH_002,276
5a3c495219c4b7df0457deea__5a3c495219c4b7df0457deea__SEG_0001__CH_001,198
5a3c495219c4b7df0457deea__5a3c495219c4b7df0457deea__SEG_0001__CH_002,279
5a3c495219c4b7df0457deea__5a3c495219c4b7df0457deea__SEG_0001__CH_003,241
5a5f55a0fbe7e38e4e620642__5a5f55a0fbe7e38e4e620642__SEG_0001__CH_001,381
5a5f55a0fbe7e38e4e620642__5a5f55a0fbe7e38e4e620642__SEG_0001__CH_002,754
5a5f55a0fbe7e38e4e620642__5a5f55a0fbe7e38e4e620642__SEG_0001__CH_003,1910
5a9585f1f80b07970d2d188b__5a9585f1f80b07970d2d188b__SEG_0001__CH_001,554
5a9585f1f80b07970d2d188b__5a9585f1f80b07970d2d188b__SEG_0001__CH_002,682
5aaac79a6909be72c8bcb38f__5aaac79a6909be72c8bcb38f__SEG_0001__CH_001,1071
5aaac79a6909be72c8bcb38f__5aaac79a6909be72c8bcb38f__SEG_0001__CH_002,601
5aaac79a6909be72c8bcb38f__5aaac79a6909be72c8bcb38f__SEG_0001__CH_003,1204
5aaac79a6909be72c8bcb38f__5aaac79a6909be72c8bcb38f__SEG_0001__CH_004,802
5aaac79a6909be72c8bcb38f__5aaac79a6909be72c8bcb38f__SEG_0001__CH_005,1665
5aaac79a6909be72c8bcb38f__5aaac79a6909be72c8bcb38f__SEG_0002__CH_003,60
5ac41e591dea686be1bf39da__5ac41e591dea686be1bf39da__SEG_0001__CH_001,348
5ac41e591dea686be1bf39da__5ac41e591dea686be1bf39da__SEG_0001__CH_002,587
5ac41e591dea686be1bf39da__5ac41e591dea686be1bf39da__SEG_0001__CH_003,747
5ac41e591dea686be1bf39da__5ac41e591dea686be1bf39da__SEG_0001__CH_004,404
5ac41e591dea686be1bf39da__5ac41e591dea686be1bf39da__SEG_0001__CH_005,1557
5ac41e591dea686be1bf39da__5ac41e591dea686be1bf39da__SEG_0002__CH_001,1357
5ac41e591dea686be1bf39da__5ac41e591dea686be1bf39da__SEG_0002__CH_002,1174
5ac41e591dea686be1bf39da__5ac41e591dea686be1bf39da__SEG_0002__CH_003,798
5ac41e591dea686be1bf39da__5ac41e591dea686be1bf39da__SEG_0003__CH_001,1231
5ac41e591dea686be1bf39da__5ac41e591dea686be1bf39da__SEG_0003__CH_002,1167
5ac921287907abc3c8f38566__5ac921287907abc3c8f38566__SEG_0001__CH_001,718
5ac921287907abc3c8f38566__5ac921287907abc3c8f38566__SEG_0001__CH_002,1522
5ac921287907abc3c8f38566__5ac921287907abc3c8f38566__SEG_0001__CH_003,600
5ad709a8edd0741500a840e0__PDFV2__CH_0003,608
5ad709a8edd0741500a840e0__PDFV2__CH_0004,516
5ad709a8edd0741500a840e0__PDFV2__CH_0005,522
5ad709a8edd0741500a840e0__PDFV2__CH_0006,170
5ad709a8edd0741500a840e0__PDFV2__CH_0007,531
5ad709a8edd0741500a840e0__PDFV2__CH_0008,480
5ad709a8edd0741500a840e0__PDFV2__CH_0009,558
5ad709a8edd0741500a840e0__PDFV2__CH_0010,499
5ad709a8edd0741500a840e0__PDFV2__CH_0011,271
5aec58f4f1a7785d76ac7414__5aec58f4f1a7785d76ac7414__SEG_0001__CH_001,281
5aec58f4f1a7785d76ac7414__5aec58f4f1a7785d76ac7414__SEG_0001__CH_002,35
5aec58f4f1a7785d76ac7414__5aec58f4f1a7785d76ac7414__SEG_0001__CH_003,70
5b1c2766f48271b1aca2d65e__PDFV2__CH_0001,124
5b1c2766f48271b1aca2d65e__PDFV2__CH_0002,101
5b1c2766f48271b1aca2d65e__PDFV2__CH_0005,124
5b1c2766f48271b1aca2d65e__PDFV2__CH_0006,55
5b27b17f0a03c3f4f27da8f8__5b27b17f0a03c3f4f27da8f8__SEG_0001__CH_001,652
5b7545e0c86bedd286eef784__PDFV2__CH_0001,176
5b7545e0c86bedd286eef784__PDFV2__CH_0002,264
5b7545e0c86bedd286eef784__PDFV2__CH_0003,197
5b7545e0c86bedd286eef784__PDFV2__CH_0004,196
5b7545e0c86bedd286eef784__PDFV2__CH_0005,112
5c076b76e4d060dcb8c460f2__5c076b76e4d060dcb8c460f2__SEG_0001__CH_001,581
5c076b76e4d060dcb8c460f2__5c076b76e4d060dcb8c460f2__SEG_0001__CH_002,324
5c076b76e4d060dcb8c460f2__5c076b76e4d060dcb8c460f2__SEG_0001__CH_003,231
5c076b76e4d060dcb8c460f2__5c076b76e4d060dcb8c460f2__SEG_0001__CH_004,811
5c076b76e4d060dcb8c460f2__5c076b76e4d060dcb8c460f2__SEG_0001__CH_005,615
5c215500374bf1b237bffdf4__5c215500374bf1b237bffdf4__SEG_0001__CH_001__S1,360
5c215500374bf1b237bffdf4__5c215500374bf1b237bffdf4__SEG_0001__CH_001__S2,545
5c215500374bf1b237bffdf4__5c215500374bf1b237bffdf4__SEG_0001__CH_001__S3,208
5c215500374bf1b237bffdf4__5c215500374bf1b237bffdf4__SEG_0001__CH_001__S4,199
5c215500374bf1b237bffdf4__5c215500374bf1b237bffdf4__SEG_0001__CH_001__S5,195
5c215500374bf1b237bffdf4__5c215500374bf1b237bffdf4__SEG_0001__CH_001__S6,400
5c215500374bf1b237bffdf4__5c215500374bf1b237bffdf4__SEG_0001__CH_001__S7,209
5c55d3e800a92ca418fc3cd8__PDFV2__CH_0006,37
5cdbaa650437e614cbce2aa6__5cdbaa650437e614cbce2aa6__SEG_0001__CH_001,354
5cdbaa650437e614cbce2aa6__5cdbaa650437e614cbce2aa6__SEG_0001__CH_002,1294
5cdbaa650437e614cbce2aa6__5cdbaa650437e614cbce2aa6__SEG_0001__CH_003,1131
5cdbaa650437e614cbce2aa6__5cdbaa650437e614cbce2aa6__SEG_0001__CH_004,1357
5cdbaa650437e614cbce2aa6__5cdbaa650437e614cbce2aa6__SEG_0002__CH_001,2046
5cdbaa650437e614cbce2aa6__5cdbaa650437e614cbce2aa6__SEG_0002__CH_002,1877
5cdbaa650437e614cbce2aa6__5cdbaa650437e614cbce2aa6__SEG_0003__CH_001,1169
5cdbaa650437e614cbce2aa6__5cdbaa650437e614cbce2aa6__SEG_0003__CH_002,2727
5cdbaa650437e614cbce2aa6__5cdbaa650437e614cbce2aa6__SEG_0003__CH_003,616
5cdbaa650437e614cbce2aa6__5cdbaa650437e614cbce2aa6__SEG_0004__CH_002,259
5cdbaa650437e614cbce2aa6__5cdbaa650437e614cbce2aa6__SEG_0004__CH_003,530
5cdbaa650437e614cbce2aa6__5cdbaa650437e614cbce2aa6__SEG_0004__CH_004,486
5cdbaa650437e614cbce2aa6__5cdbaa650437e614cbce2aa6__SEG_0004__CH_005,652
5cdbaa650437e614cbce2aa6__5cdbaa650437e614cbce2aa6__SEG_0004__CH_006,411
5cdbaa650437e614cbce2aa6__5cdbaa650437e614cbce2aa6__SEG_0004__CH_007,466
5cdbaa650437e614cbce2aa6__5cdbaa650437e614cbce2aa6__SEG_0004__CH_008,613
5d45d5f271b439eeba6e3fe9__PDFV2__CH_0001,528
5d45d5f271b439eeba6e3fe9__PDFV2__CH_0002,509
5d45d5f271b439eeba6e3fe9__PDFV2__CH_0003,451
5d45d5f271b439eeba6e3fe9__PDFV2__CH_0004,553
5d45d5f271b439eeba6e3fe9__PDFV2__CH_0005,338
5d540b536f600c77400c2261__5d540b536f600c77400c2261__SEG_0001__CH_001,94
5d651059398467a66f8a5abf__5d651059398467a66f8a5abf__SEG_0001__CH_002,308
5d651059398467a66f8a5abf__5d651059398467a66f8a5abf__SEG_0001__CH_003__M,202
5d651059398467a66f8a5abf__5d651059398467a66f8a5abf__SEG_0001__CH_005,138
5d658ad23b46160830540370__5d658ad23b46160830540370__SEG_0001__CH_001,159
5d658ad23b46160830540370__5d658ad23b46160830540370__SEG_0001__CH_002,165
5d658ad23b46160830540370__5d658ad23b46160830540370__SEG_0001__CH_003,58
5d7aad23d357bf5b841b9c81__PDFV2__CH_0003,506
5d7aad23d357bf5b841b9c81__PDFV2__CH_0004,434
5d7aad23d357bf5b841b9c81__PDFV2__CH_0008,308
5d7aad23d357bf5b841b9c81__PDFV2__CH_0010,492
5d7aad23d357bf5b841b9c81__PDFV2__CH_0011,441
5d7aad23d357bf5b841b9c81__PDFV2__CH_0012,427
5d7aad23d357bf5b841b9c81__PDFV2__CH_0013,444
5d7aad23d357bf5b841b9c81__PDFV2__CH_0014,550
5d7aad23d357bf5b841b9c81__PDFV2__CH_0015,439
5d7aad23d357bf5b841b9c81__PDFV2__CH_0016,377
5d7aad23d357bf5b841b9c81__PDFV2__CH_0017,391
5d7aad23d357bf5b841b9c81__PDFV2__CH_0019,446
5d7aad23d357bf5b841b9c81__PDFV2__CH_0020,387
5d7aad23d357bf5b841b9c81__PDFV2__CH_0021,458
5d7aad23d357bf5b841b9c81__PDFV2__CH_0022,504
5d7aad23d357bf5b841b9c81__PDFV2__CH_0023,440
5d7aad23d357bf5b841b9c81__PDFV2__CH_0024,514
5d7aad23d357bf5b841b9c81__PDFV2__CH_0026,376
5d7aad23d357bf5b841b9c81__PDFV2__CH_0027,369
5d7aad23d357bf5b841b9c81__PDFV2__CH_0028,377
5d7aad23d357bf5b841b9c81__PDFV2__CH_0029,165
5d7aad23d357bf5b841b9c81__PDFV2__CH_0030,197
5d7aad23d357bf5b841b9c81__PDFV2__CH_0032,460
5d7aad23d357bf5b841b9c81__PDFV2__CH_0033,481
5d7aad23d357bf5b841b9c81__PDFV2__CH_0034,470
5d7aad23d357bf5b841b9c81__PDFV2__CH_0035,202
5d7aad23d357bf5b841b9c81__PDFV2__CH_0036,317
5d7aad23d357bf5b841b9c81__PDFV2__CH_0037,145
5d7dd5a3e2f0ac4a89aa3c23__5d7dd5a3e2f0ac4a89aa3c23__SEG_0001__CH_001,115
5d8a91b1175f7727d9279d89__5d8a91b1175f7727d9279d89__SEG_0001__CH_001,271
5d8a91b1175f7727d9279d89__5d8a91b1175f7727d9279d89__SEG_0001__CH_002,132
5d91f8acea9c11f1bd311936__5d91f8acea9c11f1bd311936__SEG_0001__CH_002,102
5d91f8acea9c11f1bd311936__5d91f8acea9c11f1bd311936__SEG_0001__CH_003,129
5da60702b618a0ca15b28b8e__5da60702b618a0ca15b28b8e__SEG_0001__CH_001,282
5dcfd518b30e8ceb24ad9191__PDFV2__CH_0009,299
5dcfd518b30e8ceb24ad9191__PDFV2__CH_0013,589
5dcfd518b30e8ceb24ad9191__PDFV2__CH_0014,867
5dcfd518b30e8ceb24ad9191__PDFV2__CH_0015__M,483
5dcfd518b30e8ceb24ad9191__PDFV2__CH_0017__M,862
5dcfd518b30e8ceb24ad9191__PDFV2__CH_0019,352
5dcfd518b30e8ceb24ad9191__PDFV2__CH_0021,375
5dcfd518b30e8ceb24ad9191__PDFV2__CH_0022,164
5dcfd518b30e8ceb24ad9191__PDFV2__CH_0024,547
5dcfd518b30e8ceb24ad9191__PDFV2__CH_0027,610
5dcfd518b30e8ceb24ad9191__PDFV2__CH_0028,724
5dcfd518b30e8ceb24ad9191__PDFV2__CH_0029,603
5dcfd518b30e8ceb24ad9191__PDFV2__CH_0030,590
5dcfd518b30e8ceb24ad9191__PDFV2__CH_0032,401
5dd3830aa097fde2944dc753__PDFV2__CH_0001,291
5e1291dd0784545b9573ee9f__PDFV2__CH_0001,336
5e1291dd0784545b9573ee9f__PDFV2__CH_0002,324
5e1291dd0784545b9573ee9f__PDFV2__CH_0003,151
5e153ca5414a06a35c54be6d__PDFV2__CH_0008__M,475
5e153ca5414a06a35c54be6d__PDFV2__CH_0011,222
5e153ca5414a06a35c54be6d__PDFV2__CH_0012,200
5e153ca5414a06a35c54be6d__PDFV2__CH_0013,285
5e153ca5414a06a35c54be6d__PDFV2__CH_0023,263
5e153ca5414a06a35c54be6d__PDFV2__CH_0034,237
5e153ca5414a06a35c54be6d__PDFV2__CH_0036,167
5e153ca5414a06a35c54be6d__PDFV2__CH_0051,118
5e616f0883ef2acf3f898253__5e616f0883ef2acf3f898253__SEG_0001__CH_002,223
5e96222d5f6ef34d394035d3__5e96222d5f6ef34d394035d3__SEG_0001__CH_001,229
5e96222d5f6ef34d394035d3__5e96222d5f6ef34d394035d3__SEG_0001__CH_002,203
5ea3bf1f8f34def4277d6c88__5ea3bf1f8f34def4277d6c88__SEG_0001__CH_001,663
5ea3bf1f8f34def4277d6c88__5ea3bf1f8f34def4277d6c88__SEG_0001__CH_002,884
5ea3bf1f8f34def4277d6c88__5ea3bf1f8f34def4277d6c88__SEG_0001__CH_003,653
5ea3bf1f8f34def4277d6c88__5ea3bf1f8f34def4277d6c88__SEG_0001__CH_004,457
5ea810f407db8d6b99950bba__5ea810f407db8d6b99950bba__SEG_0001__CH_001,214
5ec2817c694c433a56aabda2__5ec2817c694c433a56aabda2__SEG_0001__CH_001,234
5ede9c03b682b0808eeebdca__5ede9c03b682b0808eeebdca__SEG_0001__CH_001,92
5f16a3830eab80923e6001b4__PDFV2__CH_0002,229
5f16a3830eab80923e6001b4__PDFV2__CH_0003,225
5f16a3830eab80923e6001b4__PDFV2__CH_0004,256
5f16a3830eab80923e6001b4__PDFV2__CH_0005,282
5f16a3830eab80923e6001b4__PDFV2__CH_0006,299
5f16a3830eab80923e6001b4__PDFV2__CH_0007,320
5f16a3830eab80923e6001b4__PDFV2__CH_0008,467
5f16a3830eab80923e6001b4__PDFV2__CH_0009,320
5f16a3830eab80923e6001b4__PDFV2__CH_0010,229
5f16a3830eab80923e6001b4__PDFV2__CH_0011,330
5f16a3830eab80923e6001b4__PDFV2__CH_0012,160
5f16a3830eab80923e6001b4__PDFV2__CH_0014,209
5f16a3830eab80923e6001b4__PDFV2__CH_0015,231
5f16a3830eab80923e6001b4__PDFV2__CH_0016,435
5f16a3830eab80923e6001b4__PDFV2__CH_0017,256
5f16a3830eab80923e6001b4__PDFV2__CH_0018,175
5f16a3830eab80923e6001b4__PDFV2__CH_0019,252
5f16a3830eab80923e6001b4__PDFV2__CH_0020,583
5f16a3830eab80923e6001b4__PDFV2__CH_0021,167
5f16a3830eab80923e6001b4__PDFV2__CH_0022,350
5f16a3830eab80923e6001b4__PDFV2__CH_0023,350
5f2cbf49c63349217a8bbaa2__5f2cbf49c63349217a8bbaa2__SEG_0001__CH_001,488
5f2cbf49c63349217a8bbaa2__5f2cbf49c63349217a8bbaa2__SEG_0001__CH_002,237
5f3b1b15dbefc161a05780cd__5f3b1b15dbefc161a05780cd__SEG_0001__CH_001,97
5f8342eb3f38e4119244d2f2__PDFV2__CH_0002,235
5f8342eb3f38e4119244d2f2__PDFV2__CH_0003,107
5f8342eb3f38e4119244d2f2__PDFV2__CH_0005,94
5f8342eb3f38e4119244d2f2__PDFV2__CH_0006,159
5f8342eb3f38e4119244d2f2__PDFV2__CH_0007,149
5f8342eb3f38e4119244d2f2__PDFV2__CH_0008,97
5f838d492a1602416eb588d4__PDFV2__CH_0001,220
5f838d492a1602416eb588d4__PDFV2__CH_0002,62
5f838d492a1602416eb588d4__PDFV2__CH_0003,360
5f838d492a1602416eb588d4__PDFV2__CH_0004,599
5f838d492a1602416eb588d4__PDFV2__CH_0005,381
5f838d492a1602416eb588d4__PDFV2__CH_0006,478
5f838d492a1602416eb588d4__PDFV2__CH_0007,296
5f838d492a1602416eb588d4__PDFV2__CH_0008,137
5f838d492a1602416eb588d4__PDFV2__CH_0009,412
5f838d492a1602416eb588d4__PDFV2__CH_0010,285
5f838d492a1602416eb588d4__PDFV2__CH_0011,177
5f838d492a1602416eb588d4__PDFV2__CH_0012,456
5f838d492a1602416eb588d4__PDFV2__CH_0013,548
5f838d492a1602416eb588d4__PDFV2__CH_0014,376
5f838d492a1602416eb588d4__PDFV2__CH_0015,547
5f838d492a1602416eb588d4__PDFV2__CH_0016,589
5f838d492a1602416eb588d4__PDFV2__CH_0017,625
5f838d492a1602416eb588d4__PDFV2__CH_0018,408
5f838d492a1602416eb588d4__PDFV2__CH_0019,662
5f838d492a1602416eb588d4__PDFV2__CH_0020,149
5f838d492a1602416eb588d4__PDFV2__CH_0021,221
5f838d492a1602416eb588d4__PDFV2__CH_0022,219
5f838d492a1602416eb588d4__PDFV2__CH_0023__M,820
5f838d492a1602416eb588d4__PDFV2__CH_0025,540
5f838d492a1602416eb588d4__PDFV2__CH_0026,502
5f838d492a1602416eb588d4__PDFV2__CH_0027,507
5f838d492a1602416eb588d4__PDFV2__CH_0028__M,733
5f838d492a1602416eb588d4__PDFV2__CH_0031,223
5faa4b6bae8df4e0179235e3__5faa4b6bae8df4e0179235e3__SEG_0001__CH_001,173
5fee9ee43835e3d67e806967__5fee9ee43835e3d67e806967__SEG_0001__CH_001,899
5fee9ee43835e3d67e806967__5fee9ee43835e3d67e806967__SEG_0001__CH_002,662
6025e16dea422edf204dcc4f__6025e16dea422edf204dcc4f__SEG_0001__CH_003,227
6025e16dea422edf204dcc4f__6025e16dea422edf204dcc4f__SEG_0001__CH_004,191
604bbb898c6fb9cb28ffd96b__604bbb898c6fb9cb28ffd96b__SEG_0001__CH_001,52
606a15f8bce3690aae72c595__PDFV2__CH_0001,481
606a15f8bce3690aae72c595__PDFV2__CH_0002,605
606a15f8bce3690aae72c595__PDFV2__CH_0003__M,620
606a15f8bce3690aae72c595__PDFV2__CH_0005,275
606a15f8bce3690aae72c595__PDFV2__CH_0006,286
606a15f8bce3690aae72c595__PDFV2__CH_0007,305
606a15f8bce3690aae72c595__PDFV2__CH_0008,252
606a15f8bce3690aae72c595__PDFV2__CH_0009,205
606a15f8bce3690aae72c595__PDFV2__CH_0010,565
606a15f8bce3690aae72c595__PDFV2__CH_0011,557
606a15f8bce3690aae72c595__PDFV2__CH_0012,490
608db2a1961c58e7efd505e3__PDFV2__CH_0002,410
60ab3932392d4b2a51bd2f8e__60ab3932392d4b2a51bd2f8e__SEG_0001__CH_002,1438
60dad805d2c6a8fd45c7ab0f__60dad805d2c6a8fd45c7ab0f__SEG_0001__CH_001,164
610df2305a227e75bd383cf8__610df2305a227e75bd383cf8__SEG_0001__CH_001,287
610df2305a227e75bd383cf8__610df2305a227e75bd383cf8__SEG_0001__CH_002,404
610df2305a227e75bd383cf8__610df2305a227e75bd383cf8__SEG_0001__CH_003,471
610df2305a227e75bd383cf8__610df2305a227e75bd383cf8__SEG_0001__CH_004,192
610df2305a227e75bd383cf8__610df2305a227e75bd383cf8__SEG_0001__CH_005__M,516
610df2305a227e75bd383cf8__610df2305a227e75bd383cf8__SEG_0001__CH_007,642
610df2305a227e75bd383cf8__610df2305a227e75bd383cf8__SEG_0001__CH_008,300
610df2305a227e75bd383cf8__610df2305a227e75bd383cf8__SEG_0002__CH_002,30
610df2305a227e75bd383cf8__610df2305a227e75bd383cf8__SEG_0002__CH_003,103
610df2305a227e75bd383cf8__610df2305a227e75bd383cf8__SEG_0002__CH_004,43
610df2305a227e75bd383cf8__610df2305a227e75bd383cf8__SEG_0002__CH_006,136
610df2305a227e75bd383cf8__610df2305a227e75bd383cf8__SEG_0002__CH_007,103
610df2305a227e75bd383cf8__610df2305a227e75bd383cf8__SEG_0002__CH_008,125
610df2305a227e75bd383cf8__610df2305a227e75bd383cf8__SEG_0002__CH_009,157
610df2305a227e75bd383cf8__610df2305a227e75bd383cf8__SEG_0002__CH_010,352
610df2305a227e75bd383cf8__610df2305a227e75bd383cf8__SEG_0002__CH_011,172
6114b1b04df9360bfa688cde__6114b1b04df9360bfa688cde__SEG_0001__CH_001,521
6118b7f0105671c9e492f8c3__6118b7f0105671c9e492f8c3__SEG_0001__CH_001,455
6118b7f0105671c9e492f8c3__6118b7f0105671c9e492f8c3__SEG_0001__CH_002,439
6118b7f0105671c9e492f8c3__6118b7f0105671c9e492f8c3__SEG_0001__CH_003,425
6118b7f0105671c9e492f8c3__6118b7f0105671c9e492f8c3__SEG_0001__CH_004,1200
6118b7f0105671c9e492f8c3__6118b7f0105671c9e492f8c3__SEG_0001__CH_005,160
6118b7f0105671c9e492f8c3__6118b7f0105671c9e492f8c3__SEG_0002__CH_001,165
6118b7f0105671c9e492f8c3__6118b7f0105671c9e492f8c3__SEG_0002__CH_003,170
6193c52db0bb26428a4ab78f__6193c52db0bb26428a4ab78f__SEG_0001__CH_001,215
6193c52db0bb26428a4ab78f__6193c52db0bb26428a4ab78f__SEG_0001__CH_002,240
61997976401815dd9402fc01__61997976401815dd9402fc01__SEG_0001__CH_001,318
6258071e5867d0dfcdfb64ce__6258071e5867d0dfcdfb64ce__SEG_0001__CH_001,216
627c6fe3ace88c4122886ae0__627c6fe3ace88c4122886ae0__SEG_0001__CH_001,197
627c6fe3ace88c4122886ae0__627c6fe3ace88c4122886ae0__SEG_0001__CH_002,143
62e7e66afb3e68ba4961b88e__62e7e66afb3e68ba4961b88e__SEG_0001__CH_001,2531
62e7e66afb3e68ba4961b88e__62e7e66afb3e68ba4961b88e__SEG_0001__CH_002,1140
62e7e66afb3e68ba4961b88e__62e7e66afb3e68ba4961b88e__SEG_0002__CH_001,847
62e7e66afb3e68ba4961b88e__62e7e66afb3e68ba4961b88e__SEG_0002__CH_002,1810
62e7e66afb3e68ba4961b88e__62e7e66afb3e68ba4961b88e__SEG_0002__CH_003,1347
62f71394cb3a818447476b9a__PDFV2__CH_0001,422
62f71394cb3a818447476b9a__PDFV2__CH_0002,394
62f71394cb3a818447476b9a__PDFV2__CH_0003,349
62f71394cb3a818447476b9a__PDFV2__CH_0004,343
62f71394cb3a818447476b9a__PDFV2__CH_0005__M,744
62f71394cb3a818447476b9a__PDFV2__CH_0007,206
63fcaa3230b4bbd65903b152__63fcaa3230b4bbd65903b152__SEG_0001__CH_001,181
63fcaa3230b4bbd65903b152__63fcaa3230b4bbd65903b152__SEG_0001__CH_002,107
6452eff3c952d4df0fcc3475__6452eff3c952d4df0fcc3475__SEG_0001__CH_001,262
6452eff3c952d4df0fcc3475__6452eff3c952d4df0fcc3475__SEG_0001__CH_002,372
64a9f02a81e066c2b1f872dd__64a9f02a81e066c2b1f872dd__SEG_0001__CH_001,661
64a9f02a81e066c2b1f872dd__64a9f02a81e066c2b1f872dd__SEG_0001__CH_002,410
64a9f02a81e066c2b1f872dd__64a9f02a81e066c2b1f872dd__SEG_0001__CH_003,3938
64cf2848a1628e2cd468d823__PDFV2__CH_0001,549
64cf2848a1628e2cd468d823__PDFV2__CH_0002,566
64cf2848a1628e2cd468d823__PDFV2__CH_0003,571
64cf2848a1628e2cd468d823__PDFV2__CH_0004,581
64cf2848a1628e2cd468d823__PDFV2__CH_0005,333
64cf2848a1628e2cd468d823__PDFV2__CH_0006,440
64cf2848a1628e2cd468d823__PDFV2__CH_0007,372
64cf2848a1628e2cd468d823__PDFV2__CH_0008,634
64cf2848a1628e2cd468d823__PDFV2__CH_0009,121
64db43f8418760fc40fb1a43__64db43f8418760fc40fb1a43__SEG_0001__CH_001,153
64edabfe3fc9c3509d81a588__64edabfe3fc9c3509d81a588__SEG_0001__CH_001,1122
64edabfe3fc9c3509d81a588__64edabfe3fc9c3509d81a588__SEG_0001__CH_002,269
64fee784b86f60a8bfc6c951__64fee784b86f60a8bfc6c951__SEG_0001__CH_001,620
64fee784b86f60a8bfc6c951__64fee784b86f60a8bfc6c951__SEG_0001__CH_002,295
64fee784b86f60a8bfc6c951__64fee784b86f60a8bfc6c951__SEG_0001__CH_003,318
6518c885c2e70191d160e74c__6518c885c2e70191d160e74c__SEG_0001__CH_001,234
6518c885c2e70191d160e74c__6518c885c2e70191d160e74c__SEG_0001__CH_002,147
6518c885c2e70191d160e74c__6518c885c2e70191d160e74c__SEG_0001__CH_003,384
6550df8ec0842db90dc67e16__6550df8ec0842db90dc67e16__SEG_0001__CH_001,184
65a3d9d537b9bdd53201a547__65a3d9d537b9bdd53201a547__SEG_0001__CH_001,157
65a3d9d537b9bdd53201a547__65a3d9d537b9bdd53201a547__SEG_0001__CH_002,434
65ae628e3a9278f8dbe9139d__65ae628e3a9278f8dbe9139d__SEG_0001__CH_001,237
65ae628e3a9278f8dbe9139d__65ae628e3a9278f8dbe9139d__SEG_0001__CH_002,279
65ae628e3a9278f8dbe9139d__65ae628e3a9278f8dbe9139d__SEG_0001__CH_003,2453
65ae628e3a9278f8dbe9139d__65ae628e3a9278f8dbe9139d__SEG_0001__CH_004,520
65af23da6b28b59618039bd0__65af23da6b28b59618039bd0__SEG_0001__CH_002,73
65af593502972c917ffec577__65af593502972c917ffec577__SEG_0001__CH_002,646
65af593502972c917ffec577__65af593502972c917ffec577__SEG_0001__CH_003,795
65bd9a05aea8c22f572963b9__65bd9a05aea8c22f572963b9__SEG_0001__CH_001,87
66029f443ca9092f0c981b83__66029f443ca9092f0c981b83__SEG_0001__CH_001,520
66029f443ca9092f0c981b83__66029f443ca9092f0c981b83__SEG_0001__CH_002,339
663570e92fd78a0e6677efc5__663570e92fd78a0e6677efc5__SEG_0001__CH_001,245
663570e92fd78a0e6677efc5__663570e92fd78a0e6677efc5__SEG_0001__CH_002,635
663570e92fd78a0e6677efc5__663570e92fd78a0e6677efc5__SEG_0001__CH_003,647
663570e92fd78a0e6677efc5__663570e92fd78a0e6677efc5__SEG_0001__CH_004,697
663570e92fd78a0e6677efc5__663570e92fd78a0e6677efc5__SEG_0001__CH_005,584
663570e92fd78a0e6677efc5__663570e92fd78a0e6677efc5__SEG_0001__CH_006,492
663570e92fd78a0e6677efc5__663570e92fd78a0e6677efc5__SEG_0002__CH_001,482
663570e92fd78a0e6677efc5__663570e92fd78a0e6677efc5__SEG_0002__CH_002,229
663570e92fd78a0e6677efc5__663570e92fd78a0e6677efc5__SEG_0002__CH_003,642
66500a908b7c8deddf7feec6__66500a908b7c8deddf7feec6__SEG_0001__CH_001,839
66500a908b7c8deddf7feec6__66500a908b7c8deddf7feec6__SEG_0001__CH_002,1432
66586f28ffa7279b01edbb4a__66586f28ffa7279b01edbb4a__SEG_0001__CH_002,146
66ba9a52431262e760bd3285__PDFV2__CH_0003,206
66bce650053573c101b41e86__PDFV2__CH_0001,216
66bce650053573c101b41e86__PDFV2__CH_0002,47
66bce650053573c101b41e86__PDFV2__CH_0003,28
66bce650053573c101b41e86__PDFV2__CH_0004,61
66bce650053573c101b41e86__PDFV2__CH_0005,136
66bce650053573c101b41e86__PDFV2__CH_0006,153
66bce650053573c101b41e86__PDFV2__CH_0007,53
66bce650053573c101b41e86__PDFV2__CH_0008,197
66bce650053573c101b41e86__PDFV2__CH_0009,229
66bce650053573c101b41e86__PDFV2__CH_0010,171
66bce650053573c101b41e86__PDFV2__CH_0011,143
66bce650053573c101b41e86__PDFV2__CH_0012,219
66bce650053573c101b41e86__PDFV2__CH_0013,674
66bce650053573c101b41e86__PDFV2__CH_0014,479
66bce650053573c101b41e86__PDFV2__CH_0015,421
66bce650053573c101b41e86__PDFV2__CH_0016,280
66bce650053573c101b41e86__PDFV2__CH_0017,363
66c15fa31a96fba7dd1ffeb2__66c15fa31a96fba7dd1ffeb2__SEG_0001__CH_001,2166
66c15fa31a96fba7dd1ffeb2__66c15fa31a96fba7dd1ffeb2__SEG_0001__CH_002,1140
66c15fa31a96fba7dd1ffeb2__66c15fa31a96fba7dd1ffeb2__SEG_0002__CH_003,82
66c2ad237417452b1b7fa942__66c2ad237417452b1b7fa942__SEG_0001__CH_001,685
66f7a458a20bd051b98638fb__66f7a458a20bd051b98638fb__SEG_0001__CH_001,427
66f7a458a20bd051b98638fb__66f7a458a20bd051b98638fb__SEG_0001__CH_002,111
66f7a458a20bd051b98638fb__66f7a458a20bd051b98638fb__SEG_0001__CH_003,113
66fff6e9f80e87e8ad469c50__66fff6e9f80e87e8ad469c50__SEG_0001__CH_001,354
66fff6e9f80e87e8ad469c50__66fff6e9f80e87e8ad469c50__SEG_0001__CH_002,525
66fff6e9f80e87e8ad469c50__66fff6e9f80e87e8ad469c50__SEG_0001__CH_003,691
671569b6fb24ec0a0ac9793a__671569b6fb24ec0a0ac9793a__SEG_0001__CH_002,1113
671569b6fb24ec0a0ac9793a__671569b6fb24ec0a0ac9793a__SEG_0001__CH_003,269
67cd611b406f40a09c1581bf__PDFV2__CH_0001,384
67cd611b406f40a09c1581bf__PDFV2__CH_0002,466
67cd611b406f40a09c1581bf__PDFV2__CH_0004,582
67cd611b406f40a09c1581bf__PDFV2__CH_0005,226
67cd611b406f40a09c1581bf__PDFV2__CH_0006,610
67cd611b406f40a09c1581bf__PDFV2__CH_0007,138
67cd611b406f40a09c1581bf__PDFV2__CH_0008,654
67cd611b406f40a09c1581bf__PDFV2__CH_0009,481
67cd611b406f40a09c1581bf__PDFV2__CH_0010,393
67efbdd6d2b6ec1e88c1d201__67efbdd6d2b6ec1e88c1d201__SEG_0001__CH_001,271
68c89771830c76a49cb869a5__68c89771830c76a49cb869a5__SEG_0001__CH_001,236
68c89771830c76a49cb869a5__68c89771830c76a49cb869a5__SEG_0001__CH_002,106
68c89771830c76a49cb869a5__68c89771830c76a49cb869a5__SEG_0001__CH_003,78
68cafb09234c595ac6f42d93__68cafb09234c595ac6f42d93__SEG_0001__CH_001,920
68e8727a691797b745810ce1__PDFV2__CH_0002,117
68e8727a691797b745810ce1__PDFV2__CH_0003,644
68e8727a691797b745810ce1__PDFV2__CH_0004,296
68e8727a691797b745810ce1__PDFV2__CH_0005,310
68e8727a691797b745810ce1__PDFV2__CH_0006,61
68e8875d53825fbc701981e0__PDFV2__CH_0001,560
68e8875d53825fbc701981e0__PDFV2__CH_0002,313
68e8875d53825fbc701981e0__PDFV2__CH_0003,255
68e8875d53825fbc701981e0__PDFV2__CH_0004,689
68e8875d53825fbc701981e0__PDFV2__CH_0005,504
68e8875d53825fbc701981e0__PDFV2__CH_0006,224
68ebf70fb5371d0004e90497__68ebf70fb5371d0004e90497__SEG_0001__CH_001,283
68ebf70fb5371d0004e90497__68ebf70fb5371d0004e90497__SEG_0001__CH_002,194
69430ba82dbd7e8fbd7ffe22__69430ba82dbd7e8fbd7ffe22__SEG_0001__CH_001,373
69430ba82dbd7e8fbd7ffe22__69430ba82dbd7e8fbd7ffe22__SEG_0001__CH_002,563
69430ba82dbd7e8fbd7ffe22__69430ba82dbd7e8fbd7ffe22__SEG_0001__CH_003,1826
69430ba82dbd7e8fbd7ffe22__69430ba82dbd7e8fbd7ffe22__SEG_0001__CH_004,338
696196d617f49381a265763c__696196d617f49381a265763c__SEG_0001__CH_001,106
696196d617f49381a265763c__696196d617f49381a265763c__SEG_0001__CH_002,58
696196d617f49381a265763c__696196d617f49381a265763c__SEG_0001__CH_003,298
696196d617f49381a265763c__696196d617f49381a265763c__SEG_0001__CH_004,209
696196d617f49381a265763c__696196d617f49381a265763c__SEG_0001__CH_005,311
69bc79a7b3e9aef547c2320b__69bc79a7b3e9aef547c2320b__SEG_0001__CH_001,2545
69bc79a7b3e9aef547c2320b__69bc79a7b3e9aef547c2320b__SEG_0001__CH_002,146
69f598ddff14ac4a4b730ec6__69f598ddff14ac4a4b730ec6__SEG_0001__CH_001,826
69f6cf266dcbd93df73087e8__69f6cf266dcbd93df73087e8__SEG_0001__CH_001,248
6a120d38497353a1b311685d__6a120d38497353a1b311685d__SEG_0001__CH_001,1626
6a120d38497353a1b311685d__6a120d38497353a1b311685d__SEG_0001__CH_002,1854
6a120d38497353a1b311685d__6a120d38497353a1b311685d__SEG_0001__CH_003,1569
6a120d38497353a1b311685d__6a120d38497353a1b311685d__SEG_0002__CH_001,917
6a120d38497353a1b311685d__6a120d38497353a1b311685d__SEG_0002__CH_002,332
6a3e2bf67b75253b073bcbac__6a3e2bf67b75253b073bcbac__SEG_0001__CH_001,113
6a976411da4b6ff761451f64__PDFV2__CH_0001,176
6a976411da4b6ff761451f64__PDFV2__CH_0002,266
6a976411da4b6ff761451f64__PDFV2__CH_0005,243
6a976411da4b6ff761451f64__PDFV2__CH_0006,303
6a976411da4b6ff761451f64__PDFV2__CH_0007,488
6a976411da4b6ff761451f64__PDFV2__CH_0008,207
6a976411da4b6ff761451f64__PDFV2__CH_0010,363
6a976411da4b6ff761451f64__PDFV2__CH_0011,405
6a976411da4b6ff761451f64__PDFV2__CH_0017,270
6a976411da4b6ff761451f64__PDFV2__CH_0018,375
6a976411da4b6ff761451f64__PDFV2__CH_0019,247
6a976411da4b6ff761451f64__PDFV2__CH_0022,381
6a976411da4b6ff761451f64__PDFV2__CH_0031,224
6a976411da4b6ff761451f64__PDFV2__CH_0032,257
6a976411da4b6ff761451f64__PDFV2__CH_0037,348
6a976411da4b6ff761451f64__PDFV2__CH_0038,327
6a976411da4b6ff761451f64__PDFV2__CH_0041,245
6a976411da4b6ff761451f64__PDFV2__CH_0044,331
6a976411da4b6ff761451f64__PDFV2__CH_0045,317
6a976411da4b6ff761451f64__PDFV2__CH_0046,159
6a976411da4b6ff761451f64__PDFV2__CH_0047,211
6a976411da4b6ff761451f64__PDFV2__CH_0048,221
6a976411da4b6ff761451f64__PDFV2__CH_0049,255
6a976411da4b6ff761451f64__PDFV2__CH_0050,370
6a976411da4b6ff761451f64__PDFV2__CH_0051,241
6a976411da4b6ff761451f64__PDFV2__CH_0052,435
6a976411da4b6ff761451f64__PDFV2__CH_0053,317
6a976411da4b6ff761451f64__PDFV2__CH_0054,466
6a976411da4b6ff761451f64__PDFV2__CH_0055,213
6a976411da4b6ff761451f64__PDFV2__CH_0056,264
6aef3ba704e97e8e374617de__PDFV2__CH_0006,348
6aef3ba704e97e8e374617de__PDFV2__CH_0007,391
6aef3ba704e97e8e374617de__PDFV2__CH_0008,198
6aef3ba704e97e8e374617de__PDFV2__CH_0009,359
6aef3ba704e97e8e374617de__PDFV2__CH_0010,435
6aef3ba704e97e8e374617de__PDFV2__CH_0011,305
6aef3ba704e97e8e374617de__PDFV2__CH_0017,371
6aef3ba704e97e8e374617de__PDFV2__CH_0018,400
6aef3ba704e97e8e374617de__PDFV2__CH_0019,149
6aef3ba704e97e8e374617de__PDFV2__CH_0020,382
6aef3ba704e97e8e374617de__PDFV2__CH_0021,403
6aef3ba704e97e8e374617de__PDFV2__CH_0022,500
6aef3ba704e97e8e374617de__PDFV2__CH_0023,418
6aef3ba704e97e8e374617de__PDFV2__CH_0024,298
6aef3ba704e97e8e374617de__PDFV2__CH_0025,366
6aef3ba704e97e8e374617de__PDFV2__CH_0026,175
6aef3ba704e97e8e374617de__PDFV2__CH_0027,83
6aef3ba704e97e8e374617de__PDFV2__CH_0028,278
6aef3ba704e97e8e374617de__PDFV2__CH_0030,285
6aef3ba704e97e8e374617de__PDFV2__CH_0031,393
6aef3ba704e97e8e374617de__PDFV2__CH_0032,438
6aef3ba704e97e8e374617de__PDFV2__CH_0033,394
6aef3ba704e97e8e374617de__PDFV2__CH_0034,407
6aef3ba704e97e8e374617de__PDFV2__CH_0035,431
6aef3ba704e97e8e374617de__PDFV2__CH_0036,405
6aef3ba704e97e8e374617de__PDFV2__CH_0039,448
6aef3ba704e97e8e374617de__PDFV2__CH_0040,327
6aef3ba704e97e8e374617de__PDFV2__CH_0041,388
6aef3ba704e97e8e374617de__PDFV2__CH_0043,437
6aef3ba704e97e8e374617de__PDFV2__CH_0044,569
6aef3ba704e97e8e374617de__PDFV2__CH_0046,440
6aef3ba704e97e8e374617de__PDFV2__CH_0047,276
6aef3ba704e97e8e374617de__PDFV2__CH_0048,465
6aef3ba704e97e8e374617de__PDFV2__CH_0049,369
6aef3ba704e97e8e374617de__PDFV2__CH_0050,438
6aef3ba704e97e8e374617de__PDFV2__CH_0051,513
6aef3ba704e97e8e374617de__PDFV2__CH_0052,436
6aef3ba704e97e8e374617de__PDFV2__CH_0053,354
6aef3ba704e97e8e374617de__PDFV2__CH_0054,316
6aef3ba704e97e8e374617de__PDFV2__CH_0056,438
6aef3ba704e97e8e374617de__PDFV2__CH_0057,422
6aef3ba704e97e8e374617de__PDFV2__CH_0058,413
6aef3ba704e97e8e374617de__PDFV2__CH_0059,231
6aef3ba704e97e8e374617de__PDFV2__CH_0060,373
6aef3ba704e97e8e374617de__PDFV2__CH_0061,274
6aef3ba704e97e8e374617de__PDFV2__CH_0062,270
6aef3ba704e97e8e374617de__PDFV2__CH_0063,389
6aef3ba704e97e8e374617de__PDFV2__CH_0064,201
6aef3ba704e97e8e374617de__PDFV2__CH_0065,423
6aef3ba704e97e8e374617de__PDFV2__CH_0066,369
6aef3ba704e97e8e374617de__PDFV2__CH_0067,435
6aef3ba704e97e8e374617de__PDFV2__CH_0068,262
6aef3ba704e97e8e374617de__PDFV2__CH_0069,387
6aef3ba704e97e8e374617de__PDFV2__CH_0070,421
6aef3ba704e97e8e374617de__PDFV2__CH_0071,307
6aef3ba704e97e8e374617de__PDFV2__CH_0072,105
6aef3ba704e97e8e374617de__PDFV2__CH_0073,179
6aef3ba704e97e8e374617de__PDFV2__CH_0074,323
6aef3ba704e97e8e374617de__PDFV2__CH_0075,265
6aef3ba704e97e8e374617de__PDFV2__CH_0076,503
6aef3ba704e97e8e374617de__PDFV2__CH_0077,208
6aef3ba704e97e8e374617de__PDFV2__CH_0078,415
6aef3ba704e97e8e374617de__PDFV2__CH_0079,387
6aef3ba704e97e8e374617de__PDFV2__CH_0080,471
6aef3ba704e97e8e374617de__PDFV2__CH_0081,116
6aef3ba704e97e8e374617de__PDFV2__CH_0082,398
6aef3ba704e97e8e374617de__PDFV2__CH_0083,208
6aef3ba704e97e8e374617de__PDFV2__CH_0084,194
6aef3ba704e97e8e374617de__PDFV2__CH_0085,277
6aef3ba704e97e8e374617de__PDFV2__CH_0086,190
6aef3ba704e97e8e374617de__PDFV2__CH_0087,208
6aef3ba704e97e8e374617de__PDFV2__CH_0088,459
6aef3ba704e97e8e374617de__PDFV2__CH_0089,594
6b02edc109ae417c4b256c78__6b02edc109ae417c4b256c78__SEG_0001__CH_001__M,577
6b2b6bf4015c3903031de967__6b2b6bf4015c3903031de967__SEG_0001__CH_002,135
6b2b6bf4015c3903031de967__6b2b6bf4015c3903031de967__SEG_0001__CH_003,256
6b2b6bf4015c3903031de967__6b2b6bf4015c3903031de967__SEG_0001__CH_004,214
6b2b6bf4015c3903031de967__6b2b6bf4015c3903031de967__SEG_0001__CH_005,523
6b2b6bf4015c3903031de967__6b2b6bf4015c3903031de967__SEG_0001__CH_006,136
6b2b6bf4015c3903031de967__6b2b6bf4015c3903031de967__SEG_0001__CH_007,149
6b2b6bf4015c3903031de967__6b2b6bf4015c3903031de967__SEG_0001__CH_009,130
6b47be5cc00b4be82aa24d15__6b47be5cc00b4be82aa24d15__SEG_0001__CH_002,161
6b4f861be36c3b744f924029__6b4f861be36c3b744f924029__SEG_0001__CH_001,392
6b4f861be36c3b744f924029__6b4f861be36c3b744f924029__SEG_0001__CH_002,406
6b4f861be36c3b744f924029__6b4f861be36c3b744f924029__SEG_0001__CH_003,130
6b61f0640b1fecdb0973dbcf__PDFV2__CH_0001,423
6b61f0640b1fecdb0973dbcf__PDFV2__CH_0002,616
6b61f0640b1fecdb0973dbcf__PDFV2__CH_0003,205
6b62311836b150238c357715__6b62311836b150238c357715__SEG_0001__CH_001,278
6b62311836b150238c357715__6b62311836b150238c357715__SEG_0001__CH_002,191
6b62311836b150238c357715__6b62311836b150238c357715__SEG_0001__CH_003,169
6bd148a5bd41ed69dff9e5c4__6bd148a5bd41ed69dff9e5c4__SEG_0001__CH_001,167
6bf70fe6bbfb49866132d85a__6bf70fe6bbfb49866132d85a__SEG_0001__CH_001,93
6c0d1e4ff5afc72d78da9aaf__6c0d1e4ff5afc72d78da9aaf__SEG_0001__CH_001,216
6c256f5f15eaf1b3ce3a20df__6c256f5f15eaf1b3ce3a20df__SEG_0001__CH_001,64
6c256f5f15eaf1b3ce3a20df__6c256f5f15eaf1b3ce3a20df__SEG_0001__CH_002,72
6c761f628cf5646e188ceb20__6c761f628cf5646e188ceb20__SEG_0001__CH_001,213
6c761f628cf5646e188ceb20__6c761f628cf5646e188ceb20__SEG_0001__CH_002,129
6c761f628cf5646e188ceb20__6c761f628cf5646e188ceb20__SEG_0001__CH_003,310
6c8ba3489350770a5cc4af70__PDFV2__CH_0003,145
6c8ba3489350770a5cc4af70__PDFV2__CH_0004,175
6c8ba3489350770a5cc4af70__PDFV2__CH_0005,190
6c8ba3489350770a5cc4af70__PDFV2__CH_0006,163
6c8ba3489350770a5cc4af70__PDFV2__CH_0007,230
6c8ba3489350770a5cc4af70__PDFV2__CH_0008,160
6c8ba3489350770a5cc4af70__PDFV2__CH_0010,220
6c8ba3489350770a5cc4af70__PDFV2__CH_0011,197
6c8ba3489350770a5cc4af70__PDFV2__CH_0012,132
6c8ba3489350770a5cc4af70__PDFV2__CH_0014,204
6c8ba3489350770a5cc4af70__PDFV2__CH_0015,187
6c8ba3489350770a5cc4af70__PDFV2__CH_0016,262
6c8ba3489350770a5cc4af70__PDFV2__CH_0017,213
6cc4ab608d3faa64461a7e2d__PDFV2__CH_0001__M,808
6cc4ab608d3faa64461a7e2d__PDFV2__CH_0003,380
6cc4ab608d3faa64461a7e2d__PDFV2__CH_0004,380
6cc4ab608d3faa64461a7e2d__PDFV2__CH_0005,250
6cc4ab608d3faa64461a7e2d__PDFV2__CH_0006,644
6cee13a567b97a1316b6da75__PDFV2__CH_0001,441
6cf7e1bf1ff91bd82f1b63bf__6cf7e1bf1ff91bd82f1b63bf__SEG_0001__CH_001,866
6d04d3f705dd5836649d6168__PDFV2__CH_0001,427
6d04d3f705dd5836649d6168__PDFV2__CH_0002,549
6db0894a68c625c2211c3cf5__6db0894a68c625c2211c3cf5__SEG_0001__CH_001,149
6db0894a68c625c2211c3cf5__6db0894a68c625c2211c3cf5__SEG_0001__CH_002,106
6dd62c71d285332164d2c2b1__6dd62c71d285332164d2c2b1__SEG_0001__CH_001,250
6de4fda0fe429f24d628d232__PDFV2__CH_0001,587
6de4fda0fe429f24d628d232__PDFV2__CH_0003,388
6de4fda0fe429f24d628d232__PDFV2__CH_0004,427
6de4fda0fe429f24d628d232__PDFV2__CH_0005,256
6de4fda0fe429f24d628d232__PDFV2__CH_0006,580
6de4fda0fe429f24d628d232__PDFV2__CH_0007,610
6de4fda0fe429f24d628d232__PDFV2__CH_0008,152
6de4fda0fe429f24d628d232__PDFV2__CH_0009,350
6de4fda0fe429f24d628d232__PDFV2__CH_0010,327
6de4fda0fe429f24d628d232__PDFV2__CH_0011,483
6de4fda0fe429f24d628d232__PDFV2__CH_0012,348
6de4fda0fe429f24d628d232__PDFV2__CH_0013,364
6de4fda0fe429f24d628d232__PDFV2__CH_0014,682
6de4fda0fe429f24d628d232__PDFV2__CH_0015,548
6de4fda0fe429f24d628d232__PDFV2__CH_0016,272
6de4fda0fe429f24d628d232__PDFV2__CH_0017,707
6de4fda0fe429f24d628d232__PDFV2__CH_0018,77
6de4fda0fe429f24d628d232__PDFV2__CH_0019,286
6de4fda0fe429f24d628d232__PDFV2__CH_0020,390
6de4fda0fe429f24d628d232__PDFV2__CH_0021,512
6de4fda0fe429f24d628d232__PDFV2__CH_0022,202
6de4fda0fe429f24d628d232__PDFV2__CH_0023,579
6df395c5cec1ce3b2dd9624d__6df395c5cec1ce3b2dd9624d__SEG_0001__CH_001,9210
6df395c5cec1ce3b2dd9624d__6df395c5cec1ce3b2dd9624d__SEG_0002__CH_001__S1,699
6df395c5cec1ce3b2dd9624d__6df395c5cec1ce3b2dd9624d__SEG_0002__CH_001__S2,1313
6df395c5cec1ce3b2dd9624d__6df395c5cec1ce3b2dd9624d__SEG_0002__CH_001__S3,983
6e24d524bf04151afca92ed2__PDFV2__CH_0010,232
6e3e77022b14dcb5c1f5633d__6e3e77022b14dcb5c1f5633d__SEG_0001__CH_001,153
6e540051e939ecc9685e91cb__6e540051e939ecc9685e91cb__SEG_0001__CH_001,104
6e576421928e6e3fbc18253f__6e576421928e6e3fbc18253f__SEG_0001__CH_001,208
6e576421928e6e3fbc18253f__6e576421928e6e3fbc18253f__SEG_0001__CH_002,173
6e770324f7578655ef5f6385__6e770324f7578655ef5f6385__SEG_0001__CH_001,835
6e770324f7578655ef5f6385__6e770324f7578655ef5f6385__SEG_0001__CH_002,908
6e83a61e51f4f8c3df975b99__PDFV2__CH_0001,388
6e83a61e51f4f8c3df975b99__PDFV2__CH_0002,222
6e9dca9c7a82f8caa663b21e__PDFV2__CH_0001,247
6e9dca9c7a82f8caa663b21e__PDFV2__CH_0002,248
6e9dca9c7a82f8caa663b21e__PDFV2__CH_0003,154
6e9dca9c7a82f8caa663b21e__PDFV2__CH_0004,264
6e9dca9c7a82f8caa663b21e__PDFV2__CH_0005,158
6e9dca9c7a82f8caa663b21e__PDFV2__CH_0006,212
6e9dca9c7a82f8caa663b21e__PDFV2__CH_0007,317
6ed828097959f772a7d8aa69__6ed828097959f772a7d8aa69__SEG_0001__CH_001,268
6ee4b07dcc1527d8fc70e71e__6ee4b07dcc1527d8fc70e71e__SEG_0001__CH_001,260
6ef07ce1f16477167828f1b7__6ef07ce1f16477167828f1b7__SEG_0001__CH_001,639
6f48ed6214355241ea031b49__PDFV2__CH_0002,217
6f6922f93d8081915538f2a7__6f6922f93d8081915538f2a7__SEG_0001__CH_001,249
6fadf902ade92f2f526bc2a7__6fadf902ade92f2f526bc2a7__SEG_0001__CH_001,539
6fadf902ade92f2f526bc2a7__6fadf902ade92f2f526bc2a7__SEG_0001__CH_002,423
6fadf902ade92f2f526bc2a7__6fadf902ade92f2f526bc2a7__SEG_0001__CH_003,1231
6fadf902ade92f2f526bc2a7__6fadf902ade92f2f526bc2a7__SEG_0001__CH_004,282
7022ee3f836a3c580120aad8__7022ee3f836a3c580120aad8__SEG_0001__CH_001,630
7022ee3f836a3c580120aad8__7022ee3f836a3c580120aad8__SEG_0001__CH_002,396
7026c69cd355515d15ce98a1__7026c69cd355515d15ce98a1__SEG_0001__CH_001,178
70754718efe86bdac7ff9bfb__70754718efe86bdac7ff9bfb__SEG_0001__CH_001,338
70754718efe86bdac7ff9bfb__70754718efe86bdac7ff9bfb__SEG_0001__CH_002,201
70a118748b3ed5b8d422a5d8__70a118748b3ed5b8d422a5d8__SEG_0001__CH_002,466
70a118748b3ed5b8d422a5d8__70a118748b3ed5b8d422a5d8__SEG_0001__CH_003,327
70a118748b3ed5b8d422a5d8__70a118748b3ed5b8d422a5d8__SEG_0001__CH_004,176
70a118748b3ed5b8d422a5d8__70a118748b3ed5b8d422a5d8__SEG_0001__CH_005,171
70a118748b3ed5b8d422a5d8__70a118748b3ed5b8d422a5d8__SEG_0001__CH_007,452
70a118748b3ed5b8d422a5d8__70a118748b3ed5b8d422a5d8__SEG_0001__CH_008,387
70d1180b43f6898322dd2eef__70d1180b43f6898322dd2eef__SEG_0001__CH_001,75
7118bc67202fdfb62d7c3a5a__7118bc67202fdfb62d7c3a5a__SEG_0001__CH_002,214
7118bc67202fdfb62d7c3a5a__7118bc67202fdfb62d7c3a5a__SEG_0001__CH_003,206
7118bc67202fdfb62d7c3a5a__7118bc67202fdfb62d7c3a5a__SEG_0001__CH_004__M,286
717032ad1090f198aedfcd2a__717032ad1090f198aedfcd2a__SEG_0001__CH_005,112
717032ad1090f198aedfcd2a__717032ad1090f198aedfcd2a__SEG_0001__CH_006,622
717032ad1090f198aedfcd2a__717032ad1090f198aedfcd2a__SEG_0001__CH_007,240
717032ad1090f198aedfcd2a__717032ad1090f198aedfcd2a__SEG_0001__CH_008,278
717032ad1090f198aedfcd2a__717032ad1090f198aedfcd2a__SEG_0001__CH_010,410
717032ad1090f198aedfcd2a__717032ad1090f198aedfcd2a__SEG_0001__CH_011,248
717032ad1090f198aedfcd2a__717032ad1090f198aedfcd2a__SEG_0001__CH_012,602
717032ad1090f198aedfcd2a__717032ad1090f198aedfcd2a__SEG_0001__CH_013,341
717032ad1090f198aedfcd2a__717032ad1090f198aedfcd2a__SEG_0001__CH_014,773
717032ad1090f198aedfcd2a__717032ad1090f198aedfcd2a__SEG_0001__CH_015,655
717032ad1090f198aedfcd2a__717032ad1090f198aedfcd2a__SEG_0001__CH_016,133
717032ad1090f198aedfcd2a__717032ad1090f198aedfcd2a__SEG_0001__CH_017,384
717032ad1090f198aedfcd2a__717032ad1090f198aedfcd2a__SEG_0001__CH_018,574
717032ad1090f198aedfcd2a__717032ad1090f198aedfcd2a__SEG_0001__CH_019,384
717032ad1090f198aedfcd2a__717032ad1090f198aedfcd2a__SEG_0001__CH_020,249
717032ad1090f198aedfcd2a__717032ad1090f198aedfcd2a__SEG_0001__CH_021,589
717032ad1090f198aedfcd2a__717032ad1090f198aedfcd2a__SEG_0001__CH_022,382
717032ad1090f198aedfcd2a__717032ad1090f198aedfcd2a__SEG_0001__CH_023,948
717032ad1090f198aedfcd2a__717032ad1090f198aedfcd2a__SEG_0001__CH_024,405
717032ad1090f198aedfcd2a__717032ad1090f198aedfcd2a__SEG_0001__CH_025,169
717032ad1090f198aedfcd2a__717032ad1090f198aedfcd2a__SEG_0001__CH_026,176
717032ad1090f198aedfcd2a__717032ad1090f198aedfcd2a__SEG_0001__CH_027,252
717032ad1090f198aedfcd2a__717032ad1090f198aedfcd2a__SEG_0002__CH_001,731
717032ad1090f198aedfcd2a__717032ad1090f198aedfcd2a__SEG_0002__CH_002,1412
717032ad1090f198aedfcd2a__717032ad1090f198aedfcd2a__SEG_0002__CH_003,1089
717032ad1090f198aedfcd2a__717032ad1090f198aedfcd2a__SEG_0002__CH_004,1590
717032ad1090f198aedfcd2a__717032ad1090f198aedfcd2a__SEG_0002__CH_005,3004
717032ad1090f198aedfcd2a__717032ad1090f198aedfcd2a__SEG_0002__CH_006,1624
717032ad1090f198aedfcd2a__717032ad1090f198aedfcd2a__SEG_0003__CH_001,393
717032ad1090f198aedfcd2a__717032ad1090f198aedfcd2a__SEG_0003__CH_002,431
717032ad1090f198aedfcd2a__717032ad1090f198aedfcd2a__SEG_0003__CH_003,662
717032ad1090f198aedfcd2a__717032ad1090f198aedfcd2a__SEG_0003__CH_004,136
717032ad1090f198aedfcd2a__717032ad1090f198aedfcd2a__SEG_0003__CH_005,598
717032ad1090f198aedfcd2a__717032ad1090f198aedfcd2a__SEG_0003__CH_006,718
717032ad1090f198aedfcd2a__717032ad1090f198aedfcd2a__SEG_0003__CH_007,470
717032ad1090f198aedfcd2a__717032ad1090f198aedfcd2a__SEG_0003__CH_008,1074
717032ad1090f198aedfcd2a__717032ad1090f198aedfcd2a__SEG_0003__CH_009,3724
717032ad1090f198aedfcd2a__717032ad1090f198aedfcd2a__SEG_0003__CH_010,1072
717032ad1090f198aedfcd2a__717032ad1090f198aedfcd2a__SEG_0003__CH_011,390
717032ad1090f198aedfcd2a__717032ad1090f198aedfcd2a__SEG_0004__CH_001,386
717032ad1090f198aedfcd2a__717032ad1090f198aedfcd2a__SEG_0004__CH_002,546
717032ad1090f198aedfcd2a__717032ad1090f198aedfcd2a__SEG_0004__CH_003,240
717032ad1090f198aedfcd2a__717032ad1090f198aedfcd2a__SEG_0004__CH_004,1395
717032ad1090f198aedfcd2a__717032ad1090f198aedfcd2a__SEG_0004__CH_005,1767
717032ad1090f198aedfcd2a__717032ad1090f198aedfcd2a__SEG_0004__CH_006,1479
717032ad1090f198aedfcd2a__717032ad1090f198aedfcd2a__SEG_0004__CH_007,1479
717032ad1090f198aedfcd2a__717032ad1090f198aedfcd2a__SEG_0004__CH_008,2395
717032ad1090f198aedfcd2a__717032ad1090f198aedfcd2a__SEG_0005__CH_001__S1,211
717032ad1090f198aedfcd2a__717032ad1090f198aedfcd2a__SEG_0005__CH_001__S2,9336
717032ad1090f198aedfcd2a__717032ad1090f198aedfcd2a__SEG_0006__CH_001,7514
717032ad1090f198aedfcd2a__717032ad1090f198aedfcd2a__SEG_0007__CH_002,7597
717032ad1090f198aedfcd2a__717032ad1090f198aedfcd2a__SEG_0008__CH_001__M,947
717032ad1090f198aedfcd2a__717032ad1090f198aedfcd2a__SEG_0008__CH_003__M,844
717032ad1090f198aedfcd2a__717032ad1090f198aedfcd2a__SEG_0008__CH_005,714
717032ad1090f198aedfcd2a__717032ad1090f198aedfcd2a__SEG_0008__CH_006,887
717032ad1090f198aedfcd2a__717032ad1090f198aedfcd2a__SEG_0008__CH_007,565
717032ad1090f198aedfcd2a__717032ad1090f198aedfcd2a__SEG_0008__CH_008,4365
717032ad1090f198aedfcd2a__717032ad1090f198aedfcd2a__SEG_0008__CH_009,1176
717032ad1090f198aedfcd2a__717032ad1090f198aedfcd2a__SEG_0008__CH_010,253
717032ad1090f198aedfcd2a__717032ad1090f198aedfcd2a__SEG_0009__CH_001,680
717032ad1090f198aedfcd2a__717032ad1090f198aedfcd2a__SEG_0009__CH_002,5536
717032ad1090f198aedfcd2a__717032ad1090f198aedfcd2a__SEG_0009__CH_003,484
717032ad1090f198aedfcd2a__717032ad1090f198aedfcd2a__SEG_0009__CH_004,278
717032ad1090f198aedfcd2a__717032ad1090f198aedfcd2a__SEG_0009__CH_005,2906
717032ad1090f198aedfcd2a__717032ad1090f198aedfcd2a__SEG_0010__CH_001,935
717032ad1090f198aedfcd2a__717032ad1090f198aedfcd2a__SEG_0010__CH_002,1401
717032ad1090f198aedfcd2a__717032ad1090f198aedfcd2a__SEG_0010__CH_003,976
717032ad1090f198aedfcd2a__717032ad1090f198aedfcd2a__SEG_0010__CH_004,6729
717032ad1090f198aedfcd2a__717032ad1090f198aedfcd2a__SEG_0011__CH_001,582
717032ad1090f198aedfcd2a__717032ad1090f198aedfcd2a__SEG_0011__CH_002,669
717032ad1090f198aedfcd2a__717032ad1090f198aedfcd2a__SEG_0011__CH_003,1984
717032ad1090f198aedfcd2a__717032ad1090f198aedfcd2a__SEG_0011__CH_004__S1,868
717032ad1090f198aedfcd2a__717032ad1090f198aedfcd2a__SEG_0011__CH_004__S2,2568
717032ad1090f198aedfcd2a__717032ad1090f198aedfcd2a__SEG_0011__CH_005,2655
717032ad1090f198aedfcd2a__717032ad1090f198aedfcd2a__SEG_0011__CH_006,669
717032ad1090f198aedfcd2a__717032ad1090f198aedfcd2a__SEG_0012__CH_001__S1,621
717032ad1090f198aedfcd2a__717032ad1090f198aedfcd2a__SEG_0012__CH_001__S2,879
717032ad1090f198aedfcd2a__717032ad1090f198aedfcd2a__SEG_0012__CH_001__S3,255
717032ad1090f198aedfcd2a__717032ad1090f198aedfcd2a__SEG_0012__CH_001__S4,312
717032ad1090f198aedfcd2a__717032ad1090f198aedfcd2a__SEG_0012__CH_001__S5,8238
717032ad1090f198aedfcd2a__717032ad1090f198aedfcd2a__SEG_0013__CH_001__S1,344
717032ad1090f198aedfcd2a__717032ad1090f198aedfcd2a__SEG_0013__CH_001__S2,340
717032ad1090f198aedfcd2a__717032ad1090f198aedfcd2a__SEG_0013__CH_001__S3,214
717032ad1090f198aedfcd2a__717032ad1090f198aedfcd2a__SEG_0013__CH_001__S4,323
717032ad1090f198aedfcd2a__717032ad1090f198aedfcd2a__SEG_0013__CH_001__S5,129
717032ad1090f198aedfcd2a__717032ad1090f198aedfcd2a__SEG_0013__CH_001__S6,519
717032ad1090f198aedfcd2a__717032ad1090f198aedfcd2a__SEG_0013__CH_001__S7,207
717032ad1090f198aedfcd2a__717032ad1090f198aedfcd2a__SEG_0013__CH_001__S8,9522
717032ad1090f198aedfcd2a__717032ad1090f198aedfcd2a__SEG_0015__CH_002,4214
717032ad1090f198aedfcd2a__717032ad1090f198aedfcd2a__SEG_0015__CH_003,2656
717032ad1090f198aedfcd2a__717032ad1090f198aedfcd2a__SEG_0015__CH_005,864
717032ad1090f198aedfcd2a__717032ad1090f198aedfcd2a__SEG_0016__CH_001,856
717032ad1090f198aedfcd2a__717032ad1090f198aedfcd2a__SEG_0016__CH_002,3690
717032ad1090f198aedfcd2a__717032ad1090f198aedfcd2a__SEG_0016__CH_003,356
717032ad1090f198aedfcd2a__717032ad1090f198aedfcd2a__SEG_0016__CH_005,1010
717032ad1090f198aedfcd2a__717032ad1090f198aedfcd2a__SEG_0017__CH_001,336
717032ad1090f198aedfcd2a__717032ad1090f198aedfcd2a__SEG_0017__CH_002,1132
717032ad1090f198aedfcd2a__717032ad1090f198aedfcd2a__SEG_0017__CH_003,1004
717032ad1090f198aedfcd2a__717032ad1090f198aedfcd2a__SEG_0017__CH_004,5421
717032ad1090f198aedfcd2a__717032ad1090f198aedfcd2a__SEG_0017__CH_005__S1,2111
717032ad1090f198aedfcd2a__717032ad1090f198aedfcd2a__SEG_0017__CH_005__S2,901
717032ad1090f198aedfcd2a__717032ad1090f198aedfcd2a__SEG_0018__CH_001,922
717032ad1090f198aedfcd2a__717032ad1090f198aedfcd2a__SEG_0018__CH_002,1245
71adf1a0cb0c191e90dfe4f4__PDFV2__CH_0002,341
71adf1a0cb0c191e90dfe4f4__PDFV2__CH_0003,354
71adf1a0cb0c191e90dfe4f4__PDFV2__CH_0004,329
71adf1a0cb0c191e90dfe4f4__PDFV2__CH_0005,192
71f3fb3c40336f79663760c8__PDFV2__CH_0002,642
71f3fb3c40336f79663760c8__PDFV2__CH_0003,572
71f3fb3c40336f79663760c8__PDFV2__CH_0004,495
71f3fb3c40336f79663760c8__PDFV2__CH_0005,650
71f3fb3c40336f79663760c8__PDFV2__CH_0006,92
71f6cebd4b1d065e050aa0fe__71f6cebd4b1d065e050aa0fe__SEG_0001__CH_001,438
7210666f543fc12142fd938d__7210666f543fc12142fd938d__SEG_0001__CH_001,881
7210666f543fc12142fd938d__7210666f543fc12142fd938d__SEG_0001__CH_002,2190
7210666f543fc12142fd938d__7210666f543fc12142fd938d__SEG_0001__CH_003,652
7236247f13515a94de58780f__PDFV2__CH_0001,404
7236247f13515a94de58780f__PDFV2__CH_0002,482
7236247f13515a94de58780f__PDFV2__CH_0003,542
7236247f13515a94de58780f__PDFV2__CH_0004,423
7236247f13515a94de58780f__PDFV2__CH_0005,528
7236247f13515a94de58780f__PDFV2__CH_0006,514
7236247f13515a94de58780f__PDFV2__CH_0007,526
7236247f13515a94de58780f__PDFV2__CH_0008,227
7236247f13515a94de58780f__PDFV2__CH_0009,343
7236247f13515a94de58780f__PDFV2__CH_0010,548
7236247f13515a94de58780f__PDFV2__CH_0011,590
7236247f13515a94de58780f__PDFV2__CH_0012,203
7236247f13515a94de58780f__PDFV2__CH_0013,151
724a307c7d654b10695c1b7a__724a307c7d654b10695c1b7a__SEG_0001__CH_002,647
724a307c7d654b10695c1b7a__724a307c7d654b10695c1b7a__SEG_0001__CH_003,167
724a307c7d654b10695c1b7a__724a307c7d654b10695c1b7a__SEG_0001__CH_004,1095
724a307c7d654b10695c1b7a__724a307c7d654b10695c1b7a__SEG_0001__CH_005,444
724a307c7d654b10695c1b7a__724a307c7d654b10695c1b7a__SEG_0001__CH_006,526
724a307c7d654b10695c1b7a__724a307c7d654b10695c1b7a__SEG_0002__CH_001,368
7291c022c478729d1be723c1__7291c022c478729d1be723c1__SEG_0001__CH_001,1338
72af6014c51fe24e915e4682__72af6014c51fe24e915e4682__SEG_0001__CH_001,10831
72af6014c51fe24e915e4682__72af6014c51fe24e915e4682__SEG_0002__CH_001,2642
72af6014c51fe24e915e4682__72af6014c51fe24e915e4682__SEG_0002__CH_002,813
72af6014c51fe24e915e4682__72af6014c51fe24e915e4682__SEG_0002__CH_003,4488
72af6014c51fe24e915e4682__72af6014c51fe24e915e4682__SEG_0002__CH_004,2478
72af6014c51fe24e915e4682__72af6014c51fe24e915e4682__SEG_0003__CH_001,380
72af6014c51fe24e915e4682__72af6014c51fe24e915e4682__SEG_0003__CH_002,284
72af6014c51fe24e915e4682__72af6014c51fe24e915e4682__SEG_0003__CH_003,2913
72af6014c51fe24e915e4682__72af6014c51fe24e915e4682__SEG_0003__CH_004__S1,250
72af6014c51fe24e915e4682__72af6014c51fe24e915e4682__SEG_0003__CH_004__S2,460
72af6014c51fe24e915e4682__72af6014c51fe24e915e4682__SEG_0003__CH_004__S3,939
72af6014c51fe24e915e4682__72af6014c51fe24e915e4682__SEG_0003__CH_005,1073
72af6014c51fe24e915e4682__72af6014c51fe24e915e4682__SEG_0003__CH_006,1466
72af6014c51fe24e915e4682__72af6014c51fe24e915e4682__SEG_0003__CH_007,715
72b102e9007ec09d3d48b63a__72b102e9007ec09d3d48b63a__SEG_0001__CH_002,92
72b17b7c7a7c73bc100a7c3f__72b17b7c7a7c73bc100a7c3f__SEG_0001__CH_001,377
72b17b7c7a7c73bc100a7c3f__72b17b7c7a7c73bc100a7c3f__SEG_0001__CH_002,323
72d6f22060e9940f30eb4c98__72d6f22060e9940f30eb4c98__SEG_0001__CH_001,3516
72d6f22060e9940f30eb4c98__72d6f22060e9940f30eb4c98__SEG_0002__CH_002,273
735ab4a93e201d136bb566d0__735ab4a93e201d136bb566d0__SEG_0001__CH_001,4097
735ab4a93e201d136bb566d0__735ab4a93e201d136bb566d0__SEG_0001__CH_002,975
735ab4a93e201d136bb566d0__735ab4a93e201d136bb566d0__SEG_0002__CH_001,141
735ab4a93e201d136bb566d0__735ab4a93e201d136bb566d0__SEG_0002__CH_003,1808
735ab4a93e201d136bb566d0__735ab4a93e201d136bb566d0__SEG_0002__CH_005,196
7364f857b0b4d9bf4e96126a__7364f857b0b4d9bf4e96126a__SEG_0001__CH_001,10007
739fcacbd92a67e6a2ec455c__739fcacbd92a67e6a2ec455c__SEG_0001__CH_002,373
739fcacbd92a67e6a2ec455c__739fcacbd92a67e6a2ec455c__SEG_0001__CH_003,331
739fcacbd92a67e6a2ec455c__739fcacbd92a67e6a2ec455c__SEG_0001__CH_004,490
74536d69deee1e9c7958977d__74536d69deee1e9c7958977d__SEG_0001__CH_001,301
74536d69deee1e9c7958977d__74536d69deee1e9c7958977d__SEG_0001__CH_002,101
7488bbc2e99b63e540582d8b__7488bbc2e99b63e540582d8b__SEG_0001__CH_001,865
7488bbc2e99b63e540582d8b__7488bbc2e99b63e540582d8b__SEG_0001__CH_002,648
7488bbc2e99b63e540582d8b__7488bbc2e99b63e540582d8b__SEG_0001__CH_003,945
74bf23506a219d9c6ea87c20__74bf23506a219d9c6ea87c20__SEG_0001__CH_002,468
74bf23506a219d9c6ea87c20__74bf23506a219d9c6ea87c20__SEG_0001__CH_003,703
74bf23506a219d9c6ea87c20__74bf23506a219d9c6ea87c20__SEG_0001__CH_004,638
74e303bb5ce7a9d11de6b89e__74e303bb5ce7a9d11de6b89e__SEG_0001__CH_001,345
74e303bb5ce7a9d11de6b89e__74e303bb5ce7a9d11de6b89e__SEG_0001__CH_002,188
74f83c2db5eebcf2abae985b__74f83c2db5eebcf2abae985b__SEG_0001__CH_001,240
74f83c2db5eebcf2abae985b__74f83c2db5eebcf2abae985b__SEG_0001__CH_002,288
752d61b8ff17e8f0b7827bd5__752d61b8ff17e8f0b7827bd5__SEG_0001__CH_001,1597
7551bd985212827e02b123f8__PDFV2__CH_0001,191
7551bd985212827e02b123f8__PDFV2__CH_0002,313
7551bd985212827e02b123f8__PDFV2__CH_0003,282
7551bd985212827e02b123f8__PDFV2__CH_0004,424
7551bd985212827e02b123f8__PDFV2__CH_0005,112
7551bd985212827e02b123f8__PDFV2__CH_0006,136
7551bd985212827e02b123f8__PDFV2__CH_0007,140
7551bd985212827e02b123f8__PDFV2__CH_0010,335
7551bd985212827e02b123f8__PDFV2__CH_0011,226
7551bd985212827e02b123f8__PDFV2__CH_0012,345
7551bd985212827e02b123f8__PDFV2__CH_0013,316
7551bd985212827e02b123f8__PDFV2__CH_0014,328
7551bd985212827e02b123f8__PDFV2__CH_0015,284
7551bd985212827e02b123f8__PDFV2__CH_0016,237
7551bd985212827e02b123f8__PDFV2__CH_0017,172
7572e874ea42bac91908f7dc__7572e874ea42bac91908f7dc__SEG_0001__CH_003,333
7572e874ea42bac91908f7dc__7572e874ea42bac91908f7dc__SEG_0001__CH_004,421
7572e874ea42bac91908f7dc__7572e874ea42bac91908f7dc__SEG_0001__CH_005,675
7572e874ea42bac91908f7dc__7572e874ea42bac91908f7dc__SEG_0001__CH_006,272
762913a34ec3e696c69cdb30__762913a34ec3e696c69cdb30__SEG_0001__CH_001,405
762913a34ec3e696c69cdb30__762913a34ec3e696c69cdb30__SEG_0001__CH_002,323
7674d281c825fd8fe9776870__PDFV2__CH_0001,538
7674d281c825fd8fe9776870__PDFV2__CH_0002,663
7674d281c825fd8fe9776870__PDFV2__CH_0003,562
7674d281c825fd8fe9776870__PDFV2__CH_0004,273
7674d281c825fd8fe9776870__PDFV2__CH_0005,236
7674d281c825fd8fe9776870__PDFV2__CH_0006,180
7674d281c825fd8fe9776870__PDFV2__CH_0007,174
7674d281c825fd8fe9776870__PDFV2__CH_0008,178
7674d281c825fd8fe9776870__PDFV2__CH_0009,105
7674d281c825fd8fe9776870__PDFV2__CH_0010,214
7674d281c825fd8fe9776870__PDFV2__CH_0011,123
7674d281c825fd8fe9776870__PDFV2__CH_0012,377
768e2cd512d2979e299de414__768e2cd512d2979e299de414__SEG_0001__CH_001,1607
768e2cd512d2979e299de414__768e2cd512d2979e299de414__SEG_0001__CH_002,1493
768e2cd512d2979e299de414__768e2cd512d2979e299de414__SEG_0002__CH_001,556
768e2cd512d2979e299de414__768e2cd512d2979e299de414__SEG_0002__CH_002__M,592
768e2cd512d2979e299de414__768e2cd512d2979e299de414__SEG_0002__CH_004,140
768e2cd512d2979e299de414__768e2cd512d2979e299de414__SEG_0002__CH_005,268
768e2cd512d2979e299de414__768e2cd512d2979e299de414__SEG_0002__CH_006,367
768e2cd512d2979e299de414__768e2cd512d2979e299de414__SEG_0002__CH_007,400
768e2cd512d2979e299de414__768e2cd512d2979e299de414__SEG_0002__CH_008,1059
768e2cd512d2979e299de414__768e2cd512d2979e299de414__SEG_0002__CH_009,402
768e2cd512d2979e299de414__768e2cd512d2979e299de414__SEG_0002__CH_010,1798
769abd23fcd925f8d149b447__769abd23fcd925f8d149b447__SEG_0001__CH_001,193
76bb398840a99c82a4e5d527__76bb398840a99c82a4e5d527__SEG_0001__CH_001,141
76bb398840a99c82a4e5d527__76bb398840a99c82a4e5d527__SEG_0001__CH_002,180
76be24e39ab8dcb14ffc0d04__PDFV2__CH_0001,289
76be24e39ab8dcb14ffc0d04__PDFV2__CH_0002,306
76be24e39ab8dcb14ffc0d04__PDFV2__CH_0003,399
76be24e39ab8dcb14ffc0d04__PDFV2__CH_0004,452
76be24e39ab8dcb14ffc0d04__PDFV2__CH_0005,904
76c62a4a7f7ca3256ce417e2__76c62a4a7f7ca3256ce417e2__SEG_0001__CH_001,386
773ae67b9ff7e2875936e709__PDFV2__CH_0001,256
773ae67b9ff7e2875936e709__PDFV2__CH_0002,310
773ae67b9ff7e2875936e709__PDFV2__CH_0003,417
773ae67b9ff7e2875936e709__PDFV2__CH_0004,214
773ae67b9ff7e2875936e709__PDFV2__CH_0005,147
773ae67b9ff7e2875936e709__PDFV2__CH_0006,532
773ae67b9ff7e2875936e709__PDFV2__CH_0007,511
773ae67b9ff7e2875936e709__PDFV2__CH_0008,276
773ae67b9ff7e2875936e709__PDFV2__CH_0009,389
773ae67b9ff7e2875936e709__PDFV2__CH_0010,287
773ae67b9ff7e2875936e709__PDFV2__CH_0011,178
773ae67b9ff7e2875936e709__PDFV2__CH_0012,194
773ae67b9ff7e2875936e709__PDFV2__CH_0013__M,375
773ae67b9ff7e2875936e709__PDFV2__CH_0015,502
773ae67b9ff7e2875936e709__PDFV2__CH_0016,505
773ae67b9ff7e2875936e709__PDFV2__CH_0017,231
773ae67b9ff7e2875936e709__PDFV2__CH_0018,314
773ae67b9ff7e2875936e709__PDFV2__CH_0019,602
773ae67b9ff7e2875936e709__PDFV2__CH_0020,245
773ae67b9ff7e2875936e709__PDFV2__CH_0021,429
773ae67b9ff7e2875936e709__PDFV2__CH_0022,485
773ae67b9ff7e2875936e709__PDFV2__CH_0023,336
773ae67b9ff7e2875936e709__PDFV2__CH_0024,452
773ae67b9ff7e2875936e709__PDFV2__CH_0025,414
773ae67b9ff7e2875936e709__PDFV2__CH_0026,84
773ae67b9ff7e2875936e709__PDFV2__CH_0027,347
773ae67b9ff7e2875936e709__PDFV2__CH_0028,587
773ae67b9ff7e2875936e709__PDFV2__CH_0029,464
773ae67b9ff7e2875936e709__PDFV2__CH_0030,325
773ae67b9ff7e2875936e709__PDFV2__CH_0031,340
773ae67b9ff7e2875936e709__PDFV2__CH_0032__M,468
7783897254c4a608656a0b09__PDFV2__CH_0001,343
7783897254c4a608656a0b09__PDFV2__CH_0002,344
77c228367e261e2c576c4f18__PDFV2__CH_0001,247
77c228367e261e2c576c4f18__PDFV2__CH_0002,271
77c228367e261e2c576c4f18__PDFV2__CH_0003,291
77c228367e261e2c576c4f18__PDFV2__CH_0004,329
781033e13a70373bffaabce0__PDFV2__CH_0001,273
781033e13a70373bffaabce0__PDFV2__CH_0002,246
781033e13a70373bffaabce0__PDFV2__CH_0003,248
781033e13a70373bffaabce0__PDFV2__CH_0004,333
781033e13a70373bffaabce0__PDFV2__CH_0005,211
781033e13a70373bffaabce0__PDFV2__CH_0006,224
781033e13a70373bffaabce0__PDFV2__CH_0007,244
781033e13a70373bffaabce0__PDFV2__CH_0008,286
781033e13a70373bffaabce0__PDFV2__CH_0009,263
781033e13a70373bffaabce0__PDFV2__CH_0010,164
781033e13a70373bffaabce0__PDFV2__CH_0011,210
781033e13a70373bffaabce0__PDFV2__CH_0012__M,312
781033e13a70373bffaabce0__PDFV2__CH_0014,485
789a3aef16f777898f2215ac__789a3aef16f777898f2215ac__SEG_0001__CH_003,1069
789fb8e388c8b70bda8fc044__789fb8e388c8b70bda8fc044__SEG_0001__CH_001,41
789fb8e388c8b70bda8fc044__789fb8e388c8b70bda8fc044__SEG_0001__CH_002,133
789fb8e388c8b70bda8fc044__789fb8e388c8b70bda8fc044__SEG_0001__CH_003,77
789fb8e388c8b70bda8fc044__789fb8e388c8b70bda8fc044__SEG_0001__CH_004,230
789fb8e388c8b70bda8fc044__789fb8e388c8b70bda8fc044__SEG_0001__CH_005,116
78e1bf13ee9b53b06f3bc003__78e1bf13ee9b53b06f3bc003__SEG_0001__CH_001,191
78e1bf13ee9b53b06f3bc003__78e1bf13ee9b53b06f3bc003__SEG_0001__CH_002,230
78e1bf13ee9b53b06f3bc003__78e1bf13ee9b53b06f3bc003__SEG_0001__CH_003,30
78e1bf13ee9b53b06f3bc003__78e1bf13ee9b53b06f3bc003__SEG_0001__CH_004,297
78e1bf13ee9b53b06f3bc003__78e1bf13ee9b53b06f3bc003__SEG_0001__CH_005,199
78e1bf13ee9b53b06f3bc003__78e1bf13ee9b53b06f3bc003__SEG_0001__CH_006,120
78e1bf13ee9b53b06f3bc003__78e1bf13ee9b53b06f3bc003__SEG_0001__CH_007,170
78e1bf13ee9b53b06f3bc003__78e1bf13ee9b53b06f3bc003__SEG_0001__CH_008,438
78e1bf13ee9b53b06f3bc003__78e1bf13ee9b53b06f3bc003__SEG_0001__CH_009,126
78f2f79d48f9b8eb81cf408a__78f2f79d48f9b8eb81cf408a__SEG_0001__CH_001,156
78f2f79d48f9b8eb81cf408a__78f2f79d48f9b8eb81cf408a__SEG_0001__CH_002,43
79304ba9e9e90517f8fefe7c__79304ba9e9e90517f8fefe7c__SEG_0001__CH_001,248
79304ba9e9e90517f8fefe7c__79304ba9e9e90517f8fefe7c__SEG_0001__CH_002,111
79637149a30199f649f67468__PDFV2__CH_0001,364
79637149a30199f649f67468__PDFV2__CH_0002,268
79637149a30199f649f67468__PDFV2__CH_0003,355
79637149a30199f649f67468__PDFV2__CH_0004,368
79637149a30199f649f67468__PDFV2__CH_0005,492
79637149a30199f649f67468__PDFV2__CH_0006,716
79637149a30199f649f67468__PDFV2__CH_0007,568
79637149a30199f649f67468__PDFV2__CH_0008,573
79637149a30199f649f67468__PDFV2__CH_0009,725
79637149a30199f649f67468__PDFV2__CH_0010,623
79637149a30199f649f67468__PDFV2__CH_0011,697
79637149a30199f649f67468__PDFV2__CH_0012,321
79637149a30199f649f67468__PDFV2__CH_0013,474
79637149a30199f649f67468__PDFV2__CH_0014,462
79637149a30199f649f67468__PDFV2__CH_0015,605
79637149a30199f649f67468__PDFV2__CH_0016,357
79637149a30199f649f67468__PDFV2__CH_0017,172
79637149a30199f649f67468__PDFV2__CH_0018,379
79637149a30199f649f67468__PDFV2__CH_0019,310
79637149a30199f649f67468__PDFV2__CH_0020,270
79637149a30199f649f67468__PDFV2__CH_0021,113
798ad321225cf8bfc0df71c7__798ad321225cf8bfc0df71c7__SEG_0001__CH_001,673
798ad321225cf8bfc0df71c7__798ad321225cf8bfc0df71c7__SEG_0001__CH_002,608
798ad321225cf8bfc0df71c7__798ad321225cf8bfc0df71c7__SEG_0001__CH_003,459
7996a345af9a9b3f10e86a34__7996a345af9a9b3f10e86a34__SEG_0001__CH_001,356
7996a345af9a9b3f10e86a34__7996a345af9a9b3f10e86a34__SEG_0001__CH_002,279
7996c67dd906e5c8caac2f47__7996c67dd906e5c8caac2f47__SEG_0001__CH_001,256
799c02d3ec914cfa5b5fe92f__799c02d3ec914cfa5b5fe92f__SEG_0001__CH_001,864
799c02d3ec914cfa5b5fe92f__799c02d3ec914cfa5b5fe92f__SEG_0001__CH_002,558
799c02d3ec914cfa5b5fe92f__799c02d3ec914cfa5b5fe92f__SEG_0001__CH_003,491
79be909533fe0b2c4ad92079__PDFV2__CH_0004__M,252
79be909533fe0b2c4ad92079__PDFV2__CH_0009,151
79be909533fe0b2c4ad92079__PDFV2__CH_0010,188
79be909533fe0b2c4ad92079__PDFV2__CH_0012,68
79cbf77eede9f3c3bb6f77da__79cbf77eede9f3c3bb6f77da__SEG_0001__CH_001,93
79dd6913d2ebd87c75e3e9c0__PDFV2__CH_0001,410
79dd6913d2ebd87c75e3e9c0__PDFV2__CH_0002,606
79dd6913d2ebd87c75e3e9c0__PDFV2__CH_0003,617
7a068bee0bb8bbf3de7e75bd__7a068bee0bb8bbf3de7e75bd__SEG_0001__CH_001,629
7a068bee0bb8bbf3de7e75bd__7a068bee0bb8bbf3de7e75bd__SEG_0001__CH_002,5895
7a26c07e5ed0a98430b6ea7d__7a26c07e5ed0a98430b6ea7d__SEG_0001__CH_003,176
7a26c07e5ed0a98430b6ea7d__7a26c07e5ed0a98430b6ea7d__SEG_0001__CH_004,331
7a26c07e5ed0a98430b6ea7d__7a26c07e5ed0a98430b6ea7d__SEG_0001__CH_005,181
7a26c07e5ed0a98430b6ea7d__7a26c07e5ed0a98430b6ea7d__SEG_0001__CH_007,381
7a26c07e5ed0a98430b6ea7d__7a26c07e5ed0a98430b6ea7d__SEG_0001__CH_008,596
7a26c07e5ed0a98430b6ea7d__7a26c07e5ed0a98430b6ea7d__SEG_0001__CH_010,423
7a26c07e5ed0a98430b6ea7d__7a26c07e5ed0a98430b6ea7d__SEG_0001__CH_011,1012
7a26c07e5ed0a98430b6ea7d__7a26c07e5ed0a98430b6ea7d__SEG_0001__CH_012,367
7a26c07e5ed0a98430b6ea7d__7a26c07e5ed0a98430b6ea7d__SEG_0001__CH_013,698
7a26c07e5ed0a98430b6ea7d__7a26c07e5ed0a98430b6ea7d__SEG_0001__CH_014,1677
7a26c07e5ed0a98430b6ea7d__7a26c07e5ed0a98430b6ea7d__SEG_0001__CH_015,2173
7a26c07e5ed0a98430b6ea7d__7a26c07e5ed0a98430b6ea7d__SEG_0001__CH_016,555
7a26c07e5ed0a98430b6ea7d__7a26c07e5ed0a98430b6ea7d__SEG_0002__CH_001,105
7a26c07e5ed0a98430b6ea7d__7a26c07e5ed0a98430b6ea7d__SEG_0002__CH_002,1225
7a26c07e5ed0a98430b6ea7d__7a26c07e5ed0a98430b6ea7d__SEG_0002__CH_003,1164
7a26c07e5ed0a98430b6ea7d__7a26c07e5ed0a98430b6ea7d__SEG_0002__CH_004,1233
7a4f68a1abd87685a1423252__7a4f68a1abd87685a1423252__SEG_0001__CH_001,229
7a4f68a1abd87685a1423252__7a4f68a1abd87685a1423252__SEG_0001__CH_002,127
7a818c33ad2ae7fc2ed76a31__7a818c33ad2ae7fc2ed76a31__SEG_0001__CH_001,440
7a818c33ad2ae7fc2ed76a31__7a818c33ad2ae7fc2ed76a31__SEG_0001__CH_002,774
7a818c33ad2ae7fc2ed76a31__7a818c33ad2ae7fc2ed76a31__SEG_0001__CH_003,376
7a88cd1bd29bfe49a0947b35__7a88cd1bd29bfe49a0947b35__SEG_0001__CH_002,158
7a88cd1bd29bfe49a0947b35__7a88cd1bd29bfe49a0947b35__SEG_0001__CH_003__M,268
7a88cd1bd29bfe49a0947b35__7a88cd1bd29bfe49a0947b35__SEG_0001__CH_005,181
7a9013cce1e26e5d34ef3cc0__7a9013cce1e26e5d34ef3cc0__SEG_0001__CH_002,260
7a9013cce1e26e5d34ef3cc0__7a9013cce1e26e5d34ef3cc0__SEG_0001__CH_003,150
7a9013cce1e26e5d34ef3cc0__7a9013cce1e26e5d34ef3cc0__SEG_0001__CH_004,103
7a9013cce1e26e5d34ef3cc0__7a9013cce1e26e5d34ef3cc0__SEG_0001__CH_005,263
7aa708c6740875802e0d52e1__7aa708c6740875802e0d52e1__SEG_0001__CH_002,130
7aa708c6740875802e0d52e1__7aa708c6740875802e0d52e1__SEG_0001__CH_003,125
7ac7b85b83c98eae43ba425f__7ac7b85b83c98eae43ba425f__SEG_0001__CH_001,459
7ac7b85b83c98eae43ba425f__7ac7b85b83c98eae43ba425f__SEG_0001__CH_002,91
7ade775088fd5e17875134e9__PDFV2__CH_0001,389
7ade775088fd5e17875134e9__PDFV2__CH_0002,341
7ade775088fd5e17875134e9__PDFV2__CH_0003,289
7ade775088fd5e17875134e9__PDFV2__CH_0004,277
7ade775088fd5e17875134e9__PDFV2__CH_0005,333
7ade775088fd5e17875134e9__PDFV2__CH_0006,437
7ade775088fd5e17875134e9__PDFV2__CH_0007,279
7ade775088fd5e17875134e9__PDFV2__CH_0008,129
7ade775088fd5e17875134e9__PDFV2__CH_0009,253
7ade775088fd5e17875134e9__PDFV2__CH_0010,328
7ade775088fd5e17875134e9__PDFV2__CH_0011,200
7ade775088fd5e17875134e9__PDFV2__CH_0012,379
7ade775088fd5e17875134e9__PDFV2__CH_0013,159
7ade775088fd5e17875134e9__PDFV2__CH_0016,550
7ade775088fd5e17875134e9__PDFV2__CH_0017,491
7ade775088fd5e17875134e9__PDFV2__CH_0018,667
7ade775088fd5e17875134e9__PDFV2__CH_0019,450
7ade775088fd5e17875134e9__PDFV2__CH_0020,218
7ade775088fd5e17875134e9__PDFV2__CH_0021,323
7ade775088fd5e17875134e9__PDFV2__CH_0022,337
7ade775088fd5e17875134e9__PDFV2__CH_0023,596
7ade775088fd5e17875134e9__PDFV2__CH_0024,562
7ade775088fd5e17875134e9__PDFV2__CH_0025,136
7af3ba3f7631be2ef6bbd30b__PDFV2__CH_0001,360
7af3ba3f7631be2ef6bbd30b__PDFV2__CH_0002,196
7af3ba3f7631be2ef6bbd30b__PDFV2__CH_0003,221
7af3ba3f7631be2ef6bbd30b__PDFV2__CH_0004,151
7af3ba3f7631be2ef6bbd30b__PDFV2__CH_0006,316
7af3ba3f7631be2ef6bbd30b__PDFV2__CH_0008,162
7af3ba3f7631be2ef6bbd30b__PDFV2__CH_0009,226
7af3ba3f7631be2ef6bbd30b__PDFV2__CH_0010,207
7af3ba3f7631be2ef6bbd30b__PDFV2__CH_0011,211
7af3ba3f7631be2ef6bbd30b__PDFV2__CH_0012,243
7af3ba3f7631be2ef6bbd30b__PDFV2__CH_0013,243
7af3ba3f7631be2ef6bbd30b__PDFV2__CH_0015,428
7af3ba3f7631be2ef6bbd30b__PDFV2__CH_0016,634
7af3ba3f7631be2ef6bbd30b__PDFV2__CH_0017,598
7af3ba3f7631be2ef6bbd30b__PDFV2__CH_0018,359
7af3ba3f7631be2ef6bbd30b__PDFV2__CH_0019,278
7af3ba3f7631be2ef6bbd30b__PDFV2__CH_0020,497
7af3ba3f7631be2ef6bbd30b__PDFV2__CH_0021,461
7af3ba3f7631be2ef6bbd30b__PDFV2__CH_0022,189
7af3ba3f7631be2ef6bbd30b__PDFV2__CH_0023,218
7af3ba3f7631be2ef6bbd30b__PDFV2__CH_0024,478
7af3ba3f7631be2ef6bbd30b__PDFV2__CH_0025,175
7af3ba3f7631be2ef6bbd30b__PDFV2__CH_0026,189
7af3ba3f7631be2ef6bbd30b__PDFV2__CH_0029,216
7af3ba3f7631be2ef6bbd30b__PDFV2__CH_0030,80
7af3ba3f7631be2ef6bbd30b__PDFV2__CH_0031,165
7af7e750cd5b3d66584fae81__7af7e750cd5b3d66584fae81__SEG_0001__CH_001,416
7af7e750cd5b3d66584fae81__7af7e750cd5b3d66584fae81__SEG_0001__CH_002,284
7af7e750cd5b3d66584fae81__7af7e750cd5b3d66584fae81__SEG_0001__CH_004,140
7af8ccfad58488a4e37e2186__7af8ccfad58488a4e37e2186__SEG_0001__CH_001,745
7af8ccfad58488a4e37e2186__7af8ccfad58488a4e37e2186__SEG_0001__CH_002,280
7af8ccfad58488a4e37e2186__7af8ccfad58488a4e37e2186__SEG_0001__CH_003,471
7af8ccfad58488a4e37e2186__7af8ccfad58488a4e37e2186__SEG_0001__CH_004,465
7af8ccfad58488a4e37e2186__7af8ccfad58488a4e37e2186__SEG_0001__CH_005,130
7b1adf82671feb4f394eedd6__PDFV2__CH_0001,272
7b1adf82671feb4f394eedd6__PDFV2__CH_0007,247
7b2a899a0fb871fb92597ba0__7b2a899a0fb871fb92597ba0__SEG_0001__CH_001,231
7b2a899a0fb871fb92597ba0__7b2a899a0fb871fb92597ba0__SEG_0001__CH_002,274
7b2a899a0fb871fb92597ba0__7b2a899a0fb871fb92597ba0__SEG_0001__CH_003,386
7b2a899a0fb871fb92597ba0__7b2a899a0fb871fb92597ba0__SEG_0001__CH_004,657
7b354e9928dee3acc4ec8962__7b354e9928dee3acc4ec8962__SEG_0001__CH_001,191
7b354e9928dee3acc4ec8962__7b354e9928dee3acc4ec8962__SEG_0001__CH_002,71
7b54e9f662066a34eea5db0b__PDFV2__CH_0001,487
7b54e9f662066a34eea5db0b__PDFV2__CH_0002,474
7b54e9f662066a34eea5db0b__PDFV2__CH_0003,555
7b54e9f662066a34eea5db0b__PDFV2__CH_0004,638
7b54e9f662066a34eea5db0b__PDFV2__CH_0005,570
7b54e9f662066a34eea5db0b__PDFV2__CH_0006,578
7b54e9f662066a34eea5db0b__PDFV2__CH_0007,482
7b54e9f662066a34eea5db0b__PDFV2__CH_0008,137
7b5638ec5096f38fe7482edc__7b5638ec5096f38fe7482edc__SEG_0001__CH_003,79
7b5638ec5096f38fe7482edc__7b5638ec5096f38fe7482edc__SEG_0001__CH_004,372
7b5638ec5096f38fe7482edc__7b5638ec5096f38fe7482edc__SEG_0001__CH_005,232
7b5638ec5096f38fe7482edc__7b5638ec5096f38fe7482edc__SEG_0001__CH_006,332
7bbc534cb121d40f0ec1cf74__7bbc534cb121d40f0ec1cf74__SEG_0001__CH_001,503
7bbc534cb121d40f0ec1cf74__7bbc534cb121d40f0ec1cf74__SEG_0001__CH_002,417
7bbc534cb121d40f0ec1cf74__7bbc534cb121d40f0ec1cf74__SEG_0001__CH_003,1190
7bbc534cb121d40f0ec1cf74__7bbc534cb121d40f0ec1cf74__SEG_0001__CH_004,1414
7bc1b1eec3c00b7ed685dac9__7bc1b1eec3c00b7ed685dac9__SEG_0001__CH_001,432
7befef6ae9005da5e58bf881__7befef6ae9005da5e58bf881__SEG_0001__CH_001,369
7befef6ae9005da5e58bf881__7befef6ae9005da5e58bf881__SEG_0001__CH_002,1864
7befef6ae9005da5e58bf881__7befef6ae9005da5e58bf881__SEG_0001__CH_003,742
7c180cc30027fdba4dc6e038__7c180cc30027fdba4dc6e038__SEG_0001__CH_001,171
7c809b702bd40d7411045222__7c809b702bd40d7411045222__SEG_0001__CH_001,66
7c809b702bd40d7411045222__7c809b702bd40d7411045222__SEG_0001__CH_002,189
7c809b702bd40d7411045222__7c809b702bd40d7411045222__SEG_0001__CH_003,482
7c809b702bd40d7411045222__7c809b702bd40d7411045222__SEG_0001__CH_004,245
7c8acb7c059cd22aef48494b__7c8acb7c059cd22aef48494b__SEG_0001__CH_001,2048
7c8de533d5b70b5a047c611e__PDFV2__CH_0001__M,573
7ca57cfe501e143239d88628__PDFV2__CH_0001,429
7ca57cfe501e143239d88628__PDFV2__CH_0002,389
7ca789231a93cb02f8607d6a__7ca789231a93cb02f8607d6a__SEG_0001__CH_001,271
7ca789231a93cb02f8607d6a__7ca789231a93cb02f8607d6a__SEG_0001__CH_002,649
7ca789231a93cb02f8607d6a__7ca789231a93cb02f8607d6a__SEG_0001__CH_003,771
7ceb1dab725f9324c7d6dcca__7ceb1dab725f9324c7d6dcca__SEG_0001__CH_001,78
7ceb1dab725f9324c7d6dcca__7ceb1dab725f9324c7d6dcca__SEG_0001__CH_002,137
7d247510c68ad1add531918d__7d247510c68ad1add531918d__SEG_0001__CH_001,425
7d2bb0e02aa281325f13ff7e__7d2bb0e02aa281325f13ff7e__SEG_0001__CH_001,288
7d730f271249c6e5c70eaad1__PDFV2__CH_0010,300
7d730f271249c6e5c70eaad1__PDFV2__CH_0011__M,847
7d730f271249c6e5c70eaad1__PDFV2__CH_0013,251
7d730f271249c6e5c70eaad1__PDFV2__CH_0014,268
7d730f271249c6e5c70eaad1__PDFV2__CH_0015,206
7d730f271249c6e5c70eaad1__PDFV2__CH_0016,338
7d730f271249c6e5c70eaad1__PDFV2__CH_0017,168
7d730f271249c6e5c70eaad1__PDFV2__CH_0018,218
7d730f271249c6e5c70eaad1__PDFV2__CH_0019,216
7d730f271249c6e5c70eaad1__PDFV2__CH_0020,113
7d730f271249c6e5c70eaad1__PDFV2__CH_0021,264
7d730f271249c6e5c70eaad1__PDFV2__CH_0022,378
7d730f271249c6e5c70eaad1__PDFV2__CH_0023,388
7d730f271249c6e5c70eaad1__PDFV2__CH_0024,284
7d730f271249c6e5c70eaad1__PDFV2__CH_0025,350
7d730f271249c6e5c70eaad1__PDFV2__CH_0026,467
7d730f271249c6e5c70eaad1__PDFV2__CH_0027,223
7d730f271249c6e5c70eaad1__PDFV2__CH_0028,232
7d730f271249c6e5c70eaad1__PDFV2__CH_0029,127
7d730f271249c6e5c70eaad1__PDFV2__CH_0030,155
7d730f271249c6e5c70eaad1__PDFV2__CH_0031,264
7d730f271249c6e5c70eaad1__PDFV2__CH_0032,262
7d730f271249c6e5c70eaad1__PDFV2__CH_0033,280
7d730f271249c6e5c70eaad1__PDFV2__CH_0034,146
7d730f271249c6e5c70eaad1__PDFV2__CH_0035,350
7d730f271249c6e5c70eaad1__PDFV2__CH_0036,414
7d730f271249c6e5c70eaad1__PDFV2__CH_0037,206
7d730f271249c6e5c70eaad1__PDFV2__CH_0038,164
7d730f271249c6e5c70eaad1__PDFV2__CH_0039,336
7d730f271249c6e5c70eaad1__PDFV2__CH_0040,275
7d730f271249c6e5c70eaad1__PDFV2__CH_0041,335
7d730f271249c6e5c70eaad1__PDFV2__CH_0042,176
7d730f271249c6e5c70eaad1__PDFV2__CH_0043,755
7d730f271249c6e5c70eaad1__PDFV2__CH_0044,456
7d730f271249c6e5c70eaad1__PDFV2__CH_0045,92
7d730f271249c6e5c70eaad1__PDFV2__CH_0046,309
7d730f271249c6e5c70eaad1__PDFV2__CH_0047,347
7d730f271249c6e5c70eaad1__PDFV2__CH_0048,152
7d730f271249c6e5c70eaad1__PDFV2__CH_0049,263
7d730f271249c6e5c70eaad1__PDFV2__CH_0050,269
7d730f271249c6e5c70eaad1__PDFV2__CH_0051,352
7d730f271249c6e5c70eaad1__PDFV2__CH_0052,174
7d730f271249c6e5c70eaad1__PDFV2__CH_0053,187
7d730f271249c6e5c70eaad1__PDFV2__CH_0054,266
7d730f271249c6e5c70eaad1__PDFV2__CH_0055,265
7d730f271249c6e5c70eaad1__PDFV2__CH_0056,369
7d730f271249c6e5c70eaad1__PDFV2__CH_0057,315
7d730f271249c6e5c70eaad1__PDFV2__CH_0058,134
7d730f271249c6e5c70eaad1__PDFV2__CH_0059,213
7d730f271249c6e5c70eaad1__PDFV2__CH_0060,68
7d730f271249c6e5c70eaad1__PDFV2__CH_0061,233
7d730f271249c6e5c70eaad1__PDFV2__CH_0062,88
7d730f271249c6e5c70eaad1__PDFV2__CH_0063__M,444
7d730f271249c6e5c70eaad1__PDFV2__CH_0065,255
7d730f271249c6e5c70eaad1__PDFV2__CH_0066,182
7d730f271249c6e5c70eaad1__PDFV2__CH_0068,224
7d730f271249c6e5c70eaad1__PDFV2__CH_0069,125
7d730f271249c6e5c70eaad1__PDFV2__CH_0070,311
7d730f271249c6e5c70eaad1__PDFV2__CH_0071,102
7d730f271249c6e5c70eaad1__PDFV2__CH_0072,302
7d730f271249c6e5c70eaad1__PDFV2__CH_0073,476
7d730f271249c6e5c70eaad1__PDFV2__CH_0074,551
7d730f271249c6e5c70eaad1__PDFV2__CH_0075,567
7d730f271249c6e5c70eaad1__PDFV2__CH_0076,597
7d730f271249c6e5c70eaad1__PDFV2__CH_0087,81
7d730f271249c6e5c70eaad1__PDFV2__CH_0094,78
7d730f271249c6e5c70eaad1__PDFV2__CH_0100,290
7d730f271249c6e5c70eaad1__PDFV2__CH_0101,438
7d730f271249c6e5c70eaad1__PDFV2__CH_0102,138
7d730f271249c6e5c70eaad1__PDFV2__CH_0103,147
7d730f271249c6e5c70eaad1__PDFV2__CH_0104,449
7d730f271249c6e5c70eaad1__PDFV2__CH_0105,72
7d730f271249c6e5c70eaad1__PDFV2__CH_0106,309
7d730f271249c6e5c70eaad1__PDFV2__CH_0107,296
7d730f271249c6e5c70eaad1__PDFV2__CH_0108,335
7d730f271249c6e5c70eaad1__PDFV2__CH_0109,279
7d730f271249c6e5c70eaad1__PDFV2__CH_0110__M,378
7d730f271249c6e5c70eaad1__PDFV2__CH_0112,778
7d730f271249c6e5c70eaad1__PDFV2__CH_0113,501
7d730f271249c6e5c70eaad1__PDFV2__CH_0114,349
7d730f271249c6e5c70eaad1__PDFV2__CH_0115,339
7d730f271249c6e5c70eaad1__PDFV2__CH_0116,437
7d730f271249c6e5c70eaad1__PDFV2__CH_0117,392
7d730f271249c6e5c70eaad1__PDFV2__CH_0118,374
7d730f271249c6e5c70eaad1__PDFV2__CH_0119,332
7d730f271249c6e5c70eaad1__PDFV2__CH_0120,169
7d730f271249c6e5c70eaad1__PDFV2__CH_0121,284
7d730f271249c6e5c70eaad1__PDFV2__CH_0122,209
7d730f271249c6e5c70eaad1__PDFV2__CH_0123,329
7d730f271249c6e5c70eaad1__PDFV2__CH_0124,299
7d730f271249c6e5c70eaad1__PDFV2__CH_0125,361
7d730f271249c6e5c70eaad1__PDFV2__CH_0126,289
7d730f271249c6e5c70eaad1__PDFV2__CH_0127,368
7d730f271249c6e5c70eaad1__PDFV2__CH_0128,323
7d730f271249c6e5c70eaad1__PDFV2__CH_0129,831
7d730f271249c6e5c70eaad1__PDFV2__CH_0130,455
7d730f271249c6e5c70eaad1__PDFV2__CH_0131,212
7d730f271249c6e5c70eaad1__PDFV2__CH_0132,180
7d730f271249c6e5c70eaad1__PDFV2__CH_0133,122
7d730f271249c6e5c70eaad1__PDFV2__CH_0134,146
7d730f271249c6e5c70eaad1__PDFV2__CH_0135,157
7d730f271249c6e5c70eaad1__PDFV2__CH_0136,183
7d730f271249c6e5c70eaad1__PDFV2__CH_0137,343
7d730f271249c6e5c70eaad1__PDFV2__CH_0138,408
7d730f271249c6e5c70eaad1__PDFV2__CH_0139,532
7d730f271249c6e5c70eaad1__PDFV2__CH_0140,108
7d730f271249c6e5c70eaad1__PDFV2__CH_0141,259
7d730f271249c6e5c70eaad1__PDFV2__CH_0143,272
7d730f271249c6e5c70eaad1__PDFV2__CH_0144__M,747
7d730f271249c6e5c70eaad1__PDFV2__CH_0146,320
7d730f271249c6e5c70eaad1__PDFV2__CH_0147,441
7d730f271249c6e5c70eaad1__PDFV2__CH_0148__M,869
7d730f271249c6e5c70eaad1__PDFV2__CH_0154__M,516
7d730f271249c6e5c70eaad1__PDFV2__CH_0156,386
7d730f271249c6e5c70eaad1__PDFV2__CH_0157,275
7d730f271249c6e5c70eaad1__PDFV2__CH_0158,273
7d730f271249c6e5c70eaad1__PDFV2__CH_0160__M,743
7d730f271249c6e5c70eaad1__PDFV2__CH_0162,417
7d730f271249c6e5c70eaad1__PDFV2__CH_0163,105
7d90b543ac1ee182236282a9__7d90b543ac1ee182236282a9__SEG_0001__CH_005,359
7d90b543ac1ee182236282a9__7d90b543ac1ee182236282a9__SEG_0001__CH_006,320
7d90b543ac1ee182236282a9__7d90b543ac1ee182236282a9__SEG_0001__CH_007,117
7de8ac01aff1dc8eba8ebd14__7de8ac01aff1dc8eba8ebd14__SEG_0001__CH_001,389
7de8ac01aff1dc8eba8ebd14__7de8ac01aff1dc8eba8ebd14__SEG_0001__CH_002,1106
7de8ac01aff1dc8eba8ebd14__7de8ac01aff1dc8eba8ebd14__SEG_0001__CH_003__S1,1173
7de8ac01aff1dc8eba8ebd14__7de8ac01aff1dc8eba8ebd14__SEG_0001__CH_003__S2,430
7de8ac01aff1dc8eba8ebd14__7de8ac01aff1dc8eba8ebd14__SEG_0001__CH_004,2220
7de8ac01aff1dc8eba8ebd14__7de8ac01aff1dc8eba8ebd14__SEG_0001__CH_005,3401
7df2867db5eddeee5252fddc__7df2867db5eddeee5252fddc__SEG_0001__CH_001,100
7e147ffa07cc7a9f07fcbdb5__7e147ffa07cc7a9f07fcbdb5__SEG_0001__CH_001,250
7e147ffa07cc7a9f07fcbdb5__7e147ffa07cc7a9f07fcbdb5__SEG_0001__CH_002,169
7e147ffa07cc7a9f07fcbdb5__7e147ffa07cc7a9f07fcbdb5__SEG_0001__CH_004,92
7e20091d1e4c01dac00114d4__7e20091d1e4c01dac00114d4__SEG_0001__CH_001,552
7e20091d1e4c01dac00114d4__7e20091d1e4c01dac00114d4__SEG_0001__CH_002,226
7e8bceb72ff17e144d60e6cf__7e8bceb72ff17e144d60e6cf__SEG_0001__CH_001,211
7e8bceb72ff17e144d60e6cf__7e8bceb72ff17e144d60e6cf__SEG_0001__CH_002,151
7e99c929c43ed5bac0262ef5__7e99c929c43ed5bac0262ef5__SEG_0001__CH_002,1127
7ea8eade135ed142c787518f__PDFV2__CH_0001,319
7eb5798db21e381299bd132b__7eb5798db21e381299bd132b__SEG_0001__CH_001,124
7eb5798db21e381299bd132b__7eb5798db21e381299bd132b__SEG_0001__CH_004,222
7eb5798db21e381299bd132b__7eb5798db21e381299bd132b__SEG_0001__CH_005,197
7ed4602adbb59086e91e4f31__7ed4602adbb59086e91e4f31__SEG_0001__CH_001,280
7ed4602adbb59086e91e4f31__7ed4602adbb59086e91e4f31__SEG_0001__CH_002,95
7ee837902f1231ce8ec44d5d__7ee837902f1231ce8ec44d5d__SEG_0001__CH_001,231
7ee837902f1231ce8ec44d5d__7ee837902f1231ce8ec44d5d__SEG_0001__CH_002,286
7ee837902f1231ce8ec44d5d__7ee837902f1231ce8ec44d5d__SEG_0001__CH_003,593
7ee837902f1231ce8ec44d5d__7ee837902f1231ce8ec44d5d__SEG_0001__CH_004,387
7f2e181753380d394be70136__7f2e181753380d394be70136__SEG_0001__CH_001,1040
7f2e181753380d394be70136__7f2e181753380d394be70136__SEG_0001__CH_002,1242
7f2e181753380d394be70136__7f2e181753380d394be70136__SEG_0001__CH_003,175
7f3a9e3f6c5e82ef78b09c7e__7f3a9e3f6c5e82ef78b09c7e__SEG_0001__CH_001,745
7f3a9e3f6c5e82ef78b09c7e__7f3a9e3f6c5e82ef78b09c7e__SEG_0001__CH_002,869
7f3a9e3f6c5e82ef78b09c7e__7f3a9e3f6c5e82ef78b09c7e__SEG_0001__CH_003,663
7f3a9e3f6c5e82ef78b09c7e__7f3a9e3f6c5e82ef78b09c7e__SEG_0001__CH_004,1177
7f3a9e3f6c5e82ef78b09c7e__7f3a9e3f6c5e82ef78b09c7e__SEG_0002__CH_001,392
7f3a9e3f6c5e82ef78b09c7e__7f3a9e3f6c5e82ef78b09c7e__SEG_0002__CH_002,705
7f3a9e3f6c5e82ef78b09c7e__7f3a9e3f6c5e82ef78b09c7e__SEG_0002__CH_003,2434
7f3a9e3f6c5e82ef78b09c7e__7f3a9e3f6c5e82ef78b09c7e__SEG_0002__CH_004,2853
7f3a9e3f6c5e82ef78b09c7e__7f3a9e3f6c5e82ef78b09c7e__SEG_0002__CH_005,2129
7f3a9e3f6c5e82ef78b09c7e__7f3a9e3f6c5e82ef78b09c7e__SEG_0002__CH_006,1486
7f3a9e3f6c5e82ef78b09c7e__7f3a9e3f6c5e82ef78b09c7e__SEG_0003__CH_001,205
7f3a9e3f6c5e82ef78b09c7e__7f3a9e3f6c5e82ef78b09c7e__SEG_0003__CH_002,773
7f3a9e3f6c5e82ef78b09c7e__7f3a9e3f6c5e82ef78b09c7e__SEG_0003__CH_003,188
7f3a9e3f6c5e82ef78b09c7e__7f3a9e3f6c5e82ef78b09c7e__SEG_0003__CH_004,477
7f3a9e3f6c5e82ef78b09c7e__7f3a9e3f6c5e82ef78b09c7e__SEG_0003__CH_005__M,464
7f3a9e3f6c5e82ef78b09c7e__7f3a9e3f6c5e82ef78b09c7e__SEG_0003__CH_007,963
7f3a9e3f6c5e82ef78b09c7e__7f3a9e3f6c5e82ef78b09c7e__SEG_0003__CH_008,552
7f3a9e3f6c5e82ef78b09c7e__7f3a9e3f6c5e82ef78b09c7e__SEG_0003__CH_009,245
7f3a9e3f6c5e82ef78b09c7e__7f3a9e3f6c5e82ef78b09c7e__SEG_0003__CH_010,293
7f3a9e3f6c5e82ef78b09c7e__7f3a9e3f6c5e82ef78b09c7e__SEG_0004__CH_001,840
7f3a9e3f6c5e82ef78b09c7e__7f3a9e3f6c5e82ef78b09c7e__SEG_0004__CH_002,570
7f3a9e3f6c5e82ef78b09c7e__7f3a9e3f6c5e82ef78b09c7e__SEG_0004__CH_003,449
7f3a9e3f6c5e82ef78b09c7e__7f3a9e3f6c5e82ef78b09c7e__SEG_0004__CH_004,1593
7f3a9e3f6c5e82ef78b09c7e__7f3a9e3f6c5e82ef78b09c7e__SEG_0005__CH_001,916
7f3a9e3f6c5e82ef78b09c7e__7f3a9e3f6c5e82ef78b09c7e__SEG_0005__CH_002,1325
7f3a9e3f6c5e82ef78b09c7e__7f3a9e3f6c5e82ef78b09c7e__SEG_0005__CH_003,716
7f3a9e3f6c5e82ef78b09c7e__7f3a9e3f6c5e82ef78b09c7e__SEG_0005__CH_004,342
7f3a9e3f6c5e82ef78b09c7e__7f3a9e3f6c5e82ef78b09c7e__SEG_0006__CH_002,488
7f3a9e3f6c5e82ef78b09c7e__7f3a9e3f6c5e82ef78b09c7e__SEG_0006__CH_003,777
7f69cf3068c62a490727b8a7__7f69cf3068c62a490727b8a7__SEG_0001__CH_003,491
7f7d4f8bd9cbbb355418a5d9__7f7d4f8bd9cbbb355418a5d9__SEG_0001__CH_001,150
7f95cf655e882ffaac4f1e2b__PDFV2__CH_0001,331
7fc5996dd3e61feccba8b2e6__7fc5996dd3e61feccba8b2e6__SEG_0001__CH_002,474
7fd98b8bde84425254498fd9__7fd98b8bde84425254498fd9__SEG_0001__CH_001,205
7fd98b8bde84425254498fd9__7fd98b8bde84425254498fd9__SEG_0001__CH_002__M,696
7fd98b8bde84425254498fd9__7fd98b8bde84425254498fd9__SEG_0001__CH_004,332
7fee8de2b4353b7a9cffac65__7fee8de2b4353b7a9cffac65__SEG_0001__CH_001,316
7fee8de2b4353b7a9cffac65__7fee8de2b4353b7a9cffac65__SEG_0001__CH_002,225
80068088d78d3f62845cf57c__PDFV2__CH_0002,518
80068088d78d3f62845cf57c__PDFV2__CH_0003,120
80068088d78d3f62845cf57c__PDFV2__CH_0004,676
80068088d78d3f62845cf57c__PDFV2__CH_0007,739
80068088d78d3f62845cf57c__PDFV2__CH_0009,782
80068088d78d3f62845cf57c__PDFV2__CH_0010,768
80068088d78d3f62845cf57c__PDFV2__CH_0011,424
80068088d78d3f62845cf57c__PDFV2__CH_0012,274
80068088d78d3f62845cf57c__PDFV2__CH_0013,279
80068088d78d3f62845cf57c__PDFV2__CH_0015,804
80068088d78d3f62845cf57c__PDFV2__CH_0016,738
805328154eb9ed9b674da13e__805328154eb9ed9b674da13e__SEG_0001__CH_001,486
805328154eb9ed9b674da13e__805328154eb9ed9b674da13e__SEG_0001__CH_002,232
806eecdac1cf2d99a06e11dd__806eecdac1cf2d99a06e11dd__SEG_0001__CH_002,1517
806eecdac1cf2d99a06e11dd__806eecdac1cf2d99a06e11dd__SEG_0001__CH_003,2123
806eecdac1cf2d99a06e11dd__806eecdac1cf2d99a06e11dd__SEG_0001__CH_004,947
8087f9cbea94889638f96b4e__8087f9cbea94889638f96b4e__SEG_0001__CH_001,202
80dac47cf93c649565cf0481__80dac47cf93c649565cf0481__SEG_0001__CH_001,434
80dac47cf93c649565cf0481__80dac47cf93c649565cf0481__SEG_0001__CH_002,973
80dac47cf93c649565cf0481__80dac47cf93c649565cf0481__SEG_0001__CH_003,910
80db2e575caccc26b541c55e__80db2e575caccc26b541c55e__SEG_0001__CH_001,968
80db2e575caccc26b541c55e__80db2e575caccc26b541c55e__SEG_0001__CH_002,513
80db2e575caccc26b541c55e__80db2e575caccc26b541c55e__SEG_0001__CH_003,344
80eae3a7e0b7ba02ae4d963c__80eae3a7e0b7ba02ae4d963c__SEG_0001__CH_001,119
813cabd3a3aef08069faa99f__813cabd3a3aef08069faa99f__SEG_0001__CH_001,1795
81432c4601d0eb1bb33105fd__PDFV2__CH_0001,131
81432c4601d0eb1bb33105fd__PDFV2__CH_0002,231
81432c4601d0eb1bb33105fd__PDFV2__CH_0003,347
81432c4601d0eb1bb33105fd__PDFV2__CH_0004,306
81432c4601d0eb1bb33105fd__PDFV2__CH_0005,316
81432c4601d0eb1bb33105fd__PDFV2__CH_0006,410
815c64bf481edff1df237aff__815c64bf481edff1df237aff__SEG_0001__CH_001,300
815c64bf481edff1df237aff__815c64bf481edff1df237aff__SEG_0001__CH_002,123
81722fa6dc33f25d0b60666b__PDFV2__CH_0001,260
81b403770c3439ae7f30d993__81b403770c3439ae7f30d993__SEG_0001__CH_001,422
81b403770c3439ae7f30d993__81b403770c3439ae7f30d993__SEG_0001__CH_002,575
81b403770c3439ae7f30d993__81b403770c3439ae7f30d993__SEG_0001__CH_003,1003
81b403770c3439ae7f30d993__81b403770c3439ae7f30d993__SEG_0001__CH_004,2720
81b403770c3439ae7f30d993__81b403770c3439ae7f30d993__SEG_0001__CH_005,376
81b403770c3439ae7f30d993__81b403770c3439ae7f30d993__SEG_0002__CH_001,1836
81b403770c3439ae7f30d993__81b403770c3439ae7f30d993__SEG_0002__CH_002,2709
81c67d3eb95c04f0095079a0__81c67d3eb95c04f0095079a0__SEG_0001__CH_001,256
81c67d3eb95c04f0095079a0__81c67d3eb95c04f0095079a0__SEG_0001__CH_002,246
82260130c265a562bcb1c9bb__82260130c265a562bcb1c9bb__SEG_0001__CH_001,388
82260130c265a562bcb1c9bb__82260130c265a562bcb1c9bb__SEG_0001__CH_002,263
8290bc1c85fb9a143724da1e__8290bc1c85fb9a143724da1e__SEG_0001__CH_001,317
8290bc1c85fb9a143724da1e__8290bc1c85fb9a143724da1e__SEG_0001__CH_002,684
8290bc1c85fb9a143724da1e__8290bc1c85fb9a143724da1e__SEG_0001__CH_003,1333
8291c87657b7935bae684471__8291c87657b7935bae684471__SEG_0001__CH_001,116
8291c87657b7935bae684471__8291c87657b7935bae684471__SEG_0001__CH_002,154
82b3a4892a5912e1d9c01532__82b3a4892a5912e1d9c01532__SEG_0001__CH_003,23
833a0b18f39731725384a925__833a0b18f39731725384a925__SEG_0001__CH_001,153
833a0b18f39731725384a925__833a0b18f39731725384a925__SEG_0001__CH_002,196
833a0b18f39731725384a925__833a0b18f39731725384a925__SEG_0001__CH_003,280
833a0b18f39731725384a925__833a0b18f39731725384a925__SEG_0001__CH_004,514
833a0b18f39731725384a925__833a0b18f39731725384a925__SEG_0001__CH_005,705
833a0b18f39731725384a925__833a0b18f39731725384a925__SEG_0001__CH_006,570
8346151f43bb6aedba7a4a89__8346151f43bb6aedba7a4a89__SEG_0001__CH_001,297
8346151f43bb6aedba7a4a89__8346151f43bb6aedba7a4a89__SEG_0001__CH_002,404
8346151f43bb6aedba7a4a89__8346151f43bb6aedba7a4a89__SEG_0001__CH_003,115
8386dd2f1fa0991f5cab1603__8386dd2f1fa0991f5cab1603__SEG_0001__CH_001,188
8386dd2f1fa0991f5cab1603__8386dd2f1fa0991f5cab1603__SEG_0001__CH_002,202
8396ae50ac11d7ae3e57a182__8396ae50ac11d7ae3e57a182__SEG_0001__CH_001,334
83bebdfbcd6bd0f42b60fc19__83bebdfbcd6bd0f42b60fc19__SEG_0001__CH_001,99
83f4ccb501e745e9c1061438__83f4ccb501e745e9c1061438__SEG_0001__CH_001,437
83f4ccb501e745e9c1061438__83f4ccb501e745e9c1061438__SEG_0001__CH_002,199
844519c3389522cd40dac653__PDFV2__CH_0002,623
844519c3389522cd40dac653__PDFV2__CH_0003,280
844519c3389522cd40dac653__PDFV2__CH_0004,367
844519c3389522cd40dac653__PDFV2__CH_0005,649
844519c3389522cd40dac653__PDFV2__CH_0006,750
844519c3389522cd40dac653__PDFV2__CH_0007,664
844519c3389522cd40dac653__PDFV2__CH_0008,344
844519c3389522cd40dac653__PDFV2__CH_0009,528
844519c3389522cd40dac653__PDFV2__CH_0010,280
84571e457cbc433445643749__84571e457cbc433445643749__SEG_0001__CH_001,291
84571e457cbc433445643749__84571e457cbc433445643749__SEG_0001__CH_002,182
8463edfc2a6a9360ca13a4f7__PDFV2__CH_0006,200
8463edfc2a6a9360ca13a4f7__PDFV2__CH_0007,95
8463edfc2a6a9360ca13a4f7__PDFV2__CH_0011,268
8463edfc2a6a9360ca13a4f7__PDFV2__CH_0012,291
8463edfc2a6a9360ca13a4f7__PDFV2__CH_0015,128
8463edfc2a6a9360ca13a4f7__PDFV2__CH_0016,158
8463edfc2a6a9360ca13a4f7__PDFV2__CH_0017,234
85048f341183b472c1274690__PDFV2__CH_0001,711
857cf9e13a1cca703209528c__PDFV2__CH_0001,264
857cf9e13a1cca703209528c__PDFV2__CH_0002,204
857cf9e13a1cca703209528c__PDFV2__CH_0003,279
857cf9e13a1cca703209528c__PDFV2__CH_0004,221
857cf9e13a1cca703209528c__PDFV2__CH_0005,276
857cf9e13a1cca703209528c__PDFV2__CH_0006,255
857cf9e13a1cca703209528c__PDFV2__CH_0007,113
857cf9e13a1cca703209528c__PDFV2__CH_0008,126
857cf9e13a1cca703209528c__PDFV2__CH_0009,145
857cf9e13a1cca703209528c__PDFV2__CH_0010,137
857cf9e13a1cca703209528c__PDFV2__CH_0011,118
857cf9e13a1cca703209528c__PDFV2__CH_0012,136
857cf9e13a1cca703209528c__PDFV2__CH_0013,216
857cf9e13a1cca703209528c__PDFV2__CH_0014,136
857cf9e13a1cca703209528c__PDFV2__CH_0015,116
857cf9e13a1cca703209528c__PDFV2__CH_0016,133
857cf9e13a1cca703209528c__PDFV2__CH_0017,386
857cf9e13a1cca703209528c__PDFV2__CH_0018,119
862fd16251005442768ea2d7__PDFV2__CH_0001,242
862fd16251005442768ea2d7__PDFV2__CH_0002,313
862fd16251005442768ea2d7__PDFV2__CH_0003,233
862fd16251005442768ea2d7__PDFV2__CH_0004,188
862fd16251005442768ea2d7__PDFV2__CH_0005,196
862fd16251005442768ea2d7__PDFV2__CH_0006,281
862fd16251005442768ea2d7__PDFV2__CH_0007,283
862fd16251005442768ea2d7__PDFV2__CH_0008,336
862fd16251005442768ea2d7__PDFV2__CH_0009,354
865f8e33b9496e1e1060225b__865f8e33b9496e1e1060225b__SEG_0001__CH_001,622
865f8e33b9496e1e1060225b__865f8e33b9496e1e1060225b__SEG_0001__CH_002,1192
865f8e33b9496e1e1060225b__865f8e33b9496e1e1060225b__SEG_0001__CH_003,146
8680e1fd21dbc75e1d1b7b3d__PDFV2__CH_0001,342
869428677422a261605fbf0b__PDFV2__CH_0001,468
869428677422a261605fbf0b__PDFV2__CH_0002,483
869428677422a261605fbf0b__PDFV2__CH_0003,441
869428677422a261605fbf0b__PDFV2__CH_0004,421
869428677422a261605fbf0b__PDFV2__CH_0005,541
869428677422a261605fbf0b__PDFV2__CH_0006,364
869428677422a261605fbf0b__PDFV2__CH_0007,577
869428677422a261605fbf0b__PDFV2__CH_0008,428
869428677422a261605fbf0b__PDFV2__CH_0009,364
869428677422a261605fbf0b__PDFV2__CH_0010,344
869428677422a261605fbf0b__PDFV2__CH_0011,411
869428677422a261605fbf0b__PDFV2__CH_0012,74
869428677422a261605fbf0b__PDFV2__CH_0013,565
869428677422a261605fbf0b__PDFV2__CH_0014,484
869428677422a261605fbf0b__PDFV2__CH_0015,483
869428677422a261605fbf0b__PDFV2__CH_0016,110
869428677422a261605fbf0b__PDFV2__CH_0017,479
8787d49abbc35ea8d9dbe613__PDFV2__CH_0001,454
8787d49abbc35ea8d9dbe613__PDFV2__CH_0002,666
87b31279bfe5a45fcb8fdbc2__87b31279bfe5a45fcb8fdbc2__SEG_0001__CH_002,992
87b31279bfe5a45fcb8fdbc2__87b31279bfe5a45fcb8fdbc2__SEG_0001__CH_003,485
87d3b9967b2307e5642b1fa7__87d3b9967b2307e5642b1fa7__SEG_0001__CH_001,161
87e79dd06e71fd08d425d57b__87e79dd06e71fd08d425d57b__SEG_0001__CH_001,331
8807395bcf053c63846424cc__8807395bcf053c63846424cc__SEG_0001__CH_001,108
8807395bcf053c63846424cc__8807395bcf053c63846424cc__SEG_0001__CH_002,79
8807395bcf053c63846424cc__8807395bcf053c63846424cc__SEG_0001__CH_003,53
885581f9e1b564c6551080db__885581f9e1b564c6551080db__SEG_0001__CH_001,223
885581f9e1b564c6551080db__885581f9e1b564c6551080db__SEG_0001__CH_002,508
885581f9e1b564c6551080db__885581f9e1b564c6551080db__SEG_0001__CH_003,1854
885581f9e1b564c6551080db__885581f9e1b564c6551080db__SEG_0001__CH_004,1140
885581f9e1b564c6551080db__885581f9e1b564c6551080db__SEG_0002__CH_001,669
885581f9e1b564c6551080db__885581f9e1b564c6551080db__SEG_0002__CH_002,863
885581f9e1b564c6551080db__885581f9e1b564c6551080db__SEG_0002__CH_003,1134
885581f9e1b564c6551080db__885581f9e1b564c6551080db__SEG_0002__CH_004,683
885581f9e1b564c6551080db__885581f9e1b564c6551080db__SEG_0002__CH_005,680
88bae94389a8ae4a6bf629ac__88bae94389a8ae4a6bf629ac__SEG_0001__CH_001,127
88bae94389a8ae4a6bf629ac__88bae94389a8ae4a6bf629ac__SEG_0001__CH_002,288
88bae94389a8ae4a6bf629ac__88bae94389a8ae4a6bf629ac__SEG_0001__CH_003,489
88bae94389a8ae4a6bf629ac__88bae94389a8ae4a6bf629ac__SEG_0001__CH_004,249
88bae94389a8ae4a6bf629ac__88bae94389a8ae4a6bf629ac__SEG_0001__CH_005,2156
88bae94389a8ae4a6bf629ac__88bae94389a8ae4a6bf629ac__SEG_0001__CH_006,1147
88bae94389a8ae4a6bf629ac__88bae94389a8ae4a6bf629ac__SEG_0001__CH_007,814
88bae94389a8ae4a6bf629ac__88bae94389a8ae4a6bf629ac__SEG_0001__CH_008,306
88bae94389a8ae4a6bf629ac__88bae94389a8ae4a6bf629ac__SEG_0002__CH_001,1618
88c2305df0dd0a773cd05cc2__88c2305df0dd0a773cd05cc2__SEG_0001__CH_001,267
890497803ed4b2ccf21ae032__890497803ed4b2ccf21ae032__SEG_0001__CH_002,253
890497803ed4b2ccf21ae032__890497803ed4b2ccf21ae032__SEG_0001__CH_004,508
890497803ed4b2ccf21ae032__890497803ed4b2ccf21ae032__SEG_0001__CH_005,521
8904b15cccb2d36313ca4ec0__8904b15cccb2d36313ca4ec0__SEG_0001__CH_001,365
8904b15cccb2d36313ca4ec0__8904b15cccb2d36313ca4ec0__SEG_0001__CH_002,887
8904b15cccb2d36313ca4ec0__8904b15cccb2d36313ca4ec0__SEG_0001__CH_003,314
8904b15cccb2d36313ca4ec0__8904b15cccb2d36313ca4ec0__SEG_0001__CH_004,3218
8904b15cccb2d36313ca4ec0__8904b15cccb2d36313ca4ec0__SEG_0001__CH_005,1332
8904b15cccb2d36313ca4ec0__8904b15cccb2d36313ca4ec0__SEG_0001__CH_006,697
8904b15cccb2d36313ca4ec0__8904b15cccb2d36313ca4ec0__SEG_0002__CH_001,1157
8904b15cccb2d36313ca4ec0__8904b15cccb2d36313ca4ec0__SEG_0002__CH_002,1312
8910eeb182787cdc0120bcfc__8910eeb182787cdc0120bcfc__SEG_0001__CH_001,1059
8910eeb182787cdc0120bcfc__8910eeb182787cdc0120bcfc__SEG_0001__CH_002,572
89260efa66f38c282745c27d__PDFV2__CH_0001,596
89260efa66f38c282745c27d__PDFV2__CH_0002,567
89260efa66f38c282745c27d__PDFV2__CH_0003,561
89260efa66f38c282745c27d__PDFV2__CH_0004,483
89260efa66f38c282745c27d__PDFV2__CH_0005,536
89260efa66f38c282745c27d__PDFV2__CH_0006,463
89260efa66f38c282745c27d__PDFV2__CH_0007,394
8975ce08d825131851b5a068__8975ce08d825131851b5a068__SEG_0001__CH_001,88
89d446e3b65fe9f252d99a70__89d446e3b65fe9f252d99a70__SEG_0001__CH_001,152
8a1c422b14de548a07039dab__PDFV2__CH_0001,256
8a1c422b14de548a07039dab__PDFV2__CH_0002,224
8a1c422b14de548a07039dab__PDFV2__CH_0003,268
8a1c422b14de548a07039dab__PDFV2__CH_0004__M,393
8a1c422b14de548a07039dab__PDFV2__CH_0006,536
8a1c422b14de548a07039dab__PDFV2__CH_0007,667
8a1c422b14de548a07039dab__PDFV2__CH_0008,141
8a1c422b14de548a07039dab__PDFV2__CH_0009,234
8a1c422b14de548a07039dab__PDFV2__CH_0010__M,438
8a1fd7113d371c03f8353b79__8a1fd7113d371c03f8353b79__SEG_0001__CH_001,157
8a1fd7113d371c03f8353b79__8a1fd7113d371c03f8353b79__SEG_0001__CH_002,181
8a1fd7113d371c03f8353b79__8a1fd7113d371c03f8353b79__SEG_0001__CH_003,617
8a1fd7113d371c03f8353b79__8a1fd7113d371c03f8353b79__SEG_0001__CH_004,470
8a28b93c9b7ae3508c091784__PDFV2__CH_0001,375
8a28b93c9b7ae3508c091784__PDFV2__CH_0002,229
8a67e4cead4f057b70b935de__8a67e4cead4f057b70b935de__SEG_0001__CH_001,398
8a67e4cead4f057b70b935de__8a67e4cead4f057b70b935de__SEG_0001__CH_002,439
8a69ab114dc9b802b66c086a__8a69ab114dc9b802b66c086a__SEG_0001__CH_002,1277
8a69ab114dc9b802b66c086a__8a69ab114dc9b802b66c086a__SEG_0001__CH_003,540
8a8157a87b4a9ee55fc898fe__8a8157a87b4a9ee55fc898fe__SEG_0001__CH_001,217
8a8157a87b4a9ee55fc898fe__8a8157a87b4a9ee55fc898fe__SEG_0001__CH_002,318
8a8157a87b4a9ee55fc898fe__8a8157a87b4a9ee55fc898fe__SEG_0001__CH_003,211
8ab16cb31ba0c9a8c442c4fe__8ab16cb31ba0c9a8c442c4fe__SEG_0001__CH_001,142
8ae169052ffaa3df6b6f1b10__PDFV2__CH_0001,542
8ae169052ffaa3df6b6f1b10__PDFV2__CH_0002,652
8ae169052ffaa3df6b6f1b10__PDFV2__CH_0003,546
8ae169052ffaa3df6b6f1b10__PDFV2__CH_0004,224
8ae169052ffaa3df6b6f1b10__PDFV2__CH_0005,170
8ae169052ffaa3df6b6f1b10__PDFV2__CH_0006,78
8ae169052ffaa3df6b6f1b10__PDFV2__CH_0007,106
8ae169052ffaa3df6b6f1b10__PDFV2__CH_0008,334
8ae169052ffaa3df6b6f1b10__PDFV2__CH_0009,58
8ae169052ffaa3df6b6f1b10__PDFV2__CH_0010,229
8ae169052ffaa3df6b6f1b10__PDFV2__CH_0011,301
8ae169052ffaa3df6b6f1b10__PDFV2__CH_0012,143
8ae169052ffaa3df6b6f1b10__PDFV2__CH_0013,534
8ae169052ffaa3df6b6f1b10__PDFV2__CH_0014,683
8ae169052ffaa3df6b6f1b10__PDFV2__CH_0015,82
8ae169052ffaa3df6b6f1b10__PDFV2__CH_0016,187
8ae169052ffaa3df6b6f1b10__PDFV2__CH_0017,412
8ae169052ffaa3df6b6f1b10__PDFV2__CH_0018,266
8ae169052ffaa3df6b6f1b10__PDFV2__CH_0019,303
8ae169052ffaa3df6b6f1b10__PDFV2__CH_0020,552
8ae169052ffaa3df6b6f1b10__PDFV2__CH_0021,109
8ae169052ffaa3df6b6f1b10__PDFV2__CH_0022,463
8ae169052ffaa3df6b6f1b10__PDFV2__CH_0023,386
8ae169052ffaa3df6b6f1b10__PDFV2__CH_0024,584
8ae169052ffaa3df6b6f1b10__PDFV2__CH_0025,95
8ae95da91d67b6f863159108__8ae95da91d67b6f863159108__SEG_0001__CH_002,61
8ae95da91d67b6f863159108__8ae95da91d67b6f863159108__SEG_0001__CH_004,190
8ae95da91d67b6f863159108__8ae95da91d67b6f863159108__SEG_0001__CH_005,52
8ae95da91d67b6f863159108__8ae95da91d67b6f863159108__SEG_0001__CH_006,591
8ae95da91d67b6f863159108__8ae95da91d67b6f863159108__SEG_0001__CH_007,29
8ae95da91d67b6f863159108__8ae95da91d67b6f863159108__SEG_0001__CH_008,134
8ae95da91d67b6f863159108__8ae95da91d67b6f863159108__SEG_0001__CH_009,265
8ae95da91d67b6f863159108__8ae95da91d67b6f863159108__SEG_0001__CH_010,782
8af3dcbd98c0be360b90d25c__8af3dcbd98c0be360b90d25c__SEG_0001__CH_002,125
8b0a4528a8943c5ca6ad1f39__8b0a4528a8943c5ca6ad1f39__SEG_0001__CH_001__M,702
8b0a4528a8943c5ca6ad1f39__8b0a4528a8943c5ca6ad1f39__SEG_0001__CH_003,720
8b0a4528a8943c5ca6ad1f39__8b0a4528a8943c5ca6ad1f39__SEG_0001__CH_004,433
8b0ea7eaf0e80929dd490e03__PDFV2__CH_0001,489
8b0ea7eaf0e80929dd490e03__PDFV2__CH_0002,436
8b0ea7eaf0e80929dd490e03__PDFV2__CH_0003,430
8b0ea7eaf0e80929dd490e03__PDFV2__CH_0004,140
8b0ea7eaf0e80929dd490e03__PDFV2__CH_0005,354
8b0ea7eaf0e80929dd490e03__PDFV2__CH_0006,321
8b0ea7eaf0e80929dd490e03__PDFV2__CH_0007,302
8b0ea7eaf0e80929dd490e03__PDFV2__CH_0008,622
8b0ea7eaf0e80929dd490e03__PDFV2__CH_0009,55
8b0ea7eaf0e80929dd490e03__PDFV2__CH_0010,45
8b0ea7eaf0e80929dd490e03__PDFV2__CH_0011,91
8b0ea7eaf0e80929dd490e03__PDFV2__CH_0012,361
8b0ea7eaf0e80929dd490e03__PDFV2__CH_0013,23
8b0ea7eaf0e80929dd490e03__PDFV2__CH_0014,289
8b418f1d2adab3c158396e42__PDFV2__CH_0001,350
8b418f1d2adab3c158396e42__PDFV2__CH_0002,399
8b418f1d2adab3c158396e42__PDFV2__CH_0003,338
8b418f1d2adab3c158396e42__PDFV2__CH_0004,400
8b418f1d2adab3c158396e42__PDFV2__CH_0005,70
8b418f1d2adab3c158396e42__PDFV2__CH_0006,187
8b418f1d2adab3c158396e42__PDFV2__CH_0007,232
8b418f1d2adab3c158396e42__PDFV2__CH_0008,192
8b418f1d2adab3c158396e42__PDFV2__CH_0009,315
8b418f1d2adab3c158396e42__PDFV2__CH_0010,368
8b418f1d2adab3c158396e42__PDFV2__CH_0011,50
8b418f1d2adab3c158396e42__PDFV2__CH_0012,292
8b418f1d2adab3c158396e42__PDFV2__CH_0013,499
8b418f1d2adab3c158396e42__PDFV2__CH_0014,365
8b4406e6b7c39b2339dbf362__8b4406e6b7c39b2339dbf362__SEG_0001__CH_001,120
8b51f4fc4f4ba8057862542d__8b51f4fc4f4ba8057862542d__SEG_0001__CH_001,116
8b593259d9d1c3801bfa9ffd__8b593259d9d1c3801bfa9ffd__SEG_0001__CH_001,855
8b593259d9d1c3801bfa9ffd__8b593259d9d1c3801bfa9ffd__SEG_0001__CH_002,860
8b593259d9d1c3801bfa9ffd__8b593259d9d1c3801bfa9ffd__SEG_0001__CH_004,781
8b593259d9d1c3801bfa9ffd__8b593259d9d1c3801bfa9ffd__SEG_0001__CH_005,418
8b809683ed10f457f58ed9d6__8b809683ed10f457f58ed9d6__SEG_0001__CH_001,379
8b809683ed10f457f58ed9d6__8b809683ed10f457f58ed9d6__SEG_0001__CH_002,729
8b809683ed10f457f58ed9d6__8b809683ed10f457f58ed9d6__SEG_0001__CH_003,475
8b809683ed10f457f58ed9d6__8b809683ed10f457f58ed9d6__SEG_0001__CH_004,729
8b996aa5b87ff577db9ebcd6__8b996aa5b87ff577db9ebcd6__SEG_0001__CH_001,1075
8bcb6255a9c5b7ed836b54bf__PDFV2__CH_0005,91
8bcb6255a9c5b7ed836b54bf__PDFV2__CH_0006,62
8bcb6255a9c5b7ed836b54bf__PDFV2__CH_0007,140
8bcb6255a9c5b7ed836b54bf__PDFV2__CH_0008,301
8bce1189428a6aa95b9466c4__PDFV2__CH_0001,228
8bce1189428a6aa95b9466c4__PDFV2__CH_0002,119
8bce1189428a6aa95b9466c4__PDFV2__CH_0003,344
8bce1189428a6aa95b9466c4__PDFV2__CH_0004,223
8bce1189428a6aa95b9466c4__PDFV2__CH_0005,266
8bce1189428a6aa95b9466c4__PDFV2__CH_0006,401
8bce1189428a6aa95b9466c4__PDFV2__CH_0007,308
8bce1189428a6aa95b9466c4__PDFV2__CH_0008,233
8c1aa157b5b0f04da80a6af7__8c1aa157b5b0f04da80a6af7__SEG_0001__CH_002,403
8c27cd277531d32693596f39__PDFV2__CH_0001,294
8c27cd277531d32693596f39__PDFV2__CH_0002,507
8c27cd277531d32693596f39__PDFV2__CH_0003,342
8c3021bd29af7ea27969b4e9__8c3021bd29af7ea27969b4e9__SEG_0001__CH_001__M,699
8c3021bd29af7ea27969b4e9__8c3021bd29af7ea27969b4e9__SEG_0001__CH_003,165
8c832ab61f03312c5a7d2992__8c832ab61f03312c5a7d2992__SEG_0001__CH_001,417
8ca49d7d706b661562ddf2d2__8ca49d7d706b661562ddf2d2__SEG_0001__CH_001,110
8cdcc38264f2e9866a946cea__PDFV2__CH_0001,456
8cdcc38264f2e9866a946cea__PDFV2__CH_0002,741
8cdcc38264f2e9866a946cea__PDFV2__CH_0003,446
8cdcc38264f2e9866a946cea__PDFV2__CH_0004,657
8cdcc38264f2e9866a946cea__PDFV2__CH_0005,529
8cdcc38264f2e9866a946cea__PDFV2__CH_0006,480
8cdcc38264f2e9866a946cea__PDFV2__CH_0008,668
8cdcc38264f2e9866a946cea__PDFV2__CH_0009,392
8ce5025b818458d4242da2a1__PDFV2__CH_0002,79
8ce5025b818458d4242da2a1__PDFV2__CH_0003,260
8ce5025b818458d4242da2a1__PDFV2__CH_0004,132
8ce5025b818458d4242da2a1__PDFV2__CH_0005,246
8ce5025b818458d4242da2a1__PDFV2__CH_0006,126
8ce5025b818458d4242da2a1__PDFV2__CH_0007,223
8ce5025b818458d4242da2a1__PDFV2__CH_0008,148
8ce5025b818458d4242da2a1__PDFV2__CH_0009,60
8d0bf375a603df8ac1d7dbff__8d0bf375a603df8ac1d7dbff__SEG_0001__CH_001,370
8d0bf375a603df8ac1d7dbff__8d0bf375a603df8ac1d7dbff__SEG_0001__CH_002,328
8d0bf375a603df8ac1d7dbff__8d0bf375a603df8ac1d7dbff__SEG_0001__CH_003,400
8d0bf375a603df8ac1d7dbff__8d0bf375a603df8ac1d7dbff__SEG_0001__CH_004,282
8d1c597a83fdab9c0cf9f7b5__PDFV2__CH_0002,133
8d1c597a83fdab9c0cf9f7b5__PDFV2__CH_0003,300
8d1c597a83fdab9c0cf9f7b5__PDFV2__CH_0004,112
8d1c597a83fdab9c0cf9f7b5__PDFV2__CH_0005,126
8d1c597a83fdab9c0cf9f7b5__PDFV2__CH_0006,320
8d1c597a83fdab9c0cf9f7b5__PDFV2__CH_0007,159
8d1c597a83fdab9c0cf9f7b5__PDFV2__CH_0008,466
8d9333316ffc588df1834b29__8d9333316ffc588df1834b29__SEG_0001__CH_001,70
8d9333316ffc588df1834b29__8d9333316ffc588df1834b29__SEG_0001__CH_002,43
8dbb6385fa2a99172c88f33f__8dbb6385fa2a99172c88f33f__SEG_0001__CH_002,26
8dbb6385fa2a99172c88f33f__8dbb6385fa2a99172c88f33f__SEG_0001__CH_003,52
8df98bb1cc2222d1eb5262d5__8df98bb1cc2222d1eb5262d5__SEG_0001__CH_003,387
8df98bb1cc2222d1eb5262d5__8df98bb1cc2222d1eb5262d5__SEG_0001__CH_004,259
8df98bb1cc2222d1eb5262d5__8df98bb1cc2222d1eb5262d5__SEG_0001__CH_005,608
8e289638aab746fa66f1273d__8e289638aab746fa66f1273d__SEG_0001__CH_001,226
8e289638aab746fa66f1273d__8e289638aab746fa66f1273d__SEG_0001__CH_002__M,663
8e289638aab746fa66f1273d__8e289638aab746fa66f1273d__SEG_0001__CH_004,407
8e289638aab746fa66f1273d__8e289638aab746fa66f1273d__SEG_0001__CH_005,498
8e6a89787fb646859099ffb1__PDFV2__CH_0001,391
8e6a89787fb646859099ffb1__PDFV2__CH_0002,397
8e6a89787fb646859099ffb1__PDFV2__CH_0003,170
8e6c9e1e83314d2fde77469c__8e6c9e1e83314d2fde77469c__SEG_0001__CH_001,616
8e6c9e1e83314d2fde77469c__8e6c9e1e83314d2fde77469c__SEG_0001__CH_002,266
8eb6cb862d161b55e4d9dbca__PDFV2__CH_0001,307
8eb6cb862d161b55e4d9dbca__PDFV2__CH_0002,317
8eb6cb862d161b55e4d9dbca__PDFV2__CH_0003,164
8efa648f0299a1ec62794196__8efa648f0299a1ec62794196__SEG_0001__CH_001,346
8f04adae15aec1c4fc11f12b__8f04adae15aec1c4fc11f12b__SEG_0001__CH_001,157
8f125d0c476c021532c16bc6__8f125d0c476c021532c16bc6__SEG_0001__CH_001,128
8f125d0c476c021532c16bc6__8f125d0c476c021532c16bc6__SEG_0001__CH_002,78
8f23c5bdcbaf051439252b11__8f23c5bdcbaf051439252b11__SEG_0001__CH_001,173
8f23c5bdcbaf051439252b11__8f23c5bdcbaf051439252b11__SEG_0001__CH_002,133
8f2c86eea069d8b99e625b83__8f2c86eea069d8b99e625b83__SEG_0001__CH_001,235
8f2c86eea069d8b99e625b83__8f2c86eea069d8b99e625b83__SEG_0001__CH_002,99
8f45f152da9439fdc1245d0b__8f45f152da9439fdc1245d0b__SEG_0001__CH_001,193
8f45f152da9439fdc1245d0b__8f45f152da9439fdc1245d0b__SEG_0001__CH_002,72
8f45f152da9439fdc1245d0b__8f45f152da9439fdc1245d0b__SEG_0001__CH_003,1175
8f45f152da9439fdc1245d0b__8f45f152da9439fdc1245d0b__SEG_0001__CH_004,215
8f5ecfa08d125a783cbb659e__8f5ecfa08d125a783cbb659e__SEG_0001__CH_002,892
8f5ecfa08d125a783cbb659e__8f5ecfa08d125a783cbb659e__SEG_0001__CH_003,983
9063efdfe2143cee9e1a1553__9063efdfe2143cee9e1a1553__SEG_0001__CH_001,332
9063efdfe2143cee9e1a1553__9063efdfe2143cee9e1a1553__SEG_0001__CH_002,132
90a459358971af172f433fdd__90a459358971af172f433fdd__SEG_0001__CH_001,319
90d2697ff1a22aa047d2ad9b__90d2697ff1a22aa047d2ad9b__SEG_0001__CH_002,247
91417936ec4ba77f0f3ce38b__91417936ec4ba77f0f3ce38b__SEG_0001__CH_001,112
91417936ec4ba77f0f3ce38b__91417936ec4ba77f0f3ce38b__SEG_0001__CH_002,125
91629eecec1b03d736f401e9__91629eecec1b03d736f401e9__SEG_0001__CH_001,287
91629eecec1b03d736f401e9__91629eecec1b03d736f401e9__SEG_0001__CH_002,145
92016cc9941fb106b18105e8__PDFV2__CH_0002,408
92016cc9941fb106b18105e8__PDFV2__CH_0003,379
922cb5db6a259aefeaa5f58a__922cb5db6a259aefeaa5f58a__SEG_0001__CH_001,202
922cb5db6a259aefeaa5f58a__922cb5db6a259aefeaa5f58a__SEG_0001__CH_002,244
922cb5db6a259aefeaa5f58a__922cb5db6a259aefeaa5f58a__SEG_0001__CH_003,135
922cb5db6a259aefeaa5f58a__922cb5db6a259aefeaa5f58a__SEG_0001__CH_005,45
922cb5db6a259aefeaa5f58a__922cb5db6a259aefeaa5f58a__SEG_0001__CH_006,84
92364b9b7d3c6ecda75a18d6__92364b9b7d3c6ecda75a18d6__SEG_0001__CH_001,333
92364b9b7d3c6ecda75a18d6__92364b9b7d3c6ecda75a18d6__SEG_0001__CH_002,187
92364b9b7d3c6ecda75a18d6__92364b9b7d3c6ecda75a18d6__SEG_0001__CH_003,154
92364b9b7d3c6ecda75a18d6__92364b9b7d3c6ecda75a18d6__SEG_0001__CH_004,70
92364b9b7d3c6ecda75a18d6__92364b9b7d3c6ecda75a18d6__SEG_0001__CH_005,115
927bba8f37474f69fd7663ec__927bba8f37474f69fd7663ec__SEG_0001__CH_002,1078
927bba8f37474f69fd7663ec__927bba8f37474f69fd7663ec__SEG_0001__CH_003__S1,852
927bba8f37474f69fd7663ec__927bba8f37474f69fd7663ec__SEG_0001__CH_003__S2,1026
92d78ed46107064e512af4f7__92d78ed46107064e512af4f7__SEG_0001__CH_001,2441
931443aa83c1b4233ba0b58d__PDFV2__CH_0001,386
931443aa83c1b4233ba0b58d__PDFV2__CH_0002__M,726
931443aa83c1b4233ba0b58d__PDFV2__CH_0004,181
931443aa83c1b4233ba0b58d__PDFV2__CH_0005,328
931443aa83c1b4233ba0b58d__PDFV2__CH_0006,155
9319311a5912ba7bbe92a86c__9319311a5912ba7bbe92a86c__SEG_0001__CH_001,199
9319311a5912ba7bbe92a86c__9319311a5912ba7bbe92a86c__SEG_0001__CH_002,108
933b50fe844ea219c1aa47cc__933b50fe844ea219c1aa47cc__SEG_0001__CH_001,98
933c704266b279e88a6dae81__PDFV2__CH_0001,466
933c704266b279e88a6dae81__PDFV2__CH_0002,369
933c704266b279e88a6dae81__PDFV2__CH_0003,404
933c704266b279e88a6dae81__PDFV2__CH_0004,259
938a2567db8d9bd7b9f26911__PDFV2__CH_0001,369
938a2567db8d9bd7b9f26911__PDFV2__CH_0003,238
938a2567db8d9bd7b9f26911__PDFV2__CH_0004,873
93908d21972edd422f7c7bed__93908d21972edd422f7c7bed__SEG_0001__CH_001,202
93908d21972edd422f7c7bed__93908d21972edd422f7c7bed__SEG_0001__CH_002,100
93908d21972edd422f7c7bed__93908d21972edd422f7c7bed__SEG_0001__CH_003,171
93aa4b894be507df58c851b7__93aa4b894be507df58c851b7__SEG_0001__CH_001,214
93aa4b894be507df58c851b7__93aa4b894be507df58c851b7__SEG_0001__CH_002,1129
93aa4b894be507df58c851b7__93aa4b894be507df58c851b7__SEG_0001__CH_003,653
945edc20d62c239273246ba1__945edc20d62c239273246ba1__SEG_0001__CH_001,269
949f5785b2de0619790de485__949f5785b2de0619790de485__SEG_0001__CH_002,2313
94a4abd6087cf7ed445d3597__PDFV2__CH_0002,717
94a4abd6087cf7ed445d3597__PDFV2__CH_0003,612
94a4abd6087cf7ed445d3597__PDFV2__CH_0004,47
94a4abd6087cf7ed445d3597__PDFV2__CH_0005,124
94a4abd6087cf7ed445d3597__PDFV2__CH_0006,500
94a4abd6087cf7ed445d3597__PDFV2__CH_0007,574
94a4abd6087cf7ed445d3597__PDFV2__CH_0008,564
94a4abd6087cf7ed445d3597__PDFV2__CH_0009,471
94a4abd6087cf7ed445d3597__PDFV2__CH_0010,404
94a4abd6087cf7ed445d3597__PDFV2__CH_0011,450
94a4abd6087cf7ed445d3597__PDFV2__CH_0012,536
94a4abd6087cf7ed445d3597__PDFV2__CH_0013,376
94a4abd6087cf7ed445d3597__PDFV2__CH_0014,256
94a4abd6087cf7ed445d3597__PDFV2__CH_0015,414
94a4abd6087cf7ed445d3597__PDFV2__CH_0016,350
94a4abd6087cf7ed445d3597__PDFV2__CH_0017,722
9508d0c9b439701cd2cf0751__9508d0c9b439701cd2cf0751__SEG_0001__CH_001,491
955d1ad9eb8fc0adbcf9a289__955d1ad9eb8fc0adbcf9a289__SEG_0001__CH_001,263
95602e81f4f43d1b145c8977__95602e81f4f43d1b145c8977__SEG_0001__CH_001,95
95ec057220de897629dc2b28__PDFV2__CH_0001,411
95ec057220de897629dc2b28__PDFV2__CH_0002,518
95ff80d60caafcaf25d29fe9__95ff80d60caafcaf25d29fe9__SEG_0001__CH_001,316
95ff80d60caafcaf25d29fe9__95ff80d60caafcaf25d29fe9__SEG_0001__CH_002,208
9638ca65bb448d2135d6902e__PDFV2__CH_0001,279
9638ca65bb448d2135d6902e__PDFV2__CH_0002,273
9638ca65bb448d2135d6902e__PDFV2__CH_0003,259
9638ca65bb448d2135d6902e__PDFV2__CH_0004,247
9638ca65bb448d2135d6902e__PDFV2__CH_0005,229
9638ca65bb448d2135d6902e__PDFV2__CH_0006,197
9638ca65bb448d2135d6902e__PDFV2__CH_0008,144
9638ca65bb448d2135d6902e__PDFV2__CH_0009,136
9638ca65bb448d2135d6902e__PDFV2__CH_0010,118
9638ca65bb448d2135d6902e__PDFV2__CH_0011,212
9638ca65bb448d2135d6902e__PDFV2__CH_0012,176
9648741269dfa80c5bbe75bf__PDFV2__CH_0001,213
9648741269dfa80c5bbe75bf__PDFV2__CH_0002,121
9648741269dfa80c5bbe75bf__PDFV2__CH_0003,306
9648741269dfa80c5bbe75bf__PDFV2__CH_0004,453
9648741269dfa80c5bbe75bf__PDFV2__CH_0005,262
9648741269dfa80c5bbe75bf__PDFV2__CH_0006,365
9648741269dfa80c5bbe75bf__PDFV2__CH_0007,370
9648741269dfa80c5bbe75bf__PDFV2__CH_0008,351
9648741269dfa80c5bbe75bf__PDFV2__CH_0011,199
9648741269dfa80c5bbe75bf__PDFV2__CH_0012,528
9648741269dfa80c5bbe75bf__PDFV2__CH_0013,359
9648741269dfa80c5bbe75bf__PDFV2__CH_0014,196
9648741269dfa80c5bbe75bf__PDFV2__CH_0015,607
9648741269dfa80c5bbe75bf__PDFV2__CH_0016,120
9648741269dfa80c5bbe75bf__PDFV2__CH_0017,305
9648741269dfa80c5bbe75bf__PDFV2__CH_0020,365
9648741269dfa80c5bbe75bf__PDFV2__CH_0021,316
9648741269dfa80c5bbe75bf__PDFV2__CH_0022,256
9648741269dfa80c5bbe75bf__PDFV2__CH_0023,282
9648741269dfa80c5bbe75bf__PDFV2__CH_0024,334
968d38a7d0bfcf06a1cfeffd__968d38a7d0bfcf06a1cfeffd__SEG_0001__CH_001__S1,1005
968d38a7d0bfcf06a1cfeffd__968d38a7d0bfcf06a1cfeffd__SEG_0001__CH_001__S2,560
968d38a7d0bfcf06a1cfeffd__968d38a7d0bfcf06a1cfeffd__SEG_0001__CH_001__S3,179
968d38a7d0bfcf06a1cfeffd__968d38a7d0bfcf06a1cfeffd__SEG_0001__CH_001__S4,318
968d38a7d0bfcf06a1cfeffd__968d38a7d0bfcf06a1cfeffd__SEG_0001__CH_001__S5,93
968d38a7d0bfcf06a1cfeffd__968d38a7d0bfcf06a1cfeffd__SEG_0001__CH_001__S6,198
96a80bccf5b98e946a9cd3ab__96a80bccf5b98e946a9cd3ab__SEG_0001__CH_001,554
96a80bccf5b98e946a9cd3ab__96a80bccf5b98e946a9cd3ab__SEG_0001__CH_002,614
96a80bccf5b98e946a9cd3ab__96a80bccf5b98e946a9cd3ab__SEG_0001__CH_003,563
96a80bccf5b98e946a9cd3ab__96a80bccf5b98e946a9cd3ab__SEG_0001__CH_004,1169
96a80bccf5b98e946a9cd3ab__96a80bccf5b98e946a9cd3ab__SEG_0001__CH_005,1230
96a80bccf5b98e946a9cd3ab__96a80bccf5b98e946a9cd3ab__SEG_0001__CH_006,190
973b865e7e6436af76b79276__PDFV2__CH_0013,158
97d224f6adaaf884f46eb844__PDFV2__CH_0003,353
97d224f6adaaf884f46eb844__PDFV2__CH_0004,100
97d224f6adaaf884f46eb844__PDFV2__CH_0005,336
97d224f6adaaf884f46eb844__PDFV2__CH_0006,401
97d224f6adaaf884f46eb844__PDFV2__CH_0007,200
97d224f6adaaf884f46eb844__PDFV2__CH_0008,209
97d224f6adaaf884f46eb844__PDFV2__CH_0009,306
97d224f6adaaf884f46eb844__PDFV2__CH_0010,527
97d224f6adaaf884f46eb844__PDFV2__CH_0011,524
97d224f6adaaf884f46eb844__PDFV2__CH_0012,154
97d224f6adaaf884f46eb844__PDFV2__CH_0013,39
97d224f6adaaf884f46eb844__PDFV2__CH_0014,565
97d224f6adaaf884f46eb844__PDFV2__CH_0015,111
97d224f6adaaf884f46eb844__PDFV2__CH_0016,646
97d224f6adaaf884f46eb844__PDFV2__CH_0018,336
97d224f6adaaf884f46eb844__PDFV2__CH_0019,354
97d224f6adaaf884f46eb844__PDFV2__CH_0020,457
97d224f6adaaf884f46eb844__PDFV2__CH_0021,519
97d224f6adaaf884f46eb844__PDFV2__CH_0022,300
97d224f6adaaf884f46eb844__PDFV2__CH_0023,581
97d224f6adaaf884f46eb844__PDFV2__CH_0024,316
97d224f6adaaf884f46eb844__PDFV2__CH_0025,276
97d224f6adaaf884f46eb844__PDFV2__CH_0026,227
97d224f6adaaf884f46eb844__PDFV2__CH_0027,203
97d224f6adaaf884f46eb844__PDFV2__CH_0028,131
97d224f6adaaf884f46eb844__PDFV2__CH_0029,264
97d224f6adaaf884f46eb844__PDFV2__CH_0030,318
97d81578b0221920571c8768__PDFV2__CH_0001,389
97d81578b0221920571c8768__PDFV2__CH_0002,239
97d81578b0221920571c8768__PDFV2__CH_0003,310
97d81578b0221920571c8768__PDFV2__CH_0004,407
97d81578b0221920571c8768__PDFV2__CH_0005,220
97d81578b0221920571c8768__PDFV2__CH_0006,309
97d81578b0221920571c8768__PDFV2__CH_0007,347
97d81578b0221920571c8768__PDFV2__CH_0008,478
98539201ca4b0dd389a2d272__98539201ca4b0dd389a2d272__SEG_0001__CH_002,226
98539201ca4b0dd389a2d272__98539201ca4b0dd389a2d272__SEG_0001__CH_003,103
98539201ca4b0dd389a2d272__98539201ca4b0dd389a2d272__SEG_0001__CH_004,463
98539201ca4b0dd389a2d272__98539201ca4b0dd389a2d272__SEG_0001__CH_005,456
98539201ca4b0dd389a2d272__98539201ca4b0dd389a2d272__SEG_0001__CH_006,294
98539201ca4b0dd389a2d272__98539201ca4b0dd389a2d272__SEG_0001__CH_007,1235
98539201ca4b0dd389a2d272__98539201ca4b0dd389a2d272__SEG_0001__CH_008,635
986ab18401f1c9b38ab2aae4__986ab18401f1c9b38ab2aae4__SEG_0001__CH_001,491
986ab18401f1c9b38ab2aae4__986ab18401f1c9b38ab2aae4__SEG_0001__CH_002,1609
986ab18401f1c9b38ab2aae4__986ab18401f1c9b38ab2aae4__SEG_0001__CH_003,293
988d13d804115bb5aadfbbc8__988d13d804115bb5aadfbbc8__SEG_0001__CH_002,528
988d13d804115bb5aadfbbc8__988d13d804115bb5aadfbbc8__SEG_0001__CH_003,528
988d13d804115bb5aadfbbc8__988d13d804115bb5aadfbbc8__SEG_0001__CH_004,252
989b1d7e8a340760b5bfba2f__989b1d7e8a340760b5bfba2f__SEG_0001__CH_001,232
989b1d7e8a340760b5bfba2f__989b1d7e8a340760b5bfba2f__SEG_0001__CH_002,388
989b1d7e8a340760b5bfba2f__989b1d7e8a340760b5bfba2f__SEG_0001__CH_003,378
98d219fc6ad9cd1fd358ed58__98d219fc6ad9cd1fd358ed58__SEG_0001__CH_001,3123
9960b3c9b8f398c626a848e6__PDFV2__CH_0007,103
9960b3c9b8f398c626a848e6__PDFV2__CH_0008,109
9960b3c9b8f398c626a848e6__PDFV2__CH_0009,107
9960b3c9b8f398c626a848e6__PDFV2__CH_0014,121
9960b3c9b8f398c626a848e6__PDFV2__CH_0015,94
9960b3c9b8f398c626a848e6__PDFV2__CH_0016,97
99d9a9fa110e9d56eb964b6b__PDFV2__CH_0001,393
99d9a9fa110e9d56eb964b6b__PDFV2__CH_0002,507
99d9a9fa110e9d56eb964b6b__PDFV2__CH_0003,358
99d9a9fa110e9d56eb964b6b__PDFV2__CH_0004,345
99d9a9fa110e9d56eb964b6b__PDFV2__CH_0005,558
99d9a9fa110e9d56eb964b6b__PDFV2__CH_0006,476
99d9a9fa110e9d56eb964b6b__PDFV2__CH_0007,253
99d9a9fa110e9d56eb964b6b__PDFV2__CH_0008,537
99d9a9fa110e9d56eb964b6b__PDFV2__CH_0009,512
99d9a9fa110e9d56eb964b6b__PDFV2__CH_0010,387
99d9a9fa110e9d56eb964b6b__PDFV2__CH_0011,325
99d9a9fa110e9d56eb964b6b__PDFV2__CH_0012,382
99d9a9fa110e9d56eb964b6b__PDFV2__CH_0013,397
99d9a9fa110e9d56eb964b6b__PDFV2__CH_0014,513
99d9a9fa110e9d56eb964b6b__PDFV2__CH_0015__M,656
99d9a9fa110e9d56eb964b6b__PDFV2__CH_0017,630
99d9a9fa110e9d56eb964b6b__PDFV2__CH_0018,530
99d9a9fa110e9d56eb964b6b__PDFV2__CH_0019,478
99d9a9fa110e9d56eb964b6b__PDFV2__CH_0020,598
99d9a9fa110e9d56eb964b6b__PDFV2__CH_0021,483
99d9a9fa110e9d56eb964b6b__PDFV2__CH_0022,466
99d9a9fa110e9d56eb964b6b__PDFV2__CH_0023,504
99d9a9fa110e9d56eb964b6b__PDFV2__CH_0024,455
99d9a9fa110e9d56eb964b6b__PDFV2__CH_0025,163
99d9a9fa110e9d56eb964b6b__PDFV2__CH_0026,517
99d9a9fa110e9d56eb964b6b__PDFV2__CH_0027,265
99d9a9fa110e9d56eb964b6b__PDFV2__CH_0028,276
99d9a9fa110e9d56eb964b6b__PDFV2__CH_0029,333
99d9a9fa110e9d56eb964b6b__PDFV2__CH_0030,62
99d9a9fa110e9d56eb964b6b__PDFV2__CH_0031,501
99d9a9fa110e9d56eb964b6b__PDFV2__CH_0032,327
99d9a9fa110e9d56eb964b6b__PDFV2__CH_0033,207
99d9a9fa110e9d56eb964b6b__PDFV2__CH_0034,290
99d9a9fa110e9d56eb964b6b__PDFV2__CH_0035,306
99d9a9fa110e9d56eb964b6b__PDFV2__CH_0036,354
99d9a9fa110e9d56eb964b6b__PDFV2__CH_0037,160
99d9a9fa110e9d56eb964b6b__PDFV2__CH_0038,249
99d9a9fa110e9d56eb964b6b__PDFV2__CH_0039,483
99d9a9fa110e9d56eb964b6b__PDFV2__CH_0040,451
99d9a9fa110e9d56eb964b6b__PDFV2__CH_0041,184
99d9a9fa110e9d56eb964b6b__PDFV2__CH_0042,408
99d9a9fa110e9d56eb964b6b__PDFV2__CH_0045,293
99d9a9fa110e9d56eb964b6b__PDFV2__CH_0046,307
99d9a9fa110e9d56eb964b6b__PDFV2__CH_0047,298
99d9a9fa110e9d56eb964b6b__PDFV2__CH_0048,288
99d9a9fa110e9d56eb964b6b__PDFV2__CH_0049,317
99dec21d26ef05a7fdca4c4b__PDFV2__CH_0001,607
99dec21d26ef05a7fdca4c4b__PDFV2__CH_0002,535
9a362649da0dbf27e711c1cb__PDFV2__CH_0001,170
9a362649da0dbf27e711c1cb__PDFV2__CH_0002,288
9a362649da0dbf27e711c1cb__PDFV2__CH_0003,310
9a362649da0dbf27e711c1cb__PDFV2__CH_0004,167
9a362649da0dbf27e711c1cb__PDFV2__CH_0005,215
9a362649da0dbf27e711c1cb__PDFV2__CH_0006,312
9a362649da0dbf27e711c1cb__PDFV2__CH_0007,122
9a362649da0dbf27e711c1cb__PDFV2__CH_0008,363
9a362649da0dbf27e711c1cb__PDFV2__CH_0009,176
9a362649da0dbf27e711c1cb__PDFV2__CH_0010,262
9a362649da0dbf27e711c1cb__PDFV2__CH_0011,272
9a362649da0dbf27e711c1cb__PDFV2__CH_0012,42
9a6b8faf1a49f61f55829c3d__9a6b8faf1a49f61f55829c3d__SEG_0001__CH_001,129
9a6b8faf1a49f61f55829c3d__9a6b8faf1a49f61f55829c3d__SEG_0001__CH_004,865
9a6b8faf1a49f61f55829c3d__9a6b8faf1a49f61f55829c3d__SEG_0001__CH_005,364
9a6b8faf1a49f61f55829c3d__9a6b8faf1a49f61f55829c3d__SEG_0001__CH_006,109
9aa6436b18eeba7120273e67__9aa6436b18eeba7120273e67__SEG_0001__CH_002,69
9ae15e3529be1865bf448e32__9ae15e3529be1865bf448e32__SEG_0001__CH_001,339
9ae15e3529be1865bf448e32__9ae15e3529be1865bf448e32__SEG_0001__CH_002,293
9ae15e3529be1865bf448e32__9ae15e3529be1865bf448e32__SEG_0001__CH_003,255
9ae15e3529be1865bf448e32__9ae15e3529be1865bf448e32__SEG_0001__CH_004,229
9ae15e3529be1865bf448e32__9ae15e3529be1865bf448e32__SEG_0001__CH_005,281
9b1486b7372867c029fdd92d__9b1486b7372867c029fdd92d__SEG_0001__CH_001,77
9b59c965314ec4de4b235cd8__PDFV2__CH_0001,451
9b59c965314ec4de4b235cd8__PDFV2__CH_0002,527
9b59c965314ec4de4b235cd8__PDFV2__CH_0003,268
9b59c965314ec4de4b235cd8__PDFV2__CH_0004,157
9b59c965314ec4de4b235cd8__PDFV2__CH_0005,254
9b59c965314ec4de4b235cd8__PDFV2__CH_0006,140
9b59c965314ec4de4b235cd8__PDFV2__CH_0007,182
9b59c965314ec4de4b235cd8__PDFV2__CH_0008,108
9b59c965314ec4de4b235cd8__PDFV2__CH_0010,132
9b59c965314ec4de4b235cd8__PDFV2__CH_0011,339
9b59c965314ec4de4b235cd8__PDFV2__CH_0012,108
9b59c965314ec4de4b235cd8__PDFV2__CH_0013,84
9b59c965314ec4de4b235cd8__PDFV2__CH_0014,122
9b59c965314ec4de4b235cd8__PDFV2__CH_0015,384
9b59c965314ec4de4b235cd8__PDFV2__CH_0016,127
9b59c965314ec4de4b235cd8__PDFV2__CH_0017,225
9b59c965314ec4de4b235cd8__PDFV2__CH_0018,208
9b59c965314ec4de4b235cd8__PDFV2__CH_0019,368
9b59c965314ec4de4b235cd8__PDFV2__CH_0020,161
9b59c965314ec4de4b235cd8__PDFV2__CH_0021,253
9b59c965314ec4de4b235cd8__PDFV2__CH_0022,310
9b59c965314ec4de4b235cd8__PDFV2__CH_0023,320
9b59c965314ec4de4b235cd8__PDFV2__CH_0024,194
9b59c965314ec4de4b235cd8__PDFV2__CH_0025,166
9b59c965314ec4de4b235cd8__PDFV2__CH_0026,88
9b59c965314ec4de4b235cd8__PDFV2__CH_0027,68
9b59c965314ec4de4b235cd8__PDFV2__CH_0028,613
9b59c965314ec4de4b235cd8__PDFV2__CH_0030,327
9b59c965314ec4de4b235cd8__PDFV2__CH_0031,587
9b59c965314ec4de4b235cd8__PDFV2__CH_0032,336
9b59c965314ec4de4b235cd8__PDFV2__CH_0033,451
9b59c965314ec4de4b235cd8__PDFV2__CH_0034,124
9b59c965314ec4de4b235cd8__PDFV2__CH_0035,237
9c10fead8dc5f46af93a55c3__9c10fead8dc5f46af93a55c3__SEG_0001__CH_001,459
9c25fcf409cd61540f8ad3c0__9c25fcf409cd61540f8ad3c0__SEG_0001__CH_001,203
9c25fcf409cd61540f8ad3c0__9c25fcf409cd61540f8ad3c0__SEG_0001__CH_002,183
9c47b2bd0733ff388586dec0__9c47b2bd0733ff388586dec0__SEG_0001__CH_001,73
9c47b2bd0733ff388586dec0__9c47b2bd0733ff388586dec0__SEG_0001__CH_002,360
9c47b2bd0733ff388586dec0__9c47b2bd0733ff388586dec0__SEG_0001__CH_003,403
9c47b2bd0733ff388586dec0__9c47b2bd0733ff388586dec0__SEG_0001__CH_004,364
9c47b2bd0733ff388586dec0__9c47b2bd0733ff388586dec0__SEG_0001__CH_005,113
9c47b2bd0733ff388586dec0__9c47b2bd0733ff388586dec0__SEG_0001__CH_006,362
9c47b2bd0733ff388586dec0__9c47b2bd0733ff388586dec0__SEG_0001__CH_007,641
9c47b2bd0733ff388586dec0__9c47b2bd0733ff388586dec0__SEG_0001__CH_008,219
9c9d0c71218e02939d7ff327__PDFV2__CH_0001,274
9c9d0c71218e02939d7ff327__PDFV2__CH_0002,280
9c9d0c71218e02939d7ff327__PDFV2__CH_0003,338
9c9d0c71218e02939d7ff327__PDFV2__CH_0004,259
9c9d0c71218e02939d7ff327__PDFV2__CH_0005,323
9c9d0c71218e02939d7ff327__PDFV2__CH_0006,394
9cb6b685f403d834735cb36d__9cb6b685f403d834735cb36d__SEG_0001__CH_001,296
9cb6b685f403d834735cb36d__9cb6b685f403d834735cb36d__SEG_0001__CH_002,264
9cb6b685f403d834735cb36d__9cb6b685f403d834735cb36d__SEG_0001__CH_003,246
9cb6b685f403d834735cb36d__9cb6b685f403d834735cb36d__SEG_0001__CH_004,144
9d10bfa970bc5a22ec2b345f__9d10bfa970bc5a22ec2b345f__SEG_0001__CH_002,345
9d1129f9bebb07390874737a__PDFV2__CH_0001,682
9d893ca35908e89370b181e9__9d893ca35908e89370b181e9__SEG_0001__CH_001,392
9d93a90995f2b8079a089276__PDFV2__CH_0007,479
9d93a90995f2b8079a089276__PDFV2__CH_0008__M,952
9d93a90995f2b8079a089276__PDFV2__CH_0010,675
9d93a90995f2b8079a089276__PDFV2__CH_0011,644
9d93a90995f2b8079a089276__PDFV2__CH_0012,634
9d93a90995f2b8079a089276__PDFV2__CH_0013,292
9d93a90995f2b8079a089276__PDFV2__CH_0014,90
9d93a90995f2b8079a089276__PDFV2__CH_0015__M,652
9d93a90995f2b8079a089276__PDFV2__CH_0017,384
9d93a90995f2b8079a089276__PDFV2__CH_0018,683
9d93a90995f2b8079a089276__PDFV2__CH_0019,644
9d93a90995f2b8079a089276__PDFV2__CH_0020__M,375
9d93a90995f2b8079a089276__PDFV2__CH_0022,151
9d93a90995f2b8079a089276__PDFV2__CH_0023,356
9d93a90995f2b8079a089276__PDFV2__CH_0024,909
9d93a90995f2b8079a089276__PDFV2__CH_0025,56
9d93a90995f2b8079a089276__PDFV2__CH_0026,336
9d93a90995f2b8079a089276__PDFV2__CH_0027,336
9d93a90995f2b8079a089276__PDFV2__CH_0028,150
9d93a90995f2b8079a089276__PDFV2__CH_0029,156
9d93a90995f2b8079a089276__PDFV2__CH_0030,175
9d93a90995f2b8079a089276__PDFV2__CH_0031,211
9d93a90995f2b8079a089276__PDFV2__CH_0032,74
9d93a90995f2b8079a089276__PDFV2__CH_0033,99
9d93a90995f2b8079a089276__PDFV2__CH_0034,397
9d93a90995f2b8079a089276__PDFV2__CH_0035,564
9d93a90995f2b8079a089276__PDFV2__CH_0036,403
9d93a90995f2b8079a089276__PDFV2__CH_0037,268
9d93a90995f2b8079a089276__PDFV2__CH_0038,357
9d93a90995f2b8079a089276__PDFV2__CH_0039,129
9d93a90995f2b8079a089276__PDFV2__CH_0040,196
9d93a90995f2b8079a089276__PDFV2__CH_0041,494
9d93a90995f2b8079a089276__PDFV2__CH_0042,231
9d93a90995f2b8079a089276__PDFV2__CH_0043,424
9d93a90995f2b8079a089276__PDFV2__CH_0044,462
9d93a90995f2b8079a089276__PDFV2__CH_0045,381
9d93a90995f2b8079a089276__PDFV2__CH_0046,225
9d93a90995f2b8079a089276__PDFV2__CH_0049,201
9d93a90995f2b8079a089276__PDFV2__CH_0050,104
9d93a90995f2b8079a089276__PDFV2__CH_0051,311
9d93a90995f2b8079a089276__PDFV2__CH_0052,229
9d93a90995f2b8079a089276__PDFV2__CH_0053,135
9d93a90995f2b8079a089276__PDFV2__CH_0054,331
9d93a90995f2b8079a089276__PDFV2__CH_0055,591
9d93a90995f2b8079a089276__PDFV2__CH_0056,911
9d93a90995f2b8079a089276__PDFV2__CH_0057,371
9d93a90995f2b8079a089276__PDFV2__CH_0058,481
9d93a90995f2b8079a089276__PDFV2__CH_0059,412
9d93a90995f2b8079a089276__PDFV2__CH_0060,431
9d93a90995f2b8079a089276__PDFV2__CH_0061,435
9d93a90995f2b8079a089276__PDFV2__CH_0062,286
9d93a90995f2b8079a089276__PDFV2__CH_0063__M,498
9d93a90995f2b8079a089276__PDFV2__CH_0065,282
9d93a90995f2b8079a089276__PDFV2__CH_0066,129
9d93a90995f2b8079a089276__PDFV2__CH_0067,193
9d93a90995f2b8079a089276__PDFV2__CH_0068,235
9d93a90995f2b8079a089276__PDFV2__CH_0069,346
9d93a90995f2b8079a089276__PDFV2__CH_0070,403
9d93a90995f2b8079a089276__PDFV2__CH_0071,286
9d93a90995f2b8079a089276__PDFV2__CH_0072,251
9d93a90995f2b8079a089276__PDFV2__CH_0073,424
9d93a90995f2b8079a089276__PDFV2__CH_0074,129
9d93a90995f2b8079a089276__PDFV2__CH_0075,258
9d93a90995f2b8079a089276__PDFV2__CH_0076,428
9d93a90995f2b8079a089276__PDFV2__CH_0077,241
9d93a90995f2b8079a089276__PDFV2__CH_0078,453
9d93a90995f2b8079a089276__PDFV2__CH_0079,179
9d93a90995f2b8079a089276__PDFV2__CH_0080,129
9d93a90995f2b8079a089276__PDFV2__CH_0081,205
9d93a90995f2b8079a089276__PDFV2__CH_0083,203
9d93a90995f2b8079a089276__PDFV2__CH_0084,158
9d93a90995f2b8079a089276__PDFV2__CH_0085,207
9d93a90995f2b8079a089276__PDFV2__CH_0086,212
9d93a90995f2b8079a089276__PDFV2__CH_0087,542
9d93a90995f2b8079a089276__PDFV2__CH_0088,143
9d93a90995f2b8079a089276__PDFV2__CH_0089,198
9d93a90995f2b8079a089276__PDFV2__CH_0090,326
9d93a90995f2b8079a089276__PDFV2__CH_0091,549
9d93a90995f2b8079a089276__PDFV2__CH_0092,217
9d93a90995f2b8079a089276__PDFV2__CH_0093,128
9d93a90995f2b8079a089276__PDFV2__CH_0094,286
9d93a90995f2b8079a089276__PDFV2__CH_0095,314
9d93a90995f2b8079a089276__PDFV2__CH_0096,689
9d93a90995f2b8079a089276__PDFV2__CH_0097,414
9d93a90995f2b8079a089276__PDFV2__CH_0098,530
9d93a90995f2b8079a089276__PDFV2__CH_0099,317
9d93a90995f2b8079a089276__PDFV2__CH_0100,263
9d93a90995f2b8079a089276__PDFV2__CH_0101,306
9d93a90995f2b8079a089276__PDFV2__CH_0102,345
9d93a90995f2b8079a089276__PDFV2__CH_0103,56
9d93a90995f2b8079a089276__PDFV2__CH_0104,417
9d93a90995f2b8079a089276__PDFV2__CH_0105,81
9d93a90995f2b8079a089276__PDFV2__CH_0106,268
9d93a90995f2b8079a089276__PDFV2__CH_0107,127
9d93a90995f2b8079a089276__PDFV2__CH_0108,191
9d93a90995f2b8079a089276__PDFV2__CH_0109__M,390
9d93a90995f2b8079a089276__PDFV2__CH_0111,389
9d93a90995f2b8079a089276__PDFV2__CH_0112,438
9d93a90995f2b8079a089276__PDFV2__CH_0113,377
9d93a90995f2b8079a089276__PDFV2__CH_0114__M,409
9d93a90995f2b8079a089276__PDFV2__CH_0116,269
9d93a90995f2b8079a089276__PDFV2__CH_0117,228
9d93a90995f2b8079a089276__PDFV2__CH_0118__M,883
9d93a90995f2b8079a089276__PDFV2__CH_0121,218
9d93a90995f2b8079a089276__PDFV2__CH_0122,186
9d93a90995f2b8079a089276__PDFV2__CH_0123,534
9d93a90995f2b8079a089276__PDFV2__CH_0124,219
9d93a90995f2b8079a089276__PDFV2__CH_0125,247
9d93a90995f2b8079a089276__PDFV2__CH_0126,471
9d93a90995f2b8079a089276__PDFV2__CH_0127,404
9d93a90995f2b8079a089276__PDFV2__CH_0128,149
9d93a90995f2b8079a089276__PDFV2__CH_0129,207
9d93a90995f2b8079a089276__PDFV2__CH_0130,481
9d93a90995f2b8079a089276__PDFV2__CH_0131,512
9d93a90995f2b8079a089276__PDFV2__CH_0132,162
9d93a90995f2b8079a089276__PDFV2__CH_0133,722
9d93a90995f2b8079a089276__PDFV2__CH_0134,84
9d93a90995f2b8079a089276__PDFV2__CH_0135,287
9d93a90995f2b8079a089276__PDFV2__CH_0136,546
9d93a90995f2b8079a089276__PDFV2__CH_0137,516
9d93a90995f2b8079a089276__PDFV2__CH_0138,333
9d93a90995f2b8079a089276__PDFV2__CH_0139,111
9d93a90995f2b8079a089276__PDFV2__CH_0140,602
9d93a90995f2b8079a089276__PDFV2__CH_0141,482
9d93a90995f2b8079a089276__PDFV2__CH_0142,420
9d93a90995f2b8079a089276__PDFV2__CH_0143,95
9d93a90995f2b8079a089276__PDFV2__CH_0144,518
9d93a90995f2b8079a089276__PDFV2__CH_0145__M,563
9d93a90995f2b8079a089276__PDFV2__CH_0147,306
9d93a90995f2b8079a089276__PDFV2__CH_0149,277
9d93a90995f2b8079a089276__PDFV2__CH_0150,645
9d93a90995f2b8079a089276__PDFV2__CH_0151,459
9d93a90995f2b8079a089276__PDFV2__CH_0152,199
9d93a90995f2b8079a089276__PDFV2__CH_0153,222
9d93a90995f2b8079a089276__PDFV2__CH_0154,162
9d93a90995f2b8079a089276__PDFV2__CH_0155,55
9d93a90995f2b8079a089276__PDFV2__CH_0156,156
9d93a90995f2b8079a089276__PDFV2__CH_0157,120
9d93a90995f2b8079a089276__PDFV2__CH_0158__M,561
9d93a90995f2b8079a089276__PDFV2__CH_0160,225
9d93a90995f2b8079a089276__PDFV2__CH_0161__M,607
9d93a90995f2b8079a089276__PDFV2__CH_0163,192
9d93a90995f2b8079a089276__PDFV2__CH_0164,423
9d93a90995f2b8079a089276__PDFV2__CH_0165,156
9d93a90995f2b8079a089276__PDFV2__CH_0166,108
9d93a90995f2b8079a089276__PDFV2__CH_0167,293
9d93a90995f2b8079a089276__PDFV2__CH_0168,79
9d93a90995f2b8079a089276__PDFV2__CH_0169,529
9d93a90995f2b8079a089276__PDFV2__CH_0170,319
9d93a90995f2b8079a089276__PDFV2__CH_0171,234
9d93a90995f2b8079a089276__PDFV2__CH_0172,199
9d93a90995f2b8079a089276__PDFV2__CH_0173,342
9d93a90995f2b8079a089276__PDFV2__CH_0174,161
9d93a90995f2b8079a089276__PDFV2__CH_0175,290
9d93a90995f2b8079a089276__PDFV2__CH_0176,336
9d93a90995f2b8079a089276__PDFV2__CH_0177,489
9d93a90995f2b8079a089276__PDFV2__CH_0178,326
9d93a90995f2b8079a089276__PDFV2__CH_0179,395
9d93a90995f2b8079a089276__PDFV2__CH_0180,607
9d93a90995f2b8079a089276__PDFV2__CH_0181,489
9d93a90995f2b8079a089276__PDFV2__CH_0182,537
9d93a90995f2b8079a089276__PDFV2__CH_0183,387
9d93a90995f2b8079a089276__PDFV2__CH_0184,197
9d93a90995f2b8079a089276__PDFV2__CH_0185,338
9d93a90995f2b8079a089276__PDFV2__CH_0186,244
9d93a90995f2b8079a089276__PDFV2__CH_0187,369
9d93a90995f2b8079a089276__PDFV2__CH_0188,238
9d93a90995f2b8079a089276__PDFV2__CH_0189,157
9d93a90995f2b8079a089276__PDFV2__CH_0190,141
9d93a90995f2b8079a089276__PDFV2__CH_0191,165
9d93a90995f2b8079a089276__PDFV2__CH_0192,169
9d93a90995f2b8079a089276__PDFV2__CH_0193,168
9d93a90995f2b8079a089276__PDFV2__CH_0194,224
9d93a90995f2b8079a089276__PDFV2__CH_0195,214
9d93a90995f2b8079a089276__PDFV2__CH_0196,285
9d93a90995f2b8079a089276__PDFV2__CH_0197,344
9d93a90995f2b8079a089276__PDFV2__CH_0198,564
9d93a90995f2b8079a089276__PDFV2__CH_0199,662
9d93a90995f2b8079a089276__PDFV2__CH_0200,80
9d93a90995f2b8079a089276__PDFV2__CH_0201,53
9d93a90995f2b8079a089276__PDFV2__CH_0202__M,84
9d93a90995f2b8079a089276__PDFV2__CH_0204,590
9d93a90995f2b8079a089276__PDFV2__CH_0206,551
9d93a90995f2b8079a089276__PDFV2__CH_0207,157
9d93a90995f2b8079a089276__PDFV2__CH_0208,144
9d93a90995f2b8079a089276__PDFV2__CH_0209,56
9d93a90995f2b8079a089276__PDFV2__CH_0219,214
9d93a90995f2b8079a089276__PDFV2__CH_0220,241
9d93a90995f2b8079a089276__PDFV2__CH_0221,258
9d93a90995f2b8079a089276__PDFV2__CH_0222,161
9d93a90995f2b8079a089276__PDFV2__CH_0223,601
9d93a90995f2b8079a089276__PDFV2__CH_0230,215
9d93a90995f2b8079a089276__PDFV2__CH_0231,1116
9d93a90995f2b8079a089276__PDFV2__CH_0232,257
9d93a90995f2b8079a089276__PDFV2__CH_0233,439
9d93a90995f2b8079a089276__PDFV2__CH_0234,347
9d93a90995f2b8079a089276__PDFV2__CH_0235,51
9d93a90995f2b8079a089276__PDFV2__CH_0236,286
9d93a90995f2b8079a089276__PDFV2__CH_0237,337
9d93a90995f2b8079a089276__PDFV2__CH_0238,57
9d93a90995f2b8079a089276__PDFV2__CH_0239,357
9d93a90995f2b8079a089276__PDFV2__CH_0240,214
9d93a90995f2b8079a089276__PDFV2__CH_0241,78
9d93a90995f2b8079a089276__PDFV2__CH_0242,47
9d93a90995f2b8079a089276__PDFV2__CH_0243,78
9d93a90995f2b8079a089276__PDFV2__CH_0244,326
9d93a90995f2b8079a089276__PDFV2__CH_0245,67
9d93a90995f2b8079a089276__PDFV2__CH_0247,499
9d93a90995f2b8079a089276__PDFV2__CH_0248,540
9d93a90995f2b8079a089276__PDFV2__CH_0249,255
9d93a90995f2b8079a089276__PDFV2__CH_0250,319
9d93a90995f2b8079a089276__PDFV2__CH_0251,275
9d93a90995f2b8079a089276__PDFV2__CH_0252,341
9d93a90995f2b8079a089276__PDFV2__CH_0253,471
9d93a90995f2b8079a089276__PDFV2__CH_0254,240
9dea0482fbb40b7817ec902b__9dea0482fbb40b7817ec902b__SEG_0001__CH_001,167
9e3bcfe0d2ab85a4fb64ded0__9e3bcfe0d2ab85a4fb64ded0__SEG_0001__CH_001,76
9e536351574cef07ffae79ef__PDFV2__CH_0001,526
9e536351574cef07ffae79ef__PDFV2__CH_0002,431
9e536351574cef07ffae79ef__PDFV2__CH_0003,932
9e536351574cef07ffae79ef__PDFV2__CH_0004,488
9e5d273fb78f1afdf04b8172__9e5d273fb78f1afdf04b8172__SEG_0001__CH_001,287
9e5d273fb78f1afdf04b8172__9e5d273fb78f1afdf04b8172__SEG_0001__CH_002,885
9efea0fd000dc296765920d4__9efea0fd000dc296765920d4__SEG_0001__CH_001,184
9f04fc2e6f42afa9ab812e56__9f04fc2e6f42afa9ab812e56__SEG_0001__CH_001,1545
9f33ea45ed0cc5a240120ade__PDFV2__CH_0001,414
9f33ea45ed0cc5a240120ade__PDFV2__CH_0002,271
9f33ea45ed0cc5a240120ade__PDFV2__CH_0003,310
9f33ea45ed0cc5a240120ade__PDFV2__CH_0005,439
9f33ea45ed0cc5a240120ade__PDFV2__CH_0006,238
9f33ea45ed0cc5a240120ade__PDFV2__CH_0007,291
9f33ea45ed0cc5a240120ade__PDFV2__CH_0008,464
9f33ea45ed0cc5a240120ade__PDFV2__CH_0009,299
9f33ea45ed0cc5a240120ade__PDFV2__CH_0010,435
9f33ea45ed0cc5a240120ade__PDFV2__CH_0011,533
9f33ea45ed0cc5a240120ade__PDFV2__CH_0012,298
9f33ea45ed0cc5a240120ade__PDFV2__CH_0013,411
9f33ea45ed0cc5a240120ade__PDFV2__CH_0014,260
9f33ea45ed0cc5a240120ade__PDFV2__CH_0015,263
9f33ea45ed0cc5a240120ade__PDFV2__CH_0020,301
9f33ea45ed0cc5a240120ade__PDFV2__CH_0021,398
9f33ea45ed0cc5a240120ade__PDFV2__CH_0022,293
9f3912f7d21022beeec4ec7b__9f3912f7d21022beeec4ec7b__SEG_0001__CH_001,232
9f3912f7d21022beeec4ec7b__9f3912f7d21022beeec4ec7b__SEG_0001__CH_002,135
9f582fcf2719fe451f21bb22__9f582fcf2719fe451f21bb22__SEG_0001__CH_001,283
9f582fcf2719fe451f21bb22__9f582fcf2719fe451f21bb22__SEG_0001__CH_002,97
9fa239e6cb58ebf76f8aa2e4__PDFV2__CH_0001,79
9fa239e6cb58ebf76f8aa2e4__PDFV2__CH_0002,215
9fa239e6cb58ebf76f8aa2e4__PDFV2__CH_0003,484
9fa239e6cb58ebf76f8aa2e4__PDFV2__CH_0004,434
9faa6663c5fb5582151d83dc__9faa6663c5fb5582151d83dc__SEG_0001__CH_001,411
9faa6663c5fb5582151d83dc__9faa6663c5fb5582151d83dc__SEG_0001__CH_002,440
9faa6663c5fb5582151d83dc__9faa6663c5fb5582151d83dc__SEG_0001__CH_003__M,825
9fae9bce9e81b895562cb376__9fae9bce9e81b895562cb376__SEG_0001__CH_001,727
9fae9bce9e81b895562cb376__9fae9bce9e81b895562cb376__SEG_0001__CH_002,600
9fae9bce9e81b895562cb376__9fae9bce9e81b895562cb376__SEG_0001__CH_003,571
9fae9bce9e81b895562cb376__9fae9bce9e81b895562cb376__SEG_0001__CH_004,272
ADDLESHAW_BID_RIGGING_AI__ADDLESHAW_BID_RIGGING_AI__SEG_0001__CH_002,98
ADDLESHAW_BID_RIGGING_AI__ADDLESHAW_BID_RIGGING_AI__SEG_0001__CH_003,131
ADDLESHAW_BID_RIGGING_AI__ADDLESHAW_BID_RIGGING_AI__SEG_0001__CH_005,123
ADDLESHAW_BID_RIGGING_AI__ADDLESHAW_BID_RIGGING_AI__SEG_0001__CH_006,245
ADDLESHAW_BID_RIGGING_AI__ADDLESHAW_BID_RIGGING_AI__SEG_0001__CH_007,312
ADDLESHAW_BID_RIGGING_AI__ADDLESHAW_BID_RIGGING_AI__SEG_0001__CH_008,317
ADDLESHAW_FIRST_PA23_CASE__ADDLESHAW_FIRST_PA23_CASE__SEG_0001__CH_001,660
CMA_BID_RIGGING_PROCURERS__CMA_BID_RIGGING_PROCURERS__SEG_0001__CH_001,127
CMA_BID_RIGGING_PROCURERS__CMA_BID_RIGGING_PROCURERS__SEG_0001__CH_003,274
CMA_BID_RIGGING_PROCURERS__CMA_BID_RIGGING_PROCURERS__SEG_0001__CH_004,252
CMA_COMPETITION_PUBLIC_AUTHORITIES__CMA_COMPETITION_PUBLIC_AUTHORITIES__SEG_0001__CH_001,449
CMA_COMPETITION_PUBLIC_AUTHORITIES__CMA_COMPETITION_PUBLIC_AUTHORITIES__SEG_0001__CH_002,337
CMA_COMPETITION_PUBLIC_AUTHORITIES__CMA_COMPETITION_PUBLIC_AUTHORITIES__SEG_0001__CH_003,442
CMA_COMPETITION_PUBLIC_AUTHORITIES__CMA_COMPETITION_PUBLIC_AUTHORITIES__SEG_0001__CH_004,1026
CMA_COMPETITION_PUBLIC_AUTHORITIES__CMA_COMPETITION_PUBLIC_AUTHORITIES__SEG_0001__CH_005,772
CMA_COMPETITION_PUBLIC_AUTHORITIES__CMA_COMPETITION_PUBLIC_AUTHORITIES__SEG_0001__CH_006,737
CMA_PA23_EXCLUSION_DEBARMENT__CMA_PA23_EXCLUSION_DEBARMENT__SEG_0001__CH_001,1626
CMA_PA23_EXCLUSION_DEBARMENT__CMA_PA23_EXCLUSION_DEBARMENT__SEG_0001__CH_002,910
CMA_PA23_EXCLUSION_DEBARMENT__CMA_PA23_EXCLUSION_DEBARMENT__SEG_0001__CH_003,898
GOVUK_NSUP__GOVUK_NSUP__SEG_0001__CH_001,222
GOVUK_NSUP__GOVUK_NSUP__SEG_0001__CH_002,240
GOVUK_NSUP__GOVUK_NSUP__SEG_0001__CH_003,215
GOVUK_NSUP__GOVUK_NSUP__SEG_0001__CH_004,516
GOVUK_PROCUREMENT_COMPLIANCE_OVERSIGHT__GOVUK_PROCUREMENT_COMPLIANCE_OVERSIGHT__SEG_0001__CH_002,452
GOVUK_PROCUREMENT_COMPLIANCE_OVERSIGHT__GOVUK_PROCUREMENT_COMPLIANCE_OVERSIGHT__SEG_0001__CH_003,1473
ICO_EIR_12_5_E__ICO_EIR_12_5_E__SEG_0001__CH_002,1055
ICO_EIR_12_5_E__ICO_EIR_12_5_E__SEG_0001__CH_003,4498
ICO_EIR_12_5_E__ICO_EIR_12_5_E__SEG_0002__CH_001,3143
ICO_EIR_12_5_E__ICO_EIR_12_5_E__SEG_0002__CH_002,198
ICO_EIR_12_5_E__ICO_EIR_12_5_E__SEG_0002__CH_003,223
ICO_FOIA_SECTION_43__ICO_FOIA_SECTION_43__SEG_0001__CH_001,473
ICO_FOIA_SECTION_43__ICO_FOIA_SECTION_43__SEG_0001__CH_002,633
ICO_FOIA_SECTION_43__ICO_FOIA_SECTION_43__SEG_0001__CH_003,1065
ICO_FOIA_SECTION_43__ICO_FOIA_SECTION_43__SEG_0001__CH_004,2348
ICO_FOIA_SECTION_43__ICO_FOIA_SECTION_43__SEG_0001__CH_005,2245
ICO_FOIA_SECTION_43__ICO_FOIA_SECTION_43__SEG_0001__CH_006,2980
ICO_OUTSOURCING_FOIA_EIR__ICO_OUTSOURCING_FOIA_EIR__SEG_0001__CH_002,436
ICO_OUTSOURCING_FOIA_EIR__ICO_OUTSOURCING_FOIA_EIR__SEG_0001__CH_003,1304
ICO_OUTSOURCING_FOIA_EIR__ICO_OUTSOURCING_FOIA_EIR__SEG_0001__CH_004,3351
ICO_OUTSOURCING_FOIA_EIR__ICO_OUTSOURCING_FOIA_EIR__SEG_0001__CH_005,1060
ICO_OUTSOURCING_FOIA_EIR__ICO_OUTSOURCING_FOIA_EIR__SEG_0001__CH_006,2005
PA23_NATIONAL_SECURITY_EXCLUSIONS_ANNEX__PA23_NATIONAL_SECURITY_EXCLUSIONS_ANNEX__SEG_0001__CH_001,514
PA23_NATIONAL_SECURITY_EXCLUSIONS_ANNEX__PA23_NATIONAL_SECURITY_EXCLUSIONS_ANNEX__SEG_0001__CH_002,293
PA23_NATIONAL_SECURITY_EXCLUSIONS_ANNEX__PA23_NATIONAL_SECURITY_EXCLUSIONS_ANNEX__SEG_0001__CH_003,323
PA23_NATIONAL_SECURITY_EXCLUSIONS_ANNEX__PA23_NATIONAL_SECURITY_EXCLUSIONS_ANNEX__SEG_0001__CH_004,356
PA23_NATIONAL_SECURITY_EXCLUSIONS_ANNEX__PA23_NATIONAL_SECURITY_EXCLUSIONS_ANNEX__SEG_0001__CH_005,1233
PA23_NATIONAL_SECURITY_EXCLUSIONS_ANNEX__PA23_NATIONAL_SECURITY_EXCLUSIONS_ANNEX__SEG_0001__CH_006,1265
PA23_NATIONAL_SECURITY_EXCLUSIONS_ANNEX__PA23_NATIONAL_SECURITY_EXCLUSIONS_ANNEX__SEG_0002__CH_001,177
PA23_NATIONAL_SECURITY_EXCLUSIONS_ANNEX__PA23_NATIONAL_SECURITY_EXCLUSIONS_ANNEX__SEG_0002__CH_003,687
PA23_NATIONAL_SECURITY_EXCLUSIONS_ANNEX__PA23_NATIONAL_SECURITY_EXCLUSIONS_ANNEX__SEG_0002__CH_004,721
PA23_NATIONAL_SECURITY_EXCLUSIONS_ANNEX__PA23_NATIONAL_SECURITY_EXCLUSIONS_ANNEX__SEG_0002__CH_005,1074
PA23_NATIONAL_SECURITY_EXCLUSIONS_ANNEX__PA23_NATIONAL_SECURITY_EXCLUSIONS_ANNEX__SEG_0002__CH_006,1957
PA23_NATIONAL_SECURITY_EXCLUSIONS_ANNEX__PA23_NATIONAL_SECURITY_EXCLUSIONS_ANNEX__SEG_0003__CH_001,1257
PA23_NATIONAL_SECURITY_EXCLUSIONS_ANNEX__PA23_NATIONAL_SECURITY_EXCLUSIONS_ANNEX__SEG_0003__CH_002,1537
PA23_NATIONAL_SECURITY_EXCLUSIONS_ANNEX__PA23_NATIONAL_SECURITY_EXCLUSIONS_ANNEX__SEG_0003__CH_003,768
PA23_NATIONAL_SECURITY_EXCLUSIONS_ANNEX__PA23_NATIONAL_SECURITY_EXCLUSIONS_ANNEX__SEG_0004__CH_001,1208
PA23_NATIONAL_SECURITY_EXCLUSIONS_ANNEX__PA23_NATIONAL_SECURITY_EXCLUSIONS_ANNEX__SEG_0004__CH_002,1724
PA23_NATIONAL_SECURITY_EXCLUSIONS_ANNEX__PA23_NATIONAL_SECURITY_EXCLUSIONS_ANNEX__SEG_0004__CH_003,651
PINSENT_FLEXIBLE_PROCEDURES__PINSENT_FLEXIBLE_PROCEDURES__SEG_0001__CH_001,2987
PINSENT_JUDICIAL_REVIEW__PINSENT_JUDICIAL_REVIEW__SEG_0001__CH_001,1396
PROCUREMENTPORTAL_PART3_PDF_1CEA93C27B55__PDFV2__CH_0001,411
PROCUREMENTPORTAL_PART3_PDF_1CEA93C27B55__PDFV2__CH_0002,489
PROCUREMENTPORTAL_PART3_PDF_1CEA93C27B55__PDFV2__CH_0003,557
PROCUREMENTPORTAL_PART3_PDF_1CEA93C27B55__PDFV2__CH_0004,245
PROCUREMENTPORTAL_PART3_PDF_1CEA93C27B55__PDFV2__CH_0005,377
PROCUREMENTPORTAL_PART3_PDF_1CEA93C27B55__PDFV2__CH_0006,334
PROCUREMENTPORTAL_PART3_PDF_1CEA93C27B55__PDFV2__CH_0007,225
PROCUREMENTPORTAL_PART3_PDF_1CEA93C27B55__PDFV2__CH_0008,402
PROCUREMENTPORTAL_PART3_PDF_1CEA93C27B55__PDFV2__CH_0009,281
PROCUREMENTPORTAL_PART3_PDF_1CEA93C27B55__PDFV2__CH_0010,421
PROCUREMENTPORTAL_PART3_PDF_1CEA93C27B55__PDFV2__CH_0011,394
PROCUREMENTPORTAL_PART3_PDF_1CEA93C27B55__PDFV2__CH_0012,261
PROCUREMENTPORTAL_PART3_PDF_1CEA93C27B55__PDFV2__CH_0013,298
PROCUREMENTPORTAL_PART3_PDF_1CEA93C27B55__PDFV2__CH_0014,201
PROCUREMENTPORTAL_PART3_PDF_1CEA93C27B55__PDFV2__CH_0015,293
PROCUREMENTPORTAL_PART3_PDF_1CEA93C27B55__PDFV2__CH_0016,160
PROCUREMENTPORTAL_PART3_PDF_1CEA93C27B55__PDFV2__CH_0017,656
PROCUREMENTPORTAL_PART3_PDF_1CEA93C27B55__PDFV2__CH_0018,558
PROCUREMENTPORTAL_PART3_PDF_1CEA93C27B55__PDFV2__CH_0019,647
PROCUREMENTPORTAL_PART3_PDF_1CEA93C27B55__PDFV2__CH_0020,683
PROCUREMENTPORTAL_PART3_PDF_1CEA93C27B55__PDFV2__CH_0021,290
PROCUREMENTPORTAL_PART3_PDF_1CEA93C27B55__PDFV2__CH_0022,802
PROCUREMENTPORTAL_PART3_PDF_1CEA93C27B55__PDFV2__CH_0023,284
PROCUREMENTPORTAL_PART3_PDF_1CEA93C27B55__PDFV2__CH_0024,226
PROCUREMENTPORTAL_PART3_PDF_57193E899B93__PDFV2__CH_0001,566
PROCUREMENTPORTAL_PART3_PDF_57193E899B93__PDFV2__CH_0002,571
PROCUREMENTPORTAL_PART3_PDF_57193E899B93__PDFV2__CH_0003,524
PROCUREMENTPORTAL_PART3_PDF_57193E899B93__PDFV2__CH_0004,601
PROCUREMENTPORTAL_PART3_PDF_57193E899B93__PDFV2__CH_0005,668
PROCUREMENTPORTAL_PART3_PDF_57193E899B93__PDFV2__CH_0006,218
PROCUREMENTPORTAL_PART3_PDF_57193E899B93__PDFV2__CH_0007,475
PROCUREMENTPORTAL_PART3_PDF_57193E899B93__PDFV2__CH_0008,301
PROCUREMENTPORTAL_PART3_PDF_57193E899B93__PDFV2__CH_0009,328
PROCUREMENTPORTAL_PART3_PDF_57193E899B93__PDFV2__CH_0010,197
PROCUREMENTPORTAL_PART3_PDF_57193E899B93__PDFV2__CH_0011,359
PROCUREMENTPORTAL_PART3_PDF_57193E899B93__PDFV2__CH_0012,419
PROCUREMENTPORTAL_PART3_PDF_57193E899B93__PDFV2__CH_0013,423
PROCUREMENTPORTAL_PART3_PDF_57193E899B93__PDFV2__CH_0014,525
PROCUREMENTPORTAL_PART3_PDF_57193E899B93__PDFV2__CH_0015,689
PROCUREMENTPORTAL_PART3_PDF_57193E899B93__PDFV2__CH_0016,292
PROCUREMENTPORTAL_PART3_PDF_57193E899B93__PDFV2__CH_0017,641
PROCUREMENTPORTAL_PART3_PDF_57193E899B93__PDFV2__CH_0018,317
PROCUREMENTPORTAL_PART3_PDF_57193E899B93__PDFV2__CH_0019,376
PROCUREMENTPORTAL_PART3_PDF_57193E899B93__PDFV2__CH_0020,405
PROCUREMENTPORTAL_PART3_PDF_57193E899B93__PDFV2__CH_0021,400
PROCUREMENTPORTAL_PART3_PDF_57193E899B93__PDFV2__CH_0023,555
PROCUREMENTPORTAL_PART3_PDF_57193E899B93__PDFV2__CH_0024,415
PROCUREMENTPORTAL_PART3_PDF_57193E899B93__PDFV2__CH_0025,197
PROCUREMENTPORTAL_PART3_PDF_57193E899B93__PDFV2__CH_0026,850
PROCUREMENTPORTAL_PART3_PDF_57193E899B93__PDFV2__CH_0027,557
PROCUREMENTPORTAL_PART3_PDF_57193E899B93__PDFV2__CH_0028,458
PROCUREMENTPORTAL_PART3_PDF_57193E899B93__PDFV2__CH_0029,252
PROCUREMENTPORTAL_PART3_PDF_57193E899B93__PDFV2__CH_0030,585
PROCUREMENTPORTAL_PART3_PDF_57193E899B93__PDFV2__CH_0031,510
PROCUREMENTPORTAL_PART3_PDF_57193E899B93__PDFV2__CH_0032,639
PROCUREMENTPORTAL_PART3_PDF_57193E899B93__PDFV2__CH_0033,264
PROCUREMENTPORTAL_PART3_PDF_57193E899B93__PDFV2__CH_0034,217
PROCUREMENTPORTAL_PART3_PDF_57193E899B93__PDFV2__CH_0035,469
PROCUREMENTPORTAL_PART3_PDF_57193E899B93__PDFV2__CH_0037,685
PROCUREMENTPORTAL_PART3_PDF_57193E899B93__PDFV2__CH_0038,948
PROCUREMENTPORTAL_PART3_PDF_57193E899B93__PDFV2__CH_0039,207
PROCUREMENTPORTAL_PART3_PDF_57193E899B93__PDFV2__CH_0040,508
PROCUREMENTPORTAL_PART3_PDF_57193E899B93__PDFV2__CH_0041,263
PROCUREMENTPORTAL_PART3_PDF_57193E899B93__PDFV2__CH_0042,256
PROCUREMENTPORTAL_PART3_PDF_6A6B1B04A58D__PDFV2__CH_0002,674
PROCUREMENTPORTAL_PART3_PDF_6A6B1B04A58D__PDFV2__CH_0003,602
PROCUREMENTPORTAL_PART3_PDF_6A6B1B04A58D__PDFV2__CH_0007,417
PROCUREMENTPORTAL_PART3_PDF_6A6B1B04A58D__PDFV2__CH_0008,295
PROCUREMENTPORTAL_PART3_PDF_6A6B1B04A58D__PDFV2__CH_0009,402
PROCUREMENTPORTAL_PART3_PDF_6A6B1B04A58D__PDFV2__CH_0010,516
PROCUREMENTPORTAL_PART3_PDF_87223CADF7C3__PDFV2__CH_0001,546
PROCUREMENTPORTAL_PART3_PDF_87223CADF7C3__PDFV2__CH_0002,665
PROCUREMENTPORTAL_PART3_PDF_87223CADF7C3__PDFV2__CH_0003,618
PROCUREMENTPORTAL_PART3_PDF_87223CADF7C3__PDFV2__CH_0004,616
PROCUREMENTPORTAL_PART3_PDF_87223CADF7C3__PDFV2__CH_0005,591
PROCUREMENTPORTAL_PART3_PDF_87223CADF7C3__PDFV2__CH_0006,461
PROCUREMENTPORTAL_PART3_PDF_87223CADF7C3__PDFV2__CH_0007,195
PROCUREMENTPORTAL_PART3_PDF_87223CADF7C3__PDFV2__CH_0008,628
PROCUREMENTPORTAL_PART3_PDF_87223CADF7C3__PDFV2__CH_0009,709
PROCUREMENTPORTAL_PART3_PDF_87223CADF7C3__PDFV2__CH_0010,520
PROCUREMENTPORTAL_PART3_PDF_87223CADF7C3__PDFV2__CH_0011,408
PROCUREMENTPORTAL_PART3_PDF_87223CADF7C3__PDFV2__CH_0012,225
PROCUREMENTPORTAL_PART3_PDF_87223CADF7C3__PDFV2__CH_0013,200
PROCUREMENTPORTAL_PART3_PDF_87223CADF7C3__PDFV2__CH_0014,349
PROCUREMENTPORTAL_PART3_PDF_87223CADF7C3__PDFV2__CH_0015,437
PROCUREMENTPORTAL_PART3_PDF_87223CADF7C3__PDFV2__CH_0016,320
PROCUREMENTPORTAL_PART3_PDF_87223CADF7C3__PDFV2__CH_0017,419
PROCUREMENTPORTAL_PART3_PDF_87223CADF7C3__PDFV2__CH_0018,448
PROCUREMENTPORTAL_PART3_PDF_87223CADF7C3__PDFV2__CH_0019,734
PROCUREMENTPORTAL_PART3_PDF_B7CC1288DD87__PDFV2__CH_0004,246
PROCUREMENTPORTAL_PART3_PDF_B7CC1288DD87__PDFV2__CH_0005,390
PROCUREMENTPORTAL_PART3_PDF_B7CC1288DD87__PDFV2__CH_0006,337
PROCUREMENTPORTAL_PART3_PDF_B7CC1288DD87__PDFV2__CH_0007,228
PROCUREMENTPORTAL_PART3_PDF_B7CC1288DD87__PDFV2__CH_0008,416
PROCUREMENTPORTAL_PART3__PROCUREMENTPORTAL_PART3__SEG_0001__CH_002,358
PROCUREMENTPORTAL_PART3__PROCUREMENTPORTAL_PART3__SEG_0001__CH_003,1228
PROCUREMENTPORTAL_PART3__PROCUREMENTPORTAL_PART3__SEG_0001__CH_004,1240
PROCUREMENTPORTAL_PART3__PROCUREMENTPORTAL_PART3__SEG_0001__CH_005,754
PROCUREMENTPORTAL_PART3__PROCUREMENTPORTAL_PART3__SEG_0002__CH_001,217
PROCUREMENTPORTAL_PART3__PROCUREMENTPORTAL_PART3__SEG_0002__CH_002,457
PROCUREMENTPORTAL_PART3__PROCUREMENTPORTAL_PART3__SEG_0002__CH_003,352
PROCUREMENTPORTAL_PHRASEBOOK_PDF__PDFV2__CH_0003,330
PROCUREMENTPORTAL_PHRASEBOOK_PDF__PDFV2__CH_0004,279
PROCUREMENTPORTAL_PHRASEBOOK_PDF__PDFV2__CH_0005,289
PROCUREMENTPORTAL_PHRASEBOOK_PDF__PDFV2__CH_0006,324
PROCUREMENTPORTAL_PRE_PROCUREMENT__PROCUREMENTPORTAL_PRE_PROCUREMENT__SEG_0001__CH_002,1964
PSFA_BID_RIGGING_PRACTICE_NOTE__PSFA_BID_RIGGING_PRACTICE_NOTE__SEG_0001__CH_001,556
PSFA_BID_RIGGING_PRACTICE_NOTE__PSFA_BID_RIGGING_PRACTICE_NOTE__SEG_0001__CH_002,167
PSFA_BID_RIGGING_PRACTICE_NOTE__PSFA_BID_RIGGING_PRACTICE_NOTE__SEG_0001__CH_003,247
PSFA_BID_RIGGING_PRACTICE_NOTE__PSFA_BID_RIGGING_PRACTICE_NOTE__SEG_0001__CH_004,126
PSFA_FULL_FRAUD_RISK_ASSESSMENT__PSFA_FULL_FRAUD_RISK_ASSESSMENT__SEG_0001__CH_001,68
TROWERS_FRAMEWORKS_GOLD_STANDARD__TROWERS_FRAMEWORKS_GOLD_STANDARD__SEG_0001__CH_002,116
TROWERS_FRAMEWORKS_GOLD_STANDARD__TROWERS_FRAMEWORKS_GOLD_STANDARD__SEG_0001__CH_003,312
TROWERS_FRAMEWORKS_GOLD_STANDARD__TROWERS_FRAMEWORKS_GOLD_STANDARD__SEG_0001__CH_004,264
TROWERS_FRAMEWORKS_GOLD_STANDARD__TROWERS_FRAMEWORKS_GOLD_STANDARD__SEG_0001__CH_005,122
TROWERS_ONE_YEAR_REVIEW__TROWERS_ONE_YEAR_REVIEW__SEG_0001__CH_001,1146
TROWERS_PIPELINE_NOTICES__TROWERS_PIPELINE_NOTICES__SEG_0001__CH_002,977
TROWERS_PIPELINE_NOTICES__TROWERS_PIPELINE_NOTICES__SEG_0001__CH_003,239
TROWERS_THRESHOLD_CHANGES__TROWERS_THRESHOLD_CHANGES__SEG_0001__CH_001,973
UKPGA_1996_53__LEGV2__CH_00001,107
UKPGA_1996_53__LEGV2__CH_00002,48
UKPGA_1996_53__LEGV2__CH_00003,29
UKPGA_1996_53__LEGV2__CH_00004,50
UKPGA_1996_53__LEGV2__CH_00005,50
UKPGA_1996_53__LEGV2__CH_00006,26
UKPGA_1996_53__LEGV2__CH_00007,33
UKPGA_1996_53__LEGV2__CH_00008,128
UKPGA_1996_53__LEGV2__CH_00009,72
UKPGA_1996_53__LEGV2__CH_00010,44
UKPGA_1996_53__LEGV2__CH_00011,56
UKPGA_1996_53__LEGV2__CH_00012,130
UKPGA_1996_53__LEGV2__CH_00013,35
UKPGA_1996_53__LEGV2__CH_00014,47
UKPGA_1996_53__LEGV2__CH_00015,71
UKPGA_1996_53__LEGV2__CH_00016,26
UKPGA_1996_53__LEGV2__CH_00017,30
UKPGA_1996_53__LEGV2__CH_00018,30
UKPGA_1996_53__LEGV2__CH_00019,69
UKPGA_1996_53__LEGV2__CH_00020,117
UKPGA_1996_53__LEGV2__CH_00021,53
UKPGA_1996_53__LEGV2__CH_00022,113
UKPGA_1996_53__LEGV2__CH_00023,38
UKPGA_1996_53__LEGV2__CH_00024,56
UKPGA_1996_53__LEGV2__CH_00025,60
UKPGA_1996_53__LEGV2__CH_00026,119
UKPGA_1996_53__LEGV2__CH_00027,82
UKPGA_1996_53__LEGV2__CH_00028,74
UKPGA_1996_53__LEGV2__CH_00029,71
UKPGA_1996_53__LEGV2__CH_00030,108
UKPGA_1996_53__LEGV2__CH_00031,60
UKPGA_1996_53__LEGV2__CH_00032,55
UKPGA_1996_53__LEGV2__CH_00033,34
UKPGA_1996_53__LEGV2__CH_00034,63
UKPGA_1996_53__LEGV2__CH_00035,76
UKPGA_1996_53__LEGV2__CH_00036,56
UKPGA_1996_53__LEGV2__CH_00037,120
UKPGA_1996_53__LEGV2__CH_00038,44
UKPGA_1996_53__LEGV2__CH_00039,41
UKPGA_1996_53__LEGV2__CH_00040,88
UKPGA_1996_53__LEGV2__CH_00041,93
UKPGA_1996_53__LEGV2__CH_00042,78
UKPGA_1996_53__LEGV2__CH_00043,61
UKPGA_1996_53__LEGV2__CH_00044,179
UKPGA_1996_53__LEGV2__CH_00045,92
UKPGA_1996_53__LEGV2__CH_00046,172
UKPGA_1996_53__LEGV2__CH_00047,116
UKPGA_1996_53__LEGV2__CH_00048,59
UKPGA_1996_53__LEGV2__CH_00049,272
UKPGA_1996_53__LEGV2__CH_00050,30
UKPGA_1996_53__LEGV2__CH_00051,86
UKPGA_1996_53__LEGV2__CH_00052,100
UKPGA_1996_53__LEGV2__CH_00053,49
UKPGA_1996_53__LEGV2__CH_00054,27
UKPGA_1996_53__LEGV2__CH_00055,40
UKPGA_1996_53__LEGV2__CH_00056,49
UKPGA_1996_53__LEGV2__CH_00057,33
UKPGA_1996_53__LEGV2__CH_00058,101
UKPGA_1996_53__LEGV2__CH_00059,44
UKPGA_1996_53__LEGV2__CH_00060,50
UKPGA_1996_53__LEGV2__CH_00061,215
UKPGA_1996_53__LEGV2__CH_00062,73
UKPGA_1996_53__LEGV2__CH_00063,107
UKPGA_1996_53__LEGV2__CH_00064,39
UKPGA_1996_53__LEGV2__CH_00065,95
UKPGA_1996_53__LEGV2__CH_00066,73
UKPGA_1996_53__LEGV2__CH_00067,77
UKPGA_1996_53__LEGV2__CH_00068,82
UKPGA_1996_53__LEGV2__CH_00069,320
UKPGA_1996_53__LEGV2__CH_00070,86
UKPGA_1996_53__LEGV2__CH_00071,49
UKPGA_1996_53__LEGV2__CH_00072,27
UKPGA_1996_53__LEGV2__CH_00073,38
UKPGA_1996_53__LEGV2__CH_00074,53
UKPGA_1996_53__LEGV2__CH_00075,94
UKPGA_1996_53__LEGV2__CH_00076,46
UKPGA_1996_53__LEGV2__CH_00077,143
UKPGA_1996_53__LEGV2__CH_00078,38
UKPGA_1996_53__LEGV2__CH_00080,80
UKPGA_1996_53__LEGV2__CH_00081,175
UKPGA_1996_53__LEGV2__CH_00082,41
UKPGA_1996_53__LEGV2__CH_00083,170
UKPGA_1996_53__LEGV2__CH_00084,200
UKPGA_1996_53__LEGV2__CH_00085,612
UKPGA_1996_53__LEGV2__CH_00086,358
UKPGA_1996_53__LEGV2__CH_00087,161
UKPGA_1996_53__LEGV2__CH_00088,165
UKPGA_1996_53__LEGV2__CH_00089,485
UKPGA_1996_53__LEGV2__CH_00090,319
UKPGA_1996_53__LEGV2__CH_00091,362
UKPGA_1996_53__LEGV2__CH_00092,514
UKPGA_1996_53__LEGV2__CH_00093,290
UKPGA_1996_53__LEGV2__CH_00094,440
UKPGA_1996_53__LEGV2__CH_00095,203
UKPGA_1996_53__LEGV2__CH_00096,554
UKPGA_1996_53__LEGV2__CH_00097,116
UKPGA_1996_53__LEGV2__CH_00098,103
UKPGA_1996_53__LEGV2__CH_00099,301
UKPGA_1996_53__LEGV2__CH_00100,182
UKPGA_1996_53__LEGV2__CH_00101,150
UKPGA_1996_53__LEGV2__CH_00102,798
UKPGA_1996_53__LEGV2__CH_00103,324
UKPGA_1996_53__LEGV2__CH_00104,333
UKPGA_1996_53__LEGV2__CH_00105,592
UKPGA_1996_53__LEGV2__CH_00106,332
UKPGA_1996_53__LEGV2__CH_00107,552
UKPGA_1996_53__LEGV2__CH_00108,309
UKPGA_1996_53__LEGV2__CH_00109,292
UKPGA_1996_53__LEGV2__CH_00110,354
UKPGA_1996_53__LEGV2__CH_00111,388
UKPGA_1996_53__LEGV2__CH_00112,435
UKPGA_1996_53__LEGV2__CH_00113,292
UKPGA_1996_53__LEGV2__CH_00114,393
UKPGA_1996_53__LEGV2__CH_00115,182
UKPGA_1996_53__LEGV2__CH_00116,939
UKPGA_1996_53__LEGV2__CH_00117,351
UKPGA_1996_53__LEGV2__CH_00118,184
UKPGA_1996_53__LEGV2__CH_00119,233
UKPGA_1996_53__LEGV2__CH_00120,218
UKPGA_1996_53__LEGV2__CH_00121,752
UKPGA_1996_53__LEGV2__CH_00122,128
UKPGA_1996_53__LEGV2__CH_00123,136
UKPGA_1996_53__LEGV2__CH_00124,390
UKPGA_1996_53__LEGV2__CH_00125,137
UKPGA_1996_53__LEGV2__CH_00126,280
UKPGA_1996_53__LEGV2__CH_00127,353
UKPGA_1996_53__LEGV2__CH_00128,182
UKPGA_1996_53__LEGV2__CH_00129,241
UKPGA_1996_53__LEGV2__CH_00130,62
UKPGA_1996_53__LEGV2__CH_00131,408
UKPGA_1996_53__LEGV2__CH_00132,279
UKPGA_1996_53__LEGV2__CH_00133,157
UKPGA_1996_53__LEGV2__CH_00134,247
UKPGA_1996_53__LEGV2__CH_00135,380
UKPGA_1996_53__LEGV2__CH_00136,31
UKPGA_1996_53__LEGV2__CH_00137,141
UKPGA_1996_53__LEGV2__CH_00138,40
UKPGA_1996_53__LEGV2__CH_00139,73
UKPGA_1996_53__LEGV2__CH_00140,63
UKPGA_1996_53__LEGV2__CH_00141,47
UKPGA_1996_53__LEGV2__CH_00142,267
UKPGA_1996_53__LEGV2__CH_00143,55
UKPGA_1996_53__LEGV2__CH_00144,49
UKPGA_1996_53__LEGV2__CH_00145,69
UKPGA_1996_53__LEGV2__CH_00146,146
UKPGA_1996_53__LEGV2__CH_00147,91
UKPGA_1996_53__LEGV2__CH_00148,147
UKPGA_1996_53__LEGV2__CH_00149,199
UKPGA_1996_53__LEGV2__CH_00150,79
UKPGA_1996_53__LEGV2__CH_00151,42
UKPGA_1996_53__LEGV2__CH_00152,157
UKPGA_1996_53__LEGV2__CH_00153,114
UKPGA_1996_53__LEGV2__CH_00154,113
UKPGA_1996_53__LEGV2__CH_00155,107
UKPGA_1996_53__LEGV2__CH_00156,116
UKPGA_1996_53__LEGV2__CH_00157,46
UKPGA_1996_53__LEGV2__CH_00158,47
UKPGA_1996_53__LEGV2__CH_00159,100
UKPGA_1996_53__LEGV2__CH_00160,250
UKPGA_1996_53__LEGV2__CH_00161,332
UKPGA_1996_53__LEGV2__CH_00162,410
UKPGA_1996_53__LEGV2__CH_00163,342
UKPGA_1996_53__LEGV2__CH_00164,107
UKPGA_1996_53__LEGV2__CH_00165,629
UKPGA_1996_53__LEGV2__CH_00166,428
UKPGA_1996_53__LEGV2__CH_00167,342
UKPGA_1996_53__LEGV2__CH_00168,70
UKPGA_1996_53__LEGV2__CH_00169,97
UKPGA_1996_53__LEGV2__CH_00170,144
UKPGA_1996_53__LEGV2__CH_00171,393
UKPGA_1996_53__LEGV2__CH_00172,280
UKPGA_1996_53__LEGV2__CH_00173,115
UKPGA_1996_53__LEGV2__CH_00174,436
UKPGA_1996_53__LEGV2__CH_00175,79
UKPGA_1996_53__LEGV2__CH_00176,157
UKPGA_1996_53__LEGV2__CH_00177,160
UKPGA_1996_53__LEGV2__CH_00178,255
UKPGA_1996_53__LEGV2__CH_00179,367
UKPGA_1996_53__LEGV2__CH_00180,624
UKPGA_1996_53__LEGV2__CH_00181,369
UKPGA_1996_53__LEGV2__CH_00182,31
UKPGA_1996_53__LEGV2__CH_00183,395
UKPGA_1996_53__LEGV2__CH_00184,773
UKPGA_1996_53__LEGV2__CH_00185,238
UKPGA_1996_53__LEGV2__CH_00186,280
UKPGA_1996_53__LEGV2__CH_00187,455
UKPGA_1996_53__LEGV2__CH_00188,157
UKPGA_1996_53__LEGV2__CH_00189,233
UKPGA_1996_53__LEGV2__CH_00190,265
UKPGA_1996_53__LEGV2__CH_00191,250
UKPGA_1996_53__LEGV2__CH_00192,465
UKPGA_1996_53__LEGV2__CH_00193,160
UKPGA_1996_53__LEGV2__CH_00194,227
UKPGA_1996_53__LEGV2__CH_00195,104
UKPGA_1996_53__LEGV2__CH_00196,220
UKPGA_1996_53__LEGV2__CH_00197,223
UKPGA_1996_53__LEGV2__CH_00198,140
UKPGA_1996_53__LEGV2__CH_00199,103
UKPGA_1996_53__LEGV2__CH_00200,276
UKPGA_1996_53__LEGV2__CH_00201,560
UKPGA_1996_53__LEGV2__CH_00202,252
UKPGA_1996_53__LEGV2__CH_00203,232
UKPGA_1996_53__LEGV2__CH_00204,338
UKPGA_1996_53__LEGV2__CH_00205,318
UKPGA_1996_53__LEGV2__CH_00206,245
UKPGA_1996_53__LEGV2__CH_00207,55
UKPGA_1996_53__LEGV2__CH_00208,248
UKPGA_1996_53__LEGV2__CH_00209,242
UKPGA_1996_53__LEGV2__CH_00210,94
UKPGA_1996_53__LEGV2__CH_00211,51
UKPGA_1996_53__LEGV2__CH_00212,151
UKPGA_1996_53__LEGV2__CH_00213,100
UKPGA_1996_53__LEGV2__CH_00214,45
UKPGA_1996_53__LEGV2__CH_00215,26
UKPGA_1996_53__LEGV2__CH_00216,84
UKPGA_1996_53__LEGV2__CH_00217,32
UKPGA_1996_53__LEGV2__CH_00218,55
UKPGA_1996_53__LEGV2__CH_00219,42
UKPGA_1996_53__LEGV2__CH_00220,45
UKPGA_1996_53__LEGV2__CH_00221,169
UKPGA_1996_53__LEGV2__CH_00222,45
UKPGA_1996_53__LEGV2__CH_00223,24
UKPGA_1996_53__LEGV2__CH_00224,41
UKPGA_1996_53__LEGV2__CH_00225,24
UKPGA_1996_53__LEGV2__CH_00226,30
UKPGA_1996_53__LEGV2__CH_00227,85
UKPGA_1996_53__LEGV2__CH_00228,29
UKPGA_1996_53__LEGV2__CH_00229__M,131
UKPGA_1996_53__LEGV2__CH_00231,135
UKPGA_1996_53__LEGV2__CH_00232,45
UKPGA_1996_53__LEGV2__CH_00233,52
UKPGA_1996_53__LEGV2__CH_00234,29
UKPGA_1996_53__LEGV2__CH_00235,98
UKPGA_1996_53__LEGV2__CH_00236,74
UKPGA_1996_53__LEGV2__CH_00237,58
UKPGA_1996_53__LEGV2__CH_00238,47
UKPGA_1996_53__LEGV2__CH_00239__M,126
UKPGA_1996_53__LEGV2__CH_00241,134
UKPGA_1996_53__LEGV2__CH_00242,38
UKPGA_1996_53__LEGV2__CH_00243,43
UKPGA_1996_53__LEGV2__CH_00244,80
UKPGA_1996_53__LEGV2__CH_00245,30
UKPGA_1996_53__LEGV2__CH_00246,37
UKPGA_1996_53__LEGV2__CH_00247,143
UKPGA_1996_53__LEGV2__CH_00248,76
UKPGA_1996_53__LEGV2__CH_00249,34
UKPGA_1996_53__LEGV2__CH_00250,56
UKPGA_1996_53__LEGV2__CH_00251,71
UKPGA_1996_53__LEGV2__CH_00252,186
UKPGA_1996_53__LEGV2__CH_00253,29
UKPGA_1996_53__LEGV2__CH_00255,80
UKPGA_1996_53__LEGV2__CH_00256,40
UKPGA_1996_53__LEGV2__CH_00257,96
UKPGA_1996_53__LEGV2__CH_00258,89
UKPGA_1996_53__LEGV2__CH_00259,92
UKPGA_1996_53__LEGV2__CH_00260,38
UKPGA_1996_53__LEGV2__CH_00261,37
UKPGA_1996_53__LEGV2__CH_00262,41
UKPGA_1996_53__LEGV2__CH_00263,62
UKPGA_1996_53__LEGV2__CH_00264,27
UKPGA_1996_53__LEGV2__CH_00265,65
UKPGA_1996_53__LEGV2__CH_00266,130
UKPGA_1996_53__LEGV2__CH_00267,52
UKPGA_1996_53__LEGV2__CH_00268,131
UKPGA_1996_53__LEGV2__CH_00269,83
UKPGA_1996_53__LEGV2__CH_00270,42
UKPGA_1996_53__LEGV2__CH_00271,76
UKPGA_1996_53__LEGV2__CH_00272,25
UKPGA_1996_53__LEGV2__CH_00273,76
UKPGA_1996_53__LEGV2__CH_00274,20
UKPGA_1996_53__LEGV2__CH_00275,29
UKPGA_1996_53__LEGV2__CH_00276,170
UKPGA_1996_53__LEGV2__CH_00277,38
UKPGA_1996_53__LEGV2__CH_00278,52
UKPGA_1996_53__LEGV2__CH_00279,103
UKPGA_1996_53__LEGV2__CH_00280,67
UKPGA_1996_53__LEGV2__CH_00281,66
UKPGA_1996_53__LEGV2__CH_00282,52
UKPGA_1996_53__LEGV2__CH_00283,38
UKPGA_1996_53__LEGV2__CH_00284,42
UKPGA_1996_53__LEGV2__CH_00285,43
UKPGA_1996_53__LEGV2__CH_00286,43
UKPGA_1996_53__LEGV2__CH_00287,370
UKPGA_1996_53__LEGV2__CH_00289,52
UKPGA_1996_53__LEGV2__CH_00290,164
UKPGA_1996_53__LEGV2__CH_00291,193
UKPGA_1996_53__LEGV2__CH_00292,31
UKPGA_1996_53__LEGV2__CH_00293,107
UKPGA_1996_53__LEGV2__CH_00294,72
UKPGA_1996_53__LEGV2__CH_00295,74
UKPGA_1996_53__LEGV2__CH_00296,82
UKPGA_1996_53__LEGV2__CH_00297,32
UKPGA_1996_53__LEGV2__CH_00298,38
UKPGA_1996_53__LEGV2__CH_00299,27
UKPGA_1996_53__LEGV2__CH_00300,32
UKPGA_1996_53__LEGV2__CH_00301,46
UKPGA_1996_53__LEGV2__CH_00303,42
UKPGA_1996_53__LEGV2__CH_00304,88
UKPGA_1996_53__LEGV2__CH_00305,54
UKPGA_1996_53__LEGV2__CH_00306,53
UKPGA_1996_53__LEGV2__CH_00307,30
UKPGA_1996_53__LEGV2__CH_00308,32
UKPGA_1996_53__LEGV2__CH_00309,95
UKPGA_1996_53__LEGV2__CH_00311,224
UKPGA_1996_53__LEGV2__CH_00312,114
UKPGA_1996_53__LEGV2__CH_00313,236
UKPGA_1996_53__LEGV2__CH_00315,163
UKPGA_1996_53__LEGV2__CH_00316,107
UKPGA_1996_53__LEGV2__CH_00317,101
UKPGA_1996_53__LEGV2__CH_00318,95
UKPGA_1996_53__LEGV2__CH_00319,94
UKPGA_1996_53__LEGV2__CH_00320,109
UKPGA_1996_53__LEGV2__CH_00321,101
UKPGA_1996_53__LEGV2__CH_00322,100
UKPGA_1996_53__LEGV2__CH_00323,91
UKPGA_1996_53__LEGV2__CH_00324,67
UKPGA_1996_53__LEGV2__CH_00325,219
UKPGA_1996_53__LEGV2__CH_00326,170
UKPGA_1996_53__LEGV2__CH_00327,51
UKPGA_1996_53__LEGV2__CH_00328,56
UKPGA_1996_53__LEGV2__CH_00329,188
UKPGA_1996_53__LEGV2__CH_00332,132
UKPGA_1996_53__LEGV2__CH_00333,72
UKPGA_1996_53__LEGV2__CH_00334,89
UKPGA_1996_53__LEGV2__CH_00335,47
UKPGA_1996_53__LEGV2__CH_00336,182
UKPGA_1996_53__LEGV2__CH_00337,98
UKPGA_1996_53__LEGV2__CH_00338,22
UKPGA_1996_53__LEGV2__CH_00339,31
UKPGA_1996_53__LEGV2__CH_00341,102
UKPGA_1996_53__LEGV2__CH_00342,104
UKPGA_1996_53__LEGV2__CH_00343,90
UKPGA_1996_53__LEGV2__CH_00344,49
UKPGA_1996_53__LEGV2__CH_00345,27
UKPGA_1996_53__LEGV2__CH_00346,103
UKPGA_1996_53__LEGV2__CH_00347,71
UKPGA_1996_53__LEGV2__CH_00348,35
UKPGA_1996_53__LEGV2__CH_00349,48
UKPGA_1996_53__LEGV2__CH_00350,67
UKPGA_1996_53__LEGV2__CH_00351,73
UKPGA_1996_53__LEGV2__CH_00352,74
UKPGA_1996_53__LEGV2__CH_00353,221
UKPGA_1996_53__LEGV2__CH_00354,116
UKPGA_1996_53__LEGV2__CH_00355,281
UKPGA_1996_53__LEGV2__CH_00356,169
UKPGA_1996_53__LEGV2__CH_00357,181
UKPGA_1996_53__LEGV2__CH_00358,41
UKPGA_1996_53__LEGV2__CH_00359,32
UKPGA_1996_53__LEGV2__CH_00360,77
UKPGA_1996_53__LEGV2__CH_00361,59
UKPGA_1996_53__LEGV2__CH_00362,91
UKPGA_1996_53__LEGV2__CH_00363,110
UKPGA_1996_53__LEGV2__CH_00364,26
UKPGA_1996_53__LEGV2__CH_00365,215
UKPGA_1996_53__LEGV2__CH_00366,160
UKPGA_1996_53__LEGV2__CH_00367,39
UKPGA_1996_53__LEGV2__CH_00368,26
UKPGA_1996_53__LEGV2__CH_00369,55
UKPGA_1996_53__LEGV2__CH_00370,55
UKPGA_1996_53__LEGV2__CH_00371,54
UKPGA_1996_53__LEGV2__CH_00372,247
UKPGA_1996_53__LEGV2__CH_00373,73
UKPGA_1996_53__LEGV2__CH_00374,102
UKPGA_1996_53__LEGV2__CH_00375,69
UKPGA_1996_53__LEGV2__CH_00376,48
UKPGA_1996_53__LEGV2__CH_00377,99
UKPGA_1996_53__LEGV2__CH_00378,164
UKPGA_1996_53__LEGV2__CH_00379,186
UKPGA_1996_53__LEGV2__CH_00380,78
UKPGA_1996_53__LEGV2__CH_00381,34
UKPGA_1996_53__LEGV2__CH_00382,51
UKPGA_1996_53__LEGV2__CH_00383,49
UKPGA_1996_53__LEGV2__CH_00384,88
UKPGA_1996_53__LEGV2__CH_00385,77
UKPGA_1996_53__LEGV2__CH_00386,28
UKPGA_1998_20__LEGV2__CH_00001,156
UKPGA_1998_20__LEGV2__CH_00002,388
UKPGA_1998_20__LEGV2__CH_00003,283
UKPGA_1998_20__LEGV2__CH_00004,364
UKPGA_1998_20__LEGV2__CH_00005,207
UKPGA_1998_20__LEGV2__CH_00006,122
UKPGA_1998_20__LEGV2__CH_00007,122
UKPGA_1998_20__LEGV2__CH_00008,247
UKPGA_1998_20__LEGV2__CH_00009,244
UKPGA_1998_20__LEGV2__CH_00010,253
UKPGA_1998_20__LEGV2__CH_00011,416
UKPGA_1998_20__LEGV2__CH_00012,166
UKPGA_1998_20__LEGV2__CH_00013,271
UKPGA_1998_20__LEGV2__CH_00014,133
UKPGA_1998_20__LEGV2__CH_00015,66
UKPGA_1998_20__LEGV2__CH_00016,250
UKPGA_1998_20__LEGV2__CH_00017,193
UKPGA_2000_36__LEGV2__CH_00001,59
UKPGA_2000_36__LEGV2__CH_00002,31
UKPGA_2000_36__LEGV2__CH_00003,61
UKPGA_2000_36__LEGV2__CH_00004,118
UKPGA_2000_36__LEGV2__CH_00005,47
UKPGA_2000_36__LEGV2__CH_00006,38
UKPGA_2000_36__LEGV2__CH_00007,104
UKPGA_2000_36__LEGV2__CH_00008,88
UKPGA_2000_36__LEGV2__CH_00009,146
UKPGA_2000_36__LEGV2__CH_00010,67
UKPGA_2000_36__LEGV2__CH_00011,48
UKPGA_2000_36__LEGV2__CH_00012,67
UKPGA_2000_36__LEGV2__CH_00013,90
UKPGA_2000_36__LEGV2__CH_00014,129
UKPGA_2000_36__LEGV2__CH_00015,59
UKPGA_2000_36__LEGV2__CH_00016,69
UKPGA_2000_36__LEGV2__CH_00017,33
UKPGA_2000_36__LEGV2__CH_00018,148
UKPGA_2000_36__LEGV2__CH_00021,103
UKPGA_2000_36__LEGV2__CH_00022,29
UKPGA_2000_36__LEGV2__CH_00023,44
UKPGA_2000_36__LEGV2__CH_00025,67
UKPGA_2000_36__LEGV2__CH_00026,210
UKPGA_2000_36__LEGV2__CH_00027,239
UKPGA_2000_36__LEGV2__CH_00028,59
UKPGA_2000_36__LEGV2__CH_00029,42
UKPGA_2000_36__LEGV2__CH_00030,32
UKPGA_2000_36__LEGV2__CH_00031,69
UKPGA_2000_36__LEGV2__CH_00032,176
UKPGA_2000_36__LEGV2__CH_00033,71
UKPGA_2000_36__LEGV2__CH_00034,69
UKPGA_2000_36__LEGV2__CH_00035,37
UKPGA_2000_36__LEGV2__CH_00036,62
UKPGA_2000_36__LEGV2__CH_00038,52
UKPGA_2000_36__LEGV2__CH_00039,57
UKPGA_2000_36__LEGV2__CH_00040,78
UKPGA_2000_36__LEGV2__CH_00041,54
UKPGA_2000_36__LEGV2__CH_00042,34
UKPGA_2000_36__LEGV2__CH_00043,80
UKPGA_2000_36__LEGV2__CH_00044,40
UKPGA_2000_36__LEGV2__CH_00045,44
UKPGA_2000_36__LEGV2__CH_00046,68
UKPGA_2000_36__LEGV2__CH_00047,105
UKPGA_2000_36__LEGV2__CH_00048,82
UKPGA_2000_36__LEGV2__CH_00049,32
UKPGA_2000_36__LEGV2__CH_00050,95
UKPGA_2000_36__LEGV2__CH_00051,124
UKPGA_2000_36__LEGV2__CH_00052,106
UKPGA_2000_36__LEGV2__CH_00053,44
UKPGA_2000_36__LEGV2__CH_00054,47
UKPGA_2000_36__LEGV2__CH_00055,35
UKPGA_2000_36__LEGV2__CH_00056,169
UKPGA_2000_36__LEGV2__CH_00057,97
UKPGA_2000_36__LEGV2__CH_00058,38
UKPGA_2000_36__LEGV2__CH_00059,72
UKPGA_2000_36__LEGV2__CH_00060,42
UKPGA_2000_36__LEGV2__CH_00061,44
UKPGA_2000_36__LEGV2__CH_00062,62
UKPGA_2000_36__LEGV2__CH_00063,117
UKPGA_2000_36__LEGV2__CH_00064,46
UKPGA_2000_36__LEGV2__CH_00065,50
UKPGA_2000_36__LEGV2__CH_00066,315
UKPGA_2000_36__LEGV2__CH_00067,59
UKPGA_2000_36__LEGV2__CH_00068,108
UKPGA_2000_36__LEGV2__CH_00069,46
UKPGA_2000_36__LEGV2__CH_00070,39
UKPGA_2000_36__LEGV2__CH_00071,45
UKPGA_2000_36__LEGV2__CH_00072,38
UKPGA_2000_36__LEGV2__CH_00073,103
UKPGA_2000_36__LEGV2__CH_00074,40
UKPGA_2000_36__LEGV2__CH_00075,87
UKPGA_2000_36__LEGV2__CH_00076,62
UKPGA_2000_36__LEGV2__CH_00077,39
UKPGA_2000_36__LEGV2__CH_00078,27
UKPGA_2000_36__LEGV2__CH_00079,63
UKPGA_2000_36__LEGV2__CH_00080,86
UKPGA_2000_36__LEGV2__CH_00081,78
UKPGA_2000_36__LEGV2__CH_00082,45
UKPGA_2000_36__LEGV2__CH_00083,58
UKPGA_2000_36__LEGV2__CH_00084,185
UKPGA_2000_36__LEGV2__CH_00085,51
UKPGA_2000_36__LEGV2__CH_00086,53
UKPGA_2000_36__LEGV2__CH_00087,74
UKPGA_2000_36__LEGV2__CH_00088,71
UKPGA_2000_36__LEGV2__CH_00089,186
UKPGA_2000_36__LEGV2__CH_00090,54
UKPGA_2000_36__LEGV2__CH_00091,90
UKPGA_2000_36__LEGV2__CH_00092,58
UKPGA_2000_36__LEGV2__CH_00093,60
UKPGA_2000_36__LEGV2__CH_00094,133
UKPGA_2000_36__LEGV2__CH_00095,61
UKPGA_2000_36__LEGV2__CH_00096,53
UKPGA_2000_36__LEGV2__CH_00097,49
UKPGA_2000_36__LEGV2__CH_00098,18
UKPGA_2000_36__LEGV2__CH_00099,30
UKPGA_2000_36__LEGV2__CH_00100,56
UKPGA_2000_36__LEGV2__CH_00101,46
UKPGA_2000_36__LEGV2__CH_00102,286
UKPGA_2000_36__LEGV2__CH_00103,36
UKPGA_2000_36__LEGV2__CH_00104,77
UKPGA_2000_36__LEGV2__CH_00105,32
UKPGA_2000_36__LEGV2__CH_00106,60
UKPGA_2000_36__LEGV2__CH_00107,46
UKPGA_2000_36__LEGV2__CH_00108,35
UKPGA_2000_36__LEGV2__CH_00109,37
UKPGA_2000_36__LEGV2__CH_00110,31
UKPGA_2000_36__LEGV2__CH_00111,102
UKPGA_2000_36__LEGV2__CH_00112,58
UKPGA_2000_36__LEGV2__CH_00113,68
UKPGA_2000_36__LEGV2__CH_00114,78
UKPGA_2000_36__LEGV2__CH_00115,37
UKPGA_2000_36__LEGV2__CH_00116,43
UKPGA_2000_36__LEGV2__CH_00117,112
UKPGA_2000_36__LEGV2__CH_00118,42
UKPGA_2000_36__LEGV2__CH_00119,70
UKPGA_2000_36__LEGV2__CH_00120,60
UKPGA_2000_36__LEGV2__CH_00121,46
UKPGA_2000_36__LEGV2__CH_00122,29
UKPGA_2000_36__LEGV2__CH_00123,165
UKPGA_2000_36__LEGV2__CH_00124,181
UKPGA_2000_36__LEGV2__CH_00125,39
UKPGA_2000_36__LEGV2__CH_00126,93
UKPGA_2000_36__LEGV2__CH_00127,36
UKPGA_2000_36__LEGV2__CH_00128,58
UKPGA_2000_36__LEGV2__CH_00129,51
UKPGA_2000_36__LEGV2__CH_00130,48
UKPGA_2000_36__LEGV2__CH_00131,158
UKPGA_2000_36__LEGV2__CH_00132,79
UKPGA_2000_36__LEGV2__CH_00133,35
UKPGA_2000_36__LEGV2__CH_00134,669
UKPGA_2000_36__LEGV2__CH_00135,55
UKPGA_2000_36__LEGV2__CH_00136,86
UKPGA_2000_36__LEGV2__CH_00137,61
UKPGA_2000_36__LEGV2__CH_00139,30
UKPGA_2000_36__LEGV2__CH_00140,38
UKPGA_2000_36__LEGV2__CH_00144,37
UKPGA_2000_36__LEGV2__CH_00145,21
UKPGA_2000_36__LEGV2__CH_00146,25
UKPGA_2000_36__LEGV2__CH_00148,25
UKPGA_2000_36__LEGV2__CH_00150,26
UKPGA_2000_36__LEGV2__CH_00151,24
UKPGA_2000_36__LEGV2__CH_00152,22
UKPGA_2000_36__LEGV2__CH_00154,26
UKPGA_2000_36__LEGV2__CH_00156,29
UKPGA_2000_36__LEGV2__CH_00157,37
UKPGA_2000_36__LEGV2__CH_00158,35
UKPGA_2000_36__LEGV2__CH_00159,23
UKPGA_2000_36__LEGV2__CH_00161,24
UKPGA_2000_36__LEGV2__CH_00163,25
UKPGA_2000_36__LEGV2__CH_00164,19
UKPGA_2000_36__LEGV2__CH_00167,39
UKPGA_2000_36__LEGV2__CH_00168,20
UKPGA_2000_36__LEGV2__CH_00169,34
UKPGA_2000_36__LEGV2__CH_00174,28
UKPGA_2000_36__LEGV2__CH_00175,22
UKPGA_2000_36__LEGV2__CH_00177,60
UKPGA_2000_36__LEGV2__CH_00178,26
UKPGA_2000_36__LEGV2__CH_00179,30
UKPGA_2000_36__LEGV2__CH_00180,46
UKPGA_2000_36__LEGV2__CH_00181,74
UKPGA_2000_36__LEGV2__CH_00182,45
UKPGA_2000_36__LEGV2__CH_00183,126
UKPGA_2000_36__LEGV2__CH_00184,44
UKPGA_2000_36__LEGV2__CH_00185,283
UKPGA_2000_36__LEGV2__CH_00187,136
UKPGA_2000_36__LEGV2__CH_00188,105
UKPGA_2000_36__LEGV2__CH_00189,809
UKPGA_2000_36__LEGV2__CH_00190,798
UKPGA_2000_36__LEGV2__CH_00191,733
UKPGA_2000_36__LEGV2__CH_00192,738
UKPGA_2000_36__LEGV2__CH_00193,131
UKPGA_2000_36__LEGV2__CH_00194,180
UKPGA_2000_36__LEGV2__CH_00195,45
UKPGA_2000_36__LEGV2__CH_00196,106
UKPGA_2000_36__LEGV2__CH_00197,53
UKPGA_2000_36__LEGV2__CH_00198,154
UKPGA_2000_36__LEGV2__CH_00199,74
UKPGA_2000_36__LEGV2__CH_00200,85
UKPGA_2000_36__LEGV2__CH_00201,43
UKPGA_2000_36__LEGV2__CH_00202,79
UKPGA_2000_36__LEGV2__CH_00203,284
UKPGA_2000_36__LEGV2__CH_00204,323
UKPGA_2000_36__LEGV2__CH_00205,270
UKPGA_2000_36__LEGV2__CH_00206,52
UKPGA_2000_36__LEGV2__CH_00207,72
UKPGA_2000_36__LEGV2__CH_00208,83
UKPGA_2000_36__LEGV2__CH_00209,23
UKPGA_2000_36__LEGV2__CH_00210,27
UKPGA_2000_36__LEGV2__CH_00211,73
UKPGA_2000_36__LEGV2__CH_00213,31
UKPGA_2000_36__LEGV2__CH_00214,24
UKPGA_2000_36__LEGV2__CH_00215,125
UKPGA_2000_36__LEGV2__CH_00216,75
UKPGA_2000_36__LEGV2__CH_00217,181
UKPGA_2000_36__LEGV2__CH_00218,308
UKPGA_2000_36__LEGV2__CH_00219,64
UKPGA_2000_36__LEGV2__CH_00220,212
UKPGA_2000_36__LEGV2__CH_00221,121
UKPGA_2000_36__LEGV2__CH_00222,224
UKPGA_2000_36__LEGV2__CH_00223,101
UKPGA_2000_36__LEGV2__CH_00225,47
UKPGA_2000_36__LEGV2__CH_00226,52
UKPGA_2000_36__LEGV2__CH_00227,148
UKPGA_2000_36__LEGV2__CH_00228,168
UKPGA_2000_36__LEGV2__CH_00229,104
UKPGA_2000_36__LEGV2__CH_00230,147
UKPGA_2000_36__LEGV2__CH_00231,102
UKPGA_2000_36__LEGV2__CH_00232,194
UKPGA_2000_36__LEGV2__CH_00233,65
UKPGA_2000_36__LEGV2__CH_00234,51
UKPGA_2000_36__LEGV2__CH_00235,80
UKPGA_2000_36__LEGV2__CH_00236,157
UKPGA_2000_36__LEGV2__CH_00237,206
UKPGA_2000_36__LEGV2__CH_00238,104
UKPGA_2000_36__LEGV2__CH_00239,260
UKPGA_2000_36__LEGV2__CH_00240,57
UKPGA_2000_36__LEGV2__CH_00241,57
UKPGA_2000_36__LEGV2__CH_00242,46
UKPGA_2000_36__LEGV2__CH_00243,145
UKPGA_2000_36__LEGV2__CH_00244,84
UKPGA_2000_36__LEGV2__CH_00245,38
UKPGA_2000_36__LEGV2__CH_00246,27
UKPGA_2000_36__LEGV2__CH_00247,104
UKPGA_2000_36__LEGV2__CH_00248,43
UKPGA_2000_36__LEGV2__CH_00249,61
UKPGA_2000_36__LEGV2__CH_00250,189
UKPGA_2000_36__LEGV2__CH_00251,63
UKPGA_2000_36__LEGV2__CH_00252,79
UKPGA_2000_36__LEGV2__CH_00253,61
UKPGA_2000_36__LEGV2__CH_00254,95
UKPGA_2000_36__LEGV2__CH_00255,79
UKPGA_2000_36__LEGV2__CH_00256,95
UKPGA_2000_36__LEGV2__CH_00257,20
UKPGA_2000_36__LEGV2__CH_00258,79
UKPGA_2000_36__LEGV2__CH_00260,64
UKPGA_2000_36__LEGV2__CH_00261,167
UKPGA_2000_36__LEGV2__CH_00262,120
UKPGA_2000_36__LEGV2__CH_00264,26
UKPGA_2000_36__LEGV2__CH_00265,26
UKPGA_2000_36__LEGV2__CH_00266,77
UKPGA_2000_36__LEGV2__CH_00267,30
UKPGA_2000_36__LEGV2__CH_00268,70
UKPGA_2000_36__LEGV2__CH_00269,97
UKPGA_2000_36__LEGV2__CH_00270,118
UKPGA_2000_36__LEGV2__CH_00271,368
UKPGA_2000_36__LEGV2__CH_00272,350
UKPGA_2000_36__LEGV2__CH_00273,351
UKPGA_2000_36__LEGV2__CH_00274,349
UKPGA_2000_36__LEGV2__CH_00275,385
UKPGA_2000_36__LEGV2__CH_00276,344
UKPGA_2000_36__LEGV2__CH_00277,328
UKPGA_2000_36__LEGV2__CH_00278,360
UKPGA_2000_36__LEGV2__CH_00279,98
UKPGA_2000_36__LEGV2__CH_00280,219
UKPGA_2000_36__LEGV2__CH_00281,339
UKPGA_2000_36__LEGV2__CH_00282,304
UKPGA_2000_36__LEGV2__CH_00283,283
UKPGA_2000_36__LEGV2__CH_00284,305
UKPGA_2000_36__LEGV2__CH_00285,289
UKPGA_2000_36__LEGV2__CH_00286,287
UKPGA_2000_36__LEGV2__CH_00287,108
UKPGA_2000_36__LEGV2__CH_00288,130
UKPGA_2000_36__LEGV2__CH_00289,247
UKPGA_2000_36__LEGV2__CH_00290,228
UKPGA_2000_36__LEGV2__CH_00291,216
UKPGA_2000_36__LEGV2__CH_00292,315
UKPGA_2000_36__LEGV2__CH_00293,239
UKPGA_2000_36__LEGV2__CH_00294,236
UKPGA_2000_36__LEGV2__CH_00295,227
UKPGA_2000_36__LEGV2__CH_00296,214
UKPGA_2000_36__LEGV2__CH_00297,305
UKPGA_2000_36__LEGV2__CH_00298,204
UKPGA_2000_36__LEGV2__CH_00299,195
UKPGA_2000_36__LEGV2__CH_00300,197
UKPGA_2000_36__LEGV2__CH_00301,178
UKPGA_2000_36__LEGV2__CH_00302,174
UKPGA_2000_36__LEGV2__CH_00303,175
UKPGA_2000_36__LEGV2__CH_00304,179
UKPGA_2000_36__LEGV2__CH_00305,179
UKPGA_2000_36__LEGV2__CH_00306,144
UKPGA_2000_36__LEGV2__CH_00307,163
UKPGA_2000_36__LEGV2__CH_00308,162
UKPGA_2000_36__LEGV2__CH_00309,152
UKPGA_2000_36__LEGV2__CH_00310,153
UKPGA_2000_36__LEGV2__CH_00311,159
UKPGA_2000_36__LEGV2__CH_00312,160
UKPGA_2000_36__LEGV2__CH_00313,172
UKPGA_2000_36__LEGV2__CH_00314,163
UKPGA_2000_36__LEGV2__CH_00315,146
UKPGA_2000_36__LEGV2__CH_00316,133
UKPGA_2000_36__LEGV2__CH_00317,155
UKPGA_2000_36__LEGV2__CH_00318,126
UKPGA_2000_36__LEGV2__CH_00319,134
UKPGA_2000_36__LEGV2__CH_00320,127
UKPGA_2000_36__LEGV2__CH_00321,129
UKPGA_2000_36__LEGV2__CH_00322,156
UKPGA_2000_36__LEGV2__CH_00323,119
UKPGA_2000_36__LEGV2__CH_00324,124
UKPGA_2000_36__LEGV2__CH_00325,113
UKPGA_2000_36__LEGV2__CH_00326,129
UKPGA_2000_36__LEGV2__CH_00327,138
UKPGA_2000_36__LEGV2__CH_00328,111
UKPGA_2000_36__LEGV2__CH_00329,113
UKPGA_2000_36__LEGV2__CH_00330,66
UKPGA_2000_36__LEGV2__CH_00331,84
UKPGA_2000_36__LEGV2__CH_00332,98
UKPGA_2000_36__LEGV2__CH_00333,117
UKPGA_2000_36__LEGV2__CH_00334,90
UKPGA_2000_36__LEGV2__CH_00335,99
UKPGA_2000_36__LEGV2__CH_00336,102
UKPGA_2000_36__LEGV2__CH_00337,84
UKPGA_2000_36__LEGV2__CH_00338,128
UKPGA_2000_36__LEGV2__CH_00339,92
UKPGA_2000_36__LEGV2__CH_00340,120
UKPGA_2000_36__LEGV2__CH_00341,77
UKPGA_2000_36__LEGV2__CH_00342,115
UKPGA_2000_36__LEGV2__CH_00343,68
UKPGA_2000_36__LEGV2__CH_00344,107
UKPGA_2000_36__LEGV2__CH_00345,63
UKPGA_2000_36__LEGV2__CH_00346,51
UKPGA_2000_36__LEGV2__CH_00347,65
UKPGA_2000_36__LEGV2__CH_00348,53
UKPGA_2000_36__LEGV2__CH_00349,53
UKPGA_2000_36__LEGV2__CH_00350,55
UKPGA_2000_36__LEGV2__CH_00351,57
UKPGA_2000_36__LEGV2__CH_00352,56
UKPGA_2000_36__LEGV2__CH_00353,54
UKPGA_2000_36__LEGV2__CH_00354,37
UKPGA_2000_36__LEGV2__CH_00355,40
UKPGA_2000_36__LEGV2__CH_00356,35
UKPGA_2000_36__LEGV2__CH_00358__M,54
UKPGA_2000_36__LEGV2__CH_00361,26
UKPGA_2000_36__LEGV2__CH_00363,21
UKPGA_2002_40__LEGV2__CH_00001,119
UKPGA_2002_40__LEGV2__CH_00002,119
UKPGA_2002_40__LEGV2__CH_00003,100
UKPGA_2002_40__LEGV2__CH_00004,241
UKPGA_2002_40__LEGV2__CH_00005,103
UKPGA_2002_40__LEGV2__CH_00006,111
UKPGA_2002_40__LEGV2__CH_00007,129
UKPGA_2002_40__LEGV2__CH_00008,353
UKPGA_2002_40__LEGV2__CH_00009,59
UKPGA_2002_40__LEGV2__CH_00010,285
UKPGA_2002_40__LEGV2__CH_00011,407
UKPGA_2002_40__LEGV2__CH_00012,152
UKPGA_2002_40__LEGV2__CH_00013,169
UKPGA_2002_40__LEGV2__CH_00014,163
UKPGA_2002_40__LEGV2__CH_00015,215
UKPGA_2002_40__LEGV2__CH_00016,349
UKPGA_2002_40__LEGV2__CH_00018,155
UKPGA_2002_40__LEGV2__CH_00019,941
UKPGA_2002_40__LEGV2__CH_00021,583
UKPGA_2002_40__LEGV2__CH_00022,486
UKPGA_2002_40__LEGV2__CH_00023,30
UKPGA_2002_40__LEGV2__CH_00024,91
UKPGA_2002_40__LEGV2__CH_00025,95
UKPGA_2002_40__LEGV2__CH_00026,212
UKPGA_2002_40__LEGV2__CH_00027,35
UKPGA_2002_40__LEGV2__CH_00028,92
UKPGA_2002_40__LEGV2__CH_00029,95
UKPGA_2002_40__LEGV2__CH_00030,93
UKPGA_2002_40__LEGV2__CH_00031,70
UKPGA_2002_40__LEGV2__CH_00032,80
UKPGA_2002_40__LEGV2__CH_00033,106
UKPGA_2002_40__LEGV2__CH_00034,99
UKPGA_2002_40__LEGV2__CH_00035,101
UKPGA_2002_40__LEGV2__CH_00036,115
UKPGA_2002_40__LEGV2__CH_00037,91
UKPGA_2002_40__LEGV2__CH_00038,56
UKPGA_2002_40__LEGV2__CH_00039,84
UKPGA_2002_40__LEGV2__CH_00040,120
UKPGA_2002_40__LEGV2__CH_00041,95
UKPGA_2002_40__LEGV2__CH_00042,39
UKPGA_2002_40__LEGV2__CH_00043,54
UKPGA_2002_40__LEGV2__CH_00044,91
UKPGA_2002_40__LEGV2__CH_00045,73
UKPGA_2002_40__LEGV2__CH_00046,64
UKPGA_2002_40__LEGV2__CH_00047,129
UKPGA_2002_40__LEGV2__CH_00048,107
UKPGA_2002_40__LEGV2__CH_00049,43
UKPGA_2002_40__LEGV2__CH_00050,63
UKPGA_2002_40__LEGV2__CH_00051,115
UKPGA_2002_40__LEGV2__CH_00052,93
UKPGA_2002_40__LEGV2__CH_00053,38
UKPGA_2002_40__LEGV2__CH_00055,64
UKPGA_2002_40__LEGV2__CH_00056,87
UKPGA_2002_40__LEGV2__CH_00057,80
UKPGA_2002_40__LEGV2__CH_00058,149
UKPGA_2002_40__LEGV2__CH_00059,51
UKPGA_2002_40__LEGV2__CH_00060,64
UKPGA_2002_40__LEGV2__CH_00061,74
UKPGA_2002_40__LEGV2__CH_00063,46
UKPGA_2002_40__LEGV2__CH_00064,89
UKPGA_2002_40__LEGV2__CH_00065,49
UKPGA_2002_40__LEGV2__CH_00066,54
UKPGA_2002_40__LEGV2__CH_00067,127
UKPGA_2002_40__LEGV2__CH_00068,55
UKPGA_2002_40__LEGV2__CH_00069,90
UKPGA_2002_40__LEGV2__CH_00070,59
UKPGA_2002_40__LEGV2__CH_00071,44
UKPGA_2002_40__LEGV2__CH_00072,29
UKPGA_2002_40__LEGV2__CH_00073,92
UKPGA_2002_40__LEGV2__CH_00074,137
UKPGA_2002_40__LEGV2__CH_00075,49
UKPGA_2002_40__LEGV2__CH_00076,47
UKPGA_2002_40__LEGV2__CH_00077,83
UKPGA_2002_40__LEGV2__CH_00078,45
UKPGA_2002_40__LEGV2__CH_00079,168
UKPGA_2002_40__LEGV2__CH_00080,97
UKPGA_2002_40__LEGV2__CH_00081,78
UKPGA_2002_40__LEGV2__CH_00082,100
UKPGA_2002_40__LEGV2__CH_00083,62
UKPGA_2002_40__LEGV2__CH_00084,47
UKPGA_2002_40__LEGV2__CH_00085,19
UKPGA_2002_40__LEGV2__CH_00086,351
UKPGA_2002_40__LEGV2__CH_00087,90
UKPGA_2002_40__LEGV2__CH_00088,79
UKPGA_2002_40__LEGV2__CH_00089,104
UKPGA_2002_40__LEGV2__CH_00090,130
UKPGA_2002_40__LEGV2__CH_00091,210
UKPGA_2002_40__LEGV2__CH_00093,73
UKPGA_2002_40__LEGV2__CH_00094,149
UKPGA_2002_40__LEGV2__CH_00095,88
UKPGA_2002_40__LEGV2__CH_00096,133
UKPGA_2002_40__LEGV2__CH_00097,200
UKPGA_2002_40__LEGV2__CH_00098,54
UKPGA_2002_40__LEGV2__CH_00099,45
UKPGA_2002_40__LEGV2__CH_00100,75
UKPGA_2002_40__LEGV2__CH_00101,65
UKPGA_2002_40__LEGV2__CH_00102,102
UKPGA_2002_40__LEGV2__CH_00103,185
UKPGA_2002_40__LEGV2__CH_00104,54
UKPGA_2002_40__LEGV2__CH_00105,45
UKPGA_2002_40__LEGV2__CH_00106,75
UKPGA_2002_40__LEGV2__CH_00107,65
UKPGA_2002_40__LEGV2__CH_00108,34
UKPGA_2002_40__LEGV2__CH_00109,95
UKPGA_2002_40__LEGV2__CH_00110,79
UKPGA_2002_40__LEGV2__CH_00111,74
UKPGA_2002_40__LEGV2__CH_00112,117
UKPGA_2002_40__LEGV2__CH_00116,40
UKPGA_2002_40__LEGV2__CH_00117,27
UKPGA_2002_40__LEGV2__CH_00118,75
UKPGA_2002_40__LEGV2__CH_00119,27
UKPGA_2002_40__LEGV2__CH_00120,26
UKPGA_2002_40__LEGV2__CH_00121,28
UKPGA_2002_40__LEGV2__CH_00122,75
UKPGA_2002_40__LEGV2__CH_00123,49
UKPGA_2002_40__LEGV2__CH_00124,55
UKPGA_2002_40__LEGV2__CH_00125,73
UKPGA_2002_40__LEGV2__CH_00126,69
UKPGA_2002_40__LEGV2__CH_00127,20
UKPGA_2002_40__LEGV2__CH_00128,63
UKPGA_2002_40__LEGV2__CH_00129,36
UKPGA_2002_40__LEGV2__CH_00131,47
UKPGA_2002_40__LEGV2__CH_00132,72
UKPGA_2002_40__LEGV2__CH_00133,53
UKPGA_2002_40__LEGV2__CH_00135,92
UKPGA_2002_40__LEGV2__CH_00136,81
UKPGA_2002_40__LEGV2__CH_00137,38
UKPGA_2002_40__LEGV2__CH_00138,134
UKPGA_2002_40__LEGV2__CH_00139,63
UKPGA_2002_40__LEGV2__CH_00140,63
UKPGA_2002_40__LEGV2__CH_00141,29
UKPGA_2002_40__LEGV2__CH_00143__M,337
UKPGA_2002_40__LEGV2__CH_00145,79
UKPGA_2002_40__LEGV2__CH_00146,68
UKPGA_2002_40__LEGV2__CH_00147,53
UKPGA_2002_40__LEGV2__CH_00148,44
UKPGA_2002_40__LEGV2__CH_00149,203
UKPGA_2002_40__LEGV2__CH_00150,56
UKPGA_2002_40__LEGV2__CH_00151,60
UKPGA_2002_40__LEGV2__CH_00152,25
UKPGA_2002_40__LEGV2__CH_00153,86
UKPGA_2002_40__LEGV2__CH_00154,684
UKPGA_2002_40__LEGV2__CH_00155,53
UKPGA_2002_40__LEGV2__CH_00156,108
UKPGA_2002_40__LEGV2__CH_00157,64
UKPGA_2002_40__LEGV2__CH_00158,57
UKPGA_2002_40__LEGV2__CH_00159,35
UKPGA_2002_40__LEGV2__CH_00160,335
UKPGA_2002_40__LEGV2__CH_00161,203
UKPGA_2002_40__LEGV2__CH_00162,25
UKPGA_2002_40__LEGV2__CH_00163,30
UKPGA_2002_40__LEGV2__CH_00164,110
UKPGA_2002_40__LEGV2__CH_00165,266
UKPGA_2002_40__LEGV2__CH_00166,79
UKPGA_2002_40__LEGV2__CH_00167,48
UKPGA_2002_40__LEGV2__CH_00168__M,75
UKPGA_2002_40__LEGV2__CH_00170,145
UKPGA_2002_40__LEGV2__CH_00171,139
UKPGA_2002_40__LEGV2__CH_00172,158
UKPGA_2002_40__LEGV2__CH_00173,151
UKPGA_2002_40__LEGV2__CH_00174,43
UKPGA_2002_40__LEGV2__CH_00175,109
UKPGA_2002_40__LEGV2__CH_00176,59
UKPGA_2002_40__LEGV2__CH_00177,80
UKPGA_2002_40__LEGV2__CH_00178,110
UKPGA_2002_40__LEGV2__CH_00179,75
UKPGA_2002_40__LEGV2__CH_00180,96
UKPGA_2002_40__LEGV2__CH_00181,25
UKPGA_2002_40__LEGV2__CH_00182,117
UKPGA_2002_40__LEGV2__CH_00183,62
UKPGA_2002_40__LEGV2__CH_00184,44
UKPGA_2002_40__LEGV2__CH_00185,112
UKPGA_2002_40__LEGV2__CH_00186,78
UKPGA_2002_40__LEGV2__CH_00187,212
UKPGA_2002_40__LEGV2__CH_00188,232
UKPGA_2002_40__LEGV2__CH_00189,76
UKPGA_2002_40__LEGV2__CH_00190,84
UKPGA_2002_40__LEGV2__CH_00191,41
UKPGA_2002_40__LEGV2__CH_00192,35
UKPGA_2002_40__LEGV2__CH_00193,86
UKPGA_2002_40__LEGV2__CH_00194,74
UKPGA_2002_40__LEGV2__CH_00195,146
UKPGA_2002_40__LEGV2__CH_00196,107
UKPGA_2002_40__LEGV2__CH_00197__M,170
UKPGA_2002_40__LEGV2__CH_00199,151
UKPGA_2002_40__LEGV2__CH_00203,58
UKPGA_2002_40__LEGV2__CH_00204,29
UKPGA_2002_40__LEGV2__CH_00205,65
UKPGA_2002_40__LEGV2__CH_00206,25
UKPGA_2002_40__LEGV2__CH_00207,35
UKPGA_2002_40__LEGV2__CH_00208,78
UKPGA_2002_40__LEGV2__CH_00209,58
UKPGA_2002_40__LEGV2__CH_00210,59
UKPGA_2002_40__LEGV2__CH_00211,72
UKPGA_2002_40__LEGV2__CH_00212,68
UKPGA_2002_40__LEGV2__CH_00213,19
UKPGA_2002_40__LEGV2__CH_00214,62
UKPGA_2002_40__LEGV2__CH_00216,52
UKPGA_2002_40__LEGV2__CH_00217,77
UKPGA_2002_40__LEGV2__CH_00218,53
UKPGA_2002_40__LEGV2__CH_00220,97
UKPGA_2002_40__LEGV2__CH_00221,86
UKPGA_2002_40__LEGV2__CH_00223,134
UKPGA_2002_40__LEGV2__CH_00224,63
UKPGA_2002_40__LEGV2__CH_00225,66
UKPGA_2002_40__LEGV2__CH_00228,291
UKPGA_2002_40__LEGV2__CH_00229,131
UKPGA_2002_40__LEGV2__CH_00230,109
UKPGA_2002_40__LEGV2__CH_00231,51
UKPGA_2002_40__LEGV2__CH_00232,72
UKPGA_2002_40__LEGV2__CH_00233,44
UKPGA_2002_40__LEGV2__CH_00234,32
UKPGA_2002_40__LEGV2__CH_00235,36
UKPGA_2002_40__LEGV2__CH_00236,220
UKPGA_2002_40__LEGV2__CH_00237,40
UKPGA_2002_40__LEGV2__CH_00238,38
UKPGA_2002_40__LEGV2__CH_00239,55
UKPGA_2002_40__LEGV2__CH_00240,171
UKPGA_2002_40__LEGV2__CH_00241,50
UKPGA_2002_40__LEGV2__CH_00242,62
UKPGA_2002_40__LEGV2__CH_00243,70
UKPGA_2002_40__LEGV2__CH_00244,31
UKPGA_2002_40__LEGV2__CH_00245,57
UKPGA_2002_40__LEGV2__CH_00246,65
UKPGA_2002_40__LEGV2__CH_00247,91
UKPGA_2002_40__LEGV2__CH_00248,90
UKPGA_2002_40__LEGV2__CH_00249,171
UKPGA_2002_40__LEGV2__CH_00250,47
UKPGA_2002_40__LEGV2__CH_00251,100
UKPGA_2002_40__LEGV2__CH_00252,68
UKPGA_2002_40__LEGV2__CH_00253,89
UKPGA_2002_40__LEGV2__CH_00254,66
UKPGA_2002_40__LEGV2__CH_00255,48
UKPGA_2002_40__LEGV2__CH_00256,53
UKPGA_2002_40__LEGV2__CH_00257,43
UKPGA_2002_40__LEGV2__CH_00258,76
UKPGA_2002_40__LEGV2__CH_00259,64
UKPGA_2002_40__LEGV2__CH_00260,59
UKPGA_2002_40__LEGV2__CH_00261,73
UKPGA_2002_40__LEGV2__CH_00262,78
UKPGA_2002_40__LEGV2__CH_00263,85
UKPGA_2002_40__LEGV2__CH_00264,460
UKPGA_2002_40__LEGV2__CH_00265,25
UKPGA_2002_40__LEGV2__CH_00266,132
UKPGA_2002_40__LEGV2__CH_00267,100
UKPGA_2002_40__LEGV2__CH_00268,46
UKPGA_2002_40__LEGV2__CH_00269,61
UKPGA_2002_40__LEGV2__CH_00270,36
UKPGA_2002_40__LEGV2__CH_00271,330
UKPGA_2002_40__LEGV2__CH_00272,201
UKPGA_2002_40__LEGV2__CH_00273,56
UKPGA_2002_40__LEGV2__CH_00274,109
UKPGA_2002_40__LEGV2__CH_00275,81
UKPGA_2002_40__LEGV2__CH_00276,74
UKPGA_2002_40__LEGV2__CH_00277,140
UKPGA_2002_40__LEGV2__CH_00278,109
UKPGA_2002_40__LEGV2__CH_00279,71
UKPGA_2002_40__LEGV2__CH_00280,74
UKPGA_2002_40__LEGV2__CH_00281,23
UKPGA_2002_40__LEGV2__CH_00282,42
UKPGA_2002_40__LEGV2__CH_00283,89
UKPGA_2002_40__LEGV2__CH_00284,214
UKPGA_2002_40__LEGV2__CH_00285,33
UKPGA_2002_40__LEGV2__CH_00286,105
UKPGA_2002_40__LEGV2__CH_00287,107
UKPGA_2002_40__LEGV2__CH_00288,90
UKPGA_2002_40__LEGV2__CH_00289,136
UKPGA_2002_40__LEGV2__CH_00293,59
UKPGA_2002_40__LEGV2__CH_00294,32
UKPGA_2002_40__LEGV2__CH_00295,65
UKPGA_2002_40__LEGV2__CH_00296,37
UKPGA_2002_40__LEGV2__CH_00298,30
UKPGA_2002_40__LEGV2__CH_00299,38
UKPGA_2002_40__LEGV2__CH_00300,73
UKPGA_2002_40__LEGV2__CH_00301,68
UKPGA_2002_40__LEGV2__CH_00302,137
UKPGA_2002_40__LEGV2__CH_00303,69
UKPGA_2002_40__LEGV2__CH_00304,31
UKPGA_2002_40__LEGV2__CH_00305,194
UKPGA_2002_40__LEGV2__CH_00306,56
UKPGA_2002_40__LEGV2__CH_00307,65
UKPGA_2002_40__LEGV2__CH_00309,25
UKPGA_2002_40__LEGV2__CH_00310,53
UKPGA_2002_40__LEGV2__CH_00311,85
UKPGA_2002_40__LEGV2__CH_00312,168
UKPGA_2002_40__LEGV2__CH_00313,35
UKPGA_2002_40__LEGV2__CH_00314,63
UKPGA_2002_40__LEGV2__CH_00315,130
UKPGA_2002_40__LEGV2__CH_00316,57
UKPGA_2002_40__LEGV2__CH_00317,147
UKPGA_2002_40__LEGV2__CH_00318,68
UKPGA_2002_40__LEGV2__CH_00320,52
UKPGA_2002_40__LEGV2__CH_00321,22
UKPGA_2002_40__LEGV2__CH_00322,27
UKPGA_2002_40__LEGV2__CH_00323,160
UKPGA_2002_40__LEGV2__CH_00324,137
UKPGA_2002_40__LEGV2__CH_00325,123
UKPGA_2002_40__LEGV2__CH_00326,101
UKPGA_2002_40__LEGV2__CH_00327,39
UKPGA_2002_40__LEGV2__CH_00328,66
UKPGA_2002_40__LEGV2__CH_00329,64
UKPGA_2002_40__LEGV2__CH_00330,85
UKPGA_2002_40__LEGV2__CH_00331,62
UKPGA_2002_40__LEGV2__CH_00332,33
UKPGA_2002_40__LEGV2__CH_00333,32
UKPGA_2002_40__LEGV2__CH_00334,52
UKPGA_2002_40__LEGV2__CH_00335,116
UKPGA_2002_40__LEGV2__CH_00336,88
UKPGA_2002_40__LEGV2__CH_00337,91
UKPGA_2002_40__LEGV2__CH_00338,49
UKPGA_2002_40__LEGV2__CH_00339,32
UKPGA_2002_40__LEGV2__CH_00340,24
UKPGA_2002_40__LEGV2__CH_00341,390
UKPGA_2002_40__LEGV2__CH_00342,484
UKPGA_2002_40__LEGV2__CH_00343,547
UKPGA_2002_40__LEGV2__CH_00344,397
UKPGA_2002_40__LEGV2__CH_00345,274
UKPGA_2002_40__LEGV2__CH_00346,292
UKPGA_2002_40__LEGV2__CH_00347,504
UKPGA_2002_40__LEGV2__CH_00348,68
UKPGA_2002_40__LEGV2__CH_00349,84
UKPGA_2002_40__LEGV2__CH_00350,36
UKPGA_2002_40__LEGV2__CH_00351,36
UKPGA_2002_40__LEGV2__CH_00352,64
UKPGA_2002_40__LEGV2__CH_00353,32
UKPGA_2002_40__LEGV2__CH_00354,69
UKPGA_2002_40__LEGV2__CH_00355,73
UKPGA_2002_40__LEGV2__CH_00356,57
UKPGA_2002_40__LEGV2__CH_00357,51
UKPGA_2002_40__LEGV2__CH_00358,59
UKPGA_2002_40__LEGV2__CH_00359,32
UKPGA_2002_40__LEGV2__CH_00360,66
UKPGA_2002_40__LEGV2__CH_00361,124
UKPGA_2002_40__LEGV2__CH_00362,197
UKPGA_2002_40__LEGV2__CH_00363,151
UKPGA_2002_40__LEGV2__CH_00364,137
UKPGA_2002_40__LEGV2__CH_00365,53
UKPGA_2002_40__LEGV2__CH_00366,118
UKPGA_2002_40__LEGV2__CH_00367,26
UKPGA_2002_40__LEGV2__CH_00368,44
UKPGA_2002_40__LEGV2__CH_00369,70
UKPGA_2002_40__LEGV2__CH_00370,96
UKPGA_2002_40__LEGV2__CH_00371,28
UKPGA_2002_40__LEGV2__CH_00372,42
UKPGA_2002_40__LEGV2__CH_00373,47
UKPGA_2002_40__LEGV2__CH_00374,56
UKPGA_2002_40__LEGV2__CH_00375,43
UKPGA_2002_40__LEGV2__CH_00376,57
UKPGA_2002_40__LEGV2__CH_00377,44
UKPGA_2002_40__LEGV2__CH_00378,41
UKPGA_2002_40__LEGV2__CH_00379,37
UKPGA_2002_40__LEGV2__CH_00380,50
UKPGA_2002_40__LEGV2__CH_00381,28
UKPGA_2002_40__LEGV2__CH_00382,146
UKPGA_2002_40__LEGV2__CH_00383,42
UKPGA_2002_40__LEGV2__CH_00384,44
UKPGA_2002_40__LEGV2__CH_00385,40
UKPGA_2002_40__LEGV2__CH_00386,51
UKPGA_2002_40__LEGV2__CH_00387,44
UKPGA_2002_40__LEGV2__CH_00388,39
UKPGA_2002_40__LEGV2__CH_00389,35
UKPGA_2002_40__LEGV2__CH_00390,40
UKPGA_2002_40__LEGV2__CH_00391,42
UKPGA_2002_40__LEGV2__CH_00392,58
UKPGA_2002_40__LEGV2__CH_00393,63
UKPGA_2002_40__LEGV2__CH_00394,37
UKPGA_2002_40__LEGV2__CH_00395,98
UKPGA_2002_40__LEGV2__CH_00396,99
UKPGA_2002_40__LEGV2__CH_00397,95
UKPGA_2002_40__LEGV2__CH_00398,55
UKPGA_2002_40__LEGV2__CH_00399,113
UKPGA_2002_40__LEGV2__CH_00400,47
UKPGA_2002_40__LEGV2__CH_00401,66
UKPGA_2002_40__LEGV2__CH_00402,134
UKPGA_2002_40__LEGV2__CH_00403,115
UKPGA_2002_40__LEGV2__CH_00404,63
UKPGA_2002_40__LEGV2__CH_00405,85
UKPGA_2002_40__LEGV2__CH_00406,74
UKPGA_2002_40__LEGV2__CH_00407,110
UKPGA_2002_40__LEGV2__CH_00408,100
UKPGA_2002_40__LEGV2__CH_00409,125
UKPGA_2002_40__LEGV2__CH_00410,65
UKPGA_2002_40__LEGV2__CH_00412,341
UKPGA_2002_40__LEGV2__CH_00413,767
UKPGA_2002_40__LEGV2__CH_00414,319
UKPGA_2002_40__LEGV2__CH_00415,423
UKPGA_2002_40__LEGV2__CH_00416,325
UKPGA_2002_40__LEGV2__CH_00417,282
UKPGA_2002_40__LEGV2__CH_00418,63
UKPGA_2002_40__LEGV2__CH_00419,44
UKPGA_2002_40__LEGV2__CH_00420,55
UKPGA_2002_40__LEGV2__CH_00421,74
UKPGA_2002_40__LEGV2__CH_00422,68
UKPGA_2002_40__LEGV2__CH_00423,42
UKPGA_2002_40__LEGV2__CH_00424,59
UKPGA_2002_40__LEGV2__CH_00425,116
UKPGA_2002_40__LEGV2__CH_00426,57
UKPGA_2002_40__LEGV2__CH_00428,84
UKPGA_2002_40__LEGV2__CH_00429,42
UKPGA_2002_40__LEGV2__CH_00430,49
UKPGA_2002_40__LEGV2__CH_00431,45
UKPGA_2002_40__LEGV2__CH_00432,91
UKPGA_2002_40__LEGV2__CH_00433,84
UKPGA_2002_40__LEGV2__CH_00434,104
UKPGA_2002_40__LEGV2__CH_00435,84
UKPGA_2002_40__LEGV2__CH_00436,88
UKPGA_2002_40__LEGV2__CH_00437,37
UKPGA_2002_40__LEGV2__CH_00438,95
UKPGA_2002_40__LEGV2__CH_00439,70
UKPGA_2002_40__LEGV2__CH_00440,51
UKPGA_2002_40__LEGV2__CH_00441,38
UKPGA_2002_40__LEGV2__CH_00442,175
UKPGA_2002_40__LEGV2__CH_00443,66
UKPGA_2002_40__LEGV2__CH_00444,310
UKPGA_2002_40__LEGV2__CH_00445,82
UKPGA_2002_40__LEGV2__CH_00446,69
UKPGA_2002_40__LEGV2__CH_00447,50
UKPGA_2002_40__LEGV2__CH_00448,61
UKPGA_2002_40__LEGV2__CH_00450,459
UKPGA_2002_40__LEGV2__CH_00451,52
UKPGA_2002_40__LEGV2__CH_00452,105
UKPGA_2002_40__LEGV2__CH_00453,393
UKPGA_2002_40__LEGV2__CH_00454,526
UKPGA_2002_40__LEGV2__CH_00455,368
UKPGA_2002_40__LEGV2__CH_00456,1473
UKPGA_2002_40__LEGV2__CH_00458,62
UKPGA_2002_40__LEGV2__CH_00459,551
UKPGA_2002_40__LEGV2__CH_00460,577
UKPGA_2002_40__LEGV2__CH_00461,546
UKPGA_2002_40__LEGV2__CH_00462,498
UKPGA_2002_40__LEGV2__CH_00463,190
UKPGA_2002_40__LEGV2__CH_00464,723
UKPGA_2002_40__LEGV2__CH_00465,138
UKPGA_2002_40__LEGV2__CH_00466,110
UKPGA_2002_40__LEGV2__CH_00467,262
UKPGA_2002_40__LEGV2__CH_00468,193
UKPGA_2002_40__LEGV2__CH_00469,96
UKPGA_2002_40__LEGV2__CH_00470,361
UKPGA_2002_40__LEGV2__CH_00471,1109
UKPGA_2002_40__LEGV2__CH_00472,341
UKPGA_2002_40__LEGV2__CH_00473,242
UKPGA_2002_40__LEGV2__CH_00474,28
UKPGA_2002_40__LEGV2__CH_00475,71
UKPGA_2002_40__LEGV2__CH_00476,54
UKPGA_2002_40__LEGV2__CH_00477,72
UKPGA_2002_40__LEGV2__CH_00478,92
UKPGA_2002_40__LEGV2__CH_00479,46
UKPGA_2002_40__LEGV2__CH_00480,57
UKPGA_2002_40__LEGV2__CH_00481,52
UKPGA_2002_40__LEGV2__CH_00482,86
UKPGA_2002_40__LEGV2__CH_00483,59
UKPGA_2002_40__LEGV2__CH_00484,104
UKPGA_2002_40__LEGV2__CH_00485,52
UKPGA_2002_40__LEGV2__CH_00486,78
UKPGA_2002_40__LEGV2__CH_00488,151
UKPGA_2002_40__LEGV2__CH_00489,171
UKPGA_2002_40__LEGV2__CH_00490,52
UKPGA_2002_40__LEGV2__CH_00491,70
UKPGA_2002_40__LEGV2__CH_00492,50
UKPGA_2002_40__LEGV2__CH_00493,99
UKPGA_2002_40__LEGV2__CH_00494,19
UKPGA_2002_40__LEGV2__CH_00495,24
UKPGA_2002_40__LEGV2__CH_00496,89
UKPGA_2002_40__LEGV2__CH_00497,22
UKPGA_2002_40__LEGV2__CH_00498,73
UKPGA_2002_40__LEGV2__CH_00499,150
UKPGA_2002_40__LEGV2__CH_00500,30
UKPGA_2002_40__LEGV2__CH_00501,103
UKPGA_2002_40__LEGV2__CH_00502,45
UKPGA_2002_40__LEGV2__CH_00503,45
UKPGA_2002_40__LEGV2__CH_00504,44
UKPGA_2002_40__LEGV2__CH_00505,34
UKPGA_2002_40__LEGV2__CH_00506,47
UKPGA_2002_40__LEGV2__CH_00507,32
UKPGA_2002_40__LEGV2__CH_00508,214
UKPGA_2002_40__LEGV2__CH_00509,172
UKPGA_2002_40__LEGV2__CH_00510,183
UKPGA_2002_40__LEGV2__CH_00511,156
UKPGA_2002_40__LEGV2__CH_00512,105
UKPGA_2002_40__LEGV2__CH_00513,33
UKPGA_2002_40__LEGV2__CH_00514,64
UKPGA_2002_40__LEGV2__CH_00515,531
UKPGA_2002_40__LEGV2__CH_00516,415
UKPGA_2002_40__LEGV2__CH_00517,278
UKPGA_2002_40__LEGV2__CH_00518,228
UKPGA_2002_40__LEGV2__CH_00519,852
UKPGA_2002_40__LEGV2__CH_00520,151
UKPGA_2002_40__LEGV2__CH_00521,22
UKPGA_2002_40__LEGV2__CH_00522,65
UKPGA_2002_40__LEGV2__CH_00523,26
UKPGA_2002_40__LEGV2__CH_00524,64
UKPGA_2002_40__LEGV2__CH_00525,86
UKPGA_2002_40__LEGV2__CH_00526,58
UKPGA_2002_40__LEGV2__CH_00527,241
UKPGA_2002_40__LEGV2__CH_00528,66
UKPGA_2002_40__LEGV2__CH_00530,28
UKPGA_2002_40__LEGV2__CH_00531,48
UKPGA_2002_40__LEGV2__CH_00532,34
UKPGA_2002_40__LEGV2__CH_00533,59
UKPGA_2002_40__LEGV2__CH_00534,28
UKPGA_2002_40__LEGV2__CH_00535,37
UKPGA_2002_40__LEGV2__CH_00536,47
UKPGA_2002_40__LEGV2__CH_00537,92
UKPGA_2002_40__LEGV2__CH_00538,57
UKPGA_2002_40__LEGV2__CH_00539,62
UKPGA_2002_40__LEGV2__CH_00540,40
UKPGA_2002_40__LEGV2__CH_00541,85
UKPGA_2002_40__LEGV2__CH_00542,80
UKPGA_2002_40__LEGV2__CH_00543,106
UKPGA_2002_40__LEGV2__CH_00545,68
UKPGA_2002_40__LEGV2__CH_00546,59
UKPGA_2002_40__LEGV2__CH_00547,52
UKPGA_2002_40__LEGV2__CH_00548,107
UKPGA_2002_40__LEGV2__CH_00549,70
UKPGA_2002_40__LEGV2__CH_00550,50
UKPGA_2002_40__LEGV2__CH_00551,27
UKPGA_2002_40__LEGV2__CH_00552,39
UKPGA_2002_40__LEGV2__CH_00553,252
UKPGA_2002_40__LEGV2__CH_00554,155
UKPGA_2002_40__LEGV2__CH_00555,149
UKPGA_2002_40__LEGV2__CH_00556,23
UKPGA_2002_40__LEGV2__CH_00557,64
UKPGA_2002_40__LEGV2__CH_00558,204
UKPGA_2002_40__LEGV2__CH_00559,204
UKPGA_2002_40__LEGV2__CH_00560,67
UKPGA_2002_40__LEGV2__CH_00561,45
UKPGA_2002_40__LEGV2__CH_00562,50
UKPGA_2002_40__LEGV2__CH_00563,65
UKPGA_2002_40__LEGV2__CH_00565,83
UKPGA_2002_40__LEGV2__CH_00566,66
UKPGA_2002_40__LEGV2__CH_00567,71
UKPGA_2002_40__LEGV2__CH_00568,51
UKPGA_2002_40__LEGV2__CH_00569,83
UKPGA_2002_40__LEGV2__CH_00570,94
UKPGA_2002_40__LEGV2__CH_00571,66
UKPGA_2002_40__LEGV2__CH_00572,52
UKPGA_2002_40__LEGV2__CH_00573,59
UKPGA_2002_40__LEGV2__CH_00575,34
UKPGA_2002_40__LEGV2__CH_00576,72
UKPGA_2002_40__LEGV2__CH_00577,28
UKPGA_2002_40__LEGV2__CH_00578,130
UKPGA_2002_40__LEGV2__CH_00579,74
UKPGA_2002_40__LEGV2__CH_00580,38
UKPGA_2002_40__LEGV2__CH_00581,59
UKPGA_2002_40__LEGV2__CH_00582,43
UKPGA_2002_40__LEGV2__CH_00583,96
UKPGA_2002_40__LEGV2__CH_00584,106
UKPGA_2002_40__LEGV2__CH_00585,37
UKPGA_2002_40__LEGV2__CH_00586,48
UKPGA_2002_40__LEGV2__CH_00587,82
UKPGA_2002_40__LEGV2__CH_00588,131
UKPGA_2002_40__LEGV2__CH_00589,77
UKPGA_2002_40__LEGV2__CH_00590,52
UKPGA_2002_40__LEGV2__CH_00591,42
UKPGA_2002_40__LEGV2__CH_00592,87
UKPGA_2002_40__LEGV2__CH_00594,93
UKPGA_2002_40__LEGV2__CH_00595,41
UKPGA_2002_40__LEGV2__CH_00596,78
UKPGA_2002_40__LEGV2__CH_00597,89
UKPGA_2002_40__LEGV2__CH_00598,61
UKPGA_2002_40__LEGV2__CH_00599,63
UKPGA_2002_40__LEGV2__CH_00600,58
UKPGA_2002_40__LEGV2__CH_00601,36
UKPGA_2002_40__LEGV2__CH_00602,53
UKPGA_2002_40__LEGV2__CH_00603,82
UKPGA_2002_40__LEGV2__CH_00604,20
UKPGA_2002_40__LEGV2__CH_00605,82
UKPGA_2002_40__LEGV2__CH_00606,51
UKPGA_2002_40__LEGV2__CH_00607,28
UKPGA_2002_40__LEGV2__CH_00608,41
UKPGA_2002_40__LEGV2__CH_00609,134
UKPGA_2002_40__LEGV2__CH_00610,55
UKPGA_2002_40__LEGV2__CH_00611,41
UKPGA_2002_40__LEGV2__CH_00612,84
UKPGA_2002_40__LEGV2__CH_00613,76
UKPGA_2002_40__LEGV2__CH_00614,83
UKPGA_2002_40__LEGV2__CH_00615,25
UKPGA_2002_40__LEGV2__CH_00616,54
UKPGA_2002_40__LEGV2__CH_00617,35
UKPGA_2002_40__LEGV2__CH_00618,43
UKPGA_2002_40__LEGV2__CH_00619,26
UKPGA_2002_40__LEGV2__CH_00620,43
UKPGA_2002_40__LEGV2__CH_00621,49
UKPGA_2002_40__LEGV2__CH_00622,66
UKPGA_2002_40__LEGV2__CH_00623,72
UKPGA_2002_40__LEGV2__CH_00624,48
UKPGA_2002_40__LEGV2__CH_00626,83
UKPGA_2002_40__LEGV2__CH_00627,44
UKPGA_2002_40__LEGV2__CH_00628__M,101
UKPGA_2002_40__LEGV2__CH_00630,94
UKPGA_2002_40__LEGV2__CH_00631,63
UKPGA_2002_40__LEGV2__CH_00632,41
UKPGA_2002_40__LEGV2__CH_00633,87
UKPGA_2002_40__LEGV2__CH_00634,43
UKPGA_2002_40__LEGV2__CH_00635,38
UKPGA_2002_40__LEGV2__CH_00637,70
UKPGA_2002_40__LEGV2__CH_00638,131
UKPGA_2002_40__LEGV2__CH_00639,95
UKPGA_2002_40__LEGV2__CH_00640,45
UKPGA_2002_40__LEGV2__CH_00641,65
UKPGA_2002_40__LEGV2__CH_00642,54
UKPGA_2002_40__LEGV2__CH_00643,50
UKPGA_2002_40__LEGV2__CH_00644,71
UKPGA_2002_40__LEGV2__CH_00645,84
UKPGA_2002_40__LEGV2__CH_00646,90
UKPGA_2002_40__LEGV2__CH_00647,111
UKPGA_2002_40__LEGV2__CH_00648,89
UKPGA_2002_40__LEGV2__CH_00649,84
UKPGA_2002_40__LEGV2__CH_00650,46
UKPGA_2002_40__LEGV2__CH_00651,42
UKPGA_2002_40__LEGV2__CH_00652,37
UKPGA_2002_40__LEGV2__CH_00653,39
UKPGA_2002_40__LEGV2__CH_00654,84
UKPGA_2002_40__LEGV2__CH_00656,147
UKPGA_2002_40__LEGV2__CH_00657,38
UKPGA_2002_40__LEGV2__CH_00658,35
UKPGA_2002_40__LEGV2__CH_00659,37
UKPGA_2002_40__LEGV2__CH_00660,78
UKPGA_2002_40__LEGV2__CH_00661,79
UKPGA_2002_40__LEGV2__CH_00662,57
UKPGA_2002_40__LEGV2__CH_00663,103
UKPGA_2002_40__LEGV2__CH_00664,34
UKPGA_2002_40__LEGV2__CH_00665,42
UKPGA_2002_40__LEGV2__CH_00666,36
UKPGA_2002_40__LEGV2__CH_00667,57
UKPGA_2002_40__LEGV2__CH_00668,36
UKPGA_2002_40__LEGV2__CH_00669,57
UKPGA_2002_40__LEGV2__CH_00670,36
UKPGA_2002_40__LEGV2__CH_00671,37
UKPGA_2002_40__LEGV2__CH_00674,22
UKPGA_2002_40__LEGV2__CH_00675,123
UKPGA_2002_40__LEGV2__CH_00676,254
UKPGA_2002_40__LEGV2__CH_00677,93
UKPGA_2002_40__LEGV2__CH_00678,29
UKPGA_2002_40__LEGV2__CH_00679,36
UKPGA_2002_40__LEGV2__CH_00680,40
UKPGA_2002_40__LEGV2__CH_00681,46
UKPGA_2002_40__LEGV2__CH_00682,39
UKPGA_2002_40__LEGV2__CH_00683,56
UKPGA_2002_40__LEGV2__CH_00684,35
UKPGA_2002_40__LEGV2__CH_00685,47
UKPGA_2002_40__LEGV2__CH_00686,38
UKPGA_2002_40__LEGV2__CH_00687,47
UKPGA_2002_40__LEGV2__CH_00688,26
UKPGA_2002_40__LEGV2__CH_00689,65
UKPGA_2002_40__LEGV2__CH_00690,101
UKPGA_2002_40__LEGV2__CH_00691,65
UKPGA_2002_40__LEGV2__CH_00692,349
UKPGA_2002_40__LEGV2__CH_00693,401
UKPGA_2002_40__LEGV2__CH_00694,1695
UKPGA_2002_40__LEGV2__CH_00695,338
UKPGA_2002_40__LEGV2__CH_00696,83
UKPGA_2002_40__LEGV2__CH_00697,58
UKPGA_2002_40__LEGV2__CH_00698,146
UKPGA_2002_40__LEGV2__CH_00699,105
UKPGA_2002_40__LEGV2__CH_00700,53
UKPGA_2002_40__LEGV2__CH_00701,34
UKPGA_2002_40__LEGV2__CH_00702,38
UKPGA_2002_40__LEGV2__CH_00704,57
UKPGA_2002_40__LEGV2__CH_00706,67
UKPGA_2002_40__LEGV2__CH_00707,63
UKPGA_2002_40__LEGV2__CH_00708,65
UKPGA_2002_40__LEGV2__CH_00709,39
UKPGA_2002_40__LEGV2__CH_00710,29
UKPGA_2002_40__LEGV2__CH_00711,29
UKPGA_2002_40__LEGV2__CH_00712,72
UKPGA_2002_40__LEGV2__CH_00713,86
UKPGA_2002_40__LEGV2__CH_00714,170
UKPGA_2002_40__LEGV2__CH_00715,153
UKPGA_2002_40__LEGV2__CH_00716,76
UKPGA_2002_40__LEGV2__CH_00717,79
UKPGA_2002_40__LEGV2__CH_00718,43
UKPGA_2002_40__LEGV2__CH_00719,30
UKPGA_2002_40__LEGV2__CH_00720,47
UKPGA_2002_40__LEGV2__CH_00721,96
UKPGA_2002_40__LEGV2__CH_00722,84
UKPGA_2002_40__LEGV2__CH_00723,80
UKPGA_2002_40__LEGV2__CH_00724,553
UKPGA_2002_40__LEGV2__CH_00725,257
UKPGA_2002_40__LEGV2__CH_00726,301
UKPGA_2002_40__LEGV2__CH_00727,183
UKPGA_2002_40__LEGV2__CH_00728,98
UKPGA_2002_40__LEGV2__CH_00729,356
UKPGA_2002_40__LEGV2__CH_00730,106
UKPGA_2002_40__LEGV2__CH_00731,587
UKPGA_2002_40__LEGV2__CH_00732,22
UKPGA_2002_40__LEGV2__CH_00733,463
UKPGA_2002_40__LEGV2__CH_00734,33
UKPGA_2002_40__LEGV2__CH_00735,524
UKPGA_2002_40__LEGV2__CH_00736,152
UKPGA_2002_40__LEGV2__CH_00737,54
UKPGA_2002_40__LEGV2__CH_00738,156
UKPGA_2002_40__LEGV2__CH_00739,65
UKPGA_2002_40__LEGV2__CH_00740,320
UKPGA_2002_40__LEGV2__CH_00741,31
UKPGA_2002_40__LEGV2__CH_00743,93
UKPGA_2002_40__LEGV2__CH_00744,800
UKPGA_2002_40__LEGV2__CH_00745,671
UKPGA_2002_40__LEGV2__CH_00746,488
UKPGA_2002_40__LEGV2__CH_00747,452
UKPGA_2002_40__LEGV2__CH_00748,248
UKPGA_2002_40__LEGV2__CH_00749,64
UKPGA_2002_40__LEGV2__CH_00750,107
UKPGA_2002_40__LEGV2__CH_00751,246
UKPGA_2002_40__LEGV2__CH_00752,464
UKPGA_2002_40__LEGV2__CH_00753,126
UKPGA_2002_40__LEGV2__CH_00754,281
UKPGA_2002_40__LEGV2__CH_00755,139
UKPGA_2002_40__LEGV2__CH_00756,125
UKPGA_2002_40__LEGV2__CH_00757,766
UKPGA_2002_40__LEGV2__CH_00758,291
UKPGA_2002_40__LEGV2__CH_00759,525
UKPGA_2002_40__LEGV2__CH_00760,94
UKPGA_2002_40__LEGV2__CH_00761,180
UKPGA_2002_40__LEGV2__CH_00762,673
UKPGA_2002_40__LEGV2__CH_00763,453
UKPGA_2002_40__LEGV2__CH_00764,207
UKPGA_2002_40__LEGV2__CH_00765,219
UKPGA_2002_40__LEGV2__CH_00766,127
UKPGA_2002_40__LEGV2__CH_00767,735
UKPGA_2002_40__LEGV2__CH_00768,118
UKPGA_2002_40__LEGV2__CH_00769,46
UKPGA_2002_40__LEGV2__CH_00770,89
UKPGA_2002_40__LEGV2__CH_00771,43
UKPGA_2002_40__LEGV2__CH_00773,66
UKPGA_2002_40__LEGV2__CH_00774,70
UKPGA_2002_40__LEGV2__CH_00775,66
UKPGA_2002_40__LEGV2__CH_00776,56
UKPGA_2002_40__LEGV2__CH_00777,85
UKPGA_2002_40__LEGV2__CH_00778,50
UKPGA_2002_40__LEGV2__CH_00779,94
UKPGA_2002_40__LEGV2__CH_00780,35
UKPGA_2002_40__LEGV2__CH_00781,40
UKPGA_2002_40__LEGV2__CH_00782,97
UKPGA_2002_40__LEGV2__CH_00783,30
UKPGA_2002_40__LEGV2__CH_00784,58
UKPGA_2002_40__LEGV2__CH_00785,38
UKPGA_2002_40__LEGV2__CH_00786,34
UKPGA_2002_40__LEGV2__CH_00787,18
UKPGA_2002_40__LEGV2__CH_00788,49
UKPGA_2002_40__LEGV2__CH_00789,93
UKPGA_2002_40__LEGV2__CH_00790,37
UKPGA_2002_40__LEGV2__CH_00791,32
UKPGA_2002_40__LEGV2__CH_00792,64
UKPGA_2002_40__LEGV2__CH_00793,41
UKPGA_2002_40__LEGV2__CH_00794,53
UKPGA_2002_40__LEGV2__CH_00795,22
UKPGA_2002_40__LEGV2__CH_00796,29
UKPGA_2002_40__LEGV2__CH_00797,45
UKPGA_2002_40__LEGV2__CH_00798,31
UKPGA_2002_40__LEGV2__CH_00799,74
UKPGA_2002_40__LEGV2__CH_00800,95
UKPGA_2002_40__LEGV2__CH_00801,56
UKPGA_2002_40__LEGV2__CH_00802,50
UKPGA_2002_40__LEGV2__CH_00803,72
UKPGA_2002_40__LEGV2__CH_00805,30
UKPGA_2002_40__LEGV2__CH_00806,58
UKPGA_2002_40__LEGV2__CH_00808,26
UKPGA_2002_40__LEGV2__CH_00809,86
UKPGA_2002_40__LEGV2__CH_00810,73
UKPGA_2002_40__LEGV2__CH_00811,34
UKPGA_2002_40__LEGV2__CH_00812,41
UKPGA_2002_40__LEGV2__CH_00813,60
UKPGA_2002_40__LEGV2__CH_00814,46
UKPGA_2002_40__LEGV2__CH_00816,31
UKPGA_2002_40__LEGV2__CH_00817,56
UKPGA_2002_40__LEGV2__CH_00818,324
UKPGA_2002_40__LEGV2__CH_00819,32
UKPGA_2002_40__LEGV2__CH_00820,133
UKPGA_2002_40__LEGV2__CH_00821,33
UKPGA_2002_40__LEGV2__CH_00822,19
UKPGA_2002_40__LEGV2__CH_00823,28
UKPGA_2002_40__LEGV2__CH_00824,75
UKPGA_2002_40__LEGV2__CH_00825,65
UKPGA_2002_40__LEGV2__CH_00826,42
UKPGA_2002_40__LEGV2__CH_00828,46
UKPGA_2002_40__LEGV2__CH_00829,31
UKPGA_2002_40__LEGV2__CH_00830,43
UKPGA_2002_40__LEGV2__CH_00831,55
UKPGA_2002_40__LEGV2__CH_00832,21
UKPGA_2002_40__LEGV2__CH_00833,46
UKPGA_2002_40__LEGV2__CH_00834,76
UKPGA_2002_40__LEGV2__CH_00835,39
UKPGA_2002_40__LEGV2__CH_00837,39
UKPGA_2002_40__LEGV2__CH_00838,31
UKPGA_2002_40__LEGV2__CH_00839,66
UKPGA_2002_40__LEGV2__CH_00840,95
UKPGA_2002_40__LEGV2__CH_00841,51
UKPGA_2002_40__LEGV2__CH_00842,137
UKPGA_2002_40__LEGV2__CH_00843,28
UKPGA_2002_40__LEGV2__CH_00844,110
UKPGA_2002_40__LEGV2__CH_00845,18
UKPGA_2002_40__LEGV2__CH_00846,29
UKPGA_2002_40__LEGV2__CH_00847,35
UKPGA_2002_40__LEGV2__CH_00848,57
UKPGA_2002_40__LEGV2__CH_00849,22
UKPGA_2002_40__LEGV2__CH_00850,30
UKPGA_2002_40__LEGV2__CH_00851,23
UKPGA_2002_40__LEGV2__CH_00852,85
UKPGA_2002_40__LEGV2__CH_00853,35
UKPGA_2002_40__LEGV2__CH_00854,34
UKPGA_2002_40__LEGV2__CH_00855,24
UKPGA_2002_40__LEGV2__CH_00856,27
UKPGA_2002_40__LEGV2__CH_00857,29
UKPGA_2002_40__LEGV2__CH_00858,53
UKPGA_2002_40__LEGV2__CH_00859,80
UKPGA_2002_40__LEGV2__CH_00861,43
UKPGA_2002_40__LEGV2__CH_00862,21
UKPGA_2002_40__LEGV2__CH_00863,42
UKPGA_2002_40__LEGV2__CH_00864,46
UKPGA_2002_40__LEGV2__CH_00866,62
UKPGA_2002_40__LEGV2__CH_00867,40
UKPGA_2002_40__LEGV2__CH_00868,76
UKPGA_2002_40__LEGV2__CH_00869,23
UKPGA_2002_40__LEGV2__CH_00870,56
UKPGA_2002_40__LEGV2__CH_00871,56
UKPGA_2002_40__LEGV2__CH_00872,67
UKPGA_2002_40__LEGV2__CH_00873,53
UKPGA_2002_40__LEGV2__CH_00874,34
UKPGA_2002_40__LEGV2__CH_00875,146
UKPGA_2002_40__LEGV2__CH_00876,31
UKPGA_2002_40__LEGV2__CH_00878,43
UKPGA_2002_40__LEGV2__CH_00879,37
UKPGA_2002_40__LEGV2__CH_00880,41
UKPGA_2002_40__LEGV2__CH_00881,24
UKPGA_2002_40__LEGV2__CH_00882,38
UKPGA_2002_40__LEGV2__CH_00883,34
UKPGA_2002_40__LEGV2__CH_00884,77
UKPGA_2002_40__LEGV2__CH_00885,36
UKPGA_2002_40__LEGV2__CH_00887,37
UKPGA_2002_40__LEGV2__CH_00888,55
UKPGA_2002_40__LEGV2__CH_00890,43
UKPGA_2002_40__LEGV2__CH_00891,43
UKPGA_2002_40__LEGV2__CH_00892,43
UKPGA_2002_40__LEGV2__CH_00893,44
UKPGA_2002_40__LEGV2__CH_00894,34
UKPGA_2002_40__LEGV2__CH_00895,43
UKPGA_2002_40__LEGV2__CH_00896,114
UKPGA_2002_40__LEGV2__CH_00897,74
UKPGA_2002_40__LEGV2__CH_00898,28
UKPGA_2002_40__LEGV2__CH_00899,42
UKPGA_2002_40__LEGV2__CH_00901,59
UKPGA_2002_40__LEGV2__CH_00902,45
UKPGA_2002_40__LEGV2__CH_00903,27
UKPGA_2002_40__LEGV2__CH_00904,47
UKPGA_2002_40__LEGV2__CH_00905,52
UKPGA_2002_40__LEGV2__CH_00906,95
UKPGA_2002_40__LEGV2__CH_00907,36
UKPGA_2002_40__LEGV2__CH_00908,43
UKPGA_2002_40__LEGV2__CH_00909,40
UKPGA_2002_40__LEGV2__CH_00910,40
UKPGA_2002_40__LEGV2__CH_00911,141
UKPGA_2002_40__LEGV2__CH_00912,154
UKPGA_2002_40__LEGV2__CH_00913,65
UKPGA_2002_40__LEGV2__CH_00914,155
UKPGA_2002_40__LEGV2__CH_00916,116
UKPGA_2002_40__LEGV2__CH_00917,34
UKPGA_2002_40__LEGV2__CH_00918,32
UKPGA_2002_40__LEGV2__CH_00919,39
UKPGA_2002_40__LEGV2__CH_00920,27
UKPGA_2002_40__LEGV2__CH_00921,37
UKPGA_2002_40__LEGV2__CH_00922,124
UKPGA_2002_40__LEGV2__CH_00923,32
UKPGA_2002_40__LEGV2__CH_00924,47
UKPGA_2002_40__LEGV2__CH_00925,105
UKPGA_2002_40__LEGV2__CH_00927,21
UKPGA_2002_40__LEGV2__CH_00928,35
UKPGA_2002_40__LEGV2__CH_00929,21
UKPGA_2002_40__LEGV2__CH_00933,65
UKPGA_2002_40__LEGV2__CH_00934,33
UKPGA_2002_40__LEGV2__CH_00935,33
UKPGA_2002_40__LEGV2__CH_00936,58
UKPGA_2002_40__LEGV2__CH_00937,21
UKPGA_2002_40__LEGV2__CH_00938,41
UKPGA_2002_40__LEGV2__CH_00940,30
UKPGA_2002_40__LEGV2__CH_00941,118
UKPGA_2002_40__LEGV2__CH_00942,79
UKPGA_2002_40__LEGV2__CH_00943,35
UKPGA_2002_40__LEGV2__CH_00944,67
UKPGA_2002_40__LEGV2__CH_00946,50
UKPGA_2002_40__LEGV2__CH_00947,29
UKPGA_2002_40__LEGV2__CH_00948,32
UKPGA_2002_40__LEGV2__CH_00949,44
UKPGA_2002_40__LEGV2__CH_00950,54
UKPGA_2002_40__LEGV2__CH_00951,36
UKPGA_2002_40__LEGV2__CH_00952,69
UKPGA_2002_40__LEGV2__CH_00953,23
UKPGA_2002_40__LEGV2__CH_00954,23
UKPGA_2002_40__LEGV2__CH_00955,25
UKPGA_2002_40__LEGV2__CH_00956,30
UKPGA_2002_40__LEGV2__CH_00957,48
UKPGA_2002_40__LEGV2__CH_00958,102
UKPGA_2002_40__LEGV2__CH_00959,27
UKPGA_2002_40__LEGV2__CH_00960,26
UKPGA_2002_40__LEGV2__CH_00961,20
UKPGA_2002_40__LEGV2__CH_00963,44
UKPGA_2002_40__LEGV2__CH_00964,51
UKPGA_2002_40__LEGV2__CH_00965,91
UKPGA_2002_40__LEGV2__CH_00966,51
UKPGA_2002_40__LEGV2__CH_00967,24
UKPGA_2002_40__LEGV2__CH_00968,55
UKPGA_2002_40__LEGV2__CH_00969,20
UKPGA_2002_40__LEGV2__CH_00970,44
UKPGA_2002_40__LEGV2__CH_00971,43
UKPGA_2002_40__LEGV2__CH_00972,33
UKPGA_2002_40__LEGV2__CH_00973,46
UKPGA_2002_40__LEGV2__CH_00974,30
UKPGA_2002_40__LEGV2__CH_00976,27
UKPGA_2002_40__LEGV2__CH_00977,41
UKPGA_2002_40__LEGV2__CH_00979,207
UKPGA_2002_40__LEGV2__CH_00980,284
UKPGA_2002_40__LEGV2__CH_00981,193
UKPGA_2002_40__LEGV2__CH_00982,34
UKPGA_2002_40__LEGV2__CH_00983,374
UKPGA_2002_40__LEGV2__CH_00984,152
UKPGA_2002_40__LEGV2__CH_00985,944
UKPGA_2002_40__LEGV2__CH_00986,197
UKPGA_2002_40__LEGV2__CH_00987,173
UKPGA_2002_40__LEGV2__CH_00988,52
UKPGA_2002_40__LEGV2__CH_00989,235
UKPGA_2002_40__LEGV2__CH_00990,164
UKPGA_2002_40__LEGV2__CH_00991,20
UKPGA_2002_40__LEGV2__CH_00992,465
UKPGA_2002_40__LEGV2__CH_00993,338
UKPGA_2002_40__LEGV2__CH_00994,757
UKPGA_2002_40__LEGV2__CH_00995,381
UKPGA_2002_40__LEGV2__CH_00996,61
UKPGA_2002_40__LEGV2__CH_00997,339
UKPGA_2002_40__LEGV2__CH_00998,230
UKPGA_2002_40__LEGV2__CH_00999,616
UKPGA_2002_40__LEGV2__CH_01000,572
UKPGA_2002_40__LEGV2__CH_01001,79
UKPGA_2002_40__LEGV2__CH_01002,27
UKPGA_2002_40__LEGV2__CH_01003,121
UKPGA_2002_40__LEGV2__CH_01004,382
UKPGA_2002_40__LEGV2__CH_01005,388
UKPGA_2002_40__LEGV2__CH_01006,316
UKPGA_2002_40__LEGV2__CH_01007,137
UKPGA_2002_40__LEGV2__CH_01008,32
UKPGA_2002_40__LEGV2__CH_01010,205
UKPGA_2002_40__LEGV2__CH_01011,201
UKPGA_2002_40__LEGV2__CH_01013,122
UKPGA_2002_40__LEGV2__CH_01014,44
UKPGA_2002_40__LEGV2__CH_01015,62
UKPGA_2002_40__LEGV2__CH_01016,56
UKPGA_2002_40__LEGV2__CH_01017,58
UKPGA_2002_40__LEGV2__CH_01018,55
UKPGA_2002_40__LEGV2__CH_01019,70
UKPGA_2002_40__LEGV2__CH_01020,79
UKPGA_2002_40__LEGV2__CH_01021,66
UKPGA_2002_40__LEGV2__CH_01022,159
UKPGA_2002_40__LEGV2__CH_01023,97
UKPGA_2002_40__LEGV2__CH_01024,97
UKPGA_2002_40__LEGV2__CH_01025,42
UKPGA_2002_40__LEGV2__CH_01026,59
UKPGA_2002_40__LEGV2__CH_01027,80
UKPGA_2002_40__LEGV2__CH_01028,92
UKPGA_2002_40__LEGV2__CH_01029,184
UKPGA_2002_40__LEGV2__CH_01030,26
UKPGA_2002_40__LEGV2__CH_01031,148
UKPGA_2002_40__LEGV2__CH_01032,31
UKPGA_2002_40__LEGV2__CH_01033,51
UKPGA_2002_40__LEGV2__CH_01034,63
UKPGA_2002_40__LEGV2__CH_01035,33
UKPGA_2002_40__LEGV2__CH_01036,56
UKPGA_2002_40__LEGV2__CH_01037,76
UKPGA_2002_40__LEGV2__CH_01038,99
UKPGA_2002_40__LEGV2__CH_01039,104
UKPGA_2002_40__LEGV2__CH_01040,158
UKPGA_2002_40__LEGV2__CH_01050,122
UKPGA_2002_40__LEGV2__CH_01053,64
UKPGA_2002_40__LEGV2__CH_01055,50
UKPGA_2002_40__LEGV2__CH_01056,97
UKPGA_2002_40__LEGV2__CH_01057,40
UKPGA_2002_40__LEGV2__CH_01058,39
UKPGA_2002_40__LEGV2__CH_01059,39
UKPGA_2002_40__LEGV2__CH_01060,306
UKPGA_2002_40__LEGV2__CH_01061,113
UKPGA_2002_40__LEGV2__CH_01062,72
UKPGA_2002_40__LEGV2__CH_01063,93
UKPGA_2002_40__LEGV2__CH_01064,847
UKPGA_2002_40__LEGV2__CH_01066,435
UKPGA_2002_40__LEGV2__CH_01069,165
UKPGA_2002_40__LEGV2__CH_01070,107
UKPGA_2002_40__LEGV2__CH_01072,71
UKPGA_2002_40__LEGV2__CH_01073,91
UKPGA_2002_40__LEGV2__CH_01074,76
UKPGA_2002_40__LEGV2__CH_01075,115
UKPGA_2002_40__LEGV2__CH_01076,169
UKPGA_2002_40__LEGV2__CH_01077,39
UKPGA_2002_40__LEGV2__CH_01078,49
UKPGA_2002_40__LEGV2__CH_01079,113
UKPGA_2002_40__LEGV2__CH_01081,62
UKPGA_2002_40__LEGV2__CH_01082,54
UKPGA_2002_40__LEGV2__CH_01083,108
UKPGA_2002_40__LEGV2__CH_01084,195
UKPGA_2002_40__LEGV2__CH_01085,124
UKPGA_2002_40__LEGV2__CH_01086,39
UKPGA_2002_40__LEGV2__CH_01087,55
UKPGA_2002_40__LEGV2__CH_01088,71
UKPGA_2002_40__LEGV2__CH_01089,34
UKPGA_2002_40__LEGV2__CH_01090,81
UKPGA_2002_40__LEGV2__CH_01091,52
UKPGA_2002_40__LEGV2__CH_01092,105
UKPGA_2002_40__LEGV2__CH_01093,35
UKPGA_2002_40__LEGV2__CH_01094,38
UKPGA_2002_40__LEGV2__CH_01095,46
UKPGA_2002_40__LEGV2__CH_01096,47
UKPGA_2002_40__LEGV2__CH_01097,270
UKPGA_2002_40__LEGV2__CH_01098,152
UKPGA_2002_40__LEGV2__CH_01099,36
UKPGA_2002_40__LEGV2__CH_01100,140
UKPGA_2002_40__LEGV2__CH_01101,147
UKPGA_2002_40__LEGV2__CH_01102,68
UKPGA_2002_40__LEGV2__CH_01103,22
UKPGA_2002_40__LEGV2__CH_01104,20
UKPGA_2002_40__LEGV2__CH_01105,45
UKPGA_2002_40__LEGV2__CH_01106,46
UKPGA_2002_40__LEGV2__CH_01107,47
UKPGA_2002_40__LEGV2__CH_01108,82
UKPGA_2002_40__LEGV2__CH_01109,60
UKPGA_2002_40__LEGV2__CH_01110,30
UKPGA_2002_40__LEGV2__CH_01111,134
UKPGA_2002_40__LEGV2__CH_01112,61
UKPGA_2002_40__LEGV2__CH_01113,145
UKPGA_2002_40__LEGV2__CH_01114,45
UKPGA_2002_40__LEGV2__CH_01115,77
UKPGA_2002_40__LEGV2__CH_01116,49
UKPGA_2002_40__LEGV2__CH_01117,32
UKPGA_2002_40__LEGV2__CH_01118,68
UKPGA_2002_40__LEGV2__CH_01119,215
UKPGA_2002_40__LEGV2__CH_01120,162
UKPGA_2002_40__LEGV2__CH_01121,135
UKPGA_2002_40__LEGV2__CH_01122,104
UKPGA_2002_40__LEGV2__CH_01123,180
UKPGA_2002_40__LEGV2__CH_01124,42
UKPGA_2002_40__LEGV2__CH_01125,43
UKPGA_2002_40__LEGV2__CH_01126,231
UKPGA_2002_40__LEGV2__CH_01127,110
UKPGA_2002_40__LEGV2__CH_01128,50
UKPGA_2002_40__LEGV2__CH_01129,147
UKPGA_2002_40__LEGV2__CH_01130,329
UKPGA_2002_40__LEGV2__CH_01131,121
UKPGA_2002_40__LEGV2__CH_01132,47
UKPGA_2002_40__LEGV2__CH_01133,60
UKPGA_2002_40__LEGV2__CH_01134,39
UKPGA_2002_40__LEGV2__CH_01136,112
UKPGA_2002_40__LEGV2__CH_01137,84
UKPGA_2002_40__LEGV2__CH_01138,178
UKPGA_2002_40__LEGV2__CH_01139,75
UKPGA_2002_40__LEGV2__CH_01140,23
UKPGA_2002_40__LEGV2__CH_01141,239
UKPGA_2002_40__LEGV2__CH_01142,587
UKPGA_2002_40__LEGV2__CH_01143,178
UKPGA_2002_40__LEGV2__CH_01144,85
UKPGA_2002_40__LEGV2__CH_01145,60
UKPGA_2002_40__LEGV2__CH_01146,167
UKPGA_2002_40__LEGV2__CH_01147,117
UKPGA_2002_40__LEGV2__CH_01148,168
UKPGA_2002_40__LEGV2__CH_01149,86
UKPGA_2002_40__LEGV2__CH_01150,59
UKPGA_2002_40__LEGV2__CH_01151,28
UKPGA_2002_40__LEGV2__CH_01153,78
UKPGA_2002_40__LEGV2__CH_01155,214
UKPGA_2002_40__LEGV2__CH_01156,201
UKPGA_2002_40__LEGV2__CH_01157,57
UKPGA_2002_40__LEGV2__CH_01158,70
UKPGA_2002_40__LEGV2__CH_01159,183
UKPGA_2002_40__LEGV2__CH_01160,249
UKPGA_2002_40__LEGV2__CH_01161,130
UKPGA_2002_40__LEGV2__CH_01162,26
UKPGA_2002_40__LEGV2__CH_01163,96
UKPGA_2002_40__LEGV2__CH_01164,91
UKPGA_2002_40__LEGV2__CH_01165,114
UKPGA_2002_40__LEGV2__CH_01166,127
UKPGA_2002_40__LEGV2__CH_01167,84
UKPGA_2002_40__LEGV2__CH_01168,142
UKPGA_2002_40__LEGV2__CH_01169,148
UKPGA_2002_40__LEGV2__CH_01170,162
UKPGA_2002_40__LEGV2__CH_01171,75
UKPGA_2002_40__LEGV2__CH_01172,108
UKPGA_2002_40__LEGV2__CH_01173,80
UKPGA_2002_40__LEGV2__CH_01174,51
UKPGA_2002_40__LEGV2__CH_01175,134
UKPGA_2002_40__LEGV2__CH_01176,75
UKPGA_2002_40__LEGV2__CH_01177,91
UKPGA_2002_40__LEGV2__CH_01178,98
UKPGA_2002_40__LEGV2__CH_01179,64
UKPGA_2002_40__LEGV2__CH_01180,594
UKPGA_2002_40__LEGV2__CH_01181,634
UKPGA_2002_40__LEGV2__CH_01182,629
UKPGA_2002_40__LEGV2__CH_01183,325
UKPGA_2002_40__LEGV2__CH_01184,285
UKPGA_2002_40__LEGV2__CH_01185,450
UKPGA_2002_40__LEGV2__CH_01186,85
UKPGA_2002_40__LEGV2__CH_01187,86
UKPGA_2002_40__LEGV2__CH_01188,39
UKPGA_2002_40__LEGV2__CH_01189,37
UKPGA_2002_40__LEGV2__CH_01190,68
UKPGA_2002_40__LEGV2__CH_01191,35
UKPGA_2002_40__LEGV2__CH_01192,70
UKPGA_2002_40__LEGV2__CH_01193,247
UKPGA_2002_40__LEGV2__CH_01194,228
UKPGA_2002_40__LEGV2__CH_01195,230
UKPGA_2002_40__LEGV2__CH_01196,73
UKPGA_2002_40__LEGV2__CH_01197,77
UKPGA_2002_40__LEGV2__CH_01198,53
UKPGA_2002_40__LEGV2__CH_01199,66
UKPGA_2002_40__LEGV2__CH_01200,35
UKPGA_2002_40__LEGV2__CH_01201,67
UKPGA_2002_40__LEGV2__CH_01202,133
UKPGA_2002_40__LEGV2__CH_01203,261
UKPGA_2002_40__LEGV2__CH_01204,253
UKPGA_2002_40__LEGV2__CH_01205,247
UKPGA_2002_40__LEGV2__CH_01206,49
UKPGA_2002_40__LEGV2__CH_01207,60
UKPGA_2002_40__LEGV2__CH_01208,54
UKPGA_2002_40__LEGV2__CH_01209,44
UKPGA_2002_40__LEGV2__CH_01210,58
UKPGA_2002_40__LEGV2__CH_01211,63
UKPGA_2002_40__LEGV2__CH_01212,39
UKPGA_2002_40__LEGV2__CH_01213,99
UKPGA_2002_40__LEGV2__CH_01214,33
UKPGA_2002_40__LEGV2__CH_01215,64
UKPGA_2002_40__LEGV2__CH_01216,38
UKPGA_2002_40__LEGV2__CH_01217,45
UKPGA_2002_40__LEGV2__CH_01218,37
UKPGA_2002_40__LEGV2__CH_01219,175
UKPGA_2002_40__LEGV2__CH_01221,119
UKPGA_2002_40__LEGV2__CH_01222,82
UKPGA_2002_40__LEGV2__CH_01223,83
UKPGA_2002_40__LEGV2__CH_01224,63
UKPGA_2002_40__LEGV2__CH_01225,111
UKPGA_2002_40__LEGV2__CH_01226,47
UKPGA_2002_40__LEGV2__CH_01227,100
UKPGA_2002_40__LEGV2__CH_01228,32
UKPGA_2002_40__LEGV2__CH_01229,103
UKPGA_2002_40__LEGV2__CH_01230,18
UKPGA_2002_40__LEGV2__CH_01231,181
UKPGA_2002_40__LEGV2__CH_01232,522
UKPGA_2002_40__LEGV2__CH_01233,125
UKPGA_2002_40__LEGV2__CH_01234,51
UKPGA_2002_40__LEGV2__CH_01235,51
UKPGA_2002_40__LEGV2__CH_01236,147
UKPGA_2002_40__LEGV2__CH_01237,29
UKPGA_2002_40__LEGV2__CH_01238,68
UKPGA_2002_40__LEGV2__CH_01239,61
UKPGA_2002_40__LEGV2__CH_01240,150
UKPGA_2002_40__LEGV2__CH_01241,130
UKPGA_2002_40__LEGV2__CH_01242,28
UKPGA_2002_40__LEGV2__CH_01243,68
UKPGA_2002_40__LEGV2__CH_01244,373
UKPGA_2002_40__LEGV2__CH_01245,374
UKPGA_2002_40__LEGV2__CH_01246,65
UKPGA_2002_40__LEGV2__CH_01247,606
UKPGA_2002_40__LEGV2__CH_01248,566
UKPGA_2002_40__LEGV2__CH_01250,398
UKPGA_2002_40__LEGV2__CH_01251,402
UKPGA_2002_40__LEGV2__CH_01252,77
UKPGA_2002_40__LEGV2__CH_01253,353
UKPGA_2002_40__LEGV2__CH_01254,312
UKPGA_2002_40__LEGV2__CH_01255,418
UKPGA_2002_40__LEGV2__CH_01256,370
UKPGA_2002_40__LEGV2__CH_01257,65
UKPGA_2002_40__LEGV2__CH_01258,161
UKPGA_2002_40__LEGV2__CH_01259,183
UKPGA_2002_40__LEGV2__CH_01260,65
UKPGA_2002_40__LEGV2__CH_01262,49
UKPGA_2002_40__LEGV2__CH_01263,52
UKPGA_2002_40__LEGV2__CH_01264,130
UKPGA_2002_40__LEGV2__CH_01265,163
UKPGA_2002_40__LEGV2__CH_01266,24
UKPGA_2002_40__LEGV2__CH_01267,56
UKPGA_2002_40__LEGV2__CH_01268,128
UKPGA_2002_40__LEGV2__CH_01269,165
UKPGA_2002_40__LEGV2__CH_01271,55
UKPGA_2002_40__LEGV2__CH_01272,99
UKPGA_2002_40__LEGV2__CH_01273,49
UKPGA_2002_40__LEGV2__CH_01274,96
UKPGA_2002_40__LEGV2__CH_01275,56
UKPGA_2002_40__LEGV2__CH_01276,59
UKPGA_2002_40__LEGV2__CH_01277,83
UKPGA_2002_40__LEGV2__CH_01278,97
UKPGA_2002_40__LEGV2__CH_01280,100
UKPGA_2002_40__LEGV2__CH_01281,60
UKPGA_2002_40__LEGV2__CH_01282,96
UKPGA_2002_40__LEGV2__CH_01284,55
UKPGA_2002_40__LEGV2__CH_01285,59
UKPGA_2002_40__LEGV2__CH_01286,36
UKPGA_2002_40__LEGV2__CH_01287,94
UKPGA_2002_40__LEGV2__CH_01289,100
UKPGA_2002_40__LEGV2__CH_01290,55
UKPGA_2002_40__LEGV2__CH_01292,55
UKPGA_2002_40__LEGV2__CH_01293,59
UKPGA_2002_40__LEGV2__CH_01294,77
UKPGA_2002_40__LEGV2__CH_01295,97
UKPGA_2002_40__LEGV2__CH_01297,35
UKPGA_2002_40__LEGV2__CH_01298,60
UKPGA_2002_40__LEGV2__CH_01299,55
UKPGA_2002_40__LEGV2__CH_01300,104
UKPGA_2002_40__LEGV2__CH_01301,113
UKPGA_2002_40__LEGV2__CH_01302,59
UKPGA_2002_40__LEGV2__CH_01303,94
UKPGA_2002_40__LEGV2__CH_01305,46
UKPGA_2002_40__LEGV2__CH_01306,53
UKPGA_2002_40__LEGV2__CH_01307,53
UKPGA_2002_40__LEGV2__CH_01308,144
UKPGA_2002_40__LEGV2__CH_01309,56
UKPGA_2002_40__LEGV2__CH_01310,79
UKPGA_2002_40__LEGV2__CH_01311,92
UKPGA_2002_40__LEGV2__CH_01313,33
UKPGA_2002_40__LEGV2__CH_01314,59
UKPGA_2002_40__LEGV2__CH_01315,50
UKPGA_2002_40__LEGV2__CH_01316,95
UKPGA_2002_40__LEGV2__CH_01317,33
UKPGA_2002_40__LEGV2__CH_01318,55
UKPGA_2002_40__LEGV2__CH_01319,58
UKPGA_2002_40__LEGV2__CH_01320,73
UKPGA_2002_40__LEGV2__CH_01321,77
UKPGA_2002_40__LEGV2__CH_01322,94
UKPGA_2002_40__LEGV2__CH_01324,42
UKPGA_2002_40__LEGV2__CH_01326,54
UKPGA_2002_40__LEGV2__CH_01327,92
UKPGA_2002_40__LEGV2__CH_01328,52
UKPGA_2002_40__LEGV2__CH_01330,34
UKPGA_2002_40__LEGV2__CH_01331,89
UKPGA_2002_40__LEGV2__CH_01333,24
UKPGA_2002_40__LEGV2__CH_01334,29
UKPGA_2002_40__LEGV2__CH_01335,42
UKPGA_2002_40__LEGV2__CH_01337,57
UKPGA_2002_40__LEGV2__CH_01338,54
UKPGA_2002_40__LEGV2__CH_01339,33
UKPGA_2002_40__LEGV2__CH_01340,36
UKPGA_2002_40__LEGV2__CH_01341,34
UKPGA_2002_40__LEGV2__CH_01343,113
UKPGA_2002_40__LEGV2__CH_01344,309
UKPGA_2002_40__LEGV2__CH_01345,132
UKPGA_2002_40__LEGV2__CH_01346,131
UKPGA_2002_40__LEGV2__CH_01347,127
UKPGA_2002_40__LEGV2__CH_01348,128
UKPGA_2002_40__LEGV2__CH_01349,152
UKPGA_2002_40__LEGV2__CH_01350,122
UKPGA_2002_40__LEGV2__CH_01351,184
UKPGA_2002_40__LEGV2__CH_01352,121
UKPGA_2002_40__LEGV2__CH_01353,125
UKPGA_2002_40__LEGV2__CH_01354,34
UKPGA_2002_40__LEGV2__CH_01356,44
UKPGA_2002_40__LEGV2__CH_01357,168
UKPGA_2002_40__LEGV2__CH_01358,190
UKPGA_2002_40__LEGV2__CH_01359,90
UKPGA_2002_40__LEGV2__CH_01361,32
UKPGA_2002_40__LEGV2__CH_01362,74
UKPGA_2002_40__LEGV2__CH_01364,234
UKPGA_2002_40__LEGV2__CH_01365,1024
UKPGA_2002_40__LEGV2__CH_01366,58
UKPGA_2002_40__LEGV2__CH_01367,272
UKPGA_2002_40__LEGV2__CH_01368,100
UKPGA_2002_40__LEGV2__CH_01369,42
UKPGA_2002_40__LEGV2__CH_01370,40
UKPGA_2002_40__LEGV2__CH_01372,149
UKPGA_2002_40__LEGV2__CH_01373,38
UKPGA_2002_40__LEGV2__CH_01385,150
UKPGA_2002_40__LEGV2__CH_01386,50
UKPGA_2002_40__LEGV2__CH_01387,281
UKPGA_2002_40__LEGV2__CH_01388,23
UKPGA_2002_40__LEGV2__CH_01389,24
UKPGA_2002_40__LEGV2__CH_01390,34
UKPGA_2002_40__LEGV2__CH_01391,43
UKPGA_2002_40__LEGV2__CH_01392,77
UKPGA_2002_40__LEGV2__CH_01393,266
UKPGA_2002_40__LEGV2__CH_01394,19
UKPGA_2002_40__LEGV2__CH_01395,52
UKPGA_2002_40__LEGV2__CH_01396,248
UKPGA_2002_40__LEGV2__CH_01397,200
UKPGA_2002_40__LEGV2__CH_01398,302
UKPGA_2002_40__LEGV2__CH_01399,178
UKPGA_2002_40__LEGV2__CH_01400,29
UKPGA_2002_40__LEGV2__CH_01401,47
UKPGA_2002_40__LEGV2__CH_01402,321
UKPGA_2002_40__LEGV2__CH_01403,20
UKPGA_2002_40__LEGV2__CH_01404,70
UKPGA_2002_40__LEGV2__CH_01405,75
UKPGA_2002_40__LEGV2__CH_01406,23
UKPGA_2002_40__LEGV2__CH_01407,80
UKPGA_2002_40__LEGV2__CH_01408,134
UKPGA_2002_40__LEGV2__CH_01409,69
UKPGA_2002_40__LEGV2__CH_01410,128
UKPGA_2002_40__LEGV2__CH_01411,242
UKPGA_2002_40__LEGV2__CH_01412,113
UKPGA_2002_40__LEGV2__CH_01413,327
UKPGA_2002_40__LEGV2__CH_01414,68
UKPGA_2002_40__LEGV2__CH_01415,19
UKPGA_2002_40__LEGV2__CH_01416,69
UKPGA_2002_40__LEGV2__CH_01417,48
UKPGA_2002_40__LEGV2__CH_01418,74
UKPGA_2002_40__LEGV2__CH_01419,103
UKPGA_2002_40__LEGV2__CH_01420,127
UKPGA_2002_40__LEGV2__CH_01421,161
UKPGA_2002_40__LEGV2__CH_01422,124
UKPGA_2002_40__LEGV2__CH_01423,230
UKPGA_2002_40__LEGV2__CH_01424,148
UKPGA_2002_40__LEGV2__CH_01425,220
UKPGA_2002_40__LEGV2__CH_01426,137
UKPGA_2002_40__LEGV2__CH_01427,286
UKPGA_2002_40__LEGV2__CH_01428,384
UKPGA_2002_40__LEGV2__CH_01429,133
UKPGA_2002_40__LEGV2__CH_01430,357
UKPGA_2002_40__LEGV2__CH_01431,334
UKPGA_2002_40__LEGV2__CH_01432,157
UKPGA_2002_40__LEGV2__CH_01433,371
UKPGA_2002_40__LEGV2__CH_01434,101
UKPGA_2002_40__LEGV2__CH_01435,171
UKPGA_2002_40__LEGV2__CH_01436,215
UKPGA_2002_40__LEGV2__CH_01437,123
UKPGA_2002_40__LEGV2__CH_01438,342
UKPGA_2002_40__LEGV2__CH_01439,154
UKPGA_2002_40__LEGV2__CH_01440,99
UKPGA_2002_40__LEGV2__CH_01441,86
UKPGA_2002_40__LEGV2__CH_01442,115
UKPGA_2002_40__LEGV2__CH_01443,98
UKPGA_2002_40__LEGV2__CH_01444,19
UKPGA_2002_40__LEGV2__CH_01445,38
UKPGA_2002_40__LEGV2__CH_01446,19
UKPGA_2002_40__LEGV2__CH_01447,21
UKPGA_2002_40__LEGV2__CH_01448,96
UKPGA_2002_40__LEGV2__CH_01449,80
UKPGA_2002_40__LEGV2__CH_01450,39
UKPGA_2002_40__LEGV2__CH_01451,29
UKPGA_2002_40__LEGV2__CH_01452,225
UKPGA_2002_40__LEGV2__CH_01453,20
UKPGA_2002_40__LEGV2__CH_01454,112
UKPGA_2002_40__LEGV2__CH_01455,282
UKPGA_2002_40__LEGV2__CH_01456,265
UKPGA_2002_40__LEGV2__CH_01457,207
UKPGA_2002_40__LEGV2__CH_01458,411
UKPGA_2002_40__LEGV2__CH_01459,304
UKPGA_2002_40__LEGV2__CH_01460,83
UKPGA_2002_40__LEGV2__CH_01461,106
UKPGA_2002_40__LEGV2__CH_01462,349
UKPGA_2002_40__LEGV2__CH_01463,214
UKPGA_2002_40__LEGV2__CH_01464,226
UKPGA_2002_40__LEGV2__CH_01465,160
UKPGA_2002_40__LEGV2__CH_01466,202
UKPGA_2002_40__LEGV2__CH_01467,73
UKPGA_2002_40__LEGV2__CH_01468,56
UKPGA_2002_40__LEGV2__CH_01469,18
UKPGA_2002_40__LEGV2__CH_01471,57
UKPGA_2002_40__LEGV2__CH_01472,66
UKPGA_2002_40__LEGV2__CH_01473,58
UKPGA_2002_40__LEGV2__CH_01474,181
UKPGA_2002_40__LEGV2__CH_01475,40
UKPGA_2002_40__LEGV2__CH_01476,27
UKPGA_2002_40__LEGV2__CH_01478,33
UKPGA_2002_40__LEGV2__CH_01479,57
UKPGA_2002_40__LEGV2__CH_01480,42
UKPGA_2002_40__LEGV2__CH_01481,49
UKPGA_2002_40__LEGV2__CH_01482,35
UKPGA_2002_40__LEGV2__CH_01483,26
UKPGA_2002_40__LEGV2__CH_01484,46
UKPGA_2002_40__LEGV2__CH_01486,29
UKPGA_2002_40__LEGV2__CH_01487,29
UKPGA_2002_40__LEGV2__CH_01488,25
UKPGA_2002_40__LEGV2__CH_01490,112
UKPGA_2002_40__LEGV2__CH_01492,34
UKPGA_2002_40__LEGV2__CH_01493,107
UKPGA_2002_40__LEGV2__CH_01495,37
UKPGA_2002_40__LEGV2__CH_01496,96
UKPGA_2002_40__LEGV2__CH_01497,85
UKPGA_2002_40__LEGV2__CH_01498,32
UKPGA_2002_40__LEGV2__CH_01499,22
UKPGA_2002_40__LEGV2__CH_01500,54
UKPGA_2002_40__LEGV2__CH_01501,24
UKPGA_2002_40__LEGV2__CH_01503,72
UKPGA_2002_40__LEGV2__CH_01504,191
UKPGA_2002_40__LEGV2__CH_01505,98
UKPGA_2002_40__LEGV2__CH_01506,353
UKPGA_2002_40__LEGV2__CH_01507,509
UKPGA_2002_40__LEGV2__CH_01508,161
UKPGA_2002_40__LEGV2__CH_01509,211
UKPGA_2002_40__LEGV2__CH_01510,58
UKPGA_2002_40__LEGV2__CH_01511,407
UKPGA_2002_40__LEGV2__CH_01512,23
UKPGA_2002_40__LEGV2__CH_01513,35
UKPGA_2002_40__LEGV2__CH_01514,138
UKPGA_2002_40__LEGV2__CH_01515,77
UKPGA_2002_40__LEGV2__CH_01516,337
UKPGA_2002_40__LEGV2__CH_01517,31
UKPGA_2002_40__LEGV2__CH_01518,97
UKPGA_2002_40__LEGV2__CH_01519,295
UKPGA_2002_40__LEGV2__CH_01520,45
UKPGA_2002_40__LEGV2__CH_01521,107
UKPGA_2002_40__LEGV2__CH_01522,59
UKPGA_2002_40__LEGV2__CH_01523,175
UKPGA_2002_40__LEGV2__CH_01524,223
UKPGA_2002_40__LEGV2__CH_01525,132
UKPGA_2002_40__LEGV2__CH_01526,60
UKPGA_2002_40__LEGV2__CH_01528,90
UKPGA_2002_40__LEGV2__CH_01529,34
UKPGA_2002_40__LEGV2__CH_01530,41
UKPGA_2002_40__LEGV2__CH_01531,184
UKPGA_2002_40__LEGV2__CH_01532,113
UKPGA_2002_40__LEGV2__CH_01533,91
UKPGA_2002_40__LEGV2__CH_01534,61
UKPGA_2002_40__LEGV2__CH_01535,38
UKPGA_2002_40__LEGV2__CH_01536,37
UKPGA_2002_40__LEGV2__CH_01537,89
UKPGA_2002_40__LEGV2__CH_01538,66
UKPGA_2002_40__LEGV2__CH_01539,61
UKPGA_2002_40__LEGV2__CH_01540,74
UKPGA_2002_40__LEGV2__CH_01541,74
UKPGA_2002_40__LEGV2__CH_01543,28
UKPGA_2002_40__LEGV2__CH_01545,58
UKPGA_2002_40__LEGV2__CH_01546,30
UKPGA_2002_40__LEGV2__CH_01547__M,69
UKPGA_2002_40__LEGV2__CH_01549,448
UKPGA_2002_40__LEGV2__CH_01550,275
UKPGA_2002_40__LEGV2__CH_01551,81
UKPGA_2002_40__LEGV2__CH_01552,79
UKPGA_2002_40__LEGV2__CH_01553,57
UKPGA_2002_40__LEGV2__CH_01554__M,350
UKPGA_2002_40__LEGV2__CH_01556,150
UKPGA_2002_40__LEGV2__CH_01557,291
UKPGA_2002_40__LEGV2__CH_01558,211
UKPGA_2002_40__LEGV2__CH_01559,42
UKPGA_2002_40__LEGV2__CH_01560,300
UKPGA_2002_40__LEGV2__CH_01561,338
UKPGA_2002_40__LEGV2__CH_01562,52
UKPGA_2002_40__LEGV2__CH_01563,67
UKPGA_2002_40__LEGV2__CH_01564,1207
UKPGA_2002_40__LEGV2__CH_01566,153
UKPGA_2002_40__LEGV2__CH_01567,43
UKPGA_2002_40__LEGV2__CH_01569,221
UKPGA_2002_40__LEGV2__CH_01570,93
UKPGA_2002_40__LEGV2__CH_01571,99
UKPGA_2002_40__LEGV2__CH_01572,306
UKPGA_2002_40__LEGV2__CH_01573,140
UKPGA_2002_40__LEGV2__CH_01574,171
UKPGA_2002_40__LEGV2__CH_01576,246
UKPGA_2002_40__LEGV2__CH_01577,106
UKPGA_2002_40__LEGV2__CH_01579,163
UKPGA_2002_40__LEGV2__CH_01580,470
UKPGA_2002_40__LEGV2__CH_01581,147
UKPGA_2002_40__LEGV2__CH_01582,390
UKPGA_2002_40__LEGV2__CH_01584,166
UKPGA_2002_40__LEGV2__CH_01585,41
UKPGA_2002_40__LEGV2__CH_01586,336
UKPGA_2002_40__LEGV2__CH_01587,266
UKPGA_2002_40__LEGV2__CH_01588,417
UKPGA_2002_40__LEGV2__CH_01589,67
UKPGA_2002_40__LEGV2__CH_01590,94
UKPGA_2002_40__LEGV2__CH_01591,110
UKPGA_2002_40__LEGV2__CH_01592,251
UKPGA_2002_40__LEGV2__CH_01593,51
UKPGA_2002_40__LEGV2__CH_01594,98
UKPGA_2002_40__LEGV2__CH_01595,410
UKPGA_2002_40__LEGV2__CH_01596__M,89
UKPGA_2002_40__LEGV2__CH_01598,53
UKPGA_2002_40__LEGV2__CH_01599,63
UKPGA_2002_40__LEGV2__CH_01600,208
UKPGA_2002_40__LEGV2__CH_01601,324
UKPGA_2002_40__LEGV2__CH_01602,94
UKPGA_2002_40__LEGV2__CH_01603,144
UKPGA_2002_40__LEGV2__CH_01604,68
UKPGA_2002_40__LEGV2__CH_01605,52
UKPGA_2002_40__LEGV2__CH_01606,439
UKPGA_2002_40__LEGV2__CH_01607,50
UKPGA_2002_40__LEGV2__CH_01608,80
UKPGA_2002_40__LEGV2__CH_01609,100
UKPGA_2002_40__LEGV2__CH_01610,105
UKPGA_2002_40__LEGV2__CH_01611,251
UKPGA_2002_40__LEGV2__CH_01612,75
UKPGA_2002_40__LEGV2__CH_01613,61
UKPGA_2002_40__LEGV2__CH_01614,66
UKPGA_2002_40__LEGV2__CH_01615,168
UKPGA_2002_40__LEGV2__CH_01616,105
UKPGA_2002_40__LEGV2__CH_01617,150
UKPGA_2002_40__LEGV2__CH_01618,45
UKPGA_2002_40__LEGV2__CH_01619,155
UKPGA_2002_40__LEGV2__CH_01620,79
UKPGA_2002_40__LEGV2__CH_01621,112
UKPGA_2002_40__LEGV2__CH_01622,60
UKPGA_2002_40__LEGV2__CH_01623,113
UKPGA_2002_40__LEGV2__CH_01624,233
UKPGA_2002_40__LEGV2__CH_01626,82
UKPGA_2002_40__LEGV2__CH_01627,379
UKPGA_2002_40__LEGV2__CH_01628,47
UKPGA_2002_40__LEGV2__CH_01629,286
UKPGA_2002_40__LEGV2__CH_01630,42
UKPGA_2002_40__LEGV2__CH_01631,241
UKPGA_2002_40__LEGV2__CH_01632,87
UKPGA_2002_40__LEGV2__CH_01633,110
UKPGA_2002_40__LEGV2__CH_01634,543
UKPGA_2002_40__LEGV2__CH_01635,159
UKPGA_2002_40__LEGV2__CH_01636,54
UKPGA_2002_40__LEGV2__CH_01637,46
UKPGA_2002_40__LEGV2__CH_01638,260
UKPGA_2002_40__LEGV2__CH_01639,124
UKPGA_2002_40__LEGV2__CH_01640,66
UKPGA_2002_40__LEGV2__CH_01641,42
UKPGA_2002_40__LEGV2__CH_01642,70
UKPGA_2002_40__LEGV2__CH_01643,93
UKPGA_2002_40__LEGV2__CH_01644,75
UKPGA_2002_40__LEGV2__CH_01645,113
UKPGA_2002_40__LEGV2__CH_01646,172
UKPGA_2002_40__LEGV2__CH_01647,167
UKPGA_2002_40__LEGV2__CH_01648,63
UKPGA_2002_40__LEGV2__CH_01649,62
UKPGA_2002_40__LEGV2__CH_01650,63
UKPGA_2002_40__LEGV2__CH_01651,71
UKPGA_2002_40__LEGV2__CH_01652,47
UKPGA_2002_40__LEGV2__CH_01653,41
UKPGA_2002_40__LEGV2__CH_01654,66
UKPGA_2002_40__LEGV2__CH_01655,64
UKPGA_2002_40__LEGV2__CH_01656,276
UKPGA_2002_40__LEGV2__CH_01657,91
UKPGA_2002_40__LEGV2__CH_01658,186
UKPGA_2002_40__LEGV2__CH_01659,194
UKPGA_2002_40__LEGV2__CH_01660,174
UKPGA_2002_40__LEGV2__CH_01661,97
UKPGA_2002_40__LEGV2__CH_01662,59
UKPGA_2002_40__LEGV2__CH_01663,94
UKPGA_2002_40__LEGV2__CH_01664,162
UKPGA_2002_40__LEGV2__CH_01665,43
UKPGA_2002_40__LEGV2__CH_01666,32
UKPGA_2002_40__LEGV2__CH_01667,64
UKPGA_2002_40__LEGV2__CH_01668,111
UKPGA_2002_40__LEGV2__CH_01669,82
UKPGA_2002_40__LEGV2__CH_01670,150
UKPGA_2002_40__LEGV2__CH_01671,68
UKPGA_2002_40__LEGV2__CH_01672,40
UKPGA_2002_40__LEGV2__CH_01673,95
UKPGA_2002_40__LEGV2__CH_01674,63
UKPGA_2002_40__LEGV2__CH_01675,87
UKPGA_2002_40__LEGV2__CH_01676,39
UKPGA_2002_40__LEGV2__CH_01677,97
UKPGA_2002_40__LEGV2__CH_01678,79
UKPGA_2002_40__LEGV2__CH_01679,78
UKPGA_2002_40__LEGV2__CH_01680,71
UKPGA_2002_40__LEGV2__CH_01681,98
UKPGA_2002_40__LEGV2__CH_01682,62
UKPGA_2002_40__LEGV2__CH_01683,68
UKPGA_2002_40__LEGV2__CH_01684,47
UKPGA_2002_40__LEGV2__CH_01685,58
UKPGA_2002_40__LEGV2__CH_01686,66
UKPGA_2002_40__LEGV2__CH_01687,49
UKPGA_2002_40__LEGV2__CH_01688,57
UKPGA_2002_40__LEGV2__CH_01689,95
UKPGA_2002_40__LEGV2__CH_01690,30
UKPGA_2002_40__LEGV2__CH_01691,35
UKPGA_2002_40__LEGV2__CH_01692,64
UKPGA_2002_40__LEGV2__CH_01693,50
UKPGA_2002_40__LEGV2__CH_01694,41
UKPGA_2002_40__LEGV2__CH_01695,273
UKPGA_2002_40__LEGV2__CH_01696,394
UKPGA_2002_40__LEGV2__CH_01697,328
UKPGA_2002_40__LEGV2__CH_01698,366
UKPGA_2002_40__LEGV2__CH_01699,82
UKPGA_2002_40__LEGV2__CH_01700,60
UKPGA_2002_40__LEGV2__CH_01701,242
UKPGA_2002_40__LEGV2__CH_01703,163
UKPGA_2002_40__LEGV2__CH_01704,73
UKPGA_2002_40__LEGV2__CH_01705,55
UKPGA_2002_40__LEGV2__CH_01706,48
UKPGA_2002_40__LEGV2__CH_01707,29
UKPGA_2002_40__LEGV2__CH_01708,79
UKPGA_2002_40__LEGV2__CH_01709,51
UKPGA_2002_40__LEGV2__CH_01710,94
UKPGA_2002_40__LEGV2__CH_01711,61
UKPGA_2002_40__LEGV2__CH_01712,45
UKPGA_2002_40__LEGV2__CH_01713,60
UKPGA_2002_40__LEGV2__CH_01714,129
UKPGA_2002_40__LEGV2__CH_01715,164
UKPGA_2002_40__LEGV2__CH_01716,61
UKPGA_2002_40__LEGV2__CH_01717,50
UKPGA_2002_40__LEGV2__CH_01718,68
UKPGA_2002_40__LEGV2__CH_01719,49
UKPGA_2002_40__LEGV2__CH_01721,98
UKPGA_2002_40__LEGV2__CH_01722,34
UKPGA_2002_40__LEGV2__CH_01723,42
UKPGA_2002_40__LEGV2__CH_01724,54
UKPGA_2002_40__LEGV2__CH_01725,32
UKPGA_2002_40__LEGV2__CH_01726,53
UKPGA_2002_40__LEGV2__CH_01727,47
UKPGA_2002_40__LEGV2__CH_01728,36
UKPGA_2002_40__LEGV2__CH_01729,96
UKPGA_2002_40__LEGV2__CH_01730,102
UKPGA_2002_40__LEGV2__CH_01732,50
UKPGA_2002_40__LEGV2__CH_01733,76
UKPGA_2002_40__LEGV2__CH_01734,31
UKPGA_2002_40__LEGV2__CH_01735,57
UKPGA_2002_40__LEGV2__CH_01736,44
UKPGA_2002_40__LEGV2__CH_01738,40
UKPGA_2002_40__LEGV2__CH_01739,142
UKPGA_2002_40__LEGV2__CH_01740,67
UKPGA_2002_40__LEGV2__CH_01741,37
UKPGA_2002_40__LEGV2__CH_01743,34
UKPGA_2002_40__LEGV2__CH_01745,222
UKPGA_2002_40__LEGV2__CH_01746,30
UKPGA_2002_40__LEGV2__CH_01747,76
UKPGA_2002_40__LEGV2__CH_01748,84
UKPGA_2002_40__LEGV2__CH_01749,38
UKPGA_2002_40__LEGV2__CH_01750,64
UKPGA_2002_40__LEGV2__CH_01751,125
UKPGA_2002_40__LEGV2__CH_01752,36
UKPGA_2002_40__LEGV2__CH_01753,50
UKPGA_2002_40__LEGV2__CH_01754,199
UKPGA_2002_40__LEGV2__CH_01755,29
UKPGA_2002_40__LEGV2__CH_01756,75
UKPGA_2002_40__LEGV2__CH_01757,83
UKPGA_2002_40__LEGV2__CH_01758,37
UKPGA_2002_40__LEGV2__CH_01759,63
UKPGA_2002_40__LEGV2__CH_01760,124
UKPGA_2002_40__LEGV2__CH_01762,168
UKPGA_2002_40__LEGV2__CH_01763,47
UKPGA_2002_40__LEGV2__CH_01764,38
UKPGA_2002_40__LEGV2__CH_01765,99
UKPGA_2002_40__LEGV2__CH_01766,32
UKPGA_2002_40__LEGV2__CH_01767,114
UKPGA_2002_40__LEGV2__CH_01768,63
UKPGA_2002_40__LEGV2__CH_01769,54
UKPGA_2002_40__LEGV2__CH_01770,87
UKPGA_2002_40__LEGV2__CH_01771,63
UKPGA_2002_40__LEGV2__CH_01772,89
UKPGA_2002_40__LEGV2__CH_01773,76
UKPGA_2002_40__LEGV2__CH_01774,41
UKPGA_2002_40__LEGV2__CH_01775,85
UKPGA_2002_40__LEGV2__CH_01776,229
UKPGA_2002_40__LEGV2__CH_01777,126
UKPGA_2002_40__LEGV2__CH_01778,234
UKPGA_2002_40__LEGV2__CH_01779,341
UKPGA_2002_40__LEGV2__CH_01780,177
UKPGA_2002_40__LEGV2__CH_01781,493
UKPGA_2002_40__LEGV2__CH_01782,324
UKPGA_2002_40__LEGV2__CH_01783,44
UKPGA_2002_40__LEGV2__CH_01784,117
UKPGA_2002_40__LEGV2__CH_01785,48
UKPGA_2002_40__LEGV2__CH_01786,214
UKPGA_2002_40__LEGV2__CH_01787,99
UKPGA_2002_40__LEGV2__CH_01788,43
UKPGA_2002_40__LEGV2__CH_01789,45
UKPGA_2002_40__LEGV2__CH_01790,159
UKPGA_2002_40__LEGV2__CH_01791,22
UKPGA_2002_40__LEGV2__CH_01792,57
UKPGA_2002_40__LEGV2__CH_01793,58
UKPGA_2002_40__LEGV2__CH_01794,36
UKPGA_2002_40__LEGV2__CH_01795,89
UKPGA_2002_40__LEGV2__CH_01796,27
UKPGA_2002_40__LEGV2__CH_01798,37
UKPGA_2002_40__LEGV2__CH_01800,35
UKPGA_2002_40__LEGV2__CH_01801,67
UKPGA_2002_40__LEGV2__CH_01802,66
UKPGA_2002_40__LEGV2__CH_01803,134
UKPGA_2002_40__LEGV2__CH_01804,62
UKPGA_2002_40__LEGV2__CH_01805,84
UKPGA_2002_40__LEGV2__CH_01806,35
UKPGA_2002_40__LEGV2__CH_01807,69
UKPGA_2002_40__LEGV2__CH_01808,68
UKPGA_2002_40__LEGV2__CH_01809,136
UKPGA_2002_40__LEGV2__CH_01810,124
UKPGA_2002_40__LEGV2__CH_01811,207
UKPGA_2002_40__LEGV2__CH_01819,41
UKPGA_2002_40__LEGV2__CH_01820,28
UKPGA_2002_40__LEGV2__CH_01821,284
UKPGA_2002_40__LEGV2__CH_01822,448
UKPGA_2002_40__LEGV2__CH_01823,397
UKPGA_2002_40__LEGV2__CH_01824,52
UKPGA_2002_40__LEGV2__CH_01825,58
UKPGA_2002_40__LEGV2__CH_01826,127
UKPGA_2002_40__LEGV2__CH_01827,128
UKPGA_2002_40__LEGV2__CH_01828,78
UKPGA_2002_40__LEGV2__CH_01830,33
UKPGA_2002_40__LEGV2__CH_01831,123
UKPGA_2002_40__LEGV2__CH_01832,151
UKPGA_2002_40__LEGV2__CH_01833,163
UKPGA_2002_40__LEGV2__CH_01834,59
UKPGA_2002_40__LEGV2__CH_01835,100
UKPGA_2002_40__LEGV2__CH_01836,121
UKPGA_2002_40__LEGV2__CH_01837,155
UKPGA_2002_40__LEGV2__CH_01838,45
UKPGA_2002_40__LEGV2__CH_01839,151
UKPGA_2002_40__LEGV2__CH_01840,40
UKPGA_2002_40__LEGV2__CH_01841,107
UKPGA_2002_40__LEGV2__CH_01842,61
UKPGA_2002_40__LEGV2__CH_01844,43
UKPGA_2002_40__LEGV2__CH_01845,52
UKPGA_2002_40__LEGV2__CH_01846,291
UKPGA_2002_40__LEGV2__CH_01847,167
UKPGA_2002_40__LEGV2__CH_01848,60
UKPGA_2002_40__LEGV2__CH_01849,101
UKPGA_2002_40__LEGV2__CH_01850,122
UKPGA_2002_40__LEGV2__CH_01851,409
UKPGA_2002_40__LEGV2__CH_01852,447
UKPGA_2002_40__LEGV2__CH_01853,169
UKPGA_2002_40__LEGV2__CH_01854,124
UKPGA_2002_40__LEGV2__CH_01855,126
UKPGA_2002_40__LEGV2__CH_01856,40
UKPGA_2002_40__LEGV2__CH_01857,53
UKPGA_2002_40__LEGV2__CH_01858,58
UKPGA_2002_40__LEGV2__CH_01859,124
UKPGA_2002_40__LEGV2__CH_01860,32
UKPGA_2002_40__LEGV2__CH_01861,243
UKPGA_2002_40__LEGV2__CH_01862,170
UKPGA_2002_40__LEGV2__CH_01865__M,249
UKPGA_2002_40__LEGV2__CH_01867,60
UKPGA_2002_40__LEGV2__CH_01868,63
UKPGA_2002_40__LEGV2__CH_01869__M,64
UKPGA_2002_40__LEGV2__CH_01871,37
UKPGA_2002_40__LEGV2__CH_01872,84
UKPGA_2002_40__LEGV2__CH_01873,38
UKPGA_2002_40__LEGV2__CH_01874,46
UKPGA_2002_40__LEGV2__CH_01875,37
UKPGA_2002_40__LEGV2__CH_01876,71
UKPGA_2002_40__LEGV2__CH_01877,50
UKPGA_2002_40__LEGV2__CH_01878,20
UKPGA_2002_40__LEGV2__CH_01879,89
UKPGA_2002_40__LEGV2__CH_01880,154
UKPGA_2002_40__LEGV2__CH_01881,59
UKPGA_2002_40__LEGV2__CH_01882,100
UKPGA_2002_40__LEGV2__CH_01883,89
UKPGA_2002_40__LEGV2__CH_01884,31
UKPGA_2002_40__LEGV2__CH_01885,38
UKPGA_2002_40__LEGV2__CH_01886,70
UKPGA_2002_40__LEGV2__CH_01889,39
UKPGA_2002_40__LEGV2__CH_01890,155
UKPGA_2002_40__LEGV2__CH_01893,90
UKPGA_2002_40__LEGV2__CH_01894,92
UKPGA_2002_40__LEGV2__CH_01895,32
UKPGA_2002_40__LEGV2__CH_01896,48
UKPGA_2002_40__LEGV2__CH_01897,36
UKPGA_2002_40__LEGV2__CH_01898,52
UKPGA_2002_40__LEGV2__CH_01899,34
UKPGA_2002_40__LEGV2__CH_01900,241
UKPGA_2002_40__LEGV2__CH_01901,47
UKPGA_2002_40__LEGV2__CH_01902,87
UKPGA_2002_40__LEGV2__CH_01903,225
UKPGA_2002_40__LEGV2__CH_01904,48
UKPGA_2002_40__LEGV2__CH_01906,247
UKPGA_2002_40__LEGV2__CH_01907,52
UKPGA_2002_40__LEGV2__CH_01909,79
UKPGA_2002_40__LEGV2__CH_01910,109
UKPGA_2002_40__LEGV2__CH_01911,267
UKPGA_2002_40__LEGV2__CH_01912,154
UKPGA_2002_40__LEGV2__CH_01915,120
UKPGA_2002_40__LEGV2__CH_01916,212
UKPGA_2002_40__LEGV2__CH_01917,189
UKPGA_2002_40__LEGV2__CH_01918,272
UKPGA_2002_40__LEGV2__CH_01919,169
UKPGA_2002_40__LEGV2__CH_01920,123
UKPGA_2002_40__LEGV2__CH_01921,122
UKPGA_2002_40__LEGV2__CH_01922,123
UKPGA_2002_40__LEGV2__CH_01923,41
UKPGA_2002_40__LEGV2__CH_01924,52
UKPGA_2002_40__LEGV2__CH_01925,63
UKPGA_2002_40__LEGV2__CH_01926,32
UKPGA_2002_40__LEGV2__CH_01927,217
UKPGA_2002_40__LEGV2__CH_01928,155
UKPGA_2002_40__LEGV2__CH_01931,90
UKPGA_2002_40__LEGV2__CH_01932,91
UKPGA_2002_40__LEGV2__CH_01933,164
UKPGA_2002_40__LEGV2__CH_01934,243
UKPGA_2002_40__LEGV2__CH_01935,277
UKPGA_2002_40__LEGV2__CH_01936,160
UKPGA_2002_40__LEGV2__CH_01939,227
UKPGA_2002_40__LEGV2__CH_01940,161
UKPGA_2002_40__LEGV2__CH_01943,100
UKPGA_2002_40__LEGV2__CH_01944,276
UKPGA_2002_40__LEGV2__CH_01945,102
UKPGA_2002_40__LEGV2__CH_01946,130
UKPGA_2002_40__LEGV2__CH_01947,172
UKPGA_2002_40__LEGV2__CH_01948,109
UKPGA_2002_40__LEGV2__CH_01949,122
UKPGA_2002_40__LEGV2__CH_01950,293
UKPGA_2002_40__LEGV2__CH_01951,112
UKPGA_2002_40__LEGV2__CH_01952,519
UKPGA_2002_40__LEGV2__CH_01953,568
UKPGA_2002_40__LEGV2__CH_01954,257
UKPGA_2002_40__LEGV2__CH_01955,107
UKPGA_2002_40__LEGV2__CH_01957,59
UKPGA_2002_40__LEGV2__CH_01958,128
UKPGA_2002_40__LEGV2__CH_01959,57
UKPGA_2002_40__LEGV2__CH_01960,228
UKPGA_2002_40__LEGV2__CH_01961,88
UKPGA_2002_40__LEGV2__CH_01962,142
UKPGA_2002_40__LEGV2__CH_01963,94
UKPGA_2002_40__LEGV2__CH_01964,316
UKPGA_2002_40__LEGV2__CH_01965,439
UKPGA_2002_40__LEGV2__CH_01966,297
UKPGA_2002_40__LEGV2__CH_01967,111
UKPGA_2002_40__LEGV2__CH_01968,299
UKPGA_2002_40__LEGV2__CH_01969,412
UKPGA_2002_40__LEGV2__CH_01970,440
UKPGA_2002_40__LEGV2__CH_01971,82
UKPGA_2002_40__LEGV2__CH_01972,200
UKPGA_2002_40__LEGV2__CH_01973,310
UKPGA_2002_40__LEGV2__CH_01974,433
UKPGA_2002_40__LEGV2__CH_01975,392
UKPGA_2002_40__LEGV2__CH_01976,115
UKPGA_2002_40__LEGV2__CH_01977,50
UKPGA_2002_40__LEGV2__CH_01978,61
UKPGA_2002_40__LEGV2__CH_01979,289
UKPGA_2002_40__LEGV2__CH_01981,86
UKPGA_2002_40__LEGV2__CH_01982,61
UKPGA_2002_40__LEGV2__CH_01983,281
UKPGA_2002_40__LEGV2__CH_01984,544
UKPGA_2002_40__LEGV2__CH_01985,409
UKPGA_2002_40__LEGV2__CH_01986,999
UKPGA_2002_40__LEGV2__CH_01987,39
UKPGA_2002_40__LEGV2__CH_01988,136
UKPGA_2002_40__LEGV2__CH_01989,97
UKPGA_2002_40__LEGV2__CH_01990,33
UKPGA_2002_40__LEGV2__CH_01991,57
UKPGA_2002_40__LEGV2__CH_01992,62
UKPGA_2002_40__LEGV2__CH_01993,50
UKPGA_2002_40__LEGV2__CH_01994,131
UKPGA_2002_40__LEGV2__CH_01995,287
UKPGA_2002_40__LEGV2__CH_01996,156
UKPGA_2002_40__LEGV2__CH_01997,61
UKPGA_2002_40__LEGV2__CH_01998,102
UKPGA_2002_40__LEGV2__CH_01999,90
UKPGA_2002_40__LEGV2__CH_02000,95
UKPGA_2002_40__LEGV2__CH_02001,34
UKPGA_2002_40__LEGV2__CH_02002,74
UKPGA_2002_40__LEGV2__CH_02003,65
UKPGA_2002_40__LEGV2__CH_02004__M,67
UKPGA_2002_40__LEGV2__CH_02006,39
UKPGA_2002_40__LEGV2__CH_02007,86
UKPGA_2002_40__LEGV2__CH_02008,42
UKPGA_2002_40__LEGV2__CH_02009__M,64
UKPGA_2002_40__LEGV2__CH_02011,39
UKPGA_2002_40__LEGV2__CH_02012,86
UKPGA_2002_40__LEGV2__CH_02013,42
UKPGA_2002_40__LEGV2__CH_02014,180
UKPGA_2002_40__LEGV2__CH_02015,185
UKPGA_2002_40__LEGV2__CH_02016,140
UKPGA_2002_40__LEGV2__CH_02017,97
UKPGA_2002_40__LEGV2__CH_02018,100
UKPGA_2002_40__LEGV2__CH_02019,35
UKPGA_2002_40__LEGV2__CH_02020,38
UKPGA_2002_40__LEGV2__CH_02021,73
UKPGA_2002_40__LEGV2__CH_02022,52
UKPGA_2002_40__LEGV2__CH_02023,21
UKPGA_2002_40__LEGV2__CH_02024,78
UKPGA_2002_40__LEGV2__CH_02025,38
UKPGA_2002_40__LEGV2__CH_02026,74
UKPGA_2002_40__LEGV2__CH_02027,52
UKPGA_2002_40__LEGV2__CH_02028,22
UKPGA_2002_40__LEGV2__CH_02029,87
UKPGA_2002_40__LEGV2__CH_02030,155
UKPGA_2002_40__LEGV2__CH_02031,60
UKPGA_2002_40__LEGV2__CH_02032,101
UKPGA_2002_40__LEGV2__CH_02033,89
UKPGA_2002_40__LEGV2__CH_02034,94
UKPGA_2002_40__LEGV2__CH_02035,33
UKPGA_2002_40__LEGV2__CH_02036,87
UKPGA_2002_40__LEGV2__CH_02037,52
UKPGA_2002_40__LEGV2__CH_02039,60
UKPGA_2002_40__LEGV2__CH_02040,69
UKPGA_2002_40__LEGV2__CH_02041,80
UKPGA_2002_40__LEGV2__CH_02042,50
UKPGA_2002_40__LEGV2__CH_02043,36
UKPGA_2002_40__LEGV2__CH_02044,66
UKPGA_2002_40__LEGV2__CH_02045,50
UKPGA_2002_40__LEGV2__CH_02046,17
UKPGA_2002_40__LEGV2__CH_02047,78
UKPGA_2002_40__LEGV2__CH_02048,150
UKPGA_2002_40__LEGV2__CH_02049,56
UKPGA_2002_40__LEGV2__CH_02050,97
UKPGA_2002_40__LEGV2__CH_02051,84
UKPGA_2002_40__LEGV2__CH_02052,29
UKPGA_2002_40__LEGV2__CH_02053,47
UKPGA_2002_40__LEGV2__CH_02054,71
UKPGA_2002_40__LEGV2__CH_02055,103
UKPGA_2002_40__LEGV2__CH_02056,64
UKPGA_2002_40__LEGV2__CH_02057,257
UKPGA_2002_40__LEGV2__CH_02058,150
UKPGA_2002_40__LEGV2__CH_02061,113
UKPGA_2002_40__LEGV2__CH_02063,115
UKPGA_2002_40__LEGV2__CH_02064,51
UKPGA_2002_40__LEGV2__CH_02065,56
UKPGA_2002_40__LEGV2__CH_02066,42
UKPGA_2002_40__LEGV2__CH_02067,48
UKPGA_2002_40__LEGV2__CH_02069,32
UKPGA_2002_40__LEGV2__CH_02070,44
UKPGA_2002_40__LEGV2__CH_02071,59
UKPGA_2002_40__LEGV2__CH_02072,48
UKPGA_2002_40__LEGV2__CH_02073,44
UKPGA_2002_40__LEGV2__CH_02074,83
UKPGA_2002_40__LEGV2__CH_02075,65
UKPGA_2002_40__LEGV2__CH_02076,32
UKPGA_2002_40__LEGV2__CH_02077,57
UKPGA_2002_40__LEGV2__CH_02078,41
UKPGA_2002_40__LEGV2__CH_02079,64
UKPGA_2002_40__LEGV2__CH_02080,72
UKPGA_2002_40__LEGV2__CH_02081,31
UKPGA_2002_40__LEGV2__CH_02082,46
UKPGA_2002_40__LEGV2__CH_02083,41
UKPGA_2002_40__LEGV2__CH_02084,64
UKPGA_2002_40__LEGV2__CH_02085,72
UKPGA_2002_40__LEGV2__CH_02086,43
UKPGA_2002_40__LEGV2__CH_02087,75
UKPGA_2002_40__LEGV2__CH_02088,56
UKPGA_2002_40__LEGV2__CH_02089,87
UKPGA_2002_40__LEGV2__CH_02090,29
UKPGA_2002_40__LEGV2__CH_02091,90
UKPGA_2002_40__LEGV2__CH_02092,89
UKPGA_2002_40__LEGV2__CH_02094,60
UKPGA_2002_40__LEGV2__CH_02095,82
UKPGA_2002_40__LEGV2__CH_02096,37
UKPGA_2002_40__LEGV2__CH_02097,51
UKPGA_2002_40__LEGV2__CH_02098,58
UKPGA_2002_40__LEGV2__CH_02099,89
UKPGA_2002_40__LEGV2__CH_02101,41
UKPGA_2002_40__LEGV2__CH_02102,73
UKPGA_2002_40__LEGV2__CH_02105,179
UKPGA_2002_40__LEGV2__CH_02106,151
UKPGA_2002_40__LEGV2__CH_02107,36
UKPGA_2002_40__LEGV2__CH_02108,120
UKPGA_2002_40__LEGV2__CH_02110,79
UKPGA_2002_40__LEGV2__CH_02111,88
UKPGA_2002_40__LEGV2__CH_02112,32
UKPGA_2002_40__LEGV2__CH_02113,252
UKPGA_2002_40__LEGV2__CH_02114,93
UKPGA_2002_40__LEGV2__CH_02115,135
UKPGA_2002_40__LEGV2__CH_02116,36
UKPGA_2002_40__LEGV2__CH_02117,550
UKPGA_2002_40__LEGV2__CH_02118,195
UKPGA_2002_40__LEGV2__CH_02119,163
UKPGA_2002_40__LEGV2__CH_02120,171
UKPGA_2002_40__LEGV2__CH_02121,84
UKPGA_2002_40__LEGV2__CH_02122,67
UKPGA_2002_40__LEGV2__CH_02123,88
UKPGA_2002_40__LEGV2__CH_02124,1802
UKPGA_2002_40__LEGV2__CH_02125,175
UKPGA_2002_40__LEGV2__CH_02126,113
UKPGA_2002_40__LEGV2__CH_02127,538
UKPGA_2002_40__LEGV2__CH_02129,134
UKPGA_2002_40__LEGV2__CH_02130,164
UKPGA_2002_40__LEGV2__CH_02131,52
UKPGA_2002_40__LEGV2__CH_02132,298
UKPGA_2002_40__LEGV2__CH_02133,539
UKPGA_2002_40__LEGV2__CH_02134,390
UKPGA_2002_40__LEGV2__CH_02135,946
UKPGA_2002_40__LEGV2__CH_02136,130
UKPGA_2002_40__LEGV2__CH_02137,257
UKPGA_2002_40__LEGV2__CH_02138,152
UKPGA_2002_40__LEGV2__CH_02139,58
UKPGA_2002_40__LEGV2__CH_02140,99
UKPGA_2002_40__LEGV2__CH_02141,88
UKPGA_2002_40__LEGV2__CH_02142,91
UKPGA_2002_40__LEGV2__CH_02144,71
UKPGA_2002_40__LEGV2__CH_02145,62
UKPGA_2002_40__LEGV2__CH_02146__M,61
UKPGA_2002_40__LEGV2__CH_02151,29
UKPGA_2002_40__LEGV2__CH_02152,29
UKPGA_2002_40__LEGV2__CH_02155,37
UKPGA_2002_40__LEGV2__CH_02156,168
UKPGA_2002_40__LEGV2__CH_02157,174
UKPGA_2002_40__LEGV2__CH_02158,133
UKPGA_2002_40__LEGV2__CH_02159,92
UKPGA_2002_40__LEGV2__CH_02160,91
UKPGA_2002_40__LEGV2__CH_02163,62
UKPGA_2002_40__LEGV2__CH_02164,124
UKPGA_2002_40__LEGV2__CH_02166,28
UKPGA_2002_40__LEGV2__CH_02167,54
UKPGA_2002_40__LEGV2__CH_02168,70
UKPGA_2002_40__LEGV2__CH_02169,52
UKPGA_2002_40__LEGV2__CH_02170,20
UKPGA_2002_40__LEGV2__CH_02171,79
UKPGA_2002_40__LEGV2__CH_02172,164
UKPGA_2002_40__LEGV2__CH_02175,89
UKPGA_2002_40__LEGV2__CH_02176,92
UKPGA_2002_40__LEGV2__CH_02177,33
UKPGA_2002_40__LEGV2__CH_02178,72
UKPGA_2002_40__LEGV2__CH_02179,64
UKPGA_2002_40__LEGV2__CH_02180,34
UKPGA_2002_40__LEGV2__CH_02181,30
UKPGA_2002_40__LEGV2__CH_02182,39
UKPGA_2002_40__LEGV2__CH_02183,86
UKPGA_2002_40__LEGV2__CH_02184,40
UKPGA_2002_40__LEGV2__CH_02185__M,77
UKPGA_2002_40__LEGV2__CH_02187,38
UKPGA_2002_40__LEGV2__CH_02188,85
UKPGA_2002_40__LEGV2__CH_02189,38
UKPGA_2002_40__LEGV2__CH_02190,174
UKPGA_2002_40__LEGV2__CH_02191,164
UKPGA_2002_40__LEGV2__CH_02192,119
UKPGA_2002_40__LEGV2__CH_02193,95
UKPGA_2002_40__LEGV2__CH_02194,92
UKPGA_2002_40__LEGV2__CH_02195,33
UKPGA_2002_40__LEGV2__CH_02196,37
UKPGA_2002_40__LEGV2__CH_02197,68
UKPGA_2002_40__LEGV2__CH_02198,52
UKPGA_2002_40__LEGV2__CH_02199,78
UKPGA_2002_40__LEGV2__CH_02200,52
UKPGA_2002_40__LEGV2__CH_02201,97
UKPGA_2002_40__LEGV2__CH_02202,436
UKPGA_2002_40__LEGV2__CH_02203,155
UKPGA_2002_40__LEGV2__CH_02209,34
UKPGA_2002_40__LEGV2__CH_02210,198
UKPGA_2006_35__LEGV2__CH_00001,192
UKPGA_2006_35__LEGV2__CH_00002,214
UKPGA_2006_35__LEGV2__CH_00003,81
UKPGA_2006_35__LEGV2__CH_00004,123
UKPGA_2006_35__LEGV2__CH_00005,143
UKPGA_2006_35__LEGV2__CH_00006,147
UKPGA_2006_35__LEGV2__CH_00007,180
UKPGA_2006_35__LEGV2__CH_00008,173
UKPGA_2006_35__LEGV2__CH_00009,405
UKPGA_2006_35__LEGV2__CH_00010,102
UKPGA_2006_35__LEGV2__CH_00011,275
UKPGA_2006_35__LEGV2__CH_00012,157
UKPGA_2006_35__LEGV2__CH_00013,268
UKPGA_2006_35__LEGV2__CH_00015,157
UKPGA_2006_35__LEGV2__CH_00017,284
UKPGA_2006_35__LEGV2__CH_00018,49
UKPGA_2006_35__LEGV2__CH_00020,35
UKPGA_2006_35__LEGV2__CH_00021,37
UKPGA_2006_35__LEGV2__CH_00022,54
UKPGA_2006_35__LEGV2__CH_00023,67
UKPGA_2006_35__LEGV2__CH_00024__M,80
UKPGA_2006_35__LEGV2__CH_00027,68
UKPGA_2006_35__LEGV2__CH_00028,65
UKPGA_2006_35__LEGV2__CH_00029,72
UKPGA_2006_35__LEGV2__CH_00030,56
UKPGA_2006_35__LEGV2__CH_00031,78
UKPGA_2006_35__LEGV2__CH_00033,34
UKPGA_2006_35__LEGV2__CH_00034,50
UKPGA_2006_35__LEGV2__CH_00035,66
UKPGA_2006_35__LEGV2__CH_00036__M,100
UKPGA_2006_35__LEGV2__CH_00041,71
UKPGA_2006_35__LEGV2__CH_00042,55
UKPGA_2006_35__LEGV2__CH_00043,77
UKPGA_2006_35__LEGV2__CH_00048,76
UKPGA_2006_35__LEGV2__CH_00049,56
UKPGA_2006_35__LEGV2__CH_00050,33
UKPGA_2006_35__LEGV2__CH_00051,48
UKPGA_2006_35__LEGV2__CH_00052__M,128
UKPGA_2006_35__LEGV2__CH_00054,41
UKPGA_2006_35__LEGV2__CH_00056,102
UKPGA_2006_35__LEGV2__CH_00059,87
UKPGA_2006_35__LEGV2__CH_00060,62
UKPGA_2006_35__LEGV2__CH_00061,50
UKPGA_2006_35__LEGV2__CH_00063,102
UKPGA_2006_35__LEGV2__CH_00066,85
UKPGA_2006_35__LEGV2__CH_00067,36
UKPGA_2006_35__LEGV2__CH_00068,36
UKPGA_2006_35__LEGV2__CH_00069,35
UKPGA_2006_35__LEGV2__CH_00070,42
UKPGA_2006_35__LEGV2__CH_00072,39
UKPGA_2006_35__LEGV2__CH_00073,64
UKPGA_2006_35__LEGV2__CH_00074,29
UKPGA_2006_35__LEGV2__CH_00075,62
UKPGA_2006_35__LEGV2__CH_00076,53
UKPGA_2006_35__LEGV2__CH_00077,45
UKPGA_2006_35__LEGV2__CH_00078,26
UKPGA_2006_35__LEGV2__CH_00080,53
UKPGA_2006_35__LEGV2__CH_00081,50
UKPGA_2006_35__LEGV2__CH_00082,74
UKPGA_2006_35__LEGV2__CH_00083,77
UKPGA_2006_35__LEGV2__CH_00084,24
UKPGA_2006_35__LEGV2__CH_00087,72
UKPGA_2006_35__LEGV2__CH_00088,19
UKPGA_2006_35__LEGV2__CH_00089,39
UKPGA_2006_35__LEGV2__CH_00090,44
UKPGA_2006_35__LEGV2__CH_00091,51
UKPGA_2006_35__LEGV2__CH_00092,58
UKPGA_2006_35__LEGV2__CH_00093,52
UKPGA_2006_35__LEGV2__CH_00094,64
UKPGA_2006_35__LEGV2__CH_00095,58
UKPGA_2006_35__LEGV2__CH_00096,63
UKPGA_2006_35__LEGV2__CH_00097,75
UKPGA_2006_35__LEGV2__CH_00098,63
UKPGA_2006_35__LEGV2__CH_00099,158
UKPGA_2012_3__LEGV2__CH_00001,134
UKPGA_2012_3__LEGV2__CH_00002,217
UKPGA_2012_3__LEGV2__CH_00003,62
UKPGA_2012_3__LEGV2__CH_00004,52
UKPGA_2012_3__LEGV2__CH_00005,51
UKPGA_2012_3__LEGV2__CH_00006,56
UKPGA_2012_3__LEGV2__CH_00007,27
UKPGA_2012_3__LEGV2__CH_00008,67
UKPGA_2012_3__LEGV2__CH_00009,37
UKPGA_2012_3__LEGV2__CH_00010,36
UKPGA_2012_3__LEGV2__CH_00011,89
UKPGA_2012_3__LEGV2__CH_00012,80
UKPGA_2012_3__LEGV2__CH_00013,49
UKPGA_2012_3__LEGV2__CH_00014,50
UKPGA_2012_3__LEGV2__CH_00015,143
UKPGA_2012_3__LEGV2__CH_00016,123
UKPGA_2012_3__LEGV2__CH_00017,41
UKPGA_2012_3__LEGV2__CH_00018,83
UKPGA_2018_12__LEGV2__CH_00001,134
UKPGA_2018_12__LEGV2__CH_00002,162
UKPGA_2018_12__LEGV2__CH_00003,72
UKPGA_2018_12__LEGV2__CH_00004,124
UKPGA_2018_12__LEGV2__CH_00005,86
UKPGA_2018_12__LEGV2__CH_00006,33
UKPGA_2018_12__LEGV2__CH_00007,85
UKPGA_2018_12__LEGV2__CH_00008,86
UKPGA_2018_12__LEGV2__CH_00009,102
UKPGA_2018_12__LEGV2__CH_00010,106
UKPGA_2018_12__LEGV2__CH_00011,45
UKPGA_2018_12__LEGV2__CH_00012,55
UKPGA_2018_12__LEGV2__CH_00013,49
UKPGA_2018_12__LEGV2__CH_00014,33
UKPGA_2018_12__LEGV2__CH_00015,96
UKPGA_2018_12__LEGV2__CH_00016,53
UKPGA_2018_12__LEGV2__CH_00017,41
UKPGA_2018_12__LEGV2__CH_00018,111
UKPGA_2018_12__LEGV2__CH_00019,64
UKPGA_2018_12__LEGV2__CH_00020,64
UKPGA_2018_12__LEGV2__CH_00021,87
UKPGA_2018_12__LEGV2__CH_00022,70
UKPGA_2018_12__LEGV2__CH_00023,33
UKPGA_2018_12__LEGV2__CH_00024,103
UKPGA_2018_12__LEGV2__CH_00025,35
UKPGA_2018_12__LEGV2__CH_00026,47
UKPGA_2018_12__LEGV2__CH_00027,50
UKPGA_2018_12__LEGV2__CH_00028,86
UKPGA_2018_12__LEGV2__CH_00029,24
UKPGA_2018_12__LEGV2__CH_00030,53
UKPGA_2018_12__LEGV2__CH_00031,73
UKPGA_2018_12__LEGV2__CH_00032,58
UKPGA_2018_12__LEGV2__CH_00033,28
UKPGA_2018_12__LEGV2__CH_00034,97
UKPGA_2018_12__LEGV2__CH_00035,85
UKPGA_2018_12__LEGV2__CH_00036,98
UKPGA_2018_12__LEGV2__CH_00037,44
UKPGA_2018_12__LEGV2__CH_00038,60
UKPGA_2018_12__LEGV2__CH_00039,49
UKPGA_2018_12__LEGV2__CH_00040,33
UKPGA_2018_12__LEGV2__CH_00041,60
UKPGA_2018_12__LEGV2__CH_00042,46
UKPGA_2018_12__LEGV2__CH_00043,31
UKPGA_2018_12__LEGV2__CH_00044,57
UKPGA_2018_12__LEGV2__CH_00045,77
UKPGA_2018_12__LEGV2__CH_00046,56
UKPGA_2018_12__LEGV2__CH_00047,32
UKPGA_2018_12__LEGV2__CH_00051,441
UKPGA_2018_12__LEGV2__CH_00052,61
UKPGA_2018_12__LEGV2__CH_00053,119
UKPGA_2018_12__LEGV2__CH_00054,142
UKPGA_2018_12__LEGV2__CH_00055,30
UKPGA_2018_12__LEGV2__CH_00056,196
UKPGA_2018_12__LEGV2__CH_00057,68
UKPGA_2018_12__LEGV2__CH_00058,121
UKPGA_2018_12__LEGV2__CH_00059,51
UKPGA_2018_12__LEGV2__CH_00061,248
UKPGA_2018_12__LEGV2__CH_00062,412
UKPGA_2018_12__LEGV2__CH_00063,199
UKPGA_2018_12__LEGV2__CH_00064,24
UKPGA_2018_12__LEGV2__CH_00066,58
UKPGA_2018_12__LEGV2__CH_00067,54
UKPGA_2018_12__LEGV2__CH_00068,46
UKPGA_2018_12__LEGV2__CH_00070,58
UKPGA_2018_12__LEGV2__CH_00071,26
UKPGA_2018_12__LEGV2__CH_00072,48
UKPGA_2018_12__LEGV2__CH_00074,40
UKPGA_2018_12__LEGV2__CH_00075,77
UKPGA_2018_12__LEGV2__CH_00076,172
UKPGA_2018_12__LEGV2__CH_00077,70
UKPGA_2018_12__LEGV2__CH_00078,269
UKPGA_2018_12__LEGV2__CH_00079,287
UKPGA_2018_12__LEGV2__CH_00080,485
UKPGA_2018_12__LEGV2__CH_00081,287
UKPGA_2018_12__LEGV2__CH_00082,285
UKPGA_2018_12__LEGV2__CH_00083,609
UKPGA_2018_12__LEGV2__CH_00084,98
UKPGA_2018_12__LEGV2__CH_00085,205
UKPGA_2018_12__LEGV2__CH_00086,71
UKPGA_2018_12__LEGV2__CH_00087,53
UKPGA_2018_12__LEGV2__CH_00088,46
UKPGA_2018_12__LEGV2__CH_00090,38
UKPGA_2018_12__LEGV2__CH_00091,22
UKPGA_2018_12__LEGV2__CH_00092,64
UKPGA_2018_12__LEGV2__CH_00093,40
UKPGA_2018_12__LEGV2__CH_00094,29
UKPGA_2018_12__LEGV2__CH_00095,74
UKPGA_2018_12__LEGV2__CH_00096,85
UKPGA_2018_12__LEGV2__CH_00097__M,65
UKPGA_2018_12__LEGV2__CH_00099,131
UKPGA_2018_12__LEGV2__CH_00101,54
UKPGA_2018_12__LEGV2__CH_00102,178
UKPGA_2018_12__LEGV2__CH_00103,65
UKPGA_2018_12__LEGV2__CH_00104,46
UKPGA_2018_12__LEGV2__CH_00105,28
UKPGA_2018_12__LEGV2__CH_00106,35
UKPGA_2018_12__LEGV2__CH_00107,48
UKPGA_2018_12__LEGV2__CH_00108,46
UKPGA_2018_12__LEGV2__CH_00109,164
UKPGA_2018_12__LEGV2__CH_00111,97
UKPGA_2018_12__LEGV2__CH_00112,166
UKPGA_2018_12__LEGV2__CH_00113,131
UKPGA_2018_12__LEGV2__CH_00114,44
UKPGA_2018_12__LEGV2__CH_00115,56
UKPGA_2018_12__LEGV2__CH_00116,67
UKPGA_2018_12__LEGV2__CH_00117,92
UKPGA_2018_12__LEGV2__CH_00118,108
UKPGA_2018_12__LEGV2__CH_00119,123
UKPGA_2018_12__LEGV2__CH_00120,100
UKPGA_2018_12__LEGV2__CH_00121,61
UKPGA_2018_12__LEGV2__CH_00124,59
UKPGA_2018_12__LEGV2__CH_00125,98
UKPGA_2018_12__LEGV2__CH_00126,53
UKPGA_2018_12__LEGV2__CH_00127,37
UKPGA_2018_12__LEGV2__CH_00128,89
UKPGA_2018_12__LEGV2__CH_00129,110
UKPGA_2018_12__LEGV2__CH_00130,296
UKPGA_2018_12__LEGV2__CH_00131,181
UKPGA_2018_12__LEGV2__CH_00132,53
UKPGA_2018_12__LEGV2__CH_00133,490
UKPGA_2018_12__LEGV2__CH_00134,693
UKPGA_2018_12__LEGV2__CH_00135,33
UKPGA_2018_12__LEGV2__CH_00136,219
UKPGA_2018_12__LEGV2__CH_00137,188
UKPGA_2018_12__LEGV2__CH_00138,41
UKPGA_2018_12__LEGV2__CH_00140,133
UKPGA_2018_12__LEGV2__CH_00141,218
UKPGA_2018_12__LEGV2__CH_00142,108
UKPGA_2018_12__LEGV2__CH_00143,571
UKPGA_2018_12__LEGV2__CH_00144,51
UKPGA_2018_12__LEGV2__CH_00145,444
UKPGA_2018_12__LEGV2__CH_00146,290
UKPGA_2018_12__LEGV2__CH_00147,32
UKPGA_2018_12__LEGV2__CH_00148,223
UKPGA_2018_12__LEGV2__CH_00149,344
UKPGA_2018_12__LEGV2__CH_00150,54
UKPGA_2018_12__LEGV2__CH_00151,364
UKPGA_2018_12__LEGV2__CH_00152,197
UKPGA_2018_12__LEGV2__CH_00153,69
UKPGA_2018_12__LEGV2__CH_00154,99
UKPGA_2018_12__LEGV2__CH_00155,59
UKPGA_2018_12__LEGV2__CH_00156,29
UKPGA_2018_12__LEGV2__CH_00157,29
UKPGA_2018_12__LEGV2__CH_00159,147
UKPGA_2018_12__LEGV2__CH_00160,67
UKPGA_2018_12__LEGV2__CH_00162,57
UKPGA_2018_12__LEGV2__CH_00163,551
UKPGA_2018_12__LEGV2__CH_00164,67
UKPGA_2018_12__LEGV2__CH_00165,39
UKPGA_2018_12__LEGV2__CH_00166,22
UKPGA_2018_12__LEGV2__CH_00167,65
UKPGA_2018_12__LEGV2__CH_00168,87
UKPGA_2018_12__LEGV2__CH_00169,28
UKPGA_2018_12__LEGV2__CH_00170,22
UKPGA_2018_12__LEGV2__CH_00171,41
UKPGA_2018_12__LEGV2__CH_00172,68
UKPGA_2018_12__LEGV2__CH_00173,51
UKPGA_2018_12__LEGV2__CH_00174,88
UKPGA_2018_12__LEGV2__CH_00175,71
UKPGA_2018_12__LEGV2__CH_00176,39
UKPGA_2018_12__LEGV2__CH_00177,153
UKPGA_2018_12__LEGV2__CH_00178,82
UKPGA_2018_12__LEGV2__CH_00179,166
UKPGA_2018_12__LEGV2__CH_00180,78
UKPGA_2018_12__LEGV2__CH_00181,129
UKPGA_2018_12__LEGV2__CH_00182,90
UKPGA_2018_12__LEGV2__CH_00183,1802
UKPGA_2018_12__LEGV2__CH_00184,147
UKPGA_2018_12__LEGV2__CH_00185,95
UKPGA_2018_12__LEGV2__CH_00186,207
UKPGA_2018_12__LEGV2__CH_00187,43
UKPGA_2018_12__LEGV2__CH_00188,100
UKPGA_2018_12__LEGV2__CH_00189,28
UKPGA_2018_12__LEGV2__CH_00190,36
UKPGA_2018_12__LEGV2__CH_00191,43
UKPGA_2018_12__LEGV2__CH_00192,46
UKPGA_2018_12__LEGV2__CH_00193,36
UKPGA_2018_12__LEGV2__CH_00194,119
UKPGA_2018_12__LEGV2__CH_00195,36
UKPGA_2018_12__LEGV2__CH_00196,40
UKPGA_2018_12__LEGV2__CH_00197,122
UKPGA_2018_12__LEGV2__CH_00198,50
UKPGA_2018_12__LEGV2__CH_00199,36
UKPGA_2018_12__LEGV2__CH_00200,38
UKPGA_2018_12__LEGV2__CH_00201,35
UKPGA_2018_12__LEGV2__CH_00202,88
UKPGA_2018_12__LEGV2__CH_00204,96
UKPGA_2018_12__LEGV2__CH_00205,82
UKPGA_2018_12__LEGV2__CH_00206,135
UKPGA_2018_12__LEGV2__CH_00207,41
UKPGA_2018_12__LEGV2__CH_00208,70
UKPGA_2018_12__LEGV2__CH_00209,40
UKPGA_2018_12__LEGV2__CH_00210,39
UKPGA_2018_12__LEGV2__CH_00211,51
UKPGA_2018_12__LEGV2__CH_00212,74
UKPGA_2018_12__LEGV2__CH_00213,75
UKPGA_2018_12__LEGV2__CH_00214,39
UKPGA_2018_12__LEGV2__CH_00215,82
UKPGA_2018_12__LEGV2__CH_00216,26
UKPGA_2018_12__LEGV2__CH_00217,28
UKPGA_2018_12__LEGV2__CH_00218,74
UKPGA_2018_12__LEGV2__CH_00219,43
UKPGA_2018_12__LEGV2__CH_00220,82
UKPGA_2018_12__LEGV2__CH_00221,78
UKPGA_2018_12__LEGV2__CH_00222,20
UKPGA_2018_12__LEGV2__CH_00224,102
UKPGA_2018_12__LEGV2__CH_00225,32
UKPGA_2018_12__LEGV2__CH_00226,34
UKPGA_2018_12__LEGV2__CH_00227,30
UKPGA_2018_12__LEGV2__CH_00228,40
UKPGA_2018_12__LEGV2__CH_00229,75
UKPGA_2018_12__LEGV2__CH_00230,52
UKPGA_2018_12__LEGV2__CH_00231,140
UKPGA_2018_12__LEGV2__CH_00232,125
UKPGA_2018_12__LEGV2__CH_00233,102
UKPGA_2018_12__LEGV2__CH_00234,37
UKPGA_2018_12__LEGV2__CH_00235,73
UKPGA_2018_12__LEGV2__CH_00236,41
UKPGA_2018_12__LEGV2__CH_00237,24
UKPGA_2018_12__LEGV2__CH_00238,36
UKPGA_2018_12__LEGV2__CH_00239,56
UKPGA_2018_12__LEGV2__CH_00240,103
UKPGA_2018_12__LEGV2__CH_00241,25
UKPGA_2018_12__LEGV2__CH_00242,30
UKPGA_2018_12__LEGV2__CH_00243,81
UKPGA_2018_12__LEGV2__CH_00244,83
UKPGA_2018_12__LEGV2__CH_00245,33
UKPGA_2018_12__LEGV2__CH_00246,75
UKPGA_2018_12__LEGV2__CH_00247,31
UKPGA_2018_12__LEGV2__CH_00248,50
UKPGA_2018_12__LEGV2__CH_00250,89
UKPGA_2018_12__LEGV2__CH_00251,120
UKPGA_2018_12__LEGV2__CH_00252,37
UKPGA_2018_12__LEGV2__CH_00253,86
UKPGA_2018_12__LEGV2__CH_00254,100
UKPGA_2018_12__LEGV2__CH_00255,176
UKPGA_2018_12__LEGV2__CH_00256,35
UKPGA_2018_12__LEGV2__CH_00257,52
UKPGA_2018_12__LEGV2__CH_00258,33
UKPGA_2018_12__LEGV2__CH_00259,86
UKPGA_2018_12__LEGV2__CH_00260,47
UKPGA_2018_12__LEGV2__CH_00261,85
UKPGA_2018_12__LEGV2__CH_00262,91
UKPGA_2018_12__LEGV2__CH_00263,223
UKPGA_2018_12__LEGV2__CH_00264,73
UKPGA_2018_12__LEGV2__CH_00265,90
UKPGA_2018_12__LEGV2__CH_00266,159
UKPGA_2018_12__LEGV2__CH_00267,86
UKPGA_2018_12__LEGV2__CH_00268,49
UKPGA_2018_12__LEGV2__CH_00269,79
UKPGA_2018_12__LEGV2__CH_00270,56
UKPGA_2018_12__LEGV2__CH_00271,37
UKPGA_2018_12__LEGV2__CH_00272,45
UKPGA_2018_12__LEGV2__CH_00273,86
UKPGA_2018_12__LEGV2__CH_00274,59
UKPGA_2018_12__LEGV2__CH_00275,36
UKPGA_2018_12__LEGV2__CH_00276,97
UKPGA_2018_12__LEGV2__CH_00277,55
UKPGA_2018_12__LEGV2__CH_00278,30
UKPGA_2018_12__LEGV2__CH_00279,103
UKPGA_2018_12__LEGV2__CH_00280,292
UKPGA_2018_12__LEGV2__CH_00281,53
UKPGA_2018_12__LEGV2__CH_00282,152
UKPGA_2018_12__LEGV2__CH_00283,93
UKPGA_2018_12__LEGV2__CH_00284,152
UKPGA_2018_12__LEGV2__CH_00285,28
UKPGA_2018_12__LEGV2__CH_00286,44
UKPGA_2018_12__LEGV2__CH_00288,29
UKPGA_2018_12__LEGV2__CH_00289,34
UKPGA_2018_12__LEGV2__CH_00290,41
UKPGA_2018_12__LEGV2__CH_00291,54
UKPGA_2018_12__LEGV2__CH_00292,51
UKPGA_2018_12__LEGV2__CH_00293,23
UKPGA_2018_12__LEGV2__CH_00294,72
UKPGA_2018_12__LEGV2__CH_00295,54
UKPGA_2018_12__LEGV2__CH_00296,25
UKPGA_2018_12__LEGV2__CH_00297,109
UKPGA_2018_12__LEGV2__CH_00298,60
UKPGA_2018_12__LEGV2__CH_00299,64
UKPGA_2018_12__LEGV2__CH_00300,46
UKPGA_2018_12__LEGV2__CH_00301,146
UKPGA_2018_12__LEGV2__CH_00302,144
UKPGA_2018_12__LEGV2__CH_00304,106
UKPGA_2018_12__LEGV2__CH_00305,36
UKPGA_2018_12__LEGV2__CH_00306,55
UKPGA_2018_12__LEGV2__CH_00307,40
UKPGA_2018_12__LEGV2__CH_00308,58
UKPGA_2018_12__LEGV2__CH_00309,64
UKPGA_2018_12__LEGV2__CH_00310,77
UKPGA_2018_12__LEGV2__CH_00312,59
UKPGA_2018_12__LEGV2__CH_00313,201
UKPGA_2018_12__LEGV2__CH_00314,20
UKPGA_2018_12__LEGV2__CH_00315,169
UKPGA_2018_12__LEGV2__CH_00316,110
UKPGA_2018_12__LEGV2__CH_00317,137
UKPGA_2018_12__LEGV2__CH_00318,142
UKPGA_2018_12__LEGV2__CH_00319,191
UKPGA_2018_12__LEGV2__CH_00320,41
UKPGA_2018_12__LEGV2__CH_00321,81
UKPGA_2018_12__LEGV2__CH_00323,116
UKPGA_2018_12__LEGV2__CH_00324,100
UKPGA_2018_12__LEGV2__CH_00325,292
UKPGA_2018_12__LEGV2__CH_00326,31
UKPGA_2018_12__LEGV2__CH_00328,69
UKPGA_2018_12__LEGV2__CH_00329,49
UKPGA_2018_12__LEGV2__CH_00330,26
UKPGA_2018_12__LEGV2__CH_00331,74
UKPGA_2018_12__LEGV2__CH_00333,47
UKPGA_2018_12__LEGV2__CH_00334,44
UKPGA_2018_12__LEGV2__CH_00335,82
UKPGA_2018_12__LEGV2__CH_00336,63
UKPGA_2018_12__LEGV2__CH_00337,105
UKPGA_2018_12__LEGV2__CH_00338,80
UKPGA_2018_12__LEGV2__CH_00339,47
UKPGA_2018_12__LEGV2__CH_00340,42
UKPGA_2018_12__LEGV2__CH_00341,62
UKPGA_2018_12__LEGV2__CH_00342,61
UKPGA_2018_12__LEGV2__CH_00343,31
UKPGA_2018_12__LEGV2__CH_00345,44
UKPGA_2018_12__LEGV2__CH_00346,25
UKPGA_2018_12__LEGV2__CH_00347,45
UKPGA_2018_12__LEGV2__CH_00348,30
UKPGA_2018_12__LEGV2__CH_00349,67
UKPGA_2018_12__LEGV2__CH_00350,38
UKPGA_2018_12__LEGV2__CH_00352,55
UKPGA_2018_12__LEGV2__CH_00353,303
UKPGA_2018_12__LEGV2__CH_00354,27
UKPGA_2018_12__LEGV2__CH_00355,76
UKPGA_2018_12__LEGV2__CH_00356,58
UKPGA_2018_12__LEGV2__CH_00357,36
UKPGA_2018_12__LEGV2__CH_00358,29
UKPGA_2018_12__LEGV2__CH_00359,39
UKPGA_2018_12__LEGV2__CH_00360,117
UKPGA_2018_12__LEGV2__CH_00361,145
UKPGA_2018_12__LEGV2__CH_00362,24
UKPGA_2018_12__LEGV2__CH_00363,46
UKPGA_2018_12__LEGV2__CH_00364,57
UKPGA_2018_12__LEGV2__CH_00365,68
UKPGA_2018_12__LEGV2__CH_00366,28
UKPGA_2018_12__LEGV2__CH_00367,33
UKPGA_2018_12__LEGV2__CH_00368,45
UKPGA_2018_12__LEGV2__CH_00369,100
UKPGA_2018_12__LEGV2__CH_00370,58
UKPGA_2018_12__LEGV2__CH_00371,36
UKPGA_2018_12__LEGV2__CH_00372,39
UKPGA_2018_12__LEGV2__CH_00373,71
UKPGA_2018_12__LEGV2__CH_00374,85
UKPGA_2018_12__LEGV2__CH_00375,96
UKPGA_2018_12__LEGV2__CH_00376,30
UKPGA_2018_12__LEGV2__CH_00377,38
UKPGA_2018_12__LEGV2__CH_00378,68
UKPGA_2018_12__LEGV2__CH_00379,58
UKPGA_2018_12__LEGV2__CH_00380,31
UKPGA_2018_12__LEGV2__CH_00381,44
UKPGA_2018_12__LEGV2__CH_00382,24
UKPGA_2018_12__LEGV2__CH_00384,88
UKPGA_2018_12__LEGV2__CH_00385,37
UKPGA_2018_12__LEGV2__CH_00386,46
UKPGA_2018_12__LEGV2__CH_00387,46
UKPGA_2018_12__LEGV2__CH_00388,51
UKPGA_2018_12__LEGV2__CH_00389,31
UKPGA_2018_12__LEGV2__CH_00390,46
UKPGA_2018_12__LEGV2__CH_00392,46
UKPGA_2018_12__LEGV2__CH_00394,70
UKPGA_2018_12__LEGV2__CH_00395,33
UKPGA_2018_12__LEGV2__CH_00396,29
UKPGA_2018_12__LEGV2__CH_00397,49
UKPGA_2018_12__LEGV2__CH_00398,84
UKPGA_2018_12__LEGV2__CH_00399,58
UKPGA_2018_12__LEGV2__CH_00400,102
UKPGA_2018_12__LEGV2__CH_00401,24
UKPGA_2018_12__LEGV2__CH_00402,75
UKPGA_2018_12__LEGV2__CH_00403,44
UKPGA_2018_12__LEGV2__CH_00404,62
UKPGA_2018_12__LEGV2__CH_00405,95
UKPGA_2018_12__LEGV2__CH_00406,22
UKPGA_2018_12__LEGV2__CH_00407,28
UKPGA_2018_12__LEGV2__CH_00408,21
UKPGA_2018_12__LEGV2__CH_00409,63
UKPGA_2018_12__LEGV2__CH_00411,50
UKPGA_2018_12__LEGV2__CH_00413,62
UKPGA_2018_12__LEGV2__CH_00414,82
UKPGA_2018_12__LEGV2__CH_00415,44
UKPGA_2018_12__LEGV2__CH_00416,123
UKPGA_2018_12__LEGV2__CH_00417,323
UKPGA_2018_12__LEGV2__CH_00419,130
UKPGA_2018_12__LEGV2__CH_00420,85
UKPGA_2018_12__LEGV2__CH_00422,115
UKPGA_2018_12__LEGV2__CH_00423,77
UKPGA_2018_12__LEGV2__CH_00424,84
UKPGA_2018_12__LEGV2__CH_00425,56
UKPGA_2018_12__LEGV2__CH_00426,44
UKPGA_2018_12__LEGV2__CH_00427,35
UKPGA_2018_12__LEGV2__CH_00428,73
UKPGA_2018_12__LEGV2__CH_00429,98
UKPGA_2018_12__LEGV2__CH_00430,36
UKPGA_2018_12__LEGV2__CH_00431,41
UKPGA_2018_12__LEGV2__CH_00433,115
UKPGA_2018_12__LEGV2__CH_00434,84
UKPGA_2018_12__LEGV2__CH_00435,92
UKPGA_2018_12__LEGV2__CH_00436,73
UKPGA_2018_12__LEGV2__CH_00437,83
UKPGA_2018_12__LEGV2__CH_00438,61
UKPGA_2018_12__LEGV2__CH_00439,133
UKPGA_2018_12__LEGV2__CH_00440,38
UKPGA_2018_12__LEGV2__CH_00441,44
UKPGA_2018_12__LEGV2__CH_00442,100
UKPGA_2018_12__LEGV2__CH_00443,75
UKPGA_2018_12__LEGV2__CH_00444,156
UKPGA_2018_12__LEGV2__CH_00445,87
UKPGA_2018_12__LEGV2__CH_00446,90
UKPGA_2018_12__LEGV2__CH_00447,120
UKPGA_2018_12__LEGV2__CH_00448,271
UKPGA_2018_12__LEGV2__CH_00449,192
UKPGA_2018_12__LEGV2__CH_00450,130
UKPGA_2018_12__LEGV2__CH_00451,135
UKPGA_2018_12__LEGV2__CH_00452,88
UKPGA_2018_12__LEGV2__CH_00453,124
UKPGA_2018_12__LEGV2__CH_00454,114
UKPGA_2018_12__LEGV2__CH_00455,64
UKPGA_2018_12__LEGV2__CH_00456,122
UKPGA_2018_12__LEGV2__CH_00457,140
UKPGA_2018_12__LEGV2__CH_00458,34
UKPGA_2018_12__LEGV2__CH_00459,140
UKPGA_2018_12__LEGV2__CH_00460,123
UKPGA_2018_12__LEGV2__CH_00461,65
UKPGA_2018_12__LEGV2__CH_00462,106
UKPGA_2018_12__LEGV2__CH_00463,92
UKPGA_2018_12__LEGV2__CH_00464,88
UKPGA_2018_12__LEGV2__CH_00465,112
UKPGA_2018_12__LEGV2__CH_00466,84
UKPGA_2018_12__LEGV2__CH_00467,78
UKPGA_2018_12__LEGV2__CH_00468,126
UKPGA_2018_12__LEGV2__CH_00469,103
UKPGA_2018_12__LEGV2__CH_00470,52
UKPGA_2018_12__LEGV2__CH_00471,102
UKPGA_2018_12__LEGV2__CH_00472,53
UKPGA_2018_12__LEGV2__CH_00473,73
UKPGA_2018_12__LEGV2__CH_00474,90
UKPGA_2018_12__LEGV2__CH_00475,76
UKPGA_2018_12__LEGV2__CH_00476,96
UKPGA_2018_12__LEGV2__CH_00477,129
UKPGA_2018_12__LEGV2__CH_00478,114
UKPGA_2018_12__LEGV2__CH_00479,70
UKPGA_2018_12__LEGV2__CH_00480,33
UKPGA_2018_12__LEGV2__CH_00481,32
UKPGA_2018_12__LEGV2__CH_00482,86
UKPGA_2018_12__LEGV2__CH_00483,54
UKPGA_2018_12__LEGV2__CH_00484,69
UKPGA_2018_12__LEGV2__CH_00485,108
UKPGA_2018_12__LEGV2__CH_00486,150
UKPGA_2018_12__LEGV2__CH_00487,60
UKPGA_2018_12__LEGV2__CH_00488,53
UKPGA_2018_12__LEGV2__CH_00489,47
UKPGA_2018_12__LEGV2__CH_00490,51
UKPGA_2018_12__LEGV2__CH_00491,57
UKPGA_2018_12__LEGV2__CH_00493,178
UKPGA_2018_12__LEGV2__CH_00494,93
UKPGA_2018_12__LEGV2__CH_00495,108
UKPGA_2018_12__LEGV2__CH_00496,82
UKPGA_2018_12__LEGV2__CH_00497,70
UKPGA_2018_12__LEGV2__CH_00498,180
UKPGA_2018_12__LEGV2__CH_00499,131
UKPGA_2018_12__LEGV2__CH_00500,282
UKPGA_2018_12__LEGV2__CH_00501,93
UKPGA_2018_12__LEGV2__CH_00502,51
UKPGA_2018_12__LEGV2__CH_00503,36
UKPGA_2018_12__LEGV2__CH_00504,420
UKPGA_2018_12__LEGV2__CH_00505,669
UKPGA_2018_12__LEGV2__CH_00506,475
UKPGA_2018_12__LEGV2__CH_00507,581
UKPGA_2018_12__LEGV2__CH_00508,53
UKPGA_2018_12__LEGV2__CH_00509,56
UKPGA_2018_12__LEGV2__CH_00510,226
UKPGA_2018_12__LEGV2__CH_00511,52
UKPGA_2018_12__LEGV2__CH_00512,58
UKPGA_2018_12__LEGV2__CH_00514,163
UKPGA_2018_12__LEGV2__CH_00515,33
UKPGA_2018_12__LEGV2__CH_00516,66
UKPGA_2018_12__LEGV2__CH_00517,82
UKPGA_2018_12__LEGV2__CH_00518,122
UKPGA_2018_12__LEGV2__CH_00519,56
UKPGA_2018_12__LEGV2__CH_00520,47
UKPGA_2018_12__LEGV2__CH_00521,46
UKPGA_2018_12__LEGV2__CH_00522,29
UKPGA_2018_12__LEGV2__CH_00523,54
UKPGA_2018_12__LEGV2__CH_00524,35
UKPGA_2018_12__LEGV2__CH_00526,31
UKPGA_2018_12__LEGV2__CH_00527,72
UKPGA_2018_12__LEGV2__CH_00528,174
UKPGA_2018_12__LEGV2__CH_00529,80
UKPGA_2018_12__LEGV2__CH_00530,24
UKPGA_2018_12__LEGV2__CH_00531,67
UKPGA_2018_12__LEGV2__CH_00532,90
UKPGA_2018_12__LEGV2__CH_00533,32
UKPGA_2018_12__LEGV2__CH_00534,30
UKPGA_2018_12__LEGV2__CH_00535,32
UKPGA_2018_12__LEGV2__CH_00536,41
UKPGA_2018_12__LEGV2__CH_00537,46
UKPGA_2018_12__LEGV2__CH_00538,102
UKPGA_2018_12__LEGV2__CH_00539,68
UKPGA_2018_12__LEGV2__CH_00542,65
UKPGA_2018_12__LEGV2__CH_00543,82
UKPGA_2018_12__LEGV2__CH_00544,26
UKPGA_2018_12__LEGV2__CH_00545,73
UKPGA_2018_12__LEGV2__CH_00546,67
UKPGA_2018_12__LEGV2__CH_00547,43
UKPGA_2018_12__LEGV2__CH_00548,45
UKPGA_2018_12__LEGV2__CH_00549,73
UKPGA_2018_12__LEGV2__CH_00550,29
UKPGA_2018_12__LEGV2__CH_00551,39
UKPGA_2018_12__LEGV2__CH_00552,30
UKPGA_2018_12__LEGV2__CH_00553,57
UKPGA_2018_12__LEGV2__CH_00554,87
UKPGA_2018_12__LEGV2__CH_00555,41
UKPGA_2018_12__LEGV2__CH_00556,62
UKPGA_2018_12__LEGV2__CH_00557,64
UKPGA_2018_12__LEGV2__CH_00558,31
UKPGA_2018_12__LEGV2__CH_00559,69
UKPGA_2018_12__LEGV2__CH_00560,25
UKPGA_2018_12__LEGV2__CH_00561,27
UKPGA_2018_12__LEGV2__CH_00562,28
UKPGA_2018_12__LEGV2__CH_00563,48
UKPGA_2018_12__LEGV2__CH_00564,34
UKPGA_2018_12__LEGV2__CH_00565,35
UKPGA_2018_12__LEGV2__CH_00566,44
UKPGA_2018_12__LEGV2__CH_00567,53
UKPGA_2018_12__LEGV2__CH_00568,42
UKPGA_2018_12__LEGV2__CH_00569,35
UKPGA_2018_12__LEGV2__CH_00570,38
UKPGA_2018_12__LEGV2__CH_00571,57
UKPGA_2018_12__LEGV2__CH_00573,51
UKPGA_2018_12__LEGV2__CH_00574,37
UKPGA_2018_12__LEGV2__CH_00575,80
UKPGA_2018_12__LEGV2__CH_00576,69
UKPGA_2018_12__LEGV2__CH_00577,116
UKPGA_2018_12__LEGV2__CH_00578,63
UKPGA_2018_12__LEGV2__CH_00579,49
UKPGA_2018_12__LEGV2__CH_00580,39
UKPGA_2018_12__LEGV2__CH_00581,62
UKPGA_2018_12__LEGV2__CH_00582,31
UKPGA_2018_12__LEGV2__CH_00583,34
UKPGA_2018_12__LEGV2__CH_00585,41
UKPGA_2018_12__LEGV2__CH_00586,69
UKPGA_2018_12__LEGV2__CH_00587,165
UKPGA_2018_12__LEGV2__CH_00589,86
UKPGA_2018_12__LEGV2__CH_00590,28
UKPGA_2018_12__LEGV2__CH_00591,31
UKPGA_2018_12__LEGV2__CH_00592,62
UKPGA_2018_12__LEGV2__CH_00593,63
UKPGA_2018_12__LEGV2__CH_00594,50
UKPGA_2018_12__LEGV2__CH_00595,79
UKPGA_2018_12__LEGV2__CH_00596,24
UKPGA_2018_12__LEGV2__CH_00597,61
UKPGA_2018_12__LEGV2__CH_00598,22
UKPGA_2018_12__LEGV2__CH_00599,37
UKPGA_2018_12__LEGV2__CH_00600,39
UKPGA_2018_12__LEGV2__CH_00601,28
UKPGA_2018_12__LEGV2__CH_00603,47
UKPGA_2018_12__LEGV2__CH_00604,35
UKPGA_2018_12__LEGV2__CH_00605,31
UKPGA_2018_12__LEGV2__CH_00606,27
UKPGA_2018_12__LEGV2__CH_00607,51
UKPGA_2018_12__LEGV2__CH_00608,63
UKPGA_2018_12__LEGV2__CH_00609,51
UKPGA_2018_12__LEGV2__CH_00610,58
UKPGA_2018_12__LEGV2__CH_00611,40
UKPGA_2018_12__LEGV2__CH_00612,144
UKPGA_2018_12__LEGV2__CH_00613,42
UKPGA_2018_12__LEGV2__CH_00614,195
UKPGA_2018_12__LEGV2__CH_00615,128
UKPGA_2018_12__LEGV2__CH_00616,33
UKPGA_2018_12__LEGV2__CH_00617,73
UKPGA_2018_12__LEGV2__CH_00618,34
UKPGA_2018_12__LEGV2__CH_00619,73
UKPGA_2018_12__LEGV2__CH_00620,27
UKPGA_2018_12__LEGV2__CH_00621,216
UKPGA_2018_12__LEGV2__CH_00622,575
UKPGA_2018_12__LEGV2__CH_00623,66
UKPGA_2018_12__LEGV2__CH_00624,52
UKPGA_2018_12__LEGV2__CH_00625,86
UKPGA_2018_12__LEGV2__CH_00626,93
UKPGA_2018_12__LEGV2__CH_00628,93
UKPGA_2018_12__LEGV2__CH_00629,55
UKPGA_2018_12__LEGV2__CH_00630,51
UKPGA_2018_12__LEGV2__CH_00631,72
UKPGA_2018_12__LEGV2__CH_00632,161
UKPGA_2018_12__LEGV2__CH_00633,73
UKPGA_2018_12__LEGV2__CH_00634,91
UKPGA_2018_12__LEGV2__CH_00635,110
UKPGA_2018_12__LEGV2__CH_00636,95
UKPGA_2018_12__LEGV2__CH_00637,93
UKPGA_2018_12__LEGV2__CH_00638,33
UKPGA_2018_12__LEGV2__CH_00639,39
UKPGA_2018_12__LEGV2__CH_00640,259
UKPGA_2018_12__LEGV2__CH_00641,278
UKPGA_2018_12__LEGV2__CH_00642,135
UKPGA_2018_12__LEGV2__CH_00643,258
UKPGA_2018_12__LEGV2__CH_00646,135
UKPGA_2018_12__LEGV2__CH_00647,81
UKPGA_2018_12__LEGV2__CH_00648,179
UKPGA_2018_12__LEGV2__CH_00649,197
UKPGA_2018_12__LEGV2__CH_00650,286
UKPGA_2018_12__LEGV2__CH_00651,148
UKPGA_2018_12__LEGV2__CH_00652,154
UKPGA_2018_12__LEGV2__CH_00653,200
UKPGA_2018_12__LEGV2__CH_00654,211
UKPGA_2018_12__LEGV2__CH_00655,90
UKPGA_2018_12__LEGV2__CH_00656,192
UKPGA_2018_12__LEGV2__CH_00657,191
UKPGA_2018_12__LEGV2__CH_00658,107
UKPGA_2018_12__LEGV2__CH_00659,135
UKPGA_2018_12__LEGV2__CH_00660,101
UKPGA_2018_12__LEGV2__CH_00662,32
UKPGA_2018_12__LEGV2__CH_00663,82
UKPGA_2018_12__LEGV2__CH_00664__M,199
UKPGA_2018_12__LEGV2__CH_00667__M,216
UKPGA_2018_12__LEGV2__CH_00671,99
UKPGA_2018_12__LEGV2__CH_00672,66
UKPGA_2018_12__LEGV2__CH_00673,105
UKPGA_2018_12__LEGV2__CH_00674,50
UKPGA_2018_12__LEGV2__CH_00675,170
UKPGA_2018_12__LEGV2__CH_00678,175
UKPGA_2018_12__LEGV2__CH_00679,308
UKPGA_2018_12__LEGV2__CH_00680,306
UKPGA_2018_12__LEGV2__CH_00681,294
UKPGA_2018_12__LEGV2__CH_00682,26
UKPGA_2018_12__LEGV2__CH_00683,120
UKPGA_2018_12__LEGV2__CH_00684,64
UKPGA_2018_12__LEGV2__CH_00685,163
UKPGA_2018_12__LEGV2__CH_00686,90
UKPGA_2018_12__LEGV2__CH_00687,63
UKPGA_2018_12__LEGV2__CH_00688,81
UKPGA_2018_12__LEGV2__CH_00689,56
UKPGA_2018_12__LEGV2__CH_00690,128
UKPGA_2018_12__LEGV2__CH_00691,30
UKPGA_2018_12__LEGV2__CH_00692,113
UKPGA_2018_12__LEGV2__CH_00693,63
UKPGA_2018_12__LEGV2__CH_00694,143
UKPGA_2018_12__LEGV2__CH_00695,397
UKPGA_2018_12__LEGV2__CH_00696,399
UKPGA_2018_12__LEGV2__CH_00697,91
UKPGA_2018_12__LEGV2__CH_00698,111
UKPGA_2018_12__LEGV2__CH_00699,87
UKPGA_2018_12__LEGV2__CH_00700,117
UKPGA_2018_12__LEGV2__CH_00701,87
UKPGA_2018_12__LEGV2__CH_00702,117
UKPGA_2018_12__LEGV2__CH_00703,88
UKPGA_2018_12__LEGV2__CH_00704,117
UKPGA_2018_12__LEGV2__CH_00706,185
UKPGA_2018_12__LEGV2__CH_00707,197
UKPGA_2018_12__LEGV2__CH_00708,102
UKPGA_2018_12__LEGV2__CH_00710,98
UKPGA_2018_12__LEGV2__CH_00711,203
UKPGA_2018_12__LEGV2__CH_00712,97
UKPGA_2018_12__LEGV2__CH_00713,77
UKPGA_2018_12__LEGV2__CH_00714,134
UKPGA_2018_12__LEGV2__CH_00715,75
UKPGA_2018_12__LEGV2__CH_00716,77
UKPGA_2018_12__LEGV2__CH_00717,36
UKPGA_2018_12__LEGV2__CH_00718,149
UKPGA_2018_12__LEGV2__CH_00719,108
UKPGA_2018_12__LEGV2__CH_00720,51
UKPGA_2018_12__LEGV2__CH_00721,43
UKPGA_2018_12__LEGV2__CH_00722,284
UKPGA_2018_12__LEGV2__CH_00723,62
UKPGA_2018_12__LEGV2__CH_00724,173
UKPGA_2018_12__LEGV2__CH_00725,332
UKPGA_2018_12__LEGV2__CH_00726,177
UKPGA_2018_12__LEGV2__CH_00727,228
UKPGA_2018_12__LEGV2__CH_00728,167
UKPGA_2018_12__LEGV2__CH_00729,203
UKPGA_2018_12__LEGV2__CH_00730,53
UKPGA_2018_12__LEGV2__CH_00731,123
UKPGA_2018_12__LEGV2__CH_00732,143
UKPGA_2018_12__LEGV2__CH_00733,386
UKPGA_2018_12__LEGV2__CH_00734,135
UKPGA_2018_12__LEGV2__CH_00735,86
UKPGA_2018_12__LEGV2__CH_00736,88
UKPGA_2018_12__LEGV2__CH_00737,195
UKPGA_2018_12__LEGV2__CH_00740,36
UKPGA_2018_12__LEGV2__CH_00741,47
UKPGA_2018_12__LEGV2__CH_00746,21
UKPGA_2018_12__LEGV2__CH_00747,19
UKPGA_2018_12__LEGV2__CH_00750,173
UKPGA_2018_12__LEGV2__CH_00752,133
UKPGA_2018_12__LEGV2__CH_00753,32
UKPGA_2018_12__LEGV2__CH_00754,44
UKPGA_2018_12__LEGV2__CH_00755,34
UKPGA_2018_12__LEGV2__CH_00756,98
UKPGA_2018_12__LEGV2__CH_00757,51
UKPGA_2018_12__LEGV2__CH_00758,57
UKPGA_2018_12__LEGV2__CH_00759,62
UKPGA_2018_12__LEGV2__CH_00760,59
UKPGA_2018_12__LEGV2__CH_00761,65
UKPGA_2018_12__LEGV2__CH_00762,52
UKPGA_2018_12__LEGV2__CH_00763,794
UKPGA_2018_12__LEGV2__CH_00764,482
UKPGA_2018_12__LEGV2__CH_00765,286
UKPGA_2018_12__LEGV2__CH_00766,144
UKPGA_2018_12__LEGV2__CH_00767,255
UKPGA_2018_12__LEGV2__CH_00768,290
UKPGA_2018_12__LEGV2__CH_00769,87
UKPGA_2018_12__LEGV2__CH_00770,684
UKPGA_2018_12__LEGV2__CH_00772,134
UKPGA_2018_12__LEGV2__CH_00773,33
UKPGA_2018_12__LEGV2__CH_00774,45
UKPGA_2018_12__LEGV2__CH_00775,35
UKPGA_2018_12__LEGV2__CH_00776,41
UKPGA_2018_12__LEGV2__CH_00777,48
UKPGA_2018_12__LEGV2__CH_00778,96
UKPGA_2018_12__LEGV2__CH_00779,50
UKPGA_2018_12__LEGV2__CH_00780,64
UKPGA_2018_12__LEGV2__CH_00781__M,108
UKPGA_2018_12__LEGV2__CH_00784,186
UKPGA_2018_12__LEGV2__CH_00785,129
UKPGA_2018_12__LEGV2__CH_00786,227
UKPGA_2018_12__LEGV2__CH_00787,143
UKPGA_2018_12__LEGV2__CH_00788,101
UKPGA_2018_12__LEGV2__CH_00789,193
UKPGA_2018_12__LEGV2__CH_00790,220
UKPGA_2018_12__LEGV2__CH_00791,269
UKPGA_2018_12__LEGV2__CH_00792,101
UKPGA_2018_12__LEGV2__CH_00793,150
UKPGA_2018_12__LEGV2__CH_00794,139
UKPGA_2018_12__LEGV2__CH_00795,123
UKPGA_2018_12__LEGV2__CH_00796,157
UKPGA_2018_12__LEGV2__CH_00797,140
UKPGA_2018_12__LEGV2__CH_00798,161
UKPGA_2018_12__LEGV2__CH_00799,149
UKPGA_2018_12__LEGV2__CH_00800,66
UKPGA_2018_12__LEGV2__CH_00801,98
UKPGA_2018_12__LEGV2__CH_00802,238
UKPGA_2018_12__LEGV2__CH_00803,726
UKPGA_2018_12__LEGV2__CH_00804,669
UKPGA_2018_12__LEGV2__CH_00805,386
UKPGA_2018_12__LEGV2__CH_00806,331
UKPGA_2018_12__LEGV2__CH_00807,710
UKPGA_2018_12__LEGV2__CH_00808,47
UKPGA_2018_12__LEGV2__CH_00809,25
UKPGA_2018_12__LEGV2__CH_00810,148
UKPGA_2018_12__LEGV2__CH_00811,390
UKPGA_2018_12__LEGV2__CH_00812,46
UKPGA_2018_12__LEGV2__CH_00814,32
UKPGA_2018_12__LEGV2__CH_00816,118
UKPGA_2018_12__LEGV2__CH_00817,56
UKPGA_2018_12__LEGV2__CH_00818,102
UKPGA_2018_12__LEGV2__CH_00819,36
UKPGA_2018_12__LEGV2__CH_00824,36
UKPGA_2018_12__LEGV2__CH_00825,32
UKPGA_2018_12__LEGV2__CH_00826,33
UKPGA_2018_12__LEGV2__CH_00827,45
UKPGA_2018_12__LEGV2__CH_00828,364
UKPGA_2018_12__LEGV2__CH_00829,174
UKPGA_2018_12__LEGV2__CH_00830,209
UKPGA_2018_12__LEGV2__CH_00833,128
UKPGA_2018_12__LEGV2__CH_00834,194
UKPGA_2018_12__LEGV2__CH_00835,69
UKPGA_2018_12__LEGV2__CH_00836,126
UKPGA_2018_12__LEGV2__CH_00837,26
UKPGA_2018_12__LEGV2__CH_00838,70
UKPGA_2018_12__LEGV2__CH_00839,131
UKPGA_2018_12__LEGV2__CH_00840,69
UKPGA_2018_12__LEGV2__CH_00841,74
UKPGA_2018_12__LEGV2__CH_00842,266
UKPGA_2018_12__LEGV2__CH_00843,116
UKPGA_2018_12__LEGV2__CH_00844,30
UKPGA_2018_12__LEGV2__CH_00845,65
UKPGA_2018_12__LEGV2__CH_00846,80
UKPGA_2018_12__LEGV2__CH_00847,51
UKPGA_2018_12__LEGV2__CH_00849,67
UKPGA_2018_12__LEGV2__CH_00850,143
UKPGA_2018_12__LEGV2__CH_00851,175
UKPGA_2018_12__LEGV2__CH_00852,151
UKPGA_2018_12__LEGV2__CH_00853,88
UKPGA_2018_12__LEGV2__CH_00856,89
UKPGA_2018_12__LEGV2__CH_00857,130
UKPGA_2018_12__LEGV2__CH_00858,52
UKPGA_2018_12__LEGV2__CH_00859,68
UKPGA_2018_12__LEGV2__CH_00860,35
UKPGA_2018_12__LEGV2__CH_00861,60
UKPGA_2018_12__LEGV2__CH_00862,31
UKPGA_2018_12__LEGV2__CH_00863,118
UKPGA_2018_12__LEGV2__CH_00864,28
UKPGA_2018_12__LEGV2__CH_00865,78
UKPGA_2018_12__LEGV2__CH_00866,105
UKPGA_2018_12__LEGV2__CH_00867,156
UKPGA_2018_12__LEGV2__CH_00868,197
UKPGA_2018_12__LEGV2__CH_00869,93
UKPGA_2018_12__LEGV2__CH_00870,384
UKPGA_2018_12__LEGV2__CH_00871,279
UKPGA_2018_12__LEGV2__CH_00872,53
UKPGA_2018_12__LEGV2__CH_00873,121
UKPGA_2018_12__LEGV2__CH_00874,68
UKPGA_2018_12__LEGV2__CH_00875,52
UKPGA_2018_12__LEGV2__CH_00876,41
UKPGA_2018_12__LEGV2__CH_00877,51
UKPGA_2018_12__LEGV2__CH_00878,56
UKPGA_2018_12__LEGV2__CH_00880,122
UKPGA_2018_12__LEGV2__CH_00881,85
UKPGA_2018_12__LEGV2__CH_00883,35
UKPGA_2018_12__LEGV2__CH_00884,100
UKPGA_2018_12__LEGV2__CH_00885,38
UKPGA_2018_12__LEGV2__CH_00886,47
UKPGA_2018_12__LEGV2__CH_00887,56
UKPGA_2018_12__LEGV2__CH_00888,97
UKPGA_2018_12__LEGV2__CH_00889,51
UKPGA_2018_12__LEGV2__CH_00890,61
UKPGA_2018_12__LEGV2__CH_00891,32
UKPGA_2018_12__LEGV2__CH_00892,39
UKPGA_2018_12__LEGV2__CH_00893,36
UKPGA_2018_12__LEGV2__CH_00894,49
UKPGA_2018_12__LEGV2__CH_00895,318
UKPGA_2018_12__LEGV2__CH_00896,128
UKPGA_2018_12__LEGV2__CH_00901,45
UKPGA_2018_12__LEGV2__CH_00902,23
UKPGA_2018_12__LEGV2__CH_00904,63
UKPGA_2018_12__LEGV2__CH_00905,77
UKPGA_2018_12__LEGV2__CH_00906,80
UKPGA_2018_12__LEGV2__CH_00908,26
UKPGA_2018_12__LEGV2__CH_00909,39
UKPGA_2018_12__LEGV2__CH_00910,25
UKPGA_2018_12__LEGV2__CH_00916,86
UKPGA_2018_12__LEGV2__CH_00917,101
UKPGA_2018_12__LEGV2__CH_00918,50
UKPGA_2018_12__LEGV2__CH_00920,61
UKPGA_2018_12__LEGV2__CH_00922,46
UKPGA_2018_12__LEGV2__CH_00923,99
UKPGA_2018_12__LEGV2__CH_00924,56
UKPGA_2018_12__LEGV2__CH_00925,74
UKPGA_2018_12__LEGV2__CH_00926,187
UKPGA_2018_12__LEGV2__CH_00927,207
UKPGA_2018_12__LEGV2__CH_00928,61
UKPGA_2018_12__LEGV2__CH_00929,50
UKPGA_2018_12__LEGV2__CH_00930,32
UKPGA_2018_12__LEGV2__CH_00931,107
UKPGA_2018_12__LEGV2__CH_00932,66
UKPGA_2018_12__LEGV2__CH_00935,53
UKPGA_2018_12__LEGV2__CH_00936,25
UKPGA_2018_12__LEGV2__CH_00938,34
UKPGA_2018_12__LEGV2__CH_00941,39
UKPGA_2018_12__LEGV2__CH_00942,53
UKPGA_2018_12__LEGV2__CH_00943,69
UKPGA_2018_12__LEGV2__CH_00945,33
UKPGA_2018_12__LEGV2__CH_00946,143
UKPGA_2018_12__LEGV2__CH_00947,47
UKPGA_2018_12__LEGV2__CH_00948,31
UKPGA_2018_12__LEGV2__CH_00949,68
UKPGA_2018_12__LEGV2__CH_00950,147
UKPGA_2018_12__LEGV2__CH_00951,28
UKPGA_2018_12__LEGV2__CH_00952,39
UKPGA_2018_12__LEGV2__CH_00954,40
UKPGA_2018_12__LEGV2__CH_00956,42
UKPGA_2018_12__LEGV2__CH_00957,83
UKPGA_2018_12__LEGV2__CH_00958,44
UKPGA_2018_12__LEGV2__CH_00959,123
UKPGA_2018_12__LEGV2__CH_00961,152
UKPGA_2018_12__LEGV2__CH_00962,95
UKPGA_2018_12__LEGV2__CH_00963,142
UKPGA_2018_12__LEGV2__CH_00964,118
UKPGA_2018_12__LEGV2__CH_00965,103
UKPGA_2018_12__LEGV2__CH_00966,156
UKPGA_2018_12__LEGV2__CH_00967,86
UKPGA_2018_12__LEGV2__CH_00968,84
UKPGA_2018_12__LEGV2__CH_00969,84
UKPGA_2018_12__LEGV2__CH_00970,103
UKPGA_2018_12__LEGV2__CH_00971,43
UKPGA_2018_12__LEGV2__CH_00972,100
UKPGA_2018_12__LEGV2__CH_00973,94
UKPGA_2018_12__LEGV2__CH_00974,72
UKPGA_2018_12__LEGV2__CH_00975,266
UKPGA_2018_12__LEGV2__CH_00976,72
UKPGA_2018_12__LEGV2__CH_00977,65
UKPGA_2018_12__LEGV2__CH_00978,85
UKPGA_2018_12__LEGV2__CH_00979,50
UKPGA_2018_12__LEGV2__CH_00980,43
UKPGA_2018_12__LEGV2__CH_00981,71
UKPGA_2018_12__LEGV2__CH_00982,53
UKPGA_2018_12__LEGV2__CH_00983,66
UKPGA_2018_12__LEGV2__CH_00984,151
UKPGA_2018_12__LEGV2__CH_00985,65
UKPGA_2018_12__LEGV2__CH_00986,142
UKPGA_2018_12__LEGV2__CH_00987,109
UKPGA_2018_12__LEGV2__CH_00988,38
UKPGA_2018_12__LEGV2__CH_00989,120
UKPGA_2018_12__LEGV2__CH_00990,73
UKPGA_2018_12__LEGV2__CH_00991,38
UKPGA_2018_12__LEGV2__CH_00992,58
UKPGA_2018_12__LEGV2__CH_00993,60
UKPGA_2018_12__LEGV2__CH_00994,52
UKPGA_2018_12__LEGV2__CH_00995,55
UKPGA_2018_12__LEGV2__CH_00996,174
UKPGA_2018_12__LEGV2__CH_00997,234
UKPGA_2018_12__LEGV2__CH_00998,128
UKPGA_2018_12__LEGV2__CH_00999,130
UKPGA_2018_12__LEGV2__CH_01000,418
UKPGA_2018_12__LEGV2__CH_01001,452
UKPGA_2018_12__LEGV2__CH_01002,253
UKPGA_2018_12__LEGV2__CH_01003,186
UKPGA_2018_12__LEGV2__CH_01004,58
UKPGA_2018_12__LEGV2__CH_01005,74
UKPGA_2018_12__LEGV2__CH_01006,134
UKPGA_2018_12__LEGV2__CH_01007,134
UKPGA_2018_12__LEGV2__CH_01008,116
UKPGA_2018_12__LEGV2__CH_01009,39
UKPGA_2018_12__LEGV2__CH_01010,66
UKPGA_2018_12__LEGV2__CH_01011,385
UKPGA_2018_12__LEGV2__CH_01012,312
UKPGA_2018_12__LEGV2__CH_01013,199
UKPGA_2018_12__LEGV2__CH_01014,60
UKPGA_2018_12__LEGV2__CH_01015,136
UKPGA_2018_12__LEGV2__CH_01016,134
UKPGA_2018_12__LEGV2__CH_01017,122
UKPGA_2018_12__LEGV2__CH_01018,51
UKPGA_2018_12__LEGV2__CH_01019,109
UKPGA_2018_12__LEGV2__CH_01020,111
UKPGA_2018_12__LEGV2__CH_01021,140
UKPGA_2018_12__LEGV2__CH_01022,62
UKPGA_2018_12__LEGV2__CH_01023,297
UKPGA_2018_12__LEGV2__CH_01024,199
UKPGA_2018_12__LEGV2__CH_01025,525
UKPGA_2018_12__LEGV2__CH_01026,67
UKPGA_2018_12__LEGV2__CH_01028,27
UKPGA_2018_12__LEGV2__CH_01029,64
UKPGA_2018_12__LEGV2__CH_01030,83
UKPGA_2018_12__LEGV2__CH_01034,69
UKPGA_2018_12__LEGV2__CH_01036,122
UKPGA_2018_12__LEGV2__CH_01037,65
UKPGA_2018_12__LEGV2__CH_01038,30
UKPGA_2018_12__LEGV2__CH_01039,53
UKPGA_2018_12__LEGV2__CH_01040,80
UKPGA_2018_12__LEGV2__CH_01041,74
UKPGA_2018_12__LEGV2__CH_01042,38
UKPGA_2018_12__LEGV2__CH_01043,74
UKPGA_2018_12__LEGV2__CH_01044,105
UKPGA_2018_12__LEGV2__CH_01045,54
UKPGA_2018_12__LEGV2__CH_01046,63
UKPGA_2018_12__LEGV2__CH_01047,99
UKPGA_2018_12__LEGV2__CH_01048,38
UKPGA_2018_12__LEGV2__CH_01049,55
UKPGA_2018_12__LEGV2__CH_01050,44
UKPGA_2018_12__LEGV2__CH_01051,270
UKPGA_2018_12__LEGV2__CH_01052,234
UKPGA_2018_12__LEGV2__CH_01053,153
UKPGA_2018_12__LEGV2__CH_01054,140
UKPGA_2018_12__LEGV2__CH_01055,65
UKPGA_2018_12__LEGV2__CH_01056,67
UKPGA_2018_12__LEGV2__CH_01057,41
UKPGA_2018_12__LEGV2__CH_01058,236
UKPGA_2018_12__LEGV2__CH_01059,99
UKPGA_2018_12__LEGV2__CH_01060,133
UKPGA_2018_12__LEGV2__CH_01062,98
UKPGA_2018_12__LEGV2__CH_01063,156
UKPGA_2018_12__LEGV2__CH_01064,156
UKPGA_2018_12__LEGV2__CH_01065,456
UKPGA_2018_12__LEGV2__CH_01066,90
UKPGA_2018_12__LEGV2__CH_01067,282
UKPGA_2018_12__LEGV2__CH_01069,189
UKPGA_2018_12__LEGV2__CH_01070,47
UKPGA_2018_12__LEGV2__CH_01071,177
UKPGA_2018_12__LEGV2__CH_01073,81
UKPGA_2018_12__LEGV2__CH_01074,45
UKPGA_2018_12__LEGV2__CH_01075,35
UKPGA_2018_12__LEGV2__CH_01076,45
UKPGA_2018_12__LEGV2__CH_01077,32
UKPGA_2018_12__LEGV2__CH_01078,38
UKPGA_2018_12__LEGV2__CH_01079,46
UKPGA_2018_12__LEGV2__CH_01080,31
UKPGA_2018_12__LEGV2__CH_01081,29
UKPGA_2018_12__LEGV2__CH_01082,412
UKPGA_2018_12__LEGV2__CH_01083,408
UKPGA_2018_12__LEGV2__CH_01084,103
UKPGA_2018_12__LEGV2__CH_01085,51
UKPGA_2018_12__LEGV2__CH_01086,120
UKPGA_2018_12__LEGV2__CH_01087,89
UKPGA_2018_12__LEGV2__CH_01089,111
UKPGA_2018_12__LEGV2__CH_01090,51
UKPGA_2018_12__LEGV2__CH_01091,119
UKPGA_2018_12__LEGV2__CH_01094,34
UKPGA_2018_12__LEGV2__CH_01095,48
UKPGA_2018_12__LEGV2__CH_01096,51
UKPGA_2018_12__LEGV2__CH_01097,36
UKPGA_2018_12__LEGV2__CH_01099,47
UKPGA_2018_12__LEGV2__CH_01100,46
UKPGA_2018_12__LEGV2__CH_01101,111
UKPGA_2018_12__LEGV2__CH_01102,56
UKPGA_2018_12__LEGV2__CH_01103,45
UKPGA_2018_12__LEGV2__CH_01104,27
UKPGA_2018_12__LEGV2__CH_01105,83
UKPGA_2018_12__LEGV2__CH_01106,24
UKPGA_2018_12__LEGV2__CH_01107,44
UKPGA_2018_12__LEGV2__CH_01108,36
UKPGA_2018_12__LEGV2__CH_01109,30
UKPGA_2018_12__LEGV2__CH_01111,73
UKPGA_2018_12__LEGV2__CH_01112,50
UKPGA_2018_12__LEGV2__CH_01114,31
UKPGA_2018_12__LEGV2__CH_01115,69
UKPGA_2018_12__LEGV2__CH_01116,65
UKPGA_2018_12__LEGV2__CH_01117,21
UKPGA_2018_12__LEGV2__CH_01119,132
UKPGA_2018_12__LEGV2__CH_01120,70
UKPGA_2018_12__LEGV2__CH_01121,68
UKPGA_2018_12__LEGV2__CH_01122,49
UKPGA_2018_12__LEGV2__CH_01123,87
UKPGA_2018_12__LEGV2__CH_01124,64
UKPGA_2018_12__LEGV2__CH_01125,113
UKPGA_2018_12__LEGV2__CH_01126,91
UKPGA_2018_12__LEGV2__CH_01127,99
UKPGA_2018_12__LEGV2__CH_01128,101
UKPGA_2018_12__LEGV2__CH_01129,196
UKPGA_2018_12__LEGV2__CH_01131,118
UKPGA_2018_12__LEGV2__CH_01132,329
UKPGA_2018_12__LEGV2__CH_01133,64
UKPGA_2018_12__LEGV2__CH_01134,44
UKPGA_2018_12__LEGV2__CH_01135,30
UKPGA_2018_12__LEGV2__CH_01136,133
UKPGA_2018_12__LEGV2__CH_01137,42
UKPGA_2018_12__LEGV2__CH_01138,40
UKPGA_2018_12__LEGV2__CH_01139,42
UKPGA_2018_12__LEGV2__CH_01140,34
UKPGA_2018_12__LEGV2__CH_01141,93
UKPGA_2018_12__LEGV2__CH_01142,109
UKPGA_2018_12__LEGV2__CH_01143,36
UKPGA_2018_12__LEGV2__CH_01144,30
UKPGA_2018_12__LEGV2__CH_01145,99
UKPGA_2018_12__LEGV2__CH_01146,82
UKPGA_2018_12__LEGV2__CH_01147,40
UKPGA_2018_12__LEGV2__CH_01148,107
UKPGA_2018_12__LEGV2__CH_01149,43
UKPGA_2018_12__LEGV2__CH_01150,111
UKPGA_2018_12__LEGV2__CH_01151,46
UKPGA_2018_12__LEGV2__CH_01153,47
UKPGA_2018_12__LEGV2__CH_01154,81
UKPGA_2018_12__LEGV2__CH_01155,52
UKPGA_2018_12__LEGV2__CH_01156,162
UKPGA_2018_12__LEGV2__CH_01157,99
UKPGA_2018_12__LEGV2__CH_01158,58
UKPGA_2018_12__LEGV2__CH_01159,98
UKPGA_2018_12__LEGV2__CH_01160__M,109
UKPGA_2018_12__LEGV2__CH_01162,40
UKPGA_2018_12__LEGV2__CH_01163,39
UKPGA_2018_12__LEGV2__CH_01164,61
UKPGA_2018_12__LEGV2__CH_01165,38
UKPGA_2018_12__LEGV2__CH_01166,58
UKPGA_2018_12__LEGV2__CH_01167,41
UKPGA_2018_12__LEGV2__CH_01168,41
UKPGA_2018_12__LEGV2__CH_01169,100
UKPGA_2018_12__LEGV2__CH_01170,142
UKPGA_2018_12__LEGV2__CH_01171,117
UKPGA_2018_12__LEGV2__CH_01172,97
UKPGA_2018_12__LEGV2__CH_01173,130
UKPGA_2018_12__LEGV2__CH_01174,161
UKPGA_2018_12__LEGV2__CH_01175,48
UKPGA_2018_12__LEGV2__CH_01176,144
UKPGA_2018_12__LEGV2__CH_01177,167
UKPGA_2018_12__LEGV2__CH_01178,105
UKPGA_2018_12__LEGV2__CH_01179,62
UKPGA_2018_12__LEGV2__CH_01180,44
UKPGA_2018_12__LEGV2__CH_01181,82
UKPGA_2018_12__LEGV2__CH_01182,93
UKPGA_2018_12__LEGV2__CH_01183,63
UKPGA_2018_12__LEGV2__CH_01184,164
UKPGA_2018_12__LEGV2__CH_01185,94
UKPGA_2018_12__LEGV2__CH_01186,62
UKPGA_2018_12__LEGV2__CH_01187,257
UKPGA_2018_12__LEGV2__CH_01188,121
UKPGA_2018_12__LEGV2__CH_01189,164
UKPGA_2018_12__LEGV2__CH_01190,141
UKPGA_2018_12__LEGV2__CH_01191,93
UKPGA_2018_12__LEGV2__CH_01192,94
UKPGA_2018_12__LEGV2__CH_01195,66
UKPGA_2018_12__LEGV2__CH_01196,88
UKPGA_2018_12__LEGV2__CH_01197,64
UKPGA_2018_12__LEGV2__CH_01198,161
UKPGA_2018_12__LEGV2__CH_01199,24
UKPGA_2018_12__LEGV2__CH_01200,52
UKPGA_2018_12__LEGV2__CH_01201,63
UKPGA_2018_12__LEGV2__CH_01202,44
UKPGA_2018_12__LEGV2__CH_01203,27
UKPGA_2018_12__LEGV2__CH_01204,130
UKPGA_2018_12__LEGV2__CH_01205,70
UKPGA_2018_12__LEGV2__CH_01206,37
UKPGA_2018_12__LEGV2__CH_01207,33
UKPGA_2018_12__LEGV2__CH_01208,48
UKPGA_2018_12__LEGV2__CH_01209,52
UKPGA_2018_12__LEGV2__CH_01210,36
UKPGA_2018_12__LEGV2__CH_01211,39
UKPGA_2018_12__LEGV2__CH_01212,39
UKPGA_2018_12__LEGV2__CH_01213,26
UKPGA_2018_12__LEGV2__CH_01215,58
UKPGA_2018_12__LEGV2__CH_01216,97
UKPGA_2018_12__LEGV2__CH_01217,61
UKPGA_2018_12__LEGV2__CH_01218,25
UKPGA_2018_12__LEGV2__CH_01219,29
UKPGA_2018_12__LEGV2__CH_01220,36
UKPGA_2018_12__LEGV2__CH_01221,24
UKPGA_2018_12__LEGV2__CH_01222,119
UKPGA_2018_12__LEGV2__CH_01223,101
UKPGA_2018_12__LEGV2__CH_01224,92
UKPGA_2018_12__LEGV2__CH_01225,47
UKPGA_2018_12__LEGV2__CH_01226,25
UKPGA_2018_12__LEGV2__CH_01227,124
UKPGA_2018_12__LEGV2__CH_01228,98
UKPGA_2018_12__LEGV2__CH_01229,62
UKPGA_2018_12__LEGV2__CH_01230,38
UKPGA_2018_12__LEGV2__CH_01231,33
UKPGA_2018_12__LEGV2__CH_01232,164
UKPGA_2018_12__LEGV2__CH_01233,198
UKPGA_2018_12__LEGV2__CH_01234,106
UKPGA_2018_12__LEGV2__CH_01235,36
UKPGA_2018_12__LEGV2__CH_01236,34
UKPGA_2018_12__LEGV2__CH_01237,34
UKPGA_2018_12__LEGV2__CH_01238,50
UKPGA_2018_12__LEGV2__CH_01239,30
UKPGA_2018_12__LEGV2__CH_01240,351
UKPGA_2018_12__LEGV2__CH_01241,371
UKPGA_2018_12__LEGV2__CH_01242,364
UKPGA_2018_12__LEGV2__CH_01243,342
UKPGA_2018_12__LEGV2__CH_01244,317
UKPGA_2018_12__LEGV2__CH_01245,66
UKPGA_2018_12__LEGV2__CH_01246,327
UKPGA_2018_12__LEGV2__CH_01247,327
UKPGA_2018_12__LEGV2__CH_01248,312
UKPGA_2018_12__LEGV2__CH_01249,315
UKPGA_2018_12__LEGV2__CH_01250,306
UKPGA_2018_12__LEGV2__CH_01251,374
UKPGA_2018_12__LEGV2__CH_01252,311
UKPGA_2018_12__LEGV2__CH_01253,292
UKPGA_2018_12__LEGV2__CH_01254,356
UKPGA_2018_12__LEGV2__CH_01255,293
UKPGA_2018_12__LEGV2__CH_01256,300
UKPGA_2018_12__LEGV2__CH_01257,285
UKPGA_2018_12__LEGV2__CH_01258,139
UKPGA_2018_12__LEGV2__CH_01259,110
UKPGA_2018_12__LEGV2__CH_01260,42
UKPGA_2018_12__LEGV2__CH_01261,19
UKPGA_2018_12__LEGV2__CH_01273,88
UKPGA_2018_12__LEGV2__CH_01274,19
UKPGA_2018_12__LEGV2__CH_01279,41
UKPGA_2018_12__LEGV2__CH_01280,55
UKPGA_2018_12__LEGV2__CH_01281,132
UKPGA_2018_12__LEGV2__CH_01282,51
UKPGA_2018_12__LEGV2__CH_01283,41
UKPGA_2018_12__LEGV2__CH_01284,89
UKPGA_2018_12__LEGV2__CH_01285,118
UKPGA_2018_12__LEGV2__CH_01286,87
UKPGA_2018_12__LEGV2__CH_01287,34
UKPGA_2018_12__LEGV2__CH_01288,61
UKPGA_2018_12__LEGV2__CH_01289,139
UKPGA_2018_12__LEGV2__CH_01290,48
UKPGA_2018_12__LEGV2__CH_01291,25
UKPGA_2018_12__LEGV2__CH_01292,28
UKPGA_2018_12__LEGV2__CH_01293,111
UKPGA_2018_12__LEGV2__CH_01294,39
UKPGA_2018_12__LEGV2__CH_01295,38
UKPGA_2018_12__LEGV2__CH_01296,28
UKPGA_2018_12__LEGV2__CH_01297,40
UKPGA_2018_12__LEGV2__CH_01299,62
UKPGA_2018_12__LEGV2__CH_01300,23
UKPGA_2018_12__LEGV2__CH_01301,38
UKPGA_2018_12__LEGV2__CH_01302,53
UKPGA_2018_12__LEGV2__CH_01307,118
UKPGA_2018_12__LEGV2__CH_01308,87
UKPGA_2018_12__LEGV2__CH_01310,147
UKPGA_2018_12__LEGV2__CH_01311,147
UKPGA_2018_12__LEGV2__CH_01313,46
UKPGA_2018_12__LEGV2__CH_01314,26
UKPGA_2018_12__LEGV2__CH_01316,25
UKPGA_2018_12__LEGV2__CH_01317,77
UKPGA_2018_12__LEGV2__CH_01318,27
UKPGA_2018_12__LEGV2__CH_01319,22
UKPGA_2018_12__LEGV2__CH_01320,38
UKPGA_2018_12__LEGV2__CH_01321,96
UKPGA_2018_12__LEGV2__CH_01322,46
UKPGA_2018_12__LEGV2__CH_01323,46
UKPGA_2018_12__LEGV2__CH_01324,58
UKPGA_2018_12__LEGV2__CH_01325,104
UKPGA_2018_12__LEGV2__CH_01326,97
UKPGA_2018_12__LEGV2__CH_01327,41
UKPGA_2018_12__LEGV2__CH_01328,42
UKPGA_2018_12__LEGV2__CH_01331,34
UKPGA_2018_12__LEGV2__CH_01332,41
UKPGA_2018_12__LEGV2__CH_01333,29
UKPGA_2018_12__LEGV2__CH_01335,39
UKPGA_2018_12__LEGV2__CH_01336,71
UKPGA_2018_12__LEGV2__CH_01337,26
UKPGA_2018_12__LEGV2__CH_01338,27
UKPGA_2018_12__LEGV2__CH_01340,30
UKPGA_2018_12__LEGV2__CH_01341,27
UKPGA_2018_12__LEGV2__CH_01342,20
UKPGA_2018_12__LEGV2__CH_01343,80
UKPGA_2018_12__LEGV2__CH_01344,24
UKPGA_2018_12__LEGV2__CH_01345,35
UKPGA_2018_12__LEGV2__CH_01348,79
UKPGA_2018_12__LEGV2__CH_01349,52
UKPGA_2018_12__LEGV2__CH_01352,46
UKPGA_2018_12__LEGV2__CH_01353,41
UKPGA_2018_12__LEGV2__CH_01354,42
UKPGA_2018_12__LEGV2__CH_01355,57
UKPGA_2018_12__LEGV2__CH_01356,129
UKPGA_2018_12__LEGV2__CH_01357,48
UKPGA_2018_12__LEGV2__CH_01359__M,51
UKPGA_2018_12__LEGV2__CH_01361,32
UKPGA_2018_12__LEGV2__CH_01362,28
UKPGA_2018_12__LEGV2__CH_01363,75
UKPGA_2018_12__LEGV2__CH_01364,47
UKPGA_2018_12__LEGV2__CH_01365,31
UKPGA_2018_12__LEGV2__CH_01366,98
UKPGA_2018_12__LEGV2__CH_01367,84
UKPGA_2018_12__LEGV2__CH_01368,36
UKPGA_2018_12__LEGV2__CH_01375,55
UKPGA_2018_12__LEGV2__CH_01376,63
UKPGA_2018_12__LEGV2__CH_01377,28
UKPGA_2018_12__LEGV2__CH_01378,18
UKPGA_2018_12__LEGV2__CH_01379,99
UKPGA_2018_12__LEGV2__CH_01380,82
UKPGA_2018_12__LEGV2__CH_01381,60
UKPGA_2018_12__LEGV2__CH_01382,28
UKPGA_2018_12__LEGV2__CH_01383,71
UKPGA_2018_12__LEGV2__CH_01384,83
UKPGA_2018_12__LEGV2__CH_01385,74
UKPGA_2018_12__LEGV2__CH_01386,55
UKPGA_2018_12__LEGV2__CH_01387,262
UKPGA_2018_12__LEGV2__CH_01388,277
UKPGA_2018_12__LEGV2__CH_01389,257
UKPGA_2018_12__LEGV2__CH_01390,266
UKPGA_2018_12__LEGV2__CH_01391,275
UKPGA_2018_12__LEGV2__CH_01392,260
UKPGA_2018_12__LEGV2__CH_01393,359
UKPGA_2018_12__LEGV2__CH_01394,267
UKPGA_2018_12__LEGV2__CH_01395,263
UKPGA_2018_12__LEGV2__CH_01396,234
UKPGA_2018_12__LEGV2__CH_01397,350
UKPGA_2018_12__LEGV2__CH_01398,272
UKPGA_2018_12__LEGV2__CH_01399,231
UKPGA_2018_12__LEGV2__CH_01400,244
UKPGA_2018_12__LEGV2__CH_01401,350
UKPGA_2018_12__LEGV2__CH_01402,201
UKPGA_2018_12__LEGV2__CH_01403,243
UKPGA_2018_12__LEGV2__CH_01404,252
UKPGA_2018_12__LEGV2__CH_01405,236
UKPGA_2018_12__LEGV2__CH_01406,252
UKPGA_2018_12__LEGV2__CH_01407,244
UKPGA_2018_12__LEGV2__CH_01408,213
UKPGA_2018_12__LEGV2__CH_01409,219
UKPGA_2018_12__LEGV2__CH_01410,257
UKPGA_2018_12__LEGV2__CH_01411,210
UKPGA_2018_12__LEGV2__CH_01412,226
UKPGA_2018_12__LEGV2__CH_01413,226
UKPGA_2018_12__LEGV2__CH_01414,254
UKPGA_2018_12__LEGV2__CH_01415,238
UKPGA_2018_12__LEGV2__CH_01416,233
UKPGA_2018_12__LEGV2__CH_01417,214
UKPGA_2018_12__LEGV2__CH_01418,220
UKPGA_2018_12__LEGV2__CH_01419,236
UKPGA_2018_12__LEGV2__CH_01420,230
UKPGA_2018_12__LEGV2__CH_01421,173
UKPGA_2018_12__LEGV2__CH_01422,229
UKPGA_2018_12__LEGV2__CH_01423,250
UKPGA_2018_12__LEGV2__CH_01424,128
UKPGA_2018_12__LEGV2__CH_01425,104
UKPGA_2018_12__LEGV2__CH_01426,226
UKPGA_2018_12__LEGV2__CH_01427,219
UKPGA_2018_12__LEGV2__CH_01428,131
UKPGA_2018_12__LEGV2__CH_01429,94
UKPGA_2018_12__LEGV2__CH_01430,169
UKPGA_2018_12__LEGV2__CH_01431,45
UKPGA_2018_12__LEGV2__CH_01432,119
UKPGA_2018_12__LEGV2__CH_01433,103
UKPGA_2018_12__LEGV2__CH_01434,216
UKPGA_2018_12__LEGV2__CH_01435,228
UKPGA_2018_12__LEGV2__CH_01436,238
UKPGA_2018_12__LEGV2__CH_01437,193
UKPGA_2018_12__LEGV2__CH_01438,168
UKPGA_2018_12__LEGV2__CH_01439,37
UKPGA_2018_12__LEGV2__CH_01440,130
UKPGA_2018_12__LEGV2__CH_01441,36
UKPGA_2018_12__LEGV2__CH_01442,56
UKPGA_2018_12__LEGV2__CH_01443,65
UKPGA_2018_12__LEGV2__CH_01444,57
UKPGA_2018_12__LEGV2__CH_01445,30
UKPGA_2018_12__LEGV2__CH_01446,54
UKPGA_2018_12__LEGV2__CH_01447,28
UKPGA_2018_12__LEGV2__CH_01448,41
UKPGA_2018_12__LEGV2__CH_01449,37
UKPGA_2018_12__LEGV2__CH_01450,50
UKPGA_2018_12__LEGV2__CH_01451,100
UKPGA_2018_12__LEGV2__CH_01452,68
UKPGA_2018_12__LEGV2__CH_01455,144
UKPGA_2018_12__LEGV2__CH_01456,54
UKPGA_2018_12__LEGV2__CH_01457,139
UKPGA_2018_12__LEGV2__CH_01458,113
UKPGA_2018_12__LEGV2__CH_01459,121
UKPGA_2018_12__LEGV2__CH_01460,66
UKPGA_2018_12__LEGV2__CH_01461,28
UKPGA_2018_12__LEGV2__CH_01462,24
UKPGA_2018_12__LEGV2__CH_01464,39
UKPGA_2018_12__LEGV2__CH_01465,27
UKPGA_2018_12__LEGV2__CH_01467__M,63
UKPGA_2018_12__LEGV2__CH_01469,108
UKPGA_2018_12__LEGV2__CH_01470,71
UKPGA_2018_12__LEGV2__CH_01471,34
UKPGA_2018_12__LEGV2__CH_01472,141
UKPGA_2018_12__LEGV2__CH_01473,41
UKPGA_2018_12__LEGV2__CH_01476,27
UKPGA_2018_12__LEGV2__CH_01477,43
UKPGA_2018_12__LEGV2__CH_01478,43
UKPGA_2018_12__LEGV2__CH_01479,22
UKPGA_2018_12__LEGV2__CH_01480,43
UKPGA_2018_12__LEGV2__CH_01481,33
UKPGA_2018_12__LEGV2__CH_01482,86
UKPGA_2018_12__LEGV2__CH_01483,62
UKPGA_2018_12__LEGV2__CH_01485,45
UKPGA_2018_12__LEGV2__CH_01486,87
UKPGA_2018_12__LEGV2__CH_01487,66
UKPGA_2018_12__LEGV2__CH_01488,88
UKPGA_2018_12__LEGV2__CH_01489,70
UKPGA_2018_12__LEGV2__CH_01490,55
UKPGA_2018_12__LEGV2__CH_01491,30
UKPGA_2018_12__LEGV2__CH_01492,24
UKPGA_2018_12__LEGV2__CH_01493,53
UKPGA_2018_12__LEGV2__CH_01494,37
UKPGA_2018_12__LEGV2__CH_01495,32
UKPGA_2018_12__LEGV2__CH_01496,30
UKPGA_2018_12__LEGV2__CH_01497,122
UKPGA_2018_12__LEGV2__CH_01498__M,99
UKPGA_2018_12__LEGV2__CH_01500,103
UKPGA_2018_12__LEGV2__CH_01501,69
UKPGA_2018_12__LEGV2__CH_01502,38
UKPGA_2018_12__LEGV2__CH_01503,80
UKPGA_2018_12__LEGV2__CH_01504,115
UKPGA_2018_12__LEGV2__CH_01505,22
UKPGA_2018_12__LEGV2__CH_01508,24
UKPGA_2018_12__LEGV2__CH_01509,26
UKPGA_2018_12__LEGV2__CH_01510,62
UKPGA_2018_12__LEGV2__CH_01511,46
UKPGA_2018_12__LEGV2__CH_01512,40
UKPGA_2018_12__LEGV2__CH_01513,184
UKPGA_2018_12__LEGV2__CH_01514,86
UKPGA_2018_12__LEGV2__CH_01515,30
UKPGA_2018_12__LEGV2__CH_01516,80
UKPGA_2018_12__LEGV2__CH_01517,36
UKPGA_2018_12__LEGV2__CH_01518,41
UKPGA_2018_12__LEGV2__CH_01519,46
UKPGA_2018_12__LEGV2__CH_01520,43
UKPGA_2018_12__LEGV2__CH_01521,178
UKPGA_2018_12__LEGV2__CH_01524,52
UKPGA_2018_12__LEGV2__CH_01525,68
UKPGA_2018_12__LEGV2__CH_01526,36
UKPGA_2018_12__LEGV2__CH_01527,25
UKPGA_2018_12__LEGV2__CH_01528,22
UKPGA_2018_12__LEGV2__CH_01529,25
UKPGA_2018_12__LEGV2__CH_01530,49
UKPGA_2018_12__LEGV2__CH_01531,33
UKPGA_2018_12__LEGV2__CH_01532,70
UKPGA_2018_12__LEGV2__CH_01533,84
UKPGA_2018_12__LEGV2__CH_01534,28
UKPGA_2018_12__LEGV2__CH_01535,57
UKPGA_2018_12__LEGV2__CH_01536,51
UKPGA_2018_12__LEGV2__CH_01537,42
UKPGA_2018_12__LEGV2__CH_01538,28
UKPGA_2018_12__LEGV2__CH_01539,211
UKPGA_2018_12__LEGV2__CH_01540,184
UKPGA_2018_12__LEGV2__CH_01541,201
UKPGA_2018_12__LEGV2__CH_01542,165
UKPGA_2018_12__LEGV2__CH_01543,193
UKPGA_2018_12__LEGV2__CH_01544,157
UKPGA_2018_12__LEGV2__CH_01545,178
UKPGA_2018_12__LEGV2__CH_01546,173
UKPGA_2018_12__LEGV2__CH_01547,185
UKPGA_2018_12__LEGV2__CH_01548,173
UKPGA_2018_12__LEGV2__CH_01549,168
UKPGA_2018_12__LEGV2__CH_01550,159
UKPGA_2018_12__LEGV2__CH_01551,183
UKPGA_2018_12__LEGV2__CH_01552,178
UKPGA_2018_12__LEGV2__CH_01553,207
UKPGA_2018_12__LEGV2__CH_01554,170
UKPGA_2018_12__LEGV2__CH_01555,136
UKPGA_2018_12__LEGV2__CH_01556,171
UKPGA_2018_12__LEGV2__CH_01557,178
UKPGA_2018_12__LEGV2__CH_01558,146
UKPGA_2018_12__LEGV2__CH_01559,173
UKPGA_2018_12__LEGV2__CH_01560,158
UKPGA_2018_12__LEGV2__CH_01561,167
UKPGA_2018_12__LEGV2__CH_01562,171
UKPGA_2018_12__LEGV2__CH_01563,176
UKPGA_2018_12__LEGV2__CH_01564,168
UKPGA_2018_12__LEGV2__CH_01565,179
UKPGA_2018_12__LEGV2__CH_01566,152
UKPGA_2018_12__LEGV2__CH_01567,171
UKPGA_2018_12__LEGV2__CH_01568,77
UKPGA_2018_12__LEGV2__CH_01569,63
UKPGA_2018_12__LEGV2__CH_01570,31
UKPGA_2018_12__LEGV2__CH_01571,46
UKPGA_2018_12__LEGV2__CH_01572,36
UKPGA_2018_12__LEGV2__CH_01573,32
UKPGA_2018_12__LEGV2__CH_01574,25
UKPGA_2018_12__LEGV2__CH_01575,25
UKPGA_2018_12__LEGV2__CH_01576,159
UKPGA_2018_12__LEGV2__CH_01577,55
UKPGA_2018_12__LEGV2__CH_01578,112
UKPGA_2018_12__LEGV2__CH_01579,143
UKPGA_2018_12__LEGV2__CH_01580,152
UKPGA_2018_12__LEGV2__CH_01581,162
UKPGA_2018_12__LEGV2__CH_01582,137
UKPGA_2018_12__LEGV2__CH_01583,28
UKPGA_2018_12__LEGV2__CH_01584,92
UKPGA_2018_12__LEGV2__CH_01585,42
UKPGA_2018_12__LEGV2__CH_01586,64
UKPGA_2018_12__LEGV2__CH_01587,81
UKPGA_2018_12__LEGV2__CH_01588,175
UKPGA_2018_12__LEGV2__CH_01589,138
UKPGA_2018_12__LEGV2__CH_01590,140
UKPGA_2018_12__LEGV2__CH_01592,143
UKPGA_2018_12__LEGV2__CH_01593,59
UKPGA_2018_12__LEGV2__CH_01594,90
UKPGA_2018_12__LEGV2__CH_01595,143
UKPGA_2018_12__LEGV2__CH_01596,155
UKPGA_2018_12__LEGV2__CH_01597,138
UKPGA_2018_12__LEGV2__CH_01598,27
UKPGA_2018_12__LEGV2__CH_01599,83
UKPGA_2018_12__LEGV2__CH_01600,60
UKPGA_2018_12__LEGV2__CH_01601,142
UKPGA_2018_12__LEGV2__CH_01602,154
UKPGA_2018_12__LEGV2__CH_01603,150
UKPGA_2018_12__LEGV2__CH_01604,158
UKPGA_2018_12__LEGV2__CH_01605,152
UKPGA_2018_12__LEGV2__CH_01606,147
UKPGA_2018_12__LEGV2__CH_01607,144
UKPGA_2018_12__LEGV2__CH_01608,159
UKPGA_2018_12__LEGV2__CH_01609,149
UKPGA_2018_12__LEGV2__CH_01610,149
UKPGA_2018_12__LEGV2__CH_01611,146
UKPGA_2018_12__LEGV2__CH_01612,131
UKPGA_2018_12__LEGV2__CH_01613,132
UKPGA_2018_12__LEGV2__CH_01614,148
UKPGA_2018_12__LEGV2__CH_01615,116
UKPGA_2018_12__LEGV2__CH_01616,116
UKPGA_2018_12__LEGV2__CH_01617,124
UKPGA_2018_12__LEGV2__CH_01618,134
UKPGA_2018_12__LEGV2__CH_01619,123
UKPGA_2018_12__LEGV2__CH_01620,136
UKPGA_2018_12__LEGV2__CH_01621,132
UKPGA_2018_12__LEGV2__CH_01622,79
UKPGA_2018_12__LEGV2__CH_01623,45
UKPGA_2018_12__LEGV2__CH_01624,134
UKPGA_2018_12__LEGV2__CH_01625,151
UKPGA_2018_12__LEGV2__CH_01626,125
UKPGA_2018_12__LEGV2__CH_01627,125
UKPGA_2018_12__LEGV2__CH_01628,142
UKPGA_2018_12__LEGV2__CH_01629,135
UKPGA_2018_12__LEGV2__CH_01630,123
UKPGA_2018_12__LEGV2__CH_01631,113
UKPGA_2018_12__LEGV2__CH_01632,131
UKPGA_2018_12__LEGV2__CH_01633,111
UKPGA_2018_12__LEGV2__CH_01634,156
UKPGA_2018_12__LEGV2__CH_01635,111
UKPGA_2018_12__LEGV2__CH_01636,124
UKPGA_2018_12__LEGV2__CH_01637,143
UKPGA_2018_12__LEGV2__CH_01638,127
UKPGA_2018_12__LEGV2__CH_01639,119
UKPGA_2018_12__LEGV2__CH_01640,127
UKPGA_2018_12__LEGV2__CH_01641,113
UKPGA_2018_12__LEGV2__CH_01642,116
UKPGA_2018_12__LEGV2__CH_01643,135
UKPGA_2018_12__LEGV2__CH_01644,117
UKPGA_2018_12__LEGV2__CH_01645,122
UKPGA_2018_12__LEGV2__CH_01646,117
UKPGA_2018_12__LEGV2__CH_01647,110
UKPGA_2018_12__LEGV2__CH_01648,115
UKPGA_2018_12__LEGV2__CH_01649,129
UKPGA_2018_12__LEGV2__CH_01650,102
UKPGA_2018_12__LEGV2__CH_01651,121
UKPGA_2018_12__LEGV2__CH_01652,110
UKPGA_2018_12__LEGV2__CH_01653,111
UKPGA_2018_12__LEGV2__CH_01654,109
UKPGA_2018_12__LEGV2__CH_01655,107
UKPGA_2018_12__LEGV2__CH_01656,104
UKPGA_2018_12__LEGV2__CH_01657,102
UKPGA_2018_12__LEGV2__CH_01658,112
UKPGA_2018_12__LEGV2__CH_01659,113
UKPGA_2018_12__LEGV2__CH_01660,102
UKPGA_2018_12__LEGV2__CH_01661,116
UKPGA_2018_12__LEGV2__CH_01662,107
UKPGA_2018_12__LEGV2__CH_01663,72
UKPGA_2018_12__LEGV2__CH_01664,31
UKPGA_2018_12__LEGV2__CH_01665,101
UKPGA_2018_12__LEGV2__CH_01666,104
UKPGA_2018_12__LEGV2__CH_01667,99
UKPGA_2018_12__LEGV2__CH_01668,109
UKPGA_2018_12__LEGV2__CH_01669,107
UKPGA_2018_12__LEGV2__CH_01670,102
UKPGA_2018_12__LEGV2__CH_01671,102
UKPGA_2018_12__LEGV2__CH_01672,110
UKPGA_2018_12__LEGV2__CH_01673,103
UKPGA_2018_12__LEGV2__CH_01674,110
UKPGA_2018_12__LEGV2__CH_01675,102
UKPGA_2018_12__LEGV2__CH_01676,101
UKPGA_2018_12__LEGV2__CH_01677,115
UKPGA_2018_12__LEGV2__CH_01678,103
UKPGA_2018_12__LEGV2__CH_01679,88
UKPGA_2018_12__LEGV2__CH_01680,90
UKPGA_2018_12__LEGV2__CH_01681,96
UKPGA_2018_12__LEGV2__CH_01682,105
UKPGA_2018_12__LEGV2__CH_01683,98
UKPGA_2018_12__LEGV2__CH_01684,102
UKPGA_2018_12__LEGV2__CH_01685,87
UKPGA_2018_12__LEGV2__CH_01686,98
UKPGA_2018_12__LEGV2__CH_01687,101
UKPGA_2018_12__LEGV2__CH_01688,96
UKPGA_2018_12__LEGV2__CH_01689,96
UKPGA_2018_12__LEGV2__CH_01690,98
UKPGA_2018_12__LEGV2__CH_01691,111
UKPGA_2018_12__LEGV2__CH_01692,55
UKPGA_2018_12__LEGV2__CH_01693,43
UKPGA_2018_12__LEGV2__CH_01695,37
UKPGA_2018_12__LEGV2__CH_01696,59
UKPGA_2018_12__LEGV2__CH_01697,59
UKPGA_2018_12__LEGV2__CH_01698,39
UKPGA_2018_12__LEGV2__CH_01699,59
UKPGA_2018_12__LEGV2__CH_01700,40
UKPGA_2018_12__LEGV2__CH_01701,105
UKPGA_2018_12__LEGV2__CH_01702,103
UKPGA_2018_12__LEGV2__CH_01703,62
UKPGA_2018_12__LEGV2__CH_01704,42
UKPGA_2018_12__LEGV2__CH_01705,56
UKPGA_2018_12__LEGV2__CH_01706,40
UKPGA_2018_12__LEGV2__CH_01707,57
UKPGA_2018_12__LEGV2__CH_01708,55
UKPGA_2018_12__LEGV2__CH_01709,62
UKPGA_2018_12__LEGV2__CH_01710,39
UKPGA_2018_12__LEGV2__CH_01711,56
UKPGA_2018_12__LEGV2__CH_01712,42
UKPGA_2018_12__LEGV2__CH_01713,58
UKPGA_2018_12__LEGV2__CH_01714,39
UKPGA_2018_12__LEGV2__CH_01715,90
UKPGA_2018_12__LEGV2__CH_01716,105
UKPGA_2018_12__LEGV2__CH_01717,99
UKPGA_2018_12__LEGV2__CH_01718,90
UKPGA_2018_12__LEGV2__CH_01719,99
UKPGA_2018_12__LEGV2__CH_01720,53
UKPGA_2018_12__LEGV2__CH_01721,42
UKPGA_2018_12__LEGV2__CH_01722,99
UKPGA_2018_12__LEGV2__CH_01723,91
UKPGA_2018_12__LEGV2__CH_01724,85
UKPGA_2018_12__LEGV2__CH_01725,84
UKPGA_2018_12__LEGV2__CH_01726,53
UKPGA_2018_12__LEGV2__CH_01728,54
UKPGA_2018_12__LEGV2__CH_01729,42
UKPGA_2018_12__LEGV2__CH_01730,90
UKPGA_2018_12__LEGV2__CH_01731,101
UKPGA_2018_12__LEGV2__CH_01732,96
UKPGA_2018_12__LEGV2__CH_01733,84
UKPGA_2018_12__LEGV2__CH_01734,42
UKPGA_2018_12__LEGV2__CH_01735,28
UKPGA_2018_12__LEGV2__CH_01736,27
UKPGA_2018_12__LEGV2__CH_01737,84
UKPGA_2018_12__LEGV2__CH_01738,97
UKPGA_2018_12__LEGV2__CH_01739,65
UKPGA_2018_12__LEGV2__CH_01740,98
UKPGA_2018_12__LEGV2__CH_01741,91
UKPGA_2018_12__LEGV2__CH_01742,83
UKPGA_2018_12__LEGV2__CH_01743,78
UKPGA_2018_12__LEGV2__CH_01744,83
UKPGA_2018_12__LEGV2__CH_01746,75
UKPGA_2018_12__LEGV2__CH_01747,81
UKPGA_2018_12__LEGV2__CH_01748,77
UKPGA_2018_12__LEGV2__CH_01749,62
UKPGA_2018_12__LEGV2__CH_01750,75
UKPGA_2018_12__LEGV2__CH_01751,71
UKPGA_2018_12__LEGV2__CH_01752,82
UKPGA_2018_12__LEGV2__CH_01753,69
UKPGA_2018_12__LEGV2__CH_01754,81
UKPGA_2018_12__LEGV2__CH_01755,67
UKPGA_2018_12__LEGV2__CH_01756,64
UKPGA_2018_12__LEGV2__CH_01758,75
UKPGA_2018_12__LEGV2__CH_01759,78
UKPGA_2018_12__LEGV2__CH_01761,62
UKPGA_2018_12__LEGV2__CH_01762,80
UKPGA_2018_12__LEGV2__CH_01763,65
UKPGA_2018_12__LEGV2__CH_01764,74
UKPGA_2018_12__LEGV2__CH_01765,74
UKPGA_2018_12__LEGV2__CH_01766,40
UKPGA_2018_12__LEGV2__CH_01767,74
UKPGA_2018_12__LEGV2__CH_01768,67
UKPGA_2018_12__LEGV2__CH_01769,61
UKPGA_2018_12__LEGV2__CH_01770,68
UKPGA_2018_12__LEGV2__CH_01771,69
UKPGA_2018_12__LEGV2__CH_01772,73
UKPGA_2018_12__LEGV2__CH_01773,67
UKPGA_2018_12__LEGV2__CH_01776,58
UKPGA_2018_12__LEGV2__CH_01777,59
UKPGA_2018_12__LEGV2__CH_01778,71
UKPGA_2018_12__LEGV2__CH_01779,77
UKPGA_2018_12__LEGV2__CH_01780,83
UKPGA_2018_12__LEGV2__CH_01781,68
UKPGA_2018_12__LEGV2__CH_01782,52
UKPGA_2018_12__LEGV2__CH_01783,47
UKPGA_2018_12__LEGV2__CH_01784,60
UKPGA_2018_12__LEGV2__CH_01785,58
UKPGA_2018_12__LEGV2__CH_01786,69
UKPGA_2018_12__LEGV2__CH_01787,71
UKPGA_2018_12__LEGV2__CH_01788,61
UKPGA_2018_12__LEGV2__CH_01790,57
UKPGA_2018_12__LEGV2__CH_01791,38
UKPGA_2018_12__LEGV2__CH_01792,64
UKPGA_2018_12__LEGV2__CH_01793,56
UKPGA_2018_12__LEGV2__CH_01794,52
UKPGA_2018_12__LEGV2__CH_01795,60
UKPGA_2018_12__LEGV2__CH_01796,54
UKPGA_2018_12__LEGV2__CH_01797,56
UKPGA_2018_12__LEGV2__CH_01798,42
UKPGA_2018_12__LEGV2__CH_01799,45
UKPGA_2018_12__LEGV2__CH_01800,53
UKPGA_2018_12__LEGV2__CH_01801,55
UKPGA_2018_12__LEGV2__CH_01802,51
UKPGA_2018_12__LEGV2__CH_01803,51
UKPGA_2018_12__LEGV2__CH_01806,45
UKPGA_2018_12__LEGV2__CH_01807,75
UKPGA_2018_12__LEGV2__CH_01808,60
UKPGA_2018_12__LEGV2__CH_01809,40
UKPGA_2018_12__LEGV2__CH_01810,44
UKPGA_2018_12__LEGV2__CH_01811,45
UKPGA_2018_12__LEGV2__CH_01812,54
UKPGA_2018_12__LEGV2__CH_01813,49
UKPGA_2018_12__LEGV2__CH_01814,53
UKPGA_2018_12__LEGV2__CH_01815,42
UKPGA_2018_12__LEGV2__CH_01816,42
UKPGA_2018_12__LEGV2__CH_01817,53
UKPGA_2018_12__LEGV2__CH_01818,45
UKPGA_2018_12__LEGV2__CH_01819,39
UKPGA_2018_12__LEGV2__CH_01820,41
UKPGA_2018_12__LEGV2__CH_01821,39
UKPGA_2018_12__LEGV2__CH_01822,40
UKPGA_2018_12__LEGV2__CH_01823,47
UKPGA_2018_12__LEGV2__CH_01825,44
UKPGA_2018_12__LEGV2__CH_01826,50
UKPGA_2018_12__LEGV2__CH_01827,43
UKPGA_2018_12__LEGV2__CH_01828,45
UKPGA_2018_12__LEGV2__CH_01829,48
UKPGA_2018_12__LEGV2__CH_01831,40
UKPGA_2018_12__LEGV2__CH_01834,25
UKPGA_2018_12__LEGV2__CH_01835,29
UKPGA_2018_12__LEGV2__CH_01837,32
UKPGA_2018_12__LEGV2__CH_01838,24
UKPGA_2018_12__LEGV2__CH_01839,22
UKPGA_2018_12__LEGV2__CH_01840,32
UKPGA_2018_12__LEGV2__CH_01841,31
UKPGA_2018_12__LEGV2__CH_01843,27
UKPGA_2018_12__LEGV2__CH_01844,30
UKPGA_2018_12__LEGV2__CH_01846,22
UKPGA_2018_12__LEGV2__CH_01848,26
UKPGA_2018_12__LEGV2__CH_01849,30
UKPGA_2018_12__LEGV2__CH_01850,28
UKPGA_2018_12__LEGV2__CH_01851,25
UKPGA_2018_12__LEGV2__CH_01855,24
UKPGA_2018_12__LEGV2__CH_01857,23
UKPGA_2018_12__LEGV2__CH_01861,20
UKPGA_2020_1__LEGV2__CH_00001,33
UKPGA_2020_1__LEGV2__CH_00002,30
UKPGA_2020_1__LEGV2__CH_00003,61
UKPGA_2020_1__LEGV2__CH_00004,511
UKPGA_2020_1__LEGV2__CH_00005,25
UKPGA_2020_1__LEGV2__CH_00007,104
UKPGA_2020_1__LEGV2__CH_00008,106
UKPGA_2020_1__LEGV2__CH_00010,110
UKPGA_2020_1__LEGV2__CH_00011,508
UKPGA_2020_1__LEGV2__CH_00012,348
UKPGA_2020_1__LEGV2__CH_00013,212
UKPGA_2020_1__LEGV2__CH_00014,88
UKPGA_2020_1__LEGV2__CH_00015,421
UKPGA_2020_1__LEGV2__CH_00016,65
UKPGA_2020_1__LEGV2__CH_00017,26
UKPGA_2020_1__LEGV2__CH_00018,157
UKPGA_2020_1__LEGV2__CH_00019,174
UKPGA_2020_1__LEGV2__CH_00020,260
UKPGA_2020_1__LEGV2__CH_00021,403
UKPGA_2020_1__LEGV2__CH_00022,363
UKPGA_2020_1__LEGV2__CH_00023,484
UKPGA_2020_1__LEGV2__CH_00024,700
UKPGA_2020_1__LEGV2__CH_00025,264
UKPGA_2020_1__LEGV2__CH_00026,417
UKPGA_2020_1__LEGV2__CH_00027,36
UKPGA_2020_1__LEGV2__CH_00028,128
UKPGA_2020_1__LEGV2__CH_00029,54
UKPGA_2020_1__LEGV2__CH_00030,248
UKPGA_2020_1__LEGV2__CH_00031,91
UKPGA_2020_1__LEGV2__CH_00032,85
UKPGA_2020_1__LEGV2__CH_00033,258
UKPGA_2020_1__LEGV2__CH_00034,92
UKPGA_2020_1__LEGV2__CH_00035__M,124
UKPGA_2020_1__LEGV2__CH_00037,232
UKPGA_2020_1__LEGV2__CH_00038,35
UKPGA_2020_1__LEGV2__CH_00039,37
UKPGA_2020_1__LEGV2__CH_00040,58
UKPGA_2020_1__LEGV2__CH_00041,84
UKPGA_2020_1__LEGV2__CH_00042,176
UKPGA_2020_1__LEGV2__CH_00043,93
UKPGA_2020_1__LEGV2__CH_00044,110
UKPGA_2020_1__LEGV2__CH_00045,112
UKPGA_2020_1__LEGV2__CH_00046,105
UKPGA_2020_1__LEGV2__CH_00047,61
UKPGA_2020_1__LEGV2__CH_00048,124
UKPGA_2020_1__LEGV2__CH_00049,39
UKPGA_2020_1__LEGV2__CH_00050,26
UKPGA_2020_1__LEGV2__CH_00051,42
UKPGA_2020_1__LEGV2__CH_00053,111
UKPGA_2020_1__LEGV2__CH_00054,113
UKPGA_2020_1__LEGV2__CH_00055,109
UKPGA_2020_1__LEGV2__CH_00056,65
UKPGA_2020_1__LEGV2__CH_00057,39
UKPGA_2020_1__LEGV2__CH_00058,42
UKPGA_2020_1__LEGV2__CH_00060,111
UKPGA_2020_1__LEGV2__CH_00061,114
UKPGA_2020_1__LEGV2__CH_00062,110
UKPGA_2020_1__LEGV2__CH_00063,109
UKPGA_2020_1__LEGV2__CH_00067,22
UKPGA_2020_1__LEGV2__CH_00070,161
UKPGA_2020_1__LEGV2__CH_00071,66
UKPGA_2020_1__LEGV2__CH_00072,60
UKPGA_2020_1__LEGV2__CH_00073,24
UKPGA_2020_1__LEGV2__CH_00074,107
UKPGA_2020_1__LEGV2__CH_00075,68
UKPGA_2020_1__LEGV2__CH_00076,52
UKPGA_2020_1__LEGV2__CH_00077,104
UKPGA_2020_1__LEGV2__CH_00078,47
UKPGA_2020_1__LEGV2__CH_00079,139
UKPGA_2020_1__LEGV2__CH_00080,95
UKPGA_2020_1__LEGV2__CH_00081,20
UKPGA_2020_1__LEGV2__CH_00082,76
UKPGA_2020_1__LEGV2__CH_00083,132
UKPGA_2020_1__LEGV2__CH_00084,56
UKPGA_2020_1__LEGV2__CH_00085,93
UKPGA_2020_1__LEGV2__CH_00091,730
UKPGA_2020_1__LEGV2__CH_00092,65
UKPGA_2020_1__LEGV2__CH_00093,26
UKPGA_2020_1__LEGV2__CH_00094,141
UKPGA_2020_1__LEGV2__CH_00095,143
UKPGA_2020_1__LEGV2__CH_00096,204
UKPGA_2020_1__LEGV2__CH_00097,431
UKPGA_2020_1__LEGV2__CH_00099,432
UKPGA_2020_1__LEGV2__CH_00100,584
UKPGA_2020_1__LEGV2__CH_00101,65
UKPGA_2020_1__LEGV2__CH_00102,26
UKPGA_2020_1__LEGV2__CH_00103,129
UKPGA_2020_1__LEGV2__CH_00104,146
UKPGA_2020_1__LEGV2__CH_00105,218
UKPGA_2020_1__LEGV2__CH_00106,216
UKPGA_2020_1__LEGV2__CH_00108,181
UKPGA_2020_1__LEGV2__CH_00109,735
UKPGA_2020_1__LEGV2__CH_00110,102
UKPGA_2020_1__LEGV2__CH_00111,82
UKPGA_2020_1__LEGV2__CH_00112,85
UKPGA_2020_1__LEGV2__CH_00113,645
UKPGA_2020_1__LEGV2__CH_00114,25
UKPGA_2020_1__LEGV2__CH_00115,311
UKPGA_2020_1__LEGV2__CH_00116,188
UKPGA_2020_1__LEGV2__CH_00117,409
UKPGA_2020_1__LEGV2__CH_00118,200
UKPGA_2020_1__LEGV2__CH_00120,597
UKPGA_2020_1__LEGV2__CH_00121,436
UKPGA_2020_1__LEGV2__CH_00122,80
UKPGA_2020_1__LEGV2__CH_00123,57
UKPGA_2020_1__LEGV2__CH_00124,56
UKPGA_2020_1__LEGV2__CH_00125,129
UKPGA_2020_1__LEGV2__CH_00126,142
UKPGA_2020_1__LEGV2__CH_00127,164
UKPGA_2020_1__LEGV2__CH_00128,193
UKPGA_2020_1__LEGV2__CH_00129,210
UKPGA_2020_1__LEGV2__CH_00130,1084
UKPGA_2020_1__LEGV2__CH_00131,174
UKPGA_2020_1__LEGV2__CH_00132,609
UKPGA_2020_1__LEGV2__CH_00133,39
UKPGA_2020_1__LEGV2__CH_00134,140
UKPGA_2020_1__LEGV2__CH_00135,142
UKPGA_2020_1__LEGV2__CH_00136,202
UKPGA_2020_1__LEGV2__CH_00137,445
UKPGA_2020_1__LEGV2__CH_00138,444
UKPGA_2020_1__LEGV2__CH_00139,567
UKPGA_2020_1__LEGV2__CH_00140,45
UKPGA_2020_1__LEGV2__CH_00141,71
UKPGA_2020_1__LEGV2__CH_00142,284
UKPGA_2020_1__LEGV2__CH_00143,131
UKPGA_2020_1__LEGV2__CH_00144,321
UKPGA_2020_1__LEGV2__CH_00145,420
UKPGA_2020_1__LEGV2__CH_00146,351
UKPGA_2020_1__LEGV2__CH_00147,161
UKPGA_2020_1__LEGV2__CH_00148,517
UKPGA_2020_1__LEGV2__CH_00149,245
UKPGA_2020_1__LEGV2__CH_00150,125
UKPGA_2020_1__LEGV2__CH_00151,129
UKPGA_2020_1__LEGV2__CH_00152,38
UKPGA_2020_1__LEGV2__CH_00153,49
UKPGA_2020_1__LEGV2__CH_00154,294
UKPGA_2020_1__LEGV2__CH_00155,153
UKPGA_2020_1__LEGV2__CH_00156,46
UKPGA_2020_1__LEGV2__CH_00157,42
UKPGA_2020_1__LEGV2__CH_00158,50
UKPGA_2020_1__LEGV2__CH_00159,51
UKPGA_2020_1__LEGV2__CH_00160,45
UKPGA_2020_1__LEGV2__CH_00161,64
UKPGA_2020_1__LEGV2__CH_00162,232
UKPGA_2020_1__LEGV2__CH_00163,74
UKPGA_2020_1__LEGV2__CH_00164,33
UKPGA_2020_1__LEGV2__CH_00165,473
UKPGA_2020_1__LEGV2__CH_00166,145
UKPGA_2020_1__LEGV2__CH_00167,275
UKPGA_2020_1__LEGV2__CH_00168,94
UKPGA_2020_1__LEGV2__CH_00169,209
UKPGA_2020_1__LEGV2__CH_00170,177
UKPGA_2020_1__LEGV2__CH_00171,398
UKPGA_2020_1__LEGV2__CH_00172,157
UKPGA_2020_1__LEGV2__CH_00173,49
UKPGA_2020_1__LEGV2__CH_00174,65
UKPGA_2020_1__LEGV2__CH_00175,49
UKPGA_2020_1__LEGV2__CH_00176,286
UKPGA_2020_1__LEGV2__CH_00177,68
UKPGA_2020_1__LEGV2__CH_00178,93
UKPGA_2020_1__LEGV2__CH_00179,434
UKPGA_2020_1__LEGV2__CH_00180,211
UKPGA_2020_1__LEGV2__CH_00181,182
UKPGA_2020_1__LEGV2__CH_00183,53
UKPGA_2020_1__LEGV2__CH_00184,62
UKPGA_2020_1__LEGV2__CH_00185,70
UKPGA_2020_1__LEGV2__CH_00186,85
UKPGA_2020_1__LEGV2__CH_00187,72
UKPGA_2020_1__LEGV2__CH_00189,424
UKPGA_2020_1__LEGV2__CH_00190,420
UKPGA_2020_1__LEGV2__CH_00191,116
UKPGA_2020_1__LEGV2__CH_00192,286
UKPGA_2020_1__LEGV2__CH_00193,56
UKPGA_2020_1__LEGV2__CH_00194,34
UKPGA_2020_1__LEGV2__CH_00195,98
UKPGA_2020_1__LEGV2__CH_00196,34
UKPGA_2020_1__LEGV2__CH_00197,69
UKPGA_2020_1__LEGV2__CH_00198,64
UKPGA_2020_1__LEGV2__CH_00199,48
UKPGA_2020_1__LEGV2__CH_00200,58
UKPGA_2020_1__LEGV2__CH_00201,44
UKPGA_2020_1__LEGV2__CH_00202,76
UKPGA_2020_1__LEGV2__CH_00203,43
UKPGA_2020_1__LEGV2__CH_00204,76
UKPGA_2020_1__LEGV2__CH_00205,45
UKPGA_2020_1__LEGV2__CH_00206,78
UKPGA_2020_1__LEGV2__CH_00207,45
UKPGA_2020_1__LEGV2__CH_00208,71
UKPGA_2020_1__LEGV2__CH_00209,57
UKPGA_2020_1__LEGV2__CH_00210,29
UKPGA_2020_1__LEGV2__CH_00211,45
UKPGA_2020_1__LEGV2__CH_00212,66
UKPGA_2020_1__LEGV2__CH_00213,33
UKPGA_2020_1__LEGV2__CH_00214,53
UKPGA_2020_1__LEGV2__CH_00215,27
UKPGA_2020_1__LEGV2__CH_00216,79
UKPGA_2020_1__LEGV2__CH_00217,46
UKPGA_2020_1__LEGV2__CH_00218,72
UKPGA_2020_1__LEGV2__CH_00219,58
UKPGA_2020_1__LEGV2__CH_00220,90
UKPGA_2020_1__LEGV2__CH_00221,81
UKPGA_2020_1__LEGV2__CH_00222,27
UKPGA_2020_1__LEGV2__CH_00223,28
UKPGA_2020_1__LEGV2__CH_00224,30
UKPGA_2020_1__LEGV2__CH_00225,30
UKPGA_2020_1__LEGV2__CH_00226,43
UKPGA_2020_1__LEGV2__CH_00227,214
UKPGA_2020_1__LEGV2__CH_00228,666
UKPGA_2020_1__LEGV2__CH_00229,156
UKPGA_2020_1__LEGV2__CH_00230,208
UKPGA_2020_1__LEGV2__CH_00231,64
UKPGA_2020_1__LEGV2__CH_00232,31
UKPGA_2020_1__LEGV2__CH_00233,68
UKPGA_2020_1__LEGV2__CH_00234,40
UKPGA_2020_1__LEGV2__CH_00235,61
UKPGA_2020_1__LEGV2__CH_00236,449
UKPGA_2020_1__LEGV2__CH_00237,337
UKPGA_2020_1__LEGV2__CH_00238,369
UKPGA_2020_1__LEGV2__CH_00239,548
UKPGA_2020_1__LEGV2__CH_00240,183
UKPGA_2020_1__LEGV2__CH_00242,40
UKPGA_2020_1__LEGV2__CH_00243,150
UKPGA_2020_1__LEGV2__CH_00247,32
UKPGA_2020_1__LEGV2__CH_00248,243
UKPGA_2020_1__LEGV2__CH_00250,45
UKPGA_2020_1__LEGV2__CH_00251,39
UKPGA_2020_1__LEGV2__CH_00252,44
UKPGA_2020_1__LEGV2__CH_00254,35
UKPGA_2020_1__LEGV2__CH_00255,136
UKPGA_2020_1__LEGV2__CH_00256,174
UKPGA_2020_1__LEGV2__CH_00257,39
UKPGA_2020_1__LEGV2__CH_00259,31
UKPGA_2020_1__LEGV2__CH_00260,234
UKPGA_2020_1__LEGV2__CH_00261,138
UKPGA_2020_1__LEGV2__CH_00264,141
UKPGA_2020_1__LEGV2__CH_00265,35
UKPGA_2020_1__LEGV2__CH_00266,44
UKPGA_2020_1__LEGV2__CH_00267,179
UKPGA_2020_1__LEGV2__CH_00269,30
UKPGA_2020_1__LEGV2__CH_00270,35
UKPGA_2020_1__LEGV2__CH_00271,36
UKPGA_2020_1__LEGV2__CH_00272,248
UKPGA_2020_1__LEGV2__CH_00273,304
UKPGA_2020_1__LEGV2__CH_00275,30
UKPGA_2020_1__LEGV2__CH_00276,219
UKPGA_2020_1__LEGV2__CH_00277,97
UKPGA_2020_1__LEGV2__CH_00278,44
UKPGA_2020_1__LEGV2__CH_00279,34
UKPGA_2020_1__LEGV2__CH_00280,503
UKPGA_2020_1__LEGV2__CH_00281,395
UKPGA_2020_1__LEGV2__CH_00282,88
UKPGA_2020_1__LEGV2__CH_00283,132
UKPGA_2020_1__LEGV2__CH_00284,251
UKPGA_2020_1__LEGV2__CH_00285,67
UKPGA_2020_1__LEGV2__CH_00286,97
UKPGA_2020_1__LEGV2__CH_00287,47
UKPGA_2020_1__LEGV2__CH_00288,67
UKPGA_2020_1__LEGV2__CH_00289,32
UKPGA_2020_1__LEGV2__CH_00290,77
UKPGA_2020_1__LEGV2__CH_00291,46
UKPGA_2020_1__LEGV2__CH_00292,79
UKPGA_2020_1__LEGV2__CH_00293,46
UKPGA_2020_1__LEGV2__CH_00294,72
UKPGA_2020_1__LEGV2__CH_00295,58
UKPGA_2020_1__LEGV2__CH_00296,32
UKPGA_2020_1__LEGV2__CH_00297,46
UKPGA_2020_1__LEGV2__CH_00298,67
UKPGA_2020_1__LEGV2__CH_00299,34
UKPGA_2020_1__LEGV2__CH_00300,54
UKPGA_2020_1__LEGV2__CH_00301,28
UKPGA_2020_1__LEGV2__CH_00302,95
UKPGA_2020_1__LEGV2__CH_00303,100
UKPGA_2020_1__LEGV2__CH_00304,86
UKPGA_2020_1__LEGV2__CH_00305,80
UKPGA_2020_1__LEGV2__CH_00306,47
UKPGA_2020_1__LEGV2__CH_00307,73
UKPGA_2020_1__LEGV2__CH_00308,59
UKPGA_2020_1__LEGV2__CH_00309,91
UKPGA_2020_1__LEGV2__CH_00310,82
UKPGA_2020_1__LEGV2__CH_00311,28
UKPGA_2020_1__LEGV2__CH_00312,29
UKPGA_2020_1__LEGV2__CH_00313,67
UKPGA_2020_1__LEGV2__CH_00314,32
UKPGA_2020_1__LEGV2__CH_00315,72
UKPGA_2020_1__LEGV2__CH_00316,46
UKPGA_2020_1__LEGV2__CH_00317,79
UKPGA_2020_1__LEGV2__CH_00318,46
UKPGA_2020_1__LEGV2__CH_00319,71
UKPGA_2020_1__LEGV2__CH_00320,58
UKPGA_2020_1__LEGV2__CH_00321,32
UKPGA_2020_1__LEGV2__CH_00338,51
UKPGA_2020_1__LEGV2__CH_00339,115
UKPGA_2020_1__LEGV2__CH_00340,32
UKPGA_2020_1__LEGV2__CH_00341,40
UKPGA_2020_1__LEGV2__CH_00342,57
UKPGA_2020_1__LEGV2__CH_00343,45
UKPGA_2020_1__LEGV2__CH_00344,64
UKPGA_2020_1__LEGV2__CH_00345,45
UKPGA_2020_1__LEGV2__CH_00346,57
UKPGA_2020_1__LEGV2__CH_00347,57
UKPGA_2020_1__LEGV2__CH_00348,29
UKPGA_2020_1__LEGV2__CH_00350,51
UKPGA_2020_1__LEGV2__CH_00352,38
UKPGA_2020_1__LEGV2__CH_00354,94
UKPGA_2020_1__LEGV2__CH_00355,99
UKPGA_2020_1__LEGV2__CH_00356,85
UKPGA_2020_1__LEGV2__CH_00357,64
UKPGA_2020_1__LEGV2__CH_00359,57
UKPGA_2020_1__LEGV2__CH_00368,477
UKPGA_2020_1__LEGV2__CH_00369,1031
UKPGA_2020_1__LEGV2__CH_00370,472
UKPGA_2020_1__LEGV2__CH_00371,1031
UKPGA_2020_1__LEGV2__CH_00372,54
UKPGA_2020_1__LEGV2__CH_00373,116
UKPGA_2020_1__LEGV2__CH_00374,33
UKPGA_2020_1__LEGV2__CH_00375,41
UKPGA_2020_1__LEGV2__CH_00376,58
UKPGA_2020_1__LEGV2__CH_00377,46
UKPGA_2020_1__LEGV2__CH_00378,65
UKPGA_2020_1__LEGV2__CH_00379,46
UKPGA_2020_1__LEGV2__CH_00380,58
UKPGA_2020_1__LEGV2__CH_00381,58
UKPGA_2020_1__LEGV2__CH_00382,32
UKPGA_2020_1__LEGV2__CH_00384,52
UKPGA_2020_1__LEGV2__CH_00386,39
UKPGA_2020_1__LEGV2__CH_00391,65
UKPGA_2020_1__LEGV2__CH_00393,58
UKPGA_2020_1__LEGV2__CH_00399,25
UKPGA_2020_1__LEGV2__CH_00400,59
UKPGA_2020_1__LEGV2__CH_00403,60
UKPGA_2020_1__LEGV2__CH_00405,65
UKPGA_2020_1__LEGV2__CH_00406,43
UKPGA_2020_1__LEGV2__CH_00407,23
UKPGA_2020_1__LEGV2__CH_00408,82
UKPGA_2020_1__LEGV2__CH_00409,155
UKPGA_2020_1__LEGV2__CH_00410,74
UKPGA_2020_1__LEGV2__CH_00411,25
UKPGA_2020_1__LEGV2__CH_00412,93
UKPGA_2020_1__LEGV2__CH_00413,52
UKPGA_2020_1__LEGV2__CH_00414,46
UKPGA_2020_1__LEGV2__CH_00420,50
UKPGA_2020_1__LEGV2__CH_00421,70
UKPGA_2020_1__LEGV2__CH_00422,888
UKPGA_2020_1__LEGV2__CH_00423,109
UKPGA_2020_1__LEGV2__CH_00424,483
UKPGA_2020_1__LEGV2__CH_00425,291
UKPGA_2020_1__LEGV2__CH_00426,422
UKPGA_2020_1__LEGV2__CH_00427,81
UKPGA_2020_1__LEGV2__CH_00428,138
UKPGA_2020_1__LEGV2__CH_00430,87
UKPGA_2020_1__LEGV2__CH_00431,98
UKPGA_2020_1__LEGV2__CH_00432,604
UKPGA_2020_1__LEGV2__CH_00434,444
UKPGA_2020_1__LEGV2__CH_00435,260
UKPGA_2020_1__LEGV2__CH_00436,61
UKPGA_2020_1__LEGV2__CH_00437,56
UKPGA_2020_1__LEGV2__CH_00438,124
UKPGA_2020_1__LEGV2__CH_00439,51
UKPGA_2020_1__LEGV2__CH_00440,293
UKPGA_2023_54__NODEV1__CH_00001,271
UKPGA_2023_54__NODEV1__CH_00002,835
UKPGA_2023_54__NODEV1__CH_00003,187
UKPGA_2023_54__NODEV1__CH_00004,98
UKPGA_2023_54__NODEV1__CH_00005,347
UKPGA_2023_54__NODEV1__CH_00006,445
UKPGA_2023_54__NODEV1__CH_00007,907
UKPGA_2023_54__NODEV1__CH_00008,149
UKPGA_2023_54__NODEV1__CH_00009,273
UKPGA_2023_54__NODEV1__CH_00010,439
UKPGA_2023_54__NODEV1__CH_00011,86
UKPGA_2023_54__NODEV1__CH_00012,205
UKPGA_2023_54__NODEV1__CH_00013,439
UKPGA_2023_54__NODEV1__CH_00014,409
UKPGA_2023_54__NODEV1__CH_00015,128
UKPGA_2023_54__NODEV1__CH_00016,326
UKPGA_2023_54__NODEV1__CH_00017,109
UKPGA_2023_54__NODEV1__CH_00018,138
UKPGA_2023_54__NODEV1__CH_00019,583
UKPGA_2023_54__NODEV1__CH_00020,555
UKPGA_2023_54__NODEV1__CH_00021,333
UKPGA_2023_54__NODEV1__CH_00022,483
UKPGA_2023_54__NODEV1__CH_00023,549
UKPGA_2023_54__NODEV1__CH_00024,204
UKPGA_2023_54__NODEV1__CH_00025,111
UKPGA_2023_54__NODEV1__CH_00026,209
UKPGA_2023_54__NODEV1__CH_00027,195
UKPGA_2023_54__NODEV1__CH_00028,404
UKPGA_2023_54__NODEV1__CH_00029,245
UKPGA_2023_54__NODEV1__CH_00030,422
UKPGA_2023_54__NODEV1__CH_00031,502
UKPGA_2023_54__NODEV1__CH_00032,289
UKPGA_2023_54__NODEV1__CH_00033,373
UKPGA_2023_54__NODEV1__CH_00034,445
UKPGA_2023_54__NODEV1__CH_00035,215
UKPGA_2023_54__NODEV1__CH_00036,518
UKPGA_2023_54__NODEV1__CH_00037,230
UKPGA_2023_54__NODEV1__CH_00038,110
UKPGA_2023_54__NODEV1__CH_00039,224
UKPGA_2023_54__NODEV1__CH_00040,352
UKPGA_2023_54__NODEV1__CH_00041,349
UKPGA_2023_54__NODEV1__CH_00042,172
UKPGA_2023_54__NODEV1__CH_00043,379
UKPGA_2023_54__NODEV1__CH_00044,100
UKPGA_2023_54__NODEV1__CH_00045,392
UKPGA_2023_54__NODEV1__CH_00046,469
UKPGA_2023_54__NODEV1__CH_00047,255
UKPGA_2023_54__NODEV1__CH_00048,231
UKPGA_2023_54__NODEV1__CH_00049,513
UKPGA_2023_54__NODEV1__CH_00050,271
UKPGA_2023_54__NODEV1__CH_00051,276
UKPGA_2023_54__NODEV1__CH_00052,222
UKPGA_2023_54__NODEV1__CH_00053,337
UKPGA_2023_54__NODEV1__CH_00054,807
UKPGA_2023_54__NODEV1__CH_00055,72
UKPGA_2023_54__NODEV1__CH_00056,484
UKPGA_2023_54__NODEV1__CH_00057,359
UKPGA_2023_54__NODEV1__CH_00058,332
UKPGA_2023_54__NODEV1__CH_00059,568
UKPGA_2023_54__NODEV1__CH_00060,554
UKPGA_2023_54__NODEV1__CH_00061,504
UKPGA_2023_54__NODEV1__CH_00062,833
UKPGA_2023_54__NODEV1__CH_00063,309
UKPGA_2023_54__NODEV1__CH_00064,187
UKPGA_2023_54__NODEV1__CH_00065,472
UKPGA_2023_54__NODEV1__CH_00066,117
UKPGA_2023_54__NODEV1__CH_00067,453
UKPGA_2023_54__NODEV1__CH_00068,561
UKPGA_2023_54__NODEV1__CH_00069,286
UKPGA_2023_54__NODEV1__CH_00070,240
UKPGA_2023_54__NODEV1__CH_00071,308
UKPGA_2023_54__NODEV1__CH_00072,366
UKPGA_2023_54__NODEV1__CH_00073,277
UKPGA_2023_54__NODEV1__CH_00074,541
UKPGA_2023_54__NODEV1__CH_00075,403
UKPGA_2023_54__NODEV1__CH_00076,78
UKPGA_2023_54__NODEV1__CH_00077,201
UKPGA_2023_54__NODEV1__CH_00078,800
UKPGA_2023_54__NODEV1__CH_00079,220
UKPGA_2023_54__NODEV1__CH_00080,168
UKPGA_2023_54__NODEV1__CH_00081,222
UKPGA_2023_54__NODEV1__CH_00082,238
UKPGA_2023_54__NODEV1__CH_00083,499
UKPGA_2023_54__NODEV1__CH_00084,633
UKPGA_2023_54__NODEV1__CH_00085,437
UKPGA_2023_54__NODEV1__CH_00086,234
UKPGA_2023_54__NODEV1__CH_00087,314
UKPGA_2023_54__NODEV1__CH_00088,181
UKPGA_2023_54__NODEV1__CH_00089,35
UKPGA_2023_54__NODEV1__CH_00090,105
UKPGA_2023_54__NODEV1__CH_00091,246
UKPGA_2023_54__NODEV1__CH_00092,96
UKPGA_2023_54__NODEV1__CH_00093,316
UKPGA_2023_54__NODEV1__CH_00094,619
UKPGA_2023_54__NODEV1__CH_00095,302
UKPGA_2023_54__NODEV1__CH_00096,334
UKPGA_2023_54__NODEV1__CH_00097,279
UKPGA_2023_54__NODEV1__CH_00098,231
UKPGA_2023_54__NODEV1__CH_00099,300
UKPGA_2023_54__NODEV1__CH_00100,228
UKPGA_2023_54__NODEV1__CH_00101,217
UKPGA_2023_54__NODEV1__CH_00102,232
UKPGA_2023_54__NODEV1__CH_00103,100
UKPGA_2023_54__NODEV1__CH_00104,270
UKPGA_2023_54__NODEV1__CH_00105,88
UKPGA_2023_54__NODEV1__CH_00106,468
UKPGA_2023_54__NODEV1__CH_00107,163
UKPGA_2023_54__NODEV1__CH_00108,326
UKPGA_2023_54__NODEV1__CH_00109,144
UKPGA_2023_54__NODEV1__CH_00110,438
UKPGA_2023_54__NODEV1__CH_00111,314
UKPGA_2023_54__NODEV1__CH_00112,326
UKPGA_2023_54__NODEV1__CH_00113,103
UKPGA_2023_54__NODEV1__CH_00114,337
UKPGA_2023_54__NODEV1__CH_00115,498
UKPGA_2023_54__NODEV1__CH_00116,123
UKPGA_2023_54__NODEV1__CH_00117,373
UKPGA_2023_54__NODEV1__CH_00118,310
UKPGA_2023_54__NODEV1__CH_00119,380
UKPGA_2023_54__NODEV1__CH_00120,476
UKPGA_2023_54__NODEV1__CH_00121,341
UKPGA_2023_54__NODEV1__CH_00122,353
UKPGA_2023_54__NODEV1__CH_00123,261
UKPGA_2023_54__NODEV1__CH_00124,24
UKPGA_2023_54__NODEV1__CH_00125,114
UKPGA_2023_54__NODEV1__CH_00126,112
UKPGA_2023_54__NODEV1__CH_00127,114
UKPGA_2023_54__NODEV1__CH_00128,135
UKPGA_2023_54__NODEV1__CH_00129,180
UKPGA_2023_54__NODEV1__CH_00130,1645
UKPGA_2023_54__NODEV1__CH_00131,638
UKPGA_2023_54__NODEV1__CH_00132,421
UKPGA_2023_54__NODEV1__CH_00133,42
UKPGA_2023_54__NODEV1__CH_00135,411
UKPGA_2023_54__NODEV1__CH_00137,593
UKPGA_2023_54__NODEV1__CH_00138,180
UKPGA_2023_54__NODEV1__CH_00139,72
UKPGA_2023_54__NODEV1__CH_00140,85
UKPGA_2023_54__NODEV1__CH_00141,196
UKPGA_2023_54__NODEV1__CH_00142,24
UKPGA_2023_54__NODEV1__CH_00143,596
UKPGA_2023_54__NODEV1__CH_00144,651
UKPGA_2023_54__NODEV1__CH_00145,179
UKPGA_2023_54__NODEV1__CH_00146,53
UKPGA_2023_54__NODEV1__CH_00147,132
UKPGA_2023_54__NODEV1__CH_00148,394
UKPGA_2023_54__NODEV1__CH_00149,210
UKPGA_2023_54__NODEV1__CH_00150,68
UKPGA_2023_54__NODEV1__CH_00151,36
UKPGA_2023_54__NODEV1__CH_00152,41
UKPGA_2023_54__NODEV1__CH_00153,44
UKPGA_2023_54__NODEV1__CH_00154,43
UKPGA_2023_54__NODEV1__CH_00155,29
UKPGA_2023_54__NODEV1__CH_00156,280
UKPGA_2023_54__NODEV1__CH_00158,147
UKPGA_2023_54__NODEV1__CH_00160,136
UKPGA_2023_54__NODEV1__CH_00161,64
UKPGA_2023_54__NODEV1__CH_00162,91
UKPGA_2023_54__NODEV1__CH_00163,49
UKPGA_2023_54__NODEV1__CH_00164,223
UKPGA_2023_54__NODEV1__CH_00165,52
UKPGA_2023_54__NODEV1__CH_00166,76
UKPGA_2023_54__NODEV1__CH_00167,33
UKPGA_2023_54__NODEV1__CH_00169,56
UKPGA_2023_54__NODEV1__CH_00170,69
UKPGA_2023_54__NODEV1__CH_00171,28
UKPGA_2023_54__NODEV1__CH_00172,71
UKPGA_2023_54__NODEV1__CH_00173,123
UKPGA_2023_54__NODEV1__CH_00174,38
UKPGA_2023_54__NODEV1__CH_00175,43
UKPGA_2023_54__NODEV1__CH_00176,43
UKPGA_2023_54__NODEV1__CH_00177,42
UKPGA_2023_54__NODEV1__CH_00178,161
UKPGA_2023_54__NODEV1__CH_00180,44
UKPGA_2023_54__NODEV1__CH_00181,232
UKPGA_2023_54__NODEV1__CH_00182,102
UKPGA_2023_54__NODEV1__CH_00183,246
UKPGA_2023_54__NODEV1__CH_00184,93
UKPGA_2023_54__NODEV1__CH_00185,69
UKPGA_2023_54__NODEV1__CH_00186,224
UKPGA_2023_54__NODEV1__CH_00187,242
UKPGA_2023_54__NODEV1__CH_00188,398
UKPGA_2023_54__NODEV1__CH_00189,45
UKPGA_2023_54__NODEV1__CH_00190,104
UKPGA_2023_54__NODEV1__CH_00191,47
UKPGA_2023_54__NODEV1__CH_00192,72
UKPGA_2023_54__NODEV1__CH_00204,77
UKPGA_2023_54__NODEV1__CH_00205,30
UKPGA_2023_54__NODEV1__CH_00206,21
UKPGA_2023_54__NODEV1__CH_00207,60
UKPGA_2023_54__NODEV1__CH_00208,57
UKPGA_2023_54__NODEV1__CH_00209,106
UKPGA_2023_54__NODEV1__CH_00210,145
UKPGA_2023_54__NODEV1__CH_00211,70
UKPGA_2023_54__NODEV1__CH_00213,55
UKPGA_2023_54__NODEV1__CH_00214__M,196
UKPGA_2023_54__NODEV1__CH_00216,50
UKPGA_2023_54__NODEV1__CH_00217,23
UKPGA_2023_54__NODEV1__CH_00218,109
UKPGA_2023_54__NODEV1__CH_00219,84
UKPGA_2023_54__NODEV1__CH_00220,138
UKPGA_2023_54__NODEV1__CH_00221,233
UKPGA_2023_54__NODEV1__CH_00222,110
UKPGA_2023_54__NODEV1__CH_00223,38
UKPGA_2023_54__NODEV1__CH_00224,34
UKPGA_2023_54__NODEV1__CH_00225,60
UKPGA_2023_54__NODEV1__CH_00226,50
UKPGA_2023_54__NODEV1__CH_00228,97
UKPGA_2023_54__NODEV1__CH_00229,114
UKPGA_2023_54__NODEV1__CH_00231,41
UKPGA_2023_54__NODEV1__CH_00232,45
UKPGA_2023_54__NODEV1__CH_00233,27
UKPGA_2023_54__NODEV1__CH_00234,24
UKPGA_2023_54__NODEV1__CH_00235,22
UKPGA_2023_54__NODEV1__CH_00236,32
UKPGA_2023_54__NODEV1__CH_00237,27
UKPGA_2023_54__NODEV1__CH_00239,25
UKPGA_2023_54__NODEV1__CH_00240,39
UKPGA_2023_54__NODEV1__CH_00241,39
UKPGA_2023_54__NODEV1__CH_00242,67
UKPGA_2023_54__NODEV1__CH_00243,33
UKPGA_2023_54__NODEV1__CH_00245,30
UKPGA_2023_54__NODEV1__CH_00246,42
UKPGA_2023_54__NODEV1__CH_00247,72
UKPGA_2023_54__NODEV1__CH_00248,28
UKPGA_2023_54__NODEV1__CH_00249,36
UKPGA_2023_54__NODEV1__CH_00250,26
UKPGA_2023_54__NODEV1__CH_00252,114
UKPGA_2023_54__NODEV1__CH_00253,28
UKPGA_2023_54__NODEV1__CH_00255,114
UKPGA_2023_54__NODEV1__CH_00256,97
UKPGA_2023_54__NODEV1__CH_00257,205
UKPGA_2023_54__NODEV1__CH_00258,152
UKPGA_2023_54__NODEV1__CH_00259,195
UKPGA_2023_54__NODEV1__CH_00260,118
UKPGA_2023_54__NODEV1__CH_00261,95
UKPGA_2023_54__NODEV1__CH_00262,240
UKPGA_2023_54__NODEV1__CH_00263,205
UKPGA_2023_54__NODEV1__CH_00264,156
UKPGA_2023_54__NODEV1__CH_00265,113
UKPGA_2023_54__NODEV1__CH_00266,921
UKPGA_2023_54__NODEV1__CH_00267,423
UKPGA_2023_54__NODEV1__CH_00268,237
UKPGA_2023_54__NODEV1__CH_00269,54
UKPGA_2023_54__NODEV1__CH_00270,162
UKPGA_2023_54__NODEV1__CH_00271,78
UKPGA_2023_54__NODEV1__CH_00272,146
UKPGA_2023_54__NODEV1__CH_00273,38
UKPGA_2023_54__NODEV1__CH_00274,154
UKPGA_2023_54__NODEV1__CH_00275,72
UKPGA_2023_54__NODEV1__CH_00276,127
UKPGA_2023_54__NODEV1__CH_00277,162
UKPGA_2023_54__NODEV1__CH_00278,142
UKPGA_2023_54__NODEV1__CH_00279,287
UKPGA_2023_54__NODEV1__CH_00280,134
UKPGA_2023_54__NODEV1__CH_00281,39
UKPGA_2023_54__NODEV1__CH_00282,405
UKPGA_2023_54__NODEV1__CH_00283,89
UKPGA_2023_54__NODEV1__CH_00284,22
UKPGA_2023_54__NODEV1__CH_00285,63
UKPGA_2023_54__NODEV1__CH_00286__M,102
UKPGA_2023_54__NODEV1__CH_00288,98
UKPGA_2023_54__NODEV1__CH_00289,184
UKPGA_2023_54__NODEV1__CH_00290,104
UKPGA_2023_54__NODEV1__CH_00291,54
UKPGA_2023_54__NODEV1__CH_00292,173
UKPGA_2023_54__NODEV1__CH_00293,49
UKPGA_2023_54__NODEV1__CH_00294,53
UKPGA_2023_54__NODEV1__CH_00295,96
UKPGA_2023_54__NODEV1__CH_00299,34
UKPGA_2023_54__NODEV1__CH_00308,98
UKPGA_2023_54__NODEV1__CH_00327,1253
UKPGA_2023_54__NODEV1__CH_00329,146
UKPGA_2023_54__NODEV1__CH_00330,482
UKPGA_2023_54__NODEV1__CH_00331,186
UKPGA_2023_54__NODEV1__CH_00332,76
UKPGA_2023_54__NODEV1__CH_00334,77
UKPGA_2023_54__NODEV1__CH_00335,27
UKPGA_2023_54__NODEV1__CH_00336,307
UKPGA_2023_54__NODEV1__CH_00337,211
UKPGA_2023_54__NODEV1__CH_00338,139
UKPGA_2023_54__NODEV1__CH_00339,385
UKPGA_2023_54__NODEV1__CH_00340,168
UKPGA_2023_54__NODEV1__CH_00341,49
UKPGA_2023_54__NODEV1__CH_00342,204
UKPGA_2023_54__NODEV1__CH_00343,61
UKPGA_2023_54__NODEV1__CH_00344,78
UKPGA_2023_54__NODEV1__CH_00345,221
UKPGA_2023_54__NODEV1__CH_00346,39
UKPGA_2023_54__NODEV1__CH_00347,30
UKPGA_2023_54__NODEV1__CH_00348,30
UKPGA_2023_54__NODEV1__CH_00349,73
UKPGA_2025_18__LEGV2__CH_00001,30
UKPGA_2025_18__LEGV2__CH_00002,407
UKPGA_2025_18__LEGV2__CH_00003,98
UKPGA_2025_18__LEGV2__CH_00004,47
UKPGA_2025_18__LEGV2__CH_00005,32
UKPGA_2025_18__LEGV2__CH_00006,95
UKPGA_2025_18__LEGV2__CH_00007,82
UKPGA_2025_18__LEGV2__CH_00008,42
UKPGA_2025_18__LEGV2__CH_00009,80
UKPGA_2025_18__LEGV2__CH_00010,78
UKPGA_2025_18__LEGV2__CH_00011,121
UKPGA_2025_18__LEGV2__CH_00013,82
UKPGA_2025_18__LEGV2__CH_00014,34
UKPGA_2025_18__LEGV2__CH_00015,183
UKPGA_2025_18__LEGV2__CH_00016,86
UKPGA_2025_18__LEGV2__CH_00017,48
UKPGA_2025_18__LEGV2__CH_00018,209
UKPGA_2025_18__LEGV2__CH_00019,91
UKPGA_2025_18__LEGV2__CH_00020,32
UKPGA_2025_18__LEGV2__CH_00021,89
UKPGA_2025_18__LEGV2__CH_00022,52
UKPGA_2025_18__LEGV2__CH_00023,55
UKPGA_2025_18__LEGV2__CH_00024,42
UKPGA_2025_18__LEGV2__CH_00025,46
UKPGA_2025_18__LEGV2__CH_00026,320
UKPGA_2025_18__LEGV2__CH_00028,79
UKPGA_2025_18__LEGV2__CH_00029,84
UKPGA_2025_18__LEGV2__CH_00030,178
UKPGA_2025_18__LEGV2__CH_00031,86
UKPGA_2025_18__LEGV2__CH_00032,48
UKPGA_2025_18__LEGV2__CH_00033,198
UKPGA_2025_18__LEGV2__CH_00034,64
UKPGA_2025_18__LEGV2__CH_00037,52
UKPGA_2025_18__LEGV2__CH_00039,49
UKPGA_2025_18__LEGV2__CH_00041,23
UKPGA_2025_18__LEGV2__CH_00042,52
UKPGA_2025_18__LEGV2__CH_00043,51
UKPGA_2025_18__LEGV2__CH_00044,62
UKPGA_2025_18__LEGV2__CH_00045,28
UKPGA_2025_18__LEGV2__CH_00046,46
UKPGA_2025_18__LEGV2__CH_00047,25
UKPGA_2025_18__LEGV2__CH_00048,121
UKPGA_2025_18__LEGV2__CH_00049,79
UKPGA_2025_18__LEGV2__CH_00050,150
UKPGA_2025_18__LEGV2__CH_00052,34
UKPGA_2025_18__LEGV2__CH_00053,430
UKPGA_2025_18__LEGV2__CH_00054,49
UKPGA_2025_18__LEGV2__CH_00055,30
UKPGA_2025_18__LEGV2__CH_00056,51
UKPGA_2025_18__LEGV2__CH_00057,69
UKPGA_2025_18__LEGV2__CH_00058,33
UKPGA_2025_18__LEGV2__CH_00059,36
UKPGA_2025_18__LEGV2__CH_00060,87
UKPGA_2025_18__LEGV2__CH_00061,190
UKPGA_2025_18__LEGV2__CH_00062,95
UKPGA_2025_18__LEGV2__CH_00063,123
UKPGA_2025_18__LEGV2__CH_00064,58
UKPGA_2025_18__LEGV2__CH_00065,29
UKPGA_2025_18__LEGV2__CH_00066,82
UKPGA_2025_18__LEGV2__CH_00067,30
UKPGA_2025_18__LEGV2__CH_00068,122
UKPGA_2025_18__LEGV2__CH_00069,80
UKPGA_2025_18__LEGV2__CH_00070,60
UKPGA_2025_18__LEGV2__CH_00071,33
UKPGA_2025_18__LEGV2__CH_00072,75
UKPGA_2025_18__LEGV2__CH_00073,102
UKPGA_2025_18__LEGV2__CH_00074,35
UKPGA_2025_18__LEGV2__CH_00075,42
UKPGA_2025_18__LEGV2__CH_00076,129
UKPGA_2025_18__LEGV2__CH_00077,126
UKPGA_2025_18__LEGV2__CH_00078,49
UKPGA_2025_18__LEGV2__CH_00079,38
UKPGA_2025_18__LEGV2__CH_00080,52
UKPGA_2025_18__LEGV2__CH_00081,230
UKPGA_2025_18__LEGV2__CH_00082,146
UKPGA_2025_18__LEGV2__CH_00083,76
UKPGA_2025_18__LEGV2__CH_00084,55
UKPGA_2025_18__LEGV2__CH_00085,39
UKPGA_2025_18__LEGV2__CH_00086,123
UKPGA_2025_18__LEGV2__CH_00087,56
UKPGA_2025_18__LEGV2__CH_00088,57
UKPGA_2025_18__LEGV2__CH_00089,37
UKPGA_2025_18__LEGV2__CH_00090,37
UKPGA_2025_18__LEGV2__CH_00091,66
UKPGA_2025_18__LEGV2__CH_00092,162
UKPGA_2025_18__LEGV2__CH_00093,43
UKPGA_2025_18__LEGV2__CH_00094,77
UKPGA_2025_18__LEGV2__CH_00095,74
UKPGA_2025_18__LEGV2__CH_00096,40
UKPGA_2025_18__LEGV2__CH_00097,80
UKPGA_2025_18__LEGV2__CH_00098,81
UKPGA_2025_18__LEGV2__CH_00099,45
UKPGA_2025_18__LEGV2__CH_00100,79
UKPGA_2025_18__LEGV2__CH_00101,34
UKPGA_2025_18__LEGV2__CH_00102,48
UKPGA_2025_18__LEGV2__CH_00103,26
UKPGA_2025_18__LEGV2__CH_00104,46
UKPGA_2025_18__LEGV2__CH_00105,256
UKPGA_2025_18__LEGV2__CH_00107,113
UKPGA_2025_18__LEGV2__CH_00108,82
UKPGA_2025_18__LEGV2__CH_00109,103
UKPGA_2025_18__LEGV2__CH_00110,131
UKPGA_2025_18__LEGV2__CH_00111,29
UKPGA_2025_18__LEGV2__CH_00112,31
UKPGA_2025_18__LEGV2__CH_00113,63
UKPGA_2025_18__LEGV2__CH_00114,119
UKPGA_2025_18__LEGV2__CH_00115,23
UKPGA_2025_18__LEGV2__CH_00116,60
UKPGA_2025_18__LEGV2__CH_00117,132
UKPGA_2025_18__LEGV2__CH_00118,194
UKPGA_2025_18__LEGV2__CH_00119,78
UKPGA_2025_18__LEGV2__CH_00120,65
UKPGA_2025_18__LEGV2__CH_00121,28
UKPGA_2025_18__LEGV2__CH_00122,68
UKPGA_2025_18__LEGV2__CH_00123,245
UKPGA_2025_18__LEGV2__CH_00124,74
UKPGA_2025_18__LEGV2__CH_00125,41
UKPGA_2025_18__LEGV2__CH_00126,56
UKPGA_2025_18__LEGV2__CH_00127,25
UKPGA_2025_18__LEGV2__CH_00128,46
UKPGA_2025_18__LEGV2__CH_00130,96
UKPGA_2025_18__LEGV2__CH_00131,99
UKPGA_2025_18__LEGV2__CH_00132,120
UKPGA_2025_18__LEGV2__CH_00133,67
UKPGA_2025_18__LEGV2__CH_00134,79
UKPGA_2025_18__LEGV2__CH_00135,45
UKPGA_2025_18__LEGV2__CH_00136,113
UKPGA_2025_18__LEGV2__CH_00137,59
UKPGA_2025_18__LEGV2__CH_00138,52
UKPGA_2025_18__LEGV2__CH_00139,80
UKPGA_2025_18__LEGV2__CH_00140,53
UKPGA_2025_18__LEGV2__CH_00141,51
UKPGA_2025_18__LEGV2__CH_00142,51
UKPGA_2025_18__LEGV2__CH_00143,72
UKPGA_2025_18__LEGV2__CH_00144,92
UKPGA_2025_18__LEGV2__CH_00145,41
UKPGA_2025_18__LEGV2__CH_00146,68
UKPGA_2025_18__LEGV2__CH_00147,82
UKPGA_2025_18__LEGV2__CH_00148,46
UKPGA_2025_18__LEGV2__CH_00149,69
UKPGA_2025_18__LEGV2__CH_00150,68
UKPGA_2025_18__LEGV2__CH_00151,53
UKPGA_2025_18__LEGV2__CH_00152,173
UKPGA_2025_18__LEGV2__CH_00153,54
UKPGA_2025_18__LEGV2__CH_00154,62
UKPGA_2025_18__LEGV2__CH_00155,81
UKPGA_2025_18__LEGV2__CH_00156,60
UKPGA_2025_18__LEGV2__CH_00157,139
UKPGA_2025_18__LEGV2__CH_00159,87
UKPGA_2025_18__LEGV2__CH_00160,27
UKPGA_2025_18__LEGV2__CH_00161,55
UKPGA_2025_18__LEGV2__CH_00162,68
UKPGA_2025_18__LEGV2__CH_00163,37
UKPGA_2025_18__LEGV2__CH_00164,58
UKPGA_2025_18__LEGV2__CH_00165,31
UKPGA_2025_18__LEGV2__CH_00166,23
UKPGA_2025_18__LEGV2__CH_00167,392
UKPGA_2025_18__LEGV2__CH_00168,48
UKPGA_2025_18__LEGV2__CH_00169,109
UKPGA_2025_18__LEGV2__CH_00170,65
UKPGA_2025_18__LEGV2__CH_00173,177
UKPGA_2025_18__LEGV2__CH_00174,478
UKPGA_2025_18__LEGV2__CH_00175,499
UKPGA_2025_18__LEGV2__CH_00176,63
UKPGA_2025_18__LEGV2__CH_00177,91
UKPGA_2025_18__LEGV2__CH_00178,53
UKPGA_2025_18__LEGV2__CH_00179,512
UKPGA_2025_18__LEGV2__CH_00180,703
UKPGA_2025_18__LEGV2__CH_00181,129
UKPGA_2025_18__LEGV2__CH_00182,151
UKPGA_2025_18__LEGV2__CH_00183,124
UKPGA_2025_18__LEGV2__CH_00184,240
UKPGA_2025_18__LEGV2__CH_00185,131
UKPGA_2025_18__LEGV2__CH_00186,183
UKPGA_2025_18__LEGV2__CH_00187,122
UKPGA_2025_18__LEGV2__CH_00188,343
UKPGA_2025_18__LEGV2__CH_00189,93
UKPGA_2025_18__LEGV2__CH_00190,73
UKPGA_2025_18__LEGV2__CH_00191,169
UKPGA_2025_18__LEGV2__CH_00192,227
UKPGA_2025_18__LEGV2__CH_00193,171
UKPGA_2025_18__LEGV2__CH_00194,188
UKPGA_2025_18__LEGV2__CH_00195,111
UKPGA_2025_18__LEGV2__CH_00196,159
UKPGA_2025_18__LEGV2__CH_00197,124
UKPGA_2025_18__LEGV2__CH_00198,75
UKPGA_2025_18__LEGV2__CH_00199,121
UKPGA_2025_18__LEGV2__CH_00200,156
UKPGA_2025_18__LEGV2__CH_00201,44
UKPGA_2025_18__LEGV2__CH_00202,35
UKPGA_2025_18__LEGV2__CH_00203,47
UKPGA_2025_18__LEGV2__CH_00204,78
UKPGA_2025_18__LEGV2__CH_00205,36
UKPGA_2025_18__LEGV2__CH_00206,19
UKPGA_2025_18__LEGV2__CH_00207,23
UKPGA_2025_18__LEGV2__CH_00208,58
UKPGA_2025_18__LEGV2__CH_00209,40
UKPGA_2025_18__LEGV2__CH_00210,44
UKPGA_2025_18__LEGV2__CH_00211,58
UKPGA_2025_18__LEGV2__CH_00212,68
UKPGA_2025_18__LEGV2__CH_00213,64
UKPGA_2025_18__LEGV2__CH_00214,41
UKPGA_2025_18__LEGV2__CH_00215,36
UKPGA_2025_18__LEGV2__CH_00216,51
UKPGA_2025_18__LEGV2__CH_00218,55
UKPGA_2025_18__LEGV2__CH_00219,159
UKPGA_2025_18__LEGV2__CH_00220,36
UKPGA_2025_18__LEGV2__CH_00221,38
UKPGA_2025_18__LEGV2__CH_00222,33
UKPGA_2025_18__LEGV2__CH_00223,45
UKPGA_2025_18__LEGV2__CH_00228,22
UKPGA_2025_18__LEGV2__CH_00229,51
UKPGA_2025_18__LEGV2__CH_00230,20
UKPGA_2025_18__LEGV2__CH_00231,19
UKPGA_2025_18__LEGV2__CH_00232,62
UKPGA_2025_18__LEGV2__CH_00233,25
UKPGA_2025_18__LEGV2__CH_00234,39
UKPGA_2025_18__LEGV2__CH_00235,60
UKPGA_2025_18__LEGV2__CH_00236,66
UKPGA_2025_18__LEGV2__CH_00237,51
UKPGA_2025_18__LEGV2__CH_00238,31
UKPGA_2025_18__LEGV2__CH_00239,27
UKPGA_2025_18__LEGV2__CH_00241,48
UKPGA_2025_18__LEGV2__CH_00242,29
UKPGA_2025_18__LEGV2__CH_00243,67
UKPGA_2025_18__LEGV2__CH_00244,24
UKPGA_2025_18__LEGV2__CH_00245,68
UKPGA_2025_18__LEGV2__CH_00246,35
UKPGA_2025_18__LEGV2__CH_00247,22
UKPGA_2025_18__LEGV2__CH_00248,50
UKPGA_2025_18__LEGV2__CH_00249,94
UKPGA_2025_18__LEGV2__CH_00250,70
UKPGA_2025_18__LEGV2__CH_00251,31
UKPGA_2025_18__LEGV2__CH_00252,46
UKPGA_2025_18__LEGV2__CH_00253,121
UKPGA_2025_18__LEGV2__CH_00254,31
UKPGA_2025_18__LEGV2__CH_00255,64
UKPGA_2025_18__LEGV2__CH_00256,48
UKPGA_2025_18__LEGV2__CH_00258,49
UKPGA_2025_18__LEGV2__CH_00259,49
UKPGA_2025_18__LEGV2__CH_00261,24
UKPGA_2025_18__LEGV2__CH_00264,254
UKPGA_2025_18__LEGV2__CH_00265,398
UKPGA_2025_18__LEGV2__CH_00266,239
UKPGA_2025_18__LEGV2__CH_00267,205
UKPGA_2025_18__LEGV2__CH_00269,258
UKPGA_2025_18__LEGV2__CH_00270,394
UKPGA_2025_18__LEGV2__CH_00271,493
UKPGA_2025_18__LEGV2__CH_00272,176
UKPGA_2025_18__LEGV2__CH_00273,645
UKPGA_2025_18__LEGV2__CH_00274,276
UKPGA_2025_18__LEGV2__CH_00276,397
UKPGA_2025_18__LEGV2__CH_00277,127
UKPGA_2025_18__LEGV2__CH_00278,230
UKPGA_2025_18__LEGV2__CH_00279,299
UKPGA_2025_18__LEGV2__CH_00280,225
UKPGA_2025_18__LEGV2__CH_00281,397
UKPGA_2025_18__LEGV2__CH_00282,495
UKPGA_2025_18__LEGV2__CH_00283,179
UKPGA_2025_18__LEGV2__CH_00284,646
UKPGA_2025_18__LEGV2__CH_00285,279
UKPGA_2025_18__LEGV2__CH_00287,395
UKPGA_2025_18__LEGV2__CH_00288,125
UKPGA_2025_18__LEGV2__CH_00289,258
UKPGA_2025_18__LEGV2__CH_00290,138
UKPGA_2025_18__LEGV2__CH_00291,595
UKPGA_2025_18__LEGV2__CH_00292,384
UKPGA_2025_18__LEGV2__CH_00293,42
UKPGA_2025_18__LEGV2__CH_00294,137
UKPGA_2025_18__LEGV2__CH_00295,203
UKPGA_2025_18__LEGV2__CH_00296,355
UKPGA_2025_18__LEGV2__CH_00297,502
UKPGA_2025_18__LEGV2__CH_00298,154
UKPGA_2025_18__LEGV2__CH_00299,512
UKPGA_2025_18__LEGV2__CH_00300,255
UKPGA_2025_18__LEGV2__CH_00302,388
UKPGA_2025_18__LEGV2__CH_00303,150
UKPGA_2025_18__LEGV2__CH_00304,352
UKPGA_2025_18__LEGV2__CH_00305,41
UKPGA_2025_18__LEGV2__CH_00306,31
UKPGA_2025_18__LEGV2__CH_00307,107
UKPGA_2025_18__LEGV2__CH_00309,184
UKPGA_2025_18__LEGV2__CH_00310,353
UKPGA_2025_18__LEGV2__CH_00311,500
UKPGA_2025_18__LEGV2__CH_00312,152
UKPGA_2025_18__LEGV2__CH_00313,510
UKPGA_2025_18__LEGV2__CH_00314,253
UKPGA_2025_18__LEGV2__CH_00316,386
UKPGA_2025_18__LEGV2__CH_00317,148
UKPGA_2025_18__LEGV2__CH_00318,1120
UKPGA_2025_18__LEGV2__CH_00319,340
UKPGA_2025_18__LEGV2__CH_00320,108
UKPGA_2025_18__LEGV2__CH_00321,402
UKPGA_2025_18__LEGV2__CH_00322,290
UKPGA_2025_18__LEGV2__CH_00324,152
UKPGA_2025_18__LEGV2__CH_00325,263
UKPGA_2025_18__LEGV2__CH_00326,78
UKPGA_2025_18__LEGV2__CH_00327,177
UKPGA_2025_18__LEGV2__CH_00328,84
UKPGA_2025_18__LEGV2__CH_00329,84
UKPGA_2025_18__LEGV2__CH_00330,94
UKPGA_2025_18__LEGV2__CH_00331,244
UKPGA_2025_18__LEGV2__CH_00332,36
UKPGA_2025_18__LEGV2__CH_00333,32
UKPGA_2025_18__LEGV2__CH_00336,65
UKPGA_2025_18__LEGV2__CH_00337,344
UKPGA_2025_18__LEGV2__CH_00338,254
UKPGA_2025_18__LEGV2__CH_00339,163
UKPGA_2025_18__LEGV2__CH_00340,289
UKPGA_2025_18__LEGV2__CH_00341,218
UKPGA_2025_18__LEGV2__CH_00342,183
UKPGA_2025_18__LEGV2__CH_00343,169
UKPGA_2025_18__LEGV2__CH_00344,79
UKPGA_2025_18__LEGV2__CH_00345,129
UKPGA_2025_18__LEGV2__CH_00346,309
UKPGA_2025_18__LEGV2__CH_00348,93
UKPGA_2025_18__LEGV2__CH_00349,49
UKPGA_2025_18__LEGV2__CH_00351,92
UKPGA_2025_18__LEGV2__CH_00352,147
UKPGA_2025_18__LEGV2__CH_00353,207
UKPGA_2025_18__LEGV2__CH_00354,92
UKPGA_2025_18__LEGV2__CH_00355,42
UKPGA_2025_18__LEGV2__CH_00356,51
UKPGA_2025_18__LEGV2__CH_00357,50
UKPGA_2025_18__LEGV2__CH_00361,90
UKPGA_2025_18__LEGV2__CH_00362,90
UKPGA_2025_18__LEGV2__CH_00363,37
UKPGA_2025_18__LEGV2__CH_00365,115
UKPGA_2025_18__LEGV2__CH_00366,60
UKPGA_2025_18__LEGV2__CH_00367,93
UKPGA_2025_18__LEGV2__CH_00368,87
UKPGA_2025_18__LEGV2__CH_00370,91
UKPGA_2025_18__LEGV2__CH_00371,29
UKPGA_2025_18__LEGV2__CH_00372,70
UKPGA_2025_18__LEGV2__CH_00373,28
UKPGA_2025_18__LEGV2__CH_00375,40
UKPGA_2025_18__LEGV2__CH_00376,89
UKPGA_2025_18__LEGV2__CH_00378,58
UKPGA_2025_18__LEGV2__CH_00379,219
UKPGA_2025_18__LEGV2__CH_00380,356
UKPGA_2025_18__LEGV2__CH_00381,338
UKPGA_2025_18__LEGV2__CH_00382,407
UKPGA_2025_18__LEGV2__CH_00383,264
UKPGA_2025_18__LEGV2__CH_00385,168
UKPGA_2025_18__LEGV2__CH_00386,331
UKPGA_2025_18__LEGV2__CH_00388,41
UKPGA_2025_18__LEGV2__CH_00389,344
UKPGA_2025_18__LEGV2__CH_00390,161
UKPGA_2025_18__LEGV2__CH_00391,239
UKPGA_2025_18__LEGV2__CH_00392,264
UKPGA_2025_18__LEGV2__CH_00393,96
UKPGA_2025_18__LEGV2__CH_00394,76
UKPGA_2025_18__LEGV2__CH_00395,76
UKPGA_2025_18__LEGV2__CH_00396,22
UKPGA_2025_18__LEGV2__CH_00397,93
UKPGA_2025_18__LEGV2__CH_00399,352
UKPGA_2025_18__LEGV2__CH_00400,181
UKPGA_2025_18__LEGV2__CH_00401,79
UKPGA_2025_18__LEGV2__CH_00402,102
UKPGA_2025_18__LEGV2__CH_00403,55
UKPGA_2025_18__LEGV2__CH_00404,46
UKPGA_2025_18__LEGV2__CH_00405,45
UKPGA_2025_18__LEGV2__CH_00408,131
UKPGA_2025_18__LEGV2__CH_00409,197
UKPGA_2025_18__LEGV2__CH_00410,168
UKPGA_2025_18__LEGV2__CH_00411,268
UKPGA_2025_18__LEGV2__CH_00412,134
UKPGA_2025_18__LEGV2__CH_00413,80
UKPGA_2025_18__LEGV2__CH_00414,94
UKPGA_2025_18__LEGV2__CH_00415,84
UKPGA_2025_18__LEGV2__CH_00416,72
UKPGA_2025_18__LEGV2__CH_00417,77
UKPGA_2025_18__LEGV2__CH_00418,48
UKPGA_2025_18__LEGV2__CH_00419,67
UKPGA_2025_18__LEGV2__CH_00420,53
UKPGA_2025_18__LEGV2__CH_00422,133
UKPGA_2025_18__LEGV2__CH_00425,159
UKPGA_2025_18__LEGV2__CH_00427,64
UKPGA_2025_18__LEGV2__CH_00429,55
UKPGA_2025_18__LEGV2__CH_00430,89
UKPGA_2025_18__LEGV2__CH_00431,208
UKPGA_2025_18__LEGV2__CH_00432,148
UKPGA_2025_18__LEGV2__CH_00433,152
UKPGA_2025_18__LEGV2__CH_00434,126
UKPGA_2025_18__LEGV2__CH_00436,118
UKPGA_2025_18__LEGV2__CH_00437,127
UKPGA_2025_18__LEGV2__CH_00438,184
UKPGA_2025_18__LEGV2__CH_00439,181
UKPGA_2025_18__LEGV2__CH_00440,125
UKPGA_2025_18__LEGV2__CH_00441,97
UKPGA_2025_18__LEGV2__CH_00442,153
UKPGA_2025_18__LEGV2__CH_00443,225
UKPGA_2025_18__LEGV2__CH_00444,84
UKPGA_2025_18__LEGV2__CH_00446,45
UKPGA_2025_18__LEGV2__CH_00447,98
UKPGA_2025_18__LEGV2__CH_00448,92
UKPGA_2025_18__LEGV2__CH_00449,125
UKPGA_2025_18__LEGV2__CH_00450,37
UKPGA_2025_18__LEGV2__CH_00451,289
UKPGA_2025_18__LEGV2__CH_00454,108
UKPGA_2025_18__LEGV2__CH_00455__M,143
UKPGA_2025_18__LEGV2__CH_00457,105
UKPGA_2025_18__LEGV2__CH_00458,83
UKPGA_2025_18__LEGV2__CH_00459,97
UKPGA_2025_18__LEGV2__CH_00460,77
UKPGA_2025_18__LEGV2__CH_00461,64
UKPGA_2025_18__LEGV2__CH_00462,85
UKPGA_2025_18__LEGV2__CH_00464,78
UKPGA_2025_18__LEGV2__CH_00468,99
UKPGA_2025_18__LEGV2__CH_00472,50
UKPGA_2025_18__LEGV2__CH_00473,84
UKPGA_2025_18__LEGV2__CH_00475,36
UKPGA_2025_18__LEGV2__CH_00476,50
UKPGA_2025_18__LEGV2__CH_00477,181
UKPGA_2025_18__LEGV2__CH_00478,61
UKPGA_2025_18__LEGV2__CH_00480,36
UKPGA_2025_18__LEGV2__CH_00482,99
UKPGA_2025_18__LEGV2__CH_00483,47
UKPGA_2025_18__LEGV2__CH_00486,91
UKPGA_2025_18__LEGV2__CH_00487,149
UKPGA_2025_18__LEGV2__CH_00488,139
UKPGA_2025_18__LEGV2__CH_00489,124
UKPGA_2025_18__LEGV2__CH_00490,174
UKPGA_2025_18__LEGV2__CH_00491,41
UKPGA_2025_18__LEGV2__CH_00497,96
UKPGA_2025_18__LEGV2__CH_00498,91
UKPGA_2025_18__LEGV2__CH_00499,106
UKPGA_2025_18__LEGV2__CH_00500,148
UKPGA_2025_18__LEGV2__CH_00501,41
UKPGA_2025_18__LEGV2__CH_00504,28
UKPGA_2025_18__LEGV2__CH_00505,144
UKPGA_2025_18__LEGV2__CH_00506,108
UKPGA_2025_18__LEGV2__CH_00510,324
UKPGA_2025_18__LEGV2__CH_00511,82
UKPGA_2025_18__LEGV2__CH_00512,596
UKPGA_2025_18__LEGV2__CH_00513,656
UKPGA_2025_18__LEGV2__CH_00514,594
UKPGA_2025_18__LEGV2__CH_00515,38
UKPGA_2025_18__LEGV2__CH_00517,51
UKPGA_2025_18__LEGV2__CH_00518,68
UKPGA_2025_18__LEGV2__CH_00519,69
UKPGA_2025_18__LEGV2__CH_00520,37
UKPGA_2025_18__LEGV2__CH_00521,65
UKPGA_2025_18__LEGV2__CH_00522,35
UKPGA_2025_18__LEGV2__CH_00523,41
UKPGA_2025_18__LEGV2__CH_00524,99
UKPGA_2025_18__LEGV2__CH_00525,23
UKPGA_2025_18__LEGV2__CH_00526,38
UKPGA_2025_18__LEGV2__CH_00527,70
UKPGA_2025_18__LEGV2__CH_00528,86
UKPGA_2025_18__LEGV2__CH_00529,34
UKPGA_2025_18__LEGV2__CH_00530,39
UKPGA_2025_18__LEGV2__CH_00531,133
UKPGA_2025_18__LEGV2__CH_00532,104
UKPGA_2025_18__LEGV2__CH_00533,24
UKPGA_2025_18__LEGV2__CH_00534,64
UKPGA_2025_18__LEGV2__CH_00535,55
UKPGA_2025_18__LEGV2__CH_00537,201
UKPGA_2025_18__LEGV2__CH_00538,266
UKPGA_2025_18__LEGV2__CH_00539,532
UKPGA_2025_18__LEGV2__CH_00540,455
UKPGA_2025_18__LEGV2__CH_00541,264
UKPGA_2025_18__LEGV2__CH_00542,188
UKPGA_2025_18__LEGV2__CH_00543,315
UKPGA_2025_18__LEGV2__CH_00545,107
UKPGA_2025_18__LEGV2__CH_00546,60
UKPGA_2025_18__LEGV2__CH_00547,153
UKPGA_2025_18__LEGV2__CH_00548,59
UKPGA_2025_18__LEGV2__CH_00549,153
UKPGA_2025_18__LEGV2__CH_00550,172
UKPGA_2025_18__LEGV2__CH_00551,48
UKPGA_2025_18__LEGV2__CH_00552,53
UKPGA_2025_18__LEGV2__CH_00554,67
UKPGA_2025_18__LEGV2__CH_00555,128
UKPGA_2025_18__LEGV2__CH_00556,149
UKPGA_2025_18__LEGV2__CH_00557,170
UKPGA_2025_18__LEGV2__CH_00558,284
UKPGA_2025_18__LEGV2__CH_00559,151
UKPGA_2025_18__LEGV2__CH_00560,230
UKPGA_2025_18__LEGV2__CH_00561,177
UKPGA_2025_18__LEGV2__CH_00562,128
UKPGA_2025_18__LEGV2__CH_00563,225
UKPGA_2025_18__LEGV2__CH_00564,136
UKPGA_2025_18__LEGV2__CH_00565,121
UKPGA_2025_18__LEGV2__CH_00566,163
UKPGA_2025_18__LEGV2__CH_00567,121
UKPGA_2025_18__LEGV2__CH_00568,120
UKPGA_2025_18__LEGV2__CH_00573,24
UKPGA_2025_18__LEGV2__CH_00574,569
UKPGA_2025_18__LEGV2__CH_00576,36
UKPGA_2025_18__LEGV2__CH_00577,387
UKPGA_2025_18__LEGV2__CH_00578,436
UKPGA_2025_18__LEGV2__CH_00579,470
UKPGA_2025_18__LEGV2__CH_00580,141
UKPGA_2025_18__LEGV2__CH_00581,174
UKPGA_2025_18__LEGV2__CH_00582,76
UKPGA_2025_18__LEGV2__CH_00583,459
UKPGA_2025_18__LEGV2__CH_00584,544
UKPGA_2025_18__LEGV2__CH_00585,71
UKPGA_2025_18__LEGV2__CH_00586,510
UKPGA_2025_18__LEGV2__CH_00587,391
UKPGA_2025_18__LEGV2__CH_00588,32
UKPGA_2025_18__LEGV2__CH_00589,34
UKPGA_2025_18__LEGV2__CH_00590,226
UKPGA_2025_18__LEGV2__CH_00591,25
UKPGA_2025_18__LEGV2__CH_00592,142
UKPGA_2025_18__LEGV2__CH_00593,193
UKPGA_2025_18__LEGV2__CH_00594,303
UKPGA_2025_18__LEGV2__CH_00597,258
UKPGA_2025_18__LEGV2__CH_00598,1816
UKPGA_2025_18__LEGV2__CH_00599,1000
UKPGA_2025_18__LEGV2__CH_00600,38
UKPGA_2025_18__LEGV2__CH_00601,200
UKPGA_2025_18__LEGV2__CH_00602,85
UKPGA_2025_18__LEGV2__CH_00603,77
UKPGA_2025_18__LEGV2__CH_00604,89
UKPGA_2025_18__LEGV2__CH_00605,94
UKPGA_2025_18__LEGV2__CH_00606,87
UKPGA_2025_18__LEGV2__CH_00607,91
UKPGA_2025_18__LEGV2__CH_00608,37
UKPGA_2025_18__LEGV2__CH_00609,34
UKPGA_2025_18__LEGV2__CH_00611,99
UKPGA_2025_18__LEGV2__CH_00612,30
UKPGA_2025_18__LEGV2__CH_00613,124
UKPGA_2025_18__LEGV2__CH_00614,59
UKPGA_2025_18__LEGV2__CH_00615,63
UKPGA_2025_18__LEGV2__CH_00617,93
UKPGA_2025_18__LEGV2__CH_00618,61
UKPGA_2025_18__LEGV2__CH_00619,164
UKPGA_2025_18__LEGV2__CH_00620,121
UKPGA_2025_18__LEGV2__CH_00621,63
UKPGA_2025_18__LEGV2__CH_00622,133
UKPGA_2025_18__LEGV2__CH_00623,37
UKPGA_2025_18__LEGV2__CH_00624,26
UKPGA_2025_18__LEGV2__CH_00627,144
UKPGA_2025_18__LEGV2__CH_00628,94
UKPGA_2025_18__LEGV2__CH_00629,35
UKPGA_2025_18__LEGV2__CH_00630,108
UKPGA_2025_18__LEGV2__CH_00631,61
UKPGA_2025_18__LEGV2__CH_00632,52
UKPGA_2025_18__LEGV2__CH_00633,113
UKPGA_2025_18__LEGV2__CH_00634,109
UKPGA_2025_18__LEGV2__CH_00635,148
UKPGA_2025_18__LEGV2__CH_00636,121
UKPGA_2025_18__LEGV2__CH_00637,85
UKPGA_2025_18__LEGV2__CH_00638,35
UKPGA_2025_18__LEGV2__CH_00639,32
UKPGA_2025_18__LEGV2__CH_00640,256
UKPGA_2025_18__LEGV2__CH_00641,157
UKPGA_2025_18__LEGV2__CH_00642,83
UKPGA_2025_18__LEGV2__CH_00643,118
UKPGA_2025_18__LEGV2__CH_00644,120
UKPGA_2025_18__LEGV2__CH_00645,50
UKPGA_2025_18__LEGV2__CH_00646,53
UKPGA_2025_18__LEGV2__CH_00647,108
UKPGA_2025_18__LEGV2__CH_00648,78
UKPGA_2025_18__LEGV2__CH_00649,449
UKPGA_2025_18__LEGV2__CH_00650,276
UKPGA_2025_18__LEGV2__CH_00651,423
UKPGA_2025_18__LEGV2__CH_00652,220
UKPGA_2025_18__LEGV2__CH_00653,273
UKPGA_2025_18__LEGV2__CH_00654,320
UKPGA_2025_18__LEGV2__CH_00655,70
UKPGA_2025_18__LEGV2__CH_00656,485
UKPGA_2025_18__LEGV2__CH_00657,721
UKPGA_2025_18__LEGV2__CH_00658,103
UKPGA_2025_18__LEGV2__CH_00660,81
UKPGA_2025_18__LEGV2__CH_00661,73
UKPGA_2025_18__LEGV2__CH_00662,50
UKPGA_2025_18__LEGV2__CH_00663,113
UKPGA_2025_18__LEGV2__CH_00664,38
UKPGA_2025_18__LEGV2__CH_00665,46
UKPGA_2025_18__LEGV2__CH_00666,57
UKPGA_2025_18__LEGV2__CH_00667,94
UKPGA_2025_18__LEGV2__CH_00668,104
UKPGA_2025_18__LEGV2__CH_00669,56
UKPGA_2025_18__LEGV2__CH_00670,68
UKPGA_2025_18__LEGV2__CH_00671,92
UKPGA_2025_18__LEGV2__CH_00672,91
UKPGA_2025_18__LEGV2__CH_00673,33
UKPGA_2025_18__LEGV2__CH_00674,46
UKPGA_2025_18__LEGV2__CH_00675,41
UKPGA_2025_18__LEGV2__CH_00676,57
UKPGA_2025_18__LEGV2__CH_00677,43
UKPGA_2025_18__LEGV2__CH_00678,34
UKPGA_2025_18__LEGV2__CH_00679,37
UKPGA_2025_18__LEGV2__CH_00682,36
UKPGA_2025_18__LEGV2__CH_00683,79
UKPGA_2025_18__LEGV2__CH_00684,56
UKPGA_2025_18__LEGV2__CH_00685,149
UKPGA_2025_18__LEGV2__CH_00686,46
UKPGA_2025_18__LEGV2__CH_00687,40
UKPGA_2025_18__LEGV2__CH_00688,94
UKPGA_2025_18__LEGV2__CH_00689,81
UKPGA_2025_18__LEGV2__CH_00690,92
UKPGA_2025_18__LEGV2__CH_00691,71
UKPGA_2025_18__LEGV2__CH_00692,76
UKPGA_2025_18__LEGV2__CH_00693,43
UKPGA_2025_18__LEGV2__CH_00694,76
UKPGA_2025_18__LEGV2__CH_00695,90
UKPGA_2025_18__LEGV2__CH_00696,286
UKPGA_2025_18__LEGV2__CH_00697,170
UKPGA_2025_18__LEGV2__CH_00698,143
UKPGA_2025_18__LEGV2__CH_00699,32
UKPGA_2025_18__LEGV2__CH_00700,326
UKPGA_2025_18__LEGV2__CH_00701,455
UKPGA_2025_18__LEGV2__CH_00702,152
UKPGA_2025_18__LEGV2__CH_00703,738
UKPGA_2025_18__LEGV2__CH_00704,378
UKPGA_2025_18__LEGV2__CH_00705,108
UKPGA_2025_18__LEGV2__CH_00709,127
UKPGA_2025_18__LEGV2__CH_00710,106
UKPGA_2025_18__LEGV2__CH_00711,161
UKPGA_2025_18__LEGV2__CH_00712,341
UKPGA_2025_18__LEGV2__CH_00713,82
UKPGA_2025_18__LEGV2__CH_00714,390
UKPGA_2025_18__LEGV2__CH_00716,218
UKPGA_2025_18__LEGV2__CH_00723,150
UKPGA_2025_18__LEGV2__CH_00724,187
UKPGA_2025_18__LEGV2__CH_00726,284
UKPGA_2025_18__LEGV2__CH_00727,64
UKPGA_2025_18__LEGV2__CH_00728,172
UKPGA_2025_18__LEGV2__CH_00729,119
UKPGA_2025_18__LEGV2__CH_00730,137
UKPGA_2025_18__LEGV2__CH_00731,231
UKPGA_2025_18__LEGV2__CH_00732,73
UKPGA_2025_18__LEGV2__CH_00733,31
UKPGA_2025_18__LEGV2__CH_00734,107
UKPGA_2025_18__LEGV2__CH_00735,32
UKPGA_2025_18__LEGV2__CH_00737,50
UKPGA_2025_18__LEGV2__CH_00739,31
UKPGA_2025_18__LEGV2__CH_00741,59
UKPGA_2025_18__LEGV2__CH_00742,64
UKPGA_2025_18__LEGV2__CH_00743,143
UKPGA_2025_18__LEGV2__CH_00744,302
UKPGA_2025_18__LEGV2__CH_00745,72
UKPGA_2025_18__LEGV2__CH_00747,216
UKPGA_2025_18__LEGV2__CH_00748,42
UKPGA_2025_18__LEGV2__CH_00749,62
UKPGA_2025_18__LEGV2__CH_00751,220
UKPGA_2025_18__LEGV2__CH_00752,62
UKPGA_2025_18__LEGV2__CH_00753,63
UKPGA_2025_18__LEGV2__CH_00754,49
UKPGA_2025_18__LEGV2__CH_00756,46
UKPGA_2025_18__LEGV2__CH_00757,74
UKPGA_2025_18__LEGV2__CH_00758,63
UKPGA_2025_18__LEGV2__CH_00761,47
UKPGA_2025_18__LEGV2__CH_00762,179
UKPGA_2025_18__LEGV2__CH_00763,110
UKPGA_2025_18__LEGV2__CH_00764,40
UKPGA_2025_18__LEGV2__CH_00766,27
UKPGA_2025_18__LEGV2__CH_00768,156
UKPGA_2025_18__LEGV2__CH_00770,315
UKPGA_2025_18__LEGV2__CH_00771,520
UKPGA_2025_18__LEGV2__CH_00772,338
UKPGA_2025_18__LEGV2__CH_00773,735
UKPGA_2025_18__LEGV2__CH_00774,342
UKPGA_2025_18__LEGV2__CH_00775,372
UKPGA_2025_18__LEGV2__CH_00776,168
UKPGA_2025_18__LEGV2__CH_00778,62
UKPGA_2025_18__LEGV2__CH_00779,53
UKPGA_2025_18__LEGV2__CH_00780,89
UKPGA_2025_18__LEGV2__CH_00781,70
UKPGA_2025_18__LEGV2__CH_00782,150
UKPGA_2025_18__LEGV2__CH_00783,45
UKPGA_2025_18__LEGV2__CH_00785,53
UKPGA_2025_18__LEGV2__CH_00786,49
UKPGA_2025_18__LEGV2__CH_00787,47
UKPGA_2025_18__LEGV2__CH_00788,183
UKPGA_2025_18__LEGV2__CH_00790,102
UKPGA_2025_18__LEGV2__CH_00791,179
UKPGA_2025_18__LEGV2__CH_00792,138
UKPGA_2025_18__LEGV2__CH_00793,125
UKPGA_2025_18__LEGV2__CH_00798,61
UKPGA_2025_18__LEGV2__CH_00799,73
UKPGA_2025_18__LEGV2__CH_00800,83
UKPGA_2025_18__LEGV2__CH_00801,60
UKPGA_2025_18__LEGV2__CH_00802,106
UKPGA_2025_18__LEGV2__CH_00806,94
UKPGA_2025_18__LEGV2__CH_00807,48
UKPGA_2025_18__LEGV2__CH_00808,39
UKPGA_2025_18__LEGV2__CH_00809,130
UKPGA_2025_18__LEGV2__CH_00810,127
UKPGA_2025_18__LEGV2__CH_00811,62
UKPGA_2025_18__LEGV2__CH_00812,24
UKPGA_2025_18__LEGV2__CH_00815,69
UKPGA_2025_18__LEGV2__CH_00816,109
UKPGA_2025_18__LEGV2__CH_00817,57
UKPGA_2025_18__LEGV2__CH_00818,47
UKPGA_2025_18__LEGV2__CH_00820,27
UKPGA_2025_18__LEGV2__CH_00821,26
UKPGA_2025_18__LEGV2__CH_00822,29
UKPGA_2025_18__LEGV2__CH_00823,34
UKPGA_2025_18__LEGV2__CH_00825,48
UKPGA_2025_18__LEGV2__CH_00826,116
UKPGA_2025_18__LEGV2__CH_00827,66
UKPGA_2025_18__LEGV2__CH_00828,50
UKPGA_2025_18__LEGV2__CH_00830,49
UKPGA_2025_18__LEGV2__CH_00831,45
UKPGA_2025_18__LEGV2__CH_00832,81
UKPGA_2025_18__LEGV2__CH_00833,105
UKPGA_2025_18__LEGV2__CH_00836,75
UKPGA_2025_18__LEGV2__CH_00837,76
UKPGA_2025_18__LEGV2__CH_00838,79
UKPGA_2025_18__LEGV2__CH_00841,34
UKPGA_2025_18__LEGV2__CH_00843,40
UKPGA_2025_18__LEGV2__CH_00844,57
UKPGA_2025_18__LEGV2__CH_00845,42
UKPGA_2025_18__LEGV2__CH_00846,27
UKPGA_2025_18__LEGV2__CH_00852,49
UKPGA_2025_18__LEGV2__CH_00854,70
UKPGA_2025_18__LEGV2__CH_00855,62
UKPGA_2025_18__LEGV2__CH_00857,61
UKPGA_2025_18__LEGV2__CH_00858,34
UKPGA_2025_18__LEGV2__CH_00859,30
UKPGA_2025_18__LEGV2__CH_00862,30
UKPGA_2025_18__LEGV2__CH_00863,30
UKPGA_2025_18__LEGV2__CH_00864,79
UKPGA_2025_18__LEGV2__CH_00866,26
UKPGA_2025_18__LEGV2__CH_00867,48
UKPGA_2025_18__LEGV2__CH_00869,38
UKPGA_2025_18__LEGV2__CH_00870,832
UKPGA_2025_18__LEGV2__CH_00871,90
UKPGA_2025_18__LEGV2__CH_00872,295
UKPGA_2025_18__LEGV2__CH_00873,88
UKPGA_2025_18__LEGV2__CH_00874,384
UKPGA_2025_18__LEGV2__CH_00875,94
UKPGA_2025_18__LEGV2__CH_00876,97
UKPGA_2025_18__LEGV2__CH_00877,89
UKPGA_2025_18__LEGV2__CH_00878,351
UKPGA_2025_18__LEGV2__CH_00880,68
UKPGA_2025_18__LEGV2__CH_00881,91
UKPGA_2025_18__LEGV2__CH_00882,93
UKPGA_2025_18__LEGV2__CH_00883,84
UKPGA_2025_18__LEGV2__CH_00884,70
UKPGA_2025_18__LEGV2__CH_00885,89
UKPGA_2025_18__LEGV2__CH_00887,38
UKPGA_2025_18__LEGV2__CH_00888,142
UKPGA_2025_18__LEGV2__CH_00889,142
UKPGA_2025_18__LEGV2__CH_00890,62
UKPGA_2025_18__LEGV2__CH_00891,149
UKPGA_2025_18__LEGV2__CH_00892,32
UKPGA_2025_18__LEGV2__CH_00893,32
UKPGA_2025_18__LEGV2__CH_00894,105
UKPGA_2025_18__LEGV2__CH_00895,33
UKPGA_2025_18__LEGV2__CH_00896,60
UKPGA_2025_18__LEGV2__CH_00897,27
UKPGA_2025_18__LEGV2__CH_00898,52
UKPGA_2025_18__LEGV2__CH_00899,123
UKPGA_2025_18__LEGV2__CH_00901,96
UKPGA_2025_18__LEGV2__CH_00902,103
UKPGA_2025_18__LEGV2__CH_00903,99
UKPGA_2025_18__LEGV2__CH_00904,27
UKPGA_2025_18__LEGV2__CH_00906,31
UKPGA_2025_18__LEGV2__CH_00907,30
UKPGA_2025_18__LEGV2__CH_00908,27
UKPGA_2025_18__LEGV2__CH_00909,29
UKPGA_2025_18__LEGV2__CH_00910,75
UKPGA_2025_18__LEGV2__CH_00911,41
UKPGA_2025_18__LEGV2__CH_00912,32
UKPGA_2025_18__LEGV2__CH_00913,80
UKPGA_2025_18__LEGV2__CH_00914,79
UKPGA_2025_18__LEGV2__CH_00916,30
UKPGA_2025_18__LEGV2__CH_00918,62
UKPGA_2025_18__LEGV2__CH_00921,26
UKPGA_2025_18__LEGV2__CH_00922,28
UKPGA_2025_18__LEGV2__CH_00923,222
UKPGA_2025_18__LEGV2__CH_00924,70
UKPGA_2025_18__LEGV2__CH_00925,80
UKPGA_2025_18__LEGV2__CH_00926,28
UKPGA_2025_18__LEGV2__CH_00927,85
UKPGA_2025_18__LEGV2__CH_00928,58
UKPGA_2025_18__LEGV2__CH_00929,276
UKPGA_2025_18__LEGV2__CH_00930,334
UKPGA_2025_18__LEGV2__CH_00931,253
UKPGA_2025_18__LEGV2__CH_00932,122
UKPGA_2025_18__LEGV2__CH_00933,455
UKPGA_2025_18__LEGV2__CH_00934,71
UKPGA_2025_18__LEGV2__CH_00935,449
UKPGA_2025_18__LEGV2__CH_00936,138
UKPGA_2025_18__LEGV2__CH_00938,535
UKPGA_2025_18__LEGV2__CH_00939,87
UKPGA_2025_18__LEGV2__CH_00940,55
UKPGA_2025_18__LEGV2__CH_00941,186
UKPGA_2025_18__LEGV2__CH_00942,144
UKPGA_2025_18__LEGV2__CH_00943,139
UKPGA_2025_18__LEGV2__CH_00944,46
UKPGA_2025_18__LEGV2__CH_00946,431
UKPGA_2025_18__LEGV2__CH_00947,558
UKPGA_2025_18__LEGV2__CH_00948,72
UKPGA_2025_18__LEGV2__CH_00949,169
UKPGA_2025_18__LEGV2__CH_00950,62
UKPGA_2025_18__LEGV2__CH_00951,33
UKPGA_2025_18__LEGV2__CH_00954,65
UKPGA_2025_18__LEGV2__CH_00956,72
UKPGA_2025_18__LEGV2__CH_00957,91
UKPGA_2025_18__LEGV2__CH_00958,39
UKPGA_2025_18__LEGV2__CH_00959,41
UKPGA_2025_18__LEGV2__CH_00960,109
UKPGA_2025_18__LEGV2__CH_00962,76
UKPGA_2025_18__LEGV2__CH_00963,85
UKPGA_2025_18__LEGV2__CH_00964,255
UKPGA_2025_18__LEGV2__CH_00965,75
UKPGA_2025_18__LEGV2__CH_00966,75
UKPGA_2025_18__LEGV2__CH_00967,219
UKPGA_2025_18__LEGV2__CH_00968,260
UKPGA_2025_18__LEGV2__CH_00969,79
UKPGA_2025_18__LEGV2__CH_00970,298
UKPGA_2025_18__LEGV2__CH_00971,198
UKPGA_2025_18__LEGV2__CH_00972,159
UKPGA_2025_18__LEGV2__CH_00973,184
UKPGA_2025_18__LEGV2__CH_00974,118
UKPGA_2025_18__LEGV2__CH_00975,195
UKPGA_2025_18__LEGV2__CH_00976,37
UKPGA_2025_18__LEGV2__CH_00977,119
UKPGA_2025_18__LEGV2__CH_00978,88
UKPGA_2025_18__LEGV2__CH_00979,401
UKPGA_2025_18__LEGV2__CH_00980,150
UKPGA_2025_18__LEGV2__CH_00982,76
UKPGA_2025_18__LEGV2__CH_00983,195
UKPGA_2025_18__LEGV2__CH_00984,103
UKPGA_2025_18__LEGV2__CH_00986,209
UKPGA_2025_18__LEGV2__CH_00987,86
UKPGA_2025_18__LEGV2__CH_00988,80
UKPGA_2025_18__LEGV2__CH_00989,82
UKPGA_2025_18__LEGV2__CH_00990,251
UKPGA_2025_18__LEGV2__CH_00993,210
UKPGA_2025_18__LEGV2__CH_00994,254
UKPGA_2025_18__LEGV2__CH_00996,286
UKPGA_2025_18__LEGV2__CH_00999,175
UKPGA_2025_18__LEGV2__CH_01000,115
UKPGA_2025_18__LEGV2__CH_01001,189
UKPGA_2025_18__LEGV2__CH_01003,115
UKPGA_2025_18__LEGV2__CH_01004,83
UKPGA_2025_18__LEGV2__CH_01005,710
UKPGA_2025_18__LEGV2__CH_01006,149
UKPGA_2025_18__LEGV2__CH_01014,148
UKPGA_2025_18__LEGV2__CH_01015,82
UKPGA_2025_18__LEGV2__CH_01016,91
UKPGA_2025_18__LEGV2__CH_01017,33
UKPGA_2025_18__LEGV2__CH_01019,443
UKPGA_2025_18__LEGV2__CH_01020,153
UKPGA_2025_18__LEGV2__CH_01021,140
UKPGA_2025_18__LEGV2__CH_01022,101
UKPGA_2025_18__LEGV2__CH_01026,265
UKPGA_2025_18__LEGV2__CH_01027,236
UKPGA_2025_18__LEGV2__CH_01028,244
UKPGA_2025_18__LEGV2__CH_01029,266
UKPGA_2025_18__LEGV2__CH_01030,233
UKPGA_2025_18__LEGV2__CH_01031,440
UKPGA_2025_18__LEGV2__CH_01032,530
UKPGA_2025_18__LEGV2__CH_01033,209
UKPGA_2025_18__LEGV2__CH_01034,77
UKPGA_2025_18__LEGV2__CH_01035,95
UKPGA_2025_18__LEGV2__CH_01036,138
UKPGA_2025_18__LEGV2__CH_01037,34
UKPGA_2025_36__LEGV2__CH_00002,87
UKPGA_2025_36__LEGV2__CH_00003,32
UKPGA_2025_36__LEGV2__CH_00004,318
UKPGA_2025_36__LEGV2__CH_00005,39
UKPGA_2025_36__LEGV2__CH_00006,105
UKPGA_2025_36__LEGV2__CH_00007,36
UKPGA_2025_36__LEGV2__CH_00009,82
UKPGA_2025_36__LEGV2__CH_00010,212
UKPGA_2025_36__LEGV2__CH_00011,123
UKPGA_2025_36__LEGV2__CH_00012,151
UKPGA_2025_36__LEGV2__CH_00013,34
UKPGA_2025_36__LEGV2__CH_00014,59
UKPGA_2025_36__LEGV2__CH_00015,40
UKPGA_2025_36__LEGV2__CH_00016,86
UKPGA_2025_36__LEGV2__CH_00018,145
UKPGA_2025_36__LEGV2__CH_00019,48
UKPGA_2025_36__LEGV2__CH_00020,109
UKPGA_2025_36__LEGV2__CH_00021,103
UKPGA_2025_36__LEGV2__CH_00022,80
UKPGA_2025_36__LEGV2__CH_00023,146
UKPGA_2025_36__LEGV2__CH_00024,132
UKPGA_2025_36__LEGV2__CH_00025,168
UKPGA_2025_36__LEGV2__CH_00026,230
UKPGA_2025_36__LEGV2__CH_00027,86
UKPGA_2025_36__LEGV2__CH_00028,50
UKPGA_2025_36__LEGV2__CH_00029,26
UKPGA_2025_36__LEGV2__CH_00030,35
UKPGA_2025_36__LEGV2__CH_00031,174
UKPGA_2025_36__LEGV2__CH_00032,194
UKPGA_2025_36__LEGV2__CH_00033,74
UKPGA_2025_36__LEGV2__CH_00034,39
UKPGA_2025_36__LEGV2__CH_00035,86
UKPGA_2025_36__LEGV2__CH_00036,81
UKPGA_2025_36__LEGV2__CH_00037,127
UKPGA_2025_36__LEGV2__CH_00038,213
UKPGA_2025_36__LEGV2__CH_00039,92
UKPGA_2025_36__LEGV2__CH_00040,56
UKPGA_2025_36__LEGV2__CH_00041,66
UKPGA_2025_36__LEGV2__CH_00042,130
UKPGA_2025_36__LEGV2__CH_00043,86
UKPGA_2025_36__LEGV2__CH_00044,51
UKPGA_2025_36__LEGV2__CH_00045,230
UKPGA_2025_36__LEGV2__CH_00046,118
UKPGA_2025_36__LEGV2__CH_00047,81
UKPGA_2025_36__LEGV2__CH_00048,47
UKPGA_2025_36__LEGV2__CH_00049,70
UKPGA_2025_36__LEGV2__CH_00050,103
UKPGA_2025_36__LEGV2__CH_00051,208
UKPGA_2025_36__LEGV2__CH_00052,134
UKPGA_2025_36__LEGV2__CH_00053,99
UKPGA_2025_36__LEGV2__CH_00054,119
UKPGA_2025_36__LEGV2__CH_00055,50
UKPGA_2025_36__LEGV2__CH_00056,64
UKPGA_2025_36__LEGV2__CH_00058,72
UKPGA_2025_36__LEGV2__CH_00059,90
UKPGA_2025_36__LEGV2__CH_00060,107
UKPGA_2025_36__LEGV2__CH_00061,95
UKPGA_2025_36__LEGV2__CH_00062,88
UKPGA_2025_36__LEGV2__CH_00063,135
UKPGA_2025_36__LEGV2__CH_00064__M,210
UKPGA_2025_36__LEGV2__CH_00066,127
UKPGA_2025_36__LEGV2__CH_00067,181
UKPGA_2025_36__LEGV2__CH_00068,150
UKPGA_2025_36__LEGV2__CH_00069,100
UKPGA_2025_36__LEGV2__CH_00070,106
UKPGA_2025_36__LEGV2__CH_00071,50
UKPGA_2025_36__LEGV2__CH_00072,53
UKPGA_2025_36__LEGV2__CH_00073,555
UKPGA_2025_36__LEGV2__CH_00074,424
UKPGA_2025_36__LEGV2__CH_00075,64
UKPGA_2025_36__LEGV2__CH_00085,152
UKPGA_2025_36__LEGV2__CH_00091,133
UKPGA_2025_36__LEGV2__CH_00104,159
UKPGA_2025_36__LEGV2__CH_00105,186
UKPGA_2025_36__LEGV2__CH_00106,75
UKPGA_2025_36__LEGV2__CH_00107,40
UKPGA_2025_36__LEGV2__CH_00114,67
UKPGA_2025_36__LEGV2__CH_00120,244
UKPGA_2025_36__LEGV2__CH_00135,138
UKPGA_2025_36__LEGV2__CH_00136,211
UKPGA_2025_36__LEGV2__CH_00137,128
UKPGA_2025_36__LEGV2__CH_00138,182
UKPGA_2025_36__LEGV2__CH_00139,151
UKPGA_2025_36__LEGV2__CH_00140,101
UKPGA_2025_36__LEGV2__CH_00141,107
UKPGA_2025_36__LEGV2__CH_00142,51
UKPGA_2025_36__LEGV2__CH_00143,55
UKPGA_2025_36__LEGV2__CH_00144,53
UKPGA_2025_36__LEGV2__CH_00145,47
UKPGA_2025_36__LEGV2__CH_00146,52
UKPGA_2025_36__LEGV2__CH_00147,68
UKPGA_2025_36__LEGV2__CH_00148,63
UKPGA_2025_36__LEGV2__CH_00149,54
UKPGA_2025_36__LEGV2__CH_00150,54
UKPGA_2025_36__LEGV2__CH_00151,54
UKPGA_2025_36__LEGV2__CH_00152,61
UKPGA_2025_36__LEGV2__CH_00153,38
UKPGA_2025_36__LEGV2__CH_00154,53
UKPGA_2025_36__LEGV2__CH_00155,68
UKPGA_2025_36__LEGV2__CH_00156,58
UKPGA_2025_36__LEGV2__CH_00157,87
UKPGA_2025_36__LEGV2__CH_00158,157
UKPGA_2025_36__LEGV2__CH_00159,150
UKPGA_2025_36__LEGV2__CH_00160,147
UKPGA_2025_36__LEGV2__CH_00161,80
UKPGA_2025_36__LEGV2__CH_00162,56
UKPGA_2025_36__LEGV2__CH_00163,94
UKPGA_2025_36__LEGV2__CH_00164,203
UKPGA_2025_36__LEGV2__CH_00165,78
UKPGA_2025_36__LEGV2__CH_00166,32
UKPGA_2025_36__LEGV2__CH_00167,93
UKPGA_2025_36__LEGV2__CH_00168,85
UKPGA_2025_36__LEGV2__CH_00169,196
UKPGA_2025_36__LEGV2__CH_00170,22
UKPGA_2025_36__LEGV2__CH_00171,76
UKPGA_2025_36__LEGV2__CH_00172,79
UKPGA_2025_36__LEGV2__CH_00173,47
UKPGA_2025_36__LEGV2__CH_00174,76
UKPGA_2025_36__LEGV2__CH_00175,62
UKPGA_2025_36__LEGV2__CH_00176,48
UKPGA_2025_36__LEGV2__CH_00177,120
UKPGA_2025_36__LEGV2__CH_00179,40
UKPGA_2025_36__LEGV2__CH_00180,53
UKPGA_2025_36__LEGV2__CH_00181,190
UKPGA_2025_36__LEGV2__CH_00182,57
UKPGA_2025_36__LEGV2__CH_00183,34
UKPGA_2025_36__LEGV2__CH_00184,53
UKPGA_2025_36__LEGV2__CH_00185,73
UKPGA_2025_36__LEGV2__CH_00193,47
UKPGA_2025_36__LEGV2__CH_00197,120
UKPGA_2025_36__LEGV2__CH_00205,73
UKPGA_2025_36__LEGV2__CH_00207,111
UKPGA_2025_36__LEGV2__CH_00208,130
UKPGA_2025_36__LEGV2__CH_00209,141
UKPGA_2025_36__LEGV2__CH_00210,181
UKPGA_2025_36__LEGV2__CH_00211,27
UKPGA_2025_36__LEGV2__CH_00212,285
UKPGA_2025_36__LEGV2__CH_00213,42
UKPGA_2025_36__LEGV2__CH_00214,78
UKPGA_2025_36__LEGV2__CH_00215,145
UKPGA_2025_36__LEGV2__CH_00216,71
UKPGA_2025_36__LEGV2__CH_00217,67
UKPGA_2025_36__LEGV2__CH_00218,343
UKPGA_2025_36__LEGV2__CH_00219,41
UKPGA_2025_36__LEGV2__CH_00220,94
UKPGA_2025_36__LEGV2__CH_00221,22
UKPGA_2025_36__LEGV2__CH_00222,158
UKPGA_2025_36__LEGV2__CH_00223,91
UKPGA_2025_36__LEGV2__CH_00224,110
UKPGA_2025_36__LEGV2__CH_00225,36
UKPGA_2025_36__LEGV2__CH_00226,56
UKPGA_2025_36__LEGV2__CH_00227,121
UKPGA_2025_36__LEGV2__CH_00228,43
UKPGA_2025_36__LEGV2__CH_00229,58
UKPGA_2025_36__LEGV2__CH_00230,51
UKPGA_2025_36__LEGV2__CH_00231,50
UKPGA_2025_36__LEGV2__CH_00232,286
UKPGA_2025_36__LEGV2__CH_00233,128
UKPGA_2025_36__LEGV2__CH_00234,60
UKPGA_2025_36__LEGV2__CH_00235,63
UKPGA_2025_36__LEGV2__CH_00236,50
UKPGA_2025_36__LEGV2__CH_00237,60
UKPGA_2025_36__LEGV2__CH_00238,37
UKPGA_2025_36__LEGV2__CH_00239,67
UKPGA_2025_36__LEGV2__CH_00240,79
UKPGA_2025_36__LEGV2__CH_00241,60
UKPGA_2025_36__LEGV2__CH_00242,54
UKPGA_2025_36__LEGV2__CH_00243,109
UKPGA_2025_36__LEGV2__CH_00246,181
UKPGA_2025_36__LEGV2__CH_00254,340
UKPGA_2025_36__LEGV2__CH_00256,94
UKPGA_2025_36__LEGV2__CH_00258,156
UKPGA_2025_36__LEGV2__CH_00259,91
UKPGA_2025_36__LEGV2__CH_00260,110
UKPGA_2025_36__LEGV2__CH_00261,36
UKPGA_2025_36__LEGV2__CH_00263,121
UKPGA_2025_36__LEGV2__CH_00265,56
UKPGA_2025_36__LEGV2__CH_00269,398
UKPGA_2025_36__LEGV2__CH_00270,262
UKPGA_2025_36__LEGV2__CH_00271,542
UKPGA_2025_36__LEGV2__CH_00272,56
UKPGA_2025_36__LEGV2__CH_00274,53
UKPGA_2025_36__LEGV2__CH_00275,108
UKPGA_2025_36__LEGV2__CH_00276,50
UKPGA_2025_36__LEGV2__CH_00277,74
UKPGA_2025_36__LEGV2__CH_00278,139
UKPGA_2025_36__LEGV2__CH_00279,47
UKPGA_2025_36__LEGV2__CH_00280,124
UKPGA_2025_36__LEGV2__CH_00281,80
UKPGA_2025_36__LEGV2__CH_00282,128
UKPGA_2025_36__LEGV2__CH_00283,89
UKPGA_2025_36__LEGV2__CH_00284,44
UKPGA_2025_36__LEGV2__CH_00285,88
UKPGA_2025_36__LEGV2__CH_00286,113
UKPGA_2025_36__LEGV2__CH_00287,286
UKPGA_2025_36__LEGV2__CH_00288,154
UKPGA_2025_36__LEGV2__CH_00289,163
UKPGA_2025_36__LEGV2__CH_00290,24
UKPGA_2025_36__LEGV2__CH_00291,91
UKPGA_2025_36__LEGV2__CH_00292,63
UKPGA_2025_36__LEGV2__CH_00293,36
UKPGA_2025_36__LEGV2__CH_00294,61
UKPGA_2025_36__LEGV2__CH_00295,127
UKPGA_2025_36__LEGV2__CH_00296,81
UKPGA_2025_36__LEGV2__CH_00297,129
UKPGA_2025_36__LEGV2__CH_00298,90
UKPGA_2025_36__LEGV2__CH_00299,45
UKPGA_2025_36__LEGV2__CH_00300,89
UKPGA_2025_36__LEGV2__CH_00301,114
UKPGA_2025_36__LEGV2__CH_00302,609
UKPGA_2025_36__LEGV2__CH_00303,28
UKPGA_2025_36__LEGV2__CH_00304,92
UKPGA_2025_36__LEGV2__CH_00305,68
UKPGA_2025_36__LEGV2__CH_00306,37
UKPGA_2025_36__LEGV2__CH_00307,296
UKPGA_2025_36__LEGV2__CH_00308,61
UKPGA_2025_36__LEGV2__CH_00309,29
UKPGA_2025_36__LEGV2__CH_00310,38
UKPGA_2025_36__LEGV2__CH_00313,276
UKPGA_2025_36__LEGV2__CH_00314,445
UKPGA_2025_36__LEGV2__CH_00315,223
UKPGA_2025_36__LEGV2__CH_00316,134
UKPGA_2025_36__LEGV2__CH_00317,229
UKPGA_2025_36__LEGV2__CH_00318,139
UKPGA_2025_36__LEGV2__CH_00319,392
UKPGA_2025_36__LEGV2__CH_00320,42
UKPGA_2025_36__LEGV2__CH_00321,103
UKPGA_2025_36__LEGV2__CH_00322,192
UKPGA_2025_36__LEGV2__CH_00323,1265
UKPGA_2025_36__LEGV2__CH_00324,253
UKPGA_2025_36__LEGV2__CH_00325,42
UKPGA_2025_36__LEGV2__CH_00326,148
UKPGA_2025_36__LEGV2__CH_00327,264
UKPGA_2025_36__LEGV2__CH_00328,133
UKPGA_2025_36__LEGV2__CH_00329,808
UKPGA_2025_36__LEGV2__CH_00330,141
UKPGA_2025_36__LEGV2__CH_00331,418
UKPGA_2025_36__LEGV2__CH_00332,231
UKPGA_2025_36__LEGV2__CH_00333,306
UKPGA_2025_36__LEGV2__CH_00334,641
UKPGA_2025_36__LEGV2__CH_00335,328
UKPGA_2025_36__LEGV2__CH_00336,179
UKPGA_2025_36__LEGV2__CH_00337,341
UKPGA_2025_36__LEGV2__CH_00338,559
UKPGA_2025_36__LEGV2__CH_00339,38
UKPGA_2025_36__LEGV2__CH_00340,321
UKPGA_2025_36__LEGV2__CH_00341,88
UKPGA_2025_36__LEGV2__CH_00342,287
UKPGA_2025_36__LEGV2__CH_00343,28
UKPGA_2025_36__LEGV2__CH_00344,151
UKPGA_2025_36__LEGV2__CH_00345,175
UKPGA_2025_36__LEGV2__CH_00346,76
UKPGA_2025_36__LEGV2__CH_00347,239
UKPGA_2025_36__LEGV2__CH_00348,582
UKPGA_2025_36__LEGV2__CH_00349,37
UKPGA_2025_36__LEGV2__CH_00351,76
UKPGA_2025_36__LEGV2__CH_00352,48
UKPGA_2025_36__LEGV2__CH_00353,82
UKPGA_2025_36__LEGV2__CH_00354,85
UKPGA_2025_36__LEGV2__CH_00355,61
UKPGA_2025_36__LEGV2__CH_00356,114
UKPGA_2025_36__LEGV2__CH_00357,243
UKPGA_2025_36__LEGV2__CH_00358,144
UKPGA_2025_36__LEGV2__CH_00359,29
UKPGA_2025_36__LEGV2__CH_00360,155
UKPGA_2025_36__LEGV2__CH_00362,77
UKPGA_2025_36__LEGV2__CH_00363,264
UKPGA_2025_36__LEGV2__CH_00366,68
UKPGA_2025_36__LEGV2__CH_00367,73
UKPGA_2025_36__LEGV2__CH_00369,105
UKPGA_2025_36__LEGV2__CH_00370,211
UKPGA_2025_36__LEGV2__CH_00371,62
UKPGA_2025_36__LEGV2__CH_00372,90
UKPGA_2025_36__LEGV2__CH_00382,106
UKPGA_2025_36__LEGV2__CH_00383,179
UKPGA_2025_36__LEGV2__CH_00384,121
UKPGA_2025_36__LEGV2__CH_00385,170
UKPGA_2025_36__LEGV2__CH_00386,56
UKPGA_2025_36__LEGV2__CH_00387,144
UKPGA_2025_36__LEGV2__CH_00388,103
UKPGA_2025_36__LEGV2__CH_00389,48
UKPGA_2025_36__LEGV2__CH_00390,93
UKPGA_2025_36__LEGV2__CH_00392,78
UKPGA_2025_36__LEGV2__CH_00393,132
UKPGA_2025_36__LEGV2__CH_00394,387
UKPGA_2025_36__LEGV2__CH_00395,109
UKPGA_2025_36__LEGV2__CH_00396,608
UKPGA_2025_36__LEGV2__CH_00399,43
UKPGA_2025_36__LEGV2__CH_00400,50
UKPGA_2025_36__LEGV2__CH_00401,83
UKPGA_2025_36__LEGV2__CH_00402,93
UKPGA_2025_36__LEGV2__CH_00403,86
UKPGA_2025_36__LEGV2__CH_00404,182
UKPGA_2025_36__LEGV2__CH_00405__M,110
UKPGA_2025_36__LEGV2__CH_00407,33
UKPGA_2025_36__LEGV2__CH_00408,112
UKPGA_2025_36__LEGV2__CH_00409,94
UKPGA_2025_36__LEGV2__CH_00410,169
UKPGA_2025_36__LEGV2__CH_00411,103
UKPGA_2025_36__LEGV2__CH_00412,72
UKPGA_2025_36__LEGV2__CH_00413,34
UKPGA_2025_36__LEGV2__CH_00415,127
UKPGA_2025_36__LEGV2__CH_00416,33
UKPGA_2025_36__LEGV2__CH_00417,79
UKPGA_2025_36__LEGV2__CH_00418,39
UKPGA_2025_36__LEGV2__CH_00419,29
UKPGA_2025_36__LEGV2__CH_00420,117
UKPGA_2025_36__LEGV2__CH_00421,60
UKPGA_2025_36__LEGV2__CH_00422,33
UKPGA_2025_36__LEGV2__CH_00423,65
UKPGA_2025_36__LEGV2__CH_00424,166
UKPGA_2025_36__LEGV2__CH_00425,59
UKPGA_2025_36__LEGV2__CH_00426,47
UKPGA_2025_36__LEGV2__CH_00427,32
UKPGA_2025_36__LEGV2__CH_00446,87
UKPGA_2025_36__LEGV2__CH_00447,62
UKPGA_2025_36__LEGV2__CH_00448,36
UKPGA_2025_36__LEGV2__CH_00449,31
UKPGA_2025_36__LEGV2__CH_00450,85
UKPGA_2025_36__LEGV2__CH_00451,28
UKPGA_2025_36__LEGV2__CH_00452,36
UKPGA_2025_36__LEGV2__CH_00453,28
UKPGA_2025_36__LEGV2__CH_00454,64
UKPGA_2025_36__LEGV2__CH_00455,44
UKPGA_2025_36__LEGV2__CH_00456,63
UKPGA_2025_36__LEGV2__CH_00465,82
UKPGA_2025_36__LEGV2__CH_00466,34
UKPGA_2025_36__LEGV2__CH_00467,84
UKPGA_2025_36__LEGV2__CH_00468,93
UKPGA_2025_36__LEGV2__CH_00470,104
UKPGA_2025_36__LEGV2__CH_00471,33
UKPGA_2025_36__LEGV2__CH_00472,28
UKPGA_2025_36__LEGV2__CH_00473,85
UKPGA_2025_36__LEGV2__CH_00474,73
UKPGA_2025_36__LEGV2__CH_00476,78
UKPGA_2025_36__LEGV2__CH_00477,58
UKPGA_2025_36__LEGV2__CH_00478,119
UKPGA_2025_36__LEGV2__CH_00479,121
UKPGA_2025_36__LEGV2__CH_00480,43
UKPGA_2025_36__LEGV2__CH_00481,111
UKPGA_2025_36__LEGV2__CH_00484,270
UKPGA_2025_36__LEGV2__CH_00485,455
UKPGA_2025_36__LEGV2__CH_00486,188
UKPGA_2025_36__LEGV2__CH_00487,156
UKPGA_2025_36__LEGV2__CH_00488,306
UKPGA_2025_36__LEGV2__CH_00489,353
UKPGA_2025_36__LEGV2__CH_00490,109
UKPGA_2025_36__LEGV2__CH_00491,58
UKPGA_2025_36__LEGV2__CH_00492,255
UKPGA_2025_36__LEGV2__CH_00493,368
UKPGA_2025_36__LEGV2__CH_00494,337
UKPGA_2025_36__LEGV2__CH_00495,55
UKPGA_2025_36__LEGV2__CH_00496,100
UKPGA_2025_36__LEGV2__CH_00497,63
UKPGA_2025_36__LEGV2__CH_00499,152
UKPGA_2025_36__LEGV2__CH_00500,96
UKPGA_2025_36__LEGV2__CH_00501,142
UKPGA_2025_36__LEGV2__CH_00502,106
UKPGA_2025_36__LEGV2__CH_00503,28
UKPGA_2025_36__LEGV2__CH_00505,37
UKPGA_2025_36__LEGV2__CH_00506,33
UKPGA_2025_36__LEGV2__CH_00507,22
UKPGA_2025_36__LEGV2__CH_00508,34
UKPGA_2025_36__LEGV2__CH_00509,99
UKPGA_2025_36__LEGV2__CH_00510,404
UKPGA_2025_36__LEGV2__CH_00511,42
UKPGA_2025_36__LEGV2__CH_00513,33
UKPGA_2025_36__LEGV2__CH_00514,247
UKPGA_2025_36__LEGV2__CH_00515,872
UKPGA_2025_36__LEGV2__CH_00516,364
UKPGA_2025_36__LEGV2__CH_00517,262
UKPGA_2025_36__LEGV2__CH_00518,27
UKPGA_2025_36__LEGV2__CH_00519,47
UKPGA_2025_36__LEGV2__CH_00520,44
UKPGA_2025_36__LEGV2__CH_00522,104
UKPGA_2025_36__LEGV2__CH_00523,29
UKPGA_2025_36__LEGV2__CH_00525,29
UKPGA_2025_36__LEGV2__CH_00527,84
UKPGA_2025_36__LEGV2__CH_00530,32
UKPGA_2025_36__LEGV2__CH_00531,47
UKPGA_2025_36__LEGV2__CH_00537,30
UKPGA_2025_36__LEGV2__CH_00538,57
UKPGA_2025_36__LEGV2__CH_00539,42
UKPGA_2025_36__LEGV2__CH_00540,37
UKPGA_2025_36__LEGV2__CH_00541,42
UKPGA_2025_36__LEGV2__CH_00542,47
UKPGA_2025_36__LEGV2__CH_00543,64
UKPGA_2025_36__LEGV2__CH_00544,110
UKPGA_2025_36__LEGV2__CH_00546__M,124
UKPGA_2025_36__LEGV2__CH_00548,94
UKPGA_2025_36__LEGV2__CH_00549,58
UKPGA_2025_36__LEGV2__CH_00550,58
UKPGA_2025_36__LEGV2__CH_00551,83
UKPGA_2025_36__LEGV2__CH_00552,27
UKPGA_2025_36__LEGV2__CH_00554,29
UKPGA_2025_36__LEGV2__CH_00555,185
UKPGA_2025_36__LEGV2__CH_00556,75
UKPGA_2025_36__LEGV2__CH_00557,72
UKPGA_2025_36__LEGV2__CH_00558,133
UKPGA_2025_36__LEGV2__CH_00559,32
UKPGA_2025_36__LEGV2__CH_00562,26
UKPGA_2025_36__LEGV2__CH_00563,28
UKPGA_2025_36__LEGV2__CH_00564,66
UKPGA_2025_36__LEGV2__CH_00565,72
UKPGA_2025_36__LEGV2__CH_00566,38
UKPGA_2025_36__LEGV2__CH_00567,95
UKPGA_2025_36__LEGV2__CH_00568,31
UKPGA_2025_36__LEGV2__CH_00569,38
UKPGA_2025_36__LEGV2__CH_00570,38
UKPGA_2025_36__LEGV2__CH_00571,25
UKPGA_2025_36__LEGV2__CH_00572,32
UKPGA_2025_36__LEGV2__CH_00573,129
UKPGA_2025_36__LEGV2__CH_00574,26
UKPGA_2025_36__LEGV2__CH_00575,32
UKPGA_2025_36__LEGV2__CH_00576,74
UKPGA_2025_36__LEGV2__CH_00577,35
UKPGA_2025_36__LEGV2__CH_00579,55
UKPGA_2025_36__LEGV2__CH_00580,25
UKPGA_2025_36__LEGV2__CH_00581,22
UKPGA_2025_36__LEGV2__CH_00583,41
UKPGA_2025_36__LEGV2__CH_00584,75
UKPGA_2025_36__LEGV2__CH_00585,236
UKPGA_2025_36__LEGV2__CH_00586,34
UKPGA_2025_36__LEGV2__CH_00587,74
UKPGA_2025_36__LEGV2__CH_00588,34
UKPGA_2025_36__LEGV2__CH_00589,26
UKPGA_2025_36__LEGV2__CH_00590,79
UKPGA_2025_36__LEGV2__CH_00591,42
UKPGA_2025_36__LEGV2__CH_00592,105
UKPGA_2025_36__LEGV2__CH_00593,104
UKPGA_2025_36__LEGV2__CH_00594,70
UKPGA_2025_36__LEGV2__CH_00595,65
UKPGA_2025_36__LEGV2__CH_00596,39
UKPGA_2025_36__LEGV2__CH_00597,52
UKPGA_2025_36__LEGV2__CH_00598,25
UKPGA_2025_36__LEGV2__CH_00599,36
UKPGA_2025_36__LEGV2__CH_00600,89
UKPGA_2025_36__LEGV2__CH_00601,69
UKPGA_2025_36__LEGV2__CH_00602,77
UKPGA_2025_36__LEGV2__CH_00603,59
UKPGA_2025_36__LEGV2__CH_00604,84
UKPGA_2025_36__LEGV2__CH_00605,35
UKPGA_2025_36__LEGV2__CH_00606,21
UKPGA_2025_36__LEGV2__CH_00607,65
UKPGA_2025_36__LEGV2__CH_00608,75
UKPGA_2025_36__LEGV2__CH_00609,141
UKPGA_2025_36__LEGV2__CH_00610,44
UKPGA_2025_36__LEGV2__CH_00611,57
UKPGA_2025_36__LEGV2__CH_00613,102
UKPGA_2025_36__LEGV2__CH_00614,97
UKPGA_2025_36__LEGV2__CH_00615,27
UKPGA_2025_36__LEGV2__CH_00617,97
UKPGA_2025_36__LEGV2__CH_00620,33
UKPGA_2025_36__LEGV2__CH_00621,44
UKPGA_2025_36__LEGV2__CH_00626__M,62
UKPGA_2025_36__LEGV2__CH_00628,54
UKPGA_2025_36__LEGV2__CH_00629,37
UKPGA_2025_36__LEGV2__CH_00630,38
UKPGA_2025_36__LEGV2__CH_00631,37
UKPGA_2025_36__LEGV2__CH_00632,48
UKPGA_2025_36__LEGV2__CH_00633,67
UKPGA_2025_36__LEGV2__CH_00634,108
UKPGA_2025_36__LEGV2__CH_00636,91
UKPGA_2025_36__LEGV2__CH_00637,124
UKPGA_2025_36__LEGV2__CH_00638,110
UKPGA_2025_36__LEGV2__CH_00639,78
UKPGA_2025_36__LEGV2__CH_00640,24
UKPGA_2025_36__LEGV2__CH_00642,33
UKPGA_2025_36__LEGV2__CH_00643,176
UKPGA_2025_36__LEGV2__CH_00644,70
UKPGA_2025_36__LEGV2__CH_00645,69
UKPGA_2025_36__LEGV2__CH_00646,118
UKPGA_2025_36__LEGV2__CH_00647,33
UKPGA_2025_36__LEGV2__CH_00648,93
UKPGA_2025_36__LEGV2__CH_00649,63
UKPGA_2025_36__LEGV2__CH_00650,71
UKPGA_2025_36__LEGV2__CH_00651,39
UKPGA_2025_36__LEGV2__CH_00652,90
UKPGA_2025_36__LEGV2__CH_00653,32
UKPGA_2025_36__LEGV2__CH_00654,39
UKPGA_2025_36__LEGV2__CH_00655,35
UKPGA_2025_36__LEGV2__CH_00656,26
UKPGA_2025_36__LEGV2__CH_00657,159
UKPGA_2025_36__LEGV2__CH_00658,60
UKPGA_2025_36__LEGV2__CH_00659,71
UKPGA_2025_36__LEGV2__CH_00660,36
UKPGA_2025_36__LEGV2__CH_00661,35
UKPGA_2025_36__LEGV2__CH_00662,56
UKPGA_2025_36__LEGV2__CH_00663,26
UKPGA_2025_36__LEGV2__CH_00664,23
UKPGA_2025_36__LEGV2__CH_00665,46
UKPGA_2025_36__LEGV2__CH_00666,76
UKPGA_2025_36__LEGV2__CH_00667,237
UKPGA_2025_36__LEGV2__CH_00668,35
UKPGA_2025_36__LEGV2__CH_00669,63
UKPGA_2025_36__LEGV2__CH_00670,35
UKPGA_2025_36__LEGV2__CH_00671,27
UKPGA_2025_36__LEGV2__CH_00672,80
UKPGA_2025_36__LEGV2__CH_00673,43
UKPGA_2025_36__LEGV2__CH_00674,97
UKPGA_2025_36__LEGV2__CH_00675,105
UKPGA_2025_36__LEGV2__CH_00676,71
UKPGA_2025_36__LEGV2__CH_00677,53
UKPGA_2025_36__LEGV2__CH_00678,40
UKPGA_2025_36__LEGV2__CH_00679,53
UKPGA_2025_36__LEGV2__CH_00680,26
UKPGA_2025_36__LEGV2__CH_00681,31
UKPGA_2025_36__LEGV2__CH_00682,61
UKPGA_2025_36__LEGV2__CH_00694,70
UKPGA_2025_36__LEGV2__CH_00695,612
UKPGA_2025_36__LEGV2__CH_00696,488
UKPGA_2025_36__LEGV2__CH_00697,111
UKPGA_2025_36__LEGV2__CH_00698,560
UKPGA_2025_36__LEGV2__CH_00699,29
UKPGA_2025_36__LEGV2__CH_00700,250
UKPGA_2025_36__LEGV2__CH_00701,199
UKPGA_2025_36__LEGV2__CH_00702,188
UKPGA_2025_36__LEGV2__CH_00703,117
UKPGA_2025_36__LEGV2__CH_00704,318
UKPGA_2025_36__LEGV2__CH_00705,79
UKPGA_2025_36__LEGV2__CH_00706,135
UKPGA_2025_36__LEGV2__CH_00707,56
UKPGA_2025_36__LEGV2__CH_00708,29
UKPGA_2025_36__LEGV2__CH_00709,62
UKPGA_2025_36__LEGV2__CH_00710,72
UKPGA_2025_36__LEGV2__CH_00713,63
UKPGA_2025_36__LEGV2__CH_00714,29
UKPGA_2025_36__LEGV2__CH_00715,79
UKPGA_2025_36__LEGV2__CH_00716,44
UKPGA_2025_36__LEGV2__CH_00717,25
UKPGA_2025_36__LEGV2__CH_00718,139
UKPGA_2025_36__LEGV2__CH_00719,72
UKPGA_2025_36__LEGV2__CH_00720,43
UKPGA_2025_36__LEGV2__CH_00721,25
UKPGA_2025_36__LEGV2__CH_00722,65
UKPGA_2025_36__LEGV2__CH_00723,28
UKPGA_2025_36__LEGV2__CH_00724,76
UKPGA_2025_36__LEGV2__CH_00725,129
UKPGA_2025_36__LEGV2__CH_00726,27
UKPGA_2025_36__LEGV2__CH_00727,93
UKPGA_2025_36__LEGV2__CH_00728,25
UKPGA_2025_36__LEGV2__CH_00730,111
UKPGA_2025_36__LEGV2__CH_00731,59
UKPGA_2025_36__LEGV2__CH_00732,51
UKPGA_2025_36__LEGV2__CH_00733,26
UKPGA_2025_36__LEGV2__CH_00734,37
UKPGA_2025_36__LEGV2__CH_00735,44
UKPGA_2025_36__LEGV2__CH_00736,27
UKPGA_2025_36__LEGV2__CH_00737,123
UKPGA_2025_36__LEGV2__CH_00738,111
UKPGA_2025_36__LEGV2__CH_00739,56
UKPGA_2025_36__LEGV2__CH_00740,95
UKPGA_2025_36__LEGV2__CH_00741,36
UKPGA_2025_36__LEGV2__CH_00742,36
UKPGA_2025_36__LEGV2__CH_00743,287
UKPGA_2025_36__LEGV2__CH_00744,244
UKPGA_2025_36__LEGV2__CH_00745,536
UKPGA_2025_36__LEGV2__CH_00746,66
UKPGA_2025_36__LEGV2__CH_00747,236
UKPGA_2025_36__LEGV2__CH_00748,217
UKPGA_2025_36__LEGV2__CH_00749,268
UKPGA_2025_36__LEGV2__CH_00750,779
UKPGA_2025_36__LEGV2__CH_00751,113
UKPGA_2025_36__LEGV2__CH_00752,102
UKPGA_2025_36__LEGV2__CH_00753,210
UKPGA_2025_36__LEGV2__CH_00754,69
UKPGA_2025_36__LEGV2__CH_00755,242
UKPGA_2025_36__LEGV2__CH_00756,110
UKPGA_2025_36__LEGV2__CH_00758,281
UKPGA_2025_36__LEGV2__CH_00759,207
UKPGA_2025_36__LEGV2__CH_00760,287
UKPGA_2025_36__LEGV2__CH_00761,338
UKPGA_2025_36__LEGV2__CH_00762,306
UKPGA_2025_36__LEGV2__CH_00763,222
UKPGA_2025_36__LEGV2__CH_00764,303
UKPGA_2025_36__LEGV2__CH_00765,322
UKPGA_2025_36__LEGV2__CH_00766,333
UKPGA_2025_36__LEGV2__CH_00767,143
UKPGA_2025_36__LEGV2__CH_00768,120
UKPGA_2025_36__LEGV2__CH_00771,109
UKPGA_2025_36__LEGV2__CH_00772,167
UKPGA_2025_36__LEGV2__CH_00773,45
UKPGA_2025_36__LEGV2__CH_00774,100
UKPGA_2025_36__LEGV2__CH_00775,55
UKPGA_2025_36__LEGV2__CH_00776,48
UKPGA_2025_36__LEGV2__CH_00777,150
UKPGA_2025_36__LEGV2__CH_00778,44
UKPGA_2025_36__LEGV2__CH_00780,136
UKPGA_2025_36__LEGV2__CH_00781,64
UKPGA_2025_36__LEGV2__CH_00782,32
UKPGA_2025_36__LEGV2__CH_00783,66
UKPGA_2025_36__LEGV2__CH_00784,39
UKPGA_2025_36__LEGV2__CH_00785,62
UKPGA_2025_36__LEGV2__CH_00786,60
UKPGA_2025_36__LEGV2__CH_00787,77
UKPGA_2025_36__LEGV2__CH_00788,89
UKPGA_2025_36__LEGV2__CH_00789,34
UKPGA_2025_36__LEGV2__CH_00790,55
UKPGA_2025_36__LEGV2__CH_00791,47
UKPGA_2025_36__LEGV2__CH_00793,36
UKPGA_2025_36__LEGV2__CH_00794,33
UKPGA_2025_36__LEGV2__CH_00795,23
UKPGA_2025_36__LEGV2__CH_00796,64
UKPGA_2025_36__LEGV2__CH_00798,25
UKPGA_2025_36__LEGV2__CH_00799,28
UKPGA_2025_36__LEGV2__CH_00800,55
UKPGA_2025_36__LEGV2__CH_00802,30
UKPGA_2025_36__LEGV2__CH_00803,139
UKPGA_2025_36__LEGV2__CH_00804,38
UKPGA_2025_36__LEGV2__CH_00805,26
UKPGA_2025_36__LEGV2__CH_00806,44
UKPGA_2025_36__LEGV2__CH_00807,49
UKPGA_2025_36__LEGV2__CH_00808,43
UKPGA_2025_36__LEGV2__CH_00809,31
UKPGA_2025_36__LEGV2__CH_00810,74
UKPGA_2025_36__LEGV2__CH_00812,33
UKPGA_2025_36__LEGV2__CH_00814,52
UKPGA_2025_36__LEGV2__CH_00815,91
UKPGA_2025_36__LEGV2__CH_00816,25
UKPGA_2025_36__LEGV2__CH_00817,71
UKPGA_2025_36__LEGV2__CH_00818,41
UKPGA_2025_36__LEGV2__CH_00819,38
UKPGA_2025_36__LEGV2__CH_00820,144
UKPGA_2025_36__LEGV2__CH_00821,43
UKPGA_2025_36__LEGV2__CH_00822,49
UKPGA_2025_36__LEGV2__CH_00823,65
UKPGA_2025_36__LEGV2__CH_00824,28
UKPGA_2025_36__LEGV2__CH_00825,160
UKPGA_2025_36__LEGV2__CH_00826,192
UKPGA_2025_36__LEGV2__CH_00827,90
UKPGA_2025_36__LEGV2__CH_00829,76
UKPGA_2025_36__LEGV2__CH_00830,101
UKPGA_2025_36__LEGV2__CH_00831,71
UKPGA_2025_36__LEGV2__CH_00832,89
UKPGA_2025_36__LEGV2__CH_00833,44
UKPGA_2025_36__LEGV2__CH_00834,39
UKPGA_2025_36__LEGV2__CH_00835,81
UKPGA_2025_36__LEGV2__CH_00836,21
UKPGA_2025_36__LEGV2__CH_00837,71
UKPGA_2025_36__LEGV2__CH_00838,41
UKPGA_2025_36__LEGV2__CH_00840,33
UKPGA_2025_36__LEGV2__CH_00841,31
UKPGA_2025_36__LEGV2__CH_00842,126
UKPGA_2025_36__LEGV2__CH_00843,129
UKPGA_2025_36__LEGV2__CH_00844,41
UKPGA_2025_36__LEGV2__CH_00845,58
UKPGA_2025_36__LEGV2__CH_00846,40
UKPGA_2025_36__LEGV2__CH_00847,88
UKPGA_2025_36__LEGV2__CH_00848,28
UKPGA_2025_36__LEGV2__CH_00849,91
UKPGA_2025_36__LEGV2__CH_00850,92
UKPGA_2025_36__LEGV2__CH_00851,96
UKPGA_2025_36__LEGV2__CH_00852,147
UKPGA_2025_36__LEGV2__CH_00854,88
UKPGA_2025_36__LEGV2__CH_00855,75
UKPGA_2025_36__LEGV2__CH_00856,93
UKPGA_2025_36__LEGV2__CH_00857,69
UKPGA_2025_36__LEGV2__CH_00858,42
UKPGA_2025_36__LEGV2__CH_00859,56
UKPGA_2025_36__LEGV2__CH_00860,39
UKPGA_2025_36__LEGV2__CH_00861,35
UKPGA_2025_36__LEGV2__CH_00862,25
UKPGA_2025_36__LEGV2__CH_00863,126
UKPGA_2025_36__LEGV2__CH_00864,38
UKPGA_2025_36__LEGV2__CH_00865,39
UKPGA_2025_36__LEGV2__CH_00866,75
UKPGA_2025_36__LEGV2__CH_00867,53
UKPGA_2025_36__LEGV2__CH_00868,67
UKPGA_2025_36__LEGV2__CH_00869,71
UKPGA_2025_36__LEGV2__CH_00870,46
UKPGA_2025_36__LEGV2__CH_00871,51
UKPGA_2025_36__LEGV2__CH_00873,35
UKPGA_2025_36__LEGV2__CH_00874,74
UKPGA_2025_36__LEGV2__CH_00875,61
UKPGA_2025_36__LEGV2__CH_00876,62
UKPGA_2025_36__LEGV2__CH_00877,111
UKPGA_2025_36__LEGV2__CH_00878,32
UKPGA_2025_36__LEGV2__CH_00880,62
UKPGA_2025_36__LEGV2__CH_00881,45
UKPGA_2025_36__LEGV2__CH_00882,33
UKPGA_2025_36__LEGV2__CH_00883,37
UKPGA_2025_36__LEGV2__CH_00884,44
UKPGA_2025_36__LEGV2__CH_00888,50
UKPGA_2025_36__LEGV2__CH_00889,59
UKPGA_2025_36__LEGV2__CH_00890,64
UKPGA_2025_36__LEGV2__CH_00891,61
UKPGA_2025_36__LEGV2__CH_00892,169
UKPGA_2025_36__LEGV2__CH_00893,64
UKPGA_2025_36__LEGV2__CH_00894,40
UKPGA_2025_36__LEGV2__CH_00895,101
UKPGA_2025_36__LEGV2__CH_00896,78
UKPGA_2025_36__LEGV2__CH_00897,69
UKPGA_2025_36__LEGV2__CH_00898,69
UKPGA_2025_36__LEGV2__CH_00899,108
UKPGA_2025_36__LEGV2__CH_00900,116
UKPGA_2025_36__LEGV2__CH_00901,47
UKPGA_2025_36__LEGV2__CH_00902,63
UKPGA_2025_36__LEGV2__CH_00903,28
UKPGA_2025_36__LEGV2__CH_00904,28
UKPGA_2025_36__LEGV2__CH_00905,56
UKPGA_2025_36__LEGV2__CH_00906,43
UKPGA_2025_36__LEGV2__CH_00907,107
UKPGA_2025_36__LEGV2__CH_00910,36
UKPGA_2025_36__LEGV2__CH_00911,31
UKPGA_2025_36__LEGV2__CH_00914,19
UKPGA_2025_36__LEGV2__CH_00915,80
UKPGA_2025_36__LEGV2__CH_00916,25
UKPGA_2025_36__LEGV2__CH_00917,30
UKPGA_2025_36__LEGV2__CH_00918,67
UKPGA_2025_36__LEGV2__CH_00919,90
UKPGA_2025_36__LEGV2__CH_00920,37
UKPGA_2025_36__LEGV2__CH_00921,94
UKPGA_2025_36__LEGV2__CH_00922,60
UKPGA_2025_36__LEGV2__CH_00923,37
UKPGA_2025_36__LEGV2__CH_00924,34
UKPGA_2025_36__LEGV2__CH_00925,53
UKPGA_2025_36__LEGV2__CH_00926,26
UKPGA_2025_36__LEGV2__CH_00927,176
UKPGA_2025_36__LEGV2__CH_00928,122
UKPGA_2025_36__LEGV2__CH_00929,272
UKPGA_2025_36__LEGV2__CH_00930,435
UKPGA_2025_36__LEGV2__CH_00931,359
UKPGA_2025_36__LEGV2__CH_00932,190
UKPGA_2025_36__LEGV2__CH_00933,316
UKPGA_2025_36__LEGV2__CH_00934,416
UKPGA_2025_36__LEGV2__CH_00935,190
UKPGA_2025_36__LEGV2__CH_00936,278
UKPGA_2025_36__LEGV2__CH_00937,302
UKPGA_2025_36__LEGV2__CH_00938,68
UKPGA_2025_36__LEGV2__CH_00939,56
UKPGA_2025_36__LEGV2__CH_00940,133
UKPGA_2025_36__LEGV2__CH_00941,69
UKPGA_2025_36__LEGV2__CH_00942,26
UKPGA_2025_36__LEGV2__CH_00943,46
UKPGA_2025_36__LEGV2__CH_00944,78
UKPGA_2025_36__LEGV2__CH_00945,67
UKPGA_2025_36__LEGV2__CH_00946,61
UKPGA_2025_36__LEGV2__CH_00947,122
UKPGA_2025_36__LEGV2__CH_00949,87
UKPGA_2025_36__LEGV2__CH_00950,51
UKPGA_2025_36__LEGV2__CH_00951,55
UKPGA_2025_36__LEGV2__CH_00952,96
UKPGA_2025_36__LEGV2__CH_00953,38
UKPGA_2025_36__LEGV2__CH_00954,168
UKPGA_2025_36__LEGV2__CH_00955,32
UKPGA_2025_36__LEGV2__CH_00956,81
UKPGA_2025_36__LEGV2__CH_00958,51
UKPGA_2025_36__LEGV2__CH_00959,33
UKPGA_2025_36__LEGV2__CH_00960,41
UKPGA_2025_36__LEGV2__CH_00961,36
UKPGA_2025_36__LEGV2__CH_00962,168
UKPGA_2025_36__LEGV2__CH_00963,32
UKPGA_2025_36__LEGV2__CH_00964,89
UKPGA_2025_36__LEGV2__CH_00965,49
UKPGA_2025_36__LEGV2__CH_00966,42
UKPGA_2025_36__LEGV2__CH_00967,26
UKPGA_2025_36__LEGV2__CH_00968,57
UKPGA_2025_36__LEGV2__CH_00969,32
UKPGA_2025_36__LEGV2__CH_00970,63
UKPGA_2025_36__LEGV2__CH_00971,55
UKPGA_2025_36__LEGV2__CH_00972,37
UKPGA_2025_36__LEGV2__CH_00973,34
UKPGA_2025_36__LEGV2__CH_00974,70
UKPGA_2025_36__LEGV2__CH_00978,98
UKPGA_2025_36__LEGV2__CH_00979,65
UKPGA_2025_36__LEGV2__CH_00980,823
UKPGA_2025_36__LEGV2__CH_00981,596
UKPGA_2025_36__LEGV2__CH_00982,55
UKPGA_2025_36__LEGV2__CH_00983,50
UKPGA_2025_36__LEGV2__CH_00984,405
UKPGA_2025_36__LEGV2__CH_00985,46
UKPGA_2025_36__LEGV2__CH_00986,114
UKPGA_2025_36__LEGV2__CH_00987,174
UKPGA_2025_36__LEGV2__CH_00988,108
UKPGA_2025_36__LEGV2__CH_00989,486
UKPGA_2025_36__LEGV2__CH_00990,68
UKPGA_2025_36__LEGV2__CH_00991,239
UKPGA_2025_36__LEGV2__CH_00992,649
UKPGA_2025_36__LEGV2__CH_00996,69
UKPGA_2025_36__LEGV2__CH_00997,39
UKPGA_2025_36__LEGV2__CH_00998,104
UKPGA_2025_36__LEGV2__CH_00999,52
UKPGA_2025_36__LEGV2__CH_01000,137
UKPGA_2025_36__LEGV2__CH_01001,49
UKPGA_2025_36__LEGV2__CH_01002,124
UKPGA_2025_36__LEGV2__CH_01003,49
UKPGA_2025_36__LEGV2__CH_01004,42
UKPGA_2025_36__LEGV2__CH_01005,88
UKPGA_2025_36__LEGV2__CH_01006,26
UKPGA_2025_36__LEGV2__CH_01007,97
UKPGA_2025_36__LEGV2__CH_01008,54
UKPGA_2025_36__LEGV2__CH_01009,111
UKPGA_2025_36__LEGV2__CH_01010,109
UKPGA_2025_36__LEGV2__CH_01011,83
UKPGA_2025_36__LEGV2__CH_01012,150
UKPGA_2025_36__LEGV2__CH_01013,252
UKPGA_2025_36__LEGV2__CH_01014,99
UKPGA_2025_36__LEGV2__CH_01015,82
UKPGA_2025_36__LEGV2__CH_01016,82
UKPGA_2025_36__LEGV2__CH_01019,35
UKPGA_2025_36__LEGV2__CH_01020,62
UKPGA_2025_36__LEGV2__CH_01021,63
UKPGA_2025_36__LEGV2__CH_01022,98
UKPGA_2025_36__LEGV2__CH_01023,116
UKPGA_2025_36__LEGV2__CH_01024,112
UKPGA_2025_36__LEGV2__CH_01025,103
UKPGA_2025_36__LEGV2__CH_01026,40
UKPGA_2025_36__LEGV2__CH_01027,155
UKPGA_2025_36__LEGV2__CH_01028,45
UKPGA_2025_36__LEGV2__CH_01029,83
UKPGA_2025_36__LEGV2__CH_01030,56
UKPGA_2025_36__LEGV2__CH_01031,173
UKPGA_2025_36__LEGV2__CH_01032,81
UKPGA_2025_36__LEGV2__CH_01033,41
UKPGA_2025_36__LEGV2__CH_01034,46
UKPGA_2025_36__LEGV2__CH_01035,64
UKPGA_2025_36__LEGV2__CH_01036,59
UKPGA_2025_36__LEGV2__CH_01037,209
UKPGA_2025_36__LEGV2__CH_01038,92
UKPGA_2025_36__LEGV2__CH_01039,166
UKPGA_2025_36__LEGV2__CH_01040,56
UKPGA_2025_36__LEGV2__CH_01041,76
UKPGA_2025_36__LEGV2__CH_01042,72
UKPGA_2025_36__LEGV2__CH_01043,138
UKPGA_2025_36__LEGV2__CH_01044,92
UKPGA_2025_36__LEGV2__CH_01045,54
UKPGA_2025_36__LEGV2__CH_01046,275
UKPGA_2025_36__LEGV2__CH_01047,74
UKPGA_2025_36__LEGV2__CH_01048,67
UKPGA_2025_36__LEGV2__CH_01049,57
UKPGA_2025_36__LEGV2__CH_01050,145
UKPGA_2025_36__LEGV2__CH_01051,54
UKPGA_2025_36__LEGV2__CH_01052,71
UKPGA_2025_36__LEGV2__CH_01054,76
UKPGA_2025_36__LEGV2__CH_01055,159
UKPGA_2025_36__LEGV2__CH_01056,135
UKPGA_2025_36__LEGV2__CH_01057,143
UKPGA_2025_36__LEGV2__CH_01058,94
UKPGA_2025_36__LEGV2__CH_01059,124
UKPGA_2025_36__LEGV2__CH_01060,200
UKPGA_2025_36__LEGV2__CH_01061,77
UKPGA_2025_36__LEGV2__CH_01062,262
UKPGA_2025_36__LEGV2__CH_01063,218
UKPGA_2025_36__LEGV2__CH_01064,99
UKPGA_2025_36__LEGV2__CH_01065,106
UKPGA_2025_36__LEGV2__CH_01066,54
UKPGA_2025_36__LEGV2__CH_01067,270
UKPGA_2025_36__LEGV2__CH_01068,248
UKPGA_2025_36__LEGV2__CH_01069,120
UKPGA_2025_36__LEGV2__CH_01070,105
UKPGA_2025_36__LEGV2__CH_01071,49
UKPGA_2025_36__LEGV2__CH_01072,49
UKPGA_2025_36__LEGV2__CH_01073,46
UKPGA_2025_36__LEGV2__CH_01074,51
UKPGA_2025_36__LEGV2__CH_01075,66
UKPGA_2025_36__LEGV2__CH_01076,60
UKPGA_2025_36__LEGV2__CH_01077,53
UKPGA_2025_36__LEGV2__CH_01078,48
UKPGA_2025_36__LEGV2__CH_01079,51
UKPGA_2025_36__LEGV2__CH_01080,54
UKPGA_2025_36__LEGV2__CH_01081,62
UKPGA_2025_36__LEGV2__CH_01082,38
UKPGA_2025_36__LEGV2__CH_01083,54
UKPGA_2025_36__LEGV2__CH_01084,71
UKPGA_2025_36__LEGV2__CH_01086,86
UKPGA_2025_36__LEGV2__CH_01087,126
UKPGA_2025_36__LEGV2__CH_01088,465
UKPGA_2025_36__LEGV2__CH_01089,115
UKPGA_2025_36__LEGV2__CH_01090,24
UKPGA_2025_36__LEGV2__CH_01091,60
UKPGA_2025_36__LEGV2__CH_01092,39
UKPGA_2025_36__LEGV2__CH_01093,58
UKPGA_2025_36__LEGV2__CH_01094,35
UKPGA_2025_36__LEGV2__CH_01095,150
UKPGA_2025_36__LEGV2__CH_01096,120
UKPGA_2025_36__LEGV2__CH_01097,67
UKPGA_2025_36__LEGV2__CH_01098,44
UKPGA_2025_36__LEGV2__CH_01099,41
UKPGA_2025_36__LEGV2__CH_01100,77
UKPGA_2025_36__LEGV2__CH_01101,117
UKPGA_2025_36__LEGV2__CH_01102,199
UKPGA_2025_36__LEGV2__CH_01103,44
UKPGA_2025_36__LEGV2__CH_01104,40
UKPGA_2025_36__LEGV2__CH_01105,119
UKPGA_2025_36__LEGV2__CH_01106,68
UKPGA_2025_36__LEGV2__CH_01107,71
UKPGA_2025_36__LEGV2__CH_01108,66
UKPGA_2025_36__LEGV2__CH_01109,62
UKPGA_2025_36__LEGV2__CH_01110,47
UKPGA_2025_36__LEGV2__CH_01111,121
UKPGA_2025_36__LEGV2__CH_01113,48
UKPGA_2025_36__LEGV2__CH_01114,53
UKPGA_2025_36__LEGV2__CH_01115,212
UKPGA_2025_36__LEGV2__CH_01117,35
UKPGA_2025_36__LEGV2__CH_01118,52
UKPGA_2025_36__LEGV2__CH_01119,76
UKPGA_2025_36__LEGV2__CH_01121,96
UKPGA_2025_36__LEGV2__CH_01122,39
UKPGA_2025_36__LEGV2__CH_01123,120
UKPGA_2025_36__LEGV2__CH_01124,199
UKPGA_2025_36__LEGV2__CH_01125,32
UKPGA_2025_36__LEGV2__CH_01126,288
UKPGA_2025_36__LEGV2__CH_01127,50
UKPGA_2025_36__LEGV2__CH_01128,148
UKPGA_2025_36__LEGV2__CH_01129,66
UKPGA_2025_36__LEGV2__CH_01130,65
UKPGA_2025_36__LEGV2__CH_01131,345
UKPGA_2025_36__LEGV2__CH_01132,40
UKPGA_2025_36__LEGV2__CH_01133,21
UKPGA_2025_36__LEGV2__CH_01134,150
UKPGA_2025_36__LEGV2__CH_01135,33
UKPGA_2025_36__LEGV2__CH_01136,150
UKPGA_2025_36__LEGV2__CH_01137,125
UKPGA_2025_36__LEGV2__CH_01138,128
UKPGA_2025_36__LEGV2__CH_01139,37
UKPGA_2025_36__LEGV2__CH_01140,56
UKPGA_2025_36__LEGV2__CH_01141,138
UKPGA_2025_36__LEGV2__CH_01142,45
UKPGA_2025_36__LEGV2__CH_01143,67
UKPGA_2025_36__LEGV2__CH_01144,53
UKPGA_2025_36__LEGV2__CH_01145,52
UKPGA_2025_36__LEGV2__CH_01146,390
UKPGA_2025_36__LEGV2__CH_01147,146
UKPGA_2025_36__LEGV2__CH_01148,174
UKPGA_2025_36__LEGV2__CH_01149,98
UKPGA_2025_36__LEGV2__CH_01150,147
UKPGA_2025_36__LEGV2__CH_01151,94
UKPGA_2025_36__LEGV2__CH_01152,72
UKPGA_2025_36__LEGV2__CH_01153,83
UKPGA_2025_36__LEGV2__CH_01154,61
UKPGA_2025_36__LEGV2__CH_01155,59
UKPGA_2025_36__LEGV2__CH_01156,206
UKPGA_2025_36__LEGV2__CH_01157,83
UKPGA_2025_36__LEGV2__CH_01158,124
UKPGA_2025_36__LEGV2__CH_01159,105
UKPGA_2025_36__LEGV2__CH_01160,84
UKPGA_2025_36__LEGV2__CH_01162,78
UKPGA_2025_36__LEGV2__CH_01164,275
UKPGA_2025_36__LEGV2__CH_01165,201
UKPGA_2025_36__LEGV2__CH_01166,67
UKPGA_2025_36__LEGV2__CH_01167,306
UKPGA_2025_36__LEGV2__CH_01168,397
UKPGA_2025_36__LEGV2__CH_01169,71
UKPGA_2025_36__LEGV2__CH_01171,162
UKPGA_2025_36__LEGV2__CH_01172,31
UKPGA_2025_36__LEGV2__CH_01173,71
UKPGA_2025_36__LEGV2__CH_01174,680
UKPGA_2025_36__LEGV2__CH_01176,751
UKPGA_2025_36__LEGV2__CH_01177,278
UKPGA_2025_36__LEGV2__CH_01178,430
UKPGA_2025_36__LEGV2__CH_01179,572
UKPGA_2025_36__LEGV2__CH_01180,615
UKPGA_2025_36__LEGV2__CH_01181,257
UKPGA_2025_36__LEGV2__CH_01182,169
UKPGA_2025_36__LEGV2__CH_01183,54
UKPGA_2025_36__LEGV2__CH_01185,66
UKPGA_2025_36__LEGV2__CH_01186,65
UKPGA_2025_36__LEGV2__CH_01187,118
UKPGA_2025_36__LEGV2__CH_01188,50
UKPGA_2025_36__LEGV2__CH_01189,174
UKPGA_2025_36__LEGV2__CH_01190,209
UKPGA_2025_36__LEGV2__CH_01191,443
UKPGA_2025_36__LEGV2__CH_01192,238
UKPGA_2025_36__LEGV2__CH_01193,42
UKPGA_2025_36__LEGV2__CH_01194,123
UKPGA_2025_36__LEGV2__CH_01195,190
UKPGA_2025_36__LEGV2__CH_01196,108
UKPGA_2025_36__LEGV2__CH_01197,33
UKPGA_2025_36__LEGV2__CH_01198,71
UKPGA_2025_36__LEGV2__CH_01199,43
UKPGA_2025_36__LEGV2__CH_01202,96
UKPGA_2025_36__LEGV2__CH_01203,66
UKPGA_2025_36__LEGV2__CH_01204,29
UKPGA_2025_36__LEGV2__CH_01206,38
UKPGA_2025_36__LEGV2__CH_01208,25
UKPGA_2025_36__LEGV2__CH_01210,181
UKPGA_2025_36__LEGV2__CH_01211,196
UKPGA_2025_36__LEGV2__CH_01212,384
UKPGA_2025_36__LEGV2__CH_01213,55
UKPGA_2025_36__LEGV2__CH_01214,95
UKPGA_2025_36__LEGV2__CH_01215,62
UKPGA_2025_36__LEGV2__CH_01216,193
UKPGA_2025_36__LEGV2__CH_01217,246
UKPGA_2025_36__LEGV2__CH_01218,104
UKPGA_2025_36__LEGV2__CH_01219,314
UKPGA_2025_36__LEGV2__CH_01220,278
UKPGA_2025_36__LEGV2__CH_01221,140
UKPGA_2025_36__LEGV2__CH_01222,128
UKPGA_2025_36__LEGV2__CH_01223,325
UKPGA_2025_36__LEGV2__CH_01224,311
UKPGA_2025_36__LEGV2__CH_01225,316
UKPGA_2025_36__LEGV2__CH_01226,99
UKPGA_2025_36__LEGV2__CH_01227,288
UKPGA_2025_36__LEGV2__CH_01228,227
UKPGA_2025_36__LEGV2__CH_01229,139
UKPGA_2025_36__LEGV2__CH_01230,309
UKPGA_2025_36__LEGV2__CH_01231,90
UKPGA_2025_36__LEGV2__CH_01232,232
UKPGA_2025_36__LEGV2__CH_01233,64
UKPGA_2025_36__LEGV2__CH_01234,195
UKPGA_2025_36__LEGV2__CH_01235,248
UKPGA_2025_36__LEGV2__CH_01236,106
UKPGA_2025_36__LEGV2__CH_01237,316
UKPGA_2025_36__LEGV2__CH_01238,280
UKPGA_2025_36__LEGV2__CH_01239,142
UKPGA_2025_36__LEGV2__CH_01240,130
UKPGA_2025_36__LEGV2__CH_01241,327
UKPGA_2025_36__LEGV2__CH_01242,313
UKPGA_2025_36__LEGV2__CH_01243,83
UKPGA_2025_36__LEGV2__CH_01244,75
UKPGA_2025_36__LEGV2__CH_01245,40
UKPGA_2025_36__LEGV2__CH_01246,91
UKPGA_2025_36__LEGV2__CH_01247,29
UKPGA_2025_36__LEGV2__CH_01248,40
UKPGA_2025_36__LEGV2__CH_01249,61
UKPGA_2025_36__LEGV2__CH_01250,30
UKPGA_2025_36__LEGV2__CH_01251,33
UKPGA_2025_36__LEGV2__CH_01252,35
UKPGA_2025_36__LEGV2__CH_01253,39
UKPGA_2025_36__LEGV2__CH_01254,55
UKPGA_2025_36__LEGV2__CH_01255,98
UKPGA_2025_36__LEGV2__CH_01256,34
UKPGA_2025_36__LEGV2__CH_01257,58
UKPGA_2025_36__LEGV2__CH_01258,33
UKPGA_2025_36__LEGV2__CH_01259,35
UKPGA_2025_36__LEGV2__CH_01260,39
UKPGA_2025_36__LEGV2__CH_01261,55
UKPGA_2025_36__LEGV2__CH_01262,98
UKPGA_2025_36__LEGV2__CH_01264,34
UKPGA_2025_36__LEGV2__CH_01265,31
UKPGA_2025_36__LEGV2__CH_01266,56
UKPGA_2025_36__LEGV2__CH_01267,60
UKPGA_2025_36__LEGV2__CH_01268,92
UKPGA_2025_36__LEGV2__CH_01269,96
UKPGA_2025_36__LEGV2__CH_01270,61
UKPGA_2025_36__LEGV2__CH_01271,58
UKPGA_2025_36__LEGV2__CH_01272,32
UKPGA_2025_36__LEGV2__CH_01273,135
UKPGA_2025_36__LEGV2__CH_01274,53
UKPGA_2025_36__LEGV2__CH_01275,42
UKPGA_2025_36__LEGV2__CH_01276,52
UKPGA_2025_36__LEGV2__CH_01277,44
UKPGA_2025_36__LEGV2__CH_01278,29
UKPGA_2025_36__LEGV2__CH_01279,26
UKPGA_2025_36__LEGV2__CH_01280,31
UKPGA_2025_36__LEGV2__CH_01281,46
UKPGA_2025_36__LEGV2__CH_01282,43
UKPGA_2025_36__LEGV2__CH_01283,36
UKPGA_2025_36__LEGV2__CH_01284,68
UKPGA_2025_36__LEGV2__CH_01285,54
UKPGA_2025_36__LEGV2__CH_01286,40
UKPGA_2025_36__LEGV2__CH_01287,31
UKPGA_2025_36__LEGV2__CH_01288,54
UKPGA_2025_36__LEGV2__CH_01289,60
UKPGA_2025_36__LEGV2__CH_01290,58
UKPGA_2025_36__LEGV2__CH_01291,69
UKPGA_2025_36__LEGV2__CH_01292,30
UKPGA_2025_36__LEGV2__CH_01293,113
UKPGA_2025_36__LEGV2__CH_01294,57
UKPGA_2025_36__LEGV2__CH_01295,68
UKPGA_2025_36__LEGV2__CH_01296,47
UKPGA_2025_36__LEGV2__CH_01297,118
UKPGA_2025_36__LEGV2__CH_01298,82
UKPGA_2025_36__LEGV2__CH_01299,68
UKPGA_2025_36__LEGV2__CH_01302,136
UKPGA_2025_36__LEGV2__CH_01304,33
UKPGA_2025_36__LEGV2__CH_01306,129
UKPGA_2025_36__LEGV2__CH_01307,79
UKPGA_2025_36__LEGV2__CH_01308,220
UKPGA_2025_36__LEGV2__CH_01309,240
UKPGA_2025_36__LEGV2__CH_01310,519
UKPGA_2025_36__LEGV2__CH_01311,252
UKPGA_2025_36__LEGV2__CH_01312,23
UKPGA_2025_36__LEGV2__CH_01313,63
UKPGA_2025_36__LEGV2__CH_01314,43
UKPGA_2025_36__LEGV2__CH_01315,92
UKPGA_2025_36__LEGV2__CH_01316,71
UKPGA_2025_36__LEGV2__CH_01317,24
UKPGA_2025_36__LEGV2__CH_01319,25
UKPGA_2025_36__LEGV2__CH_01320,34
UKPGA_2025_36__LEGV2__CH_01321,100
UKPGA_2025_36__LEGV2__CH_01322,47
UKPGA_2025_36__LEGV2__CH_01323,26
UKPGA_2025_36__LEGV2__CH_01324,61
UKPGA_2025_36__LEGV2__CH_01325,29
UKPGA_2025_36__LEGV2__CH_01326,44
UKPGA_2025_36__LEGV2__CH_01327,45
UKPGA_2025_36__LEGV2__CH_01328,74
UKPGA_2025_36__LEGV2__CH_01329,43
UKPGA_2025_36__LEGV2__CH_01330,105
UKPGA_2025_36__LEGV2__CH_01331,29
UKPGA_2025_36__LEGV2__CH_01333,85
UKPGA_2025_36__LEGV2__CH_01334,321
UKPGA_2025_36__LEGV2__CH_01335,188
UKPGA_2025_36__LEGV2__CH_01336,186
UKPGA_2025_36__LEGV2__CH_01337,40
UKPGA_2025_36__LEGV2__CH_01338,183
UKPGA_2025_36__LEGV2__CH_01340,62
UKPGA_2025_36__LEGV2__CH_01343,134
UKPGA_2025_36__LEGV2__CH_01344,125
UKPGA_2025_36__LEGV2__CH_01345,59
UKPGA_2025_36__LEGV2__CH_01346,290
UKPGA_2025_36__LEGV2__CH_01347,76
UKPGA_2025_36__LEGV2__CH_01350,54
UKPGA_2025_36__LEGV2__CH_01351,639
UKPGA_2025_36__LEGV2__CH_01352,556
UKPGA_2025_36__LEGV2__CH_01353,267
UKPGA_2025_36__LEGV2__CH_01354,49
UKPGA_2025_36__LEGV2__CH_01355,52
UKPGA_2025_36__LEGV2__CH_01356,162
UKPGA_2025_36__LEGV2__CH_01357,375
UKPGA_2025_36__LEGV2__CH_01358,396
UKPGA_2025_36__LEGV2__CH_01359,285
UKPGA_2025_36__LEGV2__CH_01360,739
UKPGA_2025_36__LEGV2__CH_01361,312
UKPGA_2025_36__LEGV2__CH_01362,111
UKPGA_2025_36__LEGV2__CH_01363,31
UKPGA_2025_36__LEGV2__CH_01364,99
UKPGA_2025_36__LEGV2__CH_01366,65
UKPGA_2025_36__LEGV2__CH_01367,75
UKPGA_2025_36__LEGV2__CH_01368,91
UKPGA_2025_36__LEGV2__CH_01369,30
UKPGA_2025_36__LEGV2__CH_01370,107
UKPGA_2025_36__LEGV2__CH_01371,41
UKPGA_2025_36__LEGV2__CH_01372,51
UKPGA_2025_36__LEGV2__CH_01373,72
UKPGA_2025_36__LEGV2__CH_01374,66
UKPGA_2025_36__LEGV2__CH_01375,54
UKPGA_2025_36__LEGV2__CH_01376,55
UKPGA_2025_36__LEGV2__CH_01377,110
UKPGA_2025_36__LEGV2__CH_01378,52
UKPGA_2025_36__LEGV2__CH_01379,41
UKPGA_2025_36__LEGV2__CH_01380,79
UKPGA_2025_36__LEGV2__CH_01381,32
UKPGA_2025_36__LEGV2__CH_01383,575
UKPGA_2025_36__LEGV2__CH_01384,311
UKPGA_2025_36__LEGV2__CH_01385,500
UKPGA_2025_36__LEGV2__CH_01386,410
UKPGA_2025_36__LEGV2__CH_01387,189
UKPGA_2025_36__LEGV2__CH_01388,42
UKPGA_2025_36__LEGV2__CH_01389,63
UKPGA_2025_36__LEGV2__CH_01392,23
UKPGA_2025_36__LEGV2__CH_01393,205
UKPGA_2025_36__LEGV2__CH_01394,150
UKPGA_2025_36__LEGV2__CH_01395,335
UKPGA_2025_36__LEGV2__CH_01396,48
UKPGA_2025_36__LEGV2__CH_01397,389
UKPGA_2025_36__LEGV2__CH_01398,86
UKPGA_2025_36__LEGV2__CH_01399,106
UKPGA_2025_36__LEGV2__CH_01400,119
UKPGA_2025_36__LEGV2__CH_01401,108
UKPGA_2025_36__LEGV2__CH_01403,155
UKPGA_2025_36__LEGV2__CH_01404,278
UKPGA_2025_36__LEGV2__CH_01405,303
UKPGA_2025_36__LEGV2__CH_01406,113
UKPGA_2025_36__LEGV2__CH_01407,146
UKPGA_2025_36__LEGV2__CH_01408,34
UKPGA_2025_36__LEGV2__CH_01409,62
UKPGA_2025_36__LEGV2__CH_01410,215
UKPGA_2025_36__LEGV2__CH_01411,72
UKPGA_2025_36__LEGV2__CH_01412,300
UKPGA_2025_36__LEGV2__CH_01413,102
UKPGA_2025_36__LEGV2__CH_01414,145
UKPGA_2025_36__LEGV2__CH_01415,34
UKPGA_2025_36__LEGV2__CH_01416,62
UKPGA_2025_36__LEGV2__CH_01417,156
UKPGA_2025_36__LEGV2__CH_01418,72
UKPGA_2025_36__LEGV2__CH_01419,35
UKPGA_2025_36__LEGV2__CH_01420,48
UKPGA_2025_36__LEGV2__CH_01421,131
UKPGA_2025_36__LEGV2__CH_01422,127
UKPGA_2025_36__LEGV2__CH_01423,50
UKPGA_2025_36__LEGV2__CH_01424,120
UKPGA_2025_36__LEGV2__CH_01425,443
UKPGA_2025_36__LEGV2__CH_01426,395
UKPGA_2025_36__LEGV2__CH_01427,281
UKPGA_2025_36__LEGV2__CH_01428,713
UKPGA_2025_36__LEGV2__CH_01429,292
UKPGA_2025_36__LEGV2__CH_01430,111
UKPGA_2025_36__LEGV2__CH_01431,31
UKPGA_2025_36__LEGV2__CH_01432,99
UKPGA_2025_36__LEGV2__CH_01436,90
UKPGA_2025_36__LEGV2__CH_01437,32
UKPGA_2025_36__LEGV2__CH_01438,107
UKPGA_2025_36__LEGV2__CH_01440,71
UKPGA_2025_36__LEGV2__CH_01441,25
UKPGA_2025_36__LEGV2__CH_01443,54
UKPGA_2025_36__LEGV2__CH_01445,89
UKPGA_2025_36__LEGV2__CH_01446,53
UKPGA_2025_36__LEGV2__CH_01448,79
UKPGA_2025_36__LEGV2__CH_01451,578
UKPGA_2025_36__LEGV2__CH_01452,442
UKPGA_2025_36__LEGV2__CH_01453,620
UKPGA_2025_36__LEGV2__CH_01454,493
UKPGA_2025_36__LEGV2__CH_01457,122
UKPGA_2025_36__LEGV2__CH_01458,68
UKPGA_2025_36__LEGV2__CH_01459,100
UKPGA_2025_36__LEGV2__CH_01460,301
UKPGA_2025_36__LEGV2__CH_01461,45
UKPGA_2025_36__LEGV2__CH_01464,281
UKPGA_2025_36__LEGV2__CH_01465,401
UKPGA_2025_36__LEGV2__CH_01466,292
UKPGA_2025_36__LEGV2__CH_01467,614
UKPGA_2025_36__LEGV2__CH_01468,266
UKPGA_2025_36__LEGV2__CH_01469,117
UKPGA_2025_36__LEGV2__CH_01470,111
UKPGA_2025_36__LEGV2__CH_01471,33
UKPGA_2025_36__LEGV2__CH_01472,115
UKPGA_2025_36__LEGV2__CH_01474,77
UKPGA_2025_36__LEGV2__CH_01475,81
UKPGA_2025_36__LEGV2__CH_01476,107
UKPGA_2025_36__LEGV2__CH_01477,41
UKPGA_2025_36__LEGV2__CH_01478,58
UKPGA_2025_36__LEGV2__CH_01479,25
UKPGA_2025_36__LEGV2__CH_01480,66
UKPGA_2025_36__LEGV2__CH_01481,56
UKPGA_2025_36__LEGV2__CH_01483,51
UKPGA_2025_36__LEGV2__CH_01484,52
UKPGA_2025_36__LEGV2__CH_01485__M,84
UKPGA_2025_36__LEGV2__CH_01487,40
UKPGA_2025_36__LEGV2__CH_01488,45
UKPGA_2025_36__LEGV2__CH_01489,79
UKPGA_2025_36__LEGV2__CH_01492,618
UKPGA_2025_36__LEGV2__CH_01493,321
UKPGA_2025_36__LEGV2__CH_01494,441
UKPGA_2025_36__LEGV2__CH_01495,451
UKPGA_2025_36__LEGV2__CH_01496,124
UKPGA_2025_36__LEGV2__CH_01497,165
UKPGA_2025_36__LEGV2__CH_01499,63
UKPGA_2025_36__LEGV2__CH_01501,65
UKPGA_2025_36__LEGV2__CH_01502,41
UKPGA_2025_36__LEGV2__CH_01503,23
UKPGA_2025_36__LEGV2__CH_01504,39
UKPGA_2025_36__LEGV2__CH_01507,99
UKPGA_2025_36__LEGV2__CH_01508,391
UKPGA_2025_36__LEGV2__CH_01509,152
UKPGA_2025_36__LEGV2__CH_01510,92
UKPGA_2025_36__LEGV2__CH_01511,131
UKPGA_2025_36__LEGV2__CH_01512,142
UKPGA_2025_36__LEGV2__CH_01513,132
UKPGA_2025_36__LEGV2__CH_01515,193
UKPGA_2025_36__LEGV2__CH_01516,183
UKPGA_2025_36__LEGV2__CH_01517,71
UKPGA_2025_36__LEGV2__CH_01518,72
UKPGA_2025_36__LEGV2__CH_01519,42
UKPGA_2025_36__LEGV2__CH_01520,179
UKPGA_2025_36__LEGV2__CH_01521,170
UKPGA_2025_36__LEGV2__CH_01522,170
UKPGA_2025_36__LEGV2__CH_01523,148
UKPGA_2025_36__LEGV2__CH_01524,121
UKPGA_2025_36__LEGV2__CH_01526,204
UKPGA_2025_36__LEGV2__CH_01527,201
UKPGA_2025_36__LEGV2__CH_01528,168
UKPGA_2025_36__LEGV2__CH_01529,153
UKPGA_2025_36__LEGV2__CH_01530,236
UKPGA_2025_36__LEGV2__CH_01534,26
UKPGA_2025_36__LEGV2__CH_01536,27
UKPGA_2025_36__LEGV2__CH_01551,119
UKPGA_2025_36__LEGV2__CH_01556,42
UKPGA_2025_36__LEGV2__CH_01557,58
UKPGA_2025_36__LEGV2__CH_01559,57
UKPGA_2025_36__LEGV2__CH_01560,236
UKPGA_2025_36__LEGV2__CH_01561,32
UKPGA_2025_36__LEGV2__CH_01565,453
UKPGA_2025_36__LEGV2__CH_01567,32
UKPGA_2025_36__LEGV2__CH_01568,129
UKPGA_2025_36__LEGV2__CH_01570,75
UKPGA_2025_36__LEGV2__CH_01571,64
UKPGA_2025_36__LEGV2__CH_01572,19
UKPGA_2025_36__LEGV2__CH_01573,56
UKPGA_2025_36__LEGV2__CH_01574,260
UKPGA_2025_36__LEGV2__CH_01575,40
UKPGA_2025_36__LEGV2__CH_01576,251
UKPGA_2025_36__LEGV2__CH_01580,55
UKPGA_2025_36__LEGV2__CH_01581,43
UKPGA_2025_36__LEGV2__CH_01582,36
UKPGA_2025_36__LEGV2__CH_01583,97
UKPGA_2025_36__LEGV2__CH_01584,59
UKPGA_2025_36__LEGV2__CH_01585,35
UKPGA_2025_36__LEGV2__CH_01586,60
UKPGA_2025_36__LEGV2__CH_01587,59
UKPGA_2025_36__LEGV2__CH_01588,47
UKPGA_2025_36__LEGV2__CH_01590,35
UKPGA_2025_36__LEGV2__CH_01591,34
UKPGA_2025_36__LEGV2__CH_01598,72
UKPGA_2025_36__LEGV2__CH_01604,54
UKPGA_2025_36__LEGV2__CH_01605,97
UKPGA_2025_36__LEGV2__CH_01606,71
UKPGA_2025_36__LEGV2__CH_01607,114
UKPGA_2025_36__LEGV2__CH_01609,85
UKPGA_2025_36__LEGV2__CH_01610,51
UKPGA_2025_36__LEGV2__CH_01611,120
UKPGA_2025_36__LEGV2__CH_01612,171
UKPGA_2025_36__LEGV2__CH_01613,43
UKPGA_2025_36__LEGV2__CH_01614,47
UKPGA_2025_36__LEGV2__CH_01615,54
UKPGA_2025_36__LEGV2__CH_01616,82
UKPGA_2025_36__LEGV2__CH_01619,37
UKPGA_2025_36__LEGV2__CH_01621,317
UKPGA_2025_36__LEGV2__CH_01622,44
UKPGA_2025_36__LEGV2__CH_01625,160
UKPGA_2025_36__LEGV2__CH_01626,56
UKPGA_2025_36__LEGV2__CH_01627,108
UKPGA_2025_36__LEGV2__CH_01628,157
UKPGA_2025_36__LEGV2__CH_01629,56
UKPGA_2025_36__LEGV2__CH_01630,108
UKPGA_2025_36__LEGV2__CH_01632,50
UKPGA_2025_36__LEGV2__CH_01633,59
UKPGA_2025_36__LEGV2__CH_01634,47
UKPGA_2025_36__LEGV2__CH_01635,53
UKPGA_2025_36__LEGV2__CH_01636,55
UKPGA_2025_36__LEGV2__CH_01637,68
UKPGA_2025_36__LEGV2__CH_01638,69
UKPGA_2025_36__LEGV2__CH_01640,179
UKPGA_2025_36__LEGV2__CH_01642,43
UKPGA_2025_36__LEGV2__CH_01643,243
UKPGA_2025_36__LEGV2__CH_01645,126
UKPGA_2025_36__LEGV2__CH_01649,40
UKPGA_2025_36__LEGV2__CH_01650,62
UKPGA_2025_36__LEGV2__CH_01651,164
UKPGA_2025_36__LEGV2__CH_01652,175
UKPGA_2025_36__LEGV2__CH_01653,62
UKPGA_2025_36__LEGV2__CH_01654,65
UKPGA_2025_36__LEGV2__CH_01655,49
UKPGA_2025_36__LEGV2__CH_01656,47
UKPGA_2025_36__LEGV2__CH_01657,49
UKPGA_2025_36__LEGV2__CH_01658,79
UKPGA_2025_36__LEGV2__CH_01659,53
UKPGA_2025_36__LEGV2__CH_01663,46
UKPGA_2025_36__LEGV2__CH_01665,26
UKPGA_2025_36__LEGV2__CH_01666,39
UKPGA_2025_36__LEGV2__CH_01667,27
UKPGA_2025_36__LEGV2__CH_01668,39
UKPGA_2025_36__LEGV2__CH_01670,204
UKPGA_2025_36__LEGV2__CH_01671,35
UKPGA_2025_36__LEGV2__CH_01672,87
UKPGA_2025_36__LEGV2__CH_01673,107
UKPGA_2025_36__LEGV2__CH_01674,55
UKPGA_2025_36__LEGV2__CH_01677,68
UKPGA_2025_36__LEGV2__CH_01678,89
UKPGA_2025_36__LEGV2__CH_01679,113
UKPGA_2025_36__LEGV2__CH_01681,216
UKPGA_2025_36__LEGV2__CH_01682,67
UKPGA_2025_36__LEGV2__CH_01683,42
UKPGA_2025_36__LEGV2__CH_01684,40
UKPGA_2025_36__LEGV2__CH_01685,53
UKPGA_2025_36__LEGV2__CH_01686,46
UKPGA_2025_36__LEGV2__CH_01687,110
UKPGA_2025_36__LEGV2__CH_01688,52
UKPGA_2025_36__LEGV2__CH_01689,42
UKPGA_2025_36__LEGV2__CH_01690,25
UKPGA_2025_36__LEGV2__CH_01691,71
UKPGA_2025_36__LEGV2__CH_01693,456
UKPGA_2025_36__LEGV2__CH_01694,167
UKPGA_2025_36__LEGV2__CH_01695,270
UKPGA_2025_36__LEGV2__CH_01696,101
UKPGA_2025_36__LEGV2__CH_01697,203
UKPGA_2025_36__LEGV2__CH_01698,320
UKPGA_2025_36__LEGV2__CH_01699,122
UKPGA_2025_36__LEGV2__CH_01700,290
UKPGA_2025_36__LEGV2__CH_01701,91
UKPGA_2025_36__LEGV2__CH_01702,103
UKPGA_2025_36__LEGV2__CH_01703,208
UKPGA_2025_36__LEGV2__CH_01704,205
UKPGA_2025_36__LEGV2__CH_01705,98
UKPGA_2025_36__LEGV2__CH_01706,129
UKPGA_2025_36__LEGV2__CH_01707,72
UKPGA_2025_36__LEGV2__CH_01709,116
UKPGA_2025_36__LEGV2__CH_01710,460
UKPGA_2025_36__LEGV2__CH_01711,35
UKPGA_2025_36__LEGV2__CH_01712,1476
UKPGA_2025_36__LEGV2__CH_01713,129
UKPGA_2025_36__LEGV2__CH_01714,89
UKPGA_2025_36__LEGV2__CH_01715,55
UKPGA_2025_36__LEGV2__CH_01716,64
UKPGA_2025_36__LEGV2__CH_01717,196
UKPGA_2025_36__LEGV2__CH_01718,363
UKPGA_2025_36__LEGV2__CH_01719,88
UKPGA_2025_36__LEGV2__CH_01720,83
UKPGA_2025_36__LEGV2__CH_01721,90
UKPGA_2025_36__LEGV2__CH_01722,154
UKPGA_2025_36__LEGV2__CH_01723,96
UKPGA_2025_36__LEGV2__CH_01724,91
UKPGA_2025_36__LEGV2__CH_01725,98
UKPGA_2025_36__LEGV2__CH_01726,43
UKPGA_2025_36__LEGV2__CH_01727,34
UKPGA_2025_36__LEGV2__CH_01728,60
UKSI_2002_1860__LEGV2__CH_00001,26
UKSI_2002_1860__LEGV2__CH_00002,87
UKSI_2002_1860__LEGV2__CH_00003,68
UKSI_2002_1860__LEGV2__CH_00004,332
UKSI_2002_1860__LEGV2__CH_00005,138
UKSI_2002_1860__LEGV2__CH_00006,96
UKSI_2002_1860__LEGV2__CH_00008,85
UKSI_2002_1860__LEGV2__CH_00009,85
UKSI_2002_1860__LEGV2__CH_00010,21
UKSI_2002_1860__LEGV2__CH_00011,37
UKSI_2002_1860__LEGV2__CH_00013,31
UKSI_2002_1860__LEGV2__CH_00014,143
UKSI_2002_1860__LEGV2__CH_00015,53
UKSI_2002_1860__LEGV2__CH_00016,160
UKSI_2002_1860__LEGV2__CH_00017,83
UKSI_2002_1860__LEGV2__CH_00018,27
UKSI_2002_1860__LEGV2__CH_00019,74
UKSI_2002_1860__LEGV2__CH_00020,67
UKSI_2002_1860__LEGV2__CH_00021,36
UKSI_2002_1860__LEGV2__CH_00022,85
UKSI_2002_1860__LEGV2__CH_00023,25
UKSI_2002_1860__LEGV2__CH_00024,37
UKSI_2002_1860__LEGV2__CH_00025,57
UKSI_2002_1860__LEGV2__CH_00026,32
UKSI_2002_1860__LEGV2__CH_00027,38
UKSI_2002_1860__LEGV2__CH_00028,41
UKSI_2002_1860__LEGV2__CH_00029,93
UKSI_2002_1860__LEGV2__CH_00030,23
UKSI_2002_1860__LEGV2__CH_00032,27
UKSI_2002_1860__LEGV2__CH_00034,68
UKSI_2002_1860__LEGV2__CH_00036,88
UKSI_2002_1860__LEGV2__CH_00038,109
UKSI_2002_1860__LEGV2__CH_00039,44
UKSI_2002_1860__LEGV2__CH_00040,83
UKSI_2002_1860__LEGV2__CH_00041,159
UKSI_2002_1860__LEGV2__CH_00042,77
UKSI_2002_1860__LEGV2__CH_00043,77
UKSI_2002_1860__LEGV2__CH_00044,31
UKSI_2002_1860__LEGV2__CH_00046,79
UKSI_2002_1860__LEGV2__CH_00048,51
UKSI_2002_1860__LEGV2__CH_00049,196
UKSI_2002_1860__LEGV2__CH_00050,39
UKSI_2002_1860__LEGV2__CH_00052,160
UKSI_2002_1860__LEGV2__CH_00054,100
UKSI_2002_1860__LEGV2__CH_00055,67
UKSI_2002_1860__LEGV2__CH_00056,83
UKSI_2002_1860__LEGV2__CH_00057,340
UKSI_2002_1860__LEGV2__CH_00058,320
UKSI_2002_1860__LEGV2__CH_00059,223
UKSI_2002_1860__LEGV2__CH_00060,122
UKSI_2002_1860__LEGV2__CH_00062,87
UKSI_2002_1860__LEGV2__CH_00063,62
UKSI_2002_1860__LEGV2__CH_00064,95
UKSI_2002_1860__LEGV2__CH_00066,66
UKSI_2002_1860__LEGV2__CH_00067,46
UKSI_2002_1860__LEGV2__CH_00068,124
UKSI_2002_1860__LEGV2__CH_00069,55
UKSI_2002_1860__LEGV2__CH_00070,178
UKSI_2002_1860__LEGV2__CH_00071,107
UKSI_2002_1860__LEGV2__CH_00073,68
UKSI_2002_1860__LEGV2__CH_00075,51
UKSI_2002_1860__LEGV2__CH_00076,158
UKSI_2002_1860__LEGV2__CH_00077,336
UKSI_2002_1860__LEGV2__CH_00078,273
UKSI_2002_1860__LEGV2__CH_00079,26
UKSI_2002_1860__LEGV2__CH_00082,31
UKSI_2002_1860__LEGV2__CH_00083,69
UKSI_2002_1860__LEGV2__CH_00086,166
UKSI_2002_1860__LEGV2__CH_00087,37
UKSI_2002_1860__LEGV2__CH_00088,26
UKSI_2002_1860__LEGV2__CH_00089,38
UKSI_2002_1860__LEGV2__CH_00091,54
UKSI_2002_1860__LEGV2__CH_00092,24
UKSI_2002_1860__LEGV2__CH_00093,392
UKSI_2002_1860__LEGV2__CH_00094,158
UKSI_2002_1860__LEGV2__CH_00096,188
UKSI_2002_1860__LEGV2__CH_00098,46
UKSI_2015_102__UKSI_2015_102__SEG_0001__CH_001,26
UKSI_2015_102__UKSI_2015_102__SEG_0001__CH_002,199
UKSI_2015_102__UKSI_2015_102__SEG_0001__CH_003,293
UKSI_2015_102__UKSI_2015_102__SEG_0002__CH_001,3243
UKSI_2015_102__UKSI_2015_102__SEG_0003__CH_001,101
UKSI_2015_102__UKSI_2015_102__SEG_0004__CH_001,460
UKSI_2015_102__UKSI_2015_102__SEG_0005__CH_001,382
UKSI_2015_102__UKSI_2015_102__SEG_0006__CH_001,524
UKSI_2015_102__UKSI_2015_102__SEG_0006__CH_002,798
UKSI_2015_102__UKSI_2015_102__SEG_0007__CH_001,509
UKSI_2015_102__UKSI_2015_102__SEG_0008__CH_001,154
UKSI_2015_102__UKSI_2015_102__SEG_0009__CH_001,20
UKSI_2015_102__UKSI_2015_102__SEG_0009__CH_002,243
UKSI_2015_102__UKSI_2015_102__SEG_0009__CH_003,51
UKSI_2015_102__UKSI_2015_102__SEG_0010__CH_001,816
UKSI_2015_102__UKSI_2015_102__SEG_0010__CH_002,139
UKSI_2015_102__UKSI_2015_102__SEG_0011__CH_001,69
UKSI_2015_102__UKSI_2015_102__SEG_0012__CH_001,457
UKSI_2015_102__UKSI_2015_102__SEG_0012__CH_002,374
UKSI_2015_102__UKSI_2015_102__SEG_0012__CH_003,320
UKSI_2015_102__UKSI_2015_102__SEG_0013__CH_001,283
UKSI_2015_102__UKSI_2015_102__SEG_0014__CH_001,98
UKSI_2015_102__UKSI_2015_102__SEG_0015__CH_001,317
UKSI_2015_102__UKSI_2015_102__SEG_0016__CH_001,430
UKSI_2015_102__UKSI_2015_102__SEG_0017__CH_001,30
UKSI_2015_102__UKSI_2015_102__SEG_0017__CH_002,282
UKSI_2015_102__UKSI_2015_102__SEG_0018__CH_001,111
UKSI_2015_102__UKSI_2015_102__SEG_0019__CH_001,75
UKSI_2015_102__UKSI_2015_102__SEG_0019__CH_002,84
UKSI_2015_102__UKSI_2015_102__SEG_0019__CH_003,113
UKSI_2015_102__UKSI_2015_102__SEG_0019__CH_004,84
UKSI_2015_102__UKSI_2015_102__SEG_0020__CH_001,128
UKSI_2015_102__UKSI_2015_102__SEG_0021__CH_001,166
UKSI_2015_102__UKSI_2015_102__SEG_0021__CH_002,35
UKSI_2015_102__UKSI_2015_102__SEG_0022__CH_001,775
UKSI_2015_102__UKSI_2015_102__SEG_0022__CH_002,1195
UKSI_2015_102__UKSI_2015_102__SEG_0022__CH_003,608
UKSI_2015_102__UKSI_2015_102__SEG_0023__CH_001,27
UKSI_2015_102__UKSI_2015_102__SEG_0024__CH_001,123
UKSI_2015_102__UKSI_2015_102__SEG_0024__CH_002,82
UKSI_2015_102__UKSI_2015_102__SEG_0025__CH_001,117
UKSI_2015_102__UKSI_2015_102__SEG_0026__CH_001,114
UKSI_2015_102__UKSI_2015_102__SEG_0026__CH_002,437
UKSI_2015_102__UKSI_2015_102__SEG_0026__CH_003,140
UKSI_2015_102__UKSI_2015_102__SEG_0027__CH_001,333
UKSI_2015_102__UKSI_2015_102__SEG_0028__CH_001,588
UKSI_2015_102__UKSI_2015_102__SEG_0029__CH_001,984
UKSI_2015_102__UKSI_2015_102__SEG_0029__CH_002,265
UKSI_2015_102__UKSI_2015_102__SEG_0030__CH_001,239
UKSI_2015_102__UKSI_2015_102__SEG_0030__CH_002,192
UKSI_2015_102__UKSI_2015_102__SEG_0030__CH_003,177
UKSI_2015_102__UKSI_2015_102__SEG_0030__CH_004,284
UKSI_2015_102__UKSI_2015_102__SEG_0031__CH_001,571
UKSI_2015_102__UKSI_2015_102__SEG_0031__CH_002,578
UKSI_2015_102__UKSI_2015_102__SEG_0032__CH_001,345
UKSI_2015_102__UKSI_2015_102__SEG_0032__CH_002,149
UKSI_2015_102__UKSI_2015_102__SEG_0032__CH_003,296
UKSI_2015_102__UKSI_2015_102__SEG_0032__CH_004,305
UKSI_2015_102__UKSI_2015_102__SEG_0033__CH_001,238
UKSI_2015_102__UKSI_2015_102__SEG_0033__CH_002,750
UKSI_2015_102__UKSI_2015_102__SEG_0034__CH_001,295
UKSI_2015_102__UKSI_2015_102__SEG_0034__CH_002,266
UKSI_2015_102__UKSI_2015_102__SEG_0034__CH_003,432
UKSI_2015_102__UKSI_2015_102__SEG_0034__CH_004,237
UKSI_2015_102__UKSI_2015_102__SEG_0034__CH_005,157
UKSI_2015_102__UKSI_2015_102__SEG_0035__CH_001,1120
UKSI_2015_102__UKSI_2015_102__SEG_0035__CH_002,557
UKSI_2015_102__UKSI_2015_102__SEG_0036__CH_001,249
UKSI_2015_102__UKSI_2015_102__SEG_0036__CH_002,313
UKSI_2015_102__UKSI_2015_102__SEG_0036__CH_003,165
UKSI_2015_102__UKSI_2015_102__SEG_0037__CH_001,157
UKSI_2015_102__UKSI_2015_102__SEG_0037__CH_002,347
UKSI_2015_102__UKSI_2015_102__SEG_0037__CH_003,178
UKSI_2015_102__UKSI_2015_102__SEG_0038__CH_001,198
UKSI_2015_102__UKSI_2015_102__SEG_0039__CH_001,116
UKSI_2015_102__UKSI_2015_102__SEG_0039__CH_002,582
UKSI_2015_102__UKSI_2015_102__SEG_0039__CH_003,441
UKSI_2015_102__UKSI_2015_102__SEG_0040__CH_001,129
UKSI_2015_102__UKSI_2015_102__SEG_0041__CH_001,285
UKSI_2015_102__UKSI_2015_102__SEG_0042__CH_001,511
UKSI_2015_102__UKSI_2015_102__SEG_0042__CH_002,910
UKSI_2015_102__UKSI_2015_102__SEG_0043__CH_001,420
UKSI_2015_102__UKSI_2015_102__SEG_0043__CH_002,112
UKSI_2015_102__UKSI_2015_102__SEG_0044__CH_001,330
UKSI_2015_102__UKSI_2015_102__SEG_0045__CH_001,264
UKSI_2015_102__UKSI_2015_102__SEG_0046__CH_002,231
UKSI_2015_102__UKSI_2015_102__SEG_0046__CH_003,68
UKSI_2015_102__UKSI_2015_102__SEG_0047__CH_001,345
UKSI_2015_102__UKSI_2015_102__SEG_0048__CH_001,492
UKSI_2015_102__UKSI_2015_102__SEG_0049__CH_001,41
UKSI_2015_102__UKSI_2015_102__SEG_0050__CH_001,353
UKSI_2015_102__UKSI_2015_102__SEG_0051__CH_001,185
UKSI_2015_102__UKSI_2015_102__SEG_0052__CH_001__M,153
UKSI_2015_102__UKSI_2015_102__SEG_0052__CH_003,172
UKSI_2015_102__UKSI_2015_102__SEG_0052__CH_004,79
UKSI_2015_102__UKSI_2015_102__SEG_0053__CH_001,399
UKSI_2015_102__UKSI_2015_102__SEG_0054__CH_001,444
UKSI_2015_102__UKSI_2015_102__SEG_0054__CH_002,376
UKSI_2015_102__UKSI_2015_102__SEG_0055__CH_001,322
UKSI_2015_102__UKSI_2015_102__SEG_0055__CH_002,85
UKSI_2015_102__UKSI_2015_102__SEG_0056__CH_001,11
UKSI_2015_102__UKSI_2015_102__SEG_0056__CH_002,163
UKSI_2015_102__UKSI_2015_102__SEG_0056__CH_003,93
UKSI_2015_102__UKSI_2015_102__SEG_0056__CH_004,143
UKSI_2015_102__UKSI_2015_102__SEG_0056__CH_005,83
UKSI_2015_102__UKSI_2015_102__SEG_0057__CH_002,2003
UKSI_2015_102__UKSI_2015_102__SEG_0057__CH_003,233
UKSI_2015_102__UKSI_2015_102__SEG_0057__CH_004,198
UKSI_2015_102__UKSI_2015_102__SEG_0057__CH_005,659
UKSI_2015_102__UKSI_2015_102__SEG_0057__CH_006,186
UKSI_2015_102__UKSI_2015_102__SEG_0057__CH_007,161
UKSI_2015_102__UKSI_2015_102__SEG_0058__CH_001,267
UKSI_2015_102__UKSI_2015_102__SEG_0058__CH_002,480
UKSI_2015_102__UKSI_2015_102__SEG_0058__CH_003,237
UKSI_2015_102__UKSI_2015_102__SEG_0059__CH_001,687
UKSI_2015_102__UKSI_2015_102__SEG_0060__CH_001,136
UKSI_2015_102__UKSI_2015_102__SEG_0060__CH_002,276
UKSI_2015_102__UKSI_2015_102__SEG_0060__CH_003,259
UKSI_2015_102__UKSI_2015_102__SEG_0060__CH_004,719
UKSI_2015_102__UKSI_2015_102__SEG_0061__CH_001,95
UKSI_2015_102__UKSI_2015_102__SEG_0062__CH_001,432
UKSI_2015_102__UKSI_2015_102__SEG_0063__CH_001,560
UKSI_2015_102__UKSI_2015_102__SEG_0064__CH_001__M,298
UKSI_2015_102__UKSI_2015_102__SEG_0064__CH_003,232
UKSI_2015_102__UKSI_2015_102__SEG_0065__CH_001,334
UKSI_2015_102__UKSI_2015_102__SEG_0066__CH_001,112
UKSI_2015_102__UKSI_2015_102__SEG_0067__CH_001,470
UKSI_2015_102__UKSI_2015_102__SEG_0067__CH_002,131
UKSI_2015_102__UKSI_2015_102__SEG_0068__CH_001,479
UKSI_2015_102__UKSI_2015_102__SEG_0069__CH_001,419
UKSI_2015_102__UKSI_2015_102__SEG_0070__CH_001,95
UKSI_2015_102__UKSI_2015_102__SEG_0071__CH_001,294
UKSI_2015_102__UKSI_2015_102__SEG_0071__CH_002,222
UKSI_2015_102__UKSI_2015_102__SEG_0072__CH_001,516
UKSI_2015_102__UKSI_2015_102__SEG_0072__CH_002,543
UKSI_2015_102__UKSI_2015_102__SEG_0072__CH_003,42
UKSI_2015_102__UKSI_2015_102__SEG_0073__CH_001,242
UKSI_2015_102__UKSI_2015_102__SEG_0073__CH_002,64
UKSI_2015_102__UKSI_2015_102__SEG_0074__CH_001,35
UKSI_2015_102__UKSI_2015_102__SEG_0075__CH_001,319
UKSI_2015_102__UKSI_2015_102__SEG_0075__CH_002,25
UKSI_2015_102__UKSI_2015_102__SEG_0076__CH_001,50
UKSI_2015_102__UKSI_2015_102__SEG_0076__CH_002,385
UKSI_2015_102__UKSI_2015_102__SEG_0076__CH_003,213
UKSI_2015_102__UKSI_2015_102__SEG_0077__CH_001,413
UKSI_2015_102__UKSI_2015_102__SEG_0077__CH_002,64
UKSI_2015_102__UKSI_2015_102__SEG_0078__CH_001,205
UKSI_2015_102__UKSI_2015_102__SEG_0079__CH_001,145
UKSI_2015_102__UKSI_2015_102__SEG_0079__CH_002,80
UKSI_2015_102__UKSI_2015_102__SEG_0080__CH_001,177
UKSI_2015_102__UKSI_2015_102__SEG_0081__CH_001,62
UKSI_2015_102__UKSI_2015_102__SEG_0082__CH_001,163
UKSI_2015_102__UKSI_2015_102__SEG_0083__CH_001,127
UKSI_2015_102__UKSI_2015_102__SEG_0084__CH_001,567
UKSI_2015_102__UKSI_2015_102__SEG_0084__CH_002,238
UKSI_2015_102__UKSI_2015_102__SEG_0085__CH_001,27
UKSI_2015_102__UKSI_2015_102__SEG_0086__CH_001,467
UKSI_2015_102__UKSI_2015_102__SEG_0086__CH_002,407
UKSI_2015_102__UKSI_2015_102__SEG_0087__CH_001,467
UKSI_2015_102__UKSI_2015_102__SEG_0088__CH_001__M,153
UKSI_2015_102__UKSI_2015_102__SEG_0088__CH_003,73
UKSI_2015_102__UKSI_2015_102__SEG_0089__CH_001,103
UKSI_2015_102__UKSI_2015_102__SEG_0090__CH_001,290
UKSI_2015_102__UKSI_2015_102__SEG_0090__CH_002,83
UKSI_2015_102__UKSI_2015_102__SEG_0091__CH_001,80
UKSI_2015_102__UKSI_2015_102__SEG_0092__CH_001,526
UKSI_2015_102__UKSI_2015_102__SEG_0093__CH_001,344
UKSI_2015_102__UKSI_2015_102__SEG_0094__CH_001,179
UKSI_2015_102__UKSI_2015_102__SEG_0094__CH_002,55
UKSI_2015_102__UKSI_2015_102__SEG_0095__CH_001,198
UKSI_2015_102__UKSI_2015_102__SEG_0096__CH_001,340
UKSI_2015_102__UKSI_2015_102__SEG_0097__CH_001,160
UKSI_2015_102__UKSI_2015_102__SEG_0098__CH_001,289
UKSI_2015_102__UKSI_2015_102__SEG_0099__CH_001,300
UKSI_2015_102__UKSI_2015_102__SEG_0099__CH_002,484
UKSI_2015_102__UKSI_2015_102__SEG_0100__CH_001,263
UKSI_2015_102__UKSI_2015_102__SEG_0100__CH_002,62
UKSI_2015_102__UKSI_2015_102__SEG_0101__CH_001,395
UKSI_2015_102__UKSI_2015_102__SEG_0102__CH_001,429
UKSI_2015_102__UKSI_2015_102__SEG_0102__CH_002,416
UKSI_2015_102__UKSI_2015_102__SEG_0102__CH_003,264
UKSI_2015_102__UKSI_2015_102__SEG_0103__CH_001__M,77
UKSI_2015_102__UKSI_2015_102__SEG_0103__CH_003,171
UKSI_2015_102__UKSI_2015_102__SEG_0103__CH_004,229
UKSI_2015_102__UKSI_2015_102__SEG_0103__CH_005,219
UKSI_2015_102__UKSI_2015_102__SEG_0103__CH_006,35
UKSI_2015_102__UKSI_2015_102__SEG_0104__CH_001,44
UKSI_2015_102__UKSI_2015_102__SEG_0105__CH_001,111
UKSI_2015_102__UKSI_2015_102__SEG_0106__CH_001,295
UKSI_2015_102__UKSI_2015_102__SEG_0106__CH_002,43
UKSI_2015_102__UKSI_2015_102__SEG_0107__CH_001,208
UKSI_2015_102__UKSI_2015_102__SEG_0107__CH_002,34
UKSI_2015_102__UKSI_2015_102__SEG_0108__CH_001,514
UKSI_2015_102__UKSI_2015_102__SEG_0109__CH_001,376
UKSI_2015_102__UKSI_2015_102__SEG_0109__CH_002,23
UKSI_2015_102__UKSI_2015_102__SEG_0110__CH_001,64
UKSI_2015_102__UKSI_2015_102__SEG_0110__CH_002,478
UKSI_2015_102__UKSI_2015_102__SEG_0110__CH_003,321
UKSI_2015_102__UKSI_2015_102__SEG_0111__CH_001,497
UKSI_2015_102__UKSI_2015_102__SEG_0112__CH_001,242
UKSI_2015_102__UKSI_2015_102__SEG_0112__CH_002,114
UKSI_2015_102__UKSI_2015_102__SEG_0113__CH_001,123
UKSI_2015_102__UKSI_2015_102__SEG_0113__CH_002,439
UKSI_2015_102__UKSI_2015_102__SEG_0113__CH_003,567
UKSI_2015_102__UKSI_2015_102__SEG_0113__CH_004,142
UKSI_2015_102__UKSI_2015_102__SEG_0114__CH_002,35
UKSI_2015_102__UKSI_2015_102__SEG_0114__CH_003,37
UKSI_2015_102__UKSI_2015_102__SEG_0115__CH_001,131
UKSI_2015_102__UKSI_2015_102__SEG_0116__CH_001,53
UKSI_2015_102__UKSI_2015_102__SEG_0117__CH_001,65
UKSI_2015_102__UKSI_2015_102__SEG_0118__CH_001,433
UKSI_2015_102__UKSI_2015_102__SEG_0118__CH_002,35
UKSI_2015_102__UKSI_2015_102__SEG_0119__CH_002,21
UKSI_2015_102__UKSI_2015_102__SEG_0119__CH_003,267
UKSI_2015_102__UKSI_2015_102__SEG_0119__CH_004,73
UKSI_2015_102__UKSI_2015_102__SEG_0119__CH_005,72
UKSI_2015_102__UKSI_2015_102__SEG_0119__CH_006,145
UKSI_2015_102__UKSI_2015_102__SEG_0120__CH_001,168
UKSI_2015_102__UKSI_2015_102__SEG_0121__CH_002,179
UKSI_2015_102__UKSI_2015_102__SEG_0122__CH_001,69
UKSI_2015_102__UKSI_2015_102__SEG_0123__CH_001,1624
UKSI_2015_102__UKSI_2015_102__SEG_0124__CH_001,1794
UKSI_2015_102__UKSI_2015_102__SEG_0125__CH_001,1035
UKSI_2015_102__UKSI_2015_102__SEG_0126__CH_001,1686
UKSI_2015_102__UKSI_2015_102__SEG_0127__CH_001,1448
UKSI_2015_102__UKSI_2015_102__SEG_0128__CH_001,1941
UKSI_2015_102__UKSI_2015_102__SEG_0128__CH_002,4068
UKSI_2018_625__LEGV2__CH_00001,49
UKSI_2018_625__LEGV2__CH_00002,238
UKSI_2018_625__LEGV2__CH_00003,70
UKSI_2018_625__LEGV2__CH_00004,39
UKSI_2018_625__LEGV2__CH_00005,257
UKSI_2018_625__LEGV2__CH_00006,138
UKSI_2018_625__LEGV2__CH_00007,294
UKSI_2018_625__LEGV2__CH_00008,51
UKSI_2018_625__LEGV2__CH_00009,96
UKSI_2018_625__LEGV2__CH_00010,52
UKSI_2018_625__LEGV2__CH_00011,76
UKSI_2019_419__LEGV2__CH_00001,92
UKSI_2019_419__LEGV2__CH_00002,107
UKSI_2019_419__LEGV2__CH_00005,436
UKSI_2019_419__LEGV2__CH_00006,102
UKSI_2019_419__LEGV2__CH_00008,82
UKSI_2019_419__LEGV2__CH_00010,43
UKSI_2019_419__LEGV2__CH_00012,510
UKSI_2019_419__LEGV2__CH_00013,89
UKSI_2019_419__LEGV2__CH_00014,25
UKSI_2019_419__LEGV2__CH_00015,83
UKSI_2019_419__LEGV2__CH_00016,207
UKSI_2019_419__LEGV2__CH_00017,156
UKSI_2019_419__LEGV2__CH_00018,43
UKSI_2019_419__LEGV2__CH_00019,451
UKSI_2019_419__LEGV2__CH_00020,114
UKSI_2019_419__LEGV2__CH_00021,102
UKSI_2019_419__LEGV2__CH_00022,20
UKSI_2019_419__LEGV2__CH_00023,340
UKSI_2019_419__LEGV2__CH_00024,28
UKSI_2019_419__LEGV2__CH_00026,107
UKSI_2019_419__LEGV2__CH_00027,62
UKSI_2019_419__LEGV2__CH_00028,198
UKSI_2019_419__LEGV2__CH_00029,59
UKSI_2019_419__LEGV2__CH_00030,97
UKSI_2019_419__LEGV2__CH_00031,66
UKSI_2019_419__LEGV2__CH_00032,70
UKSI_2019_419__LEGV2__CH_00033,123
UKSI_2019_419__LEGV2__CH_00035,71
UKSI_2019_419__LEGV2__CH_00037,82
UKSI_2019_419__LEGV2__CH_00038,120
UKSI_2019_419__LEGV2__CH_00039,63
UKSI_2019_419__LEGV2__CH_00040,182
UKSI_2019_419__LEGV2__CH_00041,26
UKSI_2019_419__LEGV2__CH_00042,30
UKSI_2019_419__LEGV2__CH_00043,72
UKSI_2019_419__LEGV2__CH_00044,206
UKSI_2019_419__LEGV2__CH_00046,107
UKSI_2019_419__LEGV2__CH_00047,68
UKSI_2019_419__LEGV2__CH_00049,103
UKSI_2019_419__LEGV2__CH_00051,159
UKSI_2019_419__LEGV2__CH_00052,70
UKSI_2019_419__LEGV2__CH_00053,394
UKSI_2019_419__LEGV2__CH_00054,154
UKSI_2019_419__LEGV2__CH_00055,54
UKSI_2019_419__LEGV2__CH_00057,71
UKSI_2019_419__LEGV2__CH_00058,222
UKSI_2019_419__LEGV2__CH_00059,119
UKSI_2019_419__LEGV2__CH_00060,207
UKSI_2019_419__LEGV2__CH_00061,386
UKSI_2019_419__LEGV2__CH_00062,173
UKSI_2019_419__LEGV2__CH_00063,196
UKSI_2019_419__LEGV2__CH_00064,263
UKSI_2019_419__LEGV2__CH_00066,199
UKSI_2019_419__LEGV2__CH_00067,21
UKSI_2019_419__LEGV2__CH_00070,86
UKSI_2019_419__LEGV2__CH_00071,153
UKSI_2019_419__LEGV2__CH_00077,313
UKSI_2019_419__LEGV2__CH_00078,230
UKSI_2019_419__LEGV2__CH_00079,30
UKSI_2019_419__LEGV2__CH_00080,82
UKSI_2019_419__LEGV2__CH_00081,22
UKSI_2019_419__LEGV2__CH_00082,106
UKSI_2019_419__LEGV2__CH_00083,94
UKSI_2019_419__LEGV2__CH_00084,35
UKSI_2019_419__LEGV2__CH_00085,162
UKSI_2019_419__LEGV2__CH_00086,26
UKSI_2019_419__LEGV2__CH_00090,259
UKSI_2019_419__LEGV2__CH_00091,25
UKSI_2019_419__LEGV2__CH_00093,110
UKSI_2019_419__LEGV2__CH_00094,26
UKSI_2019_419__LEGV2__CH_00095,89
UKSI_2019_419__LEGV2__CH_00096,44
UKSI_2019_419__LEGV2__CH_00100,47
UKSI_2019_419__LEGV2__CH_00105,126
UKSI_2019_419__LEGV2__CH_00106,84
UKSI_2019_419__LEGV2__CH_00107,41
UKSI_2019_419__LEGV2__CH_00112,52
UKSI_2019_419__LEGV2__CH_00114,68
UKSI_2019_419__LEGV2__CH_00116,312
UKSI_2019_419__LEGV2__CH_00117,58
UKSI_2019_419__LEGV2__CH_00118,161
UKSI_2019_419__LEGV2__CH_00122,60
UKSI_2019_419__LEGV2__CH_00125,56
UKSI_2019_419__LEGV2__CH_00126,31
UKSI_2019_419__LEGV2__CH_00129,95
UKSI_2019_419__LEGV2__CH_00131,589
UKSI_2019_419__LEGV2__CH_00132,169
UKSI_2019_419__LEGV2__CH_00134,178
UKSI_2019_419__LEGV2__CH_00136,176
UKSI_2019_419__LEGV2__CH_00137,159
UKSI_2019_419__LEGV2__CH_00138,148
UKSI_2019_419__LEGV2__CH_00140,86
UKSI_2019_419__LEGV2__CH_00141,66
UKSI_2019_419__LEGV2__CH_00142,139
UKSI_2019_419__LEGV2__CH_00143,115
UKSI_2019_419__LEGV2__CH_00144,87
UKSI_2019_419__LEGV2__CH_00145,65
UKSI_2019_419__LEGV2__CH_00146__M,129
UKSI_2019_419__LEGV2__CH_00149,33
UKSI_2019_419__LEGV2__CH_00150,184
UKSI_2019_419__LEGV2__CH_00151,84
UKSI_2019_419__LEGV2__CH_00152,217
UKSI_2019_419__LEGV2__CH_00154,175
UKSI_2019_419__LEGV2__CH_00158,110
UKSI_2019_419__LEGV2__CH_00159,788
UKSI_2019_419__LEGV2__CH_00160,504
UKSI_2019_419__LEGV2__CH_00166,117
UKSI_2019_419__LEGV2__CH_00169,589
UKSI_2019_419__LEGV2__CH_00177,35
UKSI_2019_419__LEGV2__CH_00179,37
UKSI_2019_419__LEGV2__CH_00194,27
UKSI_2019_419__LEGV2__CH_00196,121
UKSI_2019_419__LEGV2__CH_00199,212
UKSI_2019_419__LEGV2__CH_00203,480
UKSI_2019_419__LEGV2__CH_00204,100
UKSI_2019_419__LEGV2__CH_00205,210
UKSI_2019_419__LEGV2__CH_00208,81
UKSI_2019_419__LEGV2__CH_00209,80
UKSI_2019_419__LEGV2__CH_00210,983
UKSI_2019_419__LEGV2__CH_00211,380
UKSI_2019_419__LEGV2__CH_00212,76
UKSI_2019_419__LEGV2__CH_00213,52
UKSI_2019_419__LEGV2__CH_00215,100
UKSI_2019_419__LEGV2__CH_00217,58
UKSI_2019_419__LEGV2__CH_00218,58
UKSI_2019_419__LEGV2__CH_00219,151
UKSI_2019_419__LEGV2__CH_00220,25
UKSI_2019_419__LEGV2__CH_00221,99
UKSI_2019_419__LEGV2__CH_00222,71
UKSI_2019_419__LEGV2__CH_00223,45
UKSI_2019_419__LEGV2__CH_00224,78
UKSI_2019_419__LEGV2__CH_00225,21
UKSI_2019_419__LEGV2__CH_00226,99
UKSI_2019_419__LEGV2__CH_00229,83
UKSI_2019_419__LEGV2__CH_00231__M,58
UKSI_2019_419__LEGV2__CH_00233,76
UKSI_2019_419__LEGV2__CH_00234,92
UKSI_2019_419__LEGV2__CH_00235,96
UKSI_2019_419__LEGV2__CH_00236,109
UKSI_2019_419__LEGV2__CH_00237,19
UKSI_2019_419__LEGV2__CH_00238,77
UKSI_2019_419__LEGV2__CH_00239,18
UKSI_2019_419__LEGV2__CH_00240,45
UKSI_2019_419__LEGV2__CH_00241,58
UKSI_2019_419__LEGV2__CH_00242,90
UKSI_2019_419__LEGV2__CH_00244,67
UKSI_2019_419__LEGV2__CH_00246,96
UKSI_2019_419__LEGV2__CH_00248,95
UKSI_2019_419__LEGV2__CH_00249,50
UKSI_2019_419__LEGV2__CH_00250,119
UKSI_2019_419__LEGV2__CH_00251,82
UKSI_2019_419__LEGV2__CH_00254,95
UKSI_2019_419__LEGV2__CH_00255,61
UKSI_2019_419__LEGV2__CH_00256,41
UKSI_2019_419__LEGV2__CH_00257,81
UKSI_2019_419__LEGV2__CH_00258,92
UKSI_2019_419__LEGV2__CH_00259,61
UKSI_2019_419__LEGV2__CH_00260,51
UKSI_2019_419__LEGV2__CH_00261,24
UKSI_2019_419__LEGV2__CH_00262,30
UKSI_2019_419__LEGV2__CH_00263,23
UKSI_2019_419__LEGV2__CH_00264,40
UKSI_2019_419__LEGV2__CH_00265,52
UKSI_2019_419__LEGV2__CH_00266,168
UKSI_2019_419__LEGV2__CH_00267,63
UKSI_2019_419__LEGV2__CH_00268,23
UKSI_2019_419__LEGV2__CH_00271,26
UKSI_2019_419__LEGV2__CH_00272,216
UKSI_2019_419__LEGV2__CH_00273,100
UKSI_2019_419__LEGV2__CH_00274,388
UKSI_2019_419__LEGV2__CH_00275,1082
UKSI_2019_419__LEGV2__CH_00276,116
UKSI_2019_419__LEGV2__CH_00277,525
UKSI_2019_419__LEGV2__CH_00278,103
UKSI_2019_419__LEGV2__CH_00279,483
UKSI_2019_419__LEGV2__CH_00280,96
UKSI_2019_419__LEGV2__CH_00283,83
UKSI_2019_419__LEGV2__CH_00285,21
UKSI_2019_419__LEGV2__CH_00286,97
UKSI_2019_419__LEGV2__CH_00288,42
UKSI_2019_419__LEGV2__CH_00291,62
UKSI_2019_419__LEGV2__CH_00292,53
UKSI_2019_419__LEGV2__CH_00293,25
UKSI_2019_419__LEGV2__CH_00294,31
UKSI_2019_419__LEGV2__CH_00295,25
UKSI_2019_419__LEGV2__CH_00296,41
UKSI_2019_419__LEGV2__CH_00297,53
UKSI_2019_419__LEGV2__CH_00298__M,234
UKSI_2019_419__LEGV2__CH_00300,24
UKSI_2019_419__LEGV2__CH_00301,1005
UKSI_2019_419__LEGV2__CH_00302,116
UKSI_2019_419__LEGV2__CH_00304,30
UKSI_2019_419__LEGV2__CH_00306,63
UKSI_2019_419__LEGV2__CH_00307,100
UKSI_2019_419__LEGV2__CH_00309,50
UKSI_2019_419__LEGV2__CH_00310,59
UKSI_2019_419__LEGV2__CH_00311,51
UKSI_2019_419__LEGV2__CH_00312,50
UKSI_2019_419__LEGV2__CH_00313,47
UKSI_2019_419__LEGV2__CH_00315,109
UKSI_2019_419__LEGV2__CH_00316,119
UKSI_2019_419__LEGV2__CH_00317,48
UKSI_2019_419__LEGV2__CH_00318,96
UKSI_2019_419__LEGV2__CH_00319,99
UKSI_2019_419__LEGV2__CH_00320,217
UKSI_2019_419__LEGV2__CH_00321,98
UKSI_2019_419__LEGV2__CH_00322,213
UKSI_2019_419__LEGV2__CH_00323,84
UKSI_2019_419__LEGV2__CH_00324,99
UKSI_2019_419__LEGV2__CH_00325,108
UKSI_2019_419__LEGV2__CH_00326,86
UKSI_2019_419__LEGV2__CH_00327,160
UKSI_2019_419__LEGV2__CH_00328,154
UKSI_2019_419__LEGV2__CH_00329,55
UKSI_2019_419__LEGV2__CH_00330,54
UKSI_2019_419__LEGV2__CH_00332,79
UKSI_2019_419__LEGV2__CH_00333,30
UKSI_2019_419__LEGV2__CH_00336,28
UKSI_2019_419__LEGV2__CH_00337,111
UKSI_2019_419__LEGV2__CH_00339,46
UKSI_2019_419__LEGV2__CH_00340,52
UKSI_2019_419__LEGV2__CH_00341,30
UKSI_2019_419__LEGV2__CH_00342,47
UKSI_2019_419__LEGV2__CH_00343,89
UKSI_2019_419__LEGV2__CH_00344,30
UKSI_2019_419__LEGV2__CH_00346,96
UKSI_2019_419__LEGV2__CH_00347,131
UKSI_2019_419__LEGV2__CH_00349,61
UKSI_2019_419__LEGV2__CH_00350,36
UKSI_2019_419__LEGV2__CH_00353,104
UKSI_2019_419__LEGV2__CH_00354,47
UKSI_2019_419__LEGV2__CH_00357,74
UKSI_2019_419__LEGV2__CH_00358,36
UKSI_2019_419__LEGV2__CH_00359,103
UKSI_2019_419__LEGV2__CH_00360,102
UKSI_2019_419__LEGV2__CH_00361,175
UKSI_2019_419__LEGV2__CH_00362,180
UKSI_2019_419__LEGV2__CH_00363,100
UKSI_2019_419__LEGV2__CH_00364,116
UKSI_2019_419__LEGV2__CH_00365,55
UKSI_2019_419__LEGV2__CH_00366,105
UKSI_2019_419__LEGV2__CH_00367,114
UKSI_2019_419__LEGV2__CH_00369,62
UKSI_2019_419__LEGV2__CH_00371,96
UKSI_2019_419__LEGV2__CH_00373,196
UKSI_2019_419__LEGV2__CH_00374,67
UKSI_2019_419__LEGV2__CH_00375,64
UKSI_2019_419__LEGV2__CH_00376,52
UKSI_2019_419__LEGV2__CH_00377,145
UKSI_2019_419__LEGV2__CH_00378,152
UKSI_2019_419__LEGV2__CH_00379,157
UKSI_2019_419__LEGV2__CH_00381,74
UKSI_2019_419__LEGV2__CH_00382,36
UKSI_2019_419__LEGV2__CH_00383,33
UKSI_2019_419__LEGV2__CH_00386,50
UKSI_2019_419__LEGV2__CH_00387,32
UKSI_2019_419__LEGV2__CH_00388,41
UKSI_2019_419__LEGV2__CH_00389,40
UKSI_2019_419__LEGV2__CH_00390,118
UKSI_2019_419__LEGV2__CH_00391,32
UKSI_2019_419__LEGV2__CH_00392,186
UKSI_2019_419__LEGV2__CH_00394,182
UKSI_2019_419__LEGV2__CH_00395,111
UKSI_2019_419__LEGV2__CH_00396,119
UKSI_2019_419__LEGV2__CH_00397,107
UKSI_2019_419__LEGV2__CH_00398,63
UKSI_2019_419__LEGV2__CH_00400,163
UKSI_2019_419__LEGV2__CH_00401,89
UKSI_2019_419__LEGV2__CH_00402,62
UKSI_2019_419__LEGV2__CH_00403,49
UKSI_2019_419__LEGV2__CH_00407,73
UKSI_2019_419__LEGV2__CH_00408,31
UKSI_2019_419__LEGV2__CH_00410,33
UKSI_2019_419__LEGV2__CH_00411,384
UKSI_2019_419__LEGV2__CH_00412,67
UKSI_2019_419__LEGV2__CH_00413,59
UKSI_2019_419__LEGV2__CH_00415,75
UKSI_2019_419__LEGV2__CH_00416,27
UKSI_2024_692__NODEV1__CH_00001,76
UKSI_2024_692__NODEV1__CH_00002,54
UKSI_2024_692__NODEV1__CH_00003,84
UKSI_2024_692__NODEV1__CH_00004,277
UKSI_2024_692__NODEV1__CH_00005,1089
UKSI_2024_692__NODEV1__CH_00006,589
UKSI_2024_692__NODEV1__CH_00007,346
UKSI_2024_692__NODEV1__CH_00008,429
UKSI_2024_692__NODEV1__CH_00009,539
UKSI_2024_692__NODEV1__CH_00010,372
UKSI_2024_692__NODEV1__CH_00011,1212
UKSI_2024_692__NODEV1__CH_00012,1701
UKSI_2024_692__NODEV1__CH_00013,266
UKSI_2024_692__NODEV1__CH_00014,282
UKSI_2024_692__NODEV1__CH_00015,136
UKSI_2024_692__NODEV1__CH_00016,300
UKSI_2024_692__NODEV1__CH_00017,203
UKSI_2024_692__NODEV1__CH_00018,1476
UKSI_2024_692__NODEV1__CH_00019,569
UKSI_2024_692__NODEV1__CH_00020,504
UKSI_2024_692__NODEV1__CH_00021,259
UKSI_2024_692__NODEV1__CH_00022,506
UKSI_2024_692__NODEV1__CH_00023,97
UKSI_2024_692__NODEV1__CH_00024,437
UKSI_2024_692__NODEV1__CH_00025,1635
UKSI_2024_692__NODEV1__CH_00026,1230
UKSI_2024_692__NODEV1__CH_00027,2041
UKSI_2024_692__NODEV1__CH_00028,225
UKSI_2024_692__NODEV1__CH_00029,589
UKSI_2024_692__NODEV1__CH_00030,298
UKSI_2024_692__NODEV1__CH_00031,515
UKSI_2024_692__NODEV1__CH_00032,828
UKSI_2024_692__NODEV1__CH_00033,361
UKSI_2024_692__NODEV1__CH_00034,285
UKSI_2024_692__NODEV1__CH_00035,590
UKSI_2024_692__NODEV1__CH_00036,319
UKSI_2024_692__NODEV1__CH_00037,167
UKSI_2024_692__NODEV1__CH_00038,148
UKSI_2024_692__NODEV1__CH_00039,488
UKSI_2024_692__NODEV1__CH_00040,338
UKSI_2024_692__NODEV1__CH_00041,1271
UKSI_2024_692__NODEV1__CH_00042,567
UKSI_2024_692__NODEV1__CH_00043,656
UKSI_2024_692__NODEV1__CH_00044,230
UKSI_2024_692__NODEV1__CH_00045,1003
UKSI_2024_692__NODEV1__CH_00046,1123
UKSI_2024_692__NODEV1__CH_00047,943
UKSI_2024_692__NODEV1__CH_00048,475
UKSI_2024_692__NODEV1__CH_00049,511
UKSI_2024_692__NODEV1__CH_00050,534
UKSI_2024_692__NODEV1__CH_00052,134
UKSI_2024_692__NODEV1__CH_00053,43
UKSI_2024_692__NODEV1__CH_00054,59
UKSI_2024_692__NODEV1__CH_00055,1699
UKSI_2024_692__NODEV1__CH_00056,357
UKSI_2024_692__NODEV1__CH_00058,85
UKSI_2024_692__NODEV1__CH_00059,77
UKSI_2024_692__NODEV1__CH_00060,48
UKSI_2024_692__NODEV1__CH_00061,4726
UKSI_2024_692__NODEV1__CH_00062,1546
UKSI_2024_692__NODEV1__CH_00063,8074
UKSI_2024_716__NODEV1__CH_00001,549
UKSI_2024_716__NODEV1__CH_00002,61
UKSI_2024_716__NODEV1__CH_00003,472
UKSI_2024_716__NODEV1__CH_00004,432
UKSI_2024_716__NODEV1__CH_00005,1137
UKSI_2024_716__NODEV1__CH_00006,410
UKSI_2024_716__NODEV1__CH_00007,243
UKSI_2024_716__NODEV1__CH_00008,1008
UKSI_2024_716__NODEV1__CH_00009,416
UKSI_2024_959__NODEV1__CH_00001,71
UKSI_2024_959__NODEV1__CH_00002,449
UKSI_2025_163__LEGV2__CH_00001,29
UKSI_2025_163__LEGV2__CH_00002,39
UKSI_2025_163__LEGV2__CH_00003,23
UKSI_2025_163__LEGV2__CH_00004,45
UKSI_2025_163__LEGV2__CH_00005,27
UKSI_2025_163__LEGV2__CH_00006,18
UKSI_2025_163__LEGV2__CH_00008,117
UKSI_2025_163__LEGV2__CH_00009,120
UKSI_2025_163__LEGV2__CH_00010,97
UKSI_2025_163__LEGV2__CH_00011,79
UKSI_2025_163__LEGV2__CH_00012,140
UKSI_2025_163__LEGV2__CH_00013,153
UKSI_2025_163__LEGV2__CH_00014,151
UKSI_2025_163__LEGV2__CH_00015,160
UKSI_2025_163__LEGV2__CH_00016,162
UKSI_2025_163__LEGV2__CH_00017,138
UKSI_2025_163__LEGV2__CH_00018,181
UKSI_2025_163__LEGV2__CH_00019,789
UKSI_2025_163__LEGV2__CH_00020,360
UKSI_2025_163__LEGV2__CH_00021,937
UKSI_2025_163__LEGV2__CH_00024,71
UKSI_2025_163__LEGV2__CH_00025,179
UKSI_2025_163__LEGV2__CH_00027,106
UKSI_2025_163__LEGV2__CH_00028,221
UKSI_2025_163__LEGV2__CH_00029,90
UKSI_2025_163__LEGV2__CH_00030,97
UKSI_2025_163__LEGV2__CH_00031,135
UKSI_2025_163__LEGV2__CH_00032,109
UKSI_2025_163__LEGV2__CH_00033,153
UKSI_2025_163__LEGV2__CH_00034,144
UKSI_2025_163__LEGV2__CH_00035,261
UKSI_2025_163__LEGV2__CH_00036,238
UKSI_2025_163__LEGV2__CH_00037,226
UKSI_2025_163__LEGV2__CH_00038__M,240
UKSI_2025_163__LEGV2__CH_00040,77
UKSI_2025_163__LEGV2__CH_00041,43
UKSI_2025_163__LEGV2__CH_00042,240
UKSI_2025_163__LEGV2__CH_00043,277
UKSI_2025_163__LEGV2__CH_00044,211
UKSI_2025_163__LEGV2__CH_00045,177
UKSI_2025_163__LEGV2__CH_00046,63
UKSI_2025_163__LEGV2__CH_00047,80
UKSI_2025_163__LEGV2__CH_00048,71
UKSI_2025_163__LEGV2__CH_00049,149
UKSI_2025_163__LEGV2__CH_00050,60
UKSI_2025_163__LEGV2__CH_00051,581
UKSI_2025_163__LEGV2__CH_00052,95
UKSI_2025_163__LEGV2__CH_00053,55
UKSI_2025_163__LEGV2__CH_00054,143
UKSI_2025_163__LEGV2__CH_00055,181
UKSI_2025_163__LEGV2__CH_00056,86
UKSI_2025_163__LEGV2__CH_00057,71
UKSI_2025_163__LEGV2__CH_00058,163
UKSI_2025_163__LEGV2__CH_00059,190
UKSI_2025_163__LEGV2__CH_00060,92
UKSI_2025_163__LEGV2__CH_00061,77
UKSI_2025_163__LEGV2__CH_00062,175
UKSI_2025_163__LEGV2__CH_00063,189
UKSI_2025_163__LEGV2__CH_00064,234
UKSI_2025_163__LEGV2__CH_00065,1007
UKSI_2025_163__LEGV2__CH_00066,1127
UKSI_2025_163__LEGV2__CH_00067,155
UKSI_2025_163__LEGV2__CH_00068,209
UKSI_2025_163__LEGV2__CH_00069,204
UKSI_2025_163__LEGV2__CH_00070,377
UKSI_2025_163__LEGV2__CH_00071,154
UKSI_2025_163__LEGV2__CH_00072,223
UKSI_2025_163__LEGV2__CH_00073,101
UKSI_2025_163__LEGV2__CH_00074,161
UKSI_2025_163__LEGV2__CH_00077,173
UKSI_2025_163__LEGV2__CH_00080,256
UKSI_2025_163__LEGV2__CH_00081,119
UKSI_2025_163__LEGV2__CH_00082,380
UKSI_2025_163__LEGV2__CH_00083,72
UKSI_2025_163__LEGV2__CH_00084,97
UKSI_2025_163__LEGV2__CH_00085,81
UKSI_2025_163__LEGV2__CH_00086,1059
UKSI_2025_163__LEGV2__CH_00087,75
UKSI_2025_163__LEGV2__CH_00088,66
UKSI_2025_163__LEGV2__CH_00089,1060
UKSI_2025_163__LEGV2__CH_00090,188
UKSI_2025_163__LEGV2__CH_00091,468
UKSI_2025_163__LEGV2__CH_00093,59
UKSI_2025_163__LEGV2__CH_00094,97
UKSI_2025_163__LEGV2__CH_00095,58
UKSI_2025_163__LEGV2__CH_00096,127
UKSI_2025_163__LEGV2__CH_00097,45
UKSI_2025_163__LEGV2__CH_00098,213
UKSI_2025_163__LEGV2__CH_00099,88
UKSI_2025_163__LEGV2__CH_00100,55
UKSI_2025_163__LEGV2__CH_00103,94
UKSI_2025_163__LEGV2__CH_00104,46
UKSI_2025_163__LEGV2__CH_00105,44
UKSI_2025_163__LEGV2__CH_00106,109
UKSI_2025_163__LEGV2__CH_00107,187
UKSI_2025_163__LEGV2__CH_00108,194
UKSI_2025_163__LEGV2__CH_00111,50
UKSI_2025_163__LEGV2__CH_00113,331
UKSI_2025_163__LEGV2__CH_00115,308
UKSI_2025_163__LEGV2__CH_00117,122
UKSI_2025_163__LEGV2__CH_00119,181
UKSI_2025_163__LEGV2__CH_00120,25
UKSI_2025_163__LEGV2__CH_00121,55
UKSI_2025_163__LEGV2__CH_00123,271
UKSI_2025_163__LEGV2__CH_00124,141
UKSI_2025_163__LEGV2__CH_00125,158
UKSI_2025_163__LEGV2__CH_00126,31
UKSI_2025_163__LEGV2__CH_00127,321
UKSI_2025_163__LEGV2__CH_00128,206
UKSI_2025_163__LEGV2__CH_00129,501
UKSI_2025_163__LEGV2__CH_00130,244
UKSI_2025_163__LEGV2__CH_00131,107
UKSI_2025_163__LEGV2__CH_00132,71
UKSI_2025_163__LEGV2__CH_00133,245
UKSI_2025_163__LEGV2__CH_00134,393
UKSI_2025_163__LEGV2__CH_00135,32
UKSI_2025_163__LEGV2__CH_00136,31
UKSI_2025_163__LEGV2__CH_00137,50
UKSI_2025_163__LEGV2__CH_00138,54
UKSI_2025_163__LEGV2__CH_00139,216
UKSI_2025_163__LEGV2__CH_00140,110
UKSI_2025_163__LEGV2__CH_00141,26
UKSI_2025_163__LEGV2__CH_00142,588
UKSI_2025_163__LEGV2__CH_00143,559
UKSI_2026_82__LEGV2__CH_00001,41
UKSI_2026_82__LEGV2__CH_00002,90
UKSI_2026_82__LEGV2__CH_00003,688
UKSI_2026_82__LEGV2__CH_00004,55
UKSI_2026_82__LEGV2__CH_00005,133
UKSI_2026_82__LEGV2__CH_00006,81
UKSI_2026_82__LEGV2__CH_00007,62
UKSI_2026_82__LEGV2__CH_00008,59
UKSI_2026_82__LEGV2__CH_00009,105
UKSI_2026_82__LEGV2__CH_00010,63
UKSI_2026_82__LEGV2__CH_00011,49
UKSI_2026_82__LEGV2__CH_00012,190
UKSI_2026_82__LEGV2__CH_00013,201
a00abe9efea9d289aba7e80b__a00abe9efea9d289aba7e80b__SEG_0001__CH_001,176
a00abe9efea9d289aba7e80b__a00abe9efea9d289aba7e80b__SEG_0001__CH_002,153
a0c63f147bc31f7a8b945faa__a0c63f147bc31f7a8b945faa__SEG_0001__CH_001,229
a0c63f147bc31f7a8b945faa__a0c63f147bc31f7a8b945faa__SEG_0001__CH_002,99
a0c63f147bc31f7a8b945faa__a0c63f147bc31f7a8b945faa__SEG_0001__CH_003,235
a0c63f147bc31f7a8b945faa__a0c63f147bc31f7a8b945faa__SEG_0001__CH_004,171
a0c63f147bc31f7a8b945faa__a0c63f147bc31f7a8b945faa__SEG_0001__CH_005,313
a0c63f147bc31f7a8b945faa__a0c63f147bc31f7a8b945faa__SEG_0001__CH_006,187
a0c63f147bc31f7a8b945faa__a0c63f147bc31f7a8b945faa__SEG_0001__CH_007,136
a1019be78da2f0e20f6b4108__a1019be78da2f0e20f6b4108__SEG_0001__CH_001,171
a1019be78da2f0e20f6b4108__a1019be78da2f0e20f6b4108__SEG_0001__CH_002,386
a1019be78da2f0e20f6b4108__a1019be78da2f0e20f6b4108__SEG_0001__CH_003,851
a1019be78da2f0e20f6b4108__a1019be78da2f0e20f6b4108__SEG_0001__CH_004,313
a1153fec4f1526ae505a64a0__a1153fec4f1526ae505a64a0__SEG_0001__CH_001,526
a1153fec4f1526ae505a64a0__a1153fec4f1526ae505a64a0__SEG_0001__CH_002,412
a1153fec4f1526ae505a64a0__a1153fec4f1526ae505a64a0__SEG_0001__CH_003,1697
a1153fec4f1526ae505a64a0__a1153fec4f1526ae505a64a0__SEG_0001__CH_004,1423
a1153fec4f1526ae505a64a0__a1153fec4f1526ae505a64a0__SEG_0001__CH_005,1887
a1354f8d5e5501457caaa417__a1354f8d5e5501457caaa417__SEG_0001__CH_001,641
a1354f8d5e5501457caaa417__a1354f8d5e5501457caaa417__SEG_0001__CH_002,845
a1354f8d5e5501457caaa417__a1354f8d5e5501457caaa417__SEG_0001__CH_003,636
a14ac82b7c1899d98143213e__a14ac82b7c1899d98143213e__SEG_0001__CH_001,1021
a14ac82b7c1899d98143213e__a14ac82b7c1899d98143213e__SEG_0001__CH_002,1242
a15347d692f2bfc8ce57616d__a15347d692f2bfc8ce57616d__SEG_0001__CH_001,145
a15347d692f2bfc8ce57616d__a15347d692f2bfc8ce57616d__SEG_0001__CH_002,57
a19dddfb6b7fbd02a09c0742__a19dddfb6b7fbd02a09c0742__SEG_0001__CH_001,308
a1a9daeaa7c94959db8039eb__a1a9daeaa7c94959db8039eb__SEG_0001__CH_002,366
a1d86a105bd13aabe17f88bf__a1d86a105bd13aabe17f88bf__SEG_0001__CH_001,1115
a1e548bee45e7180a3159f25__PDFV2__CH_0002,670
a1e548bee45e7180a3159f25__PDFV2__CH_0005,620
a1e548bee45e7180a3159f25__PDFV2__CH_0006,656
a1e548bee45e7180a3159f25__PDFV2__CH_0012,240
a1e548bee45e7180a3159f25__PDFV2__CH_0013,349
a1e548bee45e7180a3159f25__PDFV2__CH_0014,485
a1e548bee45e7180a3159f25__PDFV2__CH_0015,650
a1e548bee45e7180a3159f25__PDFV2__CH_0016,494
a23311e22491d5140f7921d2__PDFV2__CH_0003,354
a23311e22491d5140f7921d2__PDFV2__CH_0004,287
a23311e22491d5140f7921d2__PDFV2__CH_0006,421
a23311e22491d5140f7921d2__PDFV2__CH_0007,201
a23311e22491d5140f7921d2__PDFV2__CH_0008,336
a255e457ea4d9ea7238c59a4__a255e457ea4d9ea7238c59a4__SEG_0001__CH_001,439
a255e457ea4d9ea7238c59a4__a255e457ea4d9ea7238c59a4__SEG_0001__CH_002,592
a255e457ea4d9ea7238c59a4__a255e457ea4d9ea7238c59a4__SEG_0001__CH_003,820
a255e457ea4d9ea7238c59a4__a255e457ea4d9ea7238c59a4__SEG_0002__CH_001,253
a255e457ea4d9ea7238c59a4__a255e457ea4d9ea7238c59a4__SEG_0002__CH_002__M,503
a2590f405a81d1aed805f4c1__a2590f405a81d1aed805f4c1__SEG_0001__CH_001,212
a2b0100c8fbb8aef5ff341ee__PDFV2__CH_0004,389
a2b0100c8fbb8aef5ff341ee__PDFV2__CH_0009,480
a2b0100c8fbb8aef5ff341ee__PDFV2__CH_0010,514
a2b0100c8fbb8aef5ff341ee__PDFV2__CH_0011,335
a2b0100c8fbb8aef5ff341ee__PDFV2__CH_0012,269
a2b0100c8fbb8aef5ff341ee__PDFV2__CH_0013,646
a2b0100c8fbb8aef5ff341ee__PDFV2__CH_0014,412
a2b0100c8fbb8aef5ff341ee__PDFV2__CH_0015,301
a2b0100c8fbb8aef5ff341ee__PDFV2__CH_0016,217
a2b0100c8fbb8aef5ff341ee__PDFV2__CH_0017,399
a2b0100c8fbb8aef5ff341ee__PDFV2__CH_0018,265
a2b0100c8fbb8aef5ff341ee__PDFV2__CH_0019,106
a2b0100c8fbb8aef5ff341ee__PDFV2__CH_0020,182
a2b0100c8fbb8aef5ff341ee__PDFV2__CH_0021,229
a2b0100c8fbb8aef5ff341ee__PDFV2__CH_0022,158
a31bf40b4b98b8bdbf382370__a31bf40b4b98b8bdbf382370__SEG_0001__CH_001,215
a31bf40b4b98b8bdbf382370__a31bf40b4b98b8bdbf382370__SEG_0001__CH_002,1325
a31bf40b4b98b8bdbf382370__a31bf40b4b98b8bdbf382370__SEG_0001__CH_003,265
a31bf40b4b98b8bdbf382370__a31bf40b4b98b8bdbf382370__SEG_0001__CH_004,266
a31e80ac4fd7fc7c90891f10__a31e80ac4fd7fc7c90891f10__SEG_0001__CH_001,351
a31e80ac4fd7fc7c90891f10__a31e80ac4fd7fc7c90891f10__SEG_0001__CH_002,528
a31e80ac4fd7fc7c90891f10__a31e80ac4fd7fc7c90891f10__SEG_0001__CH_003,383
a31e80ac4fd7fc7c90891f10__a31e80ac4fd7fc7c90891f10__SEG_0001__CH_004,308
a32f860b197395d3d386e053__a32f860b197395d3d386e053__SEG_0001__CH_001,189
a32f860b197395d3d386e053__a32f860b197395d3d386e053__SEG_0001__CH_002,212
a36c9ca37031d676e7311d57__PDFV2__CH_0001,589
a36c9ca37031d676e7311d57__PDFV2__CH_0002,489
a36c9ca37031d676e7311d57__PDFV2__CH_0003,703
a36c9ca37031d676e7311d57__PDFV2__CH_0004__M,618
a36c9ca37031d676e7311d57__PDFV2__CH_0006,456
a36c9ca37031d676e7311d57__PDFV2__CH_0007,449
a36c9ca37031d676e7311d57__PDFV2__CH_0008,402
a36c9ca37031d676e7311d57__PDFV2__CH_0009,366
a36c9ca37031d676e7311d57__PDFV2__CH_0010,540
a36c9ca37031d676e7311d57__PDFV2__CH_0011,516
a37cf5f4427936a59daa9154__a37cf5f4427936a59daa9154__SEG_0001__CH_001,403
a37cf5f4427936a59daa9154__a37cf5f4427936a59daa9154__SEG_0001__CH_002,260
a37cf5f4427936a59daa9154__a37cf5f4427936a59daa9154__SEG_0001__CH_004,1769
a3e826a610457d82ebb9e6f2__a3e826a610457d82ebb9e6f2__SEG_0001__CH_001,435
a482830905ffeb51ef2e443a__a482830905ffeb51ef2e443a__SEG_0001__CH_001,278
a482830905ffeb51ef2e443a__a482830905ffeb51ef2e443a__SEG_0001__CH_002,697
a482830905ffeb51ef2e443a__a482830905ffeb51ef2e443a__SEG_0001__CH_003,143
a4981305aa7c2cef9e30d7e2__PDFV2__CH_0001,326
a4981305aa7c2cef9e30d7e2__PDFV2__CH_0002,343
a4981305aa7c2cef9e30d7e2__PDFV2__CH_0003,399
a4981305aa7c2cef9e30d7e2__PDFV2__CH_0004,314
a4981305aa7c2cef9e30d7e2__PDFV2__CH_0005,394
a49b33ce5d3c786431f2ee9f__a49b33ce5d3c786431f2ee9f__SEG_0001__CH_001,310
a49b33ce5d3c786431f2ee9f__a49b33ce5d3c786431f2ee9f__SEG_0001__CH_002,175
a49e91fb1e719f9c9c54a5ce__a49e91fb1e719f9c9c54a5ce__SEG_0001__CH_001,478
a49e91fb1e719f9c9c54a5ce__a49e91fb1e719f9c9c54a5ce__SEG_0001__CH_002,141
a4ada9e719b2df7b822ad6c4__PDFV2__CH_0002,193
a4ada9e719b2df7b822ad6c4__PDFV2__CH_0003,155
a5126366563e4aea35868128__PDFV2__CH_0005,73
a5126366563e4aea35868128__PDFV2__CH_0006,195
a5126366563e4aea35868128__PDFV2__CH_0007,482
a531f6a1fce8d067f4927028__PDFV2__CH_0001,468
a531f6a1fce8d067f4927028__PDFV2__CH_0002,274
a564da3aea87a71d920dfb9f__a564da3aea87a71d920dfb9f__SEG_0001__CH_001,902
a57dd5676f441ff3fdeb0a10__PDFV2__CH_0001,246
a57dd5676f441ff3fdeb0a10__PDFV2__CH_0002,360
a57dd5676f441ff3fdeb0a10__PDFV2__CH_0003,189
a57fe06256db3b3cca8b54b7__PDFV2__CH_0004,156
a57fe06256db3b3cca8b54b7__PDFV2__CH_0005,243
a57fe06256db3b3cca8b54b7__PDFV2__CH_0007,147
a57fe06256db3b3cca8b54b7__PDFV2__CH_0008,460
a57fe06256db3b3cca8b54b7__PDFV2__CH_0009,368
a57fe06256db3b3cca8b54b7__PDFV2__CH_0011,602
a57fe06256db3b3cca8b54b7__PDFV2__CH_0012,288
a57fe06256db3b3cca8b54b7__PDFV2__CH_0013__M,855
a57fe06256db3b3cca8b54b7__PDFV2__CH_0015,598
a57fe06256db3b3cca8b54b7__PDFV2__CH_0016,752
a57fe06256db3b3cca8b54b7__PDFV2__CH_0017,492
a57fe06256db3b3cca8b54b7__PDFV2__CH_0018,725
a57fe06256db3b3cca8b54b7__PDFV2__CH_0019,421
a57fe06256db3b3cca8b54b7__PDFV2__CH_0021,564
a57fe06256db3b3cca8b54b7__PDFV2__CH_0022,436
a57fe06256db3b3cca8b54b7__PDFV2__CH_0023__M,866
a57fe06256db3b3cca8b54b7__PDFV2__CH_0025,497
a57fe06256db3b3cca8b54b7__PDFV2__CH_0026,274
a57fe06256db3b3cca8b54b7__PDFV2__CH_0027,237
a57fe06256db3b3cca8b54b7__PDFV2__CH_0028,162
a57fe06256db3b3cca8b54b7__PDFV2__CH_0029,405
a57fe06256db3b3cca8b54b7__PDFV2__CH_0030,679
a57fe06256db3b3cca8b54b7__PDFV2__CH_0031,497
a57fe06256db3b3cca8b54b7__PDFV2__CH_0032,177
a57fe06256db3b3cca8b54b7__PDFV2__CH_0035,220
a57fe06256db3b3cca8b54b7__PDFV2__CH_0036,275
a57fe06256db3b3cca8b54b7__PDFV2__CH_0037,244
a57fe06256db3b3cca8b54b7__PDFV2__CH_0038__M,571
a57fe06256db3b3cca8b54b7__PDFV2__CH_0040__M,886
a57fe06256db3b3cca8b54b7__PDFV2__CH_0042,567
a57fe06256db3b3cca8b54b7__PDFV2__CH_0043,439
a57fe06256db3b3cca8b54b7__PDFV2__CH_0044,205
a57fe06256db3b3cca8b54b7__PDFV2__CH_0045,491
a57fe06256db3b3cca8b54b7__PDFV2__CH_0046,492
a57fe06256db3b3cca8b54b7__PDFV2__CH_0049,213
a57fe06256db3b3cca8b54b7__PDFV2__CH_0050,581
a589e8d848ac777e18d8de91__a589e8d848ac777e18d8de91__SEG_0001__CH_001,442
a5ebde1ff7f9615ff202b732__a5ebde1ff7f9615ff202b732__SEG_0001__CH_001,617
a5ebde1ff7f9615ff202b732__a5ebde1ff7f9615ff202b732__SEG_0001__CH_002,862
a5ebde1ff7f9615ff202b732__a5ebde1ff7f9615ff202b732__SEG_0001__CH_003,704
a5ebde1ff7f9615ff202b732__a5ebde1ff7f9615ff202b732__SEG_0001__CH_004,3644
a5ebde1ff7f9615ff202b732__a5ebde1ff7f9615ff202b732__SEG_0001__CH_005,158
a5ebde1ff7f9615ff202b732__a5ebde1ff7f9615ff202b732__SEG_0002__CH_001,996
a5ebde1ff7f9615ff202b732__a5ebde1ff7f9615ff202b732__SEG_0002__CH_002,2462
a5edeaf86fd2552e2d2ce39e__a5edeaf86fd2552e2d2ce39e__SEG_0001__CH_001,317
a5edeaf86fd2552e2d2ce39e__a5edeaf86fd2552e2d2ce39e__SEG_0001__CH_002,110
a5edeaf86fd2552e2d2ce39e__a5edeaf86fd2552e2d2ce39e__SEG_0001__CH_003,164
a5edeaf86fd2552e2d2ce39e__a5edeaf86fd2552e2d2ce39e__SEG_0001__CH_005,294
a5edeaf86fd2552e2d2ce39e__a5edeaf86fd2552e2d2ce39e__SEG_0001__CH_006,675
a632d65c48d6fbbaa71577c4__PDFV2__CH_0001,180
a632d65c48d6fbbaa71577c4__PDFV2__CH_0002,194
a632d65c48d6fbbaa71577c4__PDFV2__CH_0003,178
a632d65c48d6fbbaa71577c4__PDFV2__CH_0005,183
a632d65c48d6fbbaa71577c4__PDFV2__CH_0006,293
a6e7c9be6e4e1e2b63b54fdb__a6e7c9be6e4e1e2b63b54fdb__SEG_0001__CH_001,272
a6f76de409b594e578f2d11b__PDFV2__CH_0001,231
a6f76de409b594e578f2d11b__PDFV2__CH_0002,229
a6f76de409b594e578f2d11b__PDFV2__CH_0003,194
a6f76de409b594e578f2d11b__PDFV2__CH_0004,213
a6f76de409b594e578f2d11b__PDFV2__CH_0005,247
a6f76de409b594e578f2d11b__PDFV2__CH_0006,150
a6f76de409b594e578f2d11b__PDFV2__CH_0007,310
a6f76de409b594e578f2d11b__PDFV2__CH_0008,327
a6f76de409b594e578f2d11b__PDFV2__CH_0009,285
a6f76de409b594e578f2d11b__PDFV2__CH_0010,348
a6f76de409b594e578f2d11b__PDFV2__CH_0011,435
a6f76de409b594e578f2d11b__PDFV2__CH_0012,145
a6f76de409b594e578f2d11b__PDFV2__CH_0013,197
a6f76de409b594e578f2d11b__PDFV2__CH_0014,228
a6f76de409b594e578f2d11b__PDFV2__CH_0015,216
a6f76de409b594e578f2d11b__PDFV2__CH_0016,402
a6f76de409b594e578f2d11b__PDFV2__CH_0017,275
a6f76de409b594e578f2d11b__PDFV2__CH_0018,87
a6f76de409b594e578f2d11b__PDFV2__CH_0020,301
a6f76de409b594e578f2d11b__PDFV2__CH_0021,541
a6f76de409b594e578f2d11b__PDFV2__CH_0022,482
a6f76de409b594e578f2d11b__PDFV2__CH_0023,685
a6f76de409b594e578f2d11b__PDFV2__CH_0024,741
a6f76de409b594e578f2d11b__PDFV2__CH_0025,444
a6f76de409b594e578f2d11b__PDFV2__CH_0026__M,505
a6f76de409b594e578f2d11b__PDFV2__CH_0028,403
a6f76de409b594e578f2d11b__PDFV2__CH_0029,436
a6f76de409b594e578f2d11b__PDFV2__CH_0030,338
a728de4c7cf57df43a2a939a__a728de4c7cf57df43a2a939a__SEG_0001__CH_001,414
a728de4c7cf57df43a2a939a__a728de4c7cf57df43a2a939a__SEG_0001__CH_002,386
a7fc9a0229f90c8b0e1b5a54__a7fc9a0229f90c8b0e1b5a54__SEG_0001__CH_001,695
a7fc9a0229f90c8b0e1b5a54__a7fc9a0229f90c8b0e1b5a54__SEG_0001__CH_002,240
a880028eb0086d976f7cf4fe__a880028eb0086d976f7cf4fe__SEG_0001__CH_001,293
a880028eb0086d976f7cf4fe__a880028eb0086d976f7cf4fe__SEG_0001__CH_002,299
a8db9932e670732d81198212__PDFV2__CH_0001,307
a8db9932e670732d81198212__PDFV2__CH_0002,395
a8db9932e670732d81198212__PDFV2__CH_0003,227
a962bf26baea65fe7077cb16__a962bf26baea65fe7077cb16__SEG_0001__CH_001,217
a962bf26baea65fe7077cb16__a962bf26baea65fe7077cb16__SEG_0001__CH_002,190
a962bf26baea65fe7077cb16__a962bf26baea65fe7077cb16__SEG_0001__CH_003,184
a962bf26baea65fe7077cb16__a962bf26baea65fe7077cb16__SEG_0001__CH_004,95
a962bf26baea65fe7077cb16__a962bf26baea65fe7077cb16__SEG_0001__CH_005,213
a962bf26baea65fe7077cb16__a962bf26baea65fe7077cb16__SEG_0001__CH_006,783
a962bf26baea65fe7077cb16__a962bf26baea65fe7077cb16__SEG_0001__CH_007,162
a9675cef1e4b627701d92d2a__a9675cef1e4b627701d92d2a__SEG_0001__CH_002,143
a9675cef1e4b627701d92d2a__a9675cef1e4b627701d92d2a__SEG_0001__CH_003,91
a9bbcad6c7f6ff39b998a552__a9bbcad6c7f6ff39b998a552__SEG_0001__CH_001,126
a9bbcad6c7f6ff39b998a552__a9bbcad6c7f6ff39b998a552__SEG_0001__CH_002,359
a9bbcad6c7f6ff39b998a552__a9bbcad6c7f6ff39b998a552__SEG_0001__CH_003,318
a9bbcad6c7f6ff39b998a552__a9bbcad6c7f6ff39b998a552__SEG_0001__CH_004,550
a9bbcad6c7f6ff39b998a552__a9bbcad6c7f6ff39b998a552__SEG_0001__CH_005,299
a9e5a6b4dfeedffe2d66639d__a9e5a6b4dfeedffe2d66639d__SEG_0001__CH_001,259
a9eb86efd27a4f5965b03df8__PDFV2__CH_0001,393
a9eb86efd27a4f5965b03df8__PDFV2__CH_0002,564
aa0202f462088e0ec12b683d__aa0202f462088e0ec12b683d__SEG_0001__CH_001,275
aa0202f462088e0ec12b683d__aa0202f462088e0ec12b683d__SEG_0001__CH_002,105
aa0202f462088e0ec12b683d__aa0202f462088e0ec12b683d__SEG_0001__CH_003,162
aa4a3b56cb2e2d69e1543db0__PDFV2__CH_0001,527
aa4a3b56cb2e2d69e1543db0__PDFV2__CH_0002,530
aa4a3b56cb2e2d69e1543db0__PDFV2__CH_0003,514
aa4a3b56cb2e2d69e1543db0__PDFV2__CH_0004,577
aa4a3b56cb2e2d69e1543db0__PDFV2__CH_0005,327
aa4a3b56cb2e2d69e1543db0__PDFV2__CH_0006,652
aa4a3b56cb2e2d69e1543db0__PDFV2__CH_0007__M,395
aa4a3b56cb2e2d69e1543db0__PDFV2__CH_0009__M,329
aa4a3b56cb2e2d69e1543db0__PDFV2__CH_0012,677
aa4a3b56cb2e2d69e1543db0__PDFV2__CH_0013,370
aa4a3b56cb2e2d69e1543db0__PDFV2__CH_0014,249
aa4a3b56cb2e2d69e1543db0__PDFV2__CH_0015,245
aa4a3b56cb2e2d69e1543db0__PDFV2__CH_0016,308
aa4a3b56cb2e2d69e1543db0__PDFV2__CH_0017,538
aa4a3b56cb2e2d69e1543db0__PDFV2__CH_0018,181
aa4a3b56cb2e2d69e1543db0__PDFV2__CH_0019,116
aa4a3b56cb2e2d69e1543db0__PDFV2__CH_0020,134
aa4a3b56cb2e2d69e1543db0__PDFV2__CH_0021,102
aa4a3b56cb2e2d69e1543db0__PDFV2__CH_0022,69
aa4a3b56cb2e2d69e1543db0__PDFV2__CH_0023,68
aa4a3b56cb2e2d69e1543db0__PDFV2__CH_0025,215
aa4a3b56cb2e2d69e1543db0__PDFV2__CH_0028,106
aa4a3b56cb2e2d69e1543db0__PDFV2__CH_0029,308
aa4a3b56cb2e2d69e1543db0__PDFV2__CH_0030,309
aa4a3b56cb2e2d69e1543db0__PDFV2__CH_0031,860
aa4a3b56cb2e2d69e1543db0__PDFV2__CH_0032__M,981
aa4a3b56cb2e2d69e1543db0__PDFV2__CH_0034,262
aa4a3b56cb2e2d69e1543db0__PDFV2__CH_0035,212
aa4a3b56cb2e2d69e1543db0__PDFV2__CH_0036,100
aa66c03e6047da5798d30f6e__aa66c03e6047da5798d30f6e__SEG_0001__CH_001,1404
aa66c03e6047da5798d30f6e__aa66c03e6047da5798d30f6e__SEG_0001__CH_002,1990
aa66c03e6047da5798d30f6e__aa66c03e6047da5798d30f6e__SEG_0001__CH_003,4305
aa66c03e6047da5798d30f6e__aa66c03e6047da5798d30f6e__SEG_0002__CH_001,201
aaab2888c0a61deaad14a69f__aaab2888c0a61deaad14a69f__SEG_0001__CH_001,245
ab1186a51120f2d128d12978__ab1186a51120f2d128d12978__SEG_0001__CH_001,148
ab2bb6ac97b27cb0884e2dde__ab2bb6ac97b27cb0884e2dde__SEG_0001__CH_001,3650
ab2bb6ac97b27cb0884e2dde__ab2bb6ac97b27cb0884e2dde__SEG_0002__CH_001,59
ab3addb5dac061db1236ac72__ab3addb5dac061db1236ac72__SEG_0001__CH_002,664
ab3addb5dac061db1236ac72__ab3addb5dac061db1236ac72__SEG_0001__CH_003,1493
ab3addb5dac061db1236ac72__ab3addb5dac061db1236ac72__SEG_0001__CH_004,898
ab3addb5dac061db1236ac72__ab3addb5dac061db1236ac72__SEG_0002__CH_002,648
ab3addb5dac061db1236ac72__ab3addb5dac061db1236ac72__SEG_0002__CH_003,293
ab98d574677b1b94984dfd44__PDFV2__CH_0002,290
ab98d574677b1b94984dfd44__PDFV2__CH_0003,120
ab98d574677b1b94984dfd44__PDFV2__CH_0004,342
ab98d574677b1b94984dfd44__PDFV2__CH_0005,339
ab98d574677b1b94984dfd44__PDFV2__CH_0007,444
ab98d574677b1b94984dfd44__PDFV2__CH_0008,510
ab98d574677b1b94984dfd44__PDFV2__CH_0009,426
ac689b0a01e55a46a88b2575__ac689b0a01e55a46a88b2575__SEG_0001__CH_001,85
ac689b0a01e55a46a88b2575__ac689b0a01e55a46a88b2575__SEG_0001__CH_002,215
ac75e138934a8eb9a66b2163__PDFV2__CH_0003,341
ac75e138934a8eb9a66b2163__PDFV2__CH_0004,469
ac75e138934a8eb9a66b2163__PDFV2__CH_0005,486
ac75e138934a8eb9a66b2163__PDFV2__CH_0006,274
ac75e138934a8eb9a66b2163__PDFV2__CH_0007,525
ac75e138934a8eb9a66b2163__PDFV2__CH_0008,391
ac75e138934a8eb9a66b2163__PDFV2__CH_0010,281
ac75e138934a8eb9a66b2163__PDFV2__CH_0011,510
ac75e138934a8eb9a66b2163__PDFV2__CH_0012,764
ac75e138934a8eb9a66b2163__PDFV2__CH_0013,555
ac75e138934a8eb9a66b2163__PDFV2__CH_0014,371
ac75e138934a8eb9a66b2163__PDFV2__CH_0015,362
ac75e138934a8eb9a66b2163__PDFV2__CH_0017,538
ac75e138934a8eb9a66b2163__PDFV2__CH_0020__M,580
ac75e138934a8eb9a66b2163__PDFV2__CH_0023,516
ac75e138934a8eb9a66b2163__PDFV2__CH_0024,557
ac75e138934a8eb9a66b2163__PDFV2__CH_0025,96
ac75e138934a8eb9a66b2163__PDFV2__CH_0026,499
ac75e138934a8eb9a66b2163__PDFV2__CH_0027,360
ac75e138934a8eb9a66b2163__PDFV2__CH_0029,502
acc00d81097836d20a9dd13e__acc00d81097836d20a9dd13e__SEG_0001__CH_003,18
ad2328c675e5cf814912ef72__ad2328c675e5cf814912ef72__SEG_0001__CH_001,622
ad2328c675e5cf814912ef72__ad2328c675e5cf814912ef72__SEG_0001__CH_002,583
ad2328c675e5cf814912ef72__ad2328c675e5cf814912ef72__SEG_0001__CH_003,674
ad238eec26ae739a6d589528__ad238eec26ae739a6d589528__SEG_0001__CH_002,95
ad3a39d43fd58b730564e9a8__ad3a39d43fd58b730564e9a8__SEG_0001__CH_001,492
ad3a39d43fd58b730564e9a8__ad3a39d43fd58b730564e9a8__SEG_0001__CH_002,305
ad3a39d43fd58b730564e9a8__ad3a39d43fd58b730564e9a8__SEG_0001__CH_003,830
ad3a39d43fd58b730564e9a8__ad3a39d43fd58b730564e9a8__SEG_0001__CH_004,8927
ad3a39d43fd58b730564e9a8__ad3a39d43fd58b730564e9a8__SEG_0002__CH_001,243
ad3a39d43fd58b730564e9a8__ad3a39d43fd58b730564e9a8__SEG_0002__CH_002,247
ad3a39d43fd58b730564e9a8__ad3a39d43fd58b730564e9a8__SEG_0002__CH_003,9916
ad3a39d43fd58b730564e9a8__ad3a39d43fd58b730564e9a8__SEG_0003__CH_001,204
ad3a39d43fd58b730564e9a8__ad3a39d43fd58b730564e9a8__SEG_0003__CH_002,480
ad56b7b384728742cc681456__PDFV2__CH_0001,445
ad56b7b384728742cc681456__PDFV2__CH_0002,448
ad56b7b384728742cc681456__PDFV2__CH_0003,400
ad891b6b683b7b8dcdaa7a81__ad891b6b683b7b8dcdaa7a81__SEG_0001__CH_001,340
ad891b6b683b7b8dcdaa7a81__ad891b6b683b7b8dcdaa7a81__SEG_0001__CH_002,210
ad891b6b683b7b8dcdaa7a81__ad891b6b683b7b8dcdaa7a81__SEG_0001__CH_003,156
adf16e9c8c90e6e47e7d4f25__adf16e9c8c90e6e47e7d4f25__SEG_0001__CH_001,357
adf16e9c8c90e6e47e7d4f25__adf16e9c8c90e6e47e7d4f25__SEG_0001__CH_002,238
ae069edf8524b6dbb3296f81__PDFV2__CH_0001,192
ae069edf8524b6dbb3296f81__PDFV2__CH_0003,212
ae069edf8524b6dbb3296f81__PDFV2__CH_0004,356
ae069edf8524b6dbb3296f81__PDFV2__CH_0005,245
ae20b2821a20ba6e4d3dd3f1__ae20b2821a20ba6e4d3dd3f1__SEG_0001__CH_002,820
ae285919cfb3171447ececa6__ae285919cfb3171447ececa6__SEG_0001__CH_001,122
ae285919cfb3171447ececa6__ae285919cfb3171447ececa6__SEG_0001__CH_002,58
ae58fec35b46c8396ef73c26__ae58fec35b46c8396ef73c26__SEG_0001__CH_001,226
ae58fec35b46c8396ef73c26__ae58fec35b46c8396ef73c26__SEG_0001__CH_002,160
ae5d048a95e60157dd53f18d__ae5d048a95e60157dd53f18d__SEG_0001__CH_001,380
ae5d048a95e60157dd53f18d__ae5d048a95e60157dd53f18d__SEG_0001__CH_002,212
ae6215d9e010dc98ffed399c__ae6215d9e010dc98ffed399c__SEG_0001__CH_001,551
ae6215d9e010dc98ffed399c__ae6215d9e010dc98ffed399c__SEG_0001__CH_002,286
ae706fcfd04578c1dafdd0b7__ae706fcfd04578c1dafdd0b7__SEG_0001__CH_002,1195
ae706fcfd04578c1dafdd0b7__ae706fcfd04578c1dafdd0b7__SEG_0001__CH_003,1437
aee2487b3cb6cd6c549f2b2e__aee2487b3cb6cd6c549f2b2e__SEG_0001__CH_001,288
aeff26a7e49bb8aaf375237c__PDFV2__CH_0001,534
aeff26a7e49bb8aaf375237c__PDFV2__CH_0002,443
aeff26a7e49bb8aaf375237c__PDFV2__CH_0003,417
aeff26a7e49bb8aaf375237c__PDFV2__CH_0004,403
aeff26a7e49bb8aaf375237c__PDFV2__CH_0005,528
aeff26a7e49bb8aaf375237c__PDFV2__CH_0006,648
aeff26a7e49bb8aaf375237c__PDFV2__CH_0007,590
aeff26a7e49bb8aaf375237c__PDFV2__CH_0008,385
aeff26a7e49bb8aaf375237c__PDFV2__CH_0009,625
aeff26a7e49bb8aaf375237c__PDFV2__CH_0010,375
aeff26a7e49bb8aaf375237c__PDFV2__CH_0011,231
aeff26a7e49bb8aaf375237c__PDFV2__CH_0012,146
af3cb9c7c48ca4cd989565ee__af3cb9c7c48ca4cd989565ee__SEG_0001__CH_001,127
af3cb9c7c48ca4cd989565ee__af3cb9c7c48ca4cd989565ee__SEG_0001__CH_002,182
af3cb9c7c48ca4cd989565ee__af3cb9c7c48ca4cd989565ee__SEG_0001__CH_003,132
af3cb9c7c48ca4cd989565ee__af3cb9c7c48ca4cd989565ee__SEG_0001__CH_005,326
af3cb9c7c48ca4cd989565ee__af3cb9c7c48ca4cd989565ee__SEG_0001__CH_006,721
af3cb9c7c48ca4cd989565ee__af3cb9c7c48ca4cd989565ee__SEG_0001__CH_007,293
af3cb9c7c48ca4cd989565ee__af3cb9c7c48ca4cd989565ee__SEG_0001__CH_008,427
af3cb9c7c48ca4cd989565ee__af3cb9c7c48ca4cd989565ee__SEG_0001__CH_009,909
af3cb9c7c48ca4cd989565ee__af3cb9c7c48ca4cd989565ee__SEG_0001__CH_010,579
af62b9795ee8200904125d47__af62b9795ee8200904125d47__SEG_0001__CH_002,165
af62b9795ee8200904125d47__af62b9795ee8200904125d47__SEG_0001__CH_003,223
af62b9795ee8200904125d47__af62b9795ee8200904125d47__SEG_0001__CH_004,554
af62b9795ee8200904125d47__af62b9795ee8200904125d47__SEG_0001__CH_005,430
af62b9795ee8200904125d47__af62b9795ee8200904125d47__SEG_0001__CH_006,1062
af735943edc761eac5ed9aa8__af735943edc761eac5ed9aa8__SEG_0001__CH_001,467
af735943edc761eac5ed9aa8__af735943edc761eac5ed9aa8__SEG_0001__CH_002,438
af735943edc761eac5ed9aa8__af735943edc761eac5ed9aa8__SEG_0001__CH_003,751
af735943edc761eac5ed9aa8__af735943edc761eac5ed9aa8__SEG_0001__CH_004,1049
af7d6672c159eaefa1fb9aaf__af7d6672c159eaefa1fb9aaf__SEG_0001__CH_001,886
afbcdb3cffd3814044a47565__afbcdb3cffd3814044a47565__SEG_0001__CH_002,232
afbcdb3cffd3814044a47565__afbcdb3cffd3814044a47565__SEG_0001__CH_003,260
afbcdb3cffd3814044a47565__afbcdb3cffd3814044a47565__SEG_0001__CH_004,267
afbcdb3cffd3814044a47565__afbcdb3cffd3814044a47565__SEG_0001__CH_005,117
afd14d3196d5ffdb01a8e5cf__afd14d3196d5ffdb01a8e5cf__SEG_0001__CH_001,213
afd14d3196d5ffdb01a8e5cf__afd14d3196d5ffdb01a8e5cf__SEG_0001__CH_002,121
b0312d3894d43358dc6c343b__b0312d3894d43358dc6c343b__SEG_0001__CH_001,113
b0312d3894d43358dc6c343b__b0312d3894d43358dc6c343b__SEG_0001__CH_002,165
b0312d3894d43358dc6c343b__b0312d3894d43358dc6c343b__SEG_0001__CH_003,96
b07a927b6fdaaf18bfdf18db__PDFV2__CH_0001__M,749
b07a927b6fdaaf18bfdf18db__PDFV2__CH_0003,191
b07a927b6fdaaf18bfdf18db__PDFV2__CH_0005,381
b07a927b6fdaaf18bfdf18db__PDFV2__CH_0009,250
b07a927b6fdaaf18bfdf18db__PDFV2__CH_0010,340
b0ab7c4e154777024db6ebcc__b0ab7c4e154777024db6ebcc__SEG_0001__CH_001,72
b0ae16bccb50fcb2cb1fceed__b0ae16bccb50fcb2cb1fceed__SEG_0001__CH_001,483
b0ae16bccb50fcb2cb1fceed__b0ae16bccb50fcb2cb1fceed__SEG_0001__CH_002,403
b1a7e99f680e68cb1d0184a9__b1a7e99f680e68cb1d0184a9__SEG_0001__CH_003,619
b1a7e99f680e68cb1d0184a9__b1a7e99f680e68cb1d0184a9__SEG_0001__CH_004,1078
b1a7e99f680e68cb1d0184a9__b1a7e99f680e68cb1d0184a9__SEG_0001__CH_005,2349
b1a7e99f680e68cb1d0184a9__b1a7e99f680e68cb1d0184a9__SEG_0001__CH_006,994
b1bd18762b768ffdf9bee130__PDFV2__CH_0001,435
b1bd18762b768ffdf9bee130__PDFV2__CH_0002,184
b1d261ada5892e2bcebb961d__PDFV2__CH_0001,356
b1d261ada5892e2bcebb961d__PDFV2__CH_0002,243
b1d261ada5892e2bcebb961d__PDFV2__CH_0003,339
b1d261ada5892e2bcebb961d__PDFV2__CH_0004,283
b1d261ada5892e2bcebb961d__PDFV2__CH_0005,252
b2987cf2a1329b84abcbe152__b2987cf2a1329b84abcbe152__SEG_0001__CH_002,196
b2987cf2a1329b84abcbe152__b2987cf2a1329b84abcbe152__SEG_0001__CH_003,640
b2987cf2a1329b84abcbe152__b2987cf2a1329b84abcbe152__SEG_0001__CH_004,1066
b2987cf2a1329b84abcbe152__b2987cf2a1329b84abcbe152__SEG_0001__CH_005,664
b2aa2a6f8e21929688cdc377__PDFV2__CH_0001,144
b2aa2a6f8e21929688cdc377__PDFV2__CH_0002,135
b2aa2a6f8e21929688cdc377__PDFV2__CH_0003,130
b2aa2a6f8e21929688cdc377__PDFV2__CH_0004,123
b2aa2a6f8e21929688cdc377__PDFV2__CH_0005,135
b2aa2a6f8e21929688cdc377__PDFV2__CH_0006,197
b2aa2a6f8e21929688cdc377__PDFV2__CH_0007,167
b2aa2a6f8e21929688cdc377__PDFV2__CH_0008,106
b2aa2a6f8e21929688cdc377__PDFV2__CH_0009,145
b2aa2a6f8e21929688cdc377__PDFV2__CH_0010,142
b2aa2a6f8e21929688cdc377__PDFV2__CH_0013,569
b2aa2a6f8e21929688cdc377__PDFV2__CH_0014,376
b2aa2a6f8e21929688cdc377__PDFV2__CH_0015,514
b2aa2a6f8e21929688cdc377__PDFV2__CH_0016,282
b2aa2a6f8e21929688cdc377__PDFV2__CH_0017,355
b2ab9e21a228943ed87cd157__b2ab9e21a228943ed87cd157__SEG_0001__CH_001,733
b2ab9e21a228943ed87cd157__b2ab9e21a228943ed87cd157__SEG_0001__CH_002,686
b2ab9e21a228943ed87cd157__b2ab9e21a228943ed87cd157__SEG_0001__CH_003,361
b2b102686fa73683b00d8f93__b2b102686fa73683b00d8f93__SEG_0001__CH_001,291
b353150f1b71066b658f4ebd__b353150f1b71066b658f4ebd__SEG_0001__CH_001,597
b353150f1b71066b658f4ebd__b353150f1b71066b658f4ebd__SEG_0001__CH_002,3410
b353150f1b71066b658f4ebd__b353150f1b71066b658f4ebd__SEG_0001__CH_003__S1,226
b353150f1b71066b658f4ebd__b353150f1b71066b658f4ebd__SEG_0001__CH_003__S2,527
b353150f1b71066b658f4ebd__b353150f1b71066b658f4ebd__SEG_0001__CH_003__S3,1110
b353150f1b71066b658f4ebd__b353150f1b71066b658f4ebd__SEG_0001__CH_003__S4,2363
b353150f1b71066b658f4ebd__b353150f1b71066b658f4ebd__SEG_0001__CH_004,1810
b353150f1b71066b658f4ebd__b353150f1b71066b658f4ebd__SEG_0002__CH_001__S1,181
b353150f1b71066b658f4ebd__b353150f1b71066b658f4ebd__SEG_0002__CH_001__S2,1543
b353150f1b71066b658f4ebd__b353150f1b71066b658f4ebd__SEG_0002__CH_001__S3,8888
b353150f1b71066b658f4ebd__b353150f1b71066b658f4ebd__SEG_0003__CH_001,880
b353150f1b71066b658f4ebd__b353150f1b71066b658f4ebd__SEG_0003__CH_002,645
b36d00cf48bf8b124cee03e7__PDFV2__CH_0001,428
b36d00cf48bf8b124cee03e7__PDFV2__CH_0002,322
b36d00cf48bf8b124cee03e7__PDFV2__CH_0003,214
b36d00cf48bf8b124cee03e7__PDFV2__CH_0004,133
b39e63a7ef15036319461916__PDFV2__CH_0001,540
b39e63a7ef15036319461916__PDFV2__CH_0002,430
b39e63a7ef15036319461916__PDFV2__CH_0003,538
b39e63a7ef15036319461916__PDFV2__CH_0004,278
b39e63a7ef15036319461916__PDFV2__CH_0005,115
b39e63a7ef15036319461916__PDFV2__CH_0006,72
b39e63a7ef15036319461916__PDFV2__CH_0007,321
b39e63a7ef15036319461916__PDFV2__CH_0008,85
b39e63a7ef15036319461916__PDFV2__CH_0009,170
b39e63a7ef15036319461916__PDFV2__CH_0010,191
b39e63a7ef15036319461916__PDFV2__CH_0011,309
b39e63a7ef15036319461916__PDFV2__CH_0012,226
b3a0ee1b90f150de6e869fe3__PDFV2__CH_0004,61
b3aaf4f5b105fc11d5af7dde__b3aaf4f5b105fc11d5af7dde__SEG_0001__CH_002,143
b3aaf4f5b105fc11d5af7dde__b3aaf4f5b105fc11d5af7dde__SEG_0001__CH_003,115
b3aaf4f5b105fc11d5af7dde__b3aaf4f5b105fc11d5af7dde__SEG_0001__CH_005,284
b3af95ff75213a9a9e0eee9a__b3af95ff75213a9a9e0eee9a__SEG_0001__CH_001,203
b3af95ff75213a9a9e0eee9a__b3af95ff75213a9a9e0eee9a__SEG_0001__CH_002,139
b3b9571e9709926aa167a85a__b3b9571e9709926aa167a85a__SEG_0001__CH_001,154
b3b9571e9709926aa167a85a__b3b9571e9709926aa167a85a__SEG_0001__CH_002,191
b3cd842814413feedae1fc78__PDFV2__CH_0001,343
b3cd842814413feedae1fc78__PDFV2__CH_0002,446
b3cd842814413feedae1fc78__PDFV2__CH_0003,352
b3cd842814413feedae1fc78__PDFV2__CH_0004,253
b3cd842814413feedae1fc78__PDFV2__CH_0006,486
b3cd842814413feedae1fc78__PDFV2__CH_0007,338
b3cd842814413feedae1fc78__PDFV2__CH_0009,183
b43a28e5234c21006bb9f9f5__b43a28e5234c21006bb9f9f5__SEG_0001__CH_001,188
b45b7c470e3adf5d1d747d46__b45b7c470e3adf5d1d747d46__SEG_0001__CH_001,75
b48d9fa8ea76c3acad264568__b48d9fa8ea76c3acad264568__SEG_0001__CH_001,1266
b4b710d8d5de48e2bfb4bd9d__b4b710d8d5de48e2bfb4bd9d__SEG_0001__CH_001,1113
b4b710d8d5de48e2bfb4bd9d__b4b710d8d5de48e2bfb4bd9d__SEG_0001__CH_002,1126
b4b710d8d5de48e2bfb4bd9d__b4b710d8d5de48e2bfb4bd9d__SEG_0001__CH_003,954
b50452ba58913c579030e490__b50452ba58913c579030e490__SEG_0001__CH_001,145
b50452ba58913c579030e490__b50452ba58913c579030e490__SEG_0001__CH_002,74
b507997c72874d40a532bfe7__b507997c72874d40a532bfe7__SEG_0001__CH_001,304
b507997c72874d40a532bfe7__b507997c72874d40a532bfe7__SEG_0001__CH_002,160
b554b8c25b2c23916eb0a84f__b554b8c25b2c23916eb0a84f__SEG_0001__CH_001,473
b554b8c25b2c23916eb0a84f__b554b8c25b2c23916eb0a84f__SEG_0001__CH_002,240
b554b8c25b2c23916eb0a84f__b554b8c25b2c23916eb0a84f__SEG_0001__CH_003,1882
b554b8c25b2c23916eb0a84f__b554b8c25b2c23916eb0a84f__SEG_0001__CH_004,402
b554b8c25b2c23916eb0a84f__b554b8c25b2c23916eb0a84f__SEG_0002__CH_001,668
b554b8c25b2c23916eb0a84f__b554b8c25b2c23916eb0a84f__SEG_0002__CH_002,592
b574435c957f84a1232c7fd7__PDFV2__CH_0001,310
b574435c957f84a1232c7fd7__PDFV2__CH_0002,324
b66e34b5409ca721cd7e7cd9__b66e34b5409ca721cd7e7cd9__SEG_0001__CH_001,435
b66e34b5409ca721cd7e7cd9__b66e34b5409ca721cd7e7cd9__SEG_0001__CH_002,643
b66e34b5409ca721cd7e7cd9__b66e34b5409ca721cd7e7cd9__SEG_0001__CH_003,123
b68ea298e8741f802964589f__b68ea298e8741f802964589f__SEG_0001__CH_001,3974
b68ea298e8741f802964589f__b68ea298e8741f802964589f__SEG_0001__CH_002,4631
b68ea298e8741f802964589f__b68ea298e8741f802964589f__SEG_0002__CH_001,3549
b68ea298e8741f802964589f__b68ea298e8741f802964589f__SEG_0002__CH_002,6179
b68ea298e8741f802964589f__b68ea298e8741f802964589f__SEG_0002__CH_003,909
b68ea298e8741f802964589f__b68ea298e8741f802964589f__SEG_0003__CH_001,2366
b68ea298e8741f802964589f__b68ea298e8741f802964589f__SEG_0003__CH_002,5661
b68ea298e8741f802964589f__b68ea298e8741f802964589f__SEG_0004__CH_001,6466
b68ea298e8741f802964589f__b68ea298e8741f802964589f__SEG_0004__CH_002,3085
b68ea298e8741f802964589f__b68ea298e8741f802964589f__SEG_0004__CH_003,394
b6f73cbe540b795dbece0016__PDFV2__CH_0001,457
b6f73cbe540b795dbece0016__PDFV2__CH_0002,403
b6f73cbe540b795dbece0016__PDFV2__CH_0003,122
b6f73cbe540b795dbece0016__PDFV2__CH_0004,145
b6f73cbe540b795dbece0016__PDFV2__CH_0005,298
b6f73cbe540b795dbece0016__PDFV2__CH_0006,462
b71c45d0f86b80e17c671ca8__b71c45d0f86b80e17c671ca8__SEG_0001__CH_001,828
b7f6893a95b0550289119d34__PDFV2__CH_0001,366
b7f6893a95b0550289119d34__PDFV2__CH_0003,277
b7f6893a95b0550289119d34__PDFV2__CH_0004,359
b7f6893a95b0550289119d34__PDFV2__CH_0005,142
b7f6893a95b0550289119d34__PDFV2__CH_0006,473
b7f6893a95b0550289119d34__PDFV2__CH_0007,274
b7f6893a95b0550289119d34__PDFV2__CH_0008,505
b7f6893a95b0550289119d34__PDFV2__CH_0009,321
b7f6893a95b0550289119d34__PDFV2__CH_0010,218
b7f6893a95b0550289119d34__PDFV2__CH_0011,101
b7f6893a95b0550289119d34__PDFV2__CH_0012,239
b7f6893a95b0550289119d34__PDFV2__CH_0013,214
b7f6893a95b0550289119d34__PDFV2__CH_0014,65
b7f6893a95b0550289119d34__PDFV2__CH_0015,289
b7f6893a95b0550289119d34__PDFV2__CH_0016,171
b7f6893a95b0550289119d34__PDFV2__CH_0019,248
b7f6893a95b0550289119d34__PDFV2__CH_0020,292
b7f6893a95b0550289119d34__PDFV2__CH_0021,151
b7f6893a95b0550289119d34__PDFV2__CH_0022,263
b7f6893a95b0550289119d34__PDFV2__CH_0023,633
b7f6893a95b0550289119d34__PDFV2__CH_0024,200
b7f6893a95b0550289119d34__PDFV2__CH_0025,365
b7f6893a95b0550289119d34__PDFV2__CH_0026,51
b7f6893a95b0550289119d34__PDFV2__CH_0027,352
b7f6893a95b0550289119d34__PDFV2__CH_0028,444
b7f6893a95b0550289119d34__PDFV2__CH_0029,261
b7f6893a95b0550289119d34__PDFV2__CH_0030,262
b7f6893a95b0550289119d34__PDFV2__CH_0031,513
b7f6893a95b0550289119d34__PDFV2__CH_0032,555
b7f6893a95b0550289119d34__PDFV2__CH_0033,742
b7f6893a95b0550289119d34__PDFV2__CH_0034,299
b7f6893a95b0550289119d34__PDFV2__CH_0035,186
b7f6893a95b0550289119d34__PDFV2__CH_0036,274
b7f6893a95b0550289119d34__PDFV2__CH_0037,510
b7f6893a95b0550289119d34__PDFV2__CH_0038,569
b7f6893a95b0550289119d34__PDFV2__CH_0039,636
b7f6893a95b0550289119d34__PDFV2__CH_0040,90
b8011fe282130190f3d6adfe__b8011fe282130190f3d6adfe__SEG_0001__CH_001,126
b8011fe282130190f3d6adfe__b8011fe282130190f3d6adfe__SEG_0001__CH_002,132
b8011fe282130190f3d6adfe__b8011fe282130190f3d6adfe__SEG_0001__CH_003,99
b8011fe282130190f3d6adfe__b8011fe282130190f3d6adfe__SEG_0001__CH_004,292
b8011fe282130190f3d6adfe__b8011fe282130190f3d6adfe__SEG_0001__CH_005,782
b85321d333e3f9b85ffe3ca8__PDFV2__CH_0001,272
b85321d333e3f9b85ffe3ca8__PDFV2__CH_0002,198
b85321d333e3f9b85ffe3ca8__PDFV2__CH_0003,253
b85321d333e3f9b85ffe3ca8__PDFV2__CH_0004,189
b85321d333e3f9b85ffe3ca8__PDFV2__CH_0005,175
b85321d333e3f9b85ffe3ca8__PDFV2__CH_0006,687
b85321d333e3f9b85ffe3ca8__PDFV2__CH_0007,397
b85321d333e3f9b85ffe3ca8__PDFV2__CH_0008,633
b85321d333e3f9b85ffe3ca8__PDFV2__CH_0009,800
b85321d333e3f9b85ffe3ca8__PDFV2__CH_0010,310
b85321d333e3f9b85ffe3ca8__PDFV2__CH_0011,660
b85321d333e3f9b85ffe3ca8__PDFV2__CH_0012,469
b85321d333e3f9b85ffe3ca8__PDFV2__CH_0013,492
b85321d333e3f9b85ffe3ca8__PDFV2__CH_0014,691
b87ba2bec54f905f49e4f171__PDFV2__CH_0001,343
b87ba2bec54f905f49e4f171__PDFV2__CH_0002,441
b87ba2bec54f905f49e4f171__PDFV2__CH_0003,461
b87ba2bec54f905f49e4f171__PDFV2__CH_0004,209
b87ba2bec54f905f49e4f171__PDFV2__CH_0005__M,688
b87ba2bec54f905f49e4f171__PDFV2__CH_0007,228
b912da6cbd604a2d66c9ad05__b912da6cbd604a2d66c9ad05__SEG_0001__CH_001,1947
b912da6cbd604a2d66c9ad05__b912da6cbd604a2d66c9ad05__SEG_0001__CH_002,1243
b91988106820a9af4ce84bde__b91988106820a9af4ce84bde__SEG_0001__CH_001,168
b91988106820a9af4ce84bde__b91988106820a9af4ce84bde__SEG_0001__CH_002,98
b93467f2c174ae24d6bf8361__b93467f2c174ae24d6bf8361__SEG_0001__CH_001,155
b9d63602421706172c5d851e__b9d63602421706172c5d851e__SEG_0001__CH_001,328
b9d63602421706172c5d851e__b9d63602421706172c5d851e__SEG_0001__CH_002,235
b9e80db9bdaa8c902af69d91__PDFV2__CH_0005,113
b9e80db9bdaa8c902af69d91__PDFV2__CH_0008,97
b9e80db9bdaa8c902af69d91__PDFV2__CH_0010,163
b9e80db9bdaa8c902af69d91__PDFV2__CH_0011,94
b9e80db9bdaa8c902af69d91__PDFV2__CH_0012,142
b9e80db9bdaa8c902af69d91__PDFV2__CH_0014,155
b9e80db9bdaa8c902af69d91__PDFV2__CH_0017,122
b9e80db9bdaa8c902af69d91__PDFV2__CH_0020,102
b9e80db9bdaa8c902af69d91__PDFV2__CH_0021,154
b9e80db9bdaa8c902af69d91__PDFV2__CH_0022,123
ba3514eef69ea1d70799d9a9__ba3514eef69ea1d70799d9a9__SEG_0001__CH_002,199
ba3514eef69ea1d70799d9a9__ba3514eef69ea1d70799d9a9__SEG_0001__CH_005,552
ba3514eef69ea1d70799d9a9__ba3514eef69ea1d70799d9a9__SEG_0001__CH_006,442
ba3514eef69ea1d70799d9a9__ba3514eef69ea1d70799d9a9__SEG_0001__CH_007,365
ba3514eef69ea1d70799d9a9__ba3514eef69ea1d70799d9a9__SEG_0001__CH_008,176
ba3514eef69ea1d70799d9a9__ba3514eef69ea1d70799d9a9__SEG_0001__CH_009,210
ba5eb7a51404651e34e1ec75__ba5eb7a51404651e34e1ec75__SEG_0001__CH_001,109
ba5eb7a51404651e34e1ec75__ba5eb7a51404651e34e1ec75__SEG_0001__CH_002,125
ba5eb7a51404651e34e1ec75__ba5eb7a51404651e34e1ec75__SEG_0001__CH_003,106
ba8e99908cba2166759ae6a4__ba8e99908cba2166759ae6a4__SEG_0001__CH_001,312
ba8e99908cba2166759ae6a4__ba8e99908cba2166759ae6a4__SEG_0001__CH_002,143
ba8e99908cba2166759ae6a4__ba8e99908cba2166759ae6a4__SEG_0001__CH_003,214
badb46ca816c39bdfbb47df7__badb46ca816c39bdfbb47df7__SEG_0001__CH_002,283
badb46ca816c39bdfbb47df7__badb46ca816c39bdfbb47df7__SEG_0001__CH_003,1042
bb36a57708e3a4d7dde64a65__bb36a57708e3a4d7dde64a65__SEG_0001__CH_001,258
bb477439c82f1e0bdb859ab5__bb477439c82f1e0bdb859ab5__SEG_0001__CH_001,89
bb9c829e1d1513a12ac678f1__bb9c829e1d1513a12ac678f1__SEG_0001__CH_002,180
bb9e3cbbe19ceea2f02686e7__bb9e3cbbe19ceea2f02686e7__SEG_0001__CH_002,276
bb9e3cbbe19ceea2f02686e7__bb9e3cbbe19ceea2f02686e7__SEG_0001__CH_004,377
bb9e3cbbe19ceea2f02686e7__bb9e3cbbe19ceea2f02686e7__SEG_0001__CH_005,320
bbc77a7388fa5636ae1083bc__bbc77a7388fa5636ae1083bc__SEG_0001__CH_001,639
bbc77a7388fa5636ae1083bc__bbc77a7388fa5636ae1083bc__SEG_0001__CH_002,382
bbc77a7388fa5636ae1083bc__bbc77a7388fa5636ae1083bc__SEG_0001__CH_003,324
bbd7de8435c3dcd13e47b50a__bbd7de8435c3dcd13e47b50a__SEG_0001__CH_001,165
bbd7de8435c3dcd13e47b50a__bbd7de8435c3dcd13e47b50a__SEG_0001__CH_002,197
bbeea340f811ed38e36d779d__bbeea340f811ed38e36d779d__SEG_0001__CH_001,1491
bbf19afae917bf51b1ce0617__bbf19afae917bf51b1ce0617__SEG_0001__CH_001,207
bbfd96135237aed2c6d51c45__bbfd96135237aed2c6d51c45__SEG_0001__CH_001,202
bbfd96135237aed2c6d51c45__bbfd96135237aed2c6d51c45__SEG_0001__CH_002,290
bbfd96135237aed2c6d51c45__bbfd96135237aed2c6d51c45__SEG_0001__CH_003,621
bbfd96135237aed2c6d51c45__bbfd96135237aed2c6d51c45__SEG_0001__CH_004,780
bc1b60b0e18e48503bd4b024__bc1b60b0e18e48503bd4b024__SEG_0001__CH_001,84
bc44d6456a37bf37dbff0b38__bc44d6456a37bf37dbff0b38__SEG_0001__CH_001,10242
bc44d6456a37bf37dbff0b38__bc44d6456a37bf37dbff0b38__SEG_0002__CH_001,189
bc44d6456a37bf37dbff0b38__bc44d6456a37bf37dbff0b38__SEG_0002__CH_002,648
bc44d6456a37bf37dbff0b38__bc44d6456a37bf37dbff0b38__SEG_0002__CH_003,1207
bc44d6456a37bf37dbff0b38__bc44d6456a37bf37dbff0b38__SEG_0002__CH_004,379
bc44d6456a37bf37dbff0b38__bc44d6456a37bf37dbff0b38__SEG_0002__CH_005,221
bc44d6456a37bf37dbff0b38__bc44d6456a37bf37dbff0b38__SEG_0002__CH_006,276
bc4c5dbd9dfdd2a0465693a6__bc4c5dbd9dfdd2a0465693a6__SEG_0001__CH_001,107
bc58bf990ef00398a2b6617b__bc58bf990ef00398a2b6617b__SEG_0001__CH_001,255
bc58bf990ef00398a2b6617b__bc58bf990ef00398a2b6617b__SEG_0001__CH_002,133
bc58bf990ef00398a2b6617b__bc58bf990ef00398a2b6617b__SEG_0001__CH_003,713
bc58bf990ef00398a2b6617b__bc58bf990ef00398a2b6617b__SEG_0001__CH_004,598
bc58bf990ef00398a2b6617b__bc58bf990ef00398a2b6617b__SEG_0001__CH_005,425
bc58bf990ef00398a2b6617b__bc58bf990ef00398a2b6617b__SEG_0001__CH_006,304
bc76fce34cd80a45c53468e4__PDFV2__CH_0006,565
bc76fce34cd80a45c53468e4__PDFV2__CH_0018,208
bc76fce34cd80a45c53468e4__PDFV2__CH_0019,423
bc76fce34cd80a45c53468e4__PDFV2__CH_0020,469
bc76fce34cd80a45c53468e4__PDFV2__CH_0021,199
bcbe16d1aa9f82de76318de3__bcbe16d1aa9f82de76318de3__SEG_0001__CH_001,898
bcfdda302b248dea10fae453__bcfdda302b248dea10fae453__SEG_0001__CH_005,752
bcfdda302b248dea10fae453__bcfdda302b248dea10fae453__SEG_0001__CH_006,871
bd02eb12dcaccff04b226fa3__bd02eb12dcaccff04b226fa3__SEG_0001__CH_001,720
bd0683f42ac2f601cae63f5f__bd0683f42ac2f601cae63f5f__SEG_0001__CH_001,348
bd0f790f789ef691baf61727__bd0f790f789ef691baf61727__SEG_0001__CH_001,144
bd0f790f789ef691baf61727__bd0f790f789ef691baf61727__SEG_0001__CH_002,84
bd98a130648245e72418eafa__bd98a130648245e72418eafa__SEG_0001__CH_001,606
bd98a130648245e72418eafa__bd98a130648245e72418eafa__SEG_0001__CH_002,848
bd98a130648245e72418eafa__bd98a130648245e72418eafa__SEG_0001__CH_003,743
bd98a130648245e72418eafa__bd98a130648245e72418eafa__SEG_0001__CH_004,1553
bd9db6fd672959efafe0c81c__bd9db6fd672959efafe0c81c__SEG_0001__CH_001,209
bd9db6fd672959efafe0c81c__bd9db6fd672959efafe0c81c__SEG_0001__CH_002,498
bd9db6fd672959efafe0c81c__bd9db6fd672959efafe0c81c__SEG_0001__CH_003,544
bda311dddf13d236d4a5ed6b__bda311dddf13d236d4a5ed6b__SEG_0001__CH_001,147
bdbb0e36cf30c73b52275da5__PDFV2__CH_0001,525
bdbb0e36cf30c73b52275da5__PDFV2__CH_0002,543
bdbb0e36cf30c73b52275da5__PDFV2__CH_0003,349
bdbb0e36cf30c73b52275da5__PDFV2__CH_0004,633
bdbb0e36cf30c73b52275da5__PDFV2__CH_0005,426
bdbb0e36cf30c73b52275da5__PDFV2__CH_0006,661
bdbb0e36cf30c73b52275da5__PDFV2__CH_0007__M,784
bdbb0e36cf30c73b52275da5__PDFV2__CH_0009,330
bdbb0e36cf30c73b52275da5__PDFV2__CH_0010,333
bdbb0e36cf30c73b52275da5__PDFV2__CH_0012,385
bdbb0e36cf30c73b52275da5__PDFV2__CH_0013,372
bdbb0e36cf30c73b52275da5__PDFV2__CH_0014,298
bdbb0e36cf30c73b52275da5__PDFV2__CH_0015,261
bdbb0e36cf30c73b52275da5__PDFV2__CH_0016,470
bdbb0e36cf30c73b52275da5__PDFV2__CH_0017,552
bdbb0e36cf30c73b52275da5__PDFV2__CH_0018,267
bdbb0e36cf30c73b52275da5__PDFV2__CH_0019,380
bdbb0e36cf30c73b52275da5__PDFV2__CH_0020,380
bdbb0e36cf30c73b52275da5__PDFV2__CH_0021,214
bdbb0e36cf30c73b52275da5__PDFV2__CH_0022,296
bdbb0e36cf30c73b52275da5__PDFV2__CH_0023,271
bdbb0e36cf30c73b52275da5__PDFV2__CH_0024,78
be0de55bfa3e8042a42a3f3f__be0de55bfa3e8042a42a3f3f__SEG_0001__CH_003,557
be0de55bfa3e8042a42a3f3f__be0de55bfa3e8042a42a3f3f__SEG_0001__CH_004,1341
be0de55bfa3e8042a42a3f3f__be0de55bfa3e8042a42a3f3f__SEG_0001__CH_005,460
be0de55bfa3e8042a42a3f3f__be0de55bfa3e8042a42a3f3f__SEG_0001__CH_006,431
be1e556eda431bf7320bd312__PDFV2__CH_0001,498
be1e556eda431bf7320bd312__PDFV2__CH_0002,292
be1e556eda431bf7320bd312__PDFV2__CH_0003,518
be1e556eda431bf7320bd312__PDFV2__CH_0004,549
be1e556eda431bf7320bd312__PDFV2__CH_0005,684
be1e556eda431bf7320bd312__PDFV2__CH_0006,757
be1e556eda431bf7320bd312__PDFV2__CH_0007,130
be1e556eda431bf7320bd312__PDFV2__CH_0008,529
be1e556eda431bf7320bd312__PDFV2__CH_0009,216
be1e556eda431bf7320bd312__PDFV2__CH_0010,302
be1e556eda431bf7320bd312__PDFV2__CH_0011,533
be1e556eda431bf7320bd312__PDFV2__CH_0012,594
be1e556eda431bf7320bd312__PDFV2__CH_0013,38
be1e556eda431bf7320bd312__PDFV2__CH_0014,601
be1e556eda431bf7320bd312__PDFV2__CH_0015,567
be1e556eda431bf7320bd312__PDFV2__CH_0016,546
be1e556eda431bf7320bd312__PDFV2__CH_0017,408
be1e556eda431bf7320bd312__PDFV2__CH_0018,174
be1e556eda431bf7320bd312__PDFV2__CH_0019,210
be1e556eda431bf7320bd312__PDFV2__CH_0020,345
be1e556eda431bf7320bd312__PDFV2__CH_0021,187
be1e556eda431bf7320bd312__PDFV2__CH_0022,384
be1e556eda431bf7320bd312__PDFV2__CH_0023,473
be1e556eda431bf7320bd312__PDFV2__CH_0024,435
be1e556eda431bf7320bd312__PDFV2__CH_0025,493
be1e556eda431bf7320bd312__PDFV2__CH_0026,339
be1e556eda431bf7320bd312__PDFV2__CH_0027,718
be1e556eda431bf7320bd312__PDFV2__CH_0028__M,345
be1e556eda431bf7320bd312__PDFV2__CH_0030,223
be1e556eda431bf7320bd312__PDFV2__CH_0031,171
be1e556eda431bf7320bd312__PDFV2__CH_0033,187
be1e556eda431bf7320bd312__PDFV2__CH_0034,305
be1e556eda431bf7320bd312__PDFV2__CH_0035,186
be1e556eda431bf7320bd312__PDFV2__CH_0036,681
be1e556eda431bf7320bd312__PDFV2__CH_0037,442
be1e556eda431bf7320bd312__PDFV2__CH_0038,215
be1e556eda431bf7320bd312__PDFV2__CH_0039,676
be1e556eda431bf7320bd312__PDFV2__CH_0040,487
be29cabf9909da1e14f8e47d__be29cabf9909da1e14f8e47d__SEG_0001__CH_002,2225
be29cabf9909da1e14f8e47d__be29cabf9909da1e14f8e47d__SEG_0001__CH_003,1076
be29cabf9909da1e14f8e47d__be29cabf9909da1e14f8e47d__SEG_0002__CH_001,268
be29cabf9909da1e14f8e47d__be29cabf9909da1e14f8e47d__SEG_0002__CH_002,146
be3abaf48bfed2948353047a__be3abaf48bfed2948353047a__SEG_0001__CH_001,231
be8fa49624cc37f0853029b6__be8fa49624cc37f0853029b6__SEG_0001__CH_001,186
bec0a5f0ef0b300f05991758__bec0a5f0ef0b300f05991758__SEG_0001__CH_001,670
bec0a5f0ef0b300f05991758__bec0a5f0ef0b300f05991758__SEG_0001__CH_002,818
bf11a9e49976a60792adccfb__PDFV2__CH_0001,445
bf11a9e49976a60792adccfb__PDFV2__CH_0002,502
bf11a9e49976a60792adccfb__PDFV2__CH_0003,195
bf11a9e49976a60792adccfb__PDFV2__CH_0004,532
bf11a9e49976a60792adccfb__PDFV2__CH_0005,56
bf11a9e49976a60792adccfb__PDFV2__CH_0007,100
bf11a9e49976a60792adccfb__PDFV2__CH_0008,71
bf11a9e49976a60792adccfb__PDFV2__CH_0009,58
bf9de3dfe887d46de90c060a__bf9de3dfe887d46de90c060a__SEG_0001__CH_001,252
bfab6abebcd1c6324162ec0d__PDFV2__CH_0001,323
bfab6abebcd1c6324162ec0d__PDFV2__CH_0002,318
bfab6abebcd1c6324162ec0d__PDFV2__CH_0003,381
bfab6abebcd1c6324162ec0d__PDFV2__CH_0004,370
bfaeed58134d26bdbe3e4f3d__PDFV2__CH_0001__M,518
bfaeed58134d26bdbe3e4f3d__PDFV2__CH_0003,438
bfaeed58134d26bdbe3e4f3d__PDFV2__CH_0004,469
bfaeed58134d26bdbe3e4f3d__PDFV2__CH_0005,464
bfaeed58134d26bdbe3e4f3d__PDFV2__CH_0006,561
bfaeed58134d26bdbe3e4f3d__PDFV2__CH_0007,440
bfaeed58134d26bdbe3e4f3d__PDFV2__CH_0008,325
bfaeed58134d26bdbe3e4f3d__PDFV2__CH_0009,343
bfaeed58134d26bdbe3e4f3d__PDFV2__CH_0010,234
bfaeed58134d26bdbe3e4f3d__PDFV2__CH_0011,423
bfaeed58134d26bdbe3e4f3d__PDFV2__CH_0012,40
bfaeed58134d26bdbe3e4f3d__PDFV2__CH_0013,233
bfaeed58134d26bdbe3e4f3d__PDFV2__CH_0014,260
bfaeed58134d26bdbe3e4f3d__PDFV2__CH_0015,158
bfaeed58134d26bdbe3e4f3d__PDFV2__CH_0016,162
bfaeed58134d26bdbe3e4f3d__PDFV2__CH_0017,121
bfaeed58134d26bdbe3e4f3d__PDFV2__CH_0018,152
bfaeed58134d26bdbe3e4f3d__PDFV2__CH_0019,409
bfaeed58134d26bdbe3e4f3d__PDFV2__CH_0020,275
bfaeed58134d26bdbe3e4f3d__PDFV2__CH_0022__M,755
bfaeed58134d26bdbe3e4f3d__PDFV2__CH_0024,371
bfaeed58134d26bdbe3e4f3d__PDFV2__CH_0026,507
bfaeed58134d26bdbe3e4f3d__PDFV2__CH_0027,115
bfaeed58134d26bdbe3e4f3d__PDFV2__CH_0029,238
bfaeed58134d26bdbe3e4f3d__PDFV2__CH_0030,418
bfaeed58134d26bdbe3e4f3d__PDFV2__CH_0031,330
bfaeed58134d26bdbe3e4f3d__PDFV2__CH_0032,251
bfaeed58134d26bdbe3e4f3d__PDFV2__CH_0033,392
bfaeed58134d26bdbe3e4f3d__PDFV2__CH_0034,360
bfaeed58134d26bdbe3e4f3d__PDFV2__CH_0035,449
bfaeed58134d26bdbe3e4f3d__PDFV2__CH_0036,439
bfaeed58134d26bdbe3e4f3d__PDFV2__CH_0037,227
bfaeed58134d26bdbe3e4f3d__PDFV2__CH_0038,476
bfaeed58134d26bdbe3e4f3d__PDFV2__CH_0039,456
bfaeed58134d26bdbe3e4f3d__PDFV2__CH_0041,448
bfaeed58134d26bdbe3e4f3d__PDFV2__CH_0042,486
bfaeed58134d26bdbe3e4f3d__PDFV2__CH_0043,483
c013e17be4c9e69e4c33b9d5__c013e17be4c9e69e4c33b9d5__SEG_0001__CH_002,125
c0395066e3e6297abf6c9a9e__PDFV2__CH_0001,303
c0395066e3e6297abf6c9a9e__PDFV2__CH_0002,236
c0395066e3e6297abf6c9a9e__PDFV2__CH_0003,183
c0395066e3e6297abf6c9a9e__PDFV2__CH_0004,167
c0395066e3e6297abf6c9a9e__PDFV2__CH_0005,469
c0395066e3e6297abf6c9a9e__PDFV2__CH_0006,509
c0395066e3e6297abf6c9a9e__PDFV2__CH_0007,333
c0395066e3e6297abf6c9a9e__PDFV2__CH_0008,333
c0395066e3e6297abf6c9a9e__PDFV2__CH_0009,364
c0395066e3e6297abf6c9a9e__PDFV2__CH_0011,415
c0395066e3e6297abf6c9a9e__PDFV2__CH_0012,243
c0395066e3e6297abf6c9a9e__PDFV2__CH_0013,199
c0395066e3e6297abf6c9a9e__PDFV2__CH_0014,363
c0395066e3e6297abf6c9a9e__PDFV2__CH_0015,337
c0395066e3e6297abf6c9a9e__PDFV2__CH_0016,218
c0395066e3e6297abf6c9a9e__PDFV2__CH_0017,254
c0395066e3e6297abf6c9a9e__PDFV2__CH_0018,282
c0395066e3e6297abf6c9a9e__PDFV2__CH_0019,260
c0395066e3e6297abf6c9a9e__PDFV2__CH_0020,253
c0395066e3e6297abf6c9a9e__PDFV2__CH_0021,260
c0395066e3e6297abf6c9a9e__PDFV2__CH_0022,216
c0395066e3e6297abf6c9a9e__PDFV2__CH_0023,266
c0395066e3e6297abf6c9a9e__PDFV2__CH_0024,131
c0395066e3e6297abf6c9a9e__PDFV2__CH_0026,28
c0c26f82b891b0197f6a86c9__c0c26f82b891b0197f6a86c9__SEG_0001__CH_001,631
c0c26f82b891b0197f6a86c9__c0c26f82b891b0197f6a86c9__SEG_0001__CH_002,589
c0c26f82b891b0197f6a86c9__c0c26f82b891b0197f6a86c9__SEG_0001__CH_003,1136
c0c26f82b891b0197f6a86c9__c0c26f82b891b0197f6a86c9__SEG_0001__CH_004,1056
c0c26f82b891b0197f6a86c9__c0c26f82b891b0197f6a86c9__SEG_0001__CH_005,217
c0fd351ff68cbb4ea2d3ebcd__c0fd351ff68cbb4ea2d3ebcd__SEG_0001__CH_002,1236
c15bb03dc82f0e4f8a23c807__c15bb03dc82f0e4f8a23c807__SEG_0001__CH_001,184
c15bb03dc82f0e4f8a23c807__c15bb03dc82f0e4f8a23c807__SEG_0001__CH_002,188
c15bb03dc82f0e4f8a23c807__c15bb03dc82f0e4f8a23c807__SEG_0001__CH_003,62
c15bb03dc82f0e4f8a23c807__c15bb03dc82f0e4f8a23c807__SEG_0001__CH_004__M,612
c15bb03dc82f0e4f8a23c807__c15bb03dc82f0e4f8a23c807__SEG_0001__CH_006,565
c15bb03dc82f0e4f8a23c807__c15bb03dc82f0e4f8a23c807__SEG_0001__CH_007,428
c15bb03dc82f0e4f8a23c807__c15bb03dc82f0e4f8a23c807__SEG_0001__CH_008,352
c15bb03dc82f0e4f8a23c807__c15bb03dc82f0e4f8a23c807__SEG_0001__CH_009,245
c15bb03dc82f0e4f8a23c807__c15bb03dc82f0e4f8a23c807__SEG_0001__CH_010,480
c15bb03dc82f0e4f8a23c807__c15bb03dc82f0e4f8a23c807__SEG_0001__CH_011,96
c15bb03dc82f0e4f8a23c807__c15bb03dc82f0e4f8a23c807__SEG_0002__CH_001,120
c15bb03dc82f0e4f8a23c807__c15bb03dc82f0e4f8a23c807__SEG_0002__CH_002,155
c15bb03dc82f0e4f8a23c807__c15bb03dc82f0e4f8a23c807__SEG_0002__CH_003,134
c2167298e3d6ae4025d08b8e__c2167298e3d6ae4025d08b8e__SEG_0001__CH_001,437
c236a700d17300e2eb017b8f__c236a700d17300e2eb017b8f__SEG_0001__CH_001,2244
c236a700d17300e2eb017b8f__c236a700d17300e2eb017b8f__SEG_0001__CH_002,1144
c2a80d517e617edbf0128961__c2a80d517e617edbf0128961__SEG_0001__CH_001,374
c2c022d9f4b021b9a85c378a__c2c022d9f4b021b9a85c378a__SEG_0001__CH_002,255
c2c022d9f4b021b9a85c378a__c2c022d9f4b021b9a85c378a__SEG_0001__CH_003,197
c2c022d9f4b021b9a85c378a__c2c022d9f4b021b9a85c378a__SEG_0001__CH_004,314
c2d53ee70dfbe06bab367c1a__c2d53ee70dfbe06bab367c1a__SEG_0001__CH_001,182
c2d53ee70dfbe06bab367c1a__c2d53ee70dfbe06bab367c1a__SEG_0001__CH_002,147
c317fa690016caa011d22903__c317fa690016caa011d22903__SEG_0001__CH_001,202
c33570a3ff034817e7b1ee73__c33570a3ff034817e7b1ee73__SEG_0001__CH_001,1435
c33e3c3ea2abe3f17873252b__c33e3c3ea2abe3f17873252b__SEG_0001__CH_001,97
c35498efe38e6c659e035252__c35498efe38e6c659e035252__SEG_0001__CH_001,224
c35498efe38e6c659e035252__c35498efe38e6c659e035252__SEG_0001__CH_002,291
c35498efe38e6c659e035252__c35498efe38e6c659e035252__SEG_0001__CH_003,1080
c35498efe38e6c659e035252__c35498efe38e6c659e035252__SEG_0001__CH_004,1146
c35498efe38e6c659e035252__c35498efe38e6c659e035252__SEG_0002__CH_001,321
c41b1f274887f1e37fe00580__c41b1f274887f1e37fe00580__SEG_0001__CH_001,105
c41b1f274887f1e37fe00580__c41b1f274887f1e37fe00580__SEG_0001__CH_002,275
c41b1f274887f1e37fe00580__c41b1f274887f1e37fe00580__SEG_0001__CH_003,588
c41b1f274887f1e37fe00580__c41b1f274887f1e37fe00580__SEG_0001__CH_004,142
c41b1f274887f1e37fe00580__c41b1f274887f1e37fe00580__SEG_0001__CH_005,379
c41b1f274887f1e37fe00580__c41b1f274887f1e37fe00580__SEG_0001__CH_006,731
c41b1f274887f1e37fe00580__c41b1f274887f1e37fe00580__SEG_0001__CH_007,613
c4212b817d32b073ffc4a09d__c4212b817d32b073ffc4a09d__SEG_0001__CH_001,175
c4212b817d32b073ffc4a09d__c4212b817d32b073ffc4a09d__SEG_0001__CH_003,103
c4212b817d32b073ffc4a09d__c4212b817d32b073ffc4a09d__SEG_0001__CH_004,770
c4212b817d32b073ffc4a09d__c4212b817d32b073ffc4a09d__SEG_0001__CH_005,281
c4212b817d32b073ffc4a09d__c4212b817d32b073ffc4a09d__SEG_0001__CH_006,649
c43a8766ec240b30330a8bf5__c43a8766ec240b30330a8bf5__SEG_0001__CH_002,639
c43a8766ec240b30330a8bf5__c43a8766ec240b30330a8bf5__SEG_0001__CH_003,71
c4722ff315542688ba9d6620__c4722ff315542688ba9d6620__SEG_0001__CH_001,153
c4ab571924e66f9724da23ff__c4ab571924e66f9724da23ff__SEG_0001__CH_001,278
c4ae70dd87fec985c4f7a836__c4ae70dd87fec985c4f7a836__SEG_0001__CH_001,205
c4e5ca64fde5ef6499664a1c__c4e5ca64fde5ef6499664a1c__SEG_0001__CH_001,647
c4e5ca64fde5ef6499664a1c__c4e5ca64fde5ef6499664a1c__SEG_0001__CH_002,1372
c4e5ca64fde5ef6499664a1c__c4e5ca64fde5ef6499664a1c__SEG_0001__CH_003,1014
c4e5ca64fde5ef6499664a1c__c4e5ca64fde5ef6499664a1c__SEG_0002__CH_001,1303
c4f10b54c52c4973207a3dba__c4f10b54c52c4973207a3dba__SEG_0001__CH_001,172
c53b469f712d2c1004db00ea__c53b469f712d2c1004db00ea__SEG_0001__CH_001,603
c53b469f712d2c1004db00ea__c53b469f712d2c1004db00ea__SEG_0001__CH_002,387
c55059323528171b1cff3a42__c55059323528171b1cff3a42__SEG_0001__CH_001,179
c5d155704c13e54971689abc__c5d155704c13e54971689abc__SEG_0001__CH_001,372
c5d155704c13e54971689abc__c5d155704c13e54971689abc__SEG_0001__CH_002,309
c60160a56bd1aa5b952d19ea__c60160a56bd1aa5b952d19ea__SEG_0001__CH_001,214
c65df5ba1035a2cdf5a31203__c65df5ba1035a2cdf5a31203__SEG_0001__CH_001,417
c65df5ba1035a2cdf5a31203__c65df5ba1035a2cdf5a31203__SEG_0001__CH_002,788
c67d51cbbdca2e93194617ce__c67d51cbbdca2e93194617ce__SEG_0001__CH_001,361
c67d51cbbdca2e93194617ce__c67d51cbbdca2e93194617ce__SEG_0001__CH_002,420
c69b5f915811a2c02af63f09__PDFV2__CH_0001,208
c69b5f915811a2c02af63f09__PDFV2__CH_0002,185
c69b5f915811a2c02af63f09__PDFV2__CH_0003,421
c69b5f915811a2c02af63f09__PDFV2__CH_0004,153
c69b5f915811a2c02af63f09__PDFV2__CH_0005,167
c69b5f915811a2c02af63f09__PDFV2__CH_0006,231
c69b5f915811a2c02af63f09__PDFV2__CH_0007,397
c69b5f915811a2c02af63f09__PDFV2__CH_0009,299
c69b5f915811a2c02af63f09__PDFV2__CH_0010,261
c69b5f915811a2c02af63f09__PDFV2__CH_0011,97
c69b5f915811a2c02af63f09__PDFV2__CH_0012,255
c69b5f915811a2c02af63f09__PDFV2__CH_0013,322
c69b5f915811a2c02af63f09__PDFV2__CH_0014,315
c69b5f915811a2c02af63f09__PDFV2__CH_0015,305
c69b5f915811a2c02af63f09__PDFV2__CH_0016,400
c69b5f915811a2c02af63f09__PDFV2__CH_0017,312
c69b5f915811a2c02af63f09__PDFV2__CH_0018,334
c69b5f915811a2c02af63f09__PDFV2__CH_0019,219
c69b5f915811a2c02af63f09__PDFV2__CH_0020,382
c69b5f915811a2c02af63f09__PDFV2__CH_0021__M,456
c69b5f915811a2c02af63f09__PDFV2__CH_0023,565
c69b5f915811a2c02af63f09__PDFV2__CH_0024,197
c69b5f915811a2c02af63f09__PDFV2__CH_0025,385
c69b5f915811a2c02af63f09__PDFV2__CH_0026,707
c69b5f915811a2c02af63f09__PDFV2__CH_0027,408
c77c147ed529d31ae546f56b__c77c147ed529d31ae546f56b__SEG_0001__CH_003,638
c77ecd8d57a17f91049d6710__c77ecd8d57a17f91049d6710__SEG_0001__CH_001,259
c77ecd8d57a17f91049d6710__c77ecd8d57a17f91049d6710__SEG_0001__CH_002,153
c77ecd8d57a17f91049d6710__c77ecd8d57a17f91049d6710__SEG_0001__CH_003,565
c78eb2c2eaee3c25ada6eddc__c78eb2c2eaee3c25ada6eddc__SEG_0001__CH_001,543
c78eb2c2eaee3c25ada6eddc__c78eb2c2eaee3c25ada6eddc__SEG_0001__CH_002,612
c78eb2c2eaee3c25ada6eddc__c78eb2c2eaee3c25ada6eddc__SEG_0001__CH_003,424
c79de62dc7bbb1d67bdcda39__PDFV2__CH_0001,321
c7c53f17217d364a9dab2927__PDFV2__CH_0001,392
c7c53f17217d364a9dab2927__PDFV2__CH_0002,248
c7c53f17217d364a9dab2927__PDFV2__CH_0003,350
c7c53f17217d364a9dab2927__PDFV2__CH_0004,306
c7c53f17217d364a9dab2927__PDFV2__CH_0006,129
c7c8ceda74f570d5c9dd8b01__c7c8ceda74f570d5c9dd8b01__SEG_0001__CH_001,498
c7c8ceda74f570d5c9dd8b01__c7c8ceda74f570d5c9dd8b01__SEG_0001__CH_002,690
c7c8ceda74f570d5c9dd8b01__c7c8ceda74f570d5c9dd8b01__SEG_0001__CH_003,183
c8544a0dc611bfeab45f5f15__PDFV2__CH_0001,504
c8544a0dc611bfeab45f5f15__PDFV2__CH_0002,549
c8544a0dc611bfeab45f5f15__PDFV2__CH_0003__M,354
c8544a0dc611bfeab45f5f15__PDFV2__CH_0005,434
c8544a0dc611bfeab45f5f15__PDFV2__CH_0006,337
c8544a0dc611bfeab45f5f15__PDFV2__CH_0007,617
c8544a0dc611bfeab45f5f15__PDFV2__CH_0008,399
c8544a0dc611bfeab45f5f15__PDFV2__CH_0009,443
c8544a0dc611bfeab45f5f15__PDFV2__CH_0010,406
c8544a0dc611bfeab45f5f15__PDFV2__CH_0011,590
c8544a0dc611bfeab45f5f15__PDFV2__CH_0012,382
c8544a0dc611bfeab45f5f15__PDFV2__CH_0013,496
c8544a0dc611bfeab45f5f15__PDFV2__CH_0014,491
c8544a0dc611bfeab45f5f15__PDFV2__CH_0015__M,511
c8544a0dc611bfeab45f5f15__PDFV2__CH_0018__M,293
c8544a0dc611bfeab45f5f15__PDFV2__CH_0021,217
c8544a0dc611bfeab45f5f15__PDFV2__CH_0023,85
c8544a0dc611bfeab45f5f15__PDFV2__CH_0025,75
c8544a0dc611bfeab45f5f15__PDFV2__CH_0027,293
c8544a0dc611bfeab45f5f15__PDFV2__CH_0028,621
c8544a0dc611bfeab45f5f15__PDFV2__CH_0029,445
c8544a0dc611bfeab45f5f15__PDFV2__CH_0030,463
c867c54df7d20c0d0b0928a3__PDFV2__CH_0001,188
c867c54df7d20c0d0b0928a3__PDFV2__CH_0002,210
c867c54df7d20c0d0b0928a3__PDFV2__CH_0003,223
c867c54df7d20c0d0b0928a3__PDFV2__CH_0004,201
c867c54df7d20c0d0b0928a3__PDFV2__CH_0005,138
c867c54df7d20c0d0b0928a3__PDFV2__CH_0006,166
c867c54df7d20c0d0b0928a3__PDFV2__CH_0007,105
c867c54df7d20c0d0b0928a3__PDFV2__CH_0009,129
c896cde9355ff9487628fb74__c896cde9355ff9487628fb74__SEG_0001__CH_001,188
c8a3b41d10dfb9c040b26425__PDFV2__CH_0001,263
c8a3b41d10dfb9c040b26425__PDFV2__CH_0002,226
c8a3b41d10dfb9c040b26425__PDFV2__CH_0003,502
c8a3b41d10dfb9c040b26425__PDFV2__CH_0004,115
c8a3b41d10dfb9c040b26425__PDFV2__CH_0005,595
c8a3b41d10dfb9c040b26425__PDFV2__CH_0006,411
c8a3b41d10dfb9c040b26425__PDFV2__CH_0007,293
c8d7d93a98f4ee4d8aa7abac__PDFV2__CH_0001,262
c8d7d93a98f4ee4d8aa7abac__PDFV2__CH_0003,224
c8d7d93a98f4ee4d8aa7abac__PDFV2__CH_0004,185
c8d7d93a98f4ee4d8aa7abac__PDFV2__CH_0005,67
c8d7d93a98f4ee4d8aa7abac__PDFV2__CH_0006,159
c8d7d93a98f4ee4d8aa7abac__PDFV2__CH_0007,284
c8d7d93a98f4ee4d8aa7abac__PDFV2__CH_0008,162
c929682195914f1332830172__PDFV2__CH_0003,671
c929682195914f1332830172__PDFV2__CH_0005,209
c940304cee01b20787ac5c5f__c940304cee01b20787ac5c5f__SEG_0001__CH_001,178
c940304cee01b20787ac5c5f__c940304cee01b20787ac5c5f__SEG_0001__CH_002,233
ca25801ff9590d36b4d867e5__ca25801ff9590d36b4d867e5__SEG_0001__CH_001,220
ca25801ff9590d36b4d867e5__ca25801ff9590d36b4d867e5__SEG_0001__CH_002,132
ca28e50c2d09121cd8e57ad3__ca28e50c2d09121cd8e57ad3__SEG_0001__CH_003,151
ca28e50c2d09121cd8e57ad3__ca28e50c2d09121cd8e57ad3__SEG_0001__CH_004,4827
ca28e50c2d09121cd8e57ad3__ca28e50c2d09121cd8e57ad3__SEG_0001__CH_005,816
ca28e50c2d09121cd8e57ad3__ca28e50c2d09121cd8e57ad3__SEG_0001__CH_006,4088
ca28e50c2d09121cd8e57ad3__ca28e50c2d09121cd8e57ad3__SEG_0001__CH_007,460
ca28e50c2d09121cd8e57ad3__ca28e50c2d09121cd8e57ad3__SEG_0002__CH_001,217
ca28e50c2d09121cd8e57ad3__ca28e50c2d09121cd8e57ad3__SEG_0002__CH_002,194
ca28e50c2d09121cd8e57ad3__ca28e50c2d09121cd8e57ad3__SEG_0002__CH_003,589
ca28e50c2d09121cd8e57ad3__ca28e50c2d09121cd8e57ad3__SEG_0002__CH_004,189
ca28e50c2d09121cd8e57ad3__ca28e50c2d09121cd8e57ad3__SEG_0002__CH_005,163
ca28e50c2d09121cd8e57ad3__ca28e50c2d09121cd8e57ad3__SEG_0002__CH_006,1630
ca28e50c2d09121cd8e57ad3__ca28e50c2d09121cd8e57ad3__SEG_0002__CH_007,649
ca28e50c2d09121cd8e57ad3__ca28e50c2d09121cd8e57ad3__SEG_0002__CH_008,2688
ca28e50c2d09121cd8e57ad3__ca28e50c2d09121cd8e57ad3__SEG_0002__CH_009,2159
ca43089c30987e41ec350e21__ca43089c30987e41ec350e21__SEG_0001__CH_001__M,820
ca6794823b7862ce59dfc408__ca6794823b7862ce59dfc408__SEG_0001__CH_001,143
ca6794823b7862ce59dfc408__ca6794823b7862ce59dfc408__SEG_0001__CH_002,88
cc085b8266b63c26509fc1b9__cc085b8266b63c26509fc1b9__SEG_0001__CH_001,219
cc17b47a8ab896dbcfa11d14__PDFV2__CH_0001,635
cc17b47a8ab896dbcfa11d14__PDFV2__CH_0002,690
cc17b47a8ab896dbcfa11d14__PDFV2__CH_0003,689
cc17b47a8ab896dbcfa11d14__PDFV2__CH_0004,660
cc17b47a8ab896dbcfa11d14__PDFV2__CH_0005,481
cc17b47a8ab896dbcfa11d14__PDFV2__CH_0006,456
cc17b47a8ab896dbcfa11d14__PDFV2__CH_0007,100
cca5cb44d7d1d7c6ef01183f__PDFV2__CH_0002,332
ccbbaf48a8d473b0ca3f38a0__ccbbaf48a8d473b0ca3f38a0__SEG_0001__CH_001,233
ccc14088214d96fa94cf03d2__ccc14088214d96fa94cf03d2__SEG_0001__CH_001,383
ccefb3e5e8fb4c83749322b3__PDFV2__CH_0001,264
ccefb3e5e8fb4c83749322b3__PDFV2__CH_0002,346
ccefb3e5e8fb4c83749322b3__PDFV2__CH_0004,245
ccf3d731ad06bbebd543a514__PDFV2__CH_0001,334
ccf3d731ad06bbebd543a514__PDFV2__CH_0002,345
ccf3d731ad06bbebd543a514__PDFV2__CH_0003,305
ccf3d731ad06bbebd543a514__PDFV2__CH_0004,288
ccf3d731ad06bbebd543a514__PDFV2__CH_0005,183
ccf3d731ad06bbebd543a514__PDFV2__CH_0006,96
ccf3d731ad06bbebd543a514__PDFV2__CH_0007,294
ccf3d731ad06bbebd543a514__PDFV2__CH_0009,263
ccf3d731ad06bbebd543a514__PDFV2__CH_0010,89
ccf3d731ad06bbebd543a514__PDFV2__CH_0011,320
ccf3d731ad06bbebd543a514__PDFV2__CH_0012,113
ccf3d731ad06bbebd543a514__PDFV2__CH_0013,679
ccf3d731ad06bbebd543a514__PDFV2__CH_0014,622
ccf3d731ad06bbebd543a514__PDFV2__CH_0015,590
ccf3d731ad06bbebd543a514__PDFV2__CH_0016,586
ccf3d731ad06bbebd543a514__PDFV2__CH_0017,577
ccf3d731ad06bbebd543a514__PDFV2__CH_0018,368
ccf3d731ad06bbebd543a514__PDFV2__CH_0019,562
ccf3d731ad06bbebd543a514__PDFV2__CH_0020,309
ccf3d731ad06bbebd543a514__PDFV2__CH_0021,355
ccf3d731ad06bbebd543a514__PDFV2__CH_0022,177
ccf3d731ad06bbebd543a514__PDFV2__CH_0023,279
ccf3d731ad06bbebd543a514__PDFV2__CH_0024,267
ccf3d731ad06bbebd543a514__PDFV2__CH_0025,178
ccf3d731ad06bbebd543a514__PDFV2__CH_0026,381
ccf3d731ad06bbebd543a514__PDFV2__CH_0027,316
cd0fcd9bf872c59005efcb97__cd0fcd9bf872c59005efcb97__SEG_0001__CH_001,1168
cd0fcd9bf872c59005efcb97__cd0fcd9bf872c59005efcb97__SEG_0001__CH_002,1073
cd16111fc8b1ae0df4707454__cd16111fc8b1ae0df4707454__SEG_0001__CH_002,857
cd16111fc8b1ae0df4707454__cd16111fc8b1ae0df4707454__SEG_0001__CH_003,1207
cd16111fc8b1ae0df4707454__cd16111fc8b1ae0df4707454__SEG_0002__CH_001,359
cd3b9b0da7bad318e2b6c3c4__cd3b9b0da7bad318e2b6c3c4__SEG_0001__CH_001,653
cdc611d286c0ae9ebf767c4a__cdc611d286c0ae9ebf767c4a__SEG_0001__CH_001,112
cdc611d286c0ae9ebf767c4a__cdc611d286c0ae9ebf767c4a__SEG_0001__CH_002,146
cdc611d286c0ae9ebf767c4a__cdc611d286c0ae9ebf767c4a__SEG_0001__CH_003,346
cdc611d286c0ae9ebf767c4a__cdc611d286c0ae9ebf767c4a__SEG_0001__CH_004,82
cdc611d286c0ae9ebf767c4a__cdc611d286c0ae9ebf767c4a__SEG_0001__CH_005,151
cdf981b9a9fab568f594c17e__PDFV2__CH_0002,72
cdf981b9a9fab568f594c17e__PDFV2__CH_0003,83
cdf981b9a9fab568f594c17e__PDFV2__CH_0004,120
ce1dd362cd5582d3a70d2e03__PDFV2__CH_0001,355
ce1dd362cd5582d3a70d2e03__PDFV2__CH_0002,226
cea6d095d9bc499026f5734c__cea6d095d9bc499026f5734c__SEG_0001__CH_001,599
cea6d095d9bc499026f5734c__cea6d095d9bc499026f5734c__SEG_0001__CH_002,692
cea6d095d9bc499026f5734c__cea6d095d9bc499026f5734c__SEG_0001__CH_003,504
cee98b6f13de7ea134a6b740__cee98b6f13de7ea134a6b740__SEG_0001__CH_001,217
ceeb16a04d1740cba0c5bc2b__ceeb16a04d1740cba0c5bc2b__SEG_0001__CH_001,1743
ceeb16a04d1740cba0c5bc2b__ceeb16a04d1740cba0c5bc2b__SEG_0001__CH_002,1200
cef0faa1722e1095eb0e77b1__PDFV2__CH_0003,235
cef0faa1722e1095eb0e77b1__PDFV2__CH_0005,474
cef0faa1722e1095eb0e77b1__PDFV2__CH_0008,369
cef0faa1722e1095eb0e77b1__PDFV2__CH_0009,244
cef0faa1722e1095eb0e77b1__PDFV2__CH_0010,317
cef0faa1722e1095eb0e77b1__PDFV2__CH_0011,291
cef0faa1722e1095eb0e77b1__PDFV2__CH_0012,277
cef0faa1722e1095eb0e77b1__PDFV2__CH_0013,374
cef0faa1722e1095eb0e77b1__PDFV2__CH_0014,175
cef0faa1722e1095eb0e77b1__PDFV2__CH_0015,580
cef0faa1722e1095eb0e77b1__PDFV2__CH_0016,334
cef0faa1722e1095eb0e77b1__PDFV2__CH_0017,645
cef0faa1722e1095eb0e77b1__PDFV2__CH_0018,484
cef0faa1722e1095eb0e77b1__PDFV2__CH_0019,340
cef0faa1722e1095eb0e77b1__PDFV2__CH_0020,235
cefbebb9846a75f219095092__cefbebb9846a75f219095092__SEG_0001__CH_001,328
cefbebb9846a75f219095092__cefbebb9846a75f219095092__SEG_0001__CH_002,409
cefbebb9846a75f219095092__cefbebb9846a75f219095092__SEG_0001__CH_003,229
cf377e6690bd58cc2599d777__cf377e6690bd58cc2599d777__SEG_0001__CH_001,78
cf42c404891fc3b0198c1c93__PDFV2__CH_0001,355
cfe96dd2739f5297cdca9273__PDFV2__CH_0001,361
cfe96dd2739f5297cdca9273__PDFV2__CH_0002,429
cfe96dd2739f5297cdca9273__PDFV2__CH_0003,214
cfe96dd2739f5297cdca9273__PDFV2__CH_0004,346
cfe96dd2739f5297cdca9273__PDFV2__CH_0005,77
cfe96dd2739f5297cdca9273__PDFV2__CH_0006,517
cfe96dd2739f5297cdca9273__PDFV2__CH_0007,351
cfe96dd2739f5297cdca9273__PDFV2__CH_0009,528
cfe96dd2739f5297cdca9273__PDFV2__CH_0010__M,841
cfe96dd2739f5297cdca9273__PDFV2__CH_0012,416
cfe96dd2739f5297cdca9273__PDFV2__CH_0013__M,460
cfe96dd2739f5297cdca9273__PDFV2__CH_0015,376
cfe96dd2739f5297cdca9273__PDFV2__CH_0016,541
cfe96dd2739f5297cdca9273__PDFV2__CH_0017,552
cfe96dd2739f5297cdca9273__PDFV2__CH_0018,370
cfe96dd2739f5297cdca9273__PDFV2__CH_0019,321
cfe96dd2739f5297cdca9273__PDFV2__CH_0020,323
cfe96dd2739f5297cdca9273__PDFV2__CH_0021,260
d00090939260ac598c894d13__d00090939260ac598c894d13__SEG_0001__CH_001,197
d00090939260ac598c894d13__d00090939260ac598c894d13__SEG_0001__CH_002,59
d01db66ba827b88f7558a888__PDFV2__CH_0001,494
d01db66ba827b88f7558a888__PDFV2__CH_0002,462
d01db66ba827b88f7558a888__PDFV2__CH_0003,518
d01db66ba827b88f7558a888__PDFV2__CH_0004,125
d01db66ba827b88f7558a888__PDFV2__CH_0005,548
d01db66ba827b88f7558a888__PDFV2__CH_0006,322
d01db66ba827b88f7558a888__PDFV2__CH_0007,289
d01db66ba827b88f7558a888__PDFV2__CH_0008,322
d01db66ba827b88f7558a888__PDFV2__CH_0009,313
d01db66ba827b88f7558a888__PDFV2__CH_0010,573
d01db66ba827b88f7558a888__PDFV2__CH_0011,600
d01db66ba827b88f7558a888__PDFV2__CH_0012,411
d0e52702711e06a790bb200f__d0e52702711e06a790bb200f__SEG_0001__CH_001,1149
d0e52702711e06a790bb200f__d0e52702711e06a790bb200f__SEG_0001__CH_002,1540
d0e52702711e06a790bb200f__d0e52702711e06a790bb200f__SEG_0001__CH_003,1970
d0e52702711e06a790bb200f__d0e52702711e06a790bb200f__SEG_0001__CH_004,1660
d0e52702711e06a790bb200f__d0e52702711e06a790bb200f__SEG_0001__CH_005,1232
d0e52702711e06a790bb200f__d0e52702711e06a790bb200f__SEG_0002__CH_002,401
d0e52702711e06a790bb200f__d0e52702711e06a790bb200f__SEG_0002__CH_003,248
d0e52702711e06a790bb200f__d0e52702711e06a790bb200f__SEG_0002__CH_004,239
d0fe502156bb004356805feb__d0fe502156bb004356805feb__SEG_0001__CH_001,238
d1039dbf83ac482439cab814__PDFV2__CH_0001,269
d1090e7bb681643daa56e53e__PDFV2__CH_0001,421
d1090e7bb681643daa56e53e__PDFV2__CH_0002,657
d1090e7bb681643daa56e53e__PDFV2__CH_0003,290
d13cd9c98868e504af3034e6__d13cd9c98868e504af3034e6__SEG_0001__CH_001,430
d13cd9c98868e504af3034e6__d13cd9c98868e504af3034e6__SEG_0001__CH_002,596
d18dd13bfba2943038c70c63__PDFV2__CH_0001,186
d18dd13bfba2943038c70c63__PDFV2__CH_0002,178
d18dd13bfba2943038c70c63__PDFV2__CH_0004,378
d18dd13bfba2943038c70c63__PDFV2__CH_0005,185
d265d75216271e8dad43072a__PDFV2__CH_0001,857
d265d75216271e8dad43072a__PDFV2__CH_0002,538
d265d75216271e8dad43072a__PDFV2__CH_0003,458
d265d75216271e8dad43072a__PDFV2__CH_0004,403
d265d75216271e8dad43072a__PDFV2__CH_0005,227
d265d75216271e8dad43072a__PDFV2__CH_0006,726
d265d75216271e8dad43072a__PDFV2__CH_0007,812
d265d75216271e8dad43072a__PDFV2__CH_0008,403
d265d75216271e8dad43072a__PDFV2__CH_0009,347
d265d75216271e8dad43072a__PDFV2__CH_0010,357
d265d75216271e8dad43072a__PDFV2__CH_0011,394
d265d75216271e8dad43072a__PDFV2__CH_0012,429
d265d75216271e8dad43072a__PDFV2__CH_0013,346
d265d75216271e8dad43072a__PDFV2__CH_0014,273
d265d75216271e8dad43072a__PDFV2__CH_0015,308
d265d75216271e8dad43072a__PDFV2__CH_0016,133
d265d75216271e8dad43072a__PDFV2__CH_0017,326
d265d75216271e8dad43072a__PDFV2__CH_0018,152
d265d75216271e8dad43072a__PDFV2__CH_0019,321
d265d75216271e8dad43072a__PDFV2__CH_0020,117
d265d75216271e8dad43072a__PDFV2__CH_0021,762
d265d75216271e8dad43072a__PDFV2__CH_0022,287
d265d75216271e8dad43072a__PDFV2__CH_0023,314
d265d75216271e8dad43072a__PDFV2__CH_0024,556
d265d75216271e8dad43072a__PDFV2__CH_0025,139
d265d75216271e8dad43072a__PDFV2__CH_0026,191
d265d75216271e8dad43072a__PDFV2__CH_0027,240
d265d75216271e8dad43072a__PDFV2__CH_0028,233
d265d75216271e8dad43072a__PDFV2__CH_0029,790
d265d75216271e8dad43072a__PDFV2__CH_0030,757
d265d75216271e8dad43072a__PDFV2__CH_0031,191
d265d75216271e8dad43072a__PDFV2__CH_0032,77
d265d75216271e8dad43072a__PDFV2__CH_0033,322
d265d75216271e8dad43072a__PDFV2__CH_0034,386
d265d75216271e8dad43072a__PDFV2__CH_0035,295
d265d75216271e8dad43072a__PDFV2__CH_0036,260
d265d75216271e8dad43072a__PDFV2__CH_0037,417
d265d75216271e8dad43072a__PDFV2__CH_0038,70
d265d75216271e8dad43072a__PDFV2__CH_0039,143
d265d75216271e8dad43072a__PDFV2__CH_0042,96
d265d75216271e8dad43072a__PDFV2__CH_0044,56
d265d75216271e8dad43072a__PDFV2__CH_0045,60
d265d75216271e8dad43072a__PDFV2__CH_0046,34
d265d75216271e8dad43072a__PDFV2__CH_0048,76
d265d75216271e8dad43072a__PDFV2__CH_0050,158
d265d75216271e8dad43072a__PDFV2__CH_0052,70
d265d75216271e8dad43072a__PDFV2__CH_0053,92
d265d75216271e8dad43072a__PDFV2__CH_0054,76
d265d75216271e8dad43072a__PDFV2__CH_0055,116
d265d75216271e8dad43072a__PDFV2__CH_0056,173
d265d75216271e8dad43072a__PDFV2__CH_0057,147
d265d75216271e8dad43072a__PDFV2__CH_0058,728
d26a928d9d2e37362e269c8a__d26a928d9d2e37362e269c8a__SEG_0001__CH_001,337
d27a892ff1c47bdadae2365b__PDFV2__CH_0001,566
d27a892ff1c47bdadae2365b__PDFV2__CH_0002,498
d27a892ff1c47bdadae2365b__PDFV2__CH_0003,587
d27a892ff1c47bdadae2365b__PDFV2__CH_0004,301
d27a892ff1c47bdadae2365b__PDFV2__CH_0005,276
d27a892ff1c47bdadae2365b__PDFV2__CH_0006,474
d27a892ff1c47bdadae2365b__PDFV2__CH_0007,592
d27a892ff1c47bdadae2365b__PDFV2__CH_0008,666
d27a892ff1c47bdadae2365b__PDFV2__CH_0009,351
d2abadff0875c131ff3d2dde__d2abadff0875c131ff3d2dde__SEG_0001__CH_001,600
d2abadff0875c131ff3d2dde__d2abadff0875c131ff3d2dde__SEG_0001__CH_002,766
d2abadff0875c131ff3d2dde__d2abadff0875c131ff3d2dde__SEG_0001__CH_003,347
d2c786ee2a1f8c0de0e11d75__d2c786ee2a1f8c0de0e11d75__SEG_0001__CH_001,145
d2c786ee2a1f8c0de0e11d75__d2c786ee2a1f8c0de0e11d75__SEG_0001__CH_002,278
d2d3374ace2416973096c2ea__d2d3374ace2416973096c2ea__SEG_0001__CH_001,99
d2d3374ace2416973096c2ea__d2d3374ace2416973096c2ea__SEG_0001__CH_002,184
d2d3374ace2416973096c2ea__d2d3374ace2416973096c2ea__SEG_0001__CH_003,399
d2d3374ace2416973096c2ea__d2d3374ace2416973096c2ea__SEG_0001__CH_004,172
d31963b48b10855856ea8842__d31963b48b10855856ea8842__SEG_0001__CH_001,172
d31963b48b10855856ea8842__d31963b48b10855856ea8842__SEG_0001__CH_002,106
d357310d57b41dd52a15c2ae__PDFV2__CH_0001,236
d357310d57b41dd52a15c2ae__PDFV2__CH_0002,507
d357310d57b41dd52a15c2ae__PDFV2__CH_0003,161
d357310d57b41dd52a15c2ae__PDFV2__CH_0004,383
d357310d57b41dd52a15c2ae__PDFV2__CH_0005,546
d357310d57b41dd52a15c2ae__PDFV2__CH_0006,427
d357310d57b41dd52a15c2ae__PDFV2__CH_0007,417
d357310d57b41dd52a15c2ae__PDFV2__CH_0008,481
d3aadeb3d196b2415ca2ffae__PDFV2__CH_0001,538
d3aadeb3d196b2415ca2ffae__PDFV2__CH_0002,499
d3aadeb3d196b2415ca2ffae__PDFV2__CH_0003,579
d3aadeb3d196b2415ca2ffae__PDFV2__CH_0004,790
d3aadeb3d196b2415ca2ffae__PDFV2__CH_0005,474
d3aadeb3d196b2415ca2ffae__PDFV2__CH_0006,513
d3aadeb3d196b2415ca2ffae__PDFV2__CH_0007,473
d3aadeb3d196b2415ca2ffae__PDFV2__CH_0008,425
d3aadeb3d196b2415ca2ffae__PDFV2__CH_0009,224
d3aadeb3d196b2415ca2ffae__PDFV2__CH_0010,328
d3aadeb3d196b2415ca2ffae__PDFV2__CH_0011,323
d3aadeb3d196b2415ca2ffae__PDFV2__CH_0012,315
d3aadeb3d196b2415ca2ffae__PDFV2__CH_0013,392
d4096663774298c3756f80f5__d4096663774298c3756f80f5__SEG_0001__CH_001,605
d44872d59a33289707091211__d44872d59a33289707091211__SEG_0001__CH_001,369
d44872d59a33289707091211__d44872d59a33289707091211__SEG_0001__CH_002,353
d44872d59a33289707091211__d44872d59a33289707091211__SEG_0001__CH_003,535
d44872d59a33289707091211__d44872d59a33289707091211__SEG_0001__CH_004,95
d44f9fc4a5056b9a9a3a1e9a__PDFV2__CH_0001,694
d44f9fc4a5056b9a9a3a1e9a__PDFV2__CH_0006,575
d44f9fc4a5056b9a9a3a1e9a__PDFV2__CH_0007,835
d44f9fc4a5056b9a9a3a1e9a__PDFV2__CH_0008,186
d44f9fc4a5056b9a9a3a1e9a__PDFV2__CH_0009,223
d44f9fc4a5056b9a9a3a1e9a__PDFV2__CH_0010,388
d44f9fc4a5056b9a9a3a1e9a__PDFV2__CH_0011,116
d44f9fc4a5056b9a9a3a1e9a__PDFV2__CH_0012,156
d44f9fc4a5056b9a9a3a1e9a__PDFV2__CH_0013,558
d44f9fc4a5056b9a9a3a1e9a__PDFV2__CH_0014,799
d44f9fc4a5056b9a9a3a1e9a__PDFV2__CH_0015,712
d44f9fc4a5056b9a9a3a1e9a__PDFV2__CH_0016,758
d44f9fc4a5056b9a9a3a1e9a__PDFV2__CH_0017,797
d44f9fc4a5056b9a9a3a1e9a__PDFV2__CH_0018,742
d44f9fc4a5056b9a9a3a1e9a__PDFV2__CH_0019,739
d44f9fc4a5056b9a9a3a1e9a__PDFV2__CH_0020,476
d44f9fc4a5056b9a9a3a1e9a__PDFV2__CH_0021,281
d44f9fc4a5056b9a9a3a1e9a__PDFV2__CH_0022,322
d47fea63ec2cadfdf58f98cb__PDFV2__CH_0001,339
d47fea63ec2cadfdf58f98cb__PDFV2__CH_0002,309
d47fea63ec2cadfdf58f98cb__PDFV2__CH_0003,309
d47fea63ec2cadfdf58f98cb__PDFV2__CH_0004,313
d4b68b6a6f6351304c6c3357__d4b68b6a6f6351304c6c3357__SEG_0001__CH_001,278
d4ba14a996aff80a13d927fe__PDFV2__CH_0001,445
d4ba14a996aff80a13d927fe__PDFV2__CH_0002,500
d4ba14a996aff80a13d927fe__PDFV2__CH_0003,708
d4ba14a996aff80a13d927fe__PDFV2__CH_0004,994
d4ba14a996aff80a13d927fe__PDFV2__CH_0005,768
d4bd0c56bbe1493db6a6ea8f__PDFV2__CH_0001,363
d4bd0c56bbe1493db6a6ea8f__PDFV2__CH_0002,471
d4c83ad64dcbd1e1edc065d3__d4c83ad64dcbd1e1edc065d3__SEG_0001__CH_001,437
d4efda1e9011fb451520acc5__d4efda1e9011fb451520acc5__SEG_0001__CH_002,286
d5ba02c0719f811068f58a9e__PDFV2__CH_0001,322
d5ba02c0719f811068f58a9e__PDFV2__CH_0004,481
d5ba02c0719f811068f58a9e__PDFV2__CH_0005,234
d5ba02c0719f811068f58a9e__PDFV2__CH_0006,120
d5ba02c0719f811068f58a9e__PDFV2__CH_0007,20
d5ba02c0719f811068f58a9e__PDFV2__CH_0008,833
d5ba02c0719f811068f58a9e__PDFV2__CH_0009,206
d5ba02c0719f811068f58a9e__PDFV2__CH_0010,37
d5ba02c0719f811068f58a9e__PDFV2__CH_0011,31
d5ba02c0719f811068f58a9e__PDFV2__CH_0012,575
d5ba02c0719f811068f58a9e__PDFV2__CH_0013,231
d5ba02c0719f811068f58a9e__PDFV2__CH_0014,423
d5ba02c0719f811068f58a9e__PDFV2__CH_0015,587
d5ba02c0719f811068f58a9e__PDFV2__CH_0016,204
d5ba02c0719f811068f58a9e__PDFV2__CH_0017,242
d5ba02c0719f811068f58a9e__PDFV2__CH_0018,293
d5ba02c0719f811068f58a9e__PDFV2__CH_0019,246
d5ba02c0719f811068f58a9e__PDFV2__CH_0020,162
d5ba02c0719f811068f58a9e__PDFV2__CH_0021,125
d5ba02c0719f811068f58a9e__PDFV2__CH_0022,127
d5ba02c0719f811068f58a9e__PDFV2__CH_0023,255
d5ba02c0719f811068f58a9e__PDFV2__CH_0024,256
d5ba02c0719f811068f58a9e__PDFV2__CH_0025,260
d5ba02c0719f811068f58a9e__PDFV2__CH_0026,297
d5ba02c0719f811068f58a9e__PDFV2__CH_0027,63
d5ba02c0719f811068f58a9e__PDFV2__CH_0028,195
d5ba02c0719f811068f58a9e__PDFV2__CH_0029,130
d5ba02c0719f811068f58a9e__PDFV2__CH_0030,304
d5ba02c0719f811068f58a9e__PDFV2__CH_0031,140
d5ba02c0719f811068f58a9e__PDFV2__CH_0032,62
d5ccda2e14007e122d3268ce__d5ccda2e14007e122d3268ce__SEG_0001__CH_001,400
d61868f1e6e7f32e4be397b4__d61868f1e6e7f32e4be397b4__SEG_0001__CH_001,450
d61868f1e6e7f32e4be397b4__d61868f1e6e7f32e4be397b4__SEG_0001__CH_002,427
d61868f1e6e7f32e4be397b4__d61868f1e6e7f32e4be397b4__SEG_0001__CH_003,391
d61868f1e6e7f32e4be397b4__d61868f1e6e7f32e4be397b4__SEG_0001__CH_004,1006
d61868f1e6e7f32e4be397b4__d61868f1e6e7f32e4be397b4__SEG_0001__CH_005,652
d61868f1e6e7f32e4be397b4__d61868f1e6e7f32e4be397b4__SEG_0001__CH_006,550
d61868f1e6e7f32e4be397b4__d61868f1e6e7f32e4be397b4__SEG_0001__CH_007,5049
d61868f1e6e7f32e4be397b4__d61868f1e6e7f32e4be397b4__SEG_0002__CH_001,2128
d61868f1e6e7f32e4be397b4__d61868f1e6e7f32e4be397b4__SEG_0002__CH_004,248
d62e98855a45ab930eedb043__d62e98855a45ab930eedb043__SEG_0001__CH_001,492
d6adc984c03fb3b5d82dc612__d6adc984c03fb3b5d82dc612__SEG_0001__CH_002,449
d6adc984c03fb3b5d82dc612__d6adc984c03fb3b5d82dc612__SEG_0001__CH_004,451
d6adc984c03fb3b5d82dc612__d6adc984c03fb3b5d82dc612__SEG_0001__CH_005,740
d6b866a0c0aa207426af08f9__PDFV2__CH_0002,595
d6b866a0c0aa207426af08f9__PDFV2__CH_0004,372
d6b866a0c0aa207426af08f9__PDFV2__CH_0005,562
d6b866a0c0aa207426af08f9__PDFV2__CH_0007,339
d6c15fa70db7010e5cd22369__d6c15fa70db7010e5cd22369__SEG_0001__CH_001,2767
d6c15fa70db7010e5cd22369__d6c15fa70db7010e5cd22369__SEG_0002__CH_001,1050
d6c15fa70db7010e5cd22369__d6c15fa70db7010e5cd22369__SEG_0002__CH_002,731
d6c15fa70db7010e5cd22369__d6c15fa70db7010e5cd22369__SEG_0002__CH_003,918
d6c15fa70db7010e5cd22369__d6c15fa70db7010e5cd22369__SEG_0003__CH_001,191
d6c15fa70db7010e5cd22369__d6c15fa70db7010e5cd22369__SEG_0003__CH_002,2379
d6c15fa70db7010e5cd22369__d6c15fa70db7010e5cd22369__SEG_0004__CH_001,350
d6e048d8927c67ee497b8ba0__PDFV2__CH_0001,419
d6e048d8927c67ee497b8ba0__PDFV2__CH_0002,230
d6e048d8927c67ee497b8ba0__PDFV2__CH_0003,188
d73b7b0ad5f83cb6b3b92b3a__d73b7b0ad5f83cb6b3b92b3a__SEG_0001__CH_001,240
d7811e732a670ae83be21937__d7811e732a670ae83be21937__SEG_0001__CH_001,163
d7811e732a670ae83be21937__d7811e732a670ae83be21937__SEG_0001__CH_002,82
d782f5ea3fe9f9e2d9fb717e__d782f5ea3fe9f9e2d9fb717e__SEG_0001__CH_001,287
d782f5ea3fe9f9e2d9fb717e__d782f5ea3fe9f9e2d9fb717e__SEG_0001__CH_002,232
d79d92116c617c233242c2cb__PDFV2__CH_0001,273
d79d92116c617c233242c2cb__PDFV2__CH_0002,306
d79d92116c617c233242c2cb__PDFV2__CH_0003,245
d79d92116c617c233242c2cb__PDFV2__CH_0004,567
d79d92116c617c233242c2cb__PDFV2__CH_0005,562
d79d92116c617c233242c2cb__PDFV2__CH_0006,74
d79d92116c617c233242c2cb__PDFV2__CH_0007,675
d79d92116c617c233242c2cb__PDFV2__CH_0008,181
d7cf0c4a3c060125c0d6272e__d7cf0c4a3c060125c0d6272e__SEG_0001__CH_001,44
d7cf0c4a3c060125c0d6272e__d7cf0c4a3c060125c0d6272e__SEG_0001__CH_002,348
d7cf0c4a3c060125c0d6272e__d7cf0c4a3c060125c0d6272e__SEG_0001__CH_003,239
d7cf0c4a3c060125c0d6272e__d7cf0c4a3c060125c0d6272e__SEG_0001__CH_004,167
d7ed4462ab8f41cc0a97a837__d7ed4462ab8f41cc0a97a837__SEG_0001__CH_001,351
d7ed4462ab8f41cc0a97a837__d7ed4462ab8f41cc0a97a837__SEG_0001__CH_002,303
d7ed4462ab8f41cc0a97a837__d7ed4462ab8f41cc0a97a837__SEG_0001__CH_003,240
d7ed4462ab8f41cc0a97a837__d7ed4462ab8f41cc0a97a837__SEG_0001__CH_004,294
d7ed4462ab8f41cc0a97a837__d7ed4462ab8f41cc0a97a837__SEG_0001__CH_005,249
d7ed4462ab8f41cc0a97a837__d7ed4462ab8f41cc0a97a837__SEG_0001__CH_006,198
d7f5a4994375bf9bd374ba02__d7f5a4994375bf9bd374ba02__SEG_0001__CH_002,1373
d8661b1b2388066dc573a590__d8661b1b2388066dc573a590__SEG_0001__CH_001,1321
d87c48ca499b8483f6a5124f__d87c48ca499b8483f6a5124f__SEG_0001__CH_001,1702
d87c48ca499b8483f6a5124f__d87c48ca499b8483f6a5124f__SEG_0001__CH_002,208
d88694ee43ede2bdc2f1e7b8__d88694ee43ede2bdc2f1e7b8__SEG_0001__CH_001,330
d88694ee43ede2bdc2f1e7b8__d88694ee43ede2bdc2f1e7b8__SEG_0001__CH_003,408
d88694ee43ede2bdc2f1e7b8__d88694ee43ede2bdc2f1e7b8__SEG_0001__CH_004,247
d88694ee43ede2bdc2f1e7b8__d88694ee43ede2bdc2f1e7b8__SEG_0001__CH_005,739
d88694ee43ede2bdc2f1e7b8__d88694ee43ede2bdc2f1e7b8__SEG_0001__CH_006,680
d88694ee43ede2bdc2f1e7b8__d88694ee43ede2bdc2f1e7b8__SEG_0001__CH_007,398
d88694ee43ede2bdc2f1e7b8__d88694ee43ede2bdc2f1e7b8__SEG_0002__CH_001,144
d88694ee43ede2bdc2f1e7b8__d88694ee43ede2bdc2f1e7b8__SEG_0002__CH_002,525
d89722884ace8baa8a6f6f1a__d89722884ace8baa8a6f6f1a__SEG_0001__CH_001,361
d89722884ace8baa8a6f6f1a__d89722884ace8baa8a6f6f1a__SEG_0001__CH_002,112
d8e41b08b16e4c85bb749793__d8e41b08b16e4c85bb749793__SEG_0001__CH_001,403
d8e41b08b16e4c85bb749793__d8e41b08b16e4c85bb749793__SEG_0001__CH_002,524
d8e41b08b16e4c85bb749793__d8e41b08b16e4c85bb749793__SEG_0001__CH_003,2264
d8e41b08b16e4c85bb749793__d8e41b08b16e4c85bb749793__SEG_0001__CH_004,413
d9247a7550599c2c9f6c6977__PDFV2__CH_0003,518
d9247a7550599c2c9f6c6977__PDFV2__CH_0004,549
d9247a7550599c2c9f6c6977__PDFV2__CH_0005,742
d93643fea961290ac250b969__PDFV2__CH_0001,348
d93643fea961290ac250b969__PDFV2__CH_0002,300
d93643fea961290ac250b969__PDFV2__CH_0003,321
d93643fea961290ac250b969__PDFV2__CH_0004,130
d93e12ad2fbad92e75947107__d93e12ad2fbad92e75947107__SEG_0001__CH_001,272
d93fa8fb16f18602a6cd453a__d93fa8fb16f18602a6cd453a__SEG_0001__CH_001,1645
d93fa8fb16f18602a6cd453a__d93fa8fb16f18602a6cd453a__SEG_0001__CH_002,3764
d93fa8fb16f18602a6cd453a__d93fa8fb16f18602a6cd453a__SEG_0001__CH_003,3056
d93fa8fb16f18602a6cd453a__d93fa8fb16f18602a6cd453a__SEG_0002__CH_001,2452
d97cbf9283da5d813cdd8f47__d97cbf9283da5d813cdd8f47__SEG_0001__CH_003,107
d98df8855ef77e8144c80e0f__d98df8855ef77e8144c80e0f__SEG_0001__CH_001,787
d98df8855ef77e8144c80e0f__d98df8855ef77e8144c80e0f__SEG_0001__CH_002,308
d98df8855ef77e8144c80e0f__d98df8855ef77e8144c80e0f__SEG_0001__CH_003,274
d9c61fefe7a341de4c252bf8__PDFV2__CH_0001,270
d9c61fefe7a341de4c252bf8__PDFV2__CH_0002,286
d9c61fefe7a341de4c252bf8__PDFV2__CH_0003,227
d9c61fefe7a341de4c252bf8__PDFV2__CH_0005,440
d9c61fefe7a341de4c252bf8__PDFV2__CH_0006,314
d9c61fefe7a341de4c252bf8__PDFV2__CH_0008,674
d9c61fefe7a341de4c252bf8__PDFV2__CH_0009,521
d9c61fefe7a341de4c252bf8__PDFV2__CH_0010,381
d9c61fefe7a341de4c252bf8__PDFV2__CH_0011,490
d9c61fefe7a341de4c252bf8__PDFV2__CH_0012,514
d9c61fefe7a341de4c252bf8__PDFV2__CH_0013,459
d9c61fefe7a341de4c252bf8__PDFV2__CH_0014,478
d9c61fefe7a341de4c252bf8__PDFV2__CH_0015,560
d9c61fefe7a341de4c252bf8__PDFV2__CH_0016,173
d9c61fefe7a341de4c252bf8__PDFV2__CH_0017,379
d9c61fefe7a341de4c252bf8__PDFV2__CH_0018,421
d9c61fefe7a341de4c252bf8__PDFV2__CH_0019,313
d9c61fefe7a341de4c252bf8__PDFV2__CH_0020,615
d9c61fefe7a341de4c252bf8__PDFV2__CH_0021,640
d9c61fefe7a341de4c252bf8__PDFV2__CH_0022,226
d9c61fefe7a341de4c252bf8__PDFV2__CH_0023,328
d9c61fefe7a341de4c252bf8__PDFV2__CH_0024,109
d9c61fefe7a341de4c252bf8__PDFV2__CH_0026,577
d9c61fefe7a341de4c252bf8__PDFV2__CH_0027,514
d9c61fefe7a341de4c252bf8__PDFV2__CH_0029,201
d9c61fefe7a341de4c252bf8__PDFV2__CH_0031,198
d9c61fefe7a341de4c252bf8__PDFV2__CH_0032,521
d9c90ba80645a911017ee558__PDFV2__CH_0004,232
d9c90ba80645a911017ee558__PDFV2__CH_0005,556
d9c90ba80645a911017ee558__PDFV2__CH_0006,308
d9c90ba80645a911017ee558__PDFV2__CH_0008,434
d9c90ba80645a911017ee558__PDFV2__CH_0009,267
d9c90ba80645a911017ee558__PDFV2__CH_0010,418
d9c90ba80645a911017ee558__PDFV2__CH_0011,69
d9c90ba80645a911017ee558__PDFV2__CH_0012,572
d9c90ba80645a911017ee558__PDFV2__CH_0013,507
d9c90ba80645a911017ee558__PDFV2__CH_0014,75
d9c90ba80645a911017ee558__PDFV2__CH_0015,466
d9c90ba80645a911017ee558__PDFV2__CH_0016,226
d9c90ba80645a911017ee558__PDFV2__CH_0017,195
d9c90ba80645a911017ee558__PDFV2__CH_0018,522
d9c90ba80645a911017ee558__PDFV2__CH_0019,151
d9c90ba80645a911017ee558__PDFV2__CH_0020,137
d9c90ba80645a911017ee558__PDFV2__CH_0021,183
d9c90ba80645a911017ee558__PDFV2__CH_0022,626
d9c90ba80645a911017ee558__PDFV2__CH_0023,163
d9c90ba80645a911017ee558__PDFV2__CH_0024,194
d9c90ba80645a911017ee558__PDFV2__CH_0025,364
d9c90ba80645a911017ee558__PDFV2__CH_0026,225
d9c90ba80645a911017ee558__PDFV2__CH_0027,243
d9c90ba80645a911017ee558__PDFV2__CH_0028,493
d9c90ba80645a911017ee558__PDFV2__CH_0029,321
d9c90ba80645a911017ee558__PDFV2__CH_0030,360
d9c90ba80645a911017ee558__PDFV2__CH_0031,342
d9c90ba80645a911017ee558__PDFV2__CH_0032,419
d9c90ba80645a911017ee558__PDFV2__CH_0033,523
d9efcdf0f2327edeff1d38ca__d9efcdf0f2327edeff1d38ca__SEG_0001__CH_001,250
d9efcdf0f2327edeff1d38ca__d9efcdf0f2327edeff1d38ca__SEG_0001__CH_002,239
d9f56bea67cd3c2e20fbb13b__d9f56bea67cd3c2e20fbb13b__SEG_0001__CH_002,630
d9f56bea67cd3c2e20fbb13b__d9f56bea67cd3c2e20fbb13b__SEG_0001__CH_003,1082
d9f56bea67cd3c2e20fbb13b__d9f56bea67cd3c2e20fbb13b__SEG_0001__CH_004,428
da6fcf4361da18ef125f3918__PDFV2__CH_0001,426
da6fcf4361da18ef125f3918__PDFV2__CH_0002,299
da6fcf4361da18ef125f3918__PDFV2__CH_0003,342
da6fcf4361da18ef125f3918__PDFV2__CH_0004,279
da6fcf4361da18ef125f3918__PDFV2__CH_0005,134
da6fcf4361da18ef125f3918__PDFV2__CH_0006,551
da6fcf4361da18ef125f3918__PDFV2__CH_0008,394
da6fcf4361da18ef125f3918__PDFV2__CH_0009,358
da6fcf4361da18ef125f3918__PDFV2__CH_0010,191
da6fcf4361da18ef125f3918__PDFV2__CH_0011,376
da6fcf4361da18ef125f3918__PDFV2__CH_0013,335
da6fcf4361da18ef125f3918__PDFV2__CH_0014__M,594
da6fcf4361da18ef125f3918__PDFV2__CH_0016,198
da6fcf4361da18ef125f3918__PDFV2__CH_0017,363
da6fcf4361da18ef125f3918__PDFV2__CH_0018,184
da6fcf4361da18ef125f3918__PDFV2__CH_0019,219
da6fcf4361da18ef125f3918__PDFV2__CH_0020,180
da6fcf4361da18ef125f3918__PDFV2__CH_0021,130
da6fcf4361da18ef125f3918__PDFV2__CH_0022,200
da6fcf4361da18ef125f3918__PDFV2__CH_0023,259
da6fcf4361da18ef125f3918__PDFV2__CH_0024,375
da6fcf4361da18ef125f3918__PDFV2__CH_0025,265
da6fcf4361da18ef125f3918__PDFV2__CH_0026,93
da6fcf4361da18ef125f3918__PDFV2__CH_0027,126
da6fcf4361da18ef125f3918__PDFV2__CH_0028,187
da6fcf4361da18ef125f3918__PDFV2__CH_0029,141
da7b12d3131e1641266c9808__da7b12d3131e1641266c9808__SEG_0001__CH_001,108
da7cd260f095002094e1797d__da7cd260f095002094e1797d__SEG_0001__CH_001,224
daa5eea69158c34869fe4d11__daa5eea69158c34869fe4d11__SEG_0001__CH_002,282
daa5eea69158c34869fe4d11__daa5eea69158c34869fe4d11__SEG_0001__CH_003,202
daaffd1492f2625374b7738f__daaffd1492f2625374b7738f__SEG_0001__CH_002,361
daaffd1492f2625374b7738f__daaffd1492f2625374b7738f__SEG_0001__CH_003,423
daaffd1492f2625374b7738f__daaffd1492f2625374b7738f__SEG_0001__CH_004,104
dac3467ae145d829470cdeee__dac3467ae145d829470cdeee__SEG_0001__CH_001,219
dac3467ae145d829470cdeee__dac3467ae145d829470cdeee__SEG_0001__CH_002,158
dae0c8a5033d8750cf11a51b__dae0c8a5033d8750cf11a51b__SEG_0001__CH_001,768
dae0c8a5033d8750cf11a51b__dae0c8a5033d8750cf11a51b__SEG_0001__CH_002,1113
dae0c8a5033d8750cf11a51b__dae0c8a5033d8750cf11a51b__SEG_0001__CH_003,2082
dae0c8a5033d8750cf11a51b__dae0c8a5033d8750cf11a51b__SEG_0001__CH_004,948
dae0c8a5033d8750cf11a51b__dae0c8a5033d8750cf11a51b__SEG_0001__CH_005,664
dae0c8a5033d8750cf11a51b__dae0c8a5033d8750cf11a51b__SEG_0001__CH_006,1068
dae0c8a5033d8750cf11a51b__dae0c8a5033d8750cf11a51b__SEG_0001__CH_007,1932
dae0c8a5033d8750cf11a51b__dae0c8a5033d8750cf11a51b__SEG_0001__CH_008,2089
dae0c8a5033d8750cf11a51b__dae0c8a5033d8750cf11a51b__SEG_0002__CH_001,855
dae0c8a5033d8750cf11a51b__dae0c8a5033d8750cf11a51b__SEG_0002__CH_002,89
dae0c8a5033d8750cf11a51b__dae0c8a5033d8750cf11a51b__SEG_0002__CH_003,602
daff1342575681b298a4609d__PDFV2__CH_0001,603
daff1342575681b298a4609d__PDFV2__CH_0002,793
daff1342575681b298a4609d__PDFV2__CH_0004,665
daff1342575681b298a4609d__PDFV2__CH_0005__M,1007
daff1342575681b298a4609d__PDFV2__CH_0007,637
daff1342575681b298a4609d__PDFV2__CH_0008,605
daff1342575681b298a4609d__PDFV2__CH_0009__M,865
daff1342575681b298a4609d__PDFV2__CH_0011,118
daff1342575681b298a4609d__PDFV2__CH_0013,138
daff1342575681b298a4609d__PDFV2__CH_0014,360
daff1342575681b298a4609d__PDFV2__CH_0017,685
daff1342575681b298a4609d__PDFV2__CH_0018,503
daff1342575681b298a4609d__PDFV2__CH_0019,395
daff1342575681b298a4609d__PDFV2__CH_0020,602
daff1342575681b298a4609d__PDFV2__CH_0021,289
db493fa15925d31b6a361eaf__db493fa15925d31b6a361eaf__SEG_0001__CH_001__M,130
db493fa15925d31b6a361eaf__db493fa15925d31b6a361eaf__SEG_0001__CH_003,83
db493fa15925d31b6a361eaf__db493fa15925d31b6a361eaf__SEG_0001__CH_004,58
db5afc1831dc829b175e7b24__db5afc1831dc829b175e7b24__SEG_0001__CH_001,342
dbd1decc26f098852959a1d3__dbd1decc26f098852959a1d3__SEG_0001__CH_001,135
dc0d8c2b8978a7e66fa64fe2__dc0d8c2b8978a7e66fa64fe2__SEG_0001__CH_001,887
dc0d8c2b8978a7e66fa64fe2__dc0d8c2b8978a7e66fa64fe2__SEG_0001__CH_002,635
dc0d8c2b8978a7e66fa64fe2__dc0d8c2b8978a7e66fa64fe2__SEG_0001__CH_003,689
dc22f0e1ba0bb6cdb6bec76d__PDFV2__CH_0007__M,599
dc22f0e1ba0bb6cdb6bec76d__PDFV2__CH_0010,179
dc22f0e1ba0bb6cdb6bec76d__PDFV2__CH_0011__M,371
dc22f0e1ba0bb6cdb6bec76d__PDFV2__CH_0013,105
dc22f0e1ba0bb6cdb6bec76d__PDFV2__CH_0014,129
dc22f0e1ba0bb6cdb6bec76d__PDFV2__CH_0019,149
dc22f0e1ba0bb6cdb6bec76d__PDFV2__CH_0020__M,89
dc22f0e1ba0bb6cdb6bec76d__PDFV2__CH_0025__M,239
dca2188127b26587626d5007__dca2188127b26587626d5007__SEG_0001__CH_001,208
dcf7f741a3ab71cf3cb60d26__dcf7f741a3ab71cf3cb60d26__SEG_0001__CH_001,113
dcf7f741a3ab71cf3cb60d26__dcf7f741a3ab71cf3cb60d26__SEG_0001__CH_002,157
dd57d4f485ef7f2a34ebefb0__dd57d4f485ef7f2a34ebefb0__SEG_0001__CH_001,278
dd58c3281bbd321135a59321__dd58c3281bbd321135a59321__SEG_0001__CH_001,780
dd58c3281bbd321135a59321__dd58c3281bbd321135a59321__SEG_0001__CH_002,5153
dd58c3281bbd321135a59321__dd58c3281bbd321135a59321__SEG_0001__CH_003,3140
dd58c3281bbd321135a59321__dd58c3281bbd321135a59321__SEG_0001__CH_004,1388
dd58c3281bbd321135a59321__dd58c3281bbd321135a59321__SEG_0001__CH_005,417
dd58c3281bbd321135a59321__dd58c3281bbd321135a59321__SEG_0002__CH_001,1280
dd58c3281bbd321135a59321__dd58c3281bbd321135a59321__SEG_0002__CH_002__S1,253
dd58c3281bbd321135a59321__dd58c3281bbd321135a59321__SEG_0002__CH_002__S2,9311
dd58c3281bbd321135a59321__dd58c3281bbd321135a59321__SEG_0002__CH_003,172
dd58c3281bbd321135a59321__dd58c3281bbd321135a59321__SEG_0003__CH_001,171
dd58c3281bbd321135a59321__dd58c3281bbd321135a59321__SEG_0003__CH_002,446
dd58c3281bbd321135a59321__dd58c3281bbd321135a59321__SEG_0003__CH_003,2661
dd58c3281bbd321135a59321__dd58c3281bbd321135a59321__SEG_0003__CH_005,2301
dd6c19100273715fd5bd7e6f__PDFV2__CH_0001,539
dd6c19100273715fd5bd7e6f__PDFV2__CH_0003,414
dd6c19100273715fd5bd7e6f__PDFV2__CH_0004,458
dd753ee3cae574f7e7444fc7__dd753ee3cae574f7e7444fc7__SEG_0001__CH_001,247
dd9ef07c045ce151ab62a4e3__PDFV2__CH_0001,158
dd9ef07c045ce151ab62a4e3__PDFV2__CH_0002,174
dd9ef07c045ce151ab62a4e3__PDFV2__CH_0003,343
dd9ef07c045ce151ab62a4e3__PDFV2__CH_0004,210
dd9ef07c045ce151ab62a4e3__PDFV2__CH_0005,204
dd9ef07c045ce151ab62a4e3__PDFV2__CH_0006,200
dd9ef07c045ce151ab62a4e3__PDFV2__CH_0007,118
dd9ef07c045ce151ab62a4e3__PDFV2__CH_0008,234
dd9ef07c045ce151ab62a4e3__PDFV2__CH_0009__M,217
dd9ef07c045ce151ab62a4e3__PDFV2__CH_0011,258
dd9ef07c045ce151ab62a4e3__PDFV2__CH_0012,229
ddf5b956f071f3ecce60f9e5__ddf5b956f071f3ecce60f9e5__SEG_0001__CH_002,356
de66a176ba73f3c7097f731c__de66a176ba73f3c7097f731c__SEG_0001__CH_002,162
de66a176ba73f3c7097f731c__de66a176ba73f3c7097f731c__SEG_0001__CH_003,138
de66a176ba73f3c7097f731c__de66a176ba73f3c7097f731c__SEG_0001__CH_006,721
de90f9017a0f588790d793da__de90f9017a0f588790d793da__SEG_0001__CH_001,473
de90f9017a0f588790d793da__de90f9017a0f588790d793da__SEG_0001__CH_002,768
de90f9017a0f588790d793da__de90f9017a0f588790d793da__SEG_0001__CH_003,1145
def7e659ade4d3a310dcc715__def7e659ade4d3a310dcc715__SEG_0001__CH_001,1777
def7e659ade4d3a310dcc715__def7e659ade4d3a310dcc715__SEG_0001__CH_002,934
def7e659ade4d3a310dcc715__def7e659ade4d3a310dcc715__SEG_0001__CH_003,1528
def7e659ade4d3a310dcc715__def7e659ade4d3a310dcc715__SEG_0002__CH_002,479
def7e659ade4d3a310dcc715__def7e659ade4d3a310dcc715__SEG_0002__CH_003,404
def7e659ade4d3a310dcc715__def7e659ade4d3a310dcc715__SEG_0002__CH_004,219
def7e659ade4d3a310dcc715__def7e659ade4d3a310dcc715__SEG_0002__CH_005,372
def7e659ade4d3a310dcc715__def7e659ade4d3a310dcc715__SEG_0002__CH_006,823
def7e659ade4d3a310dcc715__def7e659ade4d3a310dcc715__SEG_0002__CH_007,434
def7e659ade4d3a310dcc715__def7e659ade4d3a310dcc715__SEG_0003__CH_001,838
def7e659ade4d3a310dcc715__def7e659ade4d3a310dcc715__SEG_0003__CH_002,262
def7e659ade4d3a310dcc715__def7e659ade4d3a310dcc715__SEG_0003__CH_003,157
def7e659ade4d3a310dcc715__def7e659ade4d3a310dcc715__SEG_0003__CH_004,1201
def7e659ade4d3a310dcc715__def7e659ade4d3a310dcc715__SEG_0003__CH_005,1411
df049350d31bd7d6a1fe0c9a__df049350d31bd7d6a1fe0c9a__SEG_0001__CH_001,193
df049350d31bd7d6a1fe0c9a__df049350d31bd7d6a1fe0c9a__SEG_0001__CH_002__M,545
df049350d31bd7d6a1fe0c9a__df049350d31bd7d6a1fe0c9a__SEG_0001__CH_004,1406
df049350d31bd7d6a1fe0c9a__df049350d31bd7d6a1fe0c9a__SEG_0001__CH_005,297
df167a772c1efb506475b5e9__df167a772c1efb506475b5e9__SEG_0001__CH_001,1782
df167a772c1efb506475b5e9__df167a772c1efb506475b5e9__SEG_0001__CH_002,1058
df167a772c1efb506475b5e9__df167a772c1efb506475b5e9__SEG_0001__CH_003,103
df54000f6047f1d77185f70b__df54000f6047f1d77185f70b__SEG_0001__CH_002,264
df54000f6047f1d77185f70b__df54000f6047f1d77185f70b__SEG_0001__CH_003,155
df54000f6047f1d77185f70b__df54000f6047f1d77185f70b__SEG_0001__CH_004,608
df54000f6047f1d77185f70b__df54000f6047f1d77185f70b__SEG_0001__CH_005,379
df54000f6047f1d77185f70b__df54000f6047f1d77185f70b__SEG_0001__CH_006,771
df54000f6047f1d77185f70b__df54000f6047f1d77185f70b__SEG_0001__CH_007,397
df54000f6047f1d77185f70b__df54000f6047f1d77185f70b__SEG_0001__CH_008,921
df54000f6047f1d77185f70b__df54000f6047f1d77185f70b__SEG_0001__CH_009,166
df54000f6047f1d77185f70b__df54000f6047f1d77185f70b__SEG_0002__CH_003,2514
df54000f6047f1d77185f70b__df54000f6047f1d77185f70b__SEG_0002__CH_004,656
df54000f6047f1d77185f70b__df54000f6047f1d77185f70b__SEG_0003__CH_001,174
df54000f6047f1d77185f70b__df54000f6047f1d77185f70b__SEG_0003__CH_002,1041
e04569ba996236e1ee2e587c__e04569ba996236e1ee2e587c__SEG_0001__CH_001,606
e04569ba996236e1ee2e587c__e04569ba996236e1ee2e587c__SEG_0001__CH_002,725
e04569ba996236e1ee2e587c__e04569ba996236e1ee2e587c__SEG_0001__CH_003,109
e083fac58214b949c7766eb0__e083fac58214b949c7766eb0__SEG_0001__CH_002,106
e083fac58214b949c7766eb0__e083fac58214b949c7766eb0__SEG_0001__CH_003,131
e083fac58214b949c7766eb0__e083fac58214b949c7766eb0__SEG_0001__CH_004,111
e083fac58214b949c7766eb0__e083fac58214b949c7766eb0__SEG_0001__CH_006,458
e083fac58214b949c7766eb0__e083fac58214b949c7766eb0__SEG_0001__CH_007__M,708
e083fac58214b949c7766eb0__e083fac58214b949c7766eb0__SEG_0001__CH_009,266
e083fac58214b949c7766eb0__e083fac58214b949c7766eb0__SEG_0001__CH_010,165
e083fac58214b949c7766eb0__e083fac58214b949c7766eb0__SEG_0001__CH_012,170
e08daed576e901f266bb90c4__e08daed576e901f266bb90c4__SEG_0001__CH_001,940
e08daed576e901f266bb90c4__e08daed576e901f266bb90c4__SEG_0001__CH_002,113
e0cb422ee52a2ca7d0651847__e0cb422ee52a2ca7d0651847__SEG_0001__CH_001,255
e0cb80cf3f6b30274176b21c__e0cb80cf3f6b30274176b21c__SEG_0001__CH_001,319
e0cb80cf3f6b30274176b21c__e0cb80cf3f6b30274176b21c__SEG_0001__CH_002,411
e0cb80cf3f6b30274176b21c__e0cb80cf3f6b30274176b21c__SEG_0001__CH_003,378
e0cb80cf3f6b30274176b21c__e0cb80cf3f6b30274176b21c__SEG_0001__CH_004,297
e0cb80cf3f6b30274176b21c__e0cb80cf3f6b30274176b21c__SEG_0001__CH_005,117
e0df67122b447a4245d9800a__e0df67122b447a4245d9800a__SEG_0001__CH_001,285
e1361db826576649f9bbee49__e1361db826576649f9bbee49__SEG_0001__CH_001,393
e1361db826576649f9bbee49__e1361db826576649f9bbee49__SEG_0001__CH_002,223
e1361db826576649f9bbee49__e1361db826576649f9bbee49__SEG_0001__CH_003,175
e169f98ea46beea8e4f3bf99__e169f98ea46beea8e4f3bf99__SEG_0001__CH_001,222
e169f98ea46beea8e4f3bf99__e169f98ea46beea8e4f3bf99__SEG_0001__CH_002,63
e25bd9601995130e5fce1e81__e25bd9601995130e5fce1e81__SEG_0001__CH_002,66
e25bd9601995130e5fce1e81__e25bd9601995130e5fce1e81__SEG_0001__CH_004,69
e25bd9601995130e5fce1e81__e25bd9601995130e5fce1e81__SEG_0001__CH_006,116
e25bd9601995130e5fce1e81__e25bd9601995130e5fce1e81__SEG_0001__CH_007,168
e2827ab273b1bc09b1dfdec8__e2827ab273b1bc09b1dfdec8__SEG_0001__CH_001,798
e2827ab273b1bc09b1dfdec8__e2827ab273b1bc09b1dfdec8__SEG_0001__CH_002,377
e28925cd52c30aee6dca9f1e__e28925cd52c30aee6dca9f1e__SEG_0001__CH_001,301
e28925cd52c30aee6dca9f1e__e28925cd52c30aee6dca9f1e__SEG_0001__CH_002,635
e29f525b33855ddaa79cea8c__e29f525b33855ddaa79cea8c__SEG_0001__CH_001,212
e29f525b33855ddaa79cea8c__e29f525b33855ddaa79cea8c__SEG_0001__CH_002,199
e29f525b33855ddaa79cea8c__e29f525b33855ddaa79cea8c__SEG_0001__CH_003,294
e29f525b33855ddaa79cea8c__e29f525b33855ddaa79cea8c__SEG_0001__CH_004,331
e2b7e62251d742419f1c3b43__PDFV2__CH_0001,514
e2b7e62251d742419f1c3b43__PDFV2__CH_0002,567
e2b7e62251d742419f1c3b43__PDFV2__CH_0003,551
e2b7e62251d742419f1c3b43__PDFV2__CH_0004,474
e2d2f149ca3b57d22eaa1301__e2d2f149ca3b57d22eaa1301__SEG_0001__CH_001,118
e2d9502ff5df1a79ebff675c__e2d9502ff5df1a79ebff675c__SEG_0001__CH_002,637
e2ff9310ae7516ab101d807f__e2ff9310ae7516ab101d807f__SEG_0001__CH_001,1608
e33eecff0eb535ab505f5436__e33eecff0eb535ab505f5436__SEG_0001__CH_002__M,353
e348a17ebd8c65235c94bf3c__e348a17ebd8c65235c94bf3c__SEG_0001__CH_001,320
e348a17ebd8c65235c94bf3c__e348a17ebd8c65235c94bf3c__SEG_0001__CH_002,152
e348a17ebd8c65235c94bf3c__e348a17ebd8c65235c94bf3c__SEG_0001__CH_003,58
e3b237d700b49bc88e54d2ea__e3b237d700b49bc88e54d2ea__SEG_0001__CH_001,261
e3d39f28eb9293bfcebbca20__e3d39f28eb9293bfcebbca20__SEG_0001__CH_001__M,541
e3de576cf3df9087ffc0d790__e3de576cf3df9087ffc0d790__SEG_0001__CH_002,325
e3de576cf3df9087ffc0d790__e3de576cf3df9087ffc0d790__SEG_0001__CH_003,254
e499b714ce9c9152b723937e__e499b714ce9c9152b723937e__SEG_0001__CH_002,794
e4b5c6cd600604a768b0d40b__e4b5c6cd600604a768b0d40b__SEG_0001__CH_001,93
e4b5c6cd600604a768b0d40b__e4b5c6cd600604a768b0d40b__SEG_0001__CH_003,130
e4dc4e1b8ec50aba33c880a5__e4dc4e1b8ec50aba33c880a5__SEG_0001__CH_001__M,528
e4dc4e1b8ec50aba33c880a5__e4dc4e1b8ec50aba33c880a5__SEG_0001__CH_003,425
e4dc4e1b8ec50aba33c880a5__e4dc4e1b8ec50aba33c880a5__SEG_0001__CH_004,364
e4dc4e1b8ec50aba33c880a5__e4dc4e1b8ec50aba33c880a5__SEG_0001__CH_005,181
e4f69008de40977acf709eca__PDFV2__CH_0002,1309
e4f69008de40977acf709eca__PDFV2__CH_0003,345
e4f69008de40977acf709eca__PDFV2__CH_0004,340
e4f69008de40977acf709eca__PDFV2__CH_0005,190
e4f69008de40977acf709eca__PDFV2__CH_0006,648
e4f69008de40977acf709eca__PDFV2__CH_0007,459
e4f69008de40977acf709eca__PDFV2__CH_0008,214
e4f69008de40977acf709eca__PDFV2__CH_0009,888
e4f69008de40977acf709eca__PDFV2__CH_0010,284
e4f69008de40977acf709eca__PDFV2__CH_0011,497
e4f69008de40977acf709eca__PDFV2__CH_0012,256
e4f69008de40977acf709eca__PDFV2__CH_0013,436
e4f69008de40977acf709eca__PDFV2__CH_0014,329
e4f69008de40977acf709eca__PDFV2__CH_0015,684
e4f69008de40977acf709eca__PDFV2__CH_0016,448
e4f69008de40977acf709eca__PDFV2__CH_0017__M,924
e4f69008de40977acf709eca__PDFV2__CH_0019,544
e56e063ccc0c4e0d8a5297dd__PDFV2__CH_0001,288
e56e063ccc0c4e0d8a5297dd__PDFV2__CH_0002,399
e5715173aaa59bdc624a68c1__PDFV2__CH_0001,559
e5715173aaa59bdc624a68c1__PDFV2__CH_0002,433
e5715173aaa59bdc624a68c1__PDFV2__CH_0003,270
e5715173aaa59bdc624a68c1__PDFV2__CH_0004,224
e5715173aaa59bdc624a68c1__PDFV2__CH_0005,407
e5715173aaa59bdc624a68c1__PDFV2__CH_0006,335
e5715173aaa59bdc624a68c1__PDFV2__CH_0007,344
e5715173aaa59bdc624a68c1__PDFV2__CH_0008,323
e5715173aaa59bdc624a68c1__PDFV2__CH_0009,100
e5715173aaa59bdc624a68c1__PDFV2__CH_0010,611
e5715173aaa59bdc624a68c1__PDFV2__CH_0011,505
e5715173aaa59bdc624a68c1__PDFV2__CH_0012,170
e5715173aaa59bdc624a68c1__PDFV2__CH_0013,187
e5715173aaa59bdc624a68c1__PDFV2__CH_0014,333
e58c1112aa46b83f98512134__e58c1112aa46b83f98512134__SEG_0001__CH_001,1273
e58c1112aa46b83f98512134__e58c1112aa46b83f98512134__SEG_0001__CH_002,370
e5919c5f0e702a5368dc92ad__e5919c5f0e702a5368dc92ad__SEG_0001__CH_001,364
e5919c5f0e702a5368dc92ad__e5919c5f0e702a5368dc92ad__SEG_0001__CH_002,279
e5919c5f0e702a5368dc92ad__e5919c5f0e702a5368dc92ad__SEG_0001__CH_003,85
e5b6b3baa49426bbc93680a2__e5b6b3baa49426bbc93680a2__SEG_0001__CH_002,893
e6839be15a1cfe529b8ae5cb__e6839be15a1cfe529b8ae5cb__SEG_0002__CH_001__S1,212
e6839be15a1cfe529b8ae5cb__e6839be15a1cfe529b8ae5cb__SEG_0002__CH_001__S2,165
e6839be15a1cfe529b8ae5cb__e6839be15a1cfe529b8ae5cb__SEG_0002__CH_001__S3,245
e6839be15a1cfe529b8ae5cb__e6839be15a1cfe529b8ae5cb__SEG_0002__CH_001__S4,183
e6839be15a1cfe529b8ae5cb__e6839be15a1cfe529b8ae5cb__SEG_0002__CH_001__S5,150
e6839be15a1cfe529b8ae5cb__e6839be15a1cfe529b8ae5cb__SEG_0002__CH_001__S6,1057
e6839be15a1cfe529b8ae5cb__e6839be15a1cfe529b8ae5cb__SEG_0002__CH_001__S7,1874
e6d5219e2182ae5178dc4291__PDFV2__CH_0002,286
e6d5219e2182ae5178dc4291__PDFV2__CH_0003,308
e6d5219e2182ae5178dc4291__PDFV2__CH_0004,318
e6d5219e2182ae5178dc4291__PDFV2__CH_0005,186
e6d5219e2182ae5178dc4291__PDFV2__CH_0006,544
e6d5219e2182ae5178dc4291__PDFV2__CH_0008,373
e6d5219e2182ae5178dc4291__PDFV2__CH_0009,794
e6d5219e2182ae5178dc4291__PDFV2__CH_0010,441
e6d5219e2182ae5178dc4291__PDFV2__CH_0011,566
e6d5219e2182ae5178dc4291__PDFV2__CH_0012,91
e6d5219e2182ae5178dc4291__PDFV2__CH_0013__M,341
e7a5effac1466958d0b464e9__e7a5effac1466958d0b464e9__SEG_0001__CH_001,552
e7a5effac1466958d0b464e9__e7a5effac1466958d0b464e9__SEG_0001__CH_002,657
e7a5effac1466958d0b464e9__e7a5effac1466958d0b464e9__SEG_0001__CH_003,652
e7a5effac1466958d0b464e9__e7a5effac1466958d0b464e9__SEG_0001__CH_004,672
e7a5effac1466958d0b464e9__e7a5effac1466958d0b464e9__SEG_0001__CH_005,731
e7ea7de05e1fa7659a524e67__e7ea7de05e1fa7659a524e67__SEG_0001__CH_001,885
e7ea7de05e1fa7659a524e67__e7ea7de05e1fa7659a524e67__SEG_0001__CH_002,665
e7ea7de05e1fa7659a524e67__e7ea7de05e1fa7659a524e67__SEG_0001__CH_003,515
e808253f04d26bc99c263f2e__e808253f04d26bc99c263f2e__SEG_0001__CH_001,271
e808253f04d26bc99c263f2e__e808253f04d26bc99c263f2e__SEG_0001__CH_002,254
e808253f04d26bc99c263f2e__e808253f04d26bc99c263f2e__SEG_0001__CH_003,198
e839fb6b9aab04092a14a4e0__e839fb6b9aab04092a14a4e0__SEG_0001__CH_001,147
e85b4f5010695283b0bb2143__e85b4f5010695283b0bb2143__SEG_0001__CH_001,71
e85b4f5010695283b0bb2143__e85b4f5010695283b0bb2143__SEG_0001__CH_002,263
e85b4f5010695283b0bb2143__e85b4f5010695283b0bb2143__SEG_0001__CH_005,170
e85b4f5010695283b0bb2143__e85b4f5010695283b0bb2143__SEG_0001__CH_006,298
e86ef7cef8d3476cc0c217eb__e86ef7cef8d3476cc0c217eb__SEG_0001__CH_001,451
e86ef7cef8d3476cc0c217eb__e86ef7cef8d3476cc0c217eb__SEG_0001__CH_002,487
e8710c5bc8b8071a650a7b2e__e8710c5bc8b8071a650a7b2e__SEG_0001__CH_001,1417
e8ab2af2e7efc2a8e3458cc3__e8ab2af2e7efc2a8e3458cc3__SEG_0001__CH_002,2225
e8ab2af2e7efc2a8e3458cc3__e8ab2af2e7efc2a8e3458cc3__SEG_0001__CH_003,428
e8b5465528b79c6d8874058f__PDFV2__CH_0001,377
e8b5465528b79c6d8874058f__PDFV2__CH_0002,287
e8d913f018d131cc5a1c2b39__e8d913f018d131cc5a1c2b39__SEG_0001__CH_001,539
e948574da0b998cc26144af5__e948574da0b998cc26144af5__SEG_0001__CH_001,310
e948574da0b998cc26144af5__e948574da0b998cc26144af5__SEG_0001__CH_002,164
e9492fa2f86edc35239e8a37__PDFV2__CH_0001,578
e9492fa2f86edc35239e8a37__PDFV2__CH_0002,551
e9492fa2f86edc35239e8a37__PDFV2__CH_0003,468
e9492fa2f86edc35239e8a37__PDFV2__CH_0004,374
e95def8be7dfd81b9f4442ab__e95def8be7dfd81b9f4442ab__SEG_0001__CH_002,187
e9c0c45c3cca7fa9670f4b52__e9c0c45c3cca7fa9670f4b52__SEG_0001__CH_002,232
e9c0c45c3cca7fa9670f4b52__e9c0c45c3cca7fa9670f4b52__SEG_0001__CH_003,361
e9c0c45c3cca7fa9670f4b52__e9c0c45c3cca7fa9670f4b52__SEG_0001__CH_004,417
e9c0c45c3cca7fa9670f4b52__e9c0c45c3cca7fa9670f4b52__SEG_0001__CH_005,464
e9c0c45c3cca7fa9670f4b52__e9c0c45c3cca7fa9670f4b52__SEG_0001__CH_006,198
e9c0c45c3cca7fa9670f4b52__e9c0c45c3cca7fa9670f4b52__SEG_0001__CH_007,431
e9c0c45c3cca7fa9670f4b52__e9c0c45c3cca7fa9670f4b52__SEG_0001__CH_008,694
e9c0c45c3cca7fa9670f4b52__e9c0c45c3cca7fa9670f4b52__SEG_0001__CH_009,508
eaea23a047eebaa209a6dedb__eaea23a047eebaa209a6dedb__SEG_0001__CH_002,277
eaea23a047eebaa209a6dedb__eaea23a047eebaa209a6dedb__SEG_0001__CH_003,150
eaea23a047eebaa209a6dedb__eaea23a047eebaa209a6dedb__SEG_0001__CH_004,718
eb38a872b24bdc6e310b3a5a__eb38a872b24bdc6e310b3a5a__SEG_0001__CH_001,388
eb38a872b24bdc6e310b3a5a__eb38a872b24bdc6e310b3a5a__SEG_0001__CH_002,562
eb38a872b24bdc6e310b3a5a__eb38a872b24bdc6e310b3a5a__SEG_0001__CH_003,331
eb38a872b24bdc6e310b3a5a__eb38a872b24bdc6e310b3a5a__SEG_0001__CH_004,762
eb38a872b24bdc6e310b3a5a__eb38a872b24bdc6e310b3a5a__SEG_0001__CH_005,362
eb38a872b24bdc6e310b3a5a__eb38a872b24bdc6e310b3a5a__SEG_0001__CH_006,342
ebc3ce5a303c35dfc5455463__PDFV2__CH_0002,426
ebc3ce5a303c35dfc5455463__PDFV2__CH_0003,358
ebc3ce5a303c35dfc5455463__PDFV2__CH_0004,350
ebc3ce5a303c35dfc5455463__PDFV2__CH_0005,230
ebc3ce5a303c35dfc5455463__PDFV2__CH_0006,250
ebc3ce5a303c35dfc5455463__PDFV2__CH_0007,251
ebc3ce5a303c35dfc5455463__PDFV2__CH_0008,345
ebc3ce5a303c35dfc5455463__PDFV2__CH_0009,242
ebc3ce5a303c35dfc5455463__PDFV2__CH_0011,328
ebed6a582ad2da02488146cb__ebed6a582ad2da02488146cb__SEG_0001__CH_001,196
ec06edddee2c7fc0423b716d__PDFV2__CH_0005,415
ec06edddee2c7fc0423b716d__PDFV2__CH_0010,345
ec06edddee2c7fc0423b716d__PDFV2__CH_0011,138
ec348f26892dbc7509cde4d5__PDFV2__CH_0001,195
ec348f26892dbc7509cde4d5__PDFV2__CH_0003,377
ecaaa18fdb7b55b1173ec753__ecaaa18fdb7b55b1173ec753__SEG_0001__CH_001,829
ecaaa18fdb7b55b1173ec753__ecaaa18fdb7b55b1173ec753__SEG_0001__CH_002,622
ecaaa18fdb7b55b1173ec753__ecaaa18fdb7b55b1173ec753__SEG_0001__CH_003,565
ed1315ffccc0e32751fca736__ed1315ffccc0e32751fca736__SEG_0001__CH_001,1644
ed1315ffccc0e32751fca736__ed1315ffccc0e32751fca736__SEG_0001__CH_002,211
ed3145093dabbd70a9234f1a__ed3145093dabbd70a9234f1a__SEG_0001__CH_001,210
ed3145093dabbd70a9234f1a__ed3145093dabbd70a9234f1a__SEG_0001__CH_002,4094
ed3145093dabbd70a9234f1a__ed3145093dabbd70a9234f1a__SEG_0001__CH_003,1175
ed3145093dabbd70a9234f1a__ed3145093dabbd70a9234f1a__SEG_0002__CH_001,699
ed58ec74c4013b9543b195f7__ed58ec74c4013b9543b195f7__SEG_0001__CH_001,266
eda4a409f229b97f8c17c882__eda4a409f229b97f8c17c882__SEG_0001__CH_001,611
eda4a409f229b97f8c17c882__eda4a409f229b97f8c17c882__SEG_0001__CH_002,680
edc20b9acb7be3e54d0452c3__PDFV2__CH_0009,255
edc20b9acb7be3e54d0452c3__PDFV2__CH_0010,211
edc20b9acb7be3e54d0452c3__PDFV2__CH_0011,331
edc20b9acb7be3e54d0452c3__PDFV2__CH_0012,187
edc20b9acb7be3e54d0452c3__PDFV2__CH_0013,374
edc20b9acb7be3e54d0452c3__PDFV2__CH_0015,307
edc20b9acb7be3e54d0452c3__PDFV2__CH_0017,467
edc20b9acb7be3e54d0452c3__PDFV2__CH_0018,446
edc20b9acb7be3e54d0452c3__PDFV2__CH_0019,263
edc20b9acb7be3e54d0452c3__PDFV2__CH_0020,217
edc20b9acb7be3e54d0452c3__PDFV2__CH_0021,402
edc20b9acb7be3e54d0452c3__PDFV2__CH_0022,371
edc20b9acb7be3e54d0452c3__PDFV2__CH_0023,318
edc20b9acb7be3e54d0452c3__PDFV2__CH_0025,210
edc20b9acb7be3e54d0452c3__PDFV2__CH_0026,349
edc20b9acb7be3e54d0452c3__PDFV2__CH_0027,423
edc20b9acb7be3e54d0452c3__PDFV2__CH_0028,434
edc20b9acb7be3e54d0452c3__PDFV2__CH_0029,220
edc20b9acb7be3e54d0452c3__PDFV2__CH_0030,465
edc20b9acb7be3e54d0452c3__PDFV2__CH_0031,551
edc20b9acb7be3e54d0452c3__PDFV2__CH_0032,385
edc20b9acb7be3e54d0452c3__PDFV2__CH_0033,389
edc20b9acb7be3e54d0452c3__PDFV2__CH_0034,344
edc20b9acb7be3e54d0452c3__PDFV2__CH_0035,435
edc20b9acb7be3e54d0452c3__PDFV2__CH_0036,478
edc20b9acb7be3e54d0452c3__PDFV2__CH_0037,307
edc20b9acb7be3e54d0452c3__PDFV2__CH_0038,341
edc20b9acb7be3e54d0452c3__PDFV2__CH_0039,323
edc20b9acb7be3e54d0452c3__PDFV2__CH_0040,124
edc20b9acb7be3e54d0452c3__PDFV2__CH_0041,376
edc20b9acb7be3e54d0452c3__PDFV2__CH_0042,348
edc20b9acb7be3e54d0452c3__PDFV2__CH_0043,416
edc20b9acb7be3e54d0452c3__PDFV2__CH_0044,469
edc20b9acb7be3e54d0452c3__PDFV2__CH_0045,349
edc20b9acb7be3e54d0452c3__PDFV2__CH_0046,550
edc20b9acb7be3e54d0452c3__PDFV2__CH_0047,336
edc20b9acb7be3e54d0452c3__PDFV2__CH_0048,344
edc20b9acb7be3e54d0452c3__PDFV2__CH_0049,165
edc20b9acb7be3e54d0452c3__PDFV2__CH_0050,202
edc20b9acb7be3e54d0452c3__PDFV2__CH_0051,125
edc20b9acb7be3e54d0452c3__PDFV2__CH_0052,219
edc20b9acb7be3e54d0452c3__PDFV2__CH_0054,139
edc20b9acb7be3e54d0452c3__PDFV2__CH_0055,380
edc20b9acb7be3e54d0452c3__PDFV2__CH_0057,418
edc20b9acb7be3e54d0452c3__PDFV2__CH_0058,413
edc20b9acb7be3e54d0452c3__PDFV2__CH_0059,208
edc20b9acb7be3e54d0452c3__PDFV2__CH_0060,263
edc20b9acb7be3e54d0452c3__PDFV2__CH_0061,453
edc20b9acb7be3e54d0452c3__PDFV2__CH_0062,274
edc20b9acb7be3e54d0452c3__PDFV2__CH_0063,567
edc20b9acb7be3e54d0452c3__PDFV2__CH_0064,212
edc20b9acb7be3e54d0452c3__PDFV2__CH_0065,189
edc20b9acb7be3e54d0452c3__PDFV2__CH_0066,354
edc20b9acb7be3e54d0452c3__PDFV2__CH_0067,198
edc20b9acb7be3e54d0452c3__PDFV2__CH_0068,266
edc20b9acb7be3e54d0452c3__PDFV2__CH_0069,182
edc20b9acb7be3e54d0452c3__PDFV2__CH_0070,453
edc20b9acb7be3e54d0452c3__PDFV2__CH_0071,486
edc20b9acb7be3e54d0452c3__PDFV2__CH_0072,240
edc20b9acb7be3e54d0452c3__PDFV2__CH_0073,450
edc20b9acb7be3e54d0452c3__PDFV2__CH_0074,318
edc20b9acb7be3e54d0452c3__PDFV2__CH_0075,367
edc20b9acb7be3e54d0452c3__PDFV2__CH_0076,319
edc20b9acb7be3e54d0452c3__PDFV2__CH_0078,431
edc20b9acb7be3e54d0452c3__PDFV2__CH_0079,508
edc20b9acb7be3e54d0452c3__PDFV2__CH_0080,551
edc20b9acb7be3e54d0452c3__PDFV2__CH_0081,543
edc20b9acb7be3e54d0452c3__PDFV2__CH_0082,453
edc20b9acb7be3e54d0452c3__PDFV2__CH_0083,348
edc20b9acb7be3e54d0452c3__PDFV2__CH_0084,429
edc20b9acb7be3e54d0452c3__PDFV2__CH_0085,460
edc20b9acb7be3e54d0452c3__PDFV2__CH_0086,501
edc20b9acb7be3e54d0452c3__PDFV2__CH_0087,222
edc20b9acb7be3e54d0452c3__PDFV2__CH_0088,307
edc20b9acb7be3e54d0452c3__PDFV2__CH_0089,253
edc20b9acb7be3e54d0452c3__PDFV2__CH_0090,270
edc20b9acb7be3e54d0452c3__PDFV2__CH_0091,390
edc20b9acb7be3e54d0452c3__PDFV2__CH_0093,517
edc20b9acb7be3e54d0452c3__PDFV2__CH_0094,391
edc20b9acb7be3e54d0452c3__PDFV2__CH_0095,415
edc20b9acb7be3e54d0452c3__PDFV2__CH_0096,234
edc20b9acb7be3e54d0452c3__PDFV2__CH_0097,294
edc20b9acb7be3e54d0452c3__PDFV2__CH_0098,363
edc20b9acb7be3e54d0452c3__PDFV2__CH_0099,198
edc20b9acb7be3e54d0452c3__PDFV2__CH_0100,256
edc20b9acb7be3e54d0452c3__PDFV2__CH_0101,322
edc20b9acb7be3e54d0452c3__PDFV2__CH_0102,275
edc20b9acb7be3e54d0452c3__PDFV2__CH_0103,252
edc20b9acb7be3e54d0452c3__PDFV2__CH_0104,320
edc20b9acb7be3e54d0452c3__PDFV2__CH_0105,404
edc20b9acb7be3e54d0452c3__PDFV2__CH_0106,487
edc20b9acb7be3e54d0452c3__PDFV2__CH_0107,293
edc20b9acb7be3e54d0452c3__PDFV2__CH_0108,190
edc20b9acb7be3e54d0452c3__PDFV2__CH_0110,514
edc20b9acb7be3e54d0452c3__PDFV2__CH_0111__M,753
edc20b9acb7be3e54d0452c3__PDFV2__CH_0113,431
edc20b9acb7be3e54d0452c3__PDFV2__CH_0114,177
edc20b9acb7be3e54d0452c3__PDFV2__CH_0115,348
edc20b9acb7be3e54d0452c3__PDFV2__CH_0116,510
edc20b9acb7be3e54d0452c3__PDFV2__CH_0117,350
edc20b9acb7be3e54d0452c3__PDFV2__CH_0118,495
edc20b9acb7be3e54d0452c3__PDFV2__CH_0119,282
edc20b9acb7be3e54d0452c3__PDFV2__CH_0120,428
edc20b9acb7be3e54d0452c3__PDFV2__CH_0121,243
edc20b9acb7be3e54d0452c3__PDFV2__CH_0123,623
edeeb4c5c1a7fd68e4286b1b__edeeb4c5c1a7fd68e4286b1b__SEG_0001__CH_001,528
edeeb4c5c1a7fd68e4286b1b__edeeb4c5c1a7fd68e4286b1b__SEG_0001__CH_002,425
edeeb4c5c1a7fd68e4286b1b__edeeb4c5c1a7fd68e4286b1b__SEG_0001__CH_003,545
ee08a189ef5670d66ca473b4__ee08a189ef5670d66ca473b4__SEG_0001__CH_001,781
ee32b56679c19b54352aa232__ee32b56679c19b54352aa232__SEG_0001__CH_001,455
ee32b56679c19b54352aa232__ee32b56679c19b54352aa232__SEG_0001__CH_002,435
ee35b332a689e3d83de33cf3__ee35b332a689e3d83de33cf3__SEG_0001__CH_002,308
ee35b332a689e3d83de33cf3__ee35b332a689e3d83de33cf3__SEG_0001__CH_003,805
ee35b332a689e3d83de33cf3__ee35b332a689e3d83de33cf3__SEG_0001__CH_004,300
ee35b332a689e3d83de33cf3__ee35b332a689e3d83de33cf3__SEG_0001__CH_005,275
ee982e0b344a9d6460e05141__PDFV2__CH_0001,406
ee982e0b344a9d6460e05141__PDFV2__CH_0002,530
ee982e0b344a9d6460e05141__PDFV2__CH_0003,218
ee982e0b344a9d6460e05141__PDFV2__CH_0010,360
ee982e0b344a9d6460e05141__PDFV2__CH_0013,576
ee982e0b344a9d6460e05141__PDFV2__CH_0015,244
ef8fa4bf66060d2dce536fcf__ef8fa4bf66060d2dce536fcf__SEG_0001__CH_001,233
efae25bc29f9baa0d6f6c534__efae25bc29f9baa0d6f6c534__SEG_0001__CH_001,456
efae25bc29f9baa0d6f6c534__efae25bc29f9baa0d6f6c534__SEG_0001__CH_002,1509
efae25bc29f9baa0d6f6c534__efae25bc29f9baa0d6f6c534__SEG_0001__CH_003,344
efae25bc29f9baa0d6f6c534__efae25bc29f9baa0d6f6c534__SEG_0001__CH_004,1216
efae25bc29f9baa0d6f6c534__efae25bc29f9baa0d6f6c534__SEG_0002__CH_001,1836
efb981f239d94d46ee039963__efb981f239d94d46ee039963__SEG_0001__CH_001,924
efb981f239d94d46ee039963__efb981f239d94d46ee039963__SEG_0001__CH_002,1349
eff8a2784cd3d1d7aaa8f411__PDFV2__CH_0001,254
eff8a2784cd3d1d7aaa8f411__PDFV2__CH_0002,247
eff8a2784cd3d1d7aaa8f411__PDFV2__CH_0003,522
eff8a2784cd3d1d7aaa8f411__PDFV2__CH_0004,165
eff8a2784cd3d1d7aaa8f411__PDFV2__CH_0005,472
eff8a2784cd3d1d7aaa8f411__PDFV2__CH_0006,505
eff8a2784cd3d1d7aaa8f411__PDFV2__CH_0007,483
eff8a2784cd3d1d7aaa8f411__PDFV2__CH_0008,477
eff8a2784cd3d1d7aaa8f411__PDFV2__CH_0009,457
eff8a2784cd3d1d7aaa8f411__PDFV2__CH_0010,436
eff8a2784cd3d1d7aaa8f411__PDFV2__CH_0011,539
eff8a2784cd3d1d7aaa8f411__PDFV2__CH_0012,509
eff8a2784cd3d1d7aaa8f411__PDFV2__CH_0013,184
eff8a2784cd3d1d7aaa8f411__PDFV2__CH_0014,442
eff8a2784cd3d1d7aaa8f411__PDFV2__CH_0015,133
eff8a2784cd3d1d7aaa8f411__PDFV2__CH_0016,284
eff8a2784cd3d1d7aaa8f411__PDFV2__CH_0017,194
eff8a2784cd3d1d7aaa8f411__PDFV2__CH_0018,329
eff8a2784cd3d1d7aaa8f411__PDFV2__CH_0019,292
eff8a2784cd3d1d7aaa8f411__PDFV2__CH_0020,51
eff8a2784cd3d1d7aaa8f411__PDFV2__CH_0021,157
eff8a2784cd3d1d7aaa8f411__PDFV2__CH_0022__M,799
eff8a2784cd3d1d7aaa8f411__PDFV2__CH_0024,264
eff8a2784cd3d1d7aaa8f411__PDFV2__CH_0025,634
eff8a2784cd3d1d7aaa8f411__PDFV2__CH_0026,545
eff8a2784cd3d1d7aaa8f411__PDFV2__CH_0027,214
eff8a2784cd3d1d7aaa8f411__PDFV2__CH_0028,324
eff8a2784cd3d1d7aaa8f411__PDFV2__CH_0029,311
f02625edbe6c7ff5eee8e276__f02625edbe6c7ff5eee8e276__SEG_0001__CH_001,1360
f03f8118fb26d9bc77934a33__f03f8118fb26d9bc77934a33__SEG_0001__CH_001,210
f054461bf2c480adf04ef776__PDFV2__CH_0003,426
f054461bf2c480adf04ef776__PDFV2__CH_0004,331
f054461bf2c480adf04ef776__PDFV2__CH_0005,328
f054461bf2c480adf04ef776__PDFV2__CH_0006,451
f0a0f4a85ae27b12a35e7062__f0a0f4a85ae27b12a35e7062__SEG_0001__CH_001,329
f0a0f4a85ae27b12a35e7062__f0a0f4a85ae27b12a35e7062__SEG_0001__CH_002,282
f0a4ed3fbcea187df44a98a3__f0a4ed3fbcea187df44a98a3__SEG_0001__CH_001,102
f1144564525067e12ff9acb7__f1144564525067e12ff9acb7__SEG_0001__CH_001,762
f1144564525067e12ff9acb7__f1144564525067e12ff9acb7__SEG_0001__CH_002,7052
f1144564525067e12ff9acb7__f1144564525067e12ff9acb7__SEG_0002__CH_001,75
f1144564525067e12ff9acb7__f1144564525067e12ff9acb7__SEG_0002__CH_002,637
f1144564525067e12ff9acb7__f1144564525067e12ff9acb7__SEG_0002__CH_004,321
f1144564525067e12ff9acb7__f1144564525067e12ff9acb7__SEG_0002__CH_005,741
f1144564525067e12ff9acb7__f1144564525067e12ff9acb7__SEG_0002__CH_006,887
f1144564525067e12ff9acb7__f1144564525067e12ff9acb7__SEG_0003__CH_001,781
f1144564525067e12ff9acb7__f1144564525067e12ff9acb7__SEG_0003__CH_002,3135
f1144564525067e12ff9acb7__f1144564525067e12ff9acb7__SEG_0003__CH_003,547
f1144564525067e12ff9acb7__f1144564525067e12ff9acb7__SEG_0004__CH_001,7987
f1144564525067e12ff9acb7__f1144564525067e12ff9acb7__SEG_0004__CH_002,227
f1144564525067e12ff9acb7__f1144564525067e12ff9acb7__SEG_0004__CH_003,1478
f1144564525067e12ff9acb7__f1144564525067e12ff9acb7__SEG_0004__CH_004,674
f1144564525067e12ff9acb7__f1144564525067e12ff9acb7__SEG_0005__CH_001,1345
f1144564525067e12ff9acb7__f1144564525067e12ff9acb7__SEG_0005__CH_002,6022
f11a333bb769eb542d1cf8c8__f11a333bb769eb542d1cf8c8__SEG_0001__CH_001,1614
f11a333bb769eb542d1cf8c8__f11a333bb769eb542d1cf8c8__SEG_0001__CH_002,642
f11a333bb769eb542d1cf8c8__f11a333bb769eb542d1cf8c8__SEG_0001__CH_003,505
f11a333bb769eb542d1cf8c8__f11a333bb769eb542d1cf8c8__SEG_0001__CH_004,428
f11a333bb769eb542d1cf8c8__f11a333bb769eb542d1cf8c8__SEG_0002__CH_002,155
f11a333bb769eb542d1cf8c8__f11a333bb769eb542d1cf8c8__SEG_0002__CH_003,134
f11daaee15a45edde28fd32d__f11daaee15a45edde28fd32d__SEG_0001__CH_001,1113
f12db94e11555ed43c908637__f12db94e11555ed43c908637__SEG_0001__CH_003,198
f12db94e11555ed43c908637__f12db94e11555ed43c908637__SEG_0001__CH_004,233
f12db94e11555ed43c908637__f12db94e11555ed43c908637__SEG_0001__CH_005,157
f15f378545cf183f95e77fda__f15f378545cf183f95e77fda__SEG_0001__CH_001,158
f1c0407ecf3f05113a0cbf52__f1c0407ecf3f05113a0cbf52__SEG_0001__CH_001,242
f1c0407ecf3f05113a0cbf52__f1c0407ecf3f05113a0cbf52__SEG_0001__CH_002,54
f1f9663ff3c6724f3e6dce6a__PDFV2__CH_0001,390
f1f9663ff3c6724f3e6dce6a__PDFV2__CH_0003,382
f1f9663ff3c6724f3e6dce6a__PDFV2__CH_0004,423
f1f9663ff3c6724f3e6dce6a__PDFV2__CH_0006,377
f1f9663ff3c6724f3e6dce6a__PDFV2__CH_0007,302
f1f9663ff3c6724f3e6dce6a__PDFV2__CH_0008,322
f1f9663ff3c6724f3e6dce6a__PDFV2__CH_0009,278
f1f9663ff3c6724f3e6dce6a__PDFV2__CH_0010,336
f1f9663ff3c6724f3e6dce6a__PDFV2__CH_0011,250
f1f9663ff3c6724f3e6dce6a__PDFV2__CH_0012,172
f1f9663ff3c6724f3e6dce6a__PDFV2__CH_0013__M,738
f1f9663ff3c6724f3e6dce6a__PDFV2__CH_0017,313
f1f9663ff3c6724f3e6dce6a__PDFV2__CH_0018,641
f1f9663ff3c6724f3e6dce6a__PDFV2__CH_0019,114
f1f9663ff3c6724f3e6dce6a__PDFV2__CH_0020,312
f1f9663ff3c6724f3e6dce6a__PDFV2__CH_0021,356
f1f9663ff3c6724f3e6dce6a__PDFV2__CH_0022,151
f1f9663ff3c6724f3e6dce6a__PDFV2__CH_0023,241
f1f9663ff3c6724f3e6dce6a__PDFV2__CH_0024,286
f1f9663ff3c6724f3e6dce6a__PDFV2__CH_0026,209
f1f9663ff3c6724f3e6dce6a__PDFV2__CH_0027,256
f1f9663ff3c6724f3e6dce6a__PDFV2__CH_0028,182
f1f9663ff3c6724f3e6dce6a__PDFV2__CH_0029,288
f1f9663ff3c6724f3e6dce6a__PDFV2__CH_0030,530
f1f9663ff3c6724f3e6dce6a__PDFV2__CH_0031,131
f1f9663ff3c6724f3e6dce6a__PDFV2__CH_0032,205
f1f9663ff3c6724f3e6dce6a__PDFV2__CH_0033,359
f1f9663ff3c6724f3e6dce6a__PDFV2__CH_0034,383
f1f9663ff3c6724f3e6dce6a__PDFV2__CH_0036,192
f1f9663ff3c6724f3e6dce6a__PDFV2__CH_0037,221
f1f9663ff3c6724f3e6dce6a__PDFV2__CH_0038,416
f1f9663ff3c6724f3e6dce6a__PDFV2__CH_0039,633
f1f9663ff3c6724f3e6dce6a__PDFV2__CH_0040,439
f1f9663ff3c6724f3e6dce6a__PDFV2__CH_0041,344
f1f9663ff3c6724f3e6dce6a__PDFV2__CH_0043,293
f1f9663ff3c6724f3e6dce6a__PDFV2__CH_0044,354
f1f9663ff3c6724f3e6dce6a__PDFV2__CH_0045,463
f1f9663ff3c6724f3e6dce6a__PDFV2__CH_0046,512
f1f9663ff3c6724f3e6dce6a__PDFV2__CH_0047,416
f1f9663ff3c6724f3e6dce6a__PDFV2__CH_0048,243
f1f9663ff3c6724f3e6dce6a__PDFV2__CH_0049,230
f1f9663ff3c6724f3e6dce6a__PDFV2__CH_0050,320
f1f9663ff3c6724f3e6dce6a__PDFV2__CH_0051,313
f1f9663ff3c6724f3e6dce6a__PDFV2__CH_0058,358
f1f9663ff3c6724f3e6dce6a__PDFV2__CH_0059,316
f1f9663ff3c6724f3e6dce6a__PDFV2__CH_0060,359
f1f9663ff3c6724f3e6dce6a__PDFV2__CH_0061,415
f1f9663ff3c6724f3e6dce6a__PDFV2__CH_0062,350
f1f9663ff3c6724f3e6dce6a__PDFV2__CH_0065,257
f246e5090a7765891730798d__PDFV2__CH_0003,296
f246e5090a7765891730798d__PDFV2__CH_0004,301
f246e5090a7765891730798d__PDFV2__CH_0005,257
f246e5090a7765891730798d__PDFV2__CH_0006,229
f246e5090a7765891730798d__PDFV2__CH_0007,157
f246e5090a7765891730798d__PDFV2__CH_0008,133
f26f3349318fb57201f01468__f26f3349318fb57201f01468__SEG_0001__CH_001,548
f3308bce13839692008d212b__f3308bce13839692008d212b__SEG_0001__CH_001,159
f33b1dea4c468f2dead0703c__f33b1dea4c468f2dead0703c__SEG_0001__CH_001,293
f36b2f036deaeb10460bc199__f36b2f036deaeb10460bc199__SEG_0001__CH_002,169
f36c0ff84a05579e86f75e47__f36c0ff84a05579e86f75e47__SEG_0001__CH_001,429
f36c0ff84a05579e86f75e47__f36c0ff84a05579e86f75e47__SEG_0001__CH_002,208
f3858e4bdd89a9ba48dbb191__f3858e4bdd89a9ba48dbb191__SEG_0001__CH_001,296
f3d75f56a44379f62a2caa3d__f3d75f56a44379f62a2caa3d__SEG_0001__CH_001,160
f41921f65b20c551b2c65ca4__f41921f65b20c551b2c65ca4__SEG_0001__CH_001,199
f41921f65b20c551b2c65ca4__f41921f65b20c551b2c65ca4__SEG_0001__CH_002,113
f42f8074541a4e647abf32c1__PDFV2__CH_0003,206
f42f8074541a4e647abf32c1__PDFV2__CH_0005,126
f42f8074541a4e647abf32c1__PDFV2__CH_0007,199
f42f8074541a4e647abf32c1__PDFV2__CH_0008,304
f42f8074541a4e647abf32c1__PDFV2__CH_0009,213
f42f8074541a4e647abf32c1__PDFV2__CH_0010,640
f42f8074541a4e647abf32c1__PDFV2__CH_0012,207
f42f8074541a4e647abf32c1__PDFV2__CH_0013,148
f42f8074541a4e647abf32c1__PDFV2__CH_0014,255
f42f8074541a4e647abf32c1__PDFV2__CH_0015,161
f42f8074541a4e647abf32c1__PDFV2__CH_0016,439
f42f8074541a4e647abf32c1__PDFV2__CH_0018,407
f42f8074541a4e647abf32c1__PDFV2__CH_0019__M,895
f42f8074541a4e647abf32c1__PDFV2__CH_0021,284
f42f8074541a4e647abf32c1__PDFV2__CH_0023,332
f42f8074541a4e647abf32c1__PDFV2__CH_0024,184
f42f8074541a4e647abf32c1__PDFV2__CH_0025__M,825
f42f8074541a4e647abf32c1__PDFV2__CH_0027,169
f42f8074541a4e647abf32c1__PDFV2__CH_0028,220
f42f8074541a4e647abf32c1__PDFV2__CH_0029,188
f42f8074541a4e647abf32c1__PDFV2__CH_0030,207
f42f8074541a4e647abf32c1__PDFV2__CH_0032__M,803
f42f8074541a4e647abf32c1__PDFV2__CH_0034,285
f42f8074541a4e647abf32c1__PDFV2__CH_0036,252
f42f8074541a4e647abf32c1__PDFV2__CH_0037__M,433
f42f8074541a4e647abf32c1__PDFV2__CH_0039,378
f42f8074541a4e647abf32c1__PDFV2__CH_0040,244
f42f8074541a4e647abf32c1__PDFV2__CH_0041,283
f42f8074541a4e647abf32c1__PDFV2__CH_0043,118
f42f8074541a4e647abf32c1__PDFV2__CH_0044,214
f42f8074541a4e647abf32c1__PDFV2__CH_0045,368
f42f8074541a4e647abf32c1__PDFV2__CH_0054,65
f42f8074541a4e647abf32c1__PDFV2__CH_0056,87
f42f8074541a4e647abf32c1__PDFV2__CH_0057__M,503
f42f8074541a4e647abf32c1__PDFV2__CH_0060,304
f4dea177acd0ea4cca767416__f4dea177acd0ea4cca767416__SEG_0001__CH_003,291
f4dea177acd0ea4cca767416__f4dea177acd0ea4cca767416__SEG_0001__CH_004,80
f4dea177acd0ea4cca767416__f4dea177acd0ea4cca767416__SEG_0001__CH_005,109
f4e3e22a5d9a7e42396490fb__f4e3e22a5d9a7e42396490fb__SEG_0001__CH_002,117
f4e3e22a5d9a7e42396490fb__f4e3e22a5d9a7e42396490fb__SEG_0001__CH_003,63
f56a62f928963c78d65e4138__f56a62f928963c78d65e4138__SEG_0001__CH_001,475
f56a62f928963c78d65e4138__f56a62f928963c78d65e4138__SEG_0001__CH_002,121
f590dc16d74ced5d0c918742__f590dc16d74ced5d0c918742__SEG_0001__CH_001,184
f590dc16d74ced5d0c918742__f590dc16d74ced5d0c918742__SEG_0001__CH_002,233
f5986b1d41209e6eaa7ef4df__f5986b1d41209e6eaa7ef4df__SEG_0001__CH_002,2117
f5986b1d41209e6eaa7ef4df__f5986b1d41209e6eaa7ef4df__SEG_0001__CH_003,2585
f5986b1d41209e6eaa7ef4df__f5986b1d41209e6eaa7ef4df__SEG_0001__CH_004,724
f5986b1d41209e6eaa7ef4df__f5986b1d41209e6eaa7ef4df__SEG_0002__CH_001,1738
f5986b1d41209e6eaa7ef4df__f5986b1d41209e6eaa7ef4df__SEG_0002__CH_002,1007
f5b49c2dede1cdb3c0454c3a__f5b49c2dede1cdb3c0454c3a__SEG_0001__CH_003,1664
f5b49c2dede1cdb3c0454c3a__f5b49c2dede1cdb3c0454c3a__SEG_0002__CH_001,312
f5b49c2dede1cdb3c0454c3a__f5b49c2dede1cdb3c0454c3a__SEG_0002__CH_004,853
f5b49c2dede1cdb3c0454c3a__f5b49c2dede1cdb3c0454c3a__SEG_0002__CH_005,933
f5b49c2dede1cdb3c0454c3a__f5b49c2dede1cdb3c0454c3a__SEG_0003__CH_001,213
f5b49c2dede1cdb3c0454c3a__f5b49c2dede1cdb3c0454c3a__SEG_0003__CH_002,541
f5b49c2dede1cdb3c0454c3a__f5b49c2dede1cdb3c0454c3a__SEG_0003__CH_003,108
f5b49c2dede1cdb3c0454c3a__f5b49c2dede1cdb3c0454c3a__SEG_0003__CH_004,352
f5b49c2dede1cdb3c0454c3a__f5b49c2dede1cdb3c0454c3a__SEG_0003__CH_005,333
f5b49c2dede1cdb3c0454c3a__f5b49c2dede1cdb3c0454c3a__SEG_0003__CH_007,488
f5b49c2dede1cdb3c0454c3a__f5b49c2dede1cdb3c0454c3a__SEG_0003__CH_008,1397
f5b49c2dede1cdb3c0454c3a__f5b49c2dede1cdb3c0454c3a__SEG_0004__CH_001,1072
f5b49c2dede1cdb3c0454c3a__f5b49c2dede1cdb3c0454c3a__SEG_0004__CH_002,587
f5b49c2dede1cdb3c0454c3a__f5b49c2dede1cdb3c0454c3a__SEG_0004__CH_003,833
f5b49c2dede1cdb3c0454c3a__f5b49c2dede1cdb3c0454c3a__SEG_0005__CH_001,487
f5b49c2dede1cdb3c0454c3a__f5b49c2dede1cdb3c0454c3a__SEG_0005__CH_002,1287
f5b49c2dede1cdb3c0454c3a__f5b49c2dede1cdb3c0454c3a__SEG_0005__CH_003,340
f5b49c2dede1cdb3c0454c3a__f5b49c2dede1cdb3c0454c3a__SEG_0005__CH_004,584
f5b49c2dede1cdb3c0454c3a__f5b49c2dede1cdb3c0454c3a__SEG_0005__CH_005,671
f5b49c2dede1cdb3c0454c3a__f5b49c2dede1cdb3c0454c3a__SEG_0006__CH_001,720
f5b49c2dede1cdb3c0454c3a__f5b49c2dede1cdb3c0454c3a__SEG_0006__CH_002,569
f5b49c2dede1cdb3c0454c3a__f5b49c2dede1cdb3c0454c3a__SEG_0006__CH_003,683
f5b49c2dede1cdb3c0454c3a__f5b49c2dede1cdb3c0454c3a__SEG_0006__CH_004,256
f5b49c2dede1cdb3c0454c3a__f5b49c2dede1cdb3c0454c3a__SEG_0006__CH_005,777
f5b49c2dede1cdb3c0454c3a__f5b49c2dede1cdb3c0454c3a__SEG_0006__CH_006,404
f5b49c2dede1cdb3c0454c3a__f5b49c2dede1cdb3c0454c3a__SEG_0007__CH_001,914
f5b49c2dede1cdb3c0454c3a__f5b49c2dede1cdb3c0454c3a__SEG_0007__CH_002,1500
f5b49c2dede1cdb3c0454c3a__f5b49c2dede1cdb3c0454c3a__SEG_0007__CH_003,5025
f5b49c2dede1cdb3c0454c3a__f5b49c2dede1cdb3c0454c3a__SEG_0008__CH_001,616
f5b49c2dede1cdb3c0454c3a__f5b49c2dede1cdb3c0454c3a__SEG_0008__CH_002,240
f5b49c2dede1cdb3c0454c3a__f5b49c2dede1cdb3c0454c3a__SEG_0008__CH_003,506
f5b49c2dede1cdb3c0454c3a__f5b49c2dede1cdb3c0454c3a__SEG_0008__CH_004,842
f5b49c2dede1cdb3c0454c3a__f5b49c2dede1cdb3c0454c3a__SEG_0008__CH_005,634
f5b49c2dede1cdb3c0454c3a__f5b49c2dede1cdb3c0454c3a__SEG_0009__CH_001,1353
f5b49c2dede1cdb3c0454c3a__f5b49c2dede1cdb3c0454c3a__SEG_0009__CH_002,1709
f5b49c2dede1cdb3c0454c3a__f5b49c2dede1cdb3c0454c3a__SEG_0009__CH_003,1285
f5b49c2dede1cdb3c0454c3a__f5b49c2dede1cdb3c0454c3a__SEG_0010__CH_001,3862
f5d8e115084f9921afa29b0f__PDFV2__CH_0001,235
f5d8e115084f9921afa29b0f__PDFV2__CH_0002,246
f5d8e115084f9921afa29b0f__PDFV2__CH_0003,229
f5d8e115084f9921afa29b0f__PDFV2__CH_0005,271
f5d8e115084f9921afa29b0f__PDFV2__CH_0006,296
f5d8e115084f9921afa29b0f__PDFV2__CH_0007,306
f5d8e115084f9921afa29b0f__PDFV2__CH_0008,201
f5d8e115084f9921afa29b0f__PDFV2__CH_0009,172
f5d8e115084f9921afa29b0f__PDFV2__CH_0010,136
f5d8e115084f9921afa29b0f__PDFV2__CH_0011,95
f5d8e115084f9921afa29b0f__PDFV2__CH_0012,57
f5d8e115084f9921afa29b0f__PDFV2__CH_0013,118
f5d8e115084f9921afa29b0f__PDFV2__CH_0014,120
f5d8e115084f9921afa29b0f__PDFV2__CH_0016,165
f5d8e115084f9921afa29b0f__PDFV2__CH_0017,259
f5d8e115084f9921afa29b0f__PDFV2__CH_0018,163
f5d8e115084f9921afa29b0f__PDFV2__CH_0019,126
f5d8e115084f9921afa29b0f__PDFV2__CH_0020,240
f5d8e115084f9921afa29b0f__PDFV2__CH_0021,264
f5ed51684a22d9745b5c0590__PDFV2__CH_0001,175
f5ed51684a22d9745b5c0590__PDFV2__CH_0002,358
f5ed51684a22d9745b5c0590__PDFV2__CH_0003,237
f5ed51684a22d9745b5c0590__PDFV2__CH_0004,246
f5ed51684a22d9745b5c0590__PDFV2__CH_0005,153
f5ed51684a22d9745b5c0590__PDFV2__CH_0006,229
f5ed51684a22d9745b5c0590__PDFV2__CH_0007,108
f5ed51684a22d9745b5c0590__PDFV2__CH_0008,91
f5ed51684a22d9745b5c0590__PDFV2__CH_0009,115
f5ed51684a22d9745b5c0590__PDFV2__CH_0010,189
f5ed51684a22d9745b5c0590__PDFV2__CH_0011,190
f5ed51684a22d9745b5c0590__PDFV2__CH_0012,169
f5ed51684a22d9745b5c0590__PDFV2__CH_0013,233
f5ed51684a22d9745b5c0590__PDFV2__CH_0014,259
f5ed51684a22d9745b5c0590__PDFV2__CH_0015,220
f5ed51684a22d9745b5c0590__PDFV2__CH_0016,91
f5ed51684a22d9745b5c0590__PDFV2__CH_0017,108
f5ed51684a22d9745b5c0590__PDFV2__CH_0018,99
f5ed51684a22d9745b5c0590__PDFV2__CH_0019,124
f5ed51684a22d9745b5c0590__PDFV2__CH_0020,214
f5ed51684a22d9745b5c0590__PDFV2__CH_0021,221
f71e9a415024428a495365d4__PDFV2__CH_0001,618
f71e9a415024428a495365d4__PDFV2__CH_0003,294
f71e9a415024428a495365d4__PDFV2__CH_0006,553
f71e9a415024428a495365d4__PDFV2__CH_0008,313
f75a915ddc652954444805d9__f75a915ddc652954444805d9__SEG_0001__CH_001,324
f75a915ddc652954444805d9__f75a915ddc652954444805d9__SEG_0001__CH_002,197
f78fcb33f64bf509a64c50e2__f78fcb33f64bf509a64c50e2__SEG_0001__CH_001,2949
f78fcb33f64bf509a64c50e2__f78fcb33f64bf509a64c50e2__SEG_0002__CH_001,58
f78fcb33f64bf509a64c50e2__f78fcb33f64bf509a64c50e2__SEG_0002__CH_002,39
f78fcb33f64bf509a64c50e2__f78fcb33f64bf509a64c50e2__SEG_0002__CH_003,151
f79c145bc65bb74fd2e55a24__f79c145bc65bb74fd2e55a24__SEG_0001__CH_001,775
f79c145bc65bb74fd2e55a24__f79c145bc65bb74fd2e55a24__SEG_0001__CH_002,1035
f7a1620a63962d3bb773dfe9__f7a1620a63962d3bb773dfe9__SEG_0001__CH_001,100
f7a1620a63962d3bb773dfe9__f7a1620a63962d3bb773dfe9__SEG_0001__CH_002,220
f7bd831e9cfc4c07a17318e8__PDFV2__CH_0001,442
f7bd831e9cfc4c07a17318e8__PDFV2__CH_0002,455
f7bd831e9cfc4c07a17318e8__PDFV2__CH_0003,631
f7bd831e9cfc4c07a17318e8__PDFV2__CH_0004,204
f7bd831e9cfc4c07a17318e8__PDFV2__CH_0005,164
f7bd831e9cfc4c07a17318e8__PDFV2__CH_0006,282
f7bd831e9cfc4c07a17318e8__PDFV2__CH_0007,195
f7bd831e9cfc4c07a17318e8__PDFV2__CH_0008,260
f7bed91a19a4599fae27166f__PDFV2__CH_0001,640
f7bed91a19a4599fae27166f__PDFV2__CH_0002,478
f7bed91a19a4599fae27166f__PDFV2__CH_0003,609
f7bed91a19a4599fae27166f__PDFV2__CH_0004,587
f7bed91a19a4599fae27166f__PDFV2__CH_0005,402
f80ab1235eb5609110019524__f80ab1235eb5609110019524__SEG_0001__CH_001__M,322
f81fd0337f0f67accfe27c7a__f81fd0337f0f67accfe27c7a__SEG_0001__CH_002,548
f81fd0337f0f67accfe27c7a__f81fd0337f0f67accfe27c7a__SEG_0001__CH_003,268
f81fd0337f0f67accfe27c7a__f81fd0337f0f67accfe27c7a__SEG_0001__CH_004,171
f81fd0337f0f67accfe27c7a__f81fd0337f0f67accfe27c7a__SEG_0001__CH_005,366
f81fd0337f0f67accfe27c7a__f81fd0337f0f67accfe27c7a__SEG_0001__CH_006,1043
f81fd0337f0f67accfe27c7a__f81fd0337f0f67accfe27c7a__SEG_0001__CH_007,131
f83e74cfad7a03bf271793a9__f83e74cfad7a03bf271793a9__SEG_0001__CH_001,635
f83e74cfad7a03bf271793a9__f83e74cfad7a03bf271793a9__SEG_0001__CH_002,1190
f83e74cfad7a03bf271793a9__f83e74cfad7a03bf271793a9__SEG_0001__CH_003,718
f851851f982d2baeee57d9d1__PDFV2__CH_0002,363
f851851f982d2baeee57d9d1__PDFV2__CH_0003,248
f851851f982d2baeee57d9d1__PDFV2__CH_0004,300
f851851f982d2baeee57d9d1__PDFV2__CH_0005,401
f851851f982d2baeee57d9d1__PDFV2__CH_0006,328
f85e8b129b865e5d245ff877__PDFV2__CH_0001,430
f85e8b129b865e5d245ff877__PDFV2__CH_0002,194
f85e8b129b865e5d245ff877__PDFV2__CH_0004,592
f85e8b129b865e5d245ff877__PDFV2__CH_0005__M,1033
f85e8b129b865e5d245ff877__PDFV2__CH_0007,511
f85e8b129b865e5d245ff877__PDFV2__CH_0008,564
f85e8b129b865e5d245ff877__PDFV2__CH_0009__M,551
f85e8b129b865e5d245ff877__PDFV2__CH_0011,508
f85e8b129b865e5d245ff877__PDFV2__CH_0012,584
f85e8b129b865e5d245ff877__PDFV2__CH_0013,446
f85e8b129b865e5d245ff877__PDFV2__CH_0014,272
f85e8b129b865e5d245ff877__PDFV2__CH_0015,584
f85e8b129b865e5d245ff877__PDFV2__CH_0016,680
f85e8b129b865e5d245ff877__PDFV2__CH_0017,631
f85e8b129b865e5d245ff877__PDFV2__CH_0018,481
f85e8b129b865e5d245ff877__PDFV2__CH_0019,679
f85e8b129b865e5d245ff877__PDFV2__CH_0021,228
f85e8b129b865e5d245ff877__PDFV2__CH_0022__M,1036
f85e8b129b865e5d245ff877__PDFV2__CH_0024,251
f85e8b129b865e5d245ff877__PDFV2__CH_0025,707
f85e8b129b865e5d245ff877__PDFV2__CH_0026,393
f85e8b129b865e5d245ff877__PDFV2__CH_0027__M,830
f85e8b129b865e5d245ff877__PDFV2__CH_0029,142
f85e8b129b865e5d245ff877__PDFV2__CH_0030,469
f85e8b129b865e5d245ff877__PDFV2__CH_0031,543
f85e8b129b865e5d245ff877__PDFV2__CH_0032,384
f85e8b129b865e5d245ff877__PDFV2__CH_0035,496
f85e8b129b865e5d245ff877__PDFV2__CH_0036,422
f85e8b129b865e5d245ff877__PDFV2__CH_0037,308
f85e8b129b865e5d245ff877__PDFV2__CH_0038,475
f85e8b129b865e5d245ff877__PDFV2__CH_0039,410
f85e8b129b865e5d245ff877__PDFV2__CH_0040,393
f85e8b129b865e5d245ff877__PDFV2__CH_0041,743
f85e8b129b865e5d245ff877__PDFV2__CH_0042,823
f85e8b129b865e5d245ff877__PDFV2__CH_0043,591
f85e8b129b865e5d245ff877__PDFV2__CH_0044,736
f85e8b129b865e5d245ff877__PDFV2__CH_0045,157
f85e8b129b865e5d245ff877__PDFV2__CH_0046,277
f85e8b129b865e5d245ff877__PDFV2__CH_0047,302
f85e8b129b865e5d245ff877__PDFV2__CH_0048,697
f85e8b129b865e5d245ff877__PDFV2__CH_0050,570
f85e8b129b865e5d245ff877__PDFV2__CH_0051,451
f85e8b129b865e5d245ff877__PDFV2__CH_0052,533
f85e8b129b865e5d245ff877__PDFV2__CH_0053,179
f85e8b129b865e5d245ff877__PDFV2__CH_0054,465
f85e8b129b865e5d245ff877__PDFV2__CH_0055,298
f85e8b129b865e5d245ff877__PDFV2__CH_0056,309
f85e8b129b865e5d245ff877__PDFV2__CH_0057,782
f85e8b129b865e5d245ff877__PDFV2__CH_0058,562
f85e8b129b865e5d245ff877__PDFV2__CH_0059,897
f85e8b129b865e5d245ff877__PDFV2__CH_0060,628
f85e8b129b865e5d245ff877__PDFV2__CH_0061,807
f85e8b129b865e5d245ff877__PDFV2__CH_0062,836
f85e8b129b865e5d245ff877__PDFV2__CH_0063,589
f85e8b129b865e5d245ff877__PDFV2__CH_0064,492
f85e8b129b865e5d245ff877__PDFV2__CH_0065,499
f85e8b129b865e5d245ff877__PDFV2__CH_0066,479
f85e8b129b865e5d245ff877__PDFV2__CH_0067,302
f85e8b129b865e5d245ff877__PDFV2__CH_0068,493
f85e8b129b865e5d245ff877__PDFV2__CH_0069,384
f85e8b129b865e5d245ff877__PDFV2__CH_0070,284
f863f84e055618a3276a4128__f863f84e055618a3276a4128__SEG_0001__CH_002,2530
f8c2e8baebe638307a24dc39__f8c2e8baebe638307a24dc39__SEG_0001__CH_001,28
f8c55ff8173fc6a557b182e4__f8c55ff8173fc6a557b182e4__SEG_0001__CH_001,81
f8c55ff8173fc6a557b182e4__f8c55ff8173fc6a557b182e4__SEG_0001__CH_002,282
f8c55ff8173fc6a557b182e4__f8c55ff8173fc6a557b182e4__SEG_0001__CH_003,93
f8c55ff8173fc6a557b182e4__f8c55ff8173fc6a557b182e4__SEG_0001__CH_004,483
f8c55ff8173fc6a557b182e4__f8c55ff8173fc6a557b182e4__SEG_0001__CH_005,366
f8c55ff8173fc6a557b182e4__f8c55ff8173fc6a557b182e4__SEG_0001__CH_006,2254
f8c55ff8173fc6a557b182e4__f8c55ff8173fc6a557b182e4__SEG_0001__CH_007,984
f8c55ff8173fc6a557b182e4__f8c55ff8173fc6a557b182e4__SEG_0001__CH_008,1532
f8c55ff8173fc6a557b182e4__f8c55ff8173fc6a557b182e4__SEG_0002__CH_001,384
f8c55ff8173fc6a557b182e4__f8c55ff8173fc6a557b182e4__SEG_0002__CH_002,2474
f8c55ff8173fc6a557b182e4__f8c55ff8173fc6a557b182e4__SEG_0002__CH_003,555
f8d82ce1dcb25c36d04e73b7__PDFV2__CH_0005,220
f8e623b9e1c192fdeaf178e2__f8e623b9e1c192fdeaf178e2__SEG_0001__CH_001,279
f8e623b9e1c192fdeaf178e2__f8e623b9e1c192fdeaf178e2__SEG_0001__CH_002,189
f90ae58287970f090548e717__f90ae58287970f090548e717__SEG_0001__CH_001,208
f90ae58287970f090548e717__f90ae58287970f090548e717__SEG_0001__CH_002,177
f95738f53194d07542371054__f95738f53194d07542371054__SEG_0001__CH_001,174
f95738f53194d07542371054__f95738f53194d07542371054__SEG_0001__CH_002,128
f97356deb977e7e7e6ac319e__PDFV2__CH_0001,507
f97356deb977e7e7e6ac319e__PDFV2__CH_0002,463
f97356deb977e7e7e6ac319e__PDFV2__CH_0003,432
f97356deb977e7e7e6ac319e__PDFV2__CH_0004,47
f97356deb977e7e7e6ac319e__PDFV2__CH_0005,619
f97356deb977e7e7e6ac319e__PDFV2__CH_0006,466
f97356deb977e7e7e6ac319e__PDFV2__CH_0007,185
f97356deb977e7e7e6ac319e__PDFV2__CH_0008,573
f97356deb977e7e7e6ac319e__PDFV2__CH_0009,341
f97356deb977e7e7e6ac319e__PDFV2__CH_0010,338
f97356deb977e7e7e6ac319e__PDFV2__CH_0011,192
f97356deb977e7e7e6ac319e__PDFV2__CH_0012,299
f97356deb977e7e7e6ac319e__PDFV2__CH_0013,128
f97356deb977e7e7e6ac319e__PDFV2__CH_0014,570
f97356deb977e7e7e6ac319e__PDFV2__CH_0015,444
f97356deb977e7e7e6ac319e__PDFV2__CH_0016,578
f97356deb977e7e7e6ac319e__PDFV2__CH_0017,672
f97356deb977e7e7e6ac319e__PDFV2__CH_0018,149
f974083943d37d26687007d1__f974083943d37d26687007d1__SEG_0001__CH_001,2065
f9843f7b305517b5f1f2474a__f9843f7b305517b5f1f2474a__SEG_0001__CH_001,119
f98f9c9ca4de97058a11841f__f98f9c9ca4de97058a11841f__SEG_0001__CH_001,582
f98f9c9ca4de97058a11841f__f98f9c9ca4de97058a11841f__SEG_0001__CH_002,2042
f98f9c9ca4de97058a11841f__f98f9c9ca4de97058a11841f__SEG_0002__CH_001,349
f98f9c9ca4de97058a11841f__f98f9c9ca4de97058a11841f__SEG_0002__CH_002,585
f98f9c9ca4de97058a11841f__f98f9c9ca4de97058a11841f__SEG_0002__CH_003,649
fa467b3e570da726c1397f10__fa467b3e570da726c1397f10__SEG_0001__CH_001,172
fa467b3e570da726c1397f10__fa467b3e570da726c1397f10__SEG_0001__CH_002,258
fa467b3e570da726c1397f10__fa467b3e570da726c1397f10__SEG_0001__CH_003,81
fa92f1904403b37ea8eddef3__fa92f1904403b37ea8eddef3__SEG_0001__CH_001,163
fa92f1904403b37ea8eddef3__fa92f1904403b37ea8eddef3__SEG_0001__CH_002,84
fae4d51948b588014b9e0d55__fae4d51948b588014b9e0d55__SEG_0001__CH_002,110
faf16bc38d61ba8b76fa5d37__faf16bc38d61ba8b76fa5d37__SEG_0001__CH_001,321
fb2afaf4765890573c6675d8__fb2afaf4765890573c6675d8__SEG_0001__CH_001,226
fb32a8464dd649c716a86c62__PDFV2__CH_0001,312
fb32a8464dd649c716a86c62__PDFV2__CH_0002,357
fb32a8464dd649c716a86c62__PDFV2__CH_0003,335
fb32a8464dd649c716a86c62__PDFV2__CH_0004,387
fb32a8464dd649c716a86c62__PDFV2__CH_0005,526
fb32a8464dd649c716a86c62__PDFV2__CH_0006,388
fb32a8464dd649c716a86c62__PDFV2__CH_0007,91
fb32a8464dd649c716a86c62__PDFV2__CH_0008,163
fb32a8464dd649c716a86c62__PDFV2__CH_0009,281
fb32a8464dd649c716a86c62__PDFV2__CH_0010,308
fb32a8464dd649c716a86c62__PDFV2__CH_0011,164
fb32a8464dd649c716a86c62__PDFV2__CH_0012,131
fb32a8464dd649c716a86c62__PDFV2__CH_0013,195
fb32a8464dd649c716a86c62__PDFV2__CH_0014,225
fb32a8464dd649c716a86c62__PDFV2__CH_0015,245
fc48165bcc0ae66c6121c591__PDFV2__CH_0001,334
fc48165bcc0ae66c6121c591__PDFV2__CH_0002,146
fc48165bcc0ae66c6121c591__PDFV2__CH_0003,530
fce6a1953e3801fe894cf9e7__PDFV2__CH_0001,349
fce6a1953e3801fe894cf9e7__PDFV2__CH_0002,135
fce6a1953e3801fe894cf9e7__PDFV2__CH_0003,77
fce6a1953e3801fe894cf9e7__PDFV2__CH_0004,226
fce6a1953e3801fe894cf9e7__PDFV2__CH_0005,235
fce6a1953e3801fe894cf9e7__PDFV2__CH_0006,193
fce6a1953e3801fe894cf9e7__PDFV2__CH_0008,550
fce6a1953e3801fe894cf9e7__PDFV2__CH_0009,571
fce6a1953e3801fe894cf9e7__PDFV2__CH_0010,276
fce6a1953e3801fe894cf9e7__PDFV2__CH_0012,453
fce6a1953e3801fe894cf9e7__PDFV2__CH_0013,428
fce6a1953e3801fe894cf9e7__PDFV2__CH_0014,452
fce6a1953e3801fe894cf9e7__PDFV2__CH_0015,183
fd42bfeb906c3e4572f3375e__PDFV2__CH_0003,567
fd42bfeb906c3e4572f3375e__PDFV2__CH_0004,631
fd42bfeb906c3e4572f3375e__PDFV2__CH_0005,699
fd42bfeb906c3e4572f3375e__PDFV2__CH_0007,466
fd42bfeb906c3e4572f3375e__PDFV2__CH_0008,566
fd42bfeb906c3e4572f3375e__PDFV2__CH_0009,446
fd42bfeb906c3e4572f3375e__PDFV2__CH_0010,621
fd42bfeb906c3e4572f3375e__PDFV2__CH_0011,548
fd42bfeb906c3e4572f3375e__PDFV2__CH_0012,715
fd42bfeb906c3e4572f3375e__PDFV2__CH_0013,569
fd42bfeb906c3e4572f3375e__PDFV2__CH_0014,675
fd42bfeb906c3e4572f3375e__PDFV2__CH_0015,159
fd42bfeb906c3e4572f3375e__PDFV2__CH_0016,653
fd42bfeb906c3e4572f3375e__PDFV2__CH_0017,669
fd42bfeb906c3e4572f3375e__PDFV2__CH_0018,609
fd42bfeb906c3e4572f3375e__PDFV2__CH_0019,401
fd42bfeb906c3e4572f3375e__PDFV2__CH_0020,641
fd42bfeb906c3e4572f3375e__PDFV2__CH_0021,240
fd42bfeb906c3e4572f3375e__PDFV2__CH_0022,204
fd42bfeb906c3e4572f3375e__PDFV2__CH_0023,307
fd42bfeb906c3e4572f3375e__PDFV2__CH_0024,251
fd42bfeb906c3e4572f3375e__PDFV2__CH_0025,356
fd42bfeb906c3e4572f3375e__PDFV2__CH_0026,277
fd42bfeb906c3e4572f3375e__PDFV2__CH_0027,328
fd42bfeb906c3e4572f3375e__PDFV2__CH_0028,385
fd42bfeb906c3e4572f3375e__PDFV2__CH_0029,656
fd42bfeb906c3e4572f3375e__PDFV2__CH_0030,370
fd42bfeb906c3e4572f3375e__PDFV2__CH_0031,553
fd42bfeb906c3e4572f3375e__PDFV2__CH_0032,649
fddc5f7fb6517484666ac92d__fddc5f7fb6517484666ac92d__SEG_0001__CH_001,51
fddc5f7fb6517484666ac92d__fddc5f7fb6517484666ac92d__SEG_0001__CH_002,376
fddc5f7fb6517484666ac92d__fddc5f7fb6517484666ac92d__SEG_0001__CH_003,210
fe4a9a503e4671f69c2f65c5__fe4a9a503e4671f69c2f65c5__SEG_0001__CH_001,1053
feab52f9d8cdee4de5322993__PDFV2__CH_0001,441
feab52f9d8cdee4de5322993__PDFV2__CH_0002,394
feab52f9d8cdee4de5322993__PDFV2__CH_0003,316
fec670ea392dfa0e800f5c07__PDFV2__CH_0001,87
fec670ea392dfa0e800f5c07__PDFV2__CH_0002,370
fec670ea392dfa0e800f5c07__PDFV2__CH_0003,112
ff085e2900ac2d98e64864aa__ff085e2900ac2d98e64864aa__SEG_0001__CH_001,1814
ff2d8f8687cda3cc5d02cb8a__ff2d8f8687cda3cc5d02cb8a__SEG_0001__CH_001,1968
ffcfda2c5f7c703734035dbc__PDFV2__CH_0001,356
ffcfda2c5f7c703734035dbc__PDFV2__CH_0002,425
ffcfda2c5f7c703734035dbc__PDFV2__CH_0003,283
ffcfda2c5f7c703734035dbc__PDFV2__CH_0004,246
fffb38fead73610b96aa1805__fffb38fead73610b96aa1805__SEG_0001__CH_001,999
