chunk_id,n_tokens
000bef7c524d3f68cea91ff4__000bef7c524d3f68cea91ff4__SEG_0001__CH_001,93
000bef7c524d3f68cea91ff4__000bef7c524d3f68cea91ff4__SEG_0001__CH_002,48
0024b37dbd426e80374e7ab7__0024b37dbd426e80374e7ab7__SEG_0001__CH_002,67
009488ade324bce4b091710f__PDFV2__CH_0001,78
009488ade324bce4b091710f__PDFV2__CH_0011,129
009488ade324bce4b091710f__PDFV2__CH_0012,107
009488ade324bce4b091710f__PDFV2__CH_0013,93
009488ade324bce4b091710f__PDFV2__CH_0014,128
009488ade324bce4b091710f__PDFV2__CH_0015,101
009488ade324bce4b091710f__PDFV2__CH_0016,104
009488ade324bce4b091710f__PDFV2__CH_0017,82
009488ade324bce4b091710f__PDFV2__CH_0018,78
009488ade324bce4b091710f__PDFV2__CH_0020,108
009488ade324bce4b091710f__PDFV2__CH_0021,111
009488ade324bce4b091710f__PDFV2__CH_0022,129
009488ade324bce4b091710f__PDFV2__CH_0023,120
009488ade324bce4b091710f__PDFV2__CH_0024,70
009488ade324bce4b091710f__PDFV2__CH_0025,107
009488ade324bce4b091710f__PDFV2__CH_0026,131
009488ade324bce4b091710f__PDFV2__CH_0027,103
009488ade324bce4b091710f__PDFV2__CH_0028,103
009488ade324bce4b091710f__PDFV2__CH_0029,151
009488ade324bce4b091710f__PDFV2__CH_0030,137
009488ade324bce4b091710f__PDFV2__CH_0031,107
009488ade324bce4b091710f__PDFV2__CH_0032,112
009488ade324bce4b091710f__PDFV2__CH_0033,108
009488ade324bce4b091710f__PDFV2__CH_0034,98
009488ade324bce4b091710f__PDFV2__CH_0035,87
009488ade324bce4b091710f__PDFV2__CH_0036,122
009488ade324bce4b091710f__PDFV2__CH_0037,142
009488ade324bce4b091710f__PDFV2__CH_0038,80
009488ade324bce4b091710f__PDFV2__CH_0039,65
009488ade324bce4b091710f__PDFV2__CH_0040,75
009488ade324bce4b091710f__PDFV2__CH_0041,111
009488ade324bce4b091710f__PDFV2__CH_0042,109
009488ade324bce4b091710f__PDFV2__CH_0043,130
009488ade324bce4b091710f__PDFV2__CH_0044,91
009488ade324bce4b091710f__PDFV2__CH_0045,69
009488ade324bce4b091710f__PDFV2__CH_0046,157
009488ade324bce4b091710f__PDFV2__CH_0047,119
009488ade324bce4b091710f__PDFV2__CH_0048,87
009488ade324bce4b091710f__PDFV2__CH_0049,67
009488ade324bce4b091710f__PDFV2__CH_0050,112
009488ade324bce4b091710f__PDFV2__CH_0051,104
009488ade324bce4b091710f__PDFV2__CH_0052,109
009488ade324bce4b091710f__PDFV2__CH_0053,63
009488ade324bce4b091710f__PDFV2__CH_0054,67
009488ade324bce4b091710f__PDFV2__CH_0055,83
009488ade324bce4b091710f__PDFV2__CH_0056,101
009488ade324bce4b091710f__PDFV2__CH_0057,84
009488ade324bce4b091710f__PDFV2__CH_0058,85
009488ade324bce4b091710f__PDFV2__CH_0059,99
009488ade324bce4b091710f__PDFV2__CH_0060,91
009488ade324bce4b091710f__PDFV2__CH_0061,70
009488ade324bce4b091710f__PDFV2__CH_0062,123
009488ade324bce4b091710f__PDFV2__CH_0063,131
009488ade324bce4b091710f__PDFV2__CH_0064,112
009488ade324bce4b091710f__PDFV2__CH_0065,80
009488ade324bce4b091710f__PDFV2__CH_0066,90
009488ade324bce4b091710f__PDFV2__CH_0067,85
009488ade324bce4b091710f__PDFV2__CH_0068,111
009488ade324bce4b091710f__PDFV2__CH_0069,84
009488ade324bce4b091710f__PDFV2__CH_0070,70
009488ade324bce4b091710f__PDFV2__CH_0071,61
009488ade324bce4b091710f__PDFV2__CH_0072,57
009488ade324bce4b091710f__PDFV2__CH_0073,51
009488ade324bce4b091710f__PDFV2__CH_0074,115
009488ade324bce4b091710f__PDFV2__CH_0075,56
009488ade324bce4b091710f__PDFV2__CH_0076,94
009488ade324bce4b091710f__PDFV2__CH_0077,47
009488ade324bce4b091710f__PDFV2__CH_0078,78
009488ade324bce4b091710f__PDFV2__CH_0080,92
009488ade324bce4b091710f__PDFV2__CH_0081,101
009488ade324bce4b091710f__PDFV2__CH_0082,95
009488ade324bce4b091710f__PDFV2__CH_0083,84
009488ade324bce4b091710f__PDFV2__CH_0084,81
009488ade324bce4b091710f__PDFV2__CH_0085,147
009488ade324bce4b091710f__PDFV2__CH_0086,100
009488ade324bce4b091710f__PDFV2__CH_0087,135
009488ade324bce4b091710f__PDFV2__CH_0088,46
009488ade324bce4b091710f__PDFV2__CH_0089,85
009488ade324bce4b091710f__PDFV2__CH_0090,57
009488ade324bce4b091710f__PDFV2__CH_0091,87
009488ade324bce4b091710f__PDFV2__CH_0092,75
009488ade324bce4b091710f__PDFV2__CH_0093,93
009488ade324bce4b091710f__PDFV2__CH_0094__M,107
009488ade324bce4b091710f__PDFV2__CH_0096,76
009488ade324bce4b091710f__PDFV2__CH_0097,91
009488ade324bce4b091710f__PDFV2__CH_0098,99
009488ade324bce4b091710f__PDFV2__CH_0099,66
009488ade324bce4b091710f__PDFV2__CH_0100,97
009488ade324bce4b091710f__PDFV2__CH_0101,121
009488ade324bce4b091710f__PDFV2__CH_0102,71
009488ade324bce4b091710f__PDFV2__CH_0103,62
009488ade324bce4b091710f__PDFV2__CH_0104,78
009488ade324bce4b091710f__PDFV2__CH_0105,79
009488ade324bce4b091710f__PDFV2__CH_0106,58
009488ade324bce4b091710f__PDFV2__CH_0107,89
009488ade324bce4b091710f__PDFV2__CH_0108,71
009488ade324bce4b091710f__PDFV2__CH_0109,65
009488ade324bce4b091710f__PDFV2__CH_0110,152
009488ade324bce4b091710f__PDFV2__CH_0111,41
009488ade324bce4b091710f__PDFV2__CH_0112,60
009488ade324bce4b091710f__PDFV2__CH_0113,72
009488ade324bce4b091710f__PDFV2__CH_0114,93
009488ade324bce4b091710f__PDFV2__CH_0115,85
009488ade324bce4b091710f__PDFV2__CH_0116,98
009488ade324bce4b091710f__PDFV2__CH_0117__M,99
009488ade324bce4b091710f__PDFV2__CH_0119,82
009488ade324bce4b091710f__PDFV2__CH_0120,96
009488ade324bce4b091710f__PDFV2__CH_0121,79
009488ade324bce4b091710f__PDFV2__CH_0122,84
009488ade324bce4b091710f__PDFV2__CH_0123,95
009488ade324bce4b091710f__PDFV2__CH_0124,107
009488ade324bce4b091710f__PDFV2__CH_0125,88
009488ade324bce4b091710f__PDFV2__CH_0126,136
009488ade324bce4b091710f__PDFV2__CH_0127__M,96
009488ade324bce4b091710f__PDFV2__CH_0129,81
009488ade324bce4b091710f__PDFV2__CH_0130,57
009488ade324bce4b091710f__PDFV2__CH_0131,80
009488ade324bce4b091710f__PDFV2__CH_0132,116
009488ade324bce4b091710f__PDFV2__CH_0133,81
009488ade324bce4b091710f__PDFV2__CH_0134,111
009488ade324bce4b091710f__PDFV2__CH_0135,87
009488ade324bce4b091710f__PDFV2__CH_0136,89
009488ade324bce4b091710f__PDFV2__CH_0137,68
009488ade324bce4b091710f__PDFV2__CH_0138,83
009488ade324bce4b091710f__PDFV2__CH_0139,66
009488ade324bce4b091710f__PDFV2__CH_0140,81
009488ade324bce4b091710f__PDFV2__CH_0141,71
009488ade324bce4b091710f__PDFV2__CH_0142,74
009488ade324bce4b091710f__PDFV2__CH_0143,83
009488ade324bce4b091710f__PDFV2__CH_0144,125
009488ade324bce4b091710f__PDFV2__CH_0145,103
009488ade324bce4b091710f__PDFV2__CH_0146,97
009488ade324bce4b091710f__PDFV2__CH_0147,106
009488ade324bce4b091710f__PDFV2__CH_0148,107
009488ade324bce4b091710f__PDFV2__CH_0149,98
009488ade324bce4b091710f__PDFV2__CH_0150,59
009488ade324bce4b091710f__PDFV2__CH_0151,61
009488ade324bce4b091710f__PDFV2__CH_0152,91
009488ade324bce4b091710f__PDFV2__CH_0153__M,157
009488ade324bce4b091710f__PDFV2__CH_0155__M,115
009488ade324bce4b091710f__PDFV2__CH_0162,93
009488ade324bce4b091710f__PDFV2__CH_0163,102
009488ade324bce4b091710f__PDFV2__CH_0164,105
009488ade324bce4b091710f__PDFV2__CH_0165,94
009488ade324bce4b091710f__PDFV2__CH_0167,83
009488ade324bce4b091710f__PDFV2__CH_0168,55
009488ade324bce4b091710f__PDFV2__CH_0169,74
009488ade324bce4b091710f__PDFV2__CH_0170,59
009488ade324bce4b091710f__PDFV2__CH_0171,110
009488ade324bce4b091710f__PDFV2__CH_0172,75
009488ade324bce4b091710f__PDFV2__CH_0173,79
009488ade324bce4b091710f__PDFV2__CH_0174,124
009488ade324bce4b091710f__PDFV2__CH_0175,91
009488ade324bce4b091710f__PDFV2__CH_0176,110
009488ade324bce4b091710f__PDFV2__CH_0177,98
009488ade324bce4b091710f__PDFV2__CH_0178,92
009488ade324bce4b091710f__PDFV2__CH_0179,59
009488ade324bce4b091710f__PDFV2__CH_0180,60
009488ade324bce4b091710f__PDFV2__CH_0181,87
009488ade324bce4b091710f__PDFV2__CH_0182,82
009488ade324bce4b091710f__PDFV2__CH_0183,111
009488ade324bce4b091710f__PDFV2__CH_0184,55
009488ade324bce4b091710f__PDFV2__CH_0185,43
009488ade324bce4b091710f__PDFV2__CH_0186,96
009488ade324bce4b091710f__PDFV2__CH_0187,94
009488ade324bce4b091710f__PDFV2__CH_0188,95
009488ade324bce4b091710f__PDFV2__CH_0189,89
009488ade324bce4b091710f__PDFV2__CH_0190,53
009488ade324bce4b091710f__PDFV2__CH_0191__M,130
009488ade324bce4b091710f__PDFV2__CH_0193,131
009488ade324bce4b091710f__PDFV2__CH_0194,118
009488ade324bce4b091710f__PDFV2__CH_0195,72
009488ade324bce4b091710f__PDFV2__CH_0196,87
009488ade324bce4b091710f__PDFV2__CH_0197,74
009488ade324bce4b091710f__PDFV2__CH_0198,91
009488ade324bce4b091710f__PDFV2__CH_0199,97
009488ade324bce4b091710f__PDFV2__CH_0200,104
009488ade324bce4b091710f__PDFV2__CH_0201,86
009488ade324bce4b091710f__PDFV2__CH_0202,158
009488ade324bce4b091710f__PDFV2__CH_0203,119
009488ade324bce4b091710f__PDFV2__CH_0204,57
009488ade324bce4b091710f__PDFV2__CH_0205,92
009488ade324bce4b091710f__PDFV2__CH_0206,104
00cbd86266790c11f5bdfea4__00cbd86266790c11f5bdfea4__SEG_0001__CH_001,57
00cbd86266790c11f5bdfea4__00cbd86266790c11f5bdfea4__SEG_0001__CH_002,47
01356ec0c08055e146391178__PDFV2__CH_0001,68
01356ec0c08055e146391178__PDFV2__CH_0002,106
01356ec0c08055e146391178__PDFV2__CH_0003,98
014156c5846332bdd1f27a2e__PDFV2__CH_0002,127
014156c5846332bdd1f27a2e__PDFV2__CH_0006,51
014156c5846332bdd1f27a2e__PDFV2__CH_0007,108
014156c5846332bdd1f27a2e__PDFV2__CH_0008,80
0174a180553f8969eef68270__PDFV2__CH_0004,120
0174a180553f8969eef68270__PDFV2__CH_0005,82
0174a180553f8969eef68270__PDFV2__CH_0006,147
0174a180553f8969eef68270__PDFV2__CH_0007,83
0174a180553f8969eef68270__PDFV2__CH_0008,90
0174a180553f8969eef68270__PDFV2__CH_0009,86
0174a180553f8969eef68270__PDFV2__CH_0010,86
0174a180553f8969eef68270__PDFV2__CH_0011,116
0174a180553f8969eef68270__PDFV2__CH_0012,71
0174a180553f8969eef68270__PDFV2__CH_0013,102
0174a180553f8969eef68270__PDFV2__CH_0014,104
0174a180553f8969eef68270__PDFV2__CH_0016,121
0174a180553f8969eef68270__PDFV2__CH_0017,102
0174a180553f8969eef68270__PDFV2__CH_0018,59
0174a180553f8969eef68270__PDFV2__CH_0019,132
0174a180553f8969eef68270__PDFV2__CH_0020,99
0174a180553f8969eef68270__PDFV2__CH_0021,117
0174a180553f8969eef68270__PDFV2__CH_0022,66
0174a180553f8969eef68270__PDFV2__CH_0023,96
0174a180553f8969eef68270__PDFV2__CH_0024,123
0174a180553f8969eef68270__PDFV2__CH_0025,61
0174a180553f8969eef68270__PDFV2__CH_0026,67
0174a180553f8969eef68270__PDFV2__CH_0027,87
0174a180553f8969eef68270__PDFV2__CH_0028,57
0174a180553f8969eef68270__PDFV2__CH_0029,73
0174a180553f8969eef68270__PDFV2__CH_0030,104
0174a180553f8969eef68270__PDFV2__CH_0031,83
0174a180553f8969eef68270__PDFV2__CH_0032,92
0174a180553f8969eef68270__PDFV2__CH_0033,85
0174a180553f8969eef68270__PDFV2__CH_0034,92
0174a180553f8969eef68270__PDFV2__CH_0035,99
0174a180553f8969eef68270__PDFV2__CH_0036,86
0174a180553f8969eef68270__PDFV2__CH_0038,60
0174a180553f8969eef68270__PDFV2__CH_0039,69
0174a180553f8969eef68270__PDFV2__CH_0040__M,58
0174a180553f8969eef68270__PDFV2__CH_0042__M,76
0174a180553f8969eef68270__PDFV2__CH_0044,77
0174a180553f8969eef68270__PDFV2__CH_0045,56
0174a180553f8969eef68270__PDFV2__CH_0046,66
0174a180553f8969eef68270__PDFV2__CH_0047,97
0174a180553f8969eef68270__PDFV2__CH_0048,57
0174a180553f8969eef68270__PDFV2__CH_0049,60
0174a180553f8969eef68270__PDFV2__CH_0056,85
0174a180553f8969eef68270__PDFV2__CH_0058,108
0174a180553f8969eef68270__PDFV2__CH_0060,66
0174a180553f8969eef68270__PDFV2__CH_0061__M,70
0174a180553f8969eef68270__PDFV2__CH_0063,58
0174a180553f8969eef68270__PDFV2__CH_0064,107
0174a180553f8969eef68270__PDFV2__CH_0065,60
0174a180553f8969eef68270__PDFV2__CH_0067,85
0174a180553f8969eef68270__PDFV2__CH_0068,69
0174a180553f8969eef68270__PDFV2__CH_0069,79
0174a180553f8969eef68270__PDFV2__CH_0073,48
0174a180553f8969eef68270__PDFV2__CH_0075,88
0174a180553f8969eef68270__PDFV2__CH_0076,96
0174a180553f8969eef68270__PDFV2__CH_0078,82
0174a180553f8969eef68270__PDFV2__CH_0079,72
0174a180553f8969eef68270__PDFV2__CH_0080,73
0174a180553f8969eef68270__PDFV2__CH_0081,82
0174a180553f8969eef68270__PDFV2__CH_0082__M,117
0174a180553f8969eef68270__PDFV2__CH_0085,96
0174a180553f8969eef68270__PDFV2__CH_0086,106
0174a180553f8969eef68270__PDFV2__CH_0087,80
0174a180553f8969eef68270__PDFV2__CH_0088,62
0174a180553f8969eef68270__PDFV2__CH_0089,77
0174a180553f8969eef68270__PDFV2__CH_0090,128
0174a180553f8969eef68270__PDFV2__CH_0091,85
0174a180553f8969eef68270__PDFV2__CH_0092,49
0193d9ef463c0c0947be1a68__0193d9ef463c0c0947be1a68__SEG_0001__CH_001,69
0193d9ef463c0c0947be1a68__0193d9ef463c0c0947be1a68__SEG_0001__CH_002,47
020bf0985044b00328a6dfe0__020bf0985044b00328a6dfe0__SEG_0001__CH_001,37
020bf0985044b00328a6dfe0__020bf0985044b00328a6dfe0__SEG_0001__CH_002,85
020bf0985044b00328a6dfe0__020bf0985044b00328a6dfe0__SEG_0001__CH_003,47
020bf0985044b00328a6dfe0__020bf0985044b00328a6dfe0__SEG_0001__CH_004,58
020bf0985044b00328a6dfe0__020bf0985044b00328a6dfe0__SEG_0001__CH_005,66
0232023af6bb5928fee0c23f__0232023af6bb5928fee0c23f__SEG_0001__CH_001,53
0244c58b5c4b9a81f4e755f0__PDFV2__CH_0001__M,121
025aac40120ecf9b2114efdb__PDFV2__CH_0001,48
025aac40120ecf9b2114efdb__PDFV2__CH_0002,95
025aac40120ecf9b2114efdb__PDFV2__CH_0003,90
025aac40120ecf9b2114efdb__PDFV2__CH_0004,102
025aac40120ecf9b2114efdb__PDFV2__CH_0005,52
025aac40120ecf9b2114efdb__PDFV2__CH_0006,112
025aac40120ecf9b2114efdb__PDFV2__CH_0007,93
025aac40120ecf9b2114efdb__PDFV2__CH_0008,99
02882e2d58109e13cba4f10e__02882e2d58109e13cba4f10e__SEG_0001__CH_001,92
02cd28b83e8750c05f795a0e__PDFV2__CH_0001__M,87
02cd28b83e8750c05f795a0e__PDFV2__CH_0003,106
0318be1d17a8ce450b9b1051__0318be1d17a8ce450b9b1051__SEG_0001__CH_001,101
0318be1d17a8ce450b9b1051__0318be1d17a8ce450b9b1051__SEG_0001__CH_002,66
0395ae880c6255ac8484eb1c__0395ae880c6255ac8484eb1c__SEG_0001__CH_001,59
03b56aace697cb2fd3a9b856__03b56aace697cb2fd3a9b856__SEG_0001__CH_001,73
03c02ea1f587c2a1f61cb44e__PDFV2__CH_0001,85
03c02ea1f587c2a1f61cb44e__PDFV2__CH_0002,115
03c02ea1f587c2a1f61cb44e__PDFV2__CH_0003,74
0413b97ffbfb0a2ad09a7418__0413b97ffbfb0a2ad09a7418__SEG_0001__CH_001,95
0413b97ffbfb0a2ad09a7418__0413b97ffbfb0a2ad09a7418__SEG_0001__CH_002,121
0413b97ffbfb0a2ad09a7418__0413b97ffbfb0a2ad09a7418__SEG_0001__CH_003,106
0413b97ffbfb0a2ad09a7418__0413b97ffbfb0a2ad09a7418__SEG_0001__CH_004,160
0445e9531d5e850d7a19ac55__PDFV2__CH_0001,87
0445e9531d5e850d7a19ac55__PDFV2__CH_0002,93
0445e9531d5e850d7a19ac55__PDFV2__CH_0003,111
0445e9531d5e850d7a19ac55__PDFV2__CH_0004,96
0445e9531d5e850d7a19ac55__PDFV2__CH_0005,113
0445e9531d5e850d7a19ac55__PDFV2__CH_0006,59
0445e9531d5e850d7a19ac55__PDFV2__CH_0007,78
0445e9531d5e850d7a19ac55__PDFV2__CH_0008,103
0445e9531d5e850d7a19ac55__PDFV2__CH_0010,103
0445e9531d5e850d7a19ac55__PDFV2__CH_0011,73
0458bf8f6e543d8058af08b8__0458bf8f6e543d8058af08b8__SEG_0001__CH_001,62
0458bf8f6e543d8058af08b8__0458bf8f6e543d8058af08b8__SEG_0001__CH_002,62
0458bf8f6e543d8058af08b8__0458bf8f6e543d8058af08b8__SEG_0001__CH_003,82
0458bf8f6e543d8058af08b8__0458bf8f6e543d8058af08b8__SEG_0001__CH_004,96
0458bf8f6e543d8058af08b8__0458bf8f6e543d8058af08b8__SEG_0001__CH_005,114
0458bf8f6e543d8058af08b8__0458bf8f6e543d8058af08b8__SEG_0001__CH_006,120
0458bf8f6e543d8058af08b8__0458bf8f6e543d8058af08b8__SEG_0001__CH_007,103
0458bf8f6e543d8058af08b8__0458bf8f6e543d8058af08b8__SEG_0001__CH_008,117
04666b9c54d86afffc0df6d5__04666b9c54d86afffc0df6d5__SEG_0001__CH_001,97
04666b9c54d86afffc0df6d5__04666b9c54d86afffc0df6d5__SEG_0001__CH_002,95
04666b9c54d86afffc0df6d5__04666b9c54d86afffc0df6d5__SEG_0001__CH_003,114
04666b9c54d86afffc0df6d5__04666b9c54d86afffc0df6d5__SEG_0001__CH_004,106
04666b9c54d86afffc0df6d5__04666b9c54d86afffc0df6d5__SEG_0001__CH_005,111
04666b9c54d86afffc0df6d5__04666b9c54d86afffc0df6d5__SEG_0002__CH_001,44
04666b9c54d86afffc0df6d5__04666b9c54d86afffc0df6d5__SEG_0002__CH_003,40
0473494c7939cd407687698f__0473494c7939cd407687698f__SEG_0001__CH_001,83
047d163bea1643c86f46fa5e__047d163bea1643c86f46fa5e__SEG_0001__CH_001,91
047d163bea1643c86f46fa5e__047d163bea1643c86f46fa5e__SEG_0001__CH_002,49
048029752e1a57d1e65f4f1c__048029752e1a57d1e65f4f1c__SEG_0001__CH_001,90
048029752e1a57d1e65f4f1c__048029752e1a57d1e65f4f1c__SEG_0001__CH_002,97
04ac92b43dde6ffc1a586639__04ac92b43dde6ffc1a586639__SEG_0001__CH_002,94
04ac92b43dde6ffc1a586639__04ac92b43dde6ffc1a586639__SEG_0001__CH_003,88
04ac92b43dde6ffc1a586639__04ac92b43dde6ffc1a586639__SEG_0001__CH_004,51
04ac92b43dde6ffc1a586639__04ac92b43dde6ffc1a586639__SEG_0001__CH_005,72
058209b85611b82a4d3a86ea__058209b85611b82a4d3a86ea__SEG_0001__CH_002,118
05829a0f4e9f0f1d8ccca035__05829a0f4e9f0f1d8ccca035__SEG_0001__CH_001,65
05829a0f4e9f0f1d8ccca035__05829a0f4e9f0f1d8ccca035__SEG_0001__CH_002,53
05829a0f4e9f0f1d8ccca035__05829a0f4e9f0f1d8ccca035__SEG_0001__CH_003__M,84
05da07eff38d56f646c65fbf__05da07eff38d56f646c65fbf__SEG_0001__CH_001,66
05da07eff38d56f646c65fbf__05da07eff38d56f646c65fbf__SEG_0001__CH_002,65
06122e9cf402cb4dcc961707__06122e9cf402cb4dcc961707__SEG_0001__CH_001,93
06122e9cf402cb4dcc961707__06122e9cf402cb4dcc961707__SEG_0001__CH_002,100
06122e9cf402cb4dcc961707__06122e9cf402cb4dcc961707__SEG_0001__CH_003,55
06122e9cf402cb4dcc961707__06122e9cf402cb4dcc961707__SEG_0001__CH_004,85
06122e9cf402cb4dcc961707__06122e9cf402cb4dcc961707__SEG_0001__CH_005,93
06122e9cf402cb4dcc961707__06122e9cf402cb4dcc961707__SEG_0001__CH_006,90
06122e9cf402cb4dcc961707__06122e9cf402cb4dcc961707__SEG_0002__CH_001__S1,128
06122e9cf402cb4dcc961707__06122e9cf402cb4dcc961707__SEG_0002__CH_001__S2,117
062f5bff4f370385100a1e07__062f5bff4f370385100a1e07__SEG_0001__CH_001,94
062f5bff4f370385100a1e07__062f5bff4f370385100a1e07__SEG_0001__CH_002,114
062f5bff4f370385100a1e07__062f5bff4f370385100a1e07__SEG_0001__CH_003,83
063f610c0baf0017d859ecfc__063f610c0baf0017d859ecfc__SEG_0001__CH_001,81
063f610c0baf0017d859ecfc__063f610c0baf0017d859ecfc__SEG_0001__CH_002,67
0644a75f15e70c1214628a77__0644a75f15e70c1214628a77__SEG_0001__CH_002,99
0644a75f15e70c1214628a77__0644a75f15e70c1214628a77__SEG_0001__CH_003,58
06cd7f1fa2401eee1bc3057f__06cd7f1fa2401eee1bc3057f__SEG_0001__CH_001,70
06e848e64793cb222f63b7e5__06e848e64793cb222f63b7e5__SEG_0001__CH_001,51
06e848e64793cb222f63b7e5__06e848e64793cb222f63b7e5__SEG_0001__CH_002,95
06e848e64793cb222f63b7e5__06e848e64793cb222f63b7e5__SEG_0001__CH_003,58
071f87cb2958be165a94bb8b__071f87cb2958be165a94bb8b__SEG_0001__CH_001,87
071f87cb2958be165a94bb8b__071f87cb2958be165a94bb8b__SEG_0001__CH_003,160
071f87cb2958be165a94bb8b__071f87cb2958be165a94bb8b__SEG_0001__CH_004,109
071f87cb2958be165a94bb8b__071f87cb2958be165a94bb8b__SEG_0002__CH_001,159
071f87cb2958be165a94bb8b__071f87cb2958be165a94bb8b__SEG_0002__CH_002,90
071f87cb2958be165a94bb8b__071f87cb2958be165a94bb8b__SEG_0002__CH_003,97
071f87cb2958be165a94bb8b__071f87cb2958be165a94bb8b__SEG_0002__CH_004,145
071f87cb2958be165a94bb8b__071f87cb2958be165a94bb8b__SEG_0003__CH_001,74
071f87cb2958be165a94bb8b__071f87cb2958be165a94bb8b__SEG_0003__CH_002,80
071f87cb2958be165a94bb8b__071f87cb2958be165a94bb8b__SEG_0003__CH_003,88
071f87cb2958be165a94bb8b__071f87cb2958be165a94bb8b__SEG_0003__CH_004,121
071f87cb2958be165a94bb8b__071f87cb2958be165a94bb8b__SEG_0003__CH_005,187
071f87cb2958be165a94bb8b__071f87cb2958be165a94bb8b__SEG_0003__CH_006,111
071f87cb2958be165a94bb8b__071f87cb2958be165a94bb8b__SEG_0003__CH_007,83
071f87cb2958be165a94bb8b__071f87cb2958be165a94bb8b__SEG_0003__CH_008,100
071f87cb2958be165a94bb8b__071f87cb2958be165a94bb8b__SEG_0004__CH_001,89
071f87cb2958be165a94bb8b__071f87cb2958be165a94bb8b__SEG_0004__CH_002,106
071f87cb2958be165a94bb8b__071f87cb2958be165a94bb8b__SEG_0004__CH_003,95
071f87cb2958be165a94bb8b__071f87cb2958be165a94bb8b__SEG_0004__CH_004,138
071f87cb2958be165a94bb8b__071f87cb2958be165a94bb8b__SEG_0005__CH_001,93
073f241525a2d23d637ef2b6__PDFV2__CH_0001,65
073f241525a2d23d637ef2b6__PDFV2__CH_0002,82
077f46537db4ddd43596857e__PDFV2__CH_0003,69
077f46537db4ddd43596857e__PDFV2__CH_0004,71
077f46537db4ddd43596857e__PDFV2__CH_0005,89
077f46537db4ddd43596857e__PDFV2__CH_0006,79
077f46537db4ddd43596857e__PDFV2__CH_0007,83
077f46537db4ddd43596857e__PDFV2__CH_0008,99
077f46537db4ddd43596857e__PDFV2__CH_0009,85
077f46537db4ddd43596857e__PDFV2__CH_0010,91
077f46537db4ddd43596857e__PDFV2__CH_0011,73
077f46537db4ddd43596857e__PDFV2__CH_0012,70
077f46537db4ddd43596857e__PDFV2__CH_0013,68
077f46537db4ddd43596857e__PDFV2__CH_0014,98
077f46537db4ddd43596857e__PDFV2__CH_0015,96
077f46537db4ddd43596857e__PDFV2__CH_0016,118
077f46537db4ddd43596857e__PDFV2__CH_0017,90
077f46537db4ddd43596857e__PDFV2__CH_0018,95
077f46537db4ddd43596857e__PDFV2__CH_0019,72
077f46537db4ddd43596857e__PDFV2__CH_0020,72
077f46537db4ddd43596857e__PDFV2__CH_0021,88
077f46537db4ddd43596857e__PDFV2__CH_0022,82
077f46537db4ddd43596857e__PDFV2__CH_0023,80
077f46537db4ddd43596857e__PDFV2__CH_0024,76
077f46537db4ddd43596857e__PDFV2__CH_0025,42
077f46537db4ddd43596857e__PDFV2__CH_0026,136
077f46537db4ddd43596857e__PDFV2__CH_0027,80
077f46537db4ddd43596857e__PDFV2__CH_0028,61
077f46537db4ddd43596857e__PDFV2__CH_0029,93
077f46537db4ddd43596857e__PDFV2__CH_0030__M,108
077f46537db4ddd43596857e__PDFV2__CH_0032,86
07bee3722228d9e565c727af__PDFV2__CH_0001,97
07bee3722228d9e565c727af__PDFV2__CH_0002,89
07bee3722228d9e565c727af__PDFV2__CH_0003,79
07bee3722228d9e565c727af__PDFV2__CH_0004,119
07bee3722228d9e565c727af__PDFV2__CH_0005,102
07bee3722228d9e565c727af__PDFV2__CH_0006,102
07bee3722228d9e565c727af__PDFV2__CH_0007,96
07bee3722228d9e565c727af__PDFV2__CH_0008,106
07bee3722228d9e565c727af__PDFV2__CH_0009,90
080038aaabbed7695b38c8f3__080038aaabbed7695b38c8f3__SEG_0001__CH_001,92
080038aaabbed7695b38c8f3__080038aaabbed7695b38c8f3__SEG_0001__CH_002,38
083a00e1c81697dfd59569c6__083a00e1c81697dfd59569c6__SEG_0001__CH_001,65
083a00e1c81697dfd59569c6__083a00e1c81697dfd59569c6__SEG_0001__CH_002,77
08434ad6ac7d16073bb83106__PDFV2__CH_0001,81
0852b327d4206b88451b52d3__0852b327d4206b88451b52d3__SEG_0001__CH_001,64
0852b327d4206b88451b52d3__0852b327d4206b88451b52d3__SEG_0001__CH_002,48
08681476190b3238c61db20b__08681476190b3238c61db20b__SEG_0001__CH_001,80
08681476190b3238c61db20b__08681476190b3238c61db20b__SEG_0001__CH_002,82
08a992a58c2d234d20e923a4__08a992a58c2d234d20e923a4__SEG_0001__CH_001,56
08a992a58c2d234d20e923a4__08a992a58c2d234d20e923a4__SEG_0001__CH_002,145
08a992a58c2d234d20e923a4__08a992a58c2d234d20e923a4__SEG_0001__CH_003,164
08a992a58c2d234d20e923a4__08a992a58c2d234d20e923a4__SEG_0001__CH_004,142
08ab2638192dd2de3b82f7df__08ab2638192dd2de3b82f7df__SEG_0001__CH_001,83
08ab2638192dd2de3b82f7df__08ab2638192dd2de3b82f7df__SEG_0001__CH_002,94
08ab2638192dd2de3b82f7df__08ab2638192dd2de3b82f7df__SEG_0001__CH_003,100
08ab2638192dd2de3b82f7df__08ab2638192dd2de3b82f7df__SEG_0001__CH_004,92
08ab2638192dd2de3b82f7df__08ab2638192dd2de3b82f7df__SEG_0001__CH_005,91
08ab2638192dd2de3b82f7df__08ab2638192dd2de3b82f7df__SEG_0001__CH_006,99
08abe8b6bf5cd979b62a45bd__PDFV2__CH_0001,89
08abe8b6bf5cd979b62a45bd__PDFV2__CH_0002,104
08abe8b6bf5cd979b62a45bd__PDFV2__CH_0003,90
08abe8b6bf5cd979b62a45bd__PDFV2__CH_0004,70
08b89e530c329442ffabc36d__PDFV2__CH_0001,96
08b89e530c329442ffabc36d__PDFV2__CH_0002,107
08b89e530c329442ffabc36d__PDFV2__CH_0006,77
08b89e530c329442ffabc36d__PDFV2__CH_0010__M,122
091a6c01560f4b5ceb747419__091a6c01560f4b5ceb747419__SEG_0001__CH_001,113
091faf8fce48e2dd8621a2c7__PDFV2__CH_0001,68
091faf8fce48e2dd8621a2c7__PDFV2__CH_0002,93
091faf8fce48e2dd8621a2c7__PDFV2__CH_0003,66
091faf8fce48e2dd8621a2c7__PDFV2__CH_0004,81
091faf8fce48e2dd8621a2c7__PDFV2__CH_0005,107
091faf8fce48e2dd8621a2c7__PDFV2__CH_0006,94
091faf8fce48e2dd8621a2c7__PDFV2__CH_0007,64
091faf8fce48e2dd8621a2c7__PDFV2__CH_0008,85
091faf8fce48e2dd8621a2c7__PDFV2__CH_0009,58
091faf8fce48e2dd8621a2c7__PDFV2__CH_0010,67
092c7476170e5dd5e8ffa0b7__092c7476170e5dd5e8ffa0b7__SEG_0001__CH_001,43
092c7476170e5dd5e8ffa0b7__092c7476170e5dd5e8ffa0b7__SEG_0001__CH_002,36
092c7476170e5dd5e8ffa0b7__092c7476170e5dd5e8ffa0b7__SEG_0001__CH_003,96
092c7476170e5dd5e8ffa0b7__092c7476170e5dd5e8ffa0b7__SEG_0001__CH_004,115
092c7476170e5dd5e8ffa0b7__092c7476170e5dd5e8ffa0b7__SEG_0001__CH_005,101
092c7476170e5dd5e8ffa0b7__092c7476170e5dd5e8ffa0b7__SEG_0001__CH_006,89
097a512f99ffc4187a0ab752__097a512f99ffc4187a0ab752__SEG_0001__CH_001,99
097a512f99ffc4187a0ab752__097a512f99ffc4187a0ab752__SEG_0001__CH_002,50
09a1c32d70bf64112b85d3a9__09a1c32d70bf64112b85d3a9__SEG_0001__CH_002,58
09ae20380f0468accea2b82e__09ae20380f0468accea2b82e__SEG_0001__CH_001,79
09cc1395c6a211a3db34e174__09cc1395c6a211a3db34e174__SEG_0001__CH_001,113
09cc1395c6a211a3db34e174__09cc1395c6a211a3db34e174__SEG_0001__CH_002,123
09df18c5dfac1e7e88a07363__09df18c5dfac1e7e88a07363__SEG_0001__CH_001,82
09df18c5dfac1e7e88a07363__09df18c5dfac1e7e88a07363__SEG_0001__CH_002,81
09df18c5dfac1e7e88a07363__09df18c5dfac1e7e88a07363__SEG_0001__CH_003,68
09df18c5dfac1e7e88a07363__09df18c5dfac1e7e88a07363__SEG_0001__CH_004,107
09fb40bc4a3523780c4ea4dd__PDFV2__CH_0001,77
09fb40bc4a3523780c4ea4dd__PDFV2__CH_0002,54
09fb40bc4a3523780c4ea4dd__PDFV2__CH_0003,98
09fb40bc4a3523780c4ea4dd__PDFV2__CH_0004,61
09fb40bc4a3523780c4ea4dd__PDFV2__CH_0005,102
09fb40bc4a3523780c4ea4dd__PDFV2__CH_0006,103
09fb40bc4a3523780c4ea4dd__PDFV2__CH_0007,152
09fb40bc4a3523780c4ea4dd__PDFV2__CH_0008,111
09fb40bc4a3523780c4ea4dd__PDFV2__CH_0009,123
09fb40bc4a3523780c4ea4dd__PDFV2__CH_0010,88
0a0fabb6ad43aa9853933592__0a0fabb6ad43aa9853933592__SEG_0001__CH_002,55
0a0fabb6ad43aa9853933592__0a0fabb6ad43aa9853933592__SEG_0001__CH_003,64
0a1ef6d0a684400a6e513606__0a1ef6d0a684400a6e513606__SEG_0001__CH_001,79
0a1ef6d0a684400a6e513606__0a1ef6d0a684400a6e513606__SEG_0001__CH_002,96
0a1ef6d0a684400a6e513606__0a1ef6d0a684400a6e513606__SEG_0001__CH_003,129
0a1ef6d0a684400a6e513606__0a1ef6d0a684400a6e513606__SEG_0001__CH_004,91
0a1ef6d0a684400a6e513606__0a1ef6d0a684400a6e513606__SEG_0001__CH_005,151
0a1ef6d0a684400a6e513606__0a1ef6d0a684400a6e513606__SEG_0001__CH_006,92
0a77f5545238bb80d9a9df16__0a77f5545238bb80d9a9df16__SEG_0001__CH_001,107
0a77f5545238bb80d9a9df16__0a77f5545238bb80d9a9df16__SEG_0001__CH_002,93
0a77f5545238bb80d9a9df16__0a77f5545238bb80d9a9df16__SEG_0001__CH_003,126
0a77f5545238bb80d9a9df16__0a77f5545238bb80d9a9df16__SEG_0001__CH_004,123
0a77f5545238bb80d9a9df16__0a77f5545238bb80d9a9df16__SEG_0001__CH_005,318
0a77f5545238bb80d9a9df16__0a77f5545238bb80d9a9df16__SEG_0002__CH_001,188
0a77f5545238bb80d9a9df16__0a77f5545238bb80d9a9df16__SEG_0002__CH_002,119
0a77f5545238bb80d9a9df16__0a77f5545238bb80d9a9df16__SEG_0002__CH_003,115
0a9913cc394040c5e2fff2b9__0a9913cc394040c5e2fff2b9__SEG_0001__CH_001,108
0a9913cc394040c5e2fff2b9__0a9913cc394040c5e2fff2b9__SEG_0001__CH_002,105
0aa7c0ddfba7c00dc2a19f06__0aa7c0ddfba7c00dc2a19f06__SEG_0001__CH_001,104
0aa7c0ddfba7c00dc2a19f06__0aa7c0ddfba7c00dc2a19f06__SEG_0001__CH_002,93
0aa7c0ddfba7c00dc2a19f06__0aa7c0ddfba7c00dc2a19f06__SEG_0001__CH_003,45
0b08e3e318b967832fe69103__PDFV2__CH_0001,79
0b08e3e318b967832fe69103__PDFV2__CH_0002,108
0b08e3e318b967832fe69103__PDFV2__CH_0003,96
0b08e3e318b967832fe69103__PDFV2__CH_0004,84
0b08e3e318b967832fe69103__PDFV2__CH_0005,82
0b08e3e318b967832fe69103__PDFV2__CH_0006,92
0b08e3e318b967832fe69103__PDFV2__CH_0007,88
0b08e3e318b967832fe69103__PDFV2__CH_0008,94
0b08e3e318b967832fe69103__PDFV2__CH_0009,102
0b08e3e318b967832fe69103__PDFV2__CH_0010,132
0b1a7f04f25bf74cdc8cdae2__0b1a7f04f25bf74cdc8cdae2__SEG_0001__CH_001,77
0b4f83693099ebc73ef2bbf6__PDFV2__CH_0001,74
0b4f83693099ebc73ef2bbf6__PDFV2__CH_0002,90
0b4f83693099ebc73ef2bbf6__PDFV2__CH_0003,85
0b4f83693099ebc73ef2bbf6__PDFV2__CH_0004,74
0b6df71ce0ec03b8faaddc51__0b6df71ce0ec03b8faaddc51__SEG_0001__CH_001,76
0b6df71ce0ec03b8faaddc51__0b6df71ce0ec03b8faaddc51__SEG_0001__CH_002,49
0b7f1fdfd6940a04b11da78a__0b7f1fdfd6940a04b11da78a__SEG_0001__CH_003,95
0b7f1fdfd6940a04b11da78a__0b7f1fdfd6940a04b11da78a__SEG_0001__CH_004,173
0b7f1fdfd6940a04b11da78a__0b7f1fdfd6940a04b11da78a__SEG_0002__CH_003,103
0b7f1fdfd6940a04b11da78a__0b7f1fdfd6940a04b11da78a__SEG_0002__CH_004,127
0b7f1fdfd6940a04b11da78a__0b7f1fdfd6940a04b11da78a__SEG_0003__CH_001,83
0b7f1fdfd6940a04b11da78a__0b7f1fdfd6940a04b11da78a__SEG_0003__CH_002,99
0b7f1fdfd6940a04b11da78a__0b7f1fdfd6940a04b11da78a__SEG_0003__CH_003,93
0b7f1fdfd6940a04b11da78a__0b7f1fdfd6940a04b11da78a__SEG_0004__CH_001,90
0b7f1fdfd6940a04b11da78a__0b7f1fdfd6940a04b11da78a__SEG_0004__CH_002,142
0b7f1fdfd6940a04b11da78a__0b7f1fdfd6940a04b11da78a__SEG_0005__CH_001,81
0b7f1fdfd6940a04b11da78a__0b7f1fdfd6940a04b11da78a__SEG_0005__CH_002,82
0b7f1fdfd6940a04b11da78a__0b7f1fdfd6940a04b11da78a__SEG_0005__CH_003,131
0b7f1fdfd6940a04b11da78a__0b7f1fdfd6940a04b11da78a__SEG_0005__CH_004,73
0b7f1fdfd6940a04b11da78a__0b7f1fdfd6940a04b11da78a__SEG_0006__CH_001,86
0b7f1fdfd6940a04b11da78a__0b7f1fdfd6940a04b11da78a__SEG_0006__CH_002,91
0b7f1fdfd6940a04b11da78a__0b7f1fdfd6940a04b11da78a__SEG_0006__CH_003,90
0b7f1fdfd6940a04b11da78a__0b7f1fdfd6940a04b11da78a__SEG_0006__CH_004,138
0b7f1fdfd6940a04b11da78a__0b7f1fdfd6940a04b11da78a__SEG_0007__CH_002,112
0b7f1fdfd6940a04b11da78a__0b7f1fdfd6940a04b11da78a__SEG_0007__CH_004,126
0b7f1fdfd6940a04b11da78a__0b7f1fdfd6940a04b11da78a__SEG_0007__CH_005,126
0b7f1fdfd6940a04b11da78a__0b7f1fdfd6940a04b11da78a__SEG_0007__CH_006,176
0b7f1fdfd6940a04b11da78a__0b7f1fdfd6940a04b11da78a__SEG_0007__CH_007,146
0b7f1fdfd6940a04b11da78a__0b7f1fdfd6940a04b11da78a__SEG_0008__CH_001,94
0b7f1fdfd6940a04b11da78a__0b7f1fdfd6940a04b11da78a__SEG_0008__CH_002,142
0b7f1fdfd6940a04b11da78a__0b7f1fdfd6940a04b11da78a__SEG_0008__CH_003,74
0b7f1fdfd6940a04b11da78a__0b7f1fdfd6940a04b11da78a__SEG_0009__CH_001,123
0b7f1fdfd6940a04b11da78a__0b7f1fdfd6940a04b11da78a__SEG_0009__CH_002,106
0b7f1fdfd6940a04b11da78a__0b7f1fdfd6940a04b11da78a__SEG_0009__CH_004,108
0b7f1fdfd6940a04b11da78a__0b7f1fdfd6940a04b11da78a__SEG_0010__CH_001,78
0b7f1fdfd6940a04b11da78a__0b7f1fdfd6940a04b11da78a__SEG_0010__CH_002,89
0b7f1fdfd6940a04b11da78a__0b7f1fdfd6940a04b11da78a__SEG_0010__CH_003,79
0b7f1fdfd6940a04b11da78a__0b7f1fdfd6940a04b11da78a__SEG_0010__CH_004,87
0b86435654eb48c5e534c82b__0b86435654eb48c5e534c82b__SEG_0001__CH_002,65
0b967853c6334ad3312d0a6a__0b967853c6334ad3312d0a6a__SEG_0001__CH_001,42
0bb182b1b5a42c36a0999bcd__0bb182b1b5a42c36a0999bcd__SEG_0001__CH_001,88
0bb182b1b5a42c36a0999bcd__0bb182b1b5a42c36a0999bcd__SEG_0001__CH_002,123
0bb182b1b5a42c36a0999bcd__0bb182b1b5a42c36a0999bcd__SEG_0001__CH_003,83
0bb182b1b5a42c36a0999bcd__0bb182b1b5a42c36a0999bcd__SEG_0002__CH_001,77
0bb182b1b5a42c36a0999bcd__0bb182b1b5a42c36a0999bcd__SEG_0002__CH_002,98
0bbd7476215f90dffd7e8a5e__0bbd7476215f90dffd7e8a5e__SEG_0001__CH_001__M,82
0bbd7476215f90dffd7e8a5e__0bbd7476215f90dffd7e8a5e__SEG_0001__CH_004,78
0bd2be1599e39b541d995e83__PDFV2__CH_0001,74
0c3452bafd4c7adbef69866c__0c3452bafd4c7adbef69866c__SEG_0001__CH_002,74
0c3452bafd4c7adbef69866c__0c3452bafd4c7adbef69866c__SEG_0001__CH_003,61
0c3452bafd4c7adbef69866c__0c3452bafd4c7adbef69866c__SEG_0001__CH_004,118
0c3452bafd4c7adbef69866c__0c3452bafd4c7adbef69866c__SEG_0001__CH_005__M,89
0c3452bafd4c7adbef69866c__0c3452bafd4c7adbef69866c__SEG_0001__CH_007,72
0c3452bafd4c7adbef69866c__0c3452bafd4c7adbef69866c__SEG_0001__CH_008,83
0c3452bafd4c7adbef69866c__0c3452bafd4c7adbef69866c__SEG_0001__CH_009,96
0c3452bafd4c7adbef69866c__0c3452bafd4c7adbef69866c__SEG_0002__CH_001,95
0c3452bafd4c7adbef69866c__0c3452bafd4c7adbef69866c__SEG_0002__CH_002,102
0c41580c76dcfc4d5f93cc8b__0c41580c76dcfc4d5f93cc8b__SEG_0001__CH_001,56
0c42ac05c0eef7cdeefc3119__PDFV2__CH_0003,138
0c42ac05c0eef7cdeefc3119__PDFV2__CH_0004,85
0c4387fa6155b7f3d1befc26__0c4387fa6155b7f3d1befc26__SEG_0001__CH_001,88
0ca2bfea6ba357d9000d5870__PDFV2__CH_0001,62
0ca2bfea6ba357d9000d5870__PDFV2__CH_0002,69
0ca2bfea6ba357d9000d5870__PDFV2__CH_0003,121
0ca2bfea6ba357d9000d5870__PDFV2__CH_0004,77
0ca2bfea6ba357d9000d5870__PDFV2__CH_0005,63
0ca2bfea6ba357d9000d5870__PDFV2__CH_0006,90
0ca2bfea6ba357d9000d5870__PDFV2__CH_0007,98
0ca2bfea6ba357d9000d5870__PDFV2__CH_0008,80
0ca2bfea6ba357d9000d5870__PDFV2__CH_0009,112
0ca2bfea6ba357d9000d5870__PDFV2__CH_0010,63
0ca2bfea6ba357d9000d5870__PDFV2__CH_0011,116
0ca2bfea6ba357d9000d5870__PDFV2__CH_0012,91
0ca2bfea6ba357d9000d5870__PDFV2__CH_0013,68
0ca2bfea6ba357d9000d5870__PDFV2__CH_0014,57
0ca2bfea6ba357d9000d5870__PDFV2__CH_0015,55
0ca2bfea6ba357d9000d5870__PDFV2__CH_0016,65
0ca2bfea6ba357d9000d5870__PDFV2__CH_0017,74
0ca2bfea6ba357d9000d5870__PDFV2__CH_0018,82
0ca2bfea6ba357d9000d5870__PDFV2__CH_0019,113
0ca2bfea6ba357d9000d5870__PDFV2__CH_0020,102
0ca2bfea6ba357d9000d5870__PDFV2__CH_0021,75
0ca2bfea6ba357d9000d5870__PDFV2__CH_0022,95
0cf7ef14c38bfdb0405f4a4c__PDFV2__CH_0002,72
0cf7ef14c38bfdb0405f4a4c__PDFV2__CH_0003,87
0cf7ef14c38bfdb0405f4a4c__PDFV2__CH_0005,116
0d04032a02dde1b44429e7e4__0d04032a02dde1b44429e7e4__SEG_0001__CH_001,56
0d5bf1902c9fcdf7194ee25b__0d5bf1902c9fcdf7194ee25b__SEG_0001__CH_002,64
0d5bf1902c9fcdf7194ee25b__0d5bf1902c9fcdf7194ee25b__SEG_0001__CH_003,40
0d9926998d544c855a0799bd__0d9926998d544c855a0799bd__SEG_0001__CH_001,84
0dc9a7f2f8e3d4da44e74893__0dc9a7f2f8e3d4da44e74893__SEG_0001__CH_001,97
0dc9a7f2f8e3d4da44e74893__0dc9a7f2f8e3d4da44e74893__SEG_0001__CH_002,53
0dfedbaf21ec379d7bde2858__0dfedbaf21ec379d7bde2858__SEG_0001__CH_001,90
0dfedbaf21ec379d7bde2858__0dfedbaf21ec379d7bde2858__SEG_0001__CH_002,80
0dfedbaf21ec379d7bde2858__0dfedbaf21ec379d7bde2858__SEG_0001__CH_003,75
0dfedbaf21ec379d7bde2858__0dfedbaf21ec379d7bde2858__SEG_0001__CH_004,89
0dfedbaf21ec379d7bde2858__0dfedbaf21ec379d7bde2858__SEG_0001__CH_005,110
0dfedbaf21ec379d7bde2858__0dfedbaf21ec379d7bde2858__SEG_0001__CH_006,91
0dfedbaf21ec379d7bde2858__0dfedbaf21ec379d7bde2858__SEG_0001__CH_007,91
0dfedbaf21ec379d7bde2858__0dfedbaf21ec379d7bde2858__SEG_0001__CH_008,126
0dfedbaf21ec379d7bde2858__0dfedbaf21ec379d7bde2858__SEG_0001__CH_009,95
0dfedbaf21ec379d7bde2858__0dfedbaf21ec379d7bde2858__SEG_0002__CH_001,84
0e0d97d979cd20495b2fc758__0e0d97d979cd20495b2fc758__SEG_0001__CH_001,54
0e908a7c323604d118207005__0e908a7c323604d118207005__SEG_0001__CH_001,77
0ebd60291e46561ba7d85de5__PDFV2__CH_0002__M,81
0ebd60291e46561ba7d85de5__PDFV2__CH_0004,89
0ebd60291e46561ba7d85de5__PDFV2__CH_0005,43
0f0eb853f854df3b03f49a8c__0f0eb853f854df3b03f49a8c__SEG_0001__CH_002,55
0f0eb853f854df3b03f49a8c__0f0eb853f854df3b03f49a8c__SEG_0001__CH_003,105
0f0eb853f854df3b03f49a8c__0f0eb853f854df3b03f49a8c__SEG_0001__CH_004,82
0f0eb853f854df3b03f49a8c__0f0eb853f854df3b03f49a8c__SEG_0001__CH_005,65
0f0eb853f854df3b03f49a8c__0f0eb853f854df3b03f49a8c__SEG_0001__CH_006,123
0f0eb853f854df3b03f49a8c__0f0eb853f854df3b03f49a8c__SEG_0001__CH_007,77
0f0eb853f854df3b03f49a8c__0f0eb853f854df3b03f49a8c__SEG_0001__CH_008,122
0f0eb853f854df3b03f49a8c__0f0eb853f854df3b03f49a8c__SEG_0001__CH_009,104
0f0eb853f854df3b03f49a8c__0f0eb853f854df3b03f49a8c__SEG_0002__CH_001,113
0f0eb853f854df3b03f49a8c__0f0eb853f854df3b03f49a8c__SEG_0002__CH_002,129
0f90f538e0457f5259eb88b4__0f90f538e0457f5259eb88b4__SEG_0001__CH_001,63
0fc74a11664334d196832392__PDFV2__CH_0011,77
0fc74a11664334d196832392__PDFV2__CH_0014,79
0fc74a11664334d196832392__PDFV2__CH_0015,108
0fc74a11664334d196832392__PDFV2__CH_0016,94
0fc74a11664334d196832392__PDFV2__CH_0017,103
0fc74a11664334d196832392__PDFV2__CH_0018,102
0fc74a11664334d196832392__PDFV2__CH_0019,131
0fc74a11664334d196832392__PDFV2__CH_0020,64
0fc74a11664334d196832392__PDFV2__CH_0021,71
0fc74a11664334d196832392__PDFV2__CH_0022,93
0fc74a11664334d196832392__PDFV2__CH_0023,90
0fc74a11664334d196832392__PDFV2__CH_0024,58
0fc74a11664334d196832392__PDFV2__CH_0025,88
0fc74a11664334d196832392__PDFV2__CH_0026,77
0fc74a11664334d196832392__PDFV2__CH_0027,55
0fc74a11664334d196832392__PDFV2__CH_0028__M,71
0fc74a11664334d196832392__PDFV2__CH_0030,105
0fc74a11664334d196832392__PDFV2__CH_0031,73
0fc74a11664334d196832392__PDFV2__CH_0032,66
0fc74a11664334d196832392__PDFV2__CH_0033,112
0fc74a11664334d196832392__PDFV2__CH_0034,87
0fc74a11664334d196832392__PDFV2__CH_0035,118
0fc74a11664334d196832392__PDFV2__CH_0036,103
0fc74a11664334d196832392__PDFV2__CH_0037,107
0fc74a11664334d196832392__PDFV2__CH_0038,91
0fc74a11664334d196832392__PDFV2__CH_0039,90
0fc74a11664334d196832392__PDFV2__CH_0040,90
0fc74a11664334d196832392__PDFV2__CH_0041,97
0fc74a11664334d196832392__PDFV2__CH_0042,73
0fc74a11664334d196832392__PDFV2__CH_0043,74
0fc74a11664334d196832392__PDFV2__CH_0044,61
0fc74a11664334d196832392__PDFV2__CH_0045,78
0fc74a11664334d196832392__PDFV2__CH_0046,83
0fc74a11664334d196832392__PDFV2__CH_0047,140
0fc74a11664334d196832392__PDFV2__CH_0048,69
0fc74a11664334d196832392__PDFV2__CH_0049,52
0fc74a11664334d196832392__PDFV2__CH_0050,82
0fc74a11664334d196832392__PDFV2__CH_0051,113
0fc74a11664334d196832392__PDFV2__CH_0052,93
0fc74a11664334d196832392__PDFV2__CH_0053,135
0fc74a11664334d196832392__PDFV2__CH_0054,76
0fc74a11664334d196832392__PDFV2__CH_0055,76
0fc74a11664334d196832392__PDFV2__CH_0056,111
0fc74a11664334d196832392__PDFV2__CH_0057,129
0fc74a11664334d196832392__PDFV2__CH_0058,121
0fc74a11664334d196832392__PDFV2__CH_0059,87
0fc74a11664334d196832392__PDFV2__CH_0060,75
0fc74a11664334d196832392__PDFV2__CH_0061,106
0fc74a11664334d196832392__PDFV2__CH_0062,78
0fc74a11664334d196832392__PDFV2__CH_0063,86
0fc74a11664334d196832392__PDFV2__CH_0064,78
0fc74a11664334d196832392__PDFV2__CH_0065,78
0fc74a11664334d196832392__PDFV2__CH_0066,91
0fc74a11664334d196832392__PDFV2__CH_0067,78
0fc74a11664334d196832392__PDFV2__CH_0068,120
0fc74a11664334d196832392__PDFV2__CH_0069,66
0fc74a11664334d196832392__PDFV2__CH_0070,75
0fc74a11664334d196832392__PDFV2__CH_0071,31
0fc74a11664334d196832392__PDFV2__CH_0072,74
0fc74a11664334d196832392__PDFV2__CH_0073,72
0fc74a11664334d196832392__PDFV2__CH_0074,88
0fc74a11664334d196832392__PDFV2__CH_0075,74
0fc74a11664334d196832392__PDFV2__CH_0076__M,99
0fc74a11664334d196832392__PDFV2__CH_0078,59
0fc74a11664334d196832392__PDFV2__CH_0079,118
0fc74a11664334d196832392__PDFV2__CH_0080,101
0fc74a11664334d196832392__PDFV2__CH_0081,124
0fc74a11664334d196832392__PDFV2__CH_0082,112
0fc74a11664334d196832392__PDFV2__CH_0083,79
0fc74a11664334d196832392__PDFV2__CH_0084,72
0fc74a11664334d196832392__PDFV2__CH_0085,82
0fc74a11664334d196832392__PDFV2__CH_0086,44
0fc74a11664334d196832392__PDFV2__CH_0087,120
0fc74a11664334d196832392__PDFV2__CH_0088,74
0fc74a11664334d196832392__PDFV2__CH_0089,51
0fc74a11664334d196832392__PDFV2__CH_0090,94
0fc74a11664334d196832392__PDFV2__CH_0091,60
0fc74a11664334d196832392__PDFV2__CH_0092,68
0fc74a11664334d196832392__PDFV2__CH_0093,86
0fc74a11664334d196832392__PDFV2__CH_0094,141
0fc74a11664334d196832392__PDFV2__CH_0095,95
0fc74a11664334d196832392__PDFV2__CH_0096,109
0fc74a11664334d196832392__PDFV2__CH_0097,71
0fc74a11664334d196832392__PDFV2__CH_0098,104
0fc74a11664334d196832392__PDFV2__CH_0099,76
0fc74a11664334d196832392__PDFV2__CH_0100,136
0fc74a11664334d196832392__PDFV2__CH_0101,79
0fc74a11664334d196832392__PDFV2__CH_0102,75
0fc74a11664334d196832392__PDFV2__CH_0103,111
0fc74a11664334d196832392__PDFV2__CH_0104,134
0fc74a11664334d196832392__PDFV2__CH_0105,78
0fc74a11664334d196832392__PDFV2__CH_0106,100
0fc74a11664334d196832392__PDFV2__CH_0107,70
0fc74a11664334d196832392__PDFV2__CH_0108,69
0fc74a11664334d196832392__PDFV2__CH_0109,69
0fc74a11664334d196832392__PDFV2__CH_0110,52
0fc74a11664334d196832392__PDFV2__CH_0111,45
0fc74a11664334d196832392__PDFV2__CH_0112,84
0fc74a11664334d196832392__PDFV2__CH_0113,92
0fc74a11664334d196832392__PDFV2__CH_0114,102
0fc74a11664334d196832392__PDFV2__CH_0115,94
0fc74a11664334d196832392__PDFV2__CH_0116,89
0fc74a11664334d196832392__PDFV2__CH_0117,69
0fc74a11664334d196832392__PDFV2__CH_0118,97
0fc74a11664334d196832392__PDFV2__CH_0119,98
0fc74a11664334d196832392__PDFV2__CH_0120,94
0fc74a11664334d196832392__PDFV2__CH_0121,83
0fc74a11664334d196832392__PDFV2__CH_0122,68
0fc74a11664334d196832392__PDFV2__CH_0123,85
0fc74a11664334d196832392__PDFV2__CH_0124,54
0fc74a11664334d196832392__PDFV2__CH_0125,60
0fc74a11664334d196832392__PDFV2__CH_0126,80
0fc74a11664334d196832392__PDFV2__CH_0127,81
0fc74a11664334d196832392__PDFV2__CH_0128,73
0fc74a11664334d196832392__PDFV2__CH_0129,73
0fc74a11664334d196832392__PDFV2__CH_0130,88
0fc74a11664334d196832392__PDFV2__CH_0131,65
0fc74a11664334d196832392__PDFV2__CH_0132,92
0fc74a11664334d196832392__PDFV2__CH_0133,73
0fc74a11664334d196832392__PDFV2__CH_0134,68
0fc74a11664334d196832392__PDFV2__CH_0135,32
0fc74a11664334d196832392__PDFV2__CH_0136,77
0fc74a11664334d196832392__PDFV2__CH_0137,95
0fc74a11664334d196832392__PDFV2__CH_0138__M,91
0fc74a11664334d196832392__PDFV2__CH_0140,116
0fc74a11664334d196832392__PDFV2__CH_0141,101
0fc74a11664334d196832392__PDFV2__CH_0142,80
0fc74a11664334d196832392__PDFV2__CH_0143,144
0fc74a11664334d196832392__PDFV2__CH_0144,98
0fc74a11664334d196832392__PDFV2__CH_0145,74
0fc74a11664334d196832392__PDFV2__CH_0146,133
0fc74a11664334d196832392__PDFV2__CH_0147,96
0fc74a11664334d196832392__PDFV2__CH_0148,116
0fc74a11664334d196832392__PDFV2__CH_0149,44
0fc74a11664334d196832392__PDFV2__CH_0150,72
0fc74a11664334d196832392__PDFV2__CH_0151__M,91
0fc74a11664334d196832392__PDFV2__CH_0153,76
0fc74a11664334d196832392__PDFV2__CH_0154,69
0fc74a11664334d196832392__PDFV2__CH_0155,61
0fc74a11664334d196832392__PDFV2__CH_0156,92
0fc74a11664334d196832392__PDFV2__CH_0157,87
0fc74a11664334d196832392__PDFV2__CH_0158,104
0fc74a11664334d196832392__PDFV2__CH_0159,66
0fc74a11664334d196832392__PDFV2__CH_0160,110
0fc74a11664334d196832392__PDFV2__CH_0161,152
0fc74a11664334d196832392__PDFV2__CH_0162,74
0fc74a11664334d196832392__PDFV2__CH_0163,68
0fc74a11664334d196832392__PDFV2__CH_0164__M,82
0fc74a11664334d196832392__PDFV2__CH_0166,116
0fc74a11664334d196832392__PDFV2__CH_0167,87
0fc74a11664334d196832392__PDFV2__CH_0168,62
0fc74a11664334d196832392__PDFV2__CH_0169,103
0fc74a11664334d196832392__PDFV2__CH_0170,56
0fc74a11664334d196832392__PDFV2__CH_0171,87
0fc74a11664334d196832392__PDFV2__CH_0172,110
0fc74a11664334d196832392__PDFV2__CH_0173,76
0fc74a11664334d196832392__PDFV2__CH_0174,45
0fc74a11664334d196832392__PDFV2__CH_0175,82
0fc74a11664334d196832392__PDFV2__CH_0176,77
0fc74a11664334d196832392__PDFV2__CH_0177,84
0fc74a11664334d196832392__PDFV2__CH_0178,100
0fc74a11664334d196832392__PDFV2__CH_0179,83
0fc74a11664334d196832392__PDFV2__CH_0180,102
0fc74a11664334d196832392__PDFV2__CH_0181,107
0fc74a11664334d196832392__PDFV2__CH_0182,85
0fc74a11664334d196832392__PDFV2__CH_0183,144
0fc74a11664334d196832392__PDFV2__CH_0184,111
0fc74a11664334d196832392__PDFV2__CH_0185,106
0fc74a11664334d196832392__PDFV2__CH_0186,120
0fc74a11664334d196832392__PDFV2__CH_0187,106
0fc74a11664334d196832392__PDFV2__CH_0188,90
0fc74a11664334d196832392__PDFV2__CH_0189,128
0fc74a11664334d196832392__PDFV2__CH_0190,67
0fc74a11664334d196832392__PDFV2__CH_0191,110
0fc74a11664334d196832392__PDFV2__CH_0192,99
0fc74a11664334d196832392__PDFV2__CH_0193,95
0fc74a11664334d196832392__PDFV2__CH_0194,74
0fc74a11664334d196832392__PDFV2__CH_0195,98
0fc74a11664334d196832392__PDFV2__CH_0196,116
0fc74a11664334d196832392__PDFV2__CH_0197,69
0fc74a11664334d196832392__PDFV2__CH_0198,113
0fc74a11664334d196832392__PDFV2__CH_0199,75
0fc74a11664334d196832392__PDFV2__CH_0200,72
0fc74a11664334d196832392__PDFV2__CH_0201,55
0fc74a11664334d196832392__PDFV2__CH_0202,69
0fc74a11664334d196832392__PDFV2__CH_0203,74
0fc74a11664334d196832392__PDFV2__CH_0204,89
0fc74a11664334d196832392__PDFV2__CH_0205,89
0fc74a11664334d196832392__PDFV2__CH_0206,85
0fc74a11664334d196832392__PDFV2__CH_0207,76
0fc74a11664334d196832392__PDFV2__CH_0208__M,124
0fc74a11664334d196832392__PDFV2__CH_0210,66
0fc74a11664334d196832392__PDFV2__CH_0211,52
0fc74a11664334d196832392__PDFV2__CH_0212,74
0fc74a11664334d196832392__PDFV2__CH_0213,122
0fc74a11664334d196832392__PDFV2__CH_0214,85
0fc74a11664334d196832392__PDFV2__CH_0215,59
0fc74a11664334d196832392__PDFV2__CH_0216,78
0fc74a11664334d196832392__PDFV2__CH_0217,43
0fc74a11664334d196832392__PDFV2__CH_0218,78
0fc74a11664334d196832392__PDFV2__CH_0219__M,102
0fc74a11664334d196832392__PDFV2__CH_0222__M,101
0fc74a11664334d196832392__PDFV2__CH_0224,103
0fc74a11664334d196832392__PDFV2__CH_0225,96
0fc74a11664334d196832392__PDFV2__CH_0226,86
0fc74a11664334d196832392__PDFV2__CH_0227,97
0fc74a11664334d196832392__PDFV2__CH_0228,101
0fc74a11664334d196832392__PDFV2__CH_0229,98
0fc74a11664334d196832392__PDFV2__CH_0230,86
0fc74a11664334d196832392__PDFV2__CH_0231,72
0fc74a11664334d196832392__PDFV2__CH_0232,84
0fc74a11664334d196832392__PDFV2__CH_0233,74
0fc74a11664334d196832392__PDFV2__CH_0234,114
0fc74a11664334d196832392__PDFV2__CH_0236,75
0fc74a11664334d196832392__PDFV2__CH_0237,35
0fc74a11664334d196832392__PDFV2__CH_0238,42
0fc74a11664334d196832392__PDFV2__CH_0239,75
0fc74a11664334d196832392__PDFV2__CH_0240,114
0fc74a11664334d196832392__PDFV2__CH_0241,118
0fc74a11664334d196832392__PDFV2__CH_0242,98
0fc74a11664334d196832392__PDFV2__CH_0243,142
0fc74a11664334d196832392__PDFV2__CH_0244,108
0fc74a11664334d196832392__PDFV2__CH_0245,92
0fc74a11664334d196832392__PDFV2__CH_0246,74
0fc74a11664334d196832392__PDFV2__CH_0249,106
0fc74a11664334d196832392__PDFV2__CH_0255,54
0fc74a11664334d196832392__PDFV2__CH_0256,111
0fc74a11664334d196832392__PDFV2__CH_0257,86
0fc74a11664334d196832392__PDFV2__CH_0258,67
0fc74a11664334d196832392__PDFV2__CH_0259,85
0fc74a11664334d196832392__PDFV2__CH_0260,72
0fc74a11664334d196832392__PDFV2__CH_0261,87
0fc74a11664334d196832392__PDFV2__CH_0262,94
0fc74a11664334d196832392__PDFV2__CH_0263,129
0fc74a11664334d196832392__PDFV2__CH_0264,60
0fc74a11664334d196832392__PDFV2__CH_0265,76
0fc74a11664334d196832392__PDFV2__CH_0266,94
0fc74a11664334d196832392__PDFV2__CH_0267,107
0fc74a11664334d196832392__PDFV2__CH_0268,103
0fc74a11664334d196832392__PDFV2__CH_0269,68
0fc74a11664334d196832392__PDFV2__CH_0270,71
0fc74a11664334d196832392__PDFV2__CH_0271,71
0fc74a11664334d196832392__PDFV2__CH_0272,65
0fc74a11664334d196832392__PDFV2__CH_0273,65
0fc74a11664334d196832392__PDFV2__CH_0274,68
0fc74a11664334d196832392__PDFV2__CH_0275,59
0fc74a11664334d196832392__PDFV2__CH_0276,90
0fc74a11664334d196832392__PDFV2__CH_0277,44
0fc74a11664334d196832392__PDFV2__CH_0279,109
0fc74a11664334d196832392__PDFV2__CH_0280,128
0fc74a11664334d196832392__PDFV2__CH_0281,92
0fc74a11664334d196832392__PDFV2__CH_0282,51
0fc74a11664334d196832392__PDFV2__CH_0283,130
0fc74a11664334d196832392__PDFV2__CH_0284,91
0fc74a11664334d196832392__PDFV2__CH_0285,119
0fc74a11664334d196832392__PDFV2__CH_0286,55
0fc74a11664334d196832392__PDFV2__CH_0287,62
0fc74a11664334d196832392__PDFV2__CH_0288,94
0fc74a11664334d196832392__PDFV2__CH_0289,77
0fc74a11664334d196832392__PDFV2__CH_0290,80
0fc74a11664334d196832392__PDFV2__CH_0291,91
0fc74a11664334d196832392__PDFV2__CH_0292,79
0fc74a11664334d196832392__PDFV2__CH_0293,76
100b1455458bc9f9fc27ce4e__100b1455458bc9f9fc27ce4e__SEG_0001__CH_001,52
100b1455458bc9f9fc27ce4e__100b1455458bc9f9fc27ce4e__SEG_0001__CH_002,144
100b1455458bc9f9fc27ce4e__100b1455458bc9f9fc27ce4e__SEG_0001__CH_003,114
100b1455458bc9f9fc27ce4e__100b1455458bc9f9fc27ce4e__SEG_0001__CH_004,104
101c3495ebf7ef87d7fa59b5__101c3495ebf7ef87d7fa59b5__SEG_0001__CH_001,107
101c3495ebf7ef87d7fa59b5__101c3495ebf7ef87d7fa59b5__SEG_0001__CH_002,88
101c3495ebf7ef87d7fa59b5__101c3495ebf7ef87d7fa59b5__SEG_0001__CH_003,95
10451ea26542b0ddfe0511b7__10451ea26542b0ddfe0511b7__SEG_0001__CH_001,104
10451ea26542b0ddfe0511b7__10451ea26542b0ddfe0511b7__SEG_0001__CH_002,98
10451ea26542b0ddfe0511b7__10451ea26542b0ddfe0511b7__SEG_0001__CH_003,173
10451ea26542b0ddfe0511b7__10451ea26542b0ddfe0511b7__SEG_0001__CH_004,88
10a4c17721d16750f8102c4f__PDFV2__CH_0001,105
10a4c17721d16750f8102c4f__PDFV2__CH_0003,79
10a4c17721d16750f8102c4f__PDFV2__CH_0004,102
10a4c17721d16750f8102c4f__PDFV2__CH_0006,129
10a4c17721d16750f8102c4f__PDFV2__CH_0007,80
10a4c17721d16750f8102c4f__PDFV2__CH_0008,120
10a4c17721d16750f8102c4f__PDFV2__CH_0009,113
10a4c17721d16750f8102c4f__PDFV2__CH_0010,93
10a4c17721d16750f8102c4f__PDFV2__CH_0011,100
10a4c17721d16750f8102c4f__PDFV2__CH_0012,105
10a4c17721d16750f8102c4f__PDFV2__CH_0013,135
10a4c17721d16750f8102c4f__PDFV2__CH_0014,89
10a4c17721d16750f8102c4f__PDFV2__CH_0015,114
10a4c17721d16750f8102c4f__PDFV2__CH_0016,100
10a4c17721d16750f8102c4f__PDFV2__CH_0017,123
10a4c17721d16750f8102c4f__PDFV2__CH_0018,94
10a4c17721d16750f8102c4f__PDFV2__CH_0019,97
10a4c17721d16750f8102c4f__PDFV2__CH_0020,64
10a4c17721d16750f8102c4f__PDFV2__CH_0021,94
10a4c17721d16750f8102c4f__PDFV2__CH_0022,74
10a4c17721d16750f8102c4f__PDFV2__CH_0023,120
10a4c17721d16750f8102c4f__PDFV2__CH_0024,98
10a4c17721d16750f8102c4f__PDFV2__CH_0025,106
10a4c17721d16750f8102c4f__PDFV2__CH_0026,119
10a4c17721d16750f8102c4f__PDFV2__CH_0027,64
10a4c17721d16750f8102c4f__PDFV2__CH_0028,147
10a4c17721d16750f8102c4f__PDFV2__CH_0029,130
10a4c17721d16750f8102c4f__PDFV2__CH_0030,82
10a4c17721d16750f8102c4f__PDFV2__CH_0031,93
10a4c17721d16750f8102c4f__PDFV2__CH_0032,106
10a4c17721d16750f8102c4f__PDFV2__CH_0033,121
10a4c17721d16750f8102c4f__PDFV2__CH_0034,118
10a4c17721d16750f8102c4f__PDFV2__CH_0035,133
10a4c17721d16750f8102c4f__PDFV2__CH_0036,92
10a4c17721d16750f8102c4f__PDFV2__CH_0037,93
10a4c17721d16750f8102c4f__PDFV2__CH_0038,82
10a4c17721d16750f8102c4f__PDFV2__CH_0039,94
10a4c17721d16750f8102c4f__PDFV2__CH_0040,92
10a4c17721d16750f8102c4f__PDFV2__CH_0041,97
10a4c17721d16750f8102c4f__PDFV2__CH_0042,108
10a4c17721d16750f8102c4f__PDFV2__CH_0043,108
10a4c17721d16750f8102c4f__PDFV2__CH_0044,81
10a4c17721d16750f8102c4f__PDFV2__CH_0045,78
10a4c17721d16750f8102c4f__PDFV2__CH_0046,72
10a4c17721d16750f8102c4f__PDFV2__CH_0047,97
10a4c17721d16750f8102c4f__PDFV2__CH_0048,84
10a4c17721d16750f8102c4f__PDFV2__CH_0049,128
10a4c17721d16750f8102c4f__PDFV2__CH_0050,85
10a4c17721d16750f8102c4f__PDFV2__CH_0051,100
10a4c17721d16750f8102c4f__PDFV2__CH_0052,74
10a4c17721d16750f8102c4f__PDFV2__CH_0053,44
10a4c17721d16750f8102c4f__PDFV2__CH_0054,85
10a4c17721d16750f8102c4f__PDFV2__CH_0055,112
10a4c17721d16750f8102c4f__PDFV2__CH_0056__M,109
10a4c17721d16750f8102c4f__PDFV2__CH_0058,123
10a4c17721d16750f8102c4f__PDFV2__CH_0059,67
10a4c17721d16750f8102c4f__PDFV2__CH_0060,92
10a4c17721d16750f8102c4f__PDFV2__CH_0061,103
10a4c17721d16750f8102c4f__PDFV2__CH_0062,105
10a4c17721d16750f8102c4f__PDFV2__CH_0063,79
10a4c17721d16750f8102c4f__PDFV2__CH_0064,87
10c2b7a45924aacb63e8a0cc__10c2b7a45924aacb63e8a0cc__SEG_0001__CH_001,79
10c2b7a45924aacb63e8a0cc__10c2b7a45924aacb63e8a0cc__SEG_0001__CH_002,70
10c2b7a45924aacb63e8a0cc__10c2b7a45924aacb63e8a0cc__SEG_0001__CH_003,155
10c2b7a45924aacb63e8a0cc__10c2b7a45924aacb63e8a0cc__SEG_0001__CH_004,115
10c2b7a45924aacb63e8a0cc__10c2b7a45924aacb63e8a0cc__SEG_0001__CH_005,106
10c2b7a45924aacb63e8a0cc__10c2b7a45924aacb63e8a0cc__SEG_0001__CH_006,85
10e167f116cfbbd12080f0d3__10e167f116cfbbd12080f0d3__SEG_0001__CH_001,69
1126590a2e697394ded57aad__1126590a2e697394ded57aad__SEG_0001__CH_001,81
1145464cee7b29d18d71661f__1145464cee7b29d18d71661f__SEG_0001__CH_001,91
1145464cee7b29d18d71661f__1145464cee7b29d18d71661f__SEG_0001__CH_002,83
1145464cee7b29d18d71661f__1145464cee7b29d18d71661f__SEG_0001__CH_003,97
1145464cee7b29d18d71661f__1145464cee7b29d18d71661f__SEG_0001__CH_004,127
1145464cee7b29d18d71661f__1145464cee7b29d18d71661f__SEG_0001__CH_005,94
11482bf29627588c6b035703__PDFV2__CH_0001,121
11482bf29627588c6b035703__PDFV2__CH_0002,95
11482bf29627588c6b035703__PDFV2__CH_0003,105
11482bf29627588c6b035703__PDFV2__CH_0004,111
11482bf29627588c6b035703__PDFV2__CH_0005,106
11482bf29627588c6b035703__PDFV2__CH_0006,97
11cc2ce38eef4729efc37e7b__PDFV2__CH_0001,65
11cc2ce38eef4729efc37e7b__PDFV2__CH_0002,119
11cc2ce38eef4729efc37e7b__PDFV2__CH_0003,77
11cc2ce38eef4729efc37e7b__PDFV2__CH_0004,100
11cc2ce38eef4729efc37e7b__PDFV2__CH_0005,154
11cc2ce38eef4729efc37e7b__PDFV2__CH_0006,118
11cc2ce38eef4729efc37e7b__PDFV2__CH_0007,121
11d06579f96cb8ab859876c3__PDFV2__CH_0001,112
11d06579f96cb8ab859876c3__PDFV2__CH_0002,131
11d06579f96cb8ab859876c3__PDFV2__CH_0003,136
11d06579f96cb8ab859876c3__PDFV2__CH_0004,136
11d06579f96cb8ab859876c3__PDFV2__CH_0005,112
11d06579f96cb8ab859876c3__PDFV2__CH_0006,125
11d06579f96cb8ab859876c3__PDFV2__CH_0007,111
11d06579f96cb8ab859876c3__PDFV2__CH_0008,112
11d06579f96cb8ab859876c3__PDFV2__CH_0009,102
121c03c689104ea598bdd02e__PDFV2__CH_0002,69
121c03c689104ea598bdd02e__PDFV2__CH_0003,96
121c03c689104ea598bdd02e__PDFV2__CH_0004,89
121c03c689104ea598bdd02e__PDFV2__CH_0006,106
121c03c689104ea598bdd02e__PDFV2__CH_0007,89
128d788f7d1205da6e937516__128d788f7d1205da6e937516__SEG_0001__CH_001,101
128d788f7d1205da6e937516__128d788f7d1205da6e937516__SEG_0001__CH_002,84
128d788f7d1205da6e937516__128d788f7d1205da6e937516__SEG_0001__CH_003,150
128d788f7d1205da6e937516__128d788f7d1205da6e937516__SEG_0001__CH_004,142
129227d444030cff228f3fef__129227d444030cff228f3fef__SEG_0001__CH_001,121
129227d444030cff228f3fef__129227d444030cff228f3fef__SEG_0001__CH_002,83
129227d444030cff228f3fef__129227d444030cff228f3fef__SEG_0001__CH_003,130
129227d444030cff228f3fef__129227d444030cff228f3fef__SEG_0001__CH_004,145
129227d444030cff228f3fef__129227d444030cff228f3fef__SEG_0001__CH_005,97
129227d444030cff228f3fef__129227d444030cff228f3fef__SEG_0001__CH_006,66
1298f7aa3d8e0dfac4913d31__1298f7aa3d8e0dfac4913d31__SEG_0001__CH_001,108
1298f7aa3d8e0dfac4913d31__1298f7aa3d8e0dfac4913d31__SEG_0001__CH_002,90
1298f7aa3d8e0dfac4913d31__1298f7aa3d8e0dfac4913d31__SEG_0001__CH_003,93
12ce7ce3ef2a4642d64fafd6__12ce7ce3ef2a4642d64fafd6__SEG_0001__CH_001,112
12ce7ce3ef2a4642d64fafd6__12ce7ce3ef2a4642d64fafd6__SEG_0001__CH_002,97
12d7013911bdb4ffc5ac578f__PDFV2__CH_0001,95
12d7013911bdb4ffc5ac578f__PDFV2__CH_0002,117
12d7013911bdb4ffc5ac578f__PDFV2__CH_0003,112
12d7013911bdb4ffc5ac578f__PDFV2__CH_0004,119
12d7013911bdb4ffc5ac578f__PDFV2__CH_0005,95
12d7013911bdb4ffc5ac578f__PDFV2__CH_0006,79
12d7013911bdb4ffc5ac578f__PDFV2__CH_0007,94
12d7013911bdb4ffc5ac578f__PDFV2__CH_0008,113
12d7013911bdb4ffc5ac578f__PDFV2__CH_0009,113
12d7013911bdb4ffc5ac578f__PDFV2__CH_0010,154
12dd867a3dd794ae74b9f2c3__12dd867a3dd794ae74b9f2c3__SEG_0001__CH_001,85
12dd867a3dd794ae74b9f2c3__12dd867a3dd794ae74b9f2c3__SEG_0001__CH_002,66
1361a3cae921ef8ee62ba7d6__1361a3cae921ef8ee62ba7d6__SEG_0001__CH_001,141
1361a3cae921ef8ee62ba7d6__1361a3cae921ef8ee62ba7d6__SEG_0001__CH_002,140
1361a3cae921ef8ee62ba7d6__1361a3cae921ef8ee62ba7d6__SEG_0001__CH_003,84
13deaad96b7551395ff63642__13deaad96b7551395ff63642__SEG_0001__CH_001,55
14bc854c2951315fa326cba6__14bc854c2951315fa326cba6__SEG_0001__CH_002,58
14bc854c2951315fa326cba6__14bc854c2951315fa326cba6__SEG_0001__CH_003,100
14bc854c2951315fa326cba6__14bc854c2951315fa326cba6__SEG_0001__CH_004,117
14bc854c2951315fa326cba6__14bc854c2951315fa326cba6__SEG_0001__CH_005,100
14bc854c2951315fa326cba6__14bc854c2951315fa326cba6__SEG_0001__CH_006,91
14bc854c2951315fa326cba6__14bc854c2951315fa326cba6__SEG_0001__CH_007,86
14bc854c2951315fa326cba6__14bc854c2951315fa326cba6__SEG_0001__CH_008,99
14bc854c2951315fa326cba6__14bc854c2951315fa326cba6__SEG_0001__CH_009,77
14f9dda41e796def7d0b2835__14f9dda41e796def7d0b2835__SEG_0001__CH_001,96
14f9dda41e796def7d0b2835__14f9dda41e796def7d0b2835__SEG_0001__CH_002,77
15305317c4ebf066a76b2a47__PDFV2__CH_0002,48
15305317c4ebf066a76b2a47__PDFV2__CH_0003,103
15305317c4ebf066a76b2a47__PDFV2__CH_0004,79
15305317c4ebf066a76b2a47__PDFV2__CH_0005,70
15305317c4ebf066a76b2a47__PDFV2__CH_0006,104
15305317c4ebf066a76b2a47__PDFV2__CH_0007,150
15305317c4ebf066a76b2a47__PDFV2__CH_0008,70
15305317c4ebf066a76b2a47__PDFV2__CH_0009__M,97
15305317c4ebf066a76b2a47__PDFV2__CH_0011,124
15305317c4ebf066a76b2a47__PDFV2__CH_0012,104
15305317c4ebf066a76b2a47__PDFV2__CH_0013,144
15305317c4ebf066a76b2a47__PDFV2__CH_0014,70
15305317c4ebf066a76b2a47__PDFV2__CH_0015,72
15305317c4ebf066a76b2a47__PDFV2__CH_0016,96
15305317c4ebf066a76b2a47__PDFV2__CH_0017,183
15305317c4ebf066a76b2a47__PDFV2__CH_0018,54
154e4510f6a2178638dda495__PDFV2__CH_0002,79
154e4510f6a2178638dda495__PDFV2__CH_0005,59
15a21c04ad77ed3797afb706__PDFV2__CH_0002,116
15a21c04ad77ed3797afb706__PDFV2__CH_0003,89
15b2dc4688fdb13b608d8fe6__PDFV2__CH_0005,79
15b2dc4688fdb13b608d8fe6__PDFV2__CH_0006,101
15b2dc4688fdb13b608d8fe6__PDFV2__CH_0007,57
15b2dc4688fdb13b608d8fe6__PDFV2__CH_0009,56
15b2dc4688fdb13b608d8fe6__PDFV2__CH_0010,114
15b2dc4688fdb13b608d8fe6__PDFV2__CH_0011,60
15b2dc4688fdb13b608d8fe6__PDFV2__CH_0012,72
15b2dc4688fdb13b608d8fe6__PDFV2__CH_0013,81
15b2dc4688fdb13b608d8fe6__PDFV2__CH_0014,110
15b2dc4688fdb13b608d8fe6__PDFV2__CH_0017,96
15b2dc4688fdb13b608d8fe6__PDFV2__CH_0019,80
15b2dc4688fdb13b608d8fe6__PDFV2__CH_0020__M,116
15b2dc4688fdb13b608d8fe6__PDFV2__CH_0025,111
15b2dc4688fdb13b608d8fe6__PDFV2__CH_0028,66
15b2dc4688fdb13b608d8fe6__PDFV2__CH_0038,47
15b2dc4688fdb13b608d8fe6__PDFV2__CH_0039,84
15b2dc4688fdb13b608d8fe6__PDFV2__CH_0040,62
15b2dc4688fdb13b608d8fe6__PDFV2__CH_0041,50
15b2dc4688fdb13b608d8fe6__PDFV2__CH_0042,65
15b2dc4688fdb13b608d8fe6__PDFV2__CH_0049,86
15b2dc4688fdb13b608d8fe6__PDFV2__CH_0056,35
15b2dc4688fdb13b608d8fe6__PDFV2__CH_0058,73
15b2dc4688fdb13b608d8fe6__PDFV2__CH_0059__M,65
15b2dc4688fdb13b608d8fe6__PDFV2__CH_0062,76
15b2dc4688fdb13b608d8fe6__PDFV2__CH_0063,80
15b2dc4688fdb13b608d8fe6__PDFV2__CH_0064,57
15c3ffbda2c2d35c0268f41e__15c3ffbda2c2d35c0268f41e__SEG_0001__CH_002,74
15c3ffbda2c2d35c0268f41e__15c3ffbda2c2d35c0268f41e__SEG_0001__CH_003,149
15c3ffbda2c2d35c0268f41e__15c3ffbda2c2d35c0268f41e__SEG_0001__CH_004,73
15c89556221fd6d0e94f70ed__15c89556221fd6d0e94f70ed__SEG_0001__CH_001,102
15cb5980920e22ad58a98e1a__15cb5980920e22ad58a98e1a__SEG_0001__CH_001,115
15cb5980920e22ad58a98e1a__15cb5980920e22ad58a98e1a__SEG_0001__CH_002,102
15cb5980920e22ad58a98e1a__15cb5980920e22ad58a98e1a__SEG_0001__CH_003,101
15fc5bbf1a5e1ae0af6ccf9c__15fc5bbf1a5e1ae0af6ccf9c__SEG_0001__CH_001,83
15fc5bbf1a5e1ae0af6ccf9c__15fc5bbf1a5e1ae0af6ccf9c__SEG_0001__CH_002,91
16033821862348bc294f4b4f__16033821862348bc294f4b4f__SEG_0001__CH_001,42
163d3a549366bd3d90610477__163d3a549366bd3d90610477__SEG_0001__CH_001,102
163d3a549366bd3d90610477__163d3a549366bd3d90610477__SEG_0001__CH_002,80
163f9ef45d0d774ba7bac2ac__163f9ef45d0d774ba7bac2ac__SEG_0001__CH_002,87
163f9ef45d0d774ba7bac2ac__163f9ef45d0d774ba7bac2ac__SEG_0001__CH_003,88
165aea398b68b5b0dca75db7__165aea398b68b5b0dca75db7__SEG_0001__CH_001,75
165aea398b68b5b0dca75db7__165aea398b68b5b0dca75db7__SEG_0001__CH_002,47
1679f2bf64884c1319459c78__1679f2bf64884c1319459c78__SEG_0001__CH_001,83
1679f2bf64884c1319459c78__1679f2bf64884c1319459c78__SEG_0001__CH_002,121
1679f2bf64884c1319459c78__1679f2bf64884c1319459c78__SEG_0001__CH_003,133
1679f2bf64884c1319459c78__1679f2bf64884c1319459c78__SEG_0001__CH_004,87
1679f2bf64884c1319459c78__1679f2bf64884c1319459c78__SEG_0001__CH_005,72
1679f2bf64884c1319459c78__1679f2bf64884c1319459c78__SEG_0002__CH_001__S1,103
1679f2bf64884c1319459c78__1679f2bf64884c1319459c78__SEG_0002__CH_001__S2,74
1679f2bf64884c1319459c78__1679f2bf64884c1319459c78__SEG_0002__CH_001__S3,75
1679f2bf64884c1319459c78__1679f2bf64884c1319459c78__SEG_0002__CH_001__S4,99
1679f2bf64884c1319459c78__1679f2bf64884c1319459c78__SEG_0002__CH_001__S5,77
1679f2bf64884c1319459c78__1679f2bf64884c1319459c78__SEG_0002__CH_001__S6,72
1679f2bf64884c1319459c78__1679f2bf64884c1319459c78__SEG_0002__CH_001__S7,85
168f00bcc71674a73a5d8fce__168f00bcc71674a73a5d8fce__SEG_0001__CH_001,52
168f00bcc71674a73a5d8fce__168f00bcc71674a73a5d8fce__SEG_0001__CH_002,88
168f00bcc71674a73a5d8fce__168f00bcc71674a73a5d8fce__SEG_0001__CH_003,43
168f00bcc71674a73a5d8fce__168f00bcc71674a73a5d8fce__SEG_0001__CH_004,39
16cffa92d1bb22fbf3b1529a__16cffa92d1bb22fbf3b1529a__SEG_0001__CH_001,55
16f701c049020aad33dd5b01__16f701c049020aad33dd5b01__SEG_0001__CH_001,73
16f984ef0531490e31beac21__16f984ef0531490e31beac21__SEG_0001__CH_002,71
170987c4580d6969bbc96fba__170987c4580d6969bbc96fba__SEG_0001__CH_001,58
170987c4580d6969bbc96fba__170987c4580d6969bbc96fba__SEG_0001__CH_002,68
170987c4580d6969bbc96fba__170987c4580d6969bbc96fba__SEG_0001__CH_003,49
17101ae18c70151e2298e9e1__17101ae18c70151e2298e9e1__SEG_0001__CH_001,73
17101ae18c70151e2298e9e1__17101ae18c70151e2298e9e1__SEG_0001__CH_002,76
173c9ba541dc6bc51cb9ee0c__173c9ba541dc6bc51cb9ee0c__SEG_0001__CH_003,67
173c9ba541dc6bc51cb9ee0c__173c9ba541dc6bc51cb9ee0c__SEG_0001__CH_004,96
173c9ba541dc6bc51cb9ee0c__173c9ba541dc6bc51cb9ee0c__SEG_0001__CH_005,53
17b2603348a097bba8311ea5__17b2603348a097bba8311ea5__SEG_0001__CH_001,126
17b2603348a097bba8311ea5__17b2603348a097bba8311ea5__SEG_0001__CH_002,62
17b2603348a097bba8311ea5__17b2603348a097bba8311ea5__SEG_0001__CH_003,82
17b2603348a097bba8311ea5__17b2603348a097bba8311ea5__SEG_0001__CH_004,118
17b391cf4bc1a479ae5cb433__17b391cf4bc1a479ae5cb433__SEG_0001__CH_001,51
17e92aa41c3845a6813f1f88__PDFV2__CH_0001,85
17e92aa41c3845a6813f1f88__PDFV2__CH_0002,102
17e92aa41c3845a6813f1f88__PDFV2__CH_0003,80
17e92aa41c3845a6813f1f88__PDFV2__CH_0004,46
17e92aa41c3845a6813f1f88__PDFV2__CH_0005,93
17e92aa41c3845a6813f1f88__PDFV2__CH_0006,72
17e92aa41c3845a6813f1f88__PDFV2__CH_0007,93
17e92aa41c3845a6813f1f88__PDFV2__CH_0008,66
17e92aa41c3845a6813f1f88__PDFV2__CH_0009,67
17e92aa41c3845a6813f1f88__PDFV2__CH_0010,92
17e92aa41c3845a6813f1f88__PDFV2__CH_0011,83
17e92aa41c3845a6813f1f88__PDFV2__CH_0012,114
17e92aa41c3845a6813f1f88__PDFV2__CH_0013,78
17e92aa41c3845a6813f1f88__PDFV2__CH_0014,100
17e92aa41c3845a6813f1f88__PDFV2__CH_0015,82
17e92aa41c3845a6813f1f88__PDFV2__CH_0016,80
17ead4b854d9c970e49c7609__17ead4b854d9c970e49c7609__SEG_0001__CH_001,150
17ead4b854d9c970e49c7609__17ead4b854d9c970e49c7609__SEG_0001__CH_002,148
17ee13070cdafbbca6f278d8__17ee13070cdafbbca6f278d8__SEG_0001__CH_001,42
17ee13070cdafbbca6f278d8__17ee13070cdafbbca6f278d8__SEG_0001__CH_002,90
189281c860e912849277860d__189281c860e912849277860d__SEG_0001__CH_001,118
189281c860e912849277860d__189281c860e912849277860d__SEG_0001__CH_002,157
189281c860e912849277860d__189281c860e912849277860d__SEG_0001__CH_003,82
18a5b1d8eba69633d47b9de9__18a5b1d8eba69633d47b9de9__SEG_0001__CH_001,99
18a5b1d8eba69633d47b9de9__18a5b1d8eba69633d47b9de9__SEG_0001__CH_002,100
18b29b8d00f8b9a5c001ecf9__PDFV2__CH_0001,59
18beb2260957eba4e17a3fc8__18beb2260957eba4e17a3fc8__SEG_0001__CH_001,72
18beb2260957eba4e17a3fc8__18beb2260957eba4e17a3fc8__SEG_0001__CH_002,78
191cccc74f673deaf4594394__191cccc74f673deaf4594394__SEG_0001__CH_001,88
191cccc74f673deaf4594394__191cccc74f673deaf4594394__SEG_0001__CH_002,64
1934429c9498f7847b2c8d93__1934429c9498f7847b2c8d93__SEG_0001__CH_001__M,95
1934429c9498f7847b2c8d93__1934429c9498f7847b2c8d93__SEG_0001__CH_003,99
1934429c9498f7847b2c8d93__1934429c9498f7847b2c8d93__SEG_0001__CH_004,133
1934429c9498f7847b2c8d93__1934429c9498f7847b2c8d93__SEG_0001__CH_005,129
1943682c988f7744c205ea18__PDFV2__CH_0015,55
1943682c988f7744c205ea18__PDFV2__CH_0016,76
1943682c988f7744c205ea18__PDFV2__CH_0017,74
1943682c988f7744c205ea18__PDFV2__CH_0018,93
1943682c988f7744c205ea18__PDFV2__CH_0019,89
1943682c988f7744c205ea18__PDFV2__CH_0020,108
1943682c988f7744c205ea18__PDFV2__CH_0021,81
1943682c988f7744c205ea18__PDFV2__CH_0022,55
1943682c988f7744c205ea18__PDFV2__CH_0024,49
1943682c988f7744c205ea18__PDFV2__CH_0025,90
1943682c988f7744c205ea18__PDFV2__CH_0026,91
1943682c988f7744c205ea18__PDFV2__CH_0027,71
1943682c988f7744c205ea18__PDFV2__CH_0028,56
1943682c988f7744c205ea18__PDFV2__CH_0029,43
1943682c988f7744c205ea18__PDFV2__CH_0030,97
1943682c988f7744c205ea18__PDFV2__CH_0031,57
1943682c988f7744c205ea18__PDFV2__CH_0032,105
1943682c988f7744c205ea18__PDFV2__CH_0033,156
1943682c988f7744c205ea18__PDFV2__CH_0034,108
1943682c988f7744c205ea18__PDFV2__CH_0035,111
1943682c988f7744c205ea18__PDFV2__CH_0037,85
1943682c988f7744c205ea18__PDFV2__CH_0038,110
1943682c988f7744c205ea18__PDFV2__CH_0039,68
1943682c988f7744c205ea18__PDFV2__CH_0040,87
1943682c988f7744c205ea18__PDFV2__CH_0041,107
1943682c988f7744c205ea18__PDFV2__CH_0042,106
1943682c988f7744c205ea18__PDFV2__CH_0043,87
1943682c988f7744c205ea18__PDFV2__CH_0044,148
1943682c988f7744c205ea18__PDFV2__CH_0045,108
1943682c988f7744c205ea18__PDFV2__CH_0046,92
1943682c988f7744c205ea18__PDFV2__CH_0047,66
1943682c988f7744c205ea18__PDFV2__CH_0049,54
1943682c988f7744c205ea18__PDFV2__CH_0050,52
1943682c988f7744c205ea18__PDFV2__CH_0052,45
1943682c988f7744c205ea18__PDFV2__CH_0055,56
1943682c988f7744c205ea18__PDFV2__CH_0058,64
1943682c988f7744c205ea18__PDFV2__CH_0059,83
1943682c988f7744c205ea18__PDFV2__CH_0060,151
1943682c988f7744c205ea18__PDFV2__CH_0061,87
1943682c988f7744c205ea18__PDFV2__CH_0063,84
1943682c988f7744c205ea18__PDFV2__CH_0065,65
1943682c988f7744c205ea18__PDFV2__CH_0067,62
1943682c988f7744c205ea18__PDFV2__CH_0068,47
1943682c988f7744c205ea18__PDFV2__CH_0069,57
1943682c988f7744c205ea18__PDFV2__CH_0070,94
1943682c988f7744c205ea18__PDFV2__CH_0072,116
1943682c988f7744c205ea18__PDFV2__CH_0073,116
1943682c988f7744c205ea18__PDFV2__CH_0074,118
1943682c988f7744c205ea18__PDFV2__CH_0075,79
1943682c988f7744c205ea18__PDFV2__CH_0076,96
1943682c988f7744c205ea18__PDFV2__CH_0078,76
1943682c988f7744c205ea18__PDFV2__CH_0080,115
1943682c988f7744c205ea18__PDFV2__CH_0081,75
1943682c988f7744c205ea18__PDFV2__CH_0083__M,82
1943682c988f7744c205ea18__PDFV2__CH_0085,48
1943682c988f7744c205ea18__PDFV2__CH_0086,111
1943682c988f7744c205ea18__PDFV2__CH_0087,61
1943682c988f7744c205ea18__PDFV2__CH_0089,38
1943682c988f7744c205ea18__PDFV2__CH_0090,95
1943682c988f7744c205ea18__PDFV2__CH_0092,102
1943682c988f7744c205ea18__PDFV2__CH_0093,88
1943682c988f7744c205ea18__PDFV2__CH_0094,76
1943682c988f7744c205ea18__PDFV2__CH_0095,118
1943682c988f7744c205ea18__PDFV2__CH_0099,106
1943682c988f7744c205ea18__PDFV2__CH_0101,74
1943682c988f7744c205ea18__PDFV2__CH_0102,111
1943682c988f7744c205ea18__PDFV2__CH_0104,90
1943682c988f7744c205ea18__PDFV2__CH_0112,80
1943682c988f7744c205ea18__PDFV2__CH_0128,71
1943682c988f7744c205ea18__PDFV2__CH_0130,95
1943682c988f7744c205ea18__PDFV2__CH_0131,93
1943682c988f7744c205ea18__PDFV2__CH_0132,90
1943682c988f7744c205ea18__PDFV2__CH_0133,77
1943682c988f7744c205ea18__PDFV2__CH_0137,78
1943682c988f7744c205ea18__PDFV2__CH_0139,59
1943682c988f7744c205ea18__PDFV2__CH_0143,76
1943682c988f7744c205ea18__PDFV2__CH_0145,54
1943682c988f7744c205ea18__PDFV2__CH_0146,78
1943682c988f7744c205ea18__PDFV2__CH_0148,105
1943682c988f7744c205ea18__PDFV2__CH_0149,102
1943682c988f7744c205ea18__PDFV2__CH_0150,72
1943682c988f7744c205ea18__PDFV2__CH_0151,139
1943682c988f7744c205ea18__PDFV2__CH_0153,70
1943682c988f7744c205ea18__PDFV2__CH_0154,91
1943682c988f7744c205ea18__PDFV2__CH_0155,105
1943682c988f7744c205ea18__PDFV2__CH_0156,77
1943682c988f7744c205ea18__PDFV2__CH_0157,78
1943682c988f7744c205ea18__PDFV2__CH_0158,70
1943682c988f7744c205ea18__PDFV2__CH_0159,102
1943682c988f7744c205ea18__PDFV2__CH_0160,93
1943682c988f7744c205ea18__PDFV2__CH_0161,80
1943682c988f7744c205ea18__PDFV2__CH_0162,67
1943682c988f7744c205ea18__PDFV2__CH_0164,74
1943682c988f7744c205ea18__PDFV2__CH_0168,82
1943682c988f7744c205ea18__PDFV2__CH_0169,80
1943682c988f7744c205ea18__PDFV2__CH_0170,142
1943682c988f7744c205ea18__PDFV2__CH_0171,92
1943682c988f7744c205ea18__PDFV2__CH_0172__M,84
1943682c988f7744c205ea18__PDFV2__CH_0176,106
1943682c988f7744c205ea18__PDFV2__CH_0180,65
1943682c988f7744c205ea18__PDFV2__CH_0182,106
1943682c988f7744c205ea18__PDFV2__CH_0183,101
1943682c988f7744c205ea18__PDFV2__CH_0184,147
1943682c988f7744c205ea18__PDFV2__CH_0185,102
1943682c988f7744c205ea18__PDFV2__CH_0186,96
1943682c988f7744c205ea18__PDFV2__CH_0187,103
1943682c988f7744c205ea18__PDFV2__CH_0188,140
1943682c988f7744c205ea18__PDFV2__CH_0189,73
1943682c988f7744c205ea18__PDFV2__CH_0190,75
1943682c988f7744c205ea18__PDFV2__CH_0191,119
1943682c988f7744c205ea18__PDFV2__CH_0192,78
1943682c988f7744c205ea18__PDFV2__CH_0193,93
1943682c988f7744c205ea18__PDFV2__CH_0194,95
1943682c988f7744c205ea18__PDFV2__CH_0195,110
1943682c988f7744c205ea18__PDFV2__CH_0196,62
1943682c988f7744c205ea18__PDFV2__CH_0197,106
1943682c988f7744c205ea18__PDFV2__CH_0198,82
1943682c988f7744c205ea18__PDFV2__CH_0199,86
1943682c988f7744c205ea18__PDFV2__CH_0200,54
1943682c988f7744c205ea18__PDFV2__CH_0201,88
1943682c988f7744c205ea18__PDFV2__CH_0202,95
1943682c988f7744c205ea18__PDFV2__CH_0203,142
1943682c988f7744c205ea18__PDFV2__CH_0204,78
1943682c988f7744c205ea18__PDFV2__CH_0205,51
1943682c988f7744c205ea18__PDFV2__CH_0206,104
1943682c988f7744c205ea18__PDFV2__CH_0207,97
1943682c988f7744c205ea18__PDFV2__CH_0208,82
1943682c988f7744c205ea18__PDFV2__CH_0209,67
1943682c988f7744c205ea18__PDFV2__CH_0210,81
1943682c988f7744c205ea18__PDFV2__CH_0211,116
1943682c988f7744c205ea18__PDFV2__CH_0215,71
1943682c988f7744c205ea18__PDFV2__CH_0216,78
1943682c988f7744c205ea18__PDFV2__CH_0218,79
1943682c988f7744c205ea18__PDFV2__CH_0219,101
1943682c988f7744c205ea18__PDFV2__CH_0220,82
1943682c988f7744c205ea18__PDFV2__CH_0221,80
1943682c988f7744c205ea18__PDFV2__CH_0222,65
1943682c988f7744c205ea18__PDFV2__CH_0223,92
1943682c988f7744c205ea18__PDFV2__CH_0225,70
1943682c988f7744c205ea18__PDFV2__CH_0226,79
1943682c988f7744c205ea18__PDFV2__CH_0227,75
1943682c988f7744c205ea18__PDFV2__CH_0232,59
1943682c988f7744c205ea18__PDFV2__CH_0233,102
1943682c988f7744c205ea18__PDFV2__CH_0234,96
1943682c988f7744c205ea18__PDFV2__CH_0235,86
1943682c988f7744c205ea18__PDFV2__CH_0236,72
1943682c988f7744c205ea18__PDFV2__CH_0237__M,109
1943682c988f7744c205ea18__PDFV2__CH_0241__M,159
1943682c988f7744c205ea18__PDFV2__CH_0244__M,130
1943682c988f7744c205ea18__PDFV2__CH_0247,69
1943682c988f7744c205ea18__PDFV2__CH_0248,94
1943682c988f7744c205ea18__PDFV2__CH_0249,39
1943682c988f7744c205ea18__PDFV2__CH_0250__M,156
1943682c988f7744c205ea18__PDFV2__CH_0253,83
1943682c988f7744c205ea18__PDFV2__CH_0254,63
1943682c988f7744c205ea18__PDFV2__CH_0255,74
1943682c988f7744c205ea18__PDFV2__CH_0256__M,83
1943682c988f7744c205ea18__PDFV2__CH_0258,98
1943682c988f7744c205ea18__PDFV2__CH_0259,116
1943682c988f7744c205ea18__PDFV2__CH_0260,114
1943682c988f7744c205ea18__PDFV2__CH_0261,116
1943682c988f7744c205ea18__PDFV2__CH_0262,96
1943682c988f7744c205ea18__PDFV2__CH_0263,117
1943682c988f7744c205ea18__PDFV2__CH_0264,94
1943682c988f7744c205ea18__PDFV2__CH_0265,79
1943682c988f7744c205ea18__PDFV2__CH_0266,87
1943682c988f7744c205ea18__PDFV2__CH_0267__M,92
1943682c988f7744c205ea18__PDFV2__CH_0269,86
1943682c988f7744c205ea18__PDFV2__CH_0270,93
1943682c988f7744c205ea18__PDFV2__CH_0271,80
1943682c988f7744c205ea18__PDFV2__CH_0272,53
1943682c988f7744c205ea18__PDFV2__CH_0274,101
1943682c988f7744c205ea18__PDFV2__CH_0275,96
1943682c988f7744c205ea18__PDFV2__CH_0277,86
1943682c988f7744c205ea18__PDFV2__CH_0278,74
1943682c988f7744c205ea18__PDFV2__CH_0279,119
1943682c988f7744c205ea18__PDFV2__CH_0280,93
1943682c988f7744c205ea18__PDFV2__CH_0281,136
1943682c988f7744c205ea18__PDFV2__CH_0282,84
1943682c988f7744c205ea18__PDFV2__CH_0283,127
1943682c988f7744c205ea18__PDFV2__CH_0284,78
1943682c988f7744c205ea18__PDFV2__CH_0285,81
1943682c988f7744c205ea18__PDFV2__CH_0286,103
1943682c988f7744c205ea18__PDFV2__CH_0287,89
1943682c988f7744c205ea18__PDFV2__CH_0288,78
1943682c988f7744c205ea18__PDFV2__CH_0289__M,132
1943682c988f7744c205ea18__PDFV2__CH_0292,56
1943682c988f7744c205ea18__PDFV2__CH_0294,109
1943682c988f7744c205ea18__PDFV2__CH_0295,97
1943682c988f7744c205ea18__PDFV2__CH_0296,95
1943682c988f7744c205ea18__PDFV2__CH_0297,112
1943682c988f7744c205ea18__PDFV2__CH_0298,78
1943682c988f7744c205ea18__PDFV2__CH_0299,133
1943682c988f7744c205ea18__PDFV2__CH_0300,104
1943682c988f7744c205ea18__PDFV2__CH_0301,122
1943682c988f7744c205ea18__PDFV2__CH_0302,102
1943682c988f7744c205ea18__PDFV2__CH_0303__M,110
1943682c988f7744c205ea18__PDFV2__CH_0305,162
1943682c988f7744c205ea18__PDFV2__CH_0306,104
1943682c988f7744c205ea18__PDFV2__CH_0307,67
1943682c988f7744c205ea18__PDFV2__CH_0308,102
1943682c988f7744c205ea18__PDFV2__CH_0309,158
1943682c988f7744c205ea18__PDFV2__CH_0310,60
1943682c988f7744c205ea18__PDFV2__CH_0312,54
1943682c988f7744c205ea18__PDFV2__CH_0313,75
1943682c988f7744c205ea18__PDFV2__CH_0314,66
1943682c988f7744c205ea18__PDFV2__CH_0316,59
1943682c988f7744c205ea18__PDFV2__CH_0320,100
1943682c988f7744c205ea18__PDFV2__CH_0321,87
1943682c988f7744c205ea18__PDFV2__CH_0322,65
1943682c988f7744c205ea18__PDFV2__CH_0323,88
1943682c988f7744c205ea18__PDFV2__CH_0324,133
1943682c988f7744c205ea18__PDFV2__CH_0325,109
1943682c988f7744c205ea18__PDFV2__CH_0326,80
1943682c988f7744c205ea18__PDFV2__CH_0327,116
1943682c988f7744c205ea18__PDFV2__CH_0328,84
1943682c988f7744c205ea18__PDFV2__CH_0329__M,94
1943682c988f7744c205ea18__PDFV2__CH_0333__M,95
1943682c988f7744c205ea18__PDFV2__CH_0335,58
1943682c988f7744c205ea18__PDFV2__CH_0336,78
1943682c988f7744c205ea18__PDFV2__CH_0337__M,174
1943682c988f7744c205ea18__PDFV2__CH_0339,94
1943682c988f7744c205ea18__PDFV2__CH_0340,86
1943682c988f7744c205ea18__PDFV2__CH_0341__M,119
1943682c988f7744c205ea18__PDFV2__CH_0345__M,135
1943682c988f7744c205ea18__PDFV2__CH_0348,73
1943682c988f7744c205ea18__PDFV2__CH_0349,66
1943682c988f7744c205ea18__PDFV2__CH_0350,39
1943682c988f7744c205ea18__PDFV2__CH_0351,37
1943682c988f7744c205ea18__PDFV2__CH_0352,95
1943682c988f7744c205ea18__PDFV2__CH_0353,70
1943682c988f7744c205ea18__PDFV2__CH_0354,115
1943682c988f7744c205ea18__PDFV2__CH_0355__M,89
1943682c988f7744c205ea18__PDFV2__CH_0357,79
1943682c988f7744c205ea18__PDFV2__CH_0359,61
1943682c988f7744c205ea18__PDFV2__CH_0360,107
1943682c988f7744c205ea18__PDFV2__CH_0361,96
1943682c988f7744c205ea18__PDFV2__CH_0362,85
1943682c988f7744c205ea18__PDFV2__CH_0363,67
1943682c988f7744c205ea18__PDFV2__CH_0364,106
1943682c988f7744c205ea18__PDFV2__CH_0365,127
1943682c988f7744c205ea18__PDFV2__CH_0366,103
1943682c988f7744c205ea18__PDFV2__CH_0367,115
1943682c988f7744c205ea18__PDFV2__CH_0368,100
1943682c988f7744c205ea18__PDFV2__CH_0369,68
1943682c988f7744c205ea18__PDFV2__CH_0370__M,118
1943682c988f7744c205ea18__PDFV2__CH_0372,88
1943682c988f7744c205ea18__PDFV2__CH_0373,94
1943682c988f7744c205ea18__PDFV2__CH_0374,110
1943682c988f7744c205ea18__PDFV2__CH_0375,96
1943682c988f7744c205ea18__PDFV2__CH_0376,90
1943682c988f7744c205ea18__PDFV2__CH_0377,128
1943682c988f7744c205ea18__PDFV2__CH_0378,83
1943682c988f7744c205ea18__PDFV2__CH_0380,111
1943682c988f7744c205ea18__PDFV2__CH_0381,100
1943682c988f7744c205ea18__PDFV2__CH_0382,92
1943682c988f7744c205ea18__PDFV2__CH_0383,161
1943682c988f7744c205ea18__PDFV2__CH_0384,113
1943682c988f7744c205ea18__PDFV2__CH_0385,70
1943682c988f7744c205ea18__PDFV2__CH_0386,86
1943682c988f7744c205ea18__PDFV2__CH_0387,103
1943682c988f7744c205ea18__PDFV2__CH_0390,100
1943682c988f7744c205ea18__PDFV2__CH_0391,111
1943682c988f7744c205ea18__PDFV2__CH_0392,137
1943682c988f7744c205ea18__PDFV2__CH_0393,62
1943682c988f7744c205ea18__PDFV2__CH_0394,52
1943682c988f7744c205ea18__PDFV2__CH_0395,40
1943682c988f7744c205ea18__PDFV2__CH_0396,69
1943682c988f7744c205ea18__PDFV2__CH_0397,137
1943682c988f7744c205ea18__PDFV2__CH_0402,92
1943682c988f7744c205ea18__PDFV2__CH_0403,77
1943682c988f7744c205ea18__PDFV2__CH_0404,143
1943682c988f7744c205ea18__PDFV2__CH_0405,98
1943682c988f7744c205ea18__PDFV2__CH_0406,103
1943682c988f7744c205ea18__PDFV2__CH_0407,75
1943682c988f7744c205ea18__PDFV2__CH_0408,144
1943682c988f7744c205ea18__PDFV2__CH_0409,77
1943682c988f7744c205ea18__PDFV2__CH_0410,86
1943682c988f7744c205ea18__PDFV2__CH_0411,67
1943682c988f7744c205ea18__PDFV2__CH_0412,126
1943682c988f7744c205ea18__PDFV2__CH_0413,88
1943682c988f7744c205ea18__PDFV2__CH_0414,128
1943682c988f7744c205ea18__PDFV2__CH_0415,102
1943682c988f7744c205ea18__PDFV2__CH_0416,84
1943682c988f7744c205ea18__PDFV2__CH_0417,90
1943682c988f7744c205ea18__PDFV2__CH_0418,68
1943682c988f7744c205ea18__PDFV2__CH_0419,79
1943682c988f7744c205ea18__PDFV2__CH_0420,75
1943682c988f7744c205ea18__PDFV2__CH_0421,101
1943682c988f7744c205ea18__PDFV2__CH_0422,73
1943682c988f7744c205ea18__PDFV2__CH_0423,66
1943682c988f7744c205ea18__PDFV2__CH_0426,86
1943682c988f7744c205ea18__PDFV2__CH_0429,96
1943682c988f7744c205ea18__PDFV2__CH_0430,71
1943682c988f7744c205ea18__PDFV2__CH_0435,118
1943682c988f7744c205ea18__PDFV2__CH_0436,107
1943682c988f7744c205ea18__PDFV2__CH_0437,53
1943682c988f7744c205ea18__PDFV2__CH_0438,44
1943682c988f7744c205ea18__PDFV2__CH_0439,86
1943682c988f7744c205ea18__PDFV2__CH_0440,101
1943682c988f7744c205ea18__PDFV2__CH_0441,106
1943682c988f7744c205ea18__PDFV2__CH_0442,110
1943682c988f7744c205ea18__PDFV2__CH_0443,79
1943682c988f7744c205ea18__PDFV2__CH_0444,99
1943682c988f7744c205ea18__PDFV2__CH_0445,40
1943682c988f7744c205ea18__PDFV2__CH_0446,90
1943682c988f7744c205ea18__PDFV2__CH_0447__M,126
1943682c988f7744c205ea18__PDFV2__CH_0449,87
1943682c988f7744c205ea18__PDFV2__CH_0450,111
1943682c988f7744c205ea18__PDFV2__CH_0451,84
1943682c988f7744c205ea18__PDFV2__CH_0452,104
1943682c988f7744c205ea18__PDFV2__CH_0453,99
1943682c988f7744c205ea18__PDFV2__CH_0454,109
1943682c988f7744c205ea18__PDFV2__CH_0455,109
1943682c988f7744c205ea18__PDFV2__CH_0456,87
1943682c988f7744c205ea18__PDFV2__CH_0457,93
1943682c988f7744c205ea18__PDFV2__CH_0458,65
1943682c988f7744c205ea18__PDFV2__CH_0459,108
1943682c988f7744c205ea18__PDFV2__CH_0460,68
1943682c988f7744c205ea18__PDFV2__CH_0461,93
1943682c988f7744c205ea18__PDFV2__CH_0465,79
1943682c988f7744c205ea18__PDFV2__CH_0466,114
1943682c988f7744c205ea18__PDFV2__CH_0467,148
1943682c988f7744c205ea18__PDFV2__CH_0469,65
1943682c988f7744c205ea18__PDFV2__CH_0470,124
1943682c988f7744c205ea18__PDFV2__CH_0471,88
1943682c988f7744c205ea18__PDFV2__CH_0472,63
1943682c988f7744c205ea18__PDFV2__CH_0473,98
1943682c988f7744c205ea18__PDFV2__CH_0474,62
1943682c988f7744c205ea18__PDFV2__CH_0475,64
1943682c988f7744c205ea18__PDFV2__CH_0476,96
1943682c988f7744c205ea18__PDFV2__CH_0477__M,95
1943682c988f7744c205ea18__PDFV2__CH_0479__M,105
1943682c988f7744c205ea18__PDFV2__CH_0481,90
1943682c988f7744c205ea18__PDFV2__CH_0482,97
1943682c988f7744c205ea18__PDFV2__CH_0483,68
1943682c988f7744c205ea18__PDFV2__CH_0484,64
1943682c988f7744c205ea18__PDFV2__CH_0485,107
1943682c988f7744c205ea18__PDFV2__CH_0486,94
1943682c988f7744c205ea18__PDFV2__CH_0487,93
1943682c988f7744c205ea18__PDFV2__CH_0488,85
1943682c988f7744c205ea18__PDFV2__CH_0489,74
1943682c988f7744c205ea18__PDFV2__CH_0490,61
1943682c988f7744c205ea18__PDFV2__CH_0491,105
1943682c988f7744c205ea18__PDFV2__CH_0492,65
1943682c988f7744c205ea18__PDFV2__CH_0493,84
1943682c988f7744c205ea18__PDFV2__CH_0494,84
1943682c988f7744c205ea18__PDFV2__CH_0495,83
1943682c988f7744c205ea18__PDFV2__CH_0496,82
1943682c988f7744c205ea18__PDFV2__CH_0497,92
1943682c988f7744c205ea18__PDFV2__CH_0498,95
1943682c988f7744c205ea18__PDFV2__CH_0499,78
1943682c988f7744c205ea18__PDFV2__CH_0500,135
1943682c988f7744c205ea18__PDFV2__CH_0501,79
1943682c988f7744c205ea18__PDFV2__CH_0502,96
1943682c988f7744c205ea18__PDFV2__CH_0503,62
1943682c988f7744c205ea18__PDFV2__CH_0504,79
1943682c988f7744c205ea18__PDFV2__CH_0505,57
1943682c988f7744c205ea18__PDFV2__CH_0506,56
1943682c988f7744c205ea18__PDFV2__CH_0507,42
1943682c988f7744c205ea18__PDFV2__CH_0508,81
1943682c988f7744c205ea18__PDFV2__CH_0509,82
1943682c988f7744c205ea18__PDFV2__CH_0510,154
1943682c988f7744c205ea18__PDFV2__CH_0511,93
1943682c988f7744c205ea18__PDFV2__CH_0512,87
1943682c988f7744c205ea18__PDFV2__CH_0513,90
1943682c988f7744c205ea18__PDFV2__CH_0514,141
1943682c988f7744c205ea18__PDFV2__CH_0515,106
1943682c988f7744c205ea18__PDFV2__CH_0516,114
1943682c988f7744c205ea18__PDFV2__CH_0517,96
1943682c988f7744c205ea18__PDFV2__CH_0524__M,117
1943682c988f7744c205ea18__PDFV2__CH_0526,101
1943682c988f7744c205ea18__PDFV2__CH_0527,80
1943682c988f7744c205ea18__PDFV2__CH_0528,53
1943682c988f7744c205ea18__PDFV2__CH_0529,49
1943682c988f7744c205ea18__PDFV2__CH_0530,106
1943682c988f7744c205ea18__PDFV2__CH_0531,95
1943682c988f7744c205ea18__PDFV2__CH_0532,63
1943682c988f7744c205ea18__PDFV2__CH_0533,89
1943682c988f7744c205ea18__PDFV2__CH_0534,97
1943682c988f7744c205ea18__PDFV2__CH_0539,75
1943682c988f7744c205ea18__PDFV2__CH_0540,88
1943682c988f7744c205ea18__PDFV2__CH_0541,74
1943682c988f7744c205ea18__PDFV2__CH_0542,79
1943682c988f7744c205ea18__PDFV2__CH_0543,82
1943682c988f7744c205ea18__PDFV2__CH_0544,73
1943682c988f7744c205ea18__PDFV2__CH_0545,83
1943682c988f7744c205ea18__PDFV2__CH_0546,65
1943682c988f7744c205ea18__PDFV2__CH_0547,122
1943682c988f7744c205ea18__PDFV2__CH_0548,103
1943682c988f7744c205ea18__PDFV2__CH_0549,100
1943682c988f7744c205ea18__PDFV2__CH_0550,70
1943682c988f7744c205ea18__PDFV2__CH_0557,87
1943682c988f7744c205ea18__PDFV2__CH_0560,104
1943682c988f7744c205ea18__PDFV2__CH_0561,84
1943682c988f7744c205ea18__PDFV2__CH_0562,107
1943682c988f7744c205ea18__PDFV2__CH_0563,101
1943682c988f7744c205ea18__PDFV2__CH_0564,86
1943682c988f7744c205ea18__PDFV2__CH_0565,47
1943682c988f7744c205ea18__PDFV2__CH_0566__M,97
1943682c988f7744c205ea18__PDFV2__CH_0568,94
1943682c988f7744c205ea18__PDFV2__CH_0569,80
1943682c988f7744c205ea18__PDFV2__CH_0571__M,96
1943682c988f7744c205ea18__PDFV2__CH_0573,106
1943682c988f7744c205ea18__PDFV2__CH_0574,120
1943682c988f7744c205ea18__PDFV2__CH_0575,87
1943682c988f7744c205ea18__PDFV2__CH_0576,77
1943682c988f7744c205ea18__PDFV2__CH_0577,66
1943682c988f7744c205ea18__PDFV2__CH_0580,87
1943682c988f7744c205ea18__PDFV2__CH_0581,131
1943682c988f7744c205ea18__PDFV2__CH_0582,95
1943682c988f7744c205ea18__PDFV2__CH_0583,97
1943682c988f7744c205ea18__PDFV2__CH_0584,91
1943682c988f7744c205ea18__PDFV2__CH_0585,99
1943682c988f7744c205ea18__PDFV2__CH_0586,127
1943682c988f7744c205ea18__PDFV2__CH_0587,75
1943682c988f7744c205ea18__PDFV2__CH_0588,69
1943682c988f7744c205ea18__PDFV2__CH_0589,89
1943682c988f7744c205ea18__PDFV2__CH_0590,97
1943682c988f7744c205ea18__PDFV2__CH_0591,149
1943682c988f7744c205ea18__PDFV2__CH_0592,84
1943682c988f7744c205ea18__PDFV2__CH_0593,69
1943682c988f7744c205ea18__PDFV2__CH_0596,76
1943682c988f7744c205ea18__PDFV2__CH_0603,110
1943682c988f7744c205ea18__PDFV2__CH_0604,74
1943682c988f7744c205ea18__PDFV2__CH_0605,99
1943682c988f7744c205ea18__PDFV2__CH_0606,146
1943682c988f7744c205ea18__PDFV2__CH_0607__M,103
1943682c988f7744c205ea18__PDFV2__CH_0609,112
1943682c988f7744c205ea18__PDFV2__CH_0610,68
1943682c988f7744c205ea18__PDFV2__CH_0611,88
1943682c988f7744c205ea18__PDFV2__CH_0612,60
1943682c988f7744c205ea18__PDFV2__CH_0613,83
1943682c988f7744c205ea18__PDFV2__CH_0614,52
1943682c988f7744c205ea18__PDFV2__CH_0616,62
1943682c988f7744c205ea18__PDFV2__CH_0617,79
1943682c988f7744c205ea18__PDFV2__CH_0618,86
1943682c988f7744c205ea18__PDFV2__CH_0622,103
1943682c988f7744c205ea18__PDFV2__CH_0623,106
1943682c988f7744c205ea18__PDFV2__CH_0624,92
1943682c988f7744c205ea18__PDFV2__CH_0625,113
1943682c988f7744c205ea18__PDFV2__CH_0626,99
1943682c988f7744c205ea18__PDFV2__CH_0627,87
1943682c988f7744c205ea18__PDFV2__CH_0628,103
1943682c988f7744c205ea18__PDFV2__CH_0630,84
1943682c988f7744c205ea18__PDFV2__CH_0631,102
1943682c988f7744c205ea18__PDFV2__CH_0632,98
1943682c988f7744c205ea18__PDFV2__CH_0633,88
1943682c988f7744c205ea18__PDFV2__CH_0634,109
1943682c988f7744c205ea18__PDFV2__CH_0635,88
1943682c988f7744c205ea18__PDFV2__CH_0636,89
1943682c988f7744c205ea18__PDFV2__CH_0637,115
1943682c988f7744c205ea18__PDFV2__CH_0638,89
1943682c988f7744c205ea18__PDFV2__CH_0639,165
1943682c988f7744c205ea18__PDFV2__CH_0640,28
1943682c988f7744c205ea18__PDFV2__CH_0641,62
1943682c988f7744c205ea18__PDFV2__CH_0649,85
1943682c988f7744c205ea18__PDFV2__CH_0652,84
1943682c988f7744c205ea18__PDFV2__CH_0660,87
1943682c988f7744c205ea18__PDFV2__CH_0661__M,77
1943682c988f7744c205ea18__PDFV2__CH_0663,130
1943682c988f7744c205ea18__PDFV2__CH_0664,89
1943682c988f7744c205ea18__PDFV2__CH_0665,62
1943682c988f7744c205ea18__PDFV2__CH_0666,101
1943682c988f7744c205ea18__PDFV2__CH_0667,135
1943682c988f7744c205ea18__PDFV2__CH_0668,103
1943682c988f7744c205ea18__PDFV2__CH_0669,84
1943682c988f7744c205ea18__PDFV2__CH_0670,63
1943682c988f7744c205ea18__PDFV2__CH_0671,53
1943682c988f7744c205ea18__PDFV2__CH_0672,97
1943682c988f7744c205ea18__PDFV2__CH_0673__M,107
1943682c988f7744c205ea18__PDFV2__CH_0678,110
1943682c988f7744c205ea18__PDFV2__CH_0679,63
1943682c988f7744c205ea18__PDFV2__CH_0682,59
1943682c988f7744c205ea18__PDFV2__CH_0683,51
1943682c988f7744c205ea18__PDFV2__CH_0684,93
1943682c988f7744c205ea18__PDFV2__CH_0687,58
1943682c988f7744c205ea18__PDFV2__CH_0688,84
1943682c988f7744c205ea18__PDFV2__CH_0690,51
1943682c988f7744c205ea18__PDFV2__CH_0694,98
1943682c988f7744c205ea18__PDFV2__CH_0700,63
1943682c988f7744c205ea18__PDFV2__CH_0701,107
1943682c988f7744c205ea18__PDFV2__CH_0702,81
1943682c988f7744c205ea18__PDFV2__CH_0703,85
1943682c988f7744c205ea18__PDFV2__CH_0704,107
1943682c988f7744c205ea18__PDFV2__CH_0705,93
1943682c988f7744c205ea18__PDFV2__CH_0706,87
1943682c988f7744c205ea18__PDFV2__CH_0707,78
1943682c988f7744c205ea18__PDFV2__CH_0708,97
1943682c988f7744c205ea18__PDFV2__CH_0709,87
1943682c988f7744c205ea18__PDFV2__CH_0710,93
1943682c988f7744c205ea18__PDFV2__CH_0711,75
1943682c988f7744c205ea18__PDFV2__CH_0712,61
1943682c988f7744c205ea18__PDFV2__CH_0714,66
195a99ec51cfff3159964165__PDFV2__CH_0004,60
195a99ec51cfff3159964165__PDFV2__CH_0005,70
195a99ec51cfff3159964165__PDFV2__CH_0006,60
195a99ec51cfff3159964165__PDFV2__CH_0007,73
195a99ec51cfff3159964165__PDFV2__CH_0008,77
195a99ec51cfff3159964165__PDFV2__CH_0009,43
195a99ec51cfff3159964165__PDFV2__CH_0010,50
195a99ec51cfff3159964165__PDFV2__CH_0011,73
195a99ec51cfff3159964165__PDFV2__CH_0012,120
195a99ec51cfff3159964165__PDFV2__CH_0013,93
195a99ec51cfff3159964165__PDFV2__CH_0014,78
195a99ec51cfff3159964165__PDFV2__CH_0015,101
195a99ec51cfff3159964165__PDFV2__CH_0016,140
195a99ec51cfff3159964165__PDFV2__CH_0017,88
195a99ec51cfff3159964165__PDFV2__CH_0018,98
195a99ec51cfff3159964165__PDFV2__CH_0019,104
195a99ec51cfff3159964165__PDFV2__CH_0021,87
195a99ec51cfff3159964165__PDFV2__CH_0022,82
195a99ec51cfff3159964165__PDFV2__CH_0023,71
195a99ec51cfff3159964165__PDFV2__CH_0024,75
195a99ec51cfff3159964165__PDFV2__CH_0025,93
195a99ec51cfff3159964165__PDFV2__CH_0026,54
195a99ec51cfff3159964165__PDFV2__CH_0027,77
195a99ec51cfff3159964165__PDFV2__CH_0028,92
195a99ec51cfff3159964165__PDFV2__CH_0029,80
195a99ec51cfff3159964165__PDFV2__CH_0030,107
195a99ec51cfff3159964165__PDFV2__CH_0031,85
195a99ec51cfff3159964165__PDFV2__CH_0032,107
195a99ec51cfff3159964165__PDFV2__CH_0033,84
195a99ec51cfff3159964165__PDFV2__CH_0034,89
195a99ec51cfff3159964165__PDFV2__CH_0035,83
195a99ec51cfff3159964165__PDFV2__CH_0036,80
195a99ec51cfff3159964165__PDFV2__CH_0037,82
195a99ec51cfff3159964165__PDFV2__CH_0038,123
195a99ec51cfff3159964165__PDFV2__CH_0039,80
195a99ec51cfff3159964165__PDFV2__CH_0040,97
195a99ec51cfff3159964165__PDFV2__CH_0041,99
195a99ec51cfff3159964165__PDFV2__CH_0042,47
195a99ec51cfff3159964165__PDFV2__CH_0043,96
195a99ec51cfff3159964165__PDFV2__CH_0044,92
195a99ec51cfff3159964165__PDFV2__CH_0045,108
195a99ec51cfff3159964165__PDFV2__CH_0046,123
195a99ec51cfff3159964165__PDFV2__CH_0047,97
195a99ec51cfff3159964165__PDFV2__CH_0048,85
195a99ec51cfff3159964165__PDFV2__CH_0049,88
195a99ec51cfff3159964165__PDFV2__CH_0050,105
195a99ec51cfff3159964165__PDFV2__CH_0051,81
195a99ec51cfff3159964165__PDFV2__CH_0052,107
195a99ec51cfff3159964165__PDFV2__CH_0053,126
195a99ec51cfff3159964165__PDFV2__CH_0054,84
195a99ec51cfff3159964165__PDFV2__CH_0055,115
195a99ec51cfff3159964165__PDFV2__CH_0058,77
195a99ec51cfff3159964165__PDFV2__CH_0059,81
195a99ec51cfff3159964165__PDFV2__CH_0060,100
195a99ec51cfff3159964165__PDFV2__CH_0062,107
195a99ec51cfff3159964165__PDFV2__CH_0063,102
195a99ec51cfff3159964165__PDFV2__CH_0064,127
195a99ec51cfff3159964165__PDFV2__CH_0065__M,110
195a99ec51cfff3159964165__PDFV2__CH_0067,89
195a99ec51cfff3159964165__PDFV2__CH_0068,98
195a99ec51cfff3159964165__PDFV2__CH_0069,94
195a99ec51cfff3159964165__PDFV2__CH_0070,81
195a99ec51cfff3159964165__PDFV2__CH_0072,68
195a99ec51cfff3159964165__PDFV2__CH_0073,92
195a99ec51cfff3159964165__PDFV2__CH_0074,144
195a99ec51cfff3159964165__PDFV2__CH_0075,45
19a0aa3ab48be0427b3c885b__19a0aa3ab48be0427b3c885b__SEG_0001__CH_001,72
19a0aa3ab48be0427b3c885b__19a0aa3ab48be0427b3c885b__SEG_0001__CH_002,109
19cd7850b37b67074986b1ba__19cd7850b37b67074986b1ba__SEG_0001__CH_001,69
19cd7850b37b67074986b1ba__19cd7850b37b67074986b1ba__SEG_0001__CH_003,109
19cd7850b37b67074986b1ba__19cd7850b37b67074986b1ba__SEG_0001__CH_004,102
19cd7850b37b67074986b1ba__19cd7850b37b67074986b1ba__SEG_0001__CH_005,105
19cd7850b37b67074986b1ba__19cd7850b37b67074986b1ba__SEG_0001__CH_006,103
19cd7850b37b67074986b1ba__19cd7850b37b67074986b1ba__SEG_0001__CH_007,99
19cd7850b37b67074986b1ba__19cd7850b37b67074986b1ba__SEG_0001__CH_008,117
19cd7850b37b67074986b1ba__19cd7850b37b67074986b1ba__SEG_0001__CH_009,112
19fe60c8ffa2462d830d43de__19fe60c8ffa2462d830d43de__SEG_0001__CH_002,90
19fe60c8ffa2462d830d43de__19fe60c8ffa2462d830d43de__SEG_0001__CH_003,49
1a0b74ff4fa75af0a3f98f2d__1a0b74ff4fa75af0a3f98f2d__SEG_0001__CH_001,110
1a2b7b96d07f90a04255b802__PDFV2__CH_0003,127
1a2b7b96d07f90a04255b802__PDFV2__CH_0004,107
1a2b7b96d07f90a04255b802__PDFV2__CH_0006,77
1a2b7b96d07f90a04255b802__PDFV2__CH_0007,111
1a2b7b96d07f90a04255b802__PDFV2__CH_0008__M,106
1a2b7b96d07f90a04255b802__PDFV2__CH_0010,92
1a2b7b96d07f90a04255b802__PDFV2__CH_0011,81
1a2b7b96d07f90a04255b802__PDFV2__CH_0012,80
1a2b7b96d07f90a04255b802__PDFV2__CH_0013,112
1a2b7b96d07f90a04255b802__PDFV2__CH_0014,73
1a2b7b96d07f90a04255b802__PDFV2__CH_0015,82
1a2b7b96d07f90a04255b802__PDFV2__CH_0016__M,95
1a2b7b96d07f90a04255b802__PDFV2__CH_0018,73
1a2b7b96d07f90a04255b802__PDFV2__CH_0019,83
1a2b7b96d07f90a04255b802__PDFV2__CH_0020,74
1a2b7b96d07f90a04255b802__PDFV2__CH_0022,98
1a2b7b96d07f90a04255b802__PDFV2__CH_0023,95
1a2b7b96d07f90a04255b802__PDFV2__CH_0024,108
1a2b7b96d07f90a04255b802__PDFV2__CH_0025,104
1a2b7b96d07f90a04255b802__PDFV2__CH_0026,114
1a2b7b96d07f90a04255b802__PDFV2__CH_0027,103
1a2b7b96d07f90a04255b802__PDFV2__CH_0028,124
1a2b7b96d07f90a04255b802__PDFV2__CH_0029,101
1a2b7b96d07f90a04255b802__PDFV2__CH_0030,92
1a2b7b96d07f90a04255b802__PDFV2__CH_0032,105
1a2b7b96d07f90a04255b802__PDFV2__CH_0033,77
1a2b7b96d07f90a04255b802__PDFV2__CH_0034,111
1a2b7b96d07f90a04255b802__PDFV2__CH_0035,87
1a2b7b96d07f90a04255b802__PDFV2__CH_0036,87
1a2b7b96d07f90a04255b802__PDFV2__CH_0037,92
1a2b7b96d07f90a04255b802__PDFV2__CH_0038,88
1a2b7b96d07f90a04255b802__PDFV2__CH_0039,110
1a2b7b96d07f90a04255b802__PDFV2__CH_0040,119
1a2b7b96d07f90a04255b802__PDFV2__CH_0041,97
1a2b7b96d07f90a04255b802__PDFV2__CH_0042,67
1a2b7b96d07f90a04255b802__PDFV2__CH_0043,117
1a2b7b96d07f90a04255b802__PDFV2__CH_0045,109
1a2b7b96d07f90a04255b802__PDFV2__CH_0046,77
1a2b7b96d07f90a04255b802__PDFV2__CH_0047,86
1a2b7b96d07f90a04255b802__PDFV2__CH_0048,73
1a2b7b96d07f90a04255b802__PDFV2__CH_0049,66
1a2b7b96d07f90a04255b802__PDFV2__CH_0050,112
1a2b7b96d07f90a04255b802__PDFV2__CH_0051,72
1a2b7b96d07f90a04255b802__PDFV2__CH_0052,70
1a2b7b96d07f90a04255b802__PDFV2__CH_0053,94
1a2b7b96d07f90a04255b802__PDFV2__CH_0054,65
1a2b7b96d07f90a04255b802__PDFV2__CH_0055,109
1a2b7b96d07f90a04255b802__PDFV2__CH_0056__M,66
1a2b7b96d07f90a04255b802__PDFV2__CH_0058,75
1a2b7b96d07f90a04255b802__PDFV2__CH_0059,115
1a2b7b96d07f90a04255b802__PDFV2__CH_0060,67
1a2b7b96d07f90a04255b802__PDFV2__CH_0061,58
1a2b7b96d07f90a04255b802__PDFV2__CH_0062,147
1a2b7b96d07f90a04255b802__PDFV2__CH_0063,76
1a2b7b96d07f90a04255b802__PDFV2__CH_0064,86
1a2b7b96d07f90a04255b802__PDFV2__CH_0065,117
1a2b7b96d07f90a04255b802__PDFV2__CH_0066,110
1a2b7b96d07f90a04255b802__PDFV2__CH_0067,89
1a2b7b96d07f90a04255b802__PDFV2__CH_0068,67
1a2b7b96d07f90a04255b802__PDFV2__CH_0069,91
1a2b7b96d07f90a04255b802__PDFV2__CH_0070,90
1a2b7b96d07f90a04255b802__PDFV2__CH_0071,69
1a2b7b96d07f90a04255b802__PDFV2__CH_0072,100
1a2b7b96d07f90a04255b802__PDFV2__CH_0073,101
1a2b7b96d07f90a04255b802__PDFV2__CH_0074,82
1a2b7b96d07f90a04255b802__PDFV2__CH_0075,99
1a2b7b96d07f90a04255b802__PDFV2__CH_0076,76
1a2b7b96d07f90a04255b802__PDFV2__CH_0077,71
1a2b7b96d07f90a04255b802__PDFV2__CH_0078,96
1a2b7b96d07f90a04255b802__PDFV2__CH_0079,72
1a2b7b96d07f90a04255b802__PDFV2__CH_0080,73
1a2b7b96d07f90a04255b802__PDFV2__CH_0081__M,120
1a2b7b96d07f90a04255b802__PDFV2__CH_0083,62
1a2b7b96d07f90a04255b802__PDFV2__CH_0084,110
1a2b7b96d07f90a04255b802__PDFV2__CH_0086,100
1a2b7b96d07f90a04255b802__PDFV2__CH_0087,57
1a2b7b96d07f90a04255b802__PDFV2__CH_0088,104
1a2b7b96d07f90a04255b802__PDFV2__CH_0089,63
1a2b7b96d07f90a04255b802__PDFV2__CH_0090,53
1a2b7b96d07f90a04255b802__PDFV2__CH_0091,93
1a2b7b96d07f90a04255b802__PDFV2__CH_0092,78
1a2b7b96d07f90a04255b802__PDFV2__CH_0093,114
1a2b7b96d07f90a04255b802__PDFV2__CH_0094,139
1a2b7b96d07f90a04255b802__PDFV2__CH_0095,85
1a2b7b96d07f90a04255b802__PDFV2__CH_0096,88
1a2b7b96d07f90a04255b802__PDFV2__CH_0097,62
1a2b7b96d07f90a04255b802__PDFV2__CH_0098__M,74
1a2b7b96d07f90a04255b802__PDFV2__CH_0100,79
1a2b7b96d07f90a04255b802__PDFV2__CH_0101,89
1a2b7b96d07f90a04255b802__PDFV2__CH_0102,72
1a2b7b96d07f90a04255b802__PDFV2__CH_0103__M,120
1a2b7b96d07f90a04255b802__PDFV2__CH_0105,78
1a2b7b96d07f90a04255b802__PDFV2__CH_0106,105
1a2b7b96d07f90a04255b802__PDFV2__CH_0107,67
1a2b7b96d07f90a04255b802__PDFV2__CH_0108,63
1a2b7b96d07f90a04255b802__PDFV2__CH_0109,77
1a2b7b96d07f90a04255b802__PDFV2__CH_0110,135
1a2b7b96d07f90a04255b802__PDFV2__CH_0111,97
1a5e801ab667fbdf60778af5__PDFV2__CH_0001,85
1a5e801ab667fbdf60778af5__PDFV2__CH_0002,95
1a5e801ab667fbdf60778af5__PDFV2__CH_0003,103
1a5e801ab667fbdf60778af5__PDFV2__CH_0004,110
1a5e801ab667fbdf60778af5__PDFV2__CH_0005,121
1a5e801ab667fbdf60778af5__PDFV2__CH_0006,37
1a818dd0b7b3bce9ea66653d__1a818dd0b7b3bce9ea66653d__SEG_0001__CH_001,48
1a818dd0b7b3bce9ea66653d__1a818dd0b7b3bce9ea66653d__SEG_0001__CH_002,55
1a818dd0b7b3bce9ea66653d__1a818dd0b7b3bce9ea66653d__SEG_0001__CH_003,30
1a9030ce837a3d5c61b80299__1a9030ce837a3d5c61b80299__SEG_0001__CH_001,66
1a9030ce837a3d5c61b80299__1a9030ce837a3d5c61b80299__SEG_0001__CH_002,64
1a9030ce837a3d5c61b80299__1a9030ce837a3d5c61b80299__SEG_0001__CH_003,90
1a9030ce837a3d5c61b80299__1a9030ce837a3d5c61b80299__SEG_0001__CH_005,73
1a9030ce837a3d5c61b80299__1a9030ce837a3d5c61b80299__SEG_0001__CH_006,78
1a909569a4a042993017800b__1a909569a4a042993017800b__SEG_0001__CH_002,110
1a909569a4a042993017800b__1a909569a4a042993017800b__SEG_0001__CH_003,91
1a909569a4a042993017800b__1a909569a4a042993017800b__SEG_0001__CH_004,84
1ae1ed374d2f36919362c6f0__1ae1ed374d2f36919362c6f0__SEG_0001__CH_001,71
1ae1ed374d2f36919362c6f0__1ae1ed374d2f36919362c6f0__SEG_0001__CH_002,75
1ae1ed374d2f36919362c6f0__1ae1ed374d2f36919362c6f0__SEG_0001__CH_003,85
1b18e86b5b8c7bcda9a757fe__1b18e86b5b8c7bcda9a757fe__SEG_0001__CH_001,127
1b18e86b5b8c7bcda9a757fe__1b18e86b5b8c7bcda9a757fe__SEG_0001__CH_002,96
1b18e86b5b8c7bcda9a757fe__1b18e86b5b8c7bcda9a757fe__SEG_0001__CH_003,175
1b18e86b5b8c7bcda9a757fe__1b18e86b5b8c7bcda9a757fe__SEG_0001__CH_004,93
1b380cf5ff07d4f27510a4c7__1b380cf5ff07d4f27510a4c7__SEG_0001__CH_001,103
1b380cf5ff07d4f27510a4c7__1b380cf5ff07d4f27510a4c7__SEG_0001__CH_002,39
1b456ff98ae9df6db6f63adb__1b456ff98ae9df6db6f63adb__SEG_0001__CH_001,103
1b456ff98ae9df6db6f63adb__1b456ff98ae9df6db6f63adb__SEG_0001__CH_002,64
1b456ff98ae9df6db6f63adb__1b456ff98ae9df6db6f63adb__SEG_0001__CH_003,117
1b456ff98ae9df6db6f63adb__1b456ff98ae9df6db6f63adb__SEG_0001__CH_004,47
1babe306152310b6d4a986cd__1babe306152310b6d4a986cd__SEG_0001__CH_002,66
1badeee0ab325a87a1786a38__1badeee0ab325a87a1786a38__SEG_0001__CH_001,96
1badeee0ab325a87a1786a38__1badeee0ab325a87a1786a38__SEG_0001__CH_002,83
1bbd17dc2ff0f8c7823e2bf0__1bbd17dc2ff0f8c7823e2bf0__SEG_0001__CH_001,92
1bbd17dc2ff0f8c7823e2bf0__1bbd17dc2ff0f8c7823e2bf0__SEG_0001__CH_002,71
1bcc0e08db2d894524cff484__PDFV2__CH_0001,90
1bcc0e08db2d894524cff484__PDFV2__CH_0002,73
1bcc0e08db2d894524cff484__PDFV2__CH_0003,55
1bcc0e08db2d894524cff484__PDFV2__CH_0004,70
1bccb28e8cfa67ae19929533__PDFV2__CH_0001,91
1bccb28e8cfa67ae19929533__PDFV2__CH_0002,102
1be0755402f1390f9d35646a__PDFV2__CH_0001,96
1be0755402f1390f9d35646a__PDFV2__CH_0002,47
1be0755402f1390f9d35646a__PDFV2__CH_0003,98
1be0755402f1390f9d35646a__PDFV2__CH_0004,79
1cdc0644df7c7101ea1a119c__PDFV2__CH_0001,94
1cdc0644df7c7101ea1a119c__PDFV2__CH_0002,144
1cdc0644df7c7101ea1a119c__PDFV2__CH_0003,96
1cdc0644df7c7101ea1a119c__PDFV2__CH_0004,115
1cdc0644df7c7101ea1a119c__PDFV2__CH_0005,87
1cdc0644df7c7101ea1a119c__PDFV2__CH_0006,72
1cdc0644df7c7101ea1a119c__PDFV2__CH_0007,83
1cdc0644df7c7101ea1a119c__PDFV2__CH_0008,68
1cdc0644df7c7101ea1a119c__PDFV2__CH_0009,74
1cdc0644df7c7101ea1a119c__PDFV2__CH_0010,60
1cdc0644df7c7101ea1a119c__PDFV2__CH_0011,77
1cdc0644df7c7101ea1a119c__PDFV2__CH_0013,96
1cdc0644df7c7101ea1a119c__PDFV2__CH_0014,74
1cdc0644df7c7101ea1a119c__PDFV2__CH_0015,71
1cdc0644df7c7101ea1a119c__PDFV2__CH_0016,97
1cdc0644df7c7101ea1a119c__PDFV2__CH_0017,112
1cdc0644df7c7101ea1a119c__PDFV2__CH_0018,117
1cdc0644df7c7101ea1a119c__PDFV2__CH_0019,219
1cdc0644df7c7101ea1a119c__PDFV2__CH_0020,104
1cdc0644df7c7101ea1a119c__PDFV2__CH_0021,82
1cebbb9e8210e8ea664d7c7b__PDFV2__CH_0001,45
1cebbb9e8210e8ea664d7c7b__PDFV2__CH_0002,88
1cebbb9e8210e8ea664d7c7b__PDFV2__CH_0003,85
1cebbb9e8210e8ea664d7c7b__PDFV2__CH_0005,56
1cebbb9e8210e8ea664d7c7b__PDFV2__CH_0006,91
1cebbb9e8210e8ea664d7c7b__PDFV2__CH_0007,84
1cebbb9e8210e8ea664d7c7b__PDFV2__CH_0008,64
1cebbb9e8210e8ea664d7c7b__PDFV2__CH_0009,72
1cf52a90c7601894fa2c8054__PDFV2__CH_0005,111
1cf52a90c7601894fa2c8054__PDFV2__CH_0006,66
1cf52a90c7601894fa2c8054__PDFV2__CH_0007,81
1cf52a90c7601894fa2c8054__PDFV2__CH_0008,82
1cf52a90c7601894fa2c8054__PDFV2__CH_0012,92
1cf52a90c7601894fa2c8054__PDFV2__CH_0013,77
1d2b8dc27efc8acad84a1fc5__PDFV2__CH_0001,53
1d2b8dc27efc8acad84a1fc5__PDFV2__CH_0002,124
1d2b8dc27efc8acad84a1fc5__PDFV2__CH_0003,95
1d2b8dc27efc8acad84a1fc5__PDFV2__CH_0004,62
1d2b8dc27efc8acad84a1fc5__PDFV2__CH_0005,82
1d2b8dc27efc8acad84a1fc5__PDFV2__CH_0006,69
1d2b8dc27efc8acad84a1fc5__PDFV2__CH_0007,82
1d8f64230fb7f418b16a46ba__1d8f64230fb7f418b16a46ba__SEG_0001__CH_002,102
1d8f64230fb7f418b16a46ba__1d8f64230fb7f418b16a46ba__SEG_0001__CH_003,100
1d8f64230fb7f418b16a46ba__1d8f64230fb7f418b16a46ba__SEG_0001__CH_004,128
1d8f64230fb7f418b16a46ba__1d8f64230fb7f418b16a46ba__SEG_0001__CH_005,90
1db32f2d2f0d65b6b46a9328__PDFV2__CH_0001,84
1db32f2d2f0d65b6b46a9328__PDFV2__CH_0002,84
1db32f2d2f0d65b6b46a9328__PDFV2__CH_0003,62
1db32f2d2f0d65b6b46a9328__PDFV2__CH_0004,85
1db32f2d2f0d65b6b46a9328__PDFV2__CH_0005__M,61
1db32f2d2f0d65b6b46a9328__PDFV2__CH_0007,66
1db32f2d2f0d65b6b46a9328__PDFV2__CH_0008,100
1db32f2d2f0d65b6b46a9328__PDFV2__CH_0009,163
1db32f2d2f0d65b6b46a9328__PDFV2__CH_0010,117
1db32f2d2f0d65b6b46a9328__PDFV2__CH_0011,120
1db54b68a6a44897f5c749ce__PDFV2__CH_0001,94
1db54b68a6a44897f5c749ce__PDFV2__CH_0003,77
1db54b68a6a44897f5c749ce__PDFV2__CH_0004,129
1db54b68a6a44897f5c749ce__PDFV2__CH_0005,67
1db54b68a6a44897f5c749ce__PDFV2__CH_0006,119
1db54b68a6a44897f5c749ce__PDFV2__CH_0007,115
1db54b68a6a44897f5c749ce__PDFV2__CH_0008,100
1db54b68a6a44897f5c749ce__PDFV2__CH_0009,70
1db54b68a6a44897f5c749ce__PDFV2__CH_0010,67
1db54b68a6a44897f5c749ce__PDFV2__CH_0011,100
1db54b68a6a44897f5c749ce__PDFV2__CH_0012,101
1db54b68a6a44897f5c749ce__PDFV2__CH_0013,68
1db54b68a6a44897f5c749ce__PDFV2__CH_0015,62
1db54b68a6a44897f5c749ce__PDFV2__CH_0016,138
1db54b68a6a44897f5c749ce__PDFV2__CH_0017,43
1db54b68a6a44897f5c749ce__PDFV2__CH_0018,100
1db54b68a6a44897f5c749ce__PDFV2__CH_0019,83
1db54b68a6a44897f5c749ce__PDFV2__CH_0020,129
1db54b68a6a44897f5c749ce__PDFV2__CH_0021,86
1db54b68a6a44897f5c749ce__PDFV2__CH_0022,108
1db54b68a6a44897f5c749ce__PDFV2__CH_0023,86
1db54b68a6a44897f5c749ce__PDFV2__CH_0024,130
1db54b68a6a44897f5c749ce__PDFV2__CH_0025,93
1db54b68a6a44897f5c749ce__PDFV2__CH_0026,92
1db54b68a6a44897f5c749ce__PDFV2__CH_0027,106
1db54b68a6a44897f5c749ce__PDFV2__CH_0028,105
1db54b68a6a44897f5c749ce__PDFV2__CH_0029,64
1db54b68a6a44897f5c749ce__PDFV2__CH_0030,118
1db54b68a6a44897f5c749ce__PDFV2__CH_0031,170
1db54b68a6a44897f5c749ce__PDFV2__CH_0032,127
1db54b68a6a44897f5c749ce__PDFV2__CH_0033,77
1db54b68a6a44897f5c749ce__PDFV2__CH_0034,73
1db54b68a6a44897f5c749ce__PDFV2__CH_0035,70
1db54b68a6a44897f5c749ce__PDFV2__CH_0036,124
1db54b68a6a44897f5c749ce__PDFV2__CH_0037,120
1db54b68a6a44897f5c749ce__PDFV2__CH_0038,57
1db54b68a6a44897f5c749ce__PDFV2__CH_0039,66
1db54b68a6a44897f5c749ce__PDFV2__CH_0041,98
1db54b68a6a44897f5c749ce__PDFV2__CH_0042,63
1db54b68a6a44897f5c749ce__PDFV2__CH_0044,103
1db54b68a6a44897f5c749ce__PDFV2__CH_0045,92
1db54b68a6a44897f5c749ce__PDFV2__CH_0046,105
1db54b68a6a44897f5c749ce__PDFV2__CH_0047,113
1db54b68a6a44897f5c749ce__PDFV2__CH_0049,110
1db54b68a6a44897f5c749ce__PDFV2__CH_0050,139
1db54b68a6a44897f5c749ce__PDFV2__CH_0051,105
1db54b68a6a44897f5c749ce__PDFV2__CH_0052,70
1db54b68a6a44897f5c749ce__PDFV2__CH_0053,112
1db54b68a6a44897f5c749ce__PDFV2__CH_0054,124
1db54b68a6a44897f5c749ce__PDFV2__CH_0055,122
1db54b68a6a44897f5c749ce__PDFV2__CH_0057__M,94
1db54b68a6a44897f5c749ce__PDFV2__CH_0059,102
1db54b68a6a44897f5c749ce__PDFV2__CH_0060,140
1db54b68a6a44897f5c749ce__PDFV2__CH_0061,125
1db54b68a6a44897f5c749ce__PDFV2__CH_0062,93
1db54b68a6a44897f5c749ce__PDFV2__CH_0064,85
1db54b68a6a44897f5c749ce__PDFV2__CH_0066,100
1db54b68a6a44897f5c749ce__PDFV2__CH_0067,77
1dd7d4f26525eccc6d16a7ed__PDFV2__CH_0002,68
1dd7d4f26525eccc6d16a7ed__PDFV2__CH_0003,84
1dd7d4f26525eccc6d16a7ed__PDFV2__CH_0004,108
1dd7d4f26525eccc6d16a7ed__PDFV2__CH_0005,62
1dd7d4f26525eccc6d16a7ed__PDFV2__CH_0006,87
1dd7d4f26525eccc6d16a7ed__PDFV2__CH_0007,89
1dd7d4f26525eccc6d16a7ed__PDFV2__CH_0008,85
1dd7d4f26525eccc6d16a7ed__PDFV2__CH_0009,75
1dd7d4f26525eccc6d16a7ed__PDFV2__CH_0010,107
1dd7d4f26525eccc6d16a7ed__PDFV2__CH_0011,91
1dd7d4f26525eccc6d16a7ed__PDFV2__CH_0012,89
1dd7d4f26525eccc6d16a7ed__PDFV2__CH_0013,95
1dd7d4f26525eccc6d16a7ed__PDFV2__CH_0014,72
1dd7d4f26525eccc6d16a7ed__PDFV2__CH_0015,79
1dd7d4f26525eccc6d16a7ed__PDFV2__CH_0016,79
1dd7d4f26525eccc6d16a7ed__PDFV2__CH_0017,65
1dd7d4f26525eccc6d16a7ed__PDFV2__CH_0018,89
1dd7d4f26525eccc6d16a7ed__PDFV2__CH_0019,45
1dd7d4f26525eccc6d16a7ed__PDFV2__CH_0020,118
1dd7d4f26525eccc6d16a7ed__PDFV2__CH_0021,55
1dd7d4f26525eccc6d16a7ed__PDFV2__CH_0022,82
1dd7d4f26525eccc6d16a7ed__PDFV2__CH_0023,70
1dd7d4f26525eccc6d16a7ed__PDFV2__CH_0024,92
1dd7d4f26525eccc6d16a7ed__PDFV2__CH_0025,75
1dd7d4f26525eccc6d16a7ed__PDFV2__CH_0026,106
1dd7d4f26525eccc6d16a7ed__PDFV2__CH_0027,89
1dd7d4f26525eccc6d16a7ed__PDFV2__CH_0028,114
1dd7d4f26525eccc6d16a7ed__PDFV2__CH_0029,99
1dd7d4f26525eccc6d16a7ed__PDFV2__CH_0030,92
1dd7d4f26525eccc6d16a7ed__PDFV2__CH_0032,61
1dd7d4f26525eccc6d16a7ed__PDFV2__CH_0033,70
1dd7d4f26525eccc6d16a7ed__PDFV2__CH_0034,97
1dd7d4f26525eccc6d16a7ed__PDFV2__CH_0035,42
1dd7d4f26525eccc6d16a7ed__PDFV2__CH_0036,82
1dd7d4f26525eccc6d16a7ed__PDFV2__CH_0037,67
1dd7d4f26525eccc6d16a7ed__PDFV2__CH_0038,88
1dd7d4f26525eccc6d16a7ed__PDFV2__CH_0039,65
1dd7d4f26525eccc6d16a7ed__PDFV2__CH_0040,85
1dd7d4f26525eccc6d16a7ed__PDFV2__CH_0041,90
1dd7d4f26525eccc6d16a7ed__PDFV2__CH_0042,66
1dd7d4f26525eccc6d16a7ed__PDFV2__CH_0043,68
1dd7d4f26525eccc6d16a7ed__PDFV2__CH_0044,77
1e5830ea1ee82e0c1437e626__1e5830ea1ee82e0c1437e626__SEG_0001__CH_001,64
1e5830ea1ee82e0c1437e626__1e5830ea1ee82e0c1437e626__SEG_0001__CH_002,122
1e5830ea1ee82e0c1437e626__1e5830ea1ee82e0c1437e626__SEG_0001__CH_004,70
1e5830ea1ee82e0c1437e626__1e5830ea1ee82e0c1437e626__SEG_0001__CH_005,79
1e5830ea1ee82e0c1437e626__1e5830ea1ee82e0c1437e626__SEG_0001__CH_006,68
1e5830ea1ee82e0c1437e626__1e5830ea1ee82e0c1437e626__SEG_0001__CH_009,64
1e5830ea1ee82e0c1437e626__1e5830ea1ee82e0c1437e626__SEG_0001__CH_010,87
1e5830ea1ee82e0c1437e626__1e5830ea1ee82e0c1437e626__SEG_0001__CH_011,97
1eeaa3026f7519f5c05bb069__1eeaa3026f7519f5c05bb069__SEG_0001__CH_001,112
1eeaa3026f7519f5c05bb069__1eeaa3026f7519f5c05bb069__SEG_0001__CH_002,101
1eeaa3026f7519f5c05bb069__1eeaa3026f7519f5c05bb069__SEG_0002__CH_001,88
1eeaa3026f7519f5c05bb069__1eeaa3026f7519f5c05bb069__SEG_0002__CH_002,106
1f54a7dd5d8939c1939c7280__1f54a7dd5d8939c1939c7280__SEG_0001__CH_001,79
1f6d43de6bf1851c1890bbc6__PDFV2__CH_0004,71
1f6d43de6bf1851c1890bbc6__PDFV2__CH_0005,68
1f6d43de6bf1851c1890bbc6__PDFV2__CH_0006,66
1f6d43de6bf1851c1890bbc6__PDFV2__CH_0007,66
1f6d43de6bf1851c1890bbc6__PDFV2__CH_0008,109
1f6d43de6bf1851c1890bbc6__PDFV2__CH_0009,84
1f6d43de6bf1851c1890bbc6__PDFV2__CH_0010,74
1f6d43de6bf1851c1890bbc6__PDFV2__CH_0011,94
1f6d43de6bf1851c1890bbc6__PDFV2__CH_0012,71
1f6d43de6bf1851c1890bbc6__PDFV2__CH_0013,92
1f6d43de6bf1851c1890bbc6__PDFV2__CH_0014,92
1f6d43de6bf1851c1890bbc6__PDFV2__CH_0015,93
1f6d43de6bf1851c1890bbc6__PDFV2__CH_0016,74
1f6d43de6bf1851c1890bbc6__PDFV2__CH_0017,101
1f6d43de6bf1851c1890bbc6__PDFV2__CH_0018,85
1f6d43de6bf1851c1890bbc6__PDFV2__CH_0019__M,98
1f6d43de6bf1851c1890bbc6__PDFV2__CH_0021,94
1f6d43de6bf1851c1890bbc6__PDFV2__CH_0022,97
1f6d43de6bf1851c1890bbc6__PDFV2__CH_0023,106
1f6d43de6bf1851c1890bbc6__PDFV2__CH_0024,97
1f6d43de6bf1851c1890bbc6__PDFV2__CH_0025,87
1f6d43de6bf1851c1890bbc6__PDFV2__CH_0026,59
1f6d43de6bf1851c1890bbc6__PDFV2__CH_0027,79
1f6d43de6bf1851c1890bbc6__PDFV2__CH_0028,94
1f6d43de6bf1851c1890bbc6__PDFV2__CH_0029,68
1f6d43de6bf1851c1890bbc6__PDFV2__CH_0030,95
1f6d43de6bf1851c1890bbc6__PDFV2__CH_0031,63
1f6d43de6bf1851c1890bbc6__PDFV2__CH_0032,80
1f6d43de6bf1851c1890bbc6__PDFV2__CH_0033,61
1f6d43de6bf1851c1890bbc6__PDFV2__CH_0034,147
1f6d43de6bf1851c1890bbc6__PDFV2__CH_0035,68
1f6d43de6bf1851c1890bbc6__PDFV2__CH_0036,124
1f81e3446744a4a412f4d407__PDFV2__CH_0001,73
1f81e3446744a4a412f4d407__PDFV2__CH_0002,152
1f81e3446744a4a412f4d407__PDFV2__CH_0003,89
1f81e3446744a4a412f4d407__PDFV2__CH_0004,115
1f81e3446744a4a412f4d407__PDFV2__CH_0005,74
1f81e3446744a4a412f4d407__PDFV2__CH_0006,60
1f81e3446744a4a412f4d407__PDFV2__CH_0007,90
1f81e3446744a4a412f4d407__PDFV2__CH_0010,66
1f81e3446744a4a412f4d407__PDFV2__CH_0011,67
1f81e3446744a4a412f4d407__PDFV2__CH_0012,112
1f81e3446744a4a412f4d407__PDFV2__CH_0013,36
1f81e3446744a4a412f4d407__PDFV2__CH_0015,83
1f81e3446744a4a412f4d407__PDFV2__CH_0016,84
1f81e3446744a4a412f4d407__PDFV2__CH_0017,78
1f81e3446744a4a412f4d407__PDFV2__CH_0018,59
1f81e3446744a4a412f4d407__PDFV2__CH_0019,67
1f81e3446744a4a412f4d407__PDFV2__CH_0020,66
1f81e3446744a4a412f4d407__PDFV2__CH_0021,76
1f81e3446744a4a412f4d407__PDFV2__CH_0022,126
1f81e3446744a4a412f4d407__PDFV2__CH_0023,86
1f81e3446744a4a412f4d407__PDFV2__CH_0024,67
1f81e3446744a4a412f4d407__PDFV2__CH_0025,95
1f81e3446744a4a412f4d407__PDFV2__CH_0026,56
1f81e3446744a4a412f4d407__PDFV2__CH_0027,170
1f81e3446744a4a412f4d407__PDFV2__CH_0028,118
1f81e3446744a4a412f4d407__PDFV2__CH_0029,69
1f9ca494bf49c82a68235a64__1f9ca494bf49c82a68235a64__SEG_0001__CH_001,79
2001271a175f4bf8cdb99953__2001271a175f4bf8cdb99953__SEG_0001__CH_001,54
200a88e602d16026b4bbb29a__PDFV2__CH_0001,74
200a88e602d16026b4bbb29a__PDFV2__CH_0002,89
200a88e602d16026b4bbb29a__PDFV2__CH_0003,99
200a88e602d16026b4bbb29a__PDFV2__CH_0004,77
200a88e602d16026b4bbb29a__PDFV2__CH_0005,67
200a88e602d16026b4bbb29a__PDFV2__CH_0009,88
200d9976df62f0a3a0033aa0__200d9976df62f0a3a0033aa0__SEG_0001__CH_001,81
200d9976df62f0a3a0033aa0__200d9976df62f0a3a0033aa0__SEG_0001__CH_002,95
204913846c333b5a2e076159__204913846c333b5a2e076159__SEG_0001__CH_001,198
204913846c333b5a2e076159__204913846c333b5a2e076159__SEG_0001__CH_002,127
205eeab6c1f6b19f4ba61512__PDFV2__CH_0001,96
205eeab6c1f6b19f4ba61512__PDFV2__CH_0002,83
205eeab6c1f6b19f4ba61512__PDFV2__CH_0003,97
205eeab6c1f6b19f4ba61512__PDFV2__CH_0004,47
205eeab6c1f6b19f4ba61512__PDFV2__CH_0005,69
205eeab6c1f6b19f4ba61512__PDFV2__CH_0006,126
205eeab6c1f6b19f4ba61512__PDFV2__CH_0007,98
205eeab6c1f6b19f4ba61512__PDFV2__CH_0008,91
205eeab6c1f6b19f4ba61512__PDFV2__CH_0009,94
205eeab6c1f6b19f4ba61512__PDFV2__CH_0010,58
205eeab6c1f6b19f4ba61512__PDFV2__CH_0011,144
20a4f72eb1c1d676b8322e8d__20a4f72eb1c1d676b8322e8d__SEG_0001__CH_001,86
20a4f72eb1c1d676b8322e8d__20a4f72eb1c1d676b8322e8d__SEG_0001__CH_002,85
20a4f72eb1c1d676b8322e8d__20a4f72eb1c1d676b8322e8d__SEG_0001__CH_003,82
20a4f72eb1c1d676b8322e8d__20a4f72eb1c1d676b8322e8d__SEG_0001__CH_004,99
20a4f72eb1c1d676b8322e8d__20a4f72eb1c1d676b8322e8d__SEG_0001__CH_005,96
20a4f72eb1c1d676b8322e8d__20a4f72eb1c1d676b8322e8d__SEG_0001__CH_006,76
20a4f72eb1c1d676b8322e8d__20a4f72eb1c1d676b8322e8d__SEG_0001__CH_007,87
20f901bd8ff7fbbd8354e354__20f901bd8ff7fbbd8354e354__SEG_0001__CH_002,83
20f901bd8ff7fbbd8354e354__20f901bd8ff7fbbd8354e354__SEG_0001__CH_003,108
20fa1f639a39aa38cd3104fa__20fa1f639a39aa38cd3104fa__SEG_0001__CH_001,48
2107870904767d5d52470b4e__2107870904767d5d52470b4e__SEG_0001__CH_001,65
2107870904767d5d52470b4e__2107870904767d5d52470b4e__SEG_0001__CH_002,63
2107870904767d5d52470b4e__2107870904767d5d52470b4e__SEG_0001__CH_003,42
2107870904767d5d52470b4e__2107870904767d5d52470b4e__SEG_0001__CH_004,55
2107870904767d5d52470b4e__2107870904767d5d52470b4e__SEG_0001__CH_005,96
2107870904767d5d52470b4e__2107870904767d5d52470b4e__SEG_0001__CH_006,78
211e51ad9e08a7c8f567cf9a__211e51ad9e08a7c8f567cf9a__SEG_0001__CH_001,102
211e51ad9e08a7c8f567cf9a__211e51ad9e08a7c8f567cf9a__SEG_0001__CH_002,75
211e51ad9e08a7c8f567cf9a__211e51ad9e08a7c8f567cf9a__SEG_0001__CH_004,101
211e51ad9e08a7c8f567cf9a__211e51ad9e08a7c8f567cf9a__SEG_0001__CH_005,119
211e51ad9e08a7c8f567cf9a__211e51ad9e08a7c8f567cf9a__SEG_0001__CH_006,113
2158694c31625b4f9d38f5ce__2158694c31625b4f9d38f5ce__SEG_0001__CH_001,104
218da206325ea16902d28d81__218da206325ea16902d28d81__SEG_0001__CH_001,77
218da206325ea16902d28d81__218da206325ea16902d28d81__SEG_0001__CH_002,104
218da206325ea16902d28d81__218da206325ea16902d28d81__SEG_0001__CH_003,73
218da206325ea16902d28d81__218da206325ea16902d28d81__SEG_0001__CH_004,92
21bc7deb22db5047827c6590__PDFV2__CH_0001,54
21bc7deb22db5047827c6590__PDFV2__CH_0002,65
21bc7deb22db5047827c6590__PDFV2__CH_0003,53
2206a9a9eec40cce3431efcf__PDFV2__CH_0002,67
2206a9a9eec40cce3431efcf__PDFV2__CH_0003,88
2206a9a9eec40cce3431efcf__PDFV2__CH_0005,79
2206a9a9eec40cce3431efcf__PDFV2__CH_0007,92
2206a9a9eec40cce3431efcf__PDFV2__CH_0008,72
2206a9a9eec40cce3431efcf__PDFV2__CH_0009,68
2206a9a9eec40cce3431efcf__PDFV2__CH_0010,85
2206a9a9eec40cce3431efcf__PDFV2__CH_0011,89
2206a9a9eec40cce3431efcf__PDFV2__CH_0012,93
2206a9a9eec40cce3431efcf__PDFV2__CH_0014,100
2206a9a9eec40cce3431efcf__PDFV2__CH_0015,109
2206a9a9eec40cce3431efcf__PDFV2__CH_0016,68
2206a9a9eec40cce3431efcf__PDFV2__CH_0017,80
2206a9a9eec40cce3431efcf__PDFV2__CH_0018,93
2206a9a9eec40cce3431efcf__PDFV2__CH_0019,97
2206a9a9eec40cce3431efcf__PDFV2__CH_0020,105
2206a9a9eec40cce3431efcf__PDFV2__CH_0021,96
2206a9a9eec40cce3431efcf__PDFV2__CH_0022,88
2206a9a9eec40cce3431efcf__PDFV2__CH_0023,82
2206a9a9eec40cce3431efcf__PDFV2__CH_0024,62
2206a9a9eec40cce3431efcf__PDFV2__CH_0025,81
2206a9a9eec40cce3431efcf__PDFV2__CH_0026,84
2206a9a9eec40cce3431efcf__PDFV2__CH_0027,98
2206a9a9eec40cce3431efcf__PDFV2__CH_0028,97
2206a9a9eec40cce3431efcf__PDFV2__CH_0029,85
2206a9a9eec40cce3431efcf__PDFV2__CH_0030,121
2206a9a9eec40cce3431efcf__PDFV2__CH_0032,82
2206a9a9eec40cce3431efcf__PDFV2__CH_0033,63
2206a9a9eec40cce3431efcf__PDFV2__CH_0034,110
2206a9a9eec40cce3431efcf__PDFV2__CH_0035,96
2206a9a9eec40cce3431efcf__PDFV2__CH_0036,105
2206a9a9eec40cce3431efcf__PDFV2__CH_0037,96
2206a9a9eec40cce3431efcf__PDFV2__CH_0038,71
2206a9a9eec40cce3431efcf__PDFV2__CH_0039,88
2206a9a9eec40cce3431efcf__PDFV2__CH_0040,102
2206a9a9eec40cce3431efcf__PDFV2__CH_0041,90
2206a9a9eec40cce3431efcf__PDFV2__CH_0042,87
2206a9a9eec40cce3431efcf__PDFV2__CH_0043,101
2206a9a9eec40cce3431efcf__PDFV2__CH_0044,94
2206a9a9eec40cce3431efcf__PDFV2__CH_0045,83
2206a9a9eec40cce3431efcf__PDFV2__CH_0046,64
2206a9a9eec40cce3431efcf__PDFV2__CH_0047,91
2206a9a9eec40cce3431efcf__PDFV2__CH_0048,77
2206a9a9eec40cce3431efcf__PDFV2__CH_0049,92
2206a9a9eec40cce3431efcf__PDFV2__CH_0050,89
2206a9a9eec40cce3431efcf__PDFV2__CH_0051,59
2206a9a9eec40cce3431efcf__PDFV2__CH_0052,68
2206a9a9eec40cce3431efcf__PDFV2__CH_0053,106
2206a9a9eec40cce3431efcf__PDFV2__CH_0054,88
2206a9a9eec40cce3431efcf__PDFV2__CH_0055,86
2206a9a9eec40cce3431efcf__PDFV2__CH_0056,68
2206a9a9eec40cce3431efcf__PDFV2__CH_0057,69
222f147f70b8187ad7c6a6f5__PDFV2__CH_0001,95
222f147f70b8187ad7c6a6f5__PDFV2__CH_0002,115
222f147f70b8187ad7c6a6f5__PDFV2__CH_0003,76
222f147f70b8187ad7c6a6f5__PDFV2__CH_0004,73
222f147f70b8187ad7c6a6f5__PDFV2__CH_0005,110
222f147f70b8187ad7c6a6f5__PDFV2__CH_0006,100
224f451e0e968d88e14640c8__224f451e0e968d88e14640c8__SEG_0001__CH_001,73
224f451e0e968d88e14640c8__224f451e0e968d88e14640c8__SEG_0001__CH_002,38
2298a3b6851317ba51fa4241__2298a3b6851317ba51fa4241__SEG_0001__CH_001,91
22b03860e80b6bbe8a43c305__22b03860e80b6bbe8a43c305__SEG_0001__CH_001,59
22b03860e80b6bbe8a43c305__22b03860e80b6bbe8a43c305__SEG_0001__CH_002,39
22b2d032c564483a7b9cdaa1__22b2d032c564483a7b9cdaa1__SEG_0001__CH_002,83
22b2d032c564483a7b9cdaa1__22b2d032c564483a7b9cdaa1__SEG_0001__CH_003,126
22b2d032c564483a7b9cdaa1__22b2d032c564483a7b9cdaa1__SEG_0001__CH_004,90
22b2d032c564483a7b9cdaa1__22b2d032c564483a7b9cdaa1__SEG_0001__CH_005,112
22b2d032c564483a7b9cdaa1__22b2d032c564483a7b9cdaa1__SEG_0001__CH_006,70
22b2d032c564483a7b9cdaa1__22b2d032c564483a7b9cdaa1__SEG_0002__CH_001,101
22b2d032c564483a7b9cdaa1__22b2d032c564483a7b9cdaa1__SEG_0003__CH_001,89
22b2d032c564483a7b9cdaa1__22b2d032c564483a7b9cdaa1__SEG_0003__CH_002,78
22b2d032c564483a7b9cdaa1__22b2d032c564483a7b9cdaa1__SEG_0003__CH_003,104
22b2d032c564483a7b9cdaa1__22b2d032c564483a7b9cdaa1__SEG_0003__CH_004,91
22b2d032c564483a7b9cdaa1__22b2d032c564483a7b9cdaa1__SEG_0004__CH_001,81
22b2d032c564483a7b9cdaa1__22b2d032c564483a7b9cdaa1__SEG_0004__CH_002,117
22b2d032c564483a7b9cdaa1__22b2d032c564483a7b9cdaa1__SEG_0005__CH_001,88
22b2d032c564483a7b9cdaa1__22b2d032c564483a7b9cdaa1__SEG_0005__CH_002,215
22b2d032c564483a7b9cdaa1__22b2d032c564483a7b9cdaa1__SEG_0005__CH_003,86
22b2d032c564483a7b9cdaa1__22b2d032c564483a7b9cdaa1__SEG_0006__CH_001,79
22b2d032c564483a7b9cdaa1__22b2d032c564483a7b9cdaa1__SEG_0007__CH_001,107
22b2d032c564483a7b9cdaa1__22b2d032c564483a7b9cdaa1__SEG_0007__CH_002,112
22b2d032c564483a7b9cdaa1__22b2d032c564483a7b9cdaa1__SEG_0007__CH_003,85
22ee6c5061b84cb8261a6d57__22ee6c5061b84cb8261a6d57__SEG_0001__CH_001,80
22ee6c5061b84cb8261a6d57__22ee6c5061b84cb8261a6d57__SEG_0001__CH_002,80
22ee6c5061b84cb8261a6d57__22ee6c5061b84cb8261a6d57__SEG_0001__CH_003,84
22ee6c5061b84cb8261a6d57__22ee6c5061b84cb8261a6d57__SEG_0001__CH_004,78
230b6813b5193d2cec7ff99b__PDFV2__CH_0003,95
230b6813b5193d2cec7ff99b__PDFV2__CH_0007,85
230b6813b5193d2cec7ff99b__PDFV2__CH_0008,108
2364b4e7b540c915fbef9174__PDFV2__CH_0001,65
2364b4e7b540c915fbef9174__PDFV2__CH_0004,85
2364b4e7b540c915fbef9174__PDFV2__CH_0005,96
2364b4e7b540c915fbef9174__PDFV2__CH_0006,53
2364b4e7b540c915fbef9174__PDFV2__CH_0007,69
2364b4e7b540c915fbef9174__PDFV2__CH_0008__M,83
2364b4e7b540c915fbef9174__PDFV2__CH_0010,86
2364b4e7b540c915fbef9174__PDFV2__CH_0011,79
2364b4e7b540c915fbef9174__PDFV2__CH_0012,84
2364b4e7b540c915fbef9174__PDFV2__CH_0013,98
2364b4e7b540c915fbef9174__PDFV2__CH_0014,106
2364b4e7b540c915fbef9174__PDFV2__CH_0015,134
2364b4e7b540c915fbef9174__PDFV2__CH_0016,67
2364b4e7b540c915fbef9174__PDFV2__CH_0017,125
2364b4e7b540c915fbef9174__PDFV2__CH_0018,70
2364b4e7b540c915fbef9174__PDFV2__CH_0020,107
2372aee90f9a0ad97e1f43a9__PDFV2__CH_0001,67
2372aee90f9a0ad97e1f43a9__PDFV2__CH_0002,72
2372aee90f9a0ad97e1f43a9__PDFV2__CH_0003,155
2372aee90f9a0ad97e1f43a9__PDFV2__CH_0004,94
2372aee90f9a0ad97e1f43a9__PDFV2__CH_0005,62
2372aee90f9a0ad97e1f43a9__PDFV2__CH_0006,100
2372aee90f9a0ad97e1f43a9__PDFV2__CH_0007,99
2372aee90f9a0ad97e1f43a9__PDFV2__CH_0008,59
2372aee90f9a0ad97e1f43a9__PDFV2__CH_0009,41
2372aee90f9a0ad97e1f43a9__PDFV2__CH_0012,88
2372aee90f9a0ad97e1f43a9__PDFV2__CH_0014,100
2390b5c13b6faaf46c1fa183__PDFV2__CH_0001,78
2390b5c13b6faaf46c1fa183__PDFV2__CH_0002,70
2390b5c13b6faaf46c1fa183__PDFV2__CH_0003,77
2390b5c13b6faaf46c1fa183__PDFV2__CH_0004,62
2390b5c13b6faaf46c1fa183__PDFV2__CH_0005,82
2390b5c13b6faaf46c1fa183__PDFV2__CH_0006,87
2390b5c13b6faaf46c1fa183__PDFV2__CH_0007,56
2390b5c13b6faaf46c1fa183__PDFV2__CH_0008,93
2390b5c13b6faaf46c1fa183__PDFV2__CH_0009,45
23a730c8e783d13edfd96e21__23a730c8e783d13edfd96e21__SEG_0001__CH_002,86
23a730c8e783d13edfd96e21__23a730c8e783d13edfd96e21__SEG_0001__CH_003,89
23a730c8e783d13edfd96e21__23a730c8e783d13edfd96e21__SEG_0001__CH_004,84
23c384b8a9c6e61b5e815754__23c384b8a9c6e61b5e815754__SEG_0001__CH_002,103
23c384b8a9c6e61b5e815754__23c384b8a9c6e61b5e815754__SEG_0001__CH_003,68
23cee8ec0fac8124b6ad7c25__23cee8ec0fac8124b6ad7c25__SEG_0001__CH_003,66
23cee8ec0fac8124b6ad7c25__23cee8ec0fac8124b6ad7c25__SEG_0001__CH_004,47
23cee8ec0fac8124b6ad7c25__23cee8ec0fac8124b6ad7c25__SEG_0001__CH_005,55
23cee8ec0fac8124b6ad7c25__23cee8ec0fac8124b6ad7c25__SEG_0001__CH_006,97
23d5c8e726d5fdb2e29d8ce2__23d5c8e726d5fdb2e29d8ce2__SEG_0001__CH_001,69
23d5c8e726d5fdb2e29d8ce2__23d5c8e726d5fdb2e29d8ce2__SEG_0001__CH_002,56
23dbd90b80e05ef54171fa7e__23dbd90b80e05ef54171fa7e__SEG_0001__CH_001,76
23dbd90b80e05ef54171fa7e__23dbd90b80e05ef54171fa7e__SEG_0001__CH_002,33
23dbd90b80e05ef54171fa7e__23dbd90b80e05ef54171fa7e__SEG_0001__CH_003,75
23dbd90b80e05ef54171fa7e__23dbd90b80e05ef54171fa7e__SEG_0001__CH_004,43
23dbd90b80e05ef54171fa7e__23dbd90b80e05ef54171fa7e__SEG_0001__CH_005,68
23dbd90b80e05ef54171fa7e__23dbd90b80e05ef54171fa7e__SEG_0001__CH_006,85
23dbd90b80e05ef54171fa7e__23dbd90b80e05ef54171fa7e__SEG_0001__CH_007,121
23dbd90b80e05ef54171fa7e__23dbd90b80e05ef54171fa7e__SEG_0001__CH_008,96
23dbd90b80e05ef54171fa7e__23dbd90b80e05ef54171fa7e__SEG_0001__CH_009,73
23dbd90b80e05ef54171fa7e__23dbd90b80e05ef54171fa7e__SEG_0002__CH_001,87
23dbd90b80e05ef54171fa7e__23dbd90b80e05ef54171fa7e__SEG_0002__CH_002,126
23dbd90b80e05ef54171fa7e__23dbd90b80e05ef54171fa7e__SEG_0002__CH_003,83
23f2ce1c9fb5ed27ca769f13__23f2ce1c9fb5ed27ca769f13__SEG_0001__CH_001,115
23f2ce1c9fb5ed27ca769f13__23f2ce1c9fb5ed27ca769f13__SEG_0001__CH_002,131
23f2ce1c9fb5ed27ca769f13__23f2ce1c9fb5ed27ca769f13__SEG_0001__CH_003,95
2413fd65ec2fb2a5878c2e3a__2413fd65ec2fb2a5878c2e3a__SEG_0001__CH_001,76
246aa371e896fc3aef5a3359__246aa371e896fc3aef5a3359__SEG_0001__CH_001,52
246aa371e896fc3aef5a3359__246aa371e896fc3aef5a3359__SEG_0001__CH_002,68
246aa371e896fc3aef5a3359__246aa371e896fc3aef5a3359__SEG_0001__CH_003,94
246aa371e896fc3aef5a3359__246aa371e896fc3aef5a3359__SEG_0001__CH_004,97
246aa371e896fc3aef5a3359__246aa371e896fc3aef5a3359__SEG_0001__CH_005,83
246aa371e896fc3aef5a3359__246aa371e896fc3aef5a3359__SEG_0001__CH_006,98
246aa371e896fc3aef5a3359__246aa371e896fc3aef5a3359__SEG_0001__CH_007,102
248146127a4da7ee6fe771f9__248146127a4da7ee6fe771f9__SEG_0001__CH_001,69
248146127a4da7ee6fe771f9__248146127a4da7ee6fe771f9__SEG_0001__CH_002,58
248146127a4da7ee6fe771f9__248146127a4da7ee6fe771f9__SEG_0001__CH_003,87
24d51cf876d7664908c818d2__24d51cf876d7664908c818d2__SEG_0001__CH_002,95
252c1a5a795870ec76315c51__252c1a5a795870ec76315c51__SEG_0001__CH_001,84
252c1a5a795870ec76315c51__252c1a5a795870ec76315c51__SEG_0001__CH_002,106
254668714c8398022929604b__254668714c8398022929604b__SEG_0001__CH_001,68
254668714c8398022929604b__254668714c8398022929604b__SEG_0001__CH_002,44
25629efab9e2eef52b80ce79__25629efab9e2eef52b80ce79__SEG_0001__CH_001,93
25629efab9e2eef52b80ce79__25629efab9e2eef52b80ce79__SEG_0001__CH_002,171
25629efab9e2eef52b80ce79__25629efab9e2eef52b80ce79__SEG_0001__CH_003,143
25629efab9e2eef52b80ce79__25629efab9e2eef52b80ce79__SEG_0001__CH_004,109
2580b801e49cfb847ea8e847__2580b801e49cfb847ea8e847__SEG_0001__CH_001,78
2580b801e49cfb847ea8e847__2580b801e49cfb847ea8e847__SEG_0001__CH_002,75
2580b801e49cfb847ea8e847__2580b801e49cfb847ea8e847__SEG_0001__CH_003,89
2580b801e49cfb847ea8e847__2580b801e49cfb847ea8e847__SEG_0001__CH_004,113
258bb7b2a7ca8b95ac777c0c__258bb7b2a7ca8b95ac777c0c__SEG_0001__CH_002,56
25950396dbe362cc85e3a06d__25950396dbe362cc85e3a06d__SEG_0001__CH_001,74
25950396dbe362cc85e3a06d__25950396dbe362cc85e3a06d__SEG_0001__CH_002,101
25950396dbe362cc85e3a06d__25950396dbe362cc85e3a06d__SEG_0001__CH_003,75
25950396dbe362cc85e3a06d__25950396dbe362cc85e3a06d__SEG_0001__CH_004,93
25950396dbe362cc85e3a06d__25950396dbe362cc85e3a06d__SEG_0001__CH_005,107
25950396dbe362cc85e3a06d__25950396dbe362cc85e3a06d__SEG_0002__CH_001,134
25950396dbe362cc85e3a06d__25950396dbe362cc85e3a06d__SEG_0002__CH_002,92
262f17a18535a13f6180f23d__262f17a18535a13f6180f23d__SEG_0001__CH_001,94
262f17a18535a13f6180f23d__262f17a18535a13f6180f23d__SEG_0002__CH_001,111
262f17a18535a13f6180f23d__262f17a18535a13f6180f23d__SEG_0002__CH_002,138
262f17a18535a13f6180f23d__262f17a18535a13f6180f23d__SEG_0002__CH_003,99
265a3fe8f7237daa6da21768__PDFV2__CH_0001,75
265a3fe8f7237daa6da21768__PDFV2__CH_0002,124
265a3fe8f7237daa6da21768__PDFV2__CH_0004,65
265a3fe8f7237daa6da21768__PDFV2__CH_0005,100
265a3fe8f7237daa6da21768__PDFV2__CH_0006,135
265a3fe8f7237daa6da21768__PDFV2__CH_0007,77
265a3fe8f7237daa6da21768__PDFV2__CH_0008,129
265a3fe8f7237daa6da21768__PDFV2__CH_0009,105
265a3fe8f7237daa6da21768__PDFV2__CH_0010__M,165
265a3fe8f7237daa6da21768__PDFV2__CH_0012,115
265a3fe8f7237daa6da21768__PDFV2__CH_0013,104
265a3fe8f7237daa6da21768__PDFV2__CH_0014,72
2697e8a692cf491938475436__2697e8a692cf491938475436__SEG_0001__CH_001,67
2697e8a692cf491938475436__2697e8a692cf491938475436__SEG_0001__CH_002,75
2697e8a692cf491938475436__2697e8a692cf491938475436__SEG_0001__CH_003,85
2697e8a692cf491938475436__2697e8a692cf491938475436__SEG_0001__CH_004,64
26aaf3d203295cfea6ecbd68__PDFV2__CH_0001,92
26aaf3d203295cfea6ecbd68__PDFV2__CH_0002,62
26aaf3d203295cfea6ecbd68__PDFV2__CH_0003,119
26aaf3d203295cfea6ecbd68__PDFV2__CH_0004,75
26aaf3d203295cfea6ecbd68__PDFV2__CH_0005,71
26ba02ec059c8139cceb8e32__PDFV2__CH_0001,91
26ba02ec059c8139cceb8e32__PDFV2__CH_0002,106
26ba02ec059c8139cceb8e32__PDFV2__CH_0003,88
26ba02ec059c8139cceb8e32__PDFV2__CH_0004,63
26ba02ec059c8139cceb8e32__PDFV2__CH_0005,90
26c7b4c095ae1572fab0b108__26c7b4c095ae1572fab0b108__SEG_0001__CH_001,101
26c7b4c095ae1572fab0b108__26c7b4c095ae1572fab0b108__SEG_0001__CH_002,83
26c7b4c095ae1572fab0b108__26c7b4c095ae1572fab0b108__SEG_0001__CH_003,143
26c7b4c095ae1572fab0b108__26c7b4c095ae1572fab0b108__SEG_0002__CH_001,118
26c7b4c095ae1572fab0b108__26c7b4c095ae1572fab0b108__SEG_0003__CH_001,117
26c7b4c095ae1572fab0b108__26c7b4c095ae1572fab0b108__SEG_0003__CH_002,94
27919be236dcc29094f7e274__27919be236dcc29094f7e274__SEG_0001__CH_001,49
27919be236dcc29094f7e274__27919be236dcc29094f7e274__SEG_0001__CH_002,109
27919be236dcc29094f7e274__27919be236dcc29094f7e274__SEG_0001__CH_003,84
27919be236dcc29094f7e274__27919be236dcc29094f7e274__SEG_0001__CH_004,102
27919be236dcc29094f7e274__27919be236dcc29094f7e274__SEG_0001__CH_005,120
27930b17d93b1b6aa66fafc6__27930b17d93b1b6aa66fafc6__SEG_0001__CH_001,119
27fc12c62155821b2caa525a__27fc12c62155821b2caa525a__SEG_0001__CH_001,86
27fc12c62155821b2caa525a__27fc12c62155821b2caa525a__SEG_0001__CH_002,99
27fc12c62155821b2caa525a__27fc12c62155821b2caa525a__SEG_0001__CH_003__S1,128
27fc12c62155821b2caa525a__27fc12c62155821b2caa525a__SEG_0001__CH_003__S2,80
27fc12c62155821b2caa525a__27fc12c62155821b2caa525a__SEG_0001__CH_004,97
27fc12c62155821b2caa525a__27fc12c62155821b2caa525a__SEG_0002__CH_001,89
27fc12c62155821b2caa525a__27fc12c62155821b2caa525a__SEG_0002__CH_002,99
27fc12c62155821b2caa525a__27fc12c62155821b2caa525a__SEG_0002__CH_003,170
280e1c3948aeabdee057fc77__280e1c3948aeabdee057fc77__SEG_0001__CH_001,72
286eca6148f207c1c2af80e7__286eca6148f207c1c2af80e7__SEG_0001__CH_001,79
286eca6148f207c1c2af80e7__286eca6148f207c1c2af80e7__SEG_0001__CH_002,134
286eca6148f207c1c2af80e7__286eca6148f207c1c2af80e7__SEG_0001__CH_003,124
287842eaf3cf056371b2a310__PDFV2__CH_0001,85
287842eaf3cf056371b2a310__PDFV2__CH_0002,96
287842eaf3cf056371b2a310__PDFV2__CH_0003,78
287842eaf3cf056371b2a310__PDFV2__CH_0004,95
287842eaf3cf056371b2a310__PDFV2__CH_0005,116
287842eaf3cf056371b2a310__PDFV2__CH_0006,121
287842eaf3cf056371b2a310__PDFV2__CH_0007,118
287842eaf3cf056371b2a310__PDFV2__CH_0008,84
287842eaf3cf056371b2a310__PDFV2__CH_0009,82
28a89fa1dbe54333ac675383__28a89fa1dbe54333ac675383__SEG_0001__CH_001,67
28a89fa1dbe54333ac675383__28a89fa1dbe54333ac675383__SEG_0001__CH_002,101
28afdc2c9b9efde6071d5fa9__28afdc2c9b9efde6071d5fa9__SEG_0001__CH_002,74
28afdc2c9b9efde6071d5fa9__28afdc2c9b9efde6071d5fa9__SEG_0001__CH_003,69
28afdc2c9b9efde6071d5fa9__28afdc2c9b9efde6071d5fa9__SEG_0001__CH_004,92
28afdc2c9b9efde6071d5fa9__28afdc2c9b9efde6071d5fa9__SEG_0001__CH_005,103
28afdc2c9b9efde6071d5fa9__28afdc2c9b9efde6071d5fa9__SEG_0002__CH_001,114
28afdc2c9b9efde6071d5fa9__28afdc2c9b9efde6071d5fa9__SEG_0002__CH_002,119
28afdc2c9b9efde6071d5fa9__28afdc2c9b9efde6071d5fa9__SEG_0002__CH_003,112
28afdc2c9b9efde6071d5fa9__28afdc2c9b9efde6071d5fa9__SEG_0002__CH_004,87
28afdc2c9b9efde6071d5fa9__28afdc2c9b9efde6071d5fa9__SEG_0002__CH_005,76
28afdc2c9b9efde6071d5fa9__28afdc2c9b9efde6071d5fa9__SEG_0003__CH_001,119
28afdc2c9b9efde6071d5fa9__28afdc2c9b9efde6071d5fa9__SEG_0003__CH_002,115
28afdc2c9b9efde6071d5fa9__28afdc2c9b9efde6071d5fa9__SEG_0004__CH_001__S1,95
28afdc2c9b9efde6071d5fa9__28afdc2c9b9efde6071d5fa9__SEG_0004__CH_001__S2,101
28afdc2c9b9efde6071d5fa9__28afdc2c9b9efde6071d5fa9__SEG_0004__CH_001__S3,38
28afdc2c9b9efde6071d5fa9__28afdc2c9b9efde6071d5fa9__SEG_0004__CH_001__S4,114
28afdc2c9b9efde6071d5fa9__28afdc2c9b9efde6071d5fa9__SEG_0005__CH_001,119
28afdc2c9b9efde6071d5fa9__28afdc2c9b9efde6071d5fa9__SEG_0006__CH_001,102
28afdc2c9b9efde6071d5fa9__28afdc2c9b9efde6071d5fa9__SEG_0006__CH_002,70
28afdc2c9b9efde6071d5fa9__28afdc2c9b9efde6071d5fa9__SEG_0006__CH_003,127
28afdc2c9b9efde6071d5fa9__28afdc2c9b9efde6071d5fa9__SEG_0006__CH_004,95
28d756140b87da58ce54fabb__28d756140b87da58ce54fabb__SEG_0001__CH_001,114
28d756140b87da58ce54fabb__28d756140b87da58ce54fabb__SEG_0001__CH_002,142
28d756140b87da58ce54fabb__28d756140b87da58ce54fabb__SEG_0001__CH_003,60
28e931d118dc021465af1434__PDFV2__CH_0001,94
28e931d118dc021465af1434__PDFV2__CH_0002,86
290b2d5ee8424c2e2bca4e41__290b2d5ee8424c2e2bca4e41__SEG_0001__CH_001,54
290b2d5ee8424c2e2bca4e41__290b2d5ee8424c2e2bca4e41__SEG_0001__CH_002,118
290b2d5ee8424c2e2bca4e41__290b2d5ee8424c2e2bca4e41__SEG_0001__CH_003,84
2911daf04c6e1bad7154c468__2911daf04c6e1bad7154c468__SEG_0001__CH_001,116
2911daf04c6e1bad7154c468__2911daf04c6e1bad7154c468__SEG_0001__CH_002,121
2942b7f00607d4967e6290b4__2942b7f00607d4967e6290b4__SEG_0001__CH_001,92
2942b7f00607d4967e6290b4__2942b7f00607d4967e6290b4__SEG_0001__CH_002,128
2942b7f00607d4967e6290b4__2942b7f00607d4967e6290b4__SEG_0001__CH_003,103
2942b7f00607d4967e6290b4__2942b7f00607d4967e6290b4__SEG_0002__CH_001,130
2942b7f00607d4967e6290b4__2942b7f00607d4967e6290b4__SEG_0002__CH_002,128
2942b7f00607d4967e6290b4__2942b7f00607d4967e6290b4__SEG_0002__CH_003,108
296db352fa045e04c95f3e71__296db352fa045e04c95f3e71__SEG_0001__CH_001,54
298d3ad07f06a32bc222e786__298d3ad07f06a32bc222e786__SEG_0001__CH_001,52
298d3ad07f06a32bc222e786__298d3ad07f06a32bc222e786__SEG_0001__CH_002,53
29a47687de95620e8c6d5e9e__PDFV2__CH_0001,57
29a47687de95620e8c6d5e9e__PDFV2__CH_0002,65
29a47687de95620e8c6d5e9e__PDFV2__CH_0003,115
29a47687de95620e8c6d5e9e__PDFV2__CH_0004,78
29a47687de95620e8c6d5e9e__PDFV2__CH_0005,90
29e4a314195b5320a26229c3__29e4a314195b5320a26229c3__SEG_0001__CH_001,89
29f6537750624580e0ad446a__29f6537750624580e0ad446a__SEG_0001__CH_001,84
29f6537750624580e0ad446a__29f6537750624580e0ad446a__SEG_0001__CH_002,55
29f6537750624580e0ad446a__29f6537750624580e0ad446a__SEG_0001__CH_003,22
29f6537750624580e0ad446a__29f6537750624580e0ad446a__SEG_0001__CH_004,39
2a19a331ed9fd7c210623caa__2a19a331ed9fd7c210623caa__SEG_0001__CH_003,91
2a3c95c40afad2ecdeb6df08__2a3c95c40afad2ecdeb6df08__SEG_0001__CH_001,71
2a3c95c40afad2ecdeb6df08__2a3c95c40afad2ecdeb6df08__SEG_0001__CH_002,96
2a657590685c2b09dcc58c70__PDFV2__CH_0001,84
2a657590685c2b09dcc58c70__PDFV2__CH_0002,77
2a657590685c2b09dcc58c70__PDFV2__CH_0004,83
2a772e44211f9c92b1866b34__2a772e44211f9c92b1866b34__SEG_0001__CH_001,133
2a7f4a9e30f42d160e83e115__2a7f4a9e30f42d160e83e115__SEG_0001__CH_001,106
2a7f4a9e30f42d160e83e115__2a7f4a9e30f42d160e83e115__SEG_0001__CH_002,93
2a7f4a9e30f42d160e83e115__2a7f4a9e30f42d160e83e115__SEG_0001__CH_003,92
2a7f4a9e30f42d160e83e115__2a7f4a9e30f42d160e83e115__SEG_0001__CH_004,91
2a7f4a9e30f42d160e83e115__2a7f4a9e30f42d160e83e115__SEG_0001__CH_005,147
2a936aa2c140146cc6205608__PDFV2__CH_0001,92
2a936aa2c140146cc6205608__PDFV2__CH_0002,97
2a936aa2c140146cc6205608__PDFV2__CH_0003,59
2adac9386388c2979c6659b1__2adac9386388c2979c6659b1__SEG_0001__CH_001,67
2adac9386388c2979c6659b1__2adac9386388c2979c6659b1__SEG_0001__CH_002,67
2adac9386388c2979c6659b1__2adac9386388c2979c6659b1__SEG_0001__CH_003,50
2adac9386388c2979c6659b1__2adac9386388c2979c6659b1__SEG_0001__CH_004,84
2adac9386388c2979c6659b1__2adac9386388c2979c6659b1__SEG_0001__CH_005,79
2adac9386388c2979c6659b1__2adac9386388c2979c6659b1__SEG_0001__CH_006,74
2b038847a7a335cd1e0fd3b4__2b038847a7a335cd1e0fd3b4__SEG_0001__CH_001,70
2b038847a7a335cd1e0fd3b4__2b038847a7a335cd1e0fd3b4__SEG_0001__CH_002,102
2b038847a7a335cd1e0fd3b4__2b038847a7a335cd1e0fd3b4__SEG_0001__CH_003,77
2b038847a7a335cd1e0fd3b4__2b038847a7a335cd1e0fd3b4__SEG_0001__CH_004,81
2b21a8f184e5e786e6953a65__PDFV2__CH_0001,63
2b21a8f184e5e786e6953a65__PDFV2__CH_0002,90
2b21a8f184e5e786e6953a65__PDFV2__CH_0003,81
2b21a8f184e5e786e6953a65__PDFV2__CH_0004,62
2b21a8f184e5e786e6953a65__PDFV2__CH_0005,76
2b21a8f184e5e786e6953a65__PDFV2__CH_0006,73
2b21a8f184e5e786e6953a65__PDFV2__CH_0007,109
2b21a8f184e5e786e6953a65__PDFV2__CH_0008,76
2b21a8f184e5e786e6953a65__PDFV2__CH_0009,99
2b21a8f184e5e786e6953a65__PDFV2__CH_0010,102
2b21a8f184e5e786e6953a65__PDFV2__CH_0011,79
2b21a8f184e5e786e6953a65__PDFV2__CH_0012,100
2b21a8f184e5e786e6953a65__PDFV2__CH_0013,99
2b21a8f184e5e786e6953a65__PDFV2__CH_0014,110
2b21a8f184e5e786e6953a65__PDFV2__CH_0015,81
2b21a8f184e5e786e6953a65__PDFV2__CH_0016,86
2b21a8f184e5e786e6953a65__PDFV2__CH_0017,50
2b21a8f184e5e786e6953a65__PDFV2__CH_0019,68
2b21a8f184e5e786e6953a65__PDFV2__CH_0021__M,71
2b2bbce5898a21ce52ac2a9a__2b2bbce5898a21ce52ac2a9a__SEG_0001__CH_001,100
2b2bbce5898a21ce52ac2a9a__2b2bbce5898a21ce52ac2a9a__SEG_0001__CH_002,51
2b723def112f8b6628cd73fc__2b723def112f8b6628cd73fc__SEG_0001__CH_001,73
2b7f0be7e2b1f6d7ec739622__PDFV2__CH_0001,68
2b7f0be7e2b1f6d7ec739622__PDFV2__CH_0002,92
2b7f0be7e2b1f6d7ec739622__PDFV2__CH_0003,89
2b7f0be7e2b1f6d7ec739622__PDFV2__CH_0004,83
2b7f0be7e2b1f6d7ec739622__PDFV2__CH_0005,51
2b7f0be7e2b1f6d7ec739622__PDFV2__CH_0006,91
2b7f0be7e2b1f6d7ec739622__PDFV2__CH_0007,86
2b7f0be7e2b1f6d7ec739622__PDFV2__CH_0008,67
2b7f0be7e2b1f6d7ec739622__PDFV2__CH_0009,94
2b7f0be7e2b1f6d7ec739622__PDFV2__CH_0010,121
2b7f0be7e2b1f6d7ec739622__PDFV2__CH_0011,79
2b7f0be7e2b1f6d7ec739622__PDFV2__CH_0012,115
2b7f0be7e2b1f6d7ec739622__PDFV2__CH_0013,70
2b7f0be7e2b1f6d7ec739622__PDFV2__CH_0015,103
2b7f0be7e2b1f6d7ec739622__PDFV2__CH_0016,96
2b7f0be7e2b1f6d7ec739622__PDFV2__CH_0017,121
2b7f0be7e2b1f6d7ec739622__PDFV2__CH_0018,55
2b7f0be7e2b1f6d7ec739622__PDFV2__CH_0019,75
2b7f0be7e2b1f6d7ec739622__PDFV2__CH_0020,104
2b7f0be7e2b1f6d7ec739622__PDFV2__CH_0021,76
2b7f0be7e2b1f6d7ec739622__PDFV2__CH_0022,98
2b7f0be7e2b1f6d7ec739622__PDFV2__CH_0023,88
2bd8dd8bc0bcab1bc4af434c__PDFV2__CH_0001,76
2bd8dd8bc0bcab1bc4af434c__PDFV2__CH_0002,70
2c0057570a0b45110c6572fe__2c0057570a0b45110c6572fe__SEG_0001__CH_001,91
2c09ac8657750b8c99798ceb__PDFV2__CH_0001,69
2c09ac8657750b8c99798ceb__PDFV2__CH_0002,125
2c09ac8657750b8c99798ceb__PDFV2__CH_0003,131
2c09ac8657750b8c99798ceb__PDFV2__CH_0004,94
2c09ac8657750b8c99798ceb__PDFV2__CH_0005,67
2c09ac8657750b8c99798ceb__PDFV2__CH_0006,78
2c09ac8657750b8c99798ceb__PDFV2__CH_0007,138
2c09ac8657750b8c99798ceb__PDFV2__CH_0008,64
2c09ac8657750b8c99798ceb__PDFV2__CH_0009__M,117
2c09ac8657750b8c99798ceb__PDFV2__CH_0011,83
2c09ac8657750b8c99798ceb__PDFV2__CH_0012,75
2c09ac8657750b8c99798ceb__PDFV2__CH_0013,98
2c09ac8657750b8c99798ceb__PDFV2__CH_0014,171
2c09ac8657750b8c99798ceb__PDFV2__CH_0015,185
2c09ac8657750b8c99798ceb__PDFV2__CH_0017,59
2c21d91dc59342628daa4330__2c21d91dc59342628daa4330__SEG_0001__CH_001,107
2c21d91dc59342628daa4330__2c21d91dc59342628daa4330__SEG_0001__CH_002,52
2c26e895c6510a780eed4bbc__2c26e895c6510a780eed4bbc__SEG_0001__CH_001,70
2c26e895c6510a780eed4bbc__2c26e895c6510a780eed4bbc__SEG_0001__CH_003,108
2c3ef43f2d4aaeab054226ec__2c3ef43f2d4aaeab054226ec__SEG_0001__CH_001,83
2c3ef43f2d4aaeab054226ec__2c3ef43f2d4aaeab054226ec__SEG_0001__CH_002,107
2c3ef43f2d4aaeab054226ec__2c3ef43f2d4aaeab054226ec__SEG_0001__CH_003,86
2c3ef43f2d4aaeab054226ec__2c3ef43f2d4aaeab054226ec__SEG_0001__CH_004,82
2c3ef43f2d4aaeab054226ec__2c3ef43f2d4aaeab054226ec__SEG_0002__CH_002,101
2c622b2cc01e9af8663478ce__2c622b2cc01e9af8663478ce__SEG_0001__CH_001,64
2c622b2cc01e9af8663478ce__2c622b2cc01e9af8663478ce__SEG_0001__CH_002,79
2c6e9c7d22ec2aa1cb35dbc0__PDFV2__CH_0002,77
2c6e9c7d22ec2aa1cb35dbc0__PDFV2__CH_0003,63
2c6e9c7d22ec2aa1cb35dbc0__PDFV2__CH_0004,98
2c6e9c7d22ec2aa1cb35dbc0__PDFV2__CH_0005,76
2c6e9c7d22ec2aa1cb35dbc0__PDFV2__CH_0006,52
2c6e9c7d22ec2aa1cb35dbc0__PDFV2__CH_0007,53
2c6e9c7d22ec2aa1cb35dbc0__PDFV2__CH_0008,59
2c6e9c7d22ec2aa1cb35dbc0__PDFV2__CH_0009,64
2c6e9c7d22ec2aa1cb35dbc0__PDFV2__CH_0010,68
2c6e9c7d22ec2aa1cb35dbc0__PDFV2__CH_0011,80
2c6e9c7d22ec2aa1cb35dbc0__PDFV2__CH_0012,69
2c6e9c7d22ec2aa1cb35dbc0__PDFV2__CH_0013,71
2c6e9c7d22ec2aa1cb35dbc0__PDFV2__CH_0014,70
2c8337c7b343578c6f695087__2c8337c7b343578c6f695087__SEG_0001__CH_001,42
2cc720047766a5458ffb2956__2cc720047766a5458ffb2956__SEG_0001__CH_001,64
2cc720047766a5458ffb2956__2cc720047766a5458ffb2956__SEG_0001__CH_002,93
2cc720047766a5458ffb2956__2cc720047766a5458ffb2956__SEG_0001__CH_003,117
2cc720047766a5458ffb2956__2cc720047766a5458ffb2956__SEG_0002__CH_001,113
2cc720047766a5458ffb2956__2cc720047766a5458ffb2956__SEG_0002__CH_002,111
2cc720047766a5458ffb2956__2cc720047766a5458ffb2956__SEG_0002__CH_003,104
2cc720047766a5458ffb2956__2cc720047766a5458ffb2956__SEG_0003__CH_001,96
2cc720047766a5458ffb2956__2cc720047766a5458ffb2956__SEG_0003__CH_003,97
2cc720047766a5458ffb2956__2cc720047766a5458ffb2956__SEG_0004__CH_001,89
2cc720047766a5458ffb2956__2cc720047766a5458ffb2956__SEG_0004__CH_002,101
2cc720047766a5458ffb2956__2cc720047766a5458ffb2956__SEG_0004__CH_003,138
2d2afdcf47ce51d7c592559b__2d2afdcf47ce51d7c592559b__SEG_0001__CH_001,90
2d2afdcf47ce51d7c592559b__2d2afdcf47ce51d7c592559b__SEG_0001__CH_003,93
2d2afdcf47ce51d7c592559b__2d2afdcf47ce51d7c592559b__SEG_0001__CH_004,123
2d2afdcf47ce51d7c592559b__2d2afdcf47ce51d7c592559b__SEG_0001__CH_005,95
2d2afdcf47ce51d7c592559b__2d2afdcf47ce51d7c592559b__SEG_0001__CH_006,153
2d2afdcf47ce51d7c592559b__2d2afdcf47ce51d7c592559b__SEG_0001__CH_007,87
2dbb5b5256d56625330fe291__2dbb5b5256d56625330fe291__SEG_0001__CH_001,165
2dbb5b5256d56625330fe291__2dbb5b5256d56625330fe291__SEG_0001__CH_002,53
2e0a70ed15d819d94b0c39a6__2e0a70ed15d819d94b0c39a6__SEG_0001__CH_001,57
2e714db0c9aefb41bccd6051__2e714db0c9aefb41bccd6051__SEG_0001__CH_001,63
2e714db0c9aefb41bccd6051__2e714db0c9aefb41bccd6051__SEG_0001__CH_002,100
2e714db0c9aefb41bccd6051__2e714db0c9aefb41bccd6051__SEG_0001__CH_003__M,107
2e714db0c9aefb41bccd6051__2e714db0c9aefb41bccd6051__SEG_0001__CH_005,160
2e714db0c9aefb41bccd6051__2e714db0c9aefb41bccd6051__SEG_0001__CH_006,116
2eb6bb94923cddae3031ea6d__2eb6bb94923cddae3031ea6d__SEG_0001__CH_001,84
2eb6bb94923cddae3031ea6d__2eb6bb94923cddae3031ea6d__SEG_0001__CH_002,93
2eb6bb94923cddae3031ea6d__2eb6bb94923cddae3031ea6d__SEG_0001__CH_003,95
2eb6bb94923cddae3031ea6d__2eb6bb94923cddae3031ea6d__SEG_0002__CH_001,65
2eb6bb94923cddae3031ea6d__2eb6bb94923cddae3031ea6d__SEG_0002__CH_002,145
2eb6bb94923cddae3031ea6d__2eb6bb94923cddae3031ea6d__SEG_0002__CH_003,101
2eb6bb94923cddae3031ea6d__2eb6bb94923cddae3031ea6d__SEG_0002__CH_004,81
2eb6bb94923cddae3031ea6d__2eb6bb94923cddae3031ea6d__SEG_0003__CH_001,102
2eb6bb94923cddae3031ea6d__2eb6bb94923cddae3031ea6d__SEG_0003__CH_002,145
2eb6bb94923cddae3031ea6d__2eb6bb94923cddae3031ea6d__SEG_0003__CH_003,112
2eb6bb94923cddae3031ea6d__2eb6bb94923cddae3031ea6d__SEG_0004__CH_001,87
2eb6bb94923cddae3031ea6d__2eb6bb94923cddae3031ea6d__SEG_0004__CH_002,113
2eb6bb94923cddae3031ea6d__2eb6bb94923cddae3031ea6d__SEG_0004__CH_003,135
2eb6bb94923cddae3031ea6d__2eb6bb94923cddae3031ea6d__SEG_0005__CH_001,72
2eb74dada34856d0f6add8ed__2eb74dada34856d0f6add8ed__SEG_0001__CH_001,96
2eb74dada34856d0f6add8ed__2eb74dada34856d0f6add8ed__SEG_0001__CH_002,119
2ec528ece4d15b9ebe8c35d3__2ec528ece4d15b9ebe8c35d3__SEG_0001__CH_001,75
2ec528ece4d15b9ebe8c35d3__2ec528ece4d15b9ebe8c35d3__SEG_0001__CH_002,68
2ec528ece4d15b9ebe8c35d3__2ec528ece4d15b9ebe8c35d3__SEG_0001__CH_003,73
2ec528ece4d15b9ebe8c35d3__2ec528ece4d15b9ebe8c35d3__SEG_0001__CH_004,97
2ec528ece4d15b9ebe8c35d3__2ec528ece4d15b9ebe8c35d3__SEG_0001__CH_005,90
2ec528ece4d15b9ebe8c35d3__2ec528ece4d15b9ebe8c35d3__SEG_0001__CH_006,37
2ed03f828aac963e4893fd0d__PDFV2__CH_0002,84
2ed03f828aac963e4893fd0d__PDFV2__CH_0003,111
2ed03f828aac963e4893fd0d__PDFV2__CH_0004,47
2ed03f828aac963e4893fd0d__PDFV2__CH_0005,91
2ed03f828aac963e4893fd0d__PDFV2__CH_0006,70
2ed03f828aac963e4893fd0d__PDFV2__CH_0009,63
2ed03f828aac963e4893fd0d__PDFV2__CH_0010,67
2ed03f828aac963e4893fd0d__PDFV2__CH_0011,64
2ed03f828aac963e4893fd0d__PDFV2__CH_0012,51
2ed03f828aac963e4893fd0d__PDFV2__CH_0013,106
2ed03f828aac963e4893fd0d__PDFV2__CH_0014,41
2ed03f828aac963e4893fd0d__PDFV2__CH_0015__M,79
2ed03f828aac963e4893fd0d__PDFV2__CH_0017,80
2ed03f828aac963e4893fd0d__PDFV2__CH_0018,95
2ed03f828aac963e4893fd0d__PDFV2__CH_0019,98
2ed03f828aac963e4893fd0d__PDFV2__CH_0021,126
2ef5e4f8391f3f4657e11e8f__2ef5e4f8391f3f4657e11e8f__SEG_0001__CH_001,94
2ef5e4f8391f3f4657e11e8f__2ef5e4f8391f3f4657e11e8f__SEG_0001__CH_002,85
2ef5e4f8391f3f4657e11e8f__2ef5e4f8391f3f4657e11e8f__SEG_0001__CH_003,217
2ef5e4f8391f3f4657e11e8f__2ef5e4f8391f3f4657e11e8f__SEG_0001__CH_004,99
2efbbf2e18e13ae0009fde4a__PDFV2__CH_0001,63
2efbbf2e18e13ae0009fde4a__PDFV2__CH_0002,85
2efbbf2e18e13ae0009fde4a__PDFV2__CH_0003,70
2efbbf2e18e13ae0009fde4a__PDFV2__CH_0004,120
2efbbf2e18e13ae0009fde4a__PDFV2__CH_0005,86
2efbbf2e18e13ae0009fde4a__PDFV2__CH_0006,109
2efbbf2e18e13ae0009fde4a__PDFV2__CH_0007,73
2efbbf2e18e13ae0009fde4a__PDFV2__CH_0008,79
2efbbf2e18e13ae0009fde4a__PDFV2__CH_0009,97
2efbbf2e18e13ae0009fde4a__PDFV2__CH_0010,121
2efbbf2e18e13ae0009fde4a__PDFV2__CH_0011,36
2efbbf2e18e13ae0009fde4a__PDFV2__CH_0012,44
2efbbf2e18e13ae0009fde4a__PDFV2__CH_0013,48
2efbbf2e18e13ae0009fde4a__PDFV2__CH_0014,54
2efbbf2e18e13ae0009fde4a__PDFV2__CH_0017,62
2efbbf2e18e13ae0009fde4a__PDFV2__CH_0018,38
2efbbf2e18e13ae0009fde4a__PDFV2__CH_0019,41
2efbbf2e18e13ae0009fde4a__PDFV2__CH_0020,53
2efd63695e2db276042ec1e0__PDFV2__CH_0001,81
2efd63695e2db276042ec1e0__PDFV2__CH_0002,69
2efd63695e2db276042ec1e0__PDFV2__CH_0003,67
2efd63695e2db276042ec1e0__PDFV2__CH_0004,53
2f6c14106433e4348058261c__2f6c14106433e4348058261c__SEG_0001__CH_002,106
2f6c14106433e4348058261c__2f6c14106433e4348058261c__SEG_0001__CH_003,104
2f6f5f4e6bb5fbab4fb89e84__2f6f5f4e6bb5fbab4fb89e84__SEG_0001__CH_001,49
2fa3cf6617c00e4a370c25c2__2fa3cf6617c00e4a370c25c2__SEG_0001__CH_001,50
2ffef5eb8a4f80451ae956e8__2ffef5eb8a4f80451ae956e8__SEG_0001__CH_001,110
2ffef5eb8a4f80451ae956e8__2ffef5eb8a4f80451ae956e8__SEG_0001__CH_002,58
30153636a72a629611bdeda5__PDFV2__CH_0001,63
30153636a72a629611bdeda5__PDFV2__CH_0002,136
302bc509d04b563140ebbb8c__PDFV2__CH_0001,83
302bc509d04b563140ebbb8c__PDFV2__CH_0002,78
3081c4f2003d22562dd8a750__PDFV2__CH_0001,73
3081c4f2003d22562dd8a750__PDFV2__CH_0002,93
3081c4f2003d22562dd8a750__PDFV2__CH_0003,82
3081c4f2003d22562dd8a750__PDFV2__CH_0004,115
3081c4f2003d22562dd8a750__PDFV2__CH_0005,76
3085ce98d0bad07dd96fab99__PDFV2__CH_0001,46
30910c2d1142d7f24701a7f4__30910c2d1142d7f24701a7f4__SEG_0001__CH_001,65
30910c2d1142d7f24701a7f4__30910c2d1142d7f24701a7f4__SEG_0001__CH_002,37
30910c2d1142d7f24701a7f4__30910c2d1142d7f24701a7f4__SEG_0001__CH_003,43
30910c2d1142d7f24701a7f4__30910c2d1142d7f24701a7f4__SEG_0001__CH_004,41
30910c2d1142d7f24701a7f4__30910c2d1142d7f24701a7f4__SEG_0001__CH_006,23
30910c2d1142d7f24701a7f4__30910c2d1142d7f24701a7f4__SEG_0001__CH_007,54
30910c2d1142d7f24701a7f4__30910c2d1142d7f24701a7f4__SEG_0001__CH_009,65
30f8967cb97952d364e855d3__PDFV2__CH_0001,64
30f8967cb97952d364e855d3__PDFV2__CH_0002,90
30f8967cb97952d364e855d3__PDFV2__CH_0003,74
30ff390f17e1f19824187631__30ff390f17e1f19824187631__SEG_0001__CH_001,66
311caa23ea5bd82500915c59__311caa23ea5bd82500915c59__SEG_0001__CH_001,68
311e546cd6dfd1732f042039__311e546cd6dfd1732f042039__SEG_0001__CH_001,105
311e546cd6dfd1732f042039__311e546cd6dfd1732f042039__SEG_0001__CH_002,90
311e546cd6dfd1732f042039__311e546cd6dfd1732f042039__SEG_0001__CH_003,57
312f0e2238da940f4e1ffc5d__312f0e2238da940f4e1ffc5d__SEG_0001__CH_001,70
312f0e2238da940f4e1ffc5d__312f0e2238da940f4e1ffc5d__SEG_0001__CH_002,108
312f0e2238da940f4e1ffc5d__312f0e2238da940f4e1ffc5d__SEG_0001__CH_003,105
312f0e2238da940f4e1ffc5d__312f0e2238da940f4e1ffc5d__SEG_0001__CH_004,95
312f0e2238da940f4e1ffc5d__312f0e2238da940f4e1ffc5d__SEG_0001__CH_005,105
316a05e48cb1036b0d31a634__316a05e48cb1036b0d31a634__SEG_0001__CH_001,89
316a05e48cb1036b0d31a634__316a05e48cb1036b0d31a634__SEG_0001__CH_002,91
316a05e48cb1036b0d31a634__316a05e48cb1036b0d31a634__SEG_0001__CH_003,131
316a05e48cb1036b0d31a634__316a05e48cb1036b0d31a634__SEG_0001__CH_004,90
316a05e48cb1036b0d31a634__316a05e48cb1036b0d31a634__SEG_0002__CH_001,81
316a05e48cb1036b0d31a634__316a05e48cb1036b0d31a634__SEG_0002__CH_002,80
317c97ac2aa63ab168aef2a9__PDFV2__CH_0001,78
317c97ac2aa63ab168aef2a9__PDFV2__CH_0002,111
317c97ac2aa63ab168aef2a9__PDFV2__CH_0003,108
317c97ac2aa63ab168aef2a9__PDFV2__CH_0004,133
317c97ac2aa63ab168aef2a9__PDFV2__CH_0006,137
317c97ac2aa63ab168aef2a9__PDFV2__CH_0007,147
317c97ac2aa63ab168aef2a9__PDFV2__CH_0008,114
31878a6b6b2478062047d79c__PDFV2__CH_0001,50
31878a6b6b2478062047d79c__PDFV2__CH_0002,124
319a078d52abafa6b4cc6880__319a078d52abafa6b4cc6880__SEG_0001__CH_001,102
319a078d52abafa6b4cc6880__319a078d52abafa6b4cc6880__SEG_0001__CH_002,98
319a078d52abafa6b4cc6880__319a078d52abafa6b4cc6880__SEG_0001__CH_003,167
319a078d52abafa6b4cc6880__319a078d52abafa6b4cc6880__SEG_0001__CH_004,78
319a078d52abafa6b4cc6880__319a078d52abafa6b4cc6880__SEG_0001__CH_005,127
319a078d52abafa6b4cc6880__319a078d52abafa6b4cc6880__SEG_0002__CH_001,68
319a078d52abafa6b4cc6880__319a078d52abafa6b4cc6880__SEG_0002__CH_002,91
319a078d52abafa6b4cc6880__319a078d52abafa6b4cc6880__SEG_0002__CH_003,96
319f21ba4b64af1d6eda9fc7__319f21ba4b64af1d6eda9fc7__SEG_0001__CH_001,55
31ca16d020f684ad0a47c16f__31ca16d020f684ad0a47c16f__SEG_0001__CH_001,82
31ca16d020f684ad0a47c16f__31ca16d020f684ad0a47c16f__SEG_0001__CH_002,68
321a36f112ef6865f7bb95bc__321a36f112ef6865f7bb95bc__SEG_0001__CH_001,46
321a36f112ef6865f7bb95bc__321a36f112ef6865f7bb95bc__SEG_0001__CH_002,94
327900f33bf205546ad59efe__327900f33bf205546ad59efe__SEG_0001__CH_002,37
327a69efbcc55a187d49bc84__327a69efbcc55a187d49bc84__SEG_0001__CH_001,64
327a69efbcc55a187d49bc84__327a69efbcc55a187d49bc84__SEG_0001__CH_002,93
327a69efbcc55a187d49bc84__327a69efbcc55a187d49bc84__SEG_0001__CH_003,75
327a69efbcc55a187d49bc84__327a69efbcc55a187d49bc84__SEG_0001__CH_004,107
327a69efbcc55a187d49bc84__327a69efbcc55a187d49bc84__SEG_0001__CH_005,113
327a69efbcc55a187d49bc84__327a69efbcc55a187d49bc84__SEG_0001__CH_006,106
327a69efbcc55a187d49bc84__327a69efbcc55a187d49bc84__SEG_0002__CH_001,116
327a69efbcc55a187d49bc84__327a69efbcc55a187d49bc84__SEG_0002__CH_002,70
32ac51bfac255d0d91807e78__32ac51bfac255d0d91807e78__SEG_0001__CH_001,101
32e11aeac697f670e75c2558__32e11aeac697f670e75c2558__SEG_0001__CH_001,46
32e11aeac697f670e75c2558__32e11aeac697f670e75c2558__SEG_0001__CH_002,147
32e11aeac697f670e75c2558__32e11aeac697f670e75c2558__SEG_0001__CH_003,118
32e11aeac697f670e75c2558__32e11aeac697f670e75c2558__SEG_0001__CH_004,151
32f5f7141293a65e95ef5218__PDFV2__CH_0001,88
32f5f7141293a65e95ef5218__PDFV2__CH_0002,118
32f5f7141293a65e95ef5218__PDFV2__CH_0003,86
32fcf4309b06a9dd3543d25b__32fcf4309b06a9dd3543d25b__SEG_0001__CH_001,80
32fcf4309b06a9dd3543d25b__32fcf4309b06a9dd3543d25b__SEG_0001__CH_002,45
32fcf4309b06a9dd3543d25b__32fcf4309b06a9dd3543d25b__SEG_0001__CH_004,86
32fcf4309b06a9dd3543d25b__32fcf4309b06a9dd3543d25b__SEG_0001__CH_005,92
332e6d12a084079da2e61144__332e6d12a084079da2e61144__SEG_0001__CH_001,40
333969bda424243390c92718__333969bda424243390c92718__SEG_0001__CH_001,106
33806c9fc16f5ce6967863ce__PDFV2__CH_0001,70
33806c9fc16f5ce6967863ce__PDFV2__CH_0002,71
33806c9fc16f5ce6967863ce__PDFV2__CH_0003,97
33806c9fc16f5ce6967863ce__PDFV2__CH_0004,95
33806c9fc16f5ce6967863ce__PDFV2__CH_0005,90
33806c9fc16f5ce6967863ce__PDFV2__CH_0006,48
33806c9fc16f5ce6967863ce__PDFV2__CH_0007,98
33806c9fc16f5ce6967863ce__PDFV2__CH_0008,98
33806c9fc16f5ce6967863ce__PDFV2__CH_0009,80
33806c9fc16f5ce6967863ce__PDFV2__CH_0010,91
33806c9fc16f5ce6967863ce__PDFV2__CH_0011,49
338bc4b190e8e71f1c95713e__338bc4b190e8e71f1c95713e__SEG_0001__CH_001,98
338bc4b190e8e71f1c95713e__338bc4b190e8e71f1c95713e__SEG_0001__CH_002,106
33f7588628e52722e6b42826__33f7588628e52722e6b42826__SEG_0001__CH_001,119
33f7588628e52722e6b42826__33f7588628e52722e6b42826__SEG_0001__CH_002,42
3467e311195fd00c537262bd__PDFV2__CH_0001,56
3467e311195fd00c537262bd__PDFV2__CH_0002,78
3467e311195fd00c537262bd__PDFV2__CH_0003,106
3467e311195fd00c537262bd__PDFV2__CH_0005,80
3467e311195fd00c537262bd__PDFV2__CH_0006,101
3467e311195fd00c537262bd__PDFV2__CH_0007,35
3467e311195fd00c537262bd__PDFV2__CH_0008,73
3467e311195fd00c537262bd__PDFV2__CH_0009,58
3467e311195fd00c537262bd__PDFV2__CH_0010,90
3467e311195fd00c537262bd__PDFV2__CH_0011__M,113
3467e311195fd00c537262bd__PDFV2__CH_0013,72
3467e311195fd00c537262bd__PDFV2__CH_0014,99
3467e311195fd00c537262bd__PDFV2__CH_0015__M,147
348cf2f16a6ef4f869127d3c__PDFV2__CH_0001,89
348cf2f16a6ef4f869127d3c__PDFV2__CH_0002,85
348cf2f16a6ef4f869127d3c__PDFV2__CH_0003,80
348cf2f16a6ef4f869127d3c__PDFV2__CH_0004,47
348cf2f16a6ef4f869127d3c__PDFV2__CH_0005,84
348cf2f16a6ef4f869127d3c__PDFV2__CH_0006,119
348cf2f16a6ef4f869127d3c__PDFV2__CH_0007,80
348cf2f16a6ef4f869127d3c__PDFV2__CH_0008,91
348cf2f16a6ef4f869127d3c__PDFV2__CH_0009,90
348cf2f16a6ef4f869127d3c__PDFV2__CH_0010,114
348cf2f16a6ef4f869127d3c__PDFV2__CH_0011,58
348cf2f16a6ef4f869127d3c__PDFV2__CH_0012,85
348cf2f16a6ef4f869127d3c__PDFV2__CH_0013,65
348cf2f16a6ef4f869127d3c__PDFV2__CH_0014,84
348cf2f16a6ef4f869127d3c__PDFV2__CH_0015,51
348cf2f16a6ef4f869127d3c__PDFV2__CH_0016,76
348cf2f16a6ef4f869127d3c__PDFV2__CH_0017,106
34b1845b35fd2874dc61e1cf__PDFV2__CH_0003,73
34b1845b35fd2874dc61e1cf__PDFV2__CH_0004,78
34b1845b35fd2874dc61e1cf__PDFV2__CH_0007,113
34b1845b35fd2874dc61e1cf__PDFV2__CH_0008,76
34b1845b35fd2874dc61e1cf__PDFV2__CH_0009,156
34b1845b35fd2874dc61e1cf__PDFV2__CH_0010,89
34b1845b35fd2874dc61e1cf__PDFV2__CH_0011,101
34b1845b35fd2874dc61e1cf__PDFV2__CH_0012,104
34b1845b35fd2874dc61e1cf__PDFV2__CH_0013,106
34b1845b35fd2874dc61e1cf__PDFV2__CH_0014,78
34b1845b35fd2874dc61e1cf__PDFV2__CH_0015,66
34b1845b35fd2874dc61e1cf__PDFV2__CH_0016,110
34b1845b35fd2874dc61e1cf__PDFV2__CH_0017,98
34b1845b35fd2874dc61e1cf__PDFV2__CH_0018,70
34b1845b35fd2874dc61e1cf__PDFV2__CH_0019,108
34b1845b35fd2874dc61e1cf__PDFV2__CH_0020,85
34b1845b35fd2874dc61e1cf__PDFV2__CH_0021,99
34b1845b35fd2874dc61e1cf__PDFV2__CH_0022,107
34b1845b35fd2874dc61e1cf__PDFV2__CH_0023,113
34b1845b35fd2874dc61e1cf__PDFV2__CH_0024,121
34b1845b35fd2874dc61e1cf__PDFV2__CH_0025,117
34b1845b35fd2874dc61e1cf__PDFV2__CH_0026,81
34b1845b35fd2874dc61e1cf__PDFV2__CH_0027,67
34b1845b35fd2874dc61e1cf__PDFV2__CH_0028,126
34b1845b35fd2874dc61e1cf__PDFV2__CH_0029,100
34b1845b35fd2874dc61e1cf__PDFV2__CH_0030,73
34b1845b35fd2874dc61e1cf__PDFV2__CH_0031,77
34b1845b35fd2874dc61e1cf__PDFV2__CH_0032,77
34b1845b35fd2874dc61e1cf__PDFV2__CH_0033,78
34b1845b35fd2874dc61e1cf__PDFV2__CH_0034,122
34b1845b35fd2874dc61e1cf__PDFV2__CH_0035,98
34b1845b35fd2874dc61e1cf__PDFV2__CH_0036,85
34b1845b35fd2874dc61e1cf__PDFV2__CH_0037,75
34b1845b35fd2874dc61e1cf__PDFV2__CH_0038,98
34b1845b35fd2874dc61e1cf__PDFV2__CH_0039,86
34b1845b35fd2874dc61e1cf__PDFV2__CH_0040,86
34b1845b35fd2874dc61e1cf__PDFV2__CH_0041,107
34b1845b35fd2874dc61e1cf__PDFV2__CH_0042,85
34b1845b35fd2874dc61e1cf__PDFV2__CH_0043,91
34b1845b35fd2874dc61e1cf__PDFV2__CH_0044,91
34b1845b35fd2874dc61e1cf__PDFV2__CH_0046,91
34b1845b35fd2874dc61e1cf__PDFV2__CH_0047,101
34b1845b35fd2874dc61e1cf__PDFV2__CH_0048,95
34b1845b35fd2874dc61e1cf__PDFV2__CH_0049,94
34b1845b35fd2874dc61e1cf__PDFV2__CH_0050,130
34b1845b35fd2874dc61e1cf__PDFV2__CH_0051,82
34b1845b35fd2874dc61e1cf__PDFV2__CH_0053,106
34b1845b35fd2874dc61e1cf__PDFV2__CH_0054,80
34b1845b35fd2874dc61e1cf__PDFV2__CH_0055,77
34b1845b35fd2874dc61e1cf__PDFV2__CH_0056,77
34b1845b35fd2874dc61e1cf__PDFV2__CH_0059,82
34d26b6d644bf39244cfe964__34d26b6d644bf39244cfe964__SEG_0001__CH_001,53
34d26b6d644bf39244cfe964__34d26b6d644bf39244cfe964__SEG_0001__CH_002,61
34d26b6d644bf39244cfe964__34d26b6d644bf39244cfe964__SEG_0001__CH_003,85
34d26b6d644bf39244cfe964__34d26b6d644bf39244cfe964__SEG_0001__CH_004,102
34d26b6d644bf39244cfe964__34d26b6d644bf39244cfe964__SEG_0001__CH_005,116
352bf8380b58fd2765643224__PDFV2__CH_0001,63
352bf8380b58fd2765643224__PDFV2__CH_0002,62
353b69ab3ad3d48bfdfc42ea__PDFV2__CH_0001,95
353b69ab3ad3d48bfdfc42ea__PDFV2__CH_0002,115
353b69ab3ad3d48bfdfc42ea__PDFV2__CH_0003,76
353b69ab3ad3d48bfdfc42ea__PDFV2__CH_0004,95
353b69ab3ad3d48bfdfc42ea__PDFV2__CH_0005,76
354f7cb47cc37ad71d24404a__354f7cb47cc37ad71d24404a__SEG_0001__CH_001,97
354f7cb47cc37ad71d24404a__354f7cb47cc37ad71d24404a__SEG_0001__CH_002,92
354f7cb47cc37ad71d24404a__354f7cb47cc37ad71d24404a__SEG_0001__CH_003,79
354f7cb47cc37ad71d24404a__354f7cb47cc37ad71d24404a__SEG_0001__CH_004,117
35535610b3a4d8092d3140fc__35535610b3a4d8092d3140fc__SEG_0001__CH_001,50
35535610b3a4d8092d3140fc__35535610b3a4d8092d3140fc__SEG_0001__CH_002,78
35535610b3a4d8092d3140fc__35535610b3a4d8092d3140fc__SEG_0001__CH_003,106
35535610b3a4d8092d3140fc__35535610b3a4d8092d3140fc__SEG_0001__CH_004,69
35535610b3a4d8092d3140fc__35535610b3a4d8092d3140fc__SEG_0001__CH_005,45
3554428ff8d3c1858d246969__3554428ff8d3c1858d246969__SEG_0001__CH_001,72
3554428ff8d3c1858d246969__3554428ff8d3c1858d246969__SEG_0001__CH_002,89
3554428ff8d3c1858d246969__3554428ff8d3c1858d246969__SEG_0002__CH_001,109
3582e8bba7a0e874ce9a2592__PDFV2__CH_0001,47
3582e8bba7a0e874ce9a2592__PDFV2__CH_0002,40
3582e8bba7a0e874ce9a2592__PDFV2__CH_0003,100
3582e8bba7a0e874ce9a2592__PDFV2__CH_0004,78
3582e8bba7a0e874ce9a2592__PDFV2__CH_0005,89
3582e8bba7a0e874ce9a2592__PDFV2__CH_0006,78
3582e8bba7a0e874ce9a2592__PDFV2__CH_0007,53
35e333fb28203510767bcf76__35e333fb28203510767bcf76__SEG_0001__CH_001,52
35e333fb28203510767bcf76__35e333fb28203510767bcf76__SEG_0001__CH_002,59
3609c120a3e11b18e2707e62__3609c120a3e11b18e2707e62__SEG_0001__CH_001,67
3609c120a3e11b18e2707e62__3609c120a3e11b18e2707e62__SEG_0001__CH_002,136
3609c120a3e11b18e2707e62__3609c120a3e11b18e2707e62__SEG_0001__CH_003,97
3609c120a3e11b18e2707e62__3609c120a3e11b18e2707e62__SEG_0001__CH_004,73
360cef4d30740456be8a1e7f__360cef4d30740456be8a1e7f__SEG_0001__CH_001,92
360cef4d30740456be8a1e7f__360cef4d30740456be8a1e7f__SEG_0001__CH_002,80
361a557f541e995ff62144fe__361a557f541e995ff62144fe__SEG_0001__CH_001,98
361a557f541e995ff62144fe__361a557f541e995ff62144fe__SEG_0001__CH_002,125
36228f881bf04d9d7c78b620__36228f881bf04d9d7c78b620__SEG_0001__CH_002,113
3630e6b8a4335c18be1b188e__PDFV2__CH_0001,78
3630e6b8a4335c18be1b188e__PDFV2__CH_0002,63
3630e6b8a4335c18be1b188e__PDFV2__CH_0003,98
36320624e6635ec24a01b98e__36320624e6635ec24a01b98e__SEG_0001__CH_002,121
36320624e6635ec24a01b98e__36320624e6635ec24a01b98e__SEG_0001__CH_003,55
36320624e6635ec24a01b98e__36320624e6635ec24a01b98e__SEG_0001__CH_004,77
3649a24c631407d99cddc396__3649a24c631407d99cddc396__SEG_0001__CH_001,80
3649a24c631407d99cddc396__3649a24c631407d99cddc396__SEG_0001__CH_002,113
3649a24c631407d99cddc396__3649a24c631407d99cddc396__SEG_0001__CH_003,143
36600b7dfd5d078bdf36c9b3__36600b7dfd5d078bdf36c9b3__SEG_0001__CH_001,102
36600b7dfd5d078bdf36c9b3__36600b7dfd5d078bdf36c9b3__SEG_0001__CH_002,56
36600b7dfd5d078bdf36c9b3__36600b7dfd5d078bdf36c9b3__SEG_0001__CH_004,94
36600b7dfd5d078bdf36c9b3__36600b7dfd5d078bdf36c9b3__SEG_0001__CH_005,105
36600b7dfd5d078bdf36c9b3__36600b7dfd5d078bdf36c9b3__SEG_0002__CH_001,100
36600b7dfd5d078bdf36c9b3__36600b7dfd5d078bdf36c9b3__SEG_0002__CH_002,131
36600b7dfd5d078bdf36c9b3__36600b7dfd5d078bdf36c9b3__SEG_0002__CH_003,124
36600b7dfd5d078bdf36c9b3__36600b7dfd5d078bdf36c9b3__SEG_0003__CH_001,73
36600b7dfd5d078bdf36c9b3__36600b7dfd5d078bdf36c9b3__SEG_0003__CH_002,91
36600b7dfd5d078bdf36c9b3__36600b7dfd5d078bdf36c9b3__SEG_0004__CH_001,104
36600b7dfd5d078bdf36c9b3__36600b7dfd5d078bdf36c9b3__SEG_0004__CH_002,91
36600b7dfd5d078bdf36c9b3__36600b7dfd5d078bdf36c9b3__SEG_0004__CH_003,105
36600b7dfd5d078bdf36c9b3__36600b7dfd5d078bdf36c9b3__SEG_0005__CH_001,74
36600b7dfd5d078bdf36c9b3__36600b7dfd5d078bdf36c9b3__SEG_0005__CH_002,88
36600b7dfd5d078bdf36c9b3__36600b7dfd5d078bdf36c9b3__SEG_0005__CH_003,79
36600b7dfd5d078bdf36c9b3__36600b7dfd5d078bdf36c9b3__SEG_0005__CH_004,106
36600b7dfd5d078bdf36c9b3__36600b7dfd5d078bdf36c9b3__SEG_0006__CH_001,103
36b11d7355bdc9e1c194eaf9__36b11d7355bdc9e1c194eaf9__SEG_0001__CH_001,79
36b11d7355bdc9e1c194eaf9__36b11d7355bdc9e1c194eaf9__SEG_0001__CH_002,105
36b11d7355bdc9e1c194eaf9__36b11d7355bdc9e1c194eaf9__SEG_0001__CH_003,82
36b11d7355bdc9e1c194eaf9__36b11d7355bdc9e1c194eaf9__SEG_0001__CH_004,103
36f4f7ec897ea8d33abcf071__36f4f7ec897ea8d33abcf071__SEG_0001__CH_001,80
36f4f7ec897ea8d33abcf071__36f4f7ec897ea8d33abcf071__SEG_0001__CH_002,58
372e25918c9f5456bdc5fb21__372e25918c9f5456bdc5fb21__SEG_0001__CH_001,71
372e25918c9f5456bdc5fb21__372e25918c9f5456bdc5fb21__SEG_0001__CH_002,56
372e25918c9f5456bdc5fb21__372e25918c9f5456bdc5fb21__SEG_0001__CH_003,77
377b3ceccfdeada16e679618__377b3ceccfdeada16e679618__SEG_0001__CH_001,86
377b3ceccfdeada16e679618__377b3ceccfdeada16e679618__SEG_0001__CH_002,82
377b3ceccfdeada16e679618__377b3ceccfdeada16e679618__SEG_0001__CH_003,85
377b3ceccfdeada16e679618__377b3ceccfdeada16e679618__SEG_0001__CH_004,107
377b3ceccfdeada16e679618__377b3ceccfdeada16e679618__SEG_0001__CH_006,139
377b3ceccfdeada16e679618__377b3ceccfdeada16e679618__SEG_0001__CH_007,69
377b3ceccfdeada16e679618__377b3ceccfdeada16e679618__SEG_0002__CH_001,97
377b3ceccfdeada16e679618__377b3ceccfdeada16e679618__SEG_0002__CH_002,94
377b3ceccfdeada16e679618__377b3ceccfdeada16e679618__SEG_0002__CH_003,130
377b3ceccfdeada16e679618__377b3ceccfdeada16e679618__SEG_0003__CH_001,87
377b3ceccfdeada16e679618__377b3ceccfdeada16e679618__SEG_0003__CH_002,138
377b3ceccfdeada16e679618__377b3ceccfdeada16e679618__SEG_0004__CH_001,82
377b3ceccfdeada16e679618__377b3ceccfdeada16e679618__SEG_0004__CH_002,82
377b3ceccfdeada16e679618__377b3ceccfdeada16e679618__SEG_0004__CH_003,195
377b3ceccfdeada16e679618__377b3ceccfdeada16e679618__SEG_0004__CH_004,164
377b3ceccfdeada16e679618__377b3ceccfdeada16e679618__SEG_0005__CH_001,115
377b3ceccfdeada16e679618__377b3ceccfdeada16e679618__SEG_0005__CH_002,78
377cefe9ab7accadad91f578__377cefe9ab7accadad91f578__SEG_0001__CH_001,94
377cefe9ab7accadad91f578__377cefe9ab7accadad91f578__SEG_0001__CH_002,72
377cefe9ab7accadad91f578__377cefe9ab7accadad91f578__SEG_0001__CH_003,108
377cefe9ab7accadad91f578__377cefe9ab7accadad91f578__SEG_0001__CH_004,194
377cefe9ab7accadad91f578__377cefe9ab7accadad91f578__SEG_0001__CH_005,114
377cefe9ab7accadad91f578__377cefe9ab7accadad91f578__SEG_0001__CH_006,128
377cefe9ab7accadad91f578__377cefe9ab7accadad91f578__SEG_0001__CH_007,77
377cefe9ab7accadad91f578__377cefe9ab7accadad91f578__SEG_0001__CH_008,127
37c3d88b43ad1efd428169dd__PDFV2__CH_0001,72
37c3d88b43ad1efd428169dd__PDFV2__CH_0002,84
37c3d88b43ad1efd428169dd__PDFV2__CH_0003,98
37c3d88b43ad1efd428169dd__PDFV2__CH_0004,92
37c3d88b43ad1efd428169dd__PDFV2__CH_0005,94
37f6dc994a51b1261a182233__37f6dc994a51b1261a182233__SEG_0001__CH_002,82
38272880fb6c962bf4fec9cc__38272880fb6c962bf4fec9cc__SEG_0001__CH_001,87
38275835aaf61c29c963bbb0__38275835aaf61c29c963bbb0__SEG_0001__CH_001,59
38275835aaf61c29c963bbb0__38275835aaf61c29c963bbb0__SEG_0001__CH_002,98
38275835aaf61c29c963bbb0__38275835aaf61c29c963bbb0__SEG_0001__CH_003,104
38275835aaf61c29c963bbb0__38275835aaf61c29c963bbb0__SEG_0001__CH_004__S1,145
38275835aaf61c29c963bbb0__38275835aaf61c29c963bbb0__SEG_0001__CH_004__S2,92
38275835aaf61c29c963bbb0__38275835aaf61c29c963bbb0__SEG_0001__CH_004__S3,146
38275835aaf61c29c963bbb0__38275835aaf61c29c963bbb0__SEG_0001__CH_004__S4,118
38275835aaf61c29c963bbb0__38275835aaf61c29c963bbb0__SEG_0001__CH_005,101
38275835aaf61c29c963bbb0__38275835aaf61c29c963bbb0__SEG_0001__CH_006,157
38275835aaf61c29c963bbb0__38275835aaf61c29c963bbb0__SEG_0002__CH_001,71
38275835aaf61c29c963bbb0__38275835aaf61c29c963bbb0__SEG_0002__CH_002,121
38275835aaf61c29c963bbb0__38275835aaf61c29c963bbb0__SEG_0002__CH_003,48
38275835aaf61c29c963bbb0__38275835aaf61c29c963bbb0__SEG_0002__CH_004,87
38275835aaf61c29c963bbb0__38275835aaf61c29c963bbb0__SEG_0002__CH_005,133
38275835aaf61c29c963bbb0__38275835aaf61c29c963bbb0__SEG_0002__CH_006,126
389c24a4cec412c2a534c8ca__389c24a4cec412c2a534c8ca__SEG_0001__CH_001,70
390fa8e4c15adc49f3b2ddde__PDFV2__CH_0001,72
390fa8e4c15adc49f3b2ddde__PDFV2__CH_0002,104
390fa8e4c15adc49f3b2ddde__PDFV2__CH_0003,99
390fa8e4c15adc49f3b2ddde__PDFV2__CH_0004,102
390fa8e4c15adc49f3b2ddde__PDFV2__CH_0005,92
390fa8e4c15adc49f3b2ddde__PDFV2__CH_0006,72
390fa8e4c15adc49f3b2ddde__PDFV2__CH_0007,87
390fa8e4c15adc49f3b2ddde__PDFV2__CH_0008,73
391d7bc720a63c09319a4cee__391d7bc720a63c09319a4cee__SEG_0001__CH_001,71
391d7bc720a63c09319a4cee__391d7bc720a63c09319a4cee__SEG_0001__CH_002,103
391d7bc720a63c09319a4cee__391d7bc720a63c09319a4cee__SEG_0001__CH_003,81
3a1023ee13689a1d4d155cf8__3a1023ee13689a1d4d155cf8__SEG_0001__CH_001,75
3a1023ee13689a1d4d155cf8__3a1023ee13689a1d4d155cf8__SEG_0001__CH_002,80
3a1023ee13689a1d4d155cf8__3a1023ee13689a1d4d155cf8__SEG_0001__CH_003,43
3a1023ee13689a1d4d155cf8__3a1023ee13689a1d4d155cf8__SEG_0001__CH_004,90
3a215c8005533fd9e16c3c6f__3a215c8005533fd9e16c3c6f__SEG_0001__CH_001,76
3a53f52343e4e4770e753085__3a53f52343e4e4770e753085__SEG_0001__CH_002,62
3a53f52343e4e4770e753085__3a53f52343e4e4770e753085__SEG_0001__CH_003,78
3a53f52343e4e4770e753085__3a53f52343e4e4770e753085__SEG_0001__CH_004,101
3a53f52343e4e4770e753085__3a53f52343e4e4770e753085__SEG_0001__CH_005,81
3a53f52343e4e4770e753085__3a53f52343e4e4770e753085__SEG_0001__CH_006,85
3a53f52343e4e4770e753085__3a53f52343e4e4770e753085__SEG_0001__CH_007,67
3b00ab6bd77c0dfe464bb0bd__3b00ab6bd77c0dfe464bb0bd__SEG_0001__CH_002,64
3b2b3142d2c1792fd5736e72__3b2b3142d2c1792fd5736e72__SEG_0001__CH_001,92
3b2b3142d2c1792fd5736e72__3b2b3142d2c1792fd5736e72__SEG_0001__CH_002,60
3b8c58b79b9972b2152156cd__PDFV2__CH_0001,75
3b8c58b79b9972b2152156cd__PDFV2__CH_0002,77
3b8c58b79b9972b2152156cd__PDFV2__CH_0003,102
3b8c58b79b9972b2152156cd__PDFV2__CH_0004,98
3b8c58b79b9972b2152156cd__PDFV2__CH_0005,82
3b8c58b79b9972b2152156cd__PDFV2__CH_0006,93
3b8c58b79b9972b2152156cd__PDFV2__CH_0007,96
3b8c58b79b9972b2152156cd__PDFV2__CH_0008,82
3b8c58b79b9972b2152156cd__PDFV2__CH_0009,112
3b8c58b79b9972b2152156cd__PDFV2__CH_0010__M,94
3bb7b603978425c49f51c8ed__3bb7b603978425c49f51c8ed__SEG_0001__CH_001,104
3bb7b603978425c49f51c8ed__3bb7b603978425c49f51c8ed__SEG_0001__CH_002,38
3be575c25fb2bc5b69a5d187__PDFV2__CH_0002,120
3c2b86e28c7739a3589106e7__3c2b86e28c7739a3589106e7__SEG_0001__CH_001,85
3c2b86e28c7739a3589106e7__3c2b86e28c7739a3589106e7__SEG_0001__CH_002,113
3c2b86e28c7739a3589106e7__3c2b86e28c7739a3589106e7__SEG_0001__CH_004,52
3c2b86e28c7739a3589106e7__3c2b86e28c7739a3589106e7__SEG_0001__CH_005,125
3c7c183048e693165eea8df7__3c7c183048e693165eea8df7__SEG_0001__CH_002,58
3c7c183048e693165eea8df7__3c7c183048e693165eea8df7__SEG_0001__CH_003,98
3c7fdc9eb00a1090618e505f__PDFV2__CH_0004,65
3c7fdc9eb00a1090618e505f__PDFV2__CH_0007__M,91
3c7fdc9eb00a1090618e505f__PDFV2__CH_0010,75
3c7fdc9eb00a1090618e505f__PDFV2__CH_0012,96
3c9915e0e2cb9f295d1ee886__3c9915e0e2cb9f295d1ee886__SEG_0001__CH_001,92
3c9915e0e2cb9f295d1ee886__3c9915e0e2cb9f295d1ee886__SEG_0001__CH_002,156
3c9915e0e2cb9f295d1ee886__3c9915e0e2cb9f295d1ee886__SEG_0001__CH_003,119
3c9915e0e2cb9f295d1ee886__3c9915e0e2cb9f295d1ee886__SEG_0002__CH_001,167
3ccb8593f98571b9bb56470f__PDFV2__CH_0003,98
3d1483a3663b3e3e9401c930__PDFV2__CH_0002,95
3d1483a3663b3e3e9401c930__PDFV2__CH_0003,88
3d1483a3663b3e3e9401c930__PDFV2__CH_0004,134
3d1483a3663b3e3e9401c930__PDFV2__CH_0005,88
3d1483a3663b3e3e9401c930__PDFV2__CH_0006,140
3d1483a3663b3e3e9401c930__PDFV2__CH_0007,106
3d1483a3663b3e3e9401c930__PDFV2__CH_0008,105
3d1483a3663b3e3e9401c930__PDFV2__CH_0009,120
3d1483a3663b3e3e9401c930__PDFV2__CH_0010,78
3d1483a3663b3e3e9401c930__PDFV2__CH_0011,81
3d1483a3663b3e3e9401c930__PDFV2__CH_0012,74
3d1bc3178e977fb616c67761__3d1bc3178e977fb616c67761__SEG_0001__CH_001,67
3d2b26ab5eb722047d1e5471__PDFV2__CH_0001,82
3d2b26ab5eb722047d1e5471__PDFV2__CH_0002,83
3d2b26ab5eb722047d1e5471__PDFV2__CH_0003,87
3d2b26ab5eb722047d1e5471__PDFV2__CH_0004,84
3d2b26ab5eb722047d1e5471__PDFV2__CH_0005,88
3d2b26ab5eb722047d1e5471__PDFV2__CH_0006,73
3d2b26ab5eb722047d1e5471__PDFV2__CH_0007,69
3d2b26ab5eb722047d1e5471__PDFV2__CH_0008,94
3d2b26ab5eb722047d1e5471__PDFV2__CH_0009,83
3d2b26ab5eb722047d1e5471__PDFV2__CH_0010,65
3d2b26ab5eb722047d1e5471__PDFV2__CH_0011__M,112
3d2b26ab5eb722047d1e5471__PDFV2__CH_0013,104
3d2b26ab5eb722047d1e5471__PDFV2__CH_0014,125
3d2b26ab5eb722047d1e5471__PDFV2__CH_0015,103
3d2b26ab5eb722047d1e5471__PDFV2__CH_0016,70
3d2b26ab5eb722047d1e5471__PDFV2__CH_0017,74
3d2b26ab5eb722047d1e5471__PDFV2__CH_0020,54
3d2b26ab5eb722047d1e5471__PDFV2__CH_0021,66
3d5cb2b0c2c54df820a10b62__3d5cb2b0c2c54df820a10b62__SEG_0001__CH_001,112
3d7664edc5fc9c9e688d2e51__3d7664edc5fc9c9e688d2e51__SEG_0001__CH_001,96
3d7664edc5fc9c9e688d2e51__3d7664edc5fc9c9e688d2e51__SEG_0001__CH_002,86
3d7664edc5fc9c9e688d2e51__3d7664edc5fc9c9e688d2e51__SEG_0001__CH_003,51
3d8258188ee567cfbb8a0173__PDFV2__CH_0001,100
3d8258188ee567cfbb8a0173__PDFV2__CH_0002,82
3d8258188ee567cfbb8a0173__PDFV2__CH_0003,88
3d8258188ee567cfbb8a0173__PDFV2__CH_0004,64
3d8258188ee567cfbb8a0173__PDFV2__CH_0005,137
3d8258188ee567cfbb8a0173__PDFV2__CH_0006,85
3d8258188ee567cfbb8a0173__PDFV2__CH_0007,101
3d8258188ee567cfbb8a0173__PDFV2__CH_0008,79
3d8258188ee567cfbb8a0173__PDFV2__CH_0009,101
3d8258188ee567cfbb8a0173__PDFV2__CH_0010,69
3d8258188ee567cfbb8a0173__PDFV2__CH_0011,125
3d8258188ee567cfbb8a0173__PDFV2__CH_0012,62
3da17f2492750892a0a0e618__3da17f2492750892a0a0e618__SEG_0001__CH_001,90
3da17f2492750892a0a0e618__3da17f2492750892a0a0e618__SEG_0001__CH_002,90
3da17f2492750892a0a0e618__3da17f2492750892a0a0e618__SEG_0001__CH_003,99
3da17f2492750892a0a0e618__3da17f2492750892a0a0e618__SEG_0002__CH_001,39
3da17f2492750892a0a0e618__3da17f2492750892a0a0e618__SEG_0002__CH_002,56
3da17f2492750892a0a0e618__3da17f2492750892a0a0e618__SEG_0002__CH_003,46
3dbb39f2f8dc6645c34ec496__3dbb39f2f8dc6645c34ec496__SEG_0001__CH_001,45
3dbb39f2f8dc6645c34ec496__3dbb39f2f8dc6645c34ec496__SEG_0001__CH_002,144
3dbb39f2f8dc6645c34ec496__3dbb39f2f8dc6645c34ec496__SEG_0001__CH_003,61
3dbb39f2f8dc6645c34ec496__3dbb39f2f8dc6645c34ec496__SEG_0001__CH_004,98
3dbb39f2f8dc6645c34ec496__3dbb39f2f8dc6645c34ec496__SEG_0001__CH_005,180
3dbb39f2f8dc6645c34ec496__3dbb39f2f8dc6645c34ec496__SEG_0001__CH_006,49
3e093782591167636620c64a__PDFV2__CH_0001,65
3e093782591167636620c64a__PDFV2__CH_0003,118
3e093782591167636620c64a__PDFV2__CH_0004,109
3e093782591167636620c64a__PDFV2__CH_0005,84
3e093782591167636620c64a__PDFV2__CH_0006,74
3e093782591167636620c64a__PDFV2__CH_0007,87
3e093782591167636620c64a__PDFV2__CH_0008,73
3e093782591167636620c64a__PDFV2__CH_0009,59
3e093782591167636620c64a__PDFV2__CH_0010,73
3e093782591167636620c64a__PDFV2__CH_0011,89
3e093782591167636620c64a__PDFV2__CH_0012,77
3e093782591167636620c64a__PDFV2__CH_0013,103
3e093782591167636620c64a__PDFV2__CH_0014,62
3e0f800aef10a6b7f6e9a8ad__3e0f800aef10a6b7f6e9a8ad__SEG_0001__CH_001,90
3e0f800aef10a6b7f6e9a8ad__3e0f800aef10a6b7f6e9a8ad__SEG_0001__CH_002,93
3e378e8148a2b291ce35f5e3__3e378e8148a2b291ce35f5e3__SEG_0001__CH_001,100
3e378e8148a2b291ce35f5e3__3e378e8148a2b291ce35f5e3__SEG_0001__CH_002,62
3e437eba69e1f9333eacbd92__3e437eba69e1f9333eacbd92__SEG_0001__CH_001,75
3e88768c41424540f7563aa7__3e88768c41424540f7563aa7__SEG_0001__CH_001,42
3e88768c41424540f7563aa7__3e88768c41424540f7563aa7__SEG_0001__CH_002,78
3e88768c41424540f7563aa7__3e88768c41424540f7563aa7__SEG_0001__CH_003,42
3e88768c41424540f7563aa7__3e88768c41424540f7563aa7__SEG_0001__CH_004,39
3e88768c41424540f7563aa7__3e88768c41424540f7563aa7__SEG_0001__CH_005,49
3e88768c41424540f7563aa7__3e88768c41424540f7563aa7__SEG_0001__CH_008,60
3e8a87d22106f571c96035bc__PDFV2__CH_0001,51
3e8a87d22106f571c96035bc__PDFV2__CH_0002,68
3e8a87d22106f571c96035bc__PDFV2__CH_0003,62
3e8a87d22106f571c96035bc__PDFV2__CH_0004,66
3e8a87d22106f571c96035bc__PDFV2__CH_0005,104
3e8a87d22106f571c96035bc__PDFV2__CH_0006,64
3ea4540ad5a4eeabfe2ed459__3ea4540ad5a4eeabfe2ed459__SEG_0001__CH_001,81
3ea4540ad5a4eeabfe2ed459__3ea4540ad5a4eeabfe2ed459__SEG_0001__CH_002,159
3ea4540ad5a4eeabfe2ed459__3ea4540ad5a4eeabfe2ed459__SEG_0001__CH_003,163
3ea4540ad5a4eeabfe2ed459__3ea4540ad5a4eeabfe2ed459__SEG_0001__CH_004,140
3ea536da835e800dda2d7f43__PDFV2__CH_0002,91
3ea536da835e800dda2d7f43__PDFV2__CH_0003,69
3ea536da835e800dda2d7f43__PDFV2__CH_0004,69
3ea536da835e800dda2d7f43__PDFV2__CH_0005,74
3ea536da835e800dda2d7f43__PDFV2__CH_0006,84
3ea536da835e800dda2d7f43__PDFV2__CH_0007,96
3ea536da835e800dda2d7f43__PDFV2__CH_0008,100
3ea536da835e800dda2d7f43__PDFV2__CH_0009,78
3ea536da835e800dda2d7f43__PDFV2__CH_0010,83
3ea536da835e800dda2d7f43__PDFV2__CH_0011,73
3ea536da835e800dda2d7f43__PDFV2__CH_0012,132
3ea536da835e800dda2d7f43__PDFV2__CH_0013,69
3ea536da835e800dda2d7f43__PDFV2__CH_0014,100
3ea536da835e800dda2d7f43__PDFV2__CH_0015,62
3ea536da835e800dda2d7f43__PDFV2__CH_0016,88
3ea536da835e800dda2d7f43__PDFV2__CH_0017,76
3ea536da835e800dda2d7f43__PDFV2__CH_0018,68
3ea536da835e800dda2d7f43__PDFV2__CH_0019__M,102
3ea536da835e800dda2d7f43__PDFV2__CH_0021,97
3ea536da835e800dda2d7f43__PDFV2__CH_0022,55
3ea536da835e800dda2d7f43__PDFV2__CH_0023,50
3ea536da835e800dda2d7f43__PDFV2__CH_0024,113
3ea536da835e800dda2d7f43__PDFV2__CH_0025,98
3ea536da835e800dda2d7f43__PDFV2__CH_0026,82
3ea536da835e800dda2d7f43__PDFV2__CH_0027,84
3ea536da835e800dda2d7f43__PDFV2__CH_0028,81
3ea536da835e800dda2d7f43__PDFV2__CH_0029,54
3ea536da835e800dda2d7f43__PDFV2__CH_0030,78
3ea536da835e800dda2d7f43__PDFV2__CH_0031,77
3ea536da835e800dda2d7f43__PDFV2__CH_0032,78
3ea536da835e800dda2d7f43__PDFV2__CH_0033,90
3ea536da835e800dda2d7f43__PDFV2__CH_0034,122
3ea536da835e800dda2d7f43__PDFV2__CH_0035,70
3ea536da835e800dda2d7f43__PDFV2__CH_0036,66
3ea536da835e800dda2d7f43__PDFV2__CH_0037,81
3ea536da835e800dda2d7f43__PDFV2__CH_0038,64
3ea536da835e800dda2d7f43__PDFV2__CH_0039,61
3ea536da835e800dda2d7f43__PDFV2__CH_0040,69
3ea536da835e800dda2d7f43__PDFV2__CH_0041,100
3eb18c63403455442da8f9d6__3eb18c63403455442da8f9d6__SEG_0001__CH_001,72
3eb18c63403455442da8f9d6__3eb18c63403455442da8f9d6__SEG_0001__CH_002,109
3eb18c63403455442da8f9d6__3eb18c63403455442da8f9d6__SEG_0001__CH_003,204
3eb18c63403455442da8f9d6__3eb18c63403455442da8f9d6__SEG_0001__CH_004,96
3eb18c63403455442da8f9d6__3eb18c63403455442da8f9d6__SEG_0001__CH_005,93
3ed55fb900ba4ef986dcfa58__PDFV2__CH_0001,77
3ed55fb900ba4ef986dcfa58__PDFV2__CH_0003,35
3ed55fb900ba4ef986dcfa58__PDFV2__CH_0004,82
3f1d4b5e49e0cee3b5a7ba5a__3f1d4b5e49e0cee3b5a7ba5a__SEG_0001__CH_005,90
3f525a74f9758956a0ff56e5__PDFV2__CH_0003,105
3f80a32378d3ed6824c26330__3f80a32378d3ed6824c26330__SEG_0001__CH_001,79
3f80a32378d3ed6824c26330__3f80a32378d3ed6824c26330__SEG_0001__CH_002,75
3fb9663fbadbd0b081c5e359__3fb9663fbadbd0b081c5e359__SEG_0001__CH_001,117
3fb9663fbadbd0b081c5e359__3fb9663fbadbd0b081c5e359__SEG_0001__CH_002,101
3fb9663fbadbd0b081c5e359__3fb9663fbadbd0b081c5e359__SEG_0001__CH_003,169
4037f211cb5224d455e660a3__4037f211cb5224d455e660a3__SEG_0001__CH_001,114
40cbde9b34ee4644caa571fa__PDFV2__CH_0001,56
40cbde9b34ee4644caa571fa__PDFV2__CH_0002,79
40cbde9b34ee4644caa571fa__PDFV2__CH_0003,113
40cbde9b34ee4644caa571fa__PDFV2__CH_0004,66
40cbde9b34ee4644caa571fa__PDFV2__CH_0005,118
40cbde9b34ee4644caa571fa__PDFV2__CH_0006,85
417e6543ab4b3e8a49c02b5d__417e6543ab4b3e8a49c02b5d__SEG_0001__CH_001,54
417e6543ab4b3e8a49c02b5d__417e6543ab4b3e8a49c02b5d__SEG_0001__CH_002,77
417e6543ab4b3e8a49c02b5d__417e6543ab4b3e8a49c02b5d__SEG_0001__CH_003,61
417e6543ab4b3e8a49c02b5d__417e6543ab4b3e8a49c02b5d__SEG_0001__CH_004,87
417e6543ab4b3e8a49c02b5d__417e6543ab4b3e8a49c02b5d__SEG_0001__CH_005,82
419f1ed27dcc398af35bf251__PDFV2__CH_0001,78
419f1ed27dcc398af35bf251__PDFV2__CH_0002,71
419f1ed27dcc398af35bf251__PDFV2__CH_0003,66
419f1ed27dcc398af35bf251__PDFV2__CH_0004,84
419f1ed27dcc398af35bf251__PDFV2__CH_0005,98
41adda5d3c53ed5bb6992df9__41adda5d3c53ed5bb6992df9__SEG_0001__CH_001,76
41adda5d3c53ed5bb6992df9__41adda5d3c53ed5bb6992df9__SEG_0001__CH_002,53
41bc85cbfb9d0d942781c57d__41bc85cbfb9d0d942781c57d__SEG_0001__CH_001,78
41fb106e8b4b2312fa9550d2__PDFV2__CH_0001,54
41fb106e8b4b2312fa9550d2__PDFV2__CH_0002,78
41fb106e8b4b2312fa9550d2__PDFV2__CH_0003,117
41fb106e8b4b2312fa9550d2__PDFV2__CH_0004,70
41fb106e8b4b2312fa9550d2__PDFV2__CH_0005,66
41fb106e8b4b2312fa9550d2__PDFV2__CH_0006,83
41fb106e8b4b2312fa9550d2__PDFV2__CH_0007,98
41fb106e8b4b2312fa9550d2__PDFV2__CH_0008__M,97
41fb106e8b4b2312fa9550d2__PDFV2__CH_0010,86
41fb106e8b4b2312fa9550d2__PDFV2__CH_0011,75
41fb106e8b4b2312fa9550d2__PDFV2__CH_0012,101
41fb106e8b4b2312fa9550d2__PDFV2__CH_0013,94
41fb106e8b4b2312fa9550d2__PDFV2__CH_0014,121
41fb106e8b4b2312fa9550d2__PDFV2__CH_0015,160
41fb106e8b4b2312fa9550d2__PDFV2__CH_0016,80
41fb106e8b4b2312fa9550d2__PDFV2__CH_0017,130
41fb106e8b4b2312fa9550d2__PDFV2__CH_0018,177
4211ca876c887cd72a14b7d9__4211ca876c887cd72a14b7d9__SEG_0001__CH_001,71
4211ca876c887cd72a14b7d9__4211ca876c887cd72a14b7d9__SEG_0001__CH_002,76
4215275c794fec597ceb78ad__PDFV2__CH_0002,70
4215275c794fec597ceb78ad__PDFV2__CH_0007,86
4251f906de514ec77c7b30ba__4251f906de514ec77c7b30ba__SEG_0001__CH_001,47
425fe6b4b1a88b4c3e5cd509__PDFV2__CH_0011,55
425fe6b4b1a88b4c3e5cd509__PDFV2__CH_0012,46
425fe6b4b1a88b4c3e5cd509__PDFV2__CH_0013,69
425fe6b4b1a88b4c3e5cd509__PDFV2__CH_0014,54
425fe6b4b1a88b4c3e5cd509__PDFV2__CH_0015,66
425fe6b4b1a88b4c3e5cd509__PDFV2__CH_0016,52
425fe6b4b1a88b4c3e5cd509__PDFV2__CH_0017,57
425fe6b4b1a88b4c3e5cd509__PDFV2__CH_0018__M,69
425fe6b4b1a88b4c3e5cd509__PDFV2__CH_0020,53
425fe6b4b1a88b4c3e5cd509__PDFV2__CH_0021,64
425fe6b4b1a88b4c3e5cd509__PDFV2__CH_0022,63
425fe6b4b1a88b4c3e5cd509__PDFV2__CH_0023,59
425fe6b4b1a88b4c3e5cd509__PDFV2__CH_0024,62
425fe6b4b1a88b4c3e5cd509__PDFV2__CH_0025,52
425fe6b4b1a88b4c3e5cd509__PDFV2__CH_0026,26
425fe6b4b1a88b4c3e5cd509__PDFV2__CH_0027,75
425fe6b4b1a88b4c3e5cd509__PDFV2__CH_0028,74
425fe6b4b1a88b4c3e5cd509__PDFV2__CH_0029,53
425fe6b4b1a88b4c3e5cd509__PDFV2__CH_0031__M,113
425fe6b4b1a88b4c3e5cd509__PDFV2__CH_0035,58
425fe6b4b1a88b4c3e5cd509__PDFV2__CH_0036,62
425fe6b4b1a88b4c3e5cd509__PDFV2__CH_0037,78
425fe6b4b1a88b4c3e5cd509__PDFV2__CH_0038,75
425fe6b4b1a88b4c3e5cd509__PDFV2__CH_0039,78
425fe6b4b1a88b4c3e5cd509__PDFV2__CH_0040,86
425fe6b4b1a88b4c3e5cd509__PDFV2__CH_0041,43
425fe6b4b1a88b4c3e5cd509__PDFV2__CH_0042,96
425fe6b4b1a88b4c3e5cd509__PDFV2__CH_0043__M,104
425fe6b4b1a88b4c3e5cd509__PDFV2__CH_0045,88
425fe6b4b1a88b4c3e5cd509__PDFV2__CH_0046,80
425fe6b4b1a88b4c3e5cd509__PDFV2__CH_0047,88
425fe6b4b1a88b4c3e5cd509__PDFV2__CH_0048,95
425fe6b4b1a88b4c3e5cd509__PDFV2__CH_0049,71
425fe6b4b1a88b4c3e5cd509__PDFV2__CH_0050,99
425fe6b4b1a88b4c3e5cd509__PDFV2__CH_0051,64
425fe6b4b1a88b4c3e5cd509__PDFV2__CH_0052__M,93
425fe6b4b1a88b4c3e5cd509__PDFV2__CH_0054,152
425fe6b4b1a88b4c3e5cd509__PDFV2__CH_0055,88
425fe6b4b1a88b4c3e5cd509__PDFV2__CH_0056,73
425fe6b4b1a88b4c3e5cd509__PDFV2__CH_0057,105
425fe6b4b1a88b4c3e5cd509__PDFV2__CH_0058,96
425fe6b4b1a88b4c3e5cd509__PDFV2__CH_0059__M,70
425fe6b4b1a88b4c3e5cd509__PDFV2__CH_0061,49
425fe6b4b1a88b4c3e5cd509__PDFV2__CH_0062,39
425fe6b4b1a88b4c3e5cd509__PDFV2__CH_0063,54
425fe6b4b1a88b4c3e5cd509__PDFV2__CH_0064,83
425fe6b4b1a88b4c3e5cd509__PDFV2__CH_0065__M,95
425fe6b4b1a88b4c3e5cd509__PDFV2__CH_0067,65
425fe6b4b1a88b4c3e5cd509__PDFV2__CH_0068,64
425fe6b4b1a88b4c3e5cd509__PDFV2__CH_0069,62
425fe6b4b1a88b4c3e5cd509__PDFV2__CH_0070,94
425fe6b4b1a88b4c3e5cd509__PDFV2__CH_0071,81
425fe6b4b1a88b4c3e5cd509__PDFV2__CH_0072,73
425fe6b4b1a88b4c3e5cd509__PDFV2__CH_0073,93
425fe6b4b1a88b4c3e5cd509__PDFV2__CH_0074,72
425fe6b4b1a88b4c3e5cd509__PDFV2__CH_0075,48
425fe6b4b1a88b4c3e5cd509__PDFV2__CH_0076,41
425fe6b4b1a88b4c3e5cd509__PDFV2__CH_0077,69
425fe6b4b1a88b4c3e5cd509__PDFV2__CH_0078,61
425fe6b4b1a88b4c3e5cd509__PDFV2__CH_0079,104
425fe6b4b1a88b4c3e5cd509__PDFV2__CH_0080,103
425fe6b4b1a88b4c3e5cd509__PDFV2__CH_0081,68
425fe6b4b1a88b4c3e5cd509__PDFV2__CH_0082,32
425fe6b4b1a88b4c3e5cd509__PDFV2__CH_0083,96
425fe6b4b1a88b4c3e5cd509__PDFV2__CH_0084,68
425fe6b4b1a88b4c3e5cd509__PDFV2__CH_0085,59
425fe6b4b1a88b4c3e5cd509__PDFV2__CH_0086,69
425fe6b4b1a88b4c3e5cd509__PDFV2__CH_0087,80
425fe6b4b1a88b4c3e5cd509__PDFV2__CH_0088,104
425fe6b4b1a88b4c3e5cd509__PDFV2__CH_0089,48
425fe6b4b1a88b4c3e5cd509__PDFV2__CH_0090,86
425fe6b4b1a88b4c3e5cd509__PDFV2__CH_0091,84
425fe6b4b1a88b4c3e5cd509__PDFV2__CH_0092,56
425fe6b4b1a88b4c3e5cd509__PDFV2__CH_0093,72
425fe6b4b1a88b4c3e5cd509__PDFV2__CH_0094,43
425fe6b4b1a88b4c3e5cd509__PDFV2__CH_0095,86
425fe6b4b1a88b4c3e5cd509__PDFV2__CH_0096,45
425fe6b4b1a88b4c3e5cd509__PDFV2__CH_0097,134
425fe6b4b1a88b4c3e5cd509__PDFV2__CH_0098,43
425fe6b4b1a88b4c3e5cd509__PDFV2__CH_0099,90
425fe6b4b1a88b4c3e5cd509__PDFV2__CH_0100,87
425fe6b4b1a88b4c3e5cd509__PDFV2__CH_0101__M,83
425fe6b4b1a88b4c3e5cd509__PDFV2__CH_0103,89
425fe6b4b1a88b4c3e5cd509__PDFV2__CH_0104,120
425fe6b4b1a88b4c3e5cd509__PDFV2__CH_0105,111
425fe6b4b1a88b4c3e5cd509__PDFV2__CH_0106,69
425fe6b4b1a88b4c3e5cd509__PDFV2__CH_0107,96
425fe6b4b1a88b4c3e5cd509__PDFV2__CH_0108,61
425fe6b4b1a88b4c3e5cd509__PDFV2__CH_0109,86
425fe6b4b1a88b4c3e5cd509__PDFV2__CH_0110,71
425fe6b4b1a88b4c3e5cd509__PDFV2__CH_0111,94
425fe6b4b1a88b4c3e5cd509__PDFV2__CH_0112,80
425fe6b4b1a88b4c3e5cd509__PDFV2__CH_0113,65
425fe6b4b1a88b4c3e5cd509__PDFV2__CH_0114,65
425fe6b4b1a88b4c3e5cd509__PDFV2__CH_0115,63
425fe6b4b1a88b4c3e5cd509__PDFV2__CH_0116,90
425fe6b4b1a88b4c3e5cd509__PDFV2__CH_0117,80
425fe6b4b1a88b4c3e5cd509__PDFV2__CH_0118,77
425fe6b4b1a88b4c3e5cd509__PDFV2__CH_0119,83
425fe6b4b1a88b4c3e5cd509__PDFV2__CH_0120,80
425fe6b4b1a88b4c3e5cd509__PDFV2__CH_0121__M,144
425fe6b4b1a88b4c3e5cd509__PDFV2__CH_0124,91
425fe6b4b1a88b4c3e5cd509__PDFV2__CH_0125,92
425fe6b4b1a88b4c3e5cd509__PDFV2__CH_0126,90
425fe6b4b1a88b4c3e5cd509__PDFV2__CH_0127,42
425fe6b4b1a88b4c3e5cd509__PDFV2__CH_0128,94
425fe6b4b1a88b4c3e5cd509__PDFV2__CH_0129,61
425fe6b4b1a88b4c3e5cd509__PDFV2__CH_0130,53
425fe6b4b1a88b4c3e5cd509__PDFV2__CH_0131,87
425fe6b4b1a88b4c3e5cd509__PDFV2__CH_0132,84
425fe6b4b1a88b4c3e5cd509__PDFV2__CH_0133,58
425fe6b4b1a88b4c3e5cd509__PDFV2__CH_0134,67
425fe6b4b1a88b4c3e5cd509__PDFV2__CH_0135,58
425fe6b4b1a88b4c3e5cd509__PDFV2__CH_0136,39
425fe6b4b1a88b4c3e5cd509__PDFV2__CH_0137__M,84
425fe6b4b1a88b4c3e5cd509__PDFV2__CH_0139__M,91
425fe6b4b1a88b4c3e5cd509__PDFV2__CH_0141__M,98
425fe6b4b1a88b4c3e5cd509__PDFV2__CH_0144,36
425fe6b4b1a88b4c3e5cd509__PDFV2__CH_0145,80
425fe6b4b1a88b4c3e5cd509__PDFV2__CH_0146,54
425fe6b4b1a88b4c3e5cd509__PDFV2__CH_0147,65
425fe6b4b1a88b4c3e5cd509__PDFV2__CH_0148,78
425fe6b4b1a88b4c3e5cd509__PDFV2__CH_0149,66
425fe6b4b1a88b4c3e5cd509__PDFV2__CH_0150,73
425fe6b4b1a88b4c3e5cd509__PDFV2__CH_0151,75
425fe6b4b1a88b4c3e5cd509__PDFV2__CH_0152,65
425fe6b4b1a88b4c3e5cd509__PDFV2__CH_0153,54
425fe6b4b1a88b4c3e5cd509__PDFV2__CH_0154__M,82
425fe6b4b1a88b4c3e5cd509__PDFV2__CH_0156,86
425fe6b4b1a88b4c3e5cd509__PDFV2__CH_0157,85
425fe6b4b1a88b4c3e5cd509__PDFV2__CH_0158,47
425fe6b4b1a88b4c3e5cd509__PDFV2__CH_0159,38
425fe6b4b1a88b4c3e5cd509__PDFV2__CH_0160,44
425fe6b4b1a88b4c3e5cd509__PDFV2__CH_0161,66
425fe6b4b1a88b4c3e5cd509__PDFV2__CH_0162,47
425fe6b4b1a88b4c3e5cd509__PDFV2__CH_0163,62
425fe6b4b1a88b4c3e5cd509__PDFV2__CH_0164__M,96
425fe6b4b1a88b4c3e5cd509__PDFV2__CH_0167,63
425fe6b4b1a88b4c3e5cd509__PDFV2__CH_0168,50
425fe6b4b1a88b4c3e5cd509__PDFV2__CH_0169,51
425fe6b4b1a88b4c3e5cd509__PDFV2__CH_0170,65
425fe6b4b1a88b4c3e5cd509__PDFV2__CH_0171,59
425fe6b4b1a88b4c3e5cd509__PDFV2__CH_0172,44
425fe6b4b1a88b4c3e5cd509__PDFV2__CH_0173__M,70
425fe6b4b1a88b4c3e5cd509__PDFV2__CH_0175,48
425fe6b4b1a88b4c3e5cd509__PDFV2__CH_0176,42
425fe6b4b1a88b4c3e5cd509__PDFV2__CH_0177,86
425fe6b4b1a88b4c3e5cd509__PDFV2__CH_0178__M,75
425fe6b4b1a88b4c3e5cd509__PDFV2__CH_0180__M,77
425fe6b4b1a88b4c3e5cd509__PDFV2__CH_0183__M,99
425fe6b4b1a88b4c3e5cd509__PDFV2__CH_0185,77
425fe6b4b1a88b4c3e5cd509__PDFV2__CH_0186__M,77
425fe6b4b1a88b4c3e5cd509__PDFV2__CH_0188,68
425fe6b4b1a88b4c3e5cd509__PDFV2__CH_0189,62
425fe6b4b1a88b4c3e5cd509__PDFV2__CH_0190,72
425fe6b4b1a88b4c3e5cd509__PDFV2__CH_0191,37
425fe6b4b1a88b4c3e5cd509__PDFV2__CH_0192,89
425fe6b4b1a88b4c3e5cd509__PDFV2__CH_0193__M,89
425fe6b4b1a88b4c3e5cd509__PDFV2__CH_0195,50
425fe6b4b1a88b4c3e5cd509__PDFV2__CH_0196,89
425fe6b4b1a88b4c3e5cd509__PDFV2__CH_0197,83
425fe6b4b1a88b4c3e5cd509__PDFV2__CH_0198,42
425fe6b4b1a88b4c3e5cd509__PDFV2__CH_0199,79
425fe6b4b1a88b4c3e5cd509__PDFV2__CH_0200,31
425fe6b4b1a88b4c3e5cd509__PDFV2__CH_0201,44
425fe6b4b1a88b4c3e5cd509__PDFV2__CH_0202,36
425fe6b4b1a88b4c3e5cd509__PDFV2__CH_0203,70
425fe6b4b1a88b4c3e5cd509__PDFV2__CH_0204,52
425fe6b4b1a88b4c3e5cd509__PDFV2__CH_0205__M,83
425fe6b4b1a88b4c3e5cd509__PDFV2__CH_0207,72
425fe6b4b1a88b4c3e5cd509__PDFV2__CH_0208__M,122
425fe6b4b1a88b4c3e5cd509__PDFV2__CH_0212,65
425fe6b4b1a88b4c3e5cd509__PDFV2__CH_0213,66
425fe6b4b1a88b4c3e5cd509__PDFV2__CH_0214,70
425fe6b4b1a88b4c3e5cd509__PDFV2__CH_0215__M,89
425fe6b4b1a88b4c3e5cd509__PDFV2__CH_0217__M,68
425fe6b4b1a88b4c3e5cd509__PDFV2__CH_0219__M,88
425fe6b4b1a88b4c3e5cd509__PDFV2__CH_0221,48
425fe6b4b1a88b4c3e5cd509__PDFV2__CH_0222,77
425fe6b4b1a88b4c3e5cd509__PDFV2__CH_0223,61
425fe6b4b1a88b4c3e5cd509__PDFV2__CH_0224,110
425fe6b4b1a88b4c3e5cd509__PDFV2__CH_0225,67
425fe6b4b1a88b4c3e5cd509__PDFV2__CH_0226,58
425fe6b4b1a88b4c3e5cd509__PDFV2__CH_0227,84
425fe6b4b1a88b4c3e5cd509__PDFV2__CH_0228,40
425fe6b4b1a88b4c3e5cd509__PDFV2__CH_0229,65
425fe6b4b1a88b4c3e5cd509__PDFV2__CH_0230,50
425fe6b4b1a88b4c3e5cd509__PDFV2__CH_0231,61
425fe6b4b1a88b4c3e5cd509__PDFV2__CH_0232,81
425fe6b4b1a88b4c3e5cd509__PDFV2__CH_0233,75
425fe6b4b1a88b4c3e5cd509__PDFV2__CH_0234,64
425fe6b4b1a88b4c3e5cd509__PDFV2__CH_0235__M,103
425fe6b4b1a88b4c3e5cd509__PDFV2__CH_0237,64
425fe6b4b1a88b4c3e5cd509__PDFV2__CH_0238,42
425fe6b4b1a88b4c3e5cd509__PDFV2__CH_0239,60
425fe6b4b1a88b4c3e5cd509__PDFV2__CH_0240,75
425fe6b4b1a88b4c3e5cd509__PDFV2__CH_0241,54
425fe6b4b1a88b4c3e5cd509__PDFV2__CH_0242,31
425fe6b4b1a88b4c3e5cd509__PDFV2__CH_0243__M,109
425fe6b4b1a88b4c3e5cd509__PDFV2__CH_0246,80
425fe6b4b1a88b4c3e5cd509__PDFV2__CH_0247,88
425fe6b4b1a88b4c3e5cd509__PDFV2__CH_0248,61
425fe6b4b1a88b4c3e5cd509__PDFV2__CH_0249,66
425fe6b4b1a88b4c3e5cd509__PDFV2__CH_0250,37
425fe6b4b1a88b4c3e5cd509__PDFV2__CH_0251,86
425fe6b4b1a88b4c3e5cd509__PDFV2__CH_0252,77
425fe6b4b1a88b4c3e5cd509__PDFV2__CH_0253,69
425fe6b4b1a88b4c3e5cd509__PDFV2__CH_0254,55
425fe6b4b1a88b4c3e5cd509__PDFV2__CH_0255,56
425fe6b4b1a88b4c3e5cd509__PDFV2__CH_0256,50
425fe6b4b1a88b4c3e5cd509__PDFV2__CH_0257,98
425fe6b4b1a88b4c3e5cd509__PDFV2__CH_0258,82
425fe6b4b1a88b4c3e5cd509__PDFV2__CH_0259,29
425fe6b4b1a88b4c3e5cd509__PDFV2__CH_0260,61
425fe6b4b1a88b4c3e5cd509__PDFV2__CH_0261,52
425fe6b4b1a88b4c3e5cd509__PDFV2__CH_0262,33
425fe6b4b1a88b4c3e5cd509__PDFV2__CH_0263,95
425fe6b4b1a88b4c3e5cd509__PDFV2__CH_0264,18
425fe6b4b1a88b4c3e5cd509__PDFV2__CH_0265__M,79
425fe6b4b1a88b4c3e5cd509__PDFV2__CH_0267__M,118
425fe6b4b1a88b4c3e5cd509__PDFV2__CH_0272,81
425fe6b4b1a88b4c3e5cd509__PDFV2__CH_0273,125
425fe6b4b1a88b4c3e5cd509__PDFV2__CH_0274,55
425fe6b4b1a88b4c3e5cd509__PDFV2__CH_0275__M,142
425fe6b4b1a88b4c3e5cd509__PDFV2__CH_0281__M,88
425fe6b4b1a88b4c3e5cd509__PDFV2__CH_0284,103
425fe6b4b1a88b4c3e5cd509__PDFV2__CH_0285,48
425fe6b4b1a88b4c3e5cd509__PDFV2__CH_0286__M,93
425fe6b4b1a88b4c3e5cd509__PDFV2__CH_0288,93
425fe6b4b1a88b4c3e5cd509__PDFV2__CH_0289,59
425fe6b4b1a88b4c3e5cd509__PDFV2__CH_0290,86
425fe6b4b1a88b4c3e5cd509__PDFV2__CH_0291,53
425fe6b4b1a88b4c3e5cd509__PDFV2__CH_0292__M,78
425fe6b4b1a88b4c3e5cd509__PDFV2__CH_0294,77
425fe6b4b1a88b4c3e5cd509__PDFV2__CH_0295,67
425fe6b4b1a88b4c3e5cd509__PDFV2__CH_0296,57
425fe6b4b1a88b4c3e5cd509__PDFV2__CH_0297,65
425fe6b4b1a88b4c3e5cd509__PDFV2__CH_0298,92
425fe6b4b1a88b4c3e5cd509__PDFV2__CH_0299,80
425fe6b4b1a88b4c3e5cd509__PDFV2__CH_0300,72
425fe6b4b1a88b4c3e5cd509__PDFV2__CH_0301__M,102
425fe6b4b1a88b4c3e5cd509__PDFV2__CH_0303,86
425fe6b4b1a88b4c3e5cd509__PDFV2__CH_0304,103
425fe6b4b1a88b4c3e5cd509__PDFV2__CH_0305,52
425fe6b4b1a88b4c3e5cd509__PDFV2__CH_0306,89
425fe6b4b1a88b4c3e5cd509__PDFV2__CH_0308,30
425fe6b4b1a88b4c3e5cd509__PDFV2__CH_0309,49
425fe6b4b1a88b4c3e5cd509__PDFV2__CH_0310,66
425fe6b4b1a88b4c3e5cd509__PDFV2__CH_0311__M,107
425fe6b4b1a88b4c3e5cd509__PDFV2__CH_0313,63
425fe6b4b1a88b4c3e5cd509__PDFV2__CH_0314,45
425fe6b4b1a88b4c3e5cd509__PDFV2__CH_0315,48
425fe6b4b1a88b4c3e5cd509__PDFV2__CH_0316,82
425fe6b4b1a88b4c3e5cd509__PDFV2__CH_0317,51
425fe6b4b1a88b4c3e5cd509__PDFV2__CH_0318,29
425fe6b4b1a88b4c3e5cd509__PDFV2__CH_0319,43
425fe6b4b1a88b4c3e5cd509__PDFV2__CH_0320,69
425fe6b4b1a88b4c3e5cd509__PDFV2__CH_0321,96
425fe6b4b1a88b4c3e5cd509__PDFV2__CH_0322,51
425fe6b4b1a88b4c3e5cd509__PDFV2__CH_0323,61
425fe6b4b1a88b4c3e5cd509__PDFV2__CH_0324,49
425fe6b4b1a88b4c3e5cd509__PDFV2__CH_0325,74
425fe6b4b1a88b4c3e5cd509__PDFV2__CH_0326,89
425fe6b4b1a88b4c3e5cd509__PDFV2__CH_0327,73
425fe6b4b1a88b4c3e5cd509__PDFV2__CH_0328,59
425fe6b4b1a88b4c3e5cd509__PDFV2__CH_0329,82
425fe6b4b1a88b4c3e5cd509__PDFV2__CH_0330,50
425fe6b4b1a88b4c3e5cd509__PDFV2__CH_0331,61
425fe6b4b1a88b4c3e5cd509__PDFV2__CH_0332,39
425fe6b4b1a88b4c3e5cd509__PDFV2__CH_0333,58
425fe6b4b1a88b4c3e5cd509__PDFV2__CH_0334,78
425fe6b4b1a88b4c3e5cd509__PDFV2__CH_0335,47
425fe6b4b1a88b4c3e5cd509__PDFV2__CH_0336,54
425fe6b4b1a88b4c3e5cd509__PDFV2__CH_0337,31
425fe6b4b1a88b4c3e5cd509__PDFV2__CH_0338,73
425fe6b4b1a88b4c3e5cd509__PDFV2__CH_0339,54
425fe6b4b1a88b4c3e5cd509__PDFV2__CH_0340,75
425fe6b4b1a88b4c3e5cd509__PDFV2__CH_0341,60
425fe6b4b1a88b4c3e5cd509__PDFV2__CH_0342,47
425fe6b4b1a88b4c3e5cd509__PDFV2__CH_0343,53
425fe6b4b1a88b4c3e5cd509__PDFV2__CH_0344,115
425fe6b4b1a88b4c3e5cd509__PDFV2__CH_0345,112
425fe6b4b1a88b4c3e5cd509__PDFV2__CH_0346,67
425fe6b4b1a88b4c3e5cd509__PDFV2__CH_0347,41
425fe6b4b1a88b4c3e5cd509__PDFV2__CH_0348,53
425fe6b4b1a88b4c3e5cd509__PDFV2__CH_0349,45
425fe6b4b1a88b4c3e5cd509__PDFV2__CH_0350,43
425fe6b4b1a88b4c3e5cd509__PDFV2__CH_0351,61
425fe6b4b1a88b4c3e5cd509__PDFV2__CH_0352,87
425fe6b4b1a88b4c3e5cd509__PDFV2__CH_0353,44
425fe6b4b1a88b4c3e5cd509__PDFV2__CH_0354,62
425fe6b4b1a88b4c3e5cd509__PDFV2__CH_0355,68
425fe6b4b1a88b4c3e5cd509__PDFV2__CH_0356,81
425fe6b4b1a88b4c3e5cd509__PDFV2__CH_0357,59
425fe6b4b1a88b4c3e5cd509__PDFV2__CH_0358,66
425fe6b4b1a88b4c3e5cd509__PDFV2__CH_0359,67
425fe6b4b1a88b4c3e5cd509__PDFV2__CH_0360,62
425fe6b4b1a88b4c3e5cd509__PDFV2__CH_0361,99
425fe6b4b1a88b4c3e5cd509__PDFV2__CH_0362,36
425fe6b4b1a88b4c3e5cd509__PDFV2__CH_0363,55
425fe6b4b1a88b4c3e5cd509__PDFV2__CH_0364,48
425fe6b4b1a88b4c3e5cd509__PDFV2__CH_0365,76
425fe6b4b1a88b4c3e5cd509__PDFV2__CH_0366,98
425fe6b4b1a88b4c3e5cd509__PDFV2__CH_0367,78
425fe6b4b1a88b4c3e5cd509__PDFV2__CH_0368,56
425fe6b4b1a88b4c3e5cd509__PDFV2__CH_0369,79
425fe6b4b1a88b4c3e5cd509__PDFV2__CH_0370,106
425fe6b4b1a88b4c3e5cd509__PDFV2__CH_0371,68
425fe6b4b1a88b4c3e5cd509__PDFV2__CH_0372,65
425fe6b4b1a88b4c3e5cd509__PDFV2__CH_0373__M,77
425fe6b4b1a88b4c3e5cd509__PDFV2__CH_0375,50
425fe6b4b1a88b4c3e5cd509__PDFV2__CH_0376,57
425fe6b4b1a88b4c3e5cd509__PDFV2__CH_0377,99
425fe6b4b1a88b4c3e5cd509__PDFV2__CH_0378,91
425fe6b4b1a88b4c3e5cd509__PDFV2__CH_0379,46
425fe6b4b1a88b4c3e5cd509__PDFV2__CH_0380__M,49
425fe6b4b1a88b4c3e5cd509__PDFV2__CH_0382,61
425fe6b4b1a88b4c3e5cd509__PDFV2__CH_0384,82
425fe6b4b1a88b4c3e5cd509__PDFV2__CH_0385,63
425fe6b4b1a88b4c3e5cd509__PDFV2__CH_0386,36
425fe6b4b1a88b4c3e5cd509__PDFV2__CH_0387,55
425fe6b4b1a88b4c3e5cd509__PDFV2__CH_0388,44
425fe6b4b1a88b4c3e5cd509__PDFV2__CH_0389,37
425fe6b4b1a88b4c3e5cd509__PDFV2__CH_0390,36
425fe6b4b1a88b4c3e5cd509__PDFV2__CH_0391,31
425fe6b4b1a88b4c3e5cd509__PDFV2__CH_0392,41
425fe6b4b1a88b4c3e5cd509__PDFV2__CH_0393,115
425fe6b4b1a88b4c3e5cd509__PDFV2__CH_0394,87
425fe6b4b1a88b4c3e5cd509__PDFV2__CH_0395,59
425fe6b4b1a88b4c3e5cd509__PDFV2__CH_0396,61
425fe6b4b1a88b4c3e5cd509__PDFV2__CH_0397,46
425fe6b4b1a88b4c3e5cd509__PDFV2__CH_0398,51
425fe6b4b1a88b4c3e5cd509__PDFV2__CH_0399,65
425fe6b4b1a88b4c3e5cd509__PDFV2__CH_0400,61
425fe6b4b1a88b4c3e5cd509__PDFV2__CH_0401,78
425fe6b4b1a88b4c3e5cd509__PDFV2__CH_0402,74
425fe6b4b1a88b4c3e5cd509__PDFV2__CH_0403,55
425fe6b4b1a88b4c3e5cd509__PDFV2__CH_0404,51
425fe6b4b1a88b4c3e5cd509__PDFV2__CH_0405,59
425fe6b4b1a88b4c3e5cd509__PDFV2__CH_0406__M,59
425fe6b4b1a88b4c3e5cd509__PDFV2__CH_0408__M,74
425fe6b4b1a88b4c3e5cd509__PDFV2__CH_0410,39
425fe6b4b1a88b4c3e5cd509__PDFV2__CH_0411,40
425fe6b4b1a88b4c3e5cd509__PDFV2__CH_0412__M,132
425fe6b4b1a88b4c3e5cd509__PDFV2__CH_0414,69
425fe6b4b1a88b4c3e5cd509__PDFV2__CH_0415,44
425fe6b4b1a88b4c3e5cd509__PDFV2__CH_0416,56
425fe6b4b1a88b4c3e5cd509__PDFV2__CH_0417,79
425fe6b4b1a88b4c3e5cd509__PDFV2__CH_0418,81
425fe6b4b1a88b4c3e5cd509__PDFV2__CH_0419,60
425fe6b4b1a88b4c3e5cd509__PDFV2__CH_0420,80
425fe6b4b1a88b4c3e5cd509__PDFV2__CH_0421,68
425fe6b4b1a88b4c3e5cd509__PDFV2__CH_0422,49
425fe6b4b1a88b4c3e5cd509__PDFV2__CH_0423,76
425fe6b4b1a88b4c3e5cd509__PDFV2__CH_0424,50
425fe6b4b1a88b4c3e5cd509__PDFV2__CH_0425__M,53
425fe6b4b1a88b4c3e5cd509__PDFV2__CH_0427__M,91
425fe6b4b1a88b4c3e5cd509__PDFV2__CH_0429,83
425fe6b4b1a88b4c3e5cd509__PDFV2__CH_0430,83
425fe6b4b1a88b4c3e5cd509__PDFV2__CH_0431,61
425fe6b4b1a88b4c3e5cd509__PDFV2__CH_0432,72
425fe6b4b1a88b4c3e5cd509__PDFV2__CH_0433,77
425fe6b4b1a88b4c3e5cd509__PDFV2__CH_0434,68
425fe6b4b1a88b4c3e5cd509__PDFV2__CH_0435,72
425fe6b4b1a88b4c3e5cd509__PDFV2__CH_0436,95
425fe6b4b1a88b4c3e5cd509__PDFV2__CH_0437,83
425fe6b4b1a88b4c3e5cd509__PDFV2__CH_0438,67
425fe6b4b1a88b4c3e5cd509__PDFV2__CH_0439,73
425fe6b4b1a88b4c3e5cd509__PDFV2__CH_0440,97
425fe6b4b1a88b4c3e5cd509__PDFV2__CH_0441,47
425fe6b4b1a88b4c3e5cd509__PDFV2__CH_0442,74
425fe6b4b1a88b4c3e5cd509__PDFV2__CH_0443,66
425fe6b4b1a88b4c3e5cd509__PDFV2__CH_0444,65
425fe6b4b1a88b4c3e5cd509__PDFV2__CH_0445,40
425fe6b4b1a88b4c3e5cd509__PDFV2__CH_0446,47
425fe6b4b1a88b4c3e5cd509__PDFV2__CH_0447,26
425fe6b4b1a88b4c3e5cd509__PDFV2__CH_0448,42
425fe6b4b1a88b4c3e5cd509__PDFV2__CH_0449,50
425fe6b4b1a88b4c3e5cd509__PDFV2__CH_0450,37
425fe6b4b1a88b4c3e5cd509__PDFV2__CH_0451,51
425fe6b4b1a88b4c3e5cd509__PDFV2__CH_0452,53
425fe6b4b1a88b4c3e5cd509__PDFV2__CH_0453,42
425fe6b4b1a88b4c3e5cd509__PDFV2__CH_0454,60
425fe6b4b1a88b4c3e5cd509__PDFV2__CH_0455,55
425fe6b4b1a88b4c3e5cd509__PDFV2__CH_0456,36
425fe6b4b1a88b4c3e5cd509__PDFV2__CH_0457,43
425fe6b4b1a88b4c3e5cd509__PDFV2__CH_0458,55
425fe6b4b1a88b4c3e5cd509__PDFV2__CH_0459,48
425fe6b4b1a88b4c3e5cd509__PDFV2__CH_0460__M,62
425fe6b4b1a88b4c3e5cd509__PDFV2__CH_0462,75
425fe6b4b1a88b4c3e5cd509__PDFV2__CH_0463,46
425fe6b4b1a88b4c3e5cd509__PDFV2__CH_0464,58
425fe6b4b1a88b4c3e5cd509__PDFV2__CH_0465,72
425fe6b4b1a88b4c3e5cd509__PDFV2__CH_0466,56
425fe6b4b1a88b4c3e5cd509__PDFV2__CH_0467,70
425fe6b4b1a88b4c3e5cd509__PDFV2__CH_0468,45
425fe6b4b1a88b4c3e5cd509__PDFV2__CH_0469,45
425fe6b4b1a88b4c3e5cd509__PDFV2__CH_0470,56
425fe6b4b1a88b4c3e5cd509__PDFV2__CH_0471,84
425fe6b4b1a88b4c3e5cd509__PDFV2__CH_0472__M,65
425fe6b4b1a88b4c3e5cd509__PDFV2__CH_0474,42
425fe6b4b1a88b4c3e5cd509__PDFV2__CH_0475,78
425fe6b4b1a88b4c3e5cd509__PDFV2__CH_0476,65
425fe6b4b1a88b4c3e5cd509__PDFV2__CH_0477,62
425fe6b4b1a88b4c3e5cd509__PDFV2__CH_0478,65
425fe6b4b1a88b4c3e5cd509__PDFV2__CH_0479,49
425fe6b4b1a88b4c3e5cd509__PDFV2__CH_0480,68
425fe6b4b1a88b4c3e5cd509__PDFV2__CH_0481,70
425fe6b4b1a88b4c3e5cd509__PDFV2__CH_0482,100
425fe6b4b1a88b4c3e5cd509__PDFV2__CH_0483,80
425fe6b4b1a88b4c3e5cd509__PDFV2__CH_0484__M,101
425fe6b4b1a88b4c3e5cd509__PDFV2__CH_0486,74
425fe6b4b1a88b4c3e5cd509__PDFV2__CH_0487,99
425fe6b4b1a88b4c3e5cd509__PDFV2__CH_0488,118
425fe6b4b1a88b4c3e5cd509__PDFV2__CH_0489,110
425fe6b4b1a88b4c3e5cd509__PDFV2__CH_0490,89
425fe6b4b1a88b4c3e5cd509__PDFV2__CH_0491,54
425fe6b4b1a88b4c3e5cd509__PDFV2__CH_0492,45
425fe6b4b1a88b4c3e5cd509__PDFV2__CH_0493,54
425fe6b4b1a88b4c3e5cd509__PDFV2__CH_0494,40
425fe6b4b1a88b4c3e5cd509__PDFV2__CH_0495,54
425fe6b4b1a88b4c3e5cd509__PDFV2__CH_0496,69
425fe6b4b1a88b4c3e5cd509__PDFV2__CH_0497__M,71
425fe6b4b1a88b4c3e5cd509__PDFV2__CH_0499,62
425fe6b4b1a88b4c3e5cd509__PDFV2__CH_0500,46
425fe6b4b1a88b4c3e5cd509__PDFV2__CH_0501,59
425fe6b4b1a88b4c3e5cd509__PDFV2__CH_0502,43
425fe6b4b1a88b4c3e5cd509__PDFV2__CH_0503,53
425fe6b4b1a88b4c3e5cd509__PDFV2__CH_0504,72
425fe6b4b1a88b4c3e5cd509__PDFV2__CH_0505,61
425fe6b4b1a88b4c3e5cd509__PDFV2__CH_0506__M,106
425fe6b4b1a88b4c3e5cd509__PDFV2__CH_0509,63
425fe6b4b1a88b4c3e5cd509__PDFV2__CH_0510,70
425fe6b4b1a88b4c3e5cd509__PDFV2__CH_0511,43
425fe6b4b1a88b4c3e5cd509__PDFV2__CH_0512,118
425fe6b4b1a88b4c3e5cd509__PDFV2__CH_0513,99
425fe6b4b1a88b4c3e5cd509__PDFV2__CH_0514,115
425fe6b4b1a88b4c3e5cd509__PDFV2__CH_0515,107
425fe6b4b1a88b4c3e5cd509__PDFV2__CH_0516,64
425fe6b4b1a88b4c3e5cd509__PDFV2__CH_0517__M,130
425fe6b4b1a88b4c3e5cd509__PDFV2__CH_0519,73
425fe6b4b1a88b4c3e5cd509__PDFV2__CH_0520,93
425fe6b4b1a88b4c3e5cd509__PDFV2__CH_0521,68
425fe6b4b1a88b4c3e5cd509__PDFV2__CH_0522,82
425fe6b4b1a88b4c3e5cd509__PDFV2__CH_0523,50
425fe6b4b1a88b4c3e5cd509__PDFV2__CH_0524,80
425fe6b4b1a88b4c3e5cd509__PDFV2__CH_0525,52
425fe6b4b1a88b4c3e5cd509__PDFV2__CH_0526,62
425fe6b4b1a88b4c3e5cd509__PDFV2__CH_0527,58
425fe6b4b1a88b4c3e5cd509__PDFV2__CH_0528,81
425fe6b4b1a88b4c3e5cd509__PDFV2__CH_0529,90
425fe6b4b1a88b4c3e5cd509__PDFV2__CH_0530,121
425fe6b4b1a88b4c3e5cd509__PDFV2__CH_0531,89
425fe6b4b1a88b4c3e5cd509__PDFV2__CH_0532,95
425fe6b4b1a88b4c3e5cd509__PDFV2__CH_0533,82
425fe6b4b1a88b4c3e5cd509__PDFV2__CH_0534,73
425fe6b4b1a88b4c3e5cd509__PDFV2__CH_0535,68
425fe6b4b1a88b4c3e5cd509__PDFV2__CH_0536,49
425fe6b4b1a88b4c3e5cd509__PDFV2__CH_0537,59
425fe6b4b1a88b4c3e5cd509__PDFV2__CH_0538,88
425fe6b4b1a88b4c3e5cd509__PDFV2__CH_0539,86
425fe6b4b1a88b4c3e5cd509__PDFV2__CH_0540,72
425fe6b4b1a88b4c3e5cd509__PDFV2__CH_0541,58
425fe6b4b1a88b4c3e5cd509__PDFV2__CH_0542,74
425fe6b4b1a88b4c3e5cd509__PDFV2__CH_0543,81
425fe6b4b1a88b4c3e5cd509__PDFV2__CH_0544,89
425fe6b4b1a88b4c3e5cd509__PDFV2__CH_0545,78
425fe6b4b1a88b4c3e5cd509__PDFV2__CH_0546,48
425fe6b4b1a88b4c3e5cd509__PDFV2__CH_0547,72
425fe6b4b1a88b4c3e5cd509__PDFV2__CH_0548,73
425fe6b4b1a88b4c3e5cd509__PDFV2__CH_0549,86
425fe6b4b1a88b4c3e5cd509__PDFV2__CH_0550,70
425fe6b4b1a88b4c3e5cd509__PDFV2__CH_0551,62
425fe6b4b1a88b4c3e5cd509__PDFV2__CH_0552,78
425fe6b4b1a88b4c3e5cd509__PDFV2__CH_0553,48
425fe6b4b1a88b4c3e5cd509__PDFV2__CH_0554,62
425fe6b4b1a88b4c3e5cd509__PDFV2__CH_0555,117
425fe6b4b1a88b4c3e5cd509__PDFV2__CH_0556,81
425fe6b4b1a88b4c3e5cd509__PDFV2__CH_0557,84
425fe6b4b1a88b4c3e5cd509__PDFV2__CH_0558,92
425fe6b4b1a88b4c3e5cd509__PDFV2__CH_0559,64
425fe6b4b1a88b4c3e5cd509__PDFV2__CH_0560__M,161
425fe6b4b1a88b4c3e5cd509__PDFV2__CH_0563,54
425fe6b4b1a88b4c3e5cd509__PDFV2__CH_0564,57
425fe6b4b1a88b4c3e5cd509__PDFV2__CH_0565,66
425fe6b4b1a88b4c3e5cd509__PDFV2__CH_0566,75
425fe6b4b1a88b4c3e5cd509__PDFV2__CH_0567,64
425fe6b4b1a88b4c3e5cd509__PDFV2__CH_0568,77
425fe6b4b1a88b4c3e5cd509__PDFV2__CH_0569,99
425fe6b4b1a88b4c3e5cd509__PDFV2__CH_0570,68
425fe6b4b1a88b4c3e5cd509__PDFV2__CH_0571,67
425fe6b4b1a88b4c3e5cd509__PDFV2__CH_0572__M,95
425fe6b4b1a88b4c3e5cd509__PDFV2__CH_0575__M,115
425fe6b4b1a88b4c3e5cd509__PDFV2__CH_0577,44
425fe6b4b1a88b4c3e5cd509__PDFV2__CH_0578,59
425fe6b4b1a88b4c3e5cd509__PDFV2__CH_0579,62
425fe6b4b1a88b4c3e5cd509__PDFV2__CH_0580,114
425fe6b4b1a88b4c3e5cd509__PDFV2__CH_0581,94
425fe6b4b1a88b4c3e5cd509__PDFV2__CH_0582,129
425fe6b4b1a88b4c3e5cd509__PDFV2__CH_0583,93
425fe6b4b1a88b4c3e5cd509__PDFV2__CH_0584,84
425fe6b4b1a88b4c3e5cd509__PDFV2__CH_0585,73
425fe6b4b1a88b4c3e5cd509__PDFV2__CH_0586,62
425fe6b4b1a88b4c3e5cd509__PDFV2__CH_0587,46
425fe6b4b1a88b4c3e5cd509__PDFV2__CH_0588,95
425fe6b4b1a88b4c3e5cd509__PDFV2__CH_0589,54
425fe6b4b1a88b4c3e5cd509__PDFV2__CH_0590,82
425fe6b4b1a88b4c3e5cd509__PDFV2__CH_0591,122
425fe6b4b1a88b4c3e5cd509__PDFV2__CH_0592,72
425fe6b4b1a88b4c3e5cd509__PDFV2__CH_0593,107
425fe6b4b1a88b4c3e5cd509__PDFV2__CH_0594__M,140
425fe6b4b1a88b4c3e5cd509__PDFV2__CH_0596__M,140
425fe6b4b1a88b4c3e5cd509__PDFV2__CH_0598,112
425fe6b4b1a88b4c3e5cd509__PDFV2__CH_0599,89
425fe6b4b1a88b4c3e5cd509__PDFV2__CH_0600,57
425fe6b4b1a88b4c3e5cd509__PDFV2__CH_0601,61
425fe6b4b1a88b4c3e5cd509__PDFV2__CH_0602,106
425fe6b4b1a88b4c3e5cd509__PDFV2__CH_0603,113
425fe6b4b1a88b4c3e5cd509__PDFV2__CH_0604,109
425fe6b4b1a88b4c3e5cd509__PDFV2__CH_0605,98
425fe6b4b1a88b4c3e5cd509__PDFV2__CH_0606,69
425fe6b4b1a88b4c3e5cd509__PDFV2__CH_0607,67
425fe6b4b1a88b4c3e5cd509__PDFV2__CH_0608,75
425fe6b4b1a88b4c3e5cd509__PDFV2__CH_0609,81
425fe6b4b1a88b4c3e5cd509__PDFV2__CH_0610,89
425fe6b4b1a88b4c3e5cd509__PDFV2__CH_0611,61
425fe6b4b1a88b4c3e5cd509__PDFV2__CH_0612,77
425fe6b4b1a88b4c3e5cd509__PDFV2__CH_0613,71
425fe6b4b1a88b4c3e5cd509__PDFV2__CH_0614,71
425fe6b4b1a88b4c3e5cd509__PDFV2__CH_0615,86
425fe6b4b1a88b4c3e5cd509__PDFV2__CH_0616,51
425fe6b4b1a88b4c3e5cd509__PDFV2__CH_0617,55
425fe6b4b1a88b4c3e5cd509__PDFV2__CH_0618,154
425fe6b4b1a88b4c3e5cd509__PDFV2__CH_0619,84
425fe6b4b1a88b4c3e5cd509__PDFV2__CH_0620,62
425fe6b4b1a88b4c3e5cd509__PDFV2__CH_0621,89
425fe6b4b1a88b4c3e5cd509__PDFV2__CH_0622,63
425fe6b4b1a88b4c3e5cd509__PDFV2__CH_0623,45
425fe6b4b1a88b4c3e5cd509__PDFV2__CH_0624,51
425fe6b4b1a88b4c3e5cd509__PDFV2__CH_0625,92
425fe6b4b1a88b4c3e5cd509__PDFV2__CH_0626,42
425fe6b4b1a88b4c3e5cd509__PDFV2__CH_0627,39
425fe6b4b1a88b4c3e5cd509__PDFV2__CH_0628,50
425fe6b4b1a88b4c3e5cd509__PDFV2__CH_0629,67
425fe6b4b1a88b4c3e5cd509__PDFV2__CH_0630,40
425fe6b4b1a88b4c3e5cd509__PDFV2__CH_0631,50
425fe6b4b1a88b4c3e5cd509__PDFV2__CH_0632,54
425fe6b4b1a88b4c3e5cd509__PDFV2__CH_0633,70
425fe6b4b1a88b4c3e5cd509__PDFV2__CH_0634,112
425fe6b4b1a88b4c3e5cd509__PDFV2__CH_0635,94
425fe6b4b1a88b4c3e5cd509__PDFV2__CH_0636,79
425fe6b4b1a88b4c3e5cd509__PDFV2__CH_0637,56
425fe6b4b1a88b4c3e5cd509__PDFV2__CH_0638,59
425fe6b4b1a88b4c3e5cd509__PDFV2__CH_0639,29
425fe6b4b1a88b4c3e5cd509__PDFV2__CH_0640,92
425fe6b4b1a88b4c3e5cd509__PDFV2__CH_0641,96
425fe6b4b1a88b4c3e5cd509__PDFV2__CH_0642,98
425fe6b4b1a88b4c3e5cd509__PDFV2__CH_0644,43
425fe6b4b1a88b4c3e5cd509__PDFV2__CH_0645,56
425fe6b4b1a88b4c3e5cd509__PDFV2__CH_0646,121
425fe6b4b1a88b4c3e5cd509__PDFV2__CH_0647,47
425fe6b4b1a88b4c3e5cd509__PDFV2__CH_0648,77
425fe6b4b1a88b4c3e5cd509__PDFV2__CH_0649,66
425fe6b4b1a88b4c3e5cd509__PDFV2__CH_0650,82
425fe6b4b1a88b4c3e5cd509__PDFV2__CH_0651,73
425fe6b4b1a88b4c3e5cd509__PDFV2__CH_0652,67
425fe6b4b1a88b4c3e5cd509__PDFV2__CH_0653,49
425fe6b4b1a88b4c3e5cd509__PDFV2__CH_0654,53
425fe6b4b1a88b4c3e5cd509__PDFV2__CH_0655,93
425fe6b4b1a88b4c3e5cd509__PDFV2__CH_0656,105
425fe6b4b1a88b4c3e5cd509__PDFV2__CH_0657,62
425fe6b4b1a88b4c3e5cd509__PDFV2__CH_0658,90
425fe6b4b1a88b4c3e5cd509__PDFV2__CH_0659,93
425fe6b4b1a88b4c3e5cd509__PDFV2__CH_0660,77
425fe6b4b1a88b4c3e5cd509__PDFV2__CH_0661,79
425fe6b4b1a88b4c3e5cd509__PDFV2__CH_0662,31
425fe6b4b1a88b4c3e5cd509__PDFV2__CH_0663,52
425fe6b4b1a88b4c3e5cd509__PDFV2__CH_0664,42
425fe6b4b1a88b4c3e5cd509__PDFV2__CH_0665,27
425fe6b4b1a88b4c3e5cd509__PDFV2__CH_0667,46
425fe6b4b1a88b4c3e5cd509__PDFV2__CH_0668,39
425fe6b4b1a88b4c3e5cd509__PDFV2__CH_0669,39
425fe6b4b1a88b4c3e5cd509__PDFV2__CH_0670,55
425fe6b4b1a88b4c3e5cd509__PDFV2__CH_0671,48
425fe6b4b1a88b4c3e5cd509__PDFV2__CH_0672,43
425fe6b4b1a88b4c3e5cd509__PDFV2__CH_0673__M,88
425fe6b4b1a88b4c3e5cd509__PDFV2__CH_0675__M,177
425fe6b4b1a88b4c3e5cd509__PDFV2__CH_0677,70
425fe6b4b1a88b4c3e5cd509__PDFV2__CH_0678,79
425fe6b4b1a88b4c3e5cd509__PDFV2__CH_0679,113
425fe6b4b1a88b4c3e5cd509__PDFV2__CH_0680,79
425fe6b4b1a88b4c3e5cd509__PDFV2__CH_0681,92
425fe6b4b1a88b4c3e5cd509__PDFV2__CH_0682,117
425fe6b4b1a88b4c3e5cd509__PDFV2__CH_0683,56
425fe6b4b1a88b4c3e5cd509__PDFV2__CH_0684,77
425fe6b4b1a88b4c3e5cd509__PDFV2__CH_0685,64
425fe6b4b1a88b4c3e5cd509__PDFV2__CH_0686,62
425fe6b4b1a88b4c3e5cd509__PDFV2__CH_0687,104
425fe6b4b1a88b4c3e5cd509__PDFV2__CH_0688,63
425fe6b4b1a88b4c3e5cd509__PDFV2__CH_0689,107
425fe6b4b1a88b4c3e5cd509__PDFV2__CH_0690,65
425fe6b4b1a88b4c3e5cd509__PDFV2__CH_0691,82
425fe6b4b1a88b4c3e5cd509__PDFV2__CH_0692,72
425fe6b4b1a88b4c3e5cd509__PDFV2__CH_0693,64
425fe6b4b1a88b4c3e5cd509__PDFV2__CH_0694,93
425fe6b4b1a88b4c3e5cd509__PDFV2__CH_0695,81
425fe6b4b1a88b4c3e5cd509__PDFV2__CH_0696,77
425fe6b4b1a88b4c3e5cd509__PDFV2__CH_0697,100
425fe6b4b1a88b4c3e5cd509__PDFV2__CH_0698,26
425fe6b4b1a88b4c3e5cd509__PDFV2__CH_0699,82
425fe6b4b1a88b4c3e5cd509__PDFV2__CH_0700,61
425fe6b4b1a88b4c3e5cd509__PDFV2__CH_0701,91
425fe6b4b1a88b4c3e5cd509__PDFV2__CH_0702,64
425fe6b4b1a88b4c3e5cd509__PDFV2__CH_0703,59
425fe6b4b1a88b4c3e5cd509__PDFV2__CH_0704__M,61
425fe6b4b1a88b4c3e5cd509__PDFV2__CH_0706,80
425fe6b4b1a88b4c3e5cd509__PDFV2__CH_0707,67
425fe6b4b1a88b4c3e5cd509__PDFV2__CH_0708,53
425fe6b4b1a88b4c3e5cd509__PDFV2__CH_0709,56
425fe6b4b1a88b4c3e5cd509__PDFV2__CH_0710,94
425fe6b4b1a88b4c3e5cd509__PDFV2__CH_0711,87
425fe6b4b1a88b4c3e5cd509__PDFV2__CH_0712,58
425fe6b4b1a88b4c3e5cd509__PDFV2__CH_0713,61
425fe6b4b1a88b4c3e5cd509__PDFV2__CH_0714__M,173
425fe6b4b1a88b4c3e5cd509__PDFV2__CH_0716,91
425fe6b4b1a88b4c3e5cd509__PDFV2__CH_0717__M,79
425fe6b4b1a88b4c3e5cd509__PDFV2__CH_0719,75
425fe6b4b1a88b4c3e5cd509__PDFV2__CH_0720,72
425fe6b4b1a88b4c3e5cd509__PDFV2__CH_0722__M,182
425fe6b4b1a88b4c3e5cd509__PDFV2__CH_0724,62
425fe6b4b1a88b4c3e5cd509__PDFV2__CH_0725,113
425fe6b4b1a88b4c3e5cd509__PDFV2__CH_0726,73
425fe6b4b1a88b4c3e5cd509__PDFV2__CH_0727,42
425fe6b4b1a88b4c3e5cd509__PDFV2__CH_0728,53
425fe6b4b1a88b4c3e5cd509__PDFV2__CH_0729,66
425fe6b4b1a88b4c3e5cd509__PDFV2__CH_0730,72
425fe6b4b1a88b4c3e5cd509__PDFV2__CH_0731,78
425fe6b4b1a88b4c3e5cd509__PDFV2__CH_0732,77
425fe6b4b1a88b4c3e5cd509__PDFV2__CH_0733,48
425fe6b4b1a88b4c3e5cd509__PDFV2__CH_0734,74
425fe6b4b1a88b4c3e5cd509__PDFV2__CH_0735__M,153
425fe6b4b1a88b4c3e5cd509__PDFV2__CH_0737,82
425fe6b4b1a88b4c3e5cd509__PDFV2__CH_0738,68
425fe6b4b1a88b4c3e5cd509__PDFV2__CH_0739,73
425fe6b4b1a88b4c3e5cd509__PDFV2__CH_0740,46
425fe6b4b1a88b4c3e5cd509__PDFV2__CH_0741,38
425fe6b4b1a88b4c3e5cd509__PDFV2__CH_0742,94
425fe6b4b1a88b4c3e5cd509__PDFV2__CH_0743,105
425fe6b4b1a88b4c3e5cd509__PDFV2__CH_0744,68
425fe6b4b1a88b4c3e5cd509__PDFV2__CH_0745,86
425fe6b4b1a88b4c3e5cd509__PDFV2__CH_0746,65
425fe6b4b1a88b4c3e5cd509__PDFV2__CH_0747,94
425fe6b4b1a88b4c3e5cd509__PDFV2__CH_0748,88
425fe6b4b1a88b4c3e5cd509__PDFV2__CH_0749,81
425fe6b4b1a88b4c3e5cd509__PDFV2__CH_0750,88
425fe6b4b1a88b4c3e5cd509__PDFV2__CH_0751,93
425fe6b4b1a88b4c3e5cd509__PDFV2__CH_0752,73
425fe6b4b1a88b4c3e5cd509__PDFV2__CH_0753,48
425fe6b4b1a88b4c3e5cd509__PDFV2__CH_0754,65
425fe6b4b1a88b4c3e5cd509__PDFV2__CH_0755,71
425fe6b4b1a88b4c3e5cd509__PDFV2__CH_0756,101
425fe6b4b1a88b4c3e5cd509__PDFV2__CH_0757,74
425fe6b4b1a88b4c3e5cd509__PDFV2__CH_0758,73
425fe6b4b1a88b4c3e5cd509__PDFV2__CH_0759,76
425fe6b4b1a88b4c3e5cd509__PDFV2__CH_0760,30
425fe6b4b1a88b4c3e5cd509__PDFV2__CH_0761,80
425fe6b4b1a88b4c3e5cd509__PDFV2__CH_0762,90
425fe6b4b1a88b4c3e5cd509__PDFV2__CH_0763,57
425fe6b4b1a88b4c3e5cd509__PDFV2__CH_0764,65
425fe6b4b1a88b4c3e5cd509__PDFV2__CH_0765,74
425fe6b4b1a88b4c3e5cd509__PDFV2__CH_0766,57
425fe6b4b1a88b4c3e5cd509__PDFV2__CH_0767__M,57
425fe6b4b1a88b4c3e5cd509__PDFV2__CH_0769,86
425fe6b4b1a88b4c3e5cd509__PDFV2__CH_0770,71
425fe6b4b1a88b4c3e5cd509__PDFV2__CH_0771,52
425fe6b4b1a88b4c3e5cd509__PDFV2__CH_0772,71
425fe6b4b1a88b4c3e5cd509__PDFV2__CH_0773,76
425fe6b4b1a88b4c3e5cd509__PDFV2__CH_0774,64
425fe6b4b1a88b4c3e5cd509__PDFV2__CH_0775,43
425fe6b4b1a88b4c3e5cd509__PDFV2__CH_0776,89
425fe6b4b1a88b4c3e5cd509__PDFV2__CH_0777,98
425fe6b4b1a88b4c3e5cd509__PDFV2__CH_0778,78
425fe6b4b1a88b4c3e5cd509__PDFV2__CH_0779,42
425fe6b4b1a88b4c3e5cd509__PDFV2__CH_0780,71
425fe6b4b1a88b4c3e5cd509__PDFV2__CH_0781,81
425fe6b4b1a88b4c3e5cd509__PDFV2__CH_0782,40
425fe6b4b1a88b4c3e5cd509__PDFV2__CH_0783,93
425fe6b4b1a88b4c3e5cd509__PDFV2__CH_0784,55
425fe6b4b1a88b4c3e5cd509__PDFV2__CH_0785,51
425fe6b4b1a88b4c3e5cd509__PDFV2__CH_0786,80
425fe6b4b1a88b4c3e5cd509__PDFV2__CH_0787,56
425fe6b4b1a88b4c3e5cd509__PDFV2__CH_0788,64
425fe6b4b1a88b4c3e5cd509__PDFV2__CH_0789,68
425fe6b4b1a88b4c3e5cd509__PDFV2__CH_0790,33
425fe6b4b1a88b4c3e5cd509__PDFV2__CH_0791,61
425fe6b4b1a88b4c3e5cd509__PDFV2__CH_0792,78
425fe6b4b1a88b4c3e5cd509__PDFV2__CH_0793,55
425fe6b4b1a88b4c3e5cd509__PDFV2__CH_0794,77
425fe6b4b1a88b4c3e5cd509__PDFV2__CH_0795,49
425fe6b4b1a88b4c3e5cd509__PDFV2__CH_0797,59
425fe6b4b1a88b4c3e5cd509__PDFV2__CH_0798,83
425fe6b4b1a88b4c3e5cd509__PDFV2__CH_0799,64
425fe6b4b1a88b4c3e5cd509__PDFV2__CH_0800,69
425fe6b4b1a88b4c3e5cd509__PDFV2__CH_0801,64
425fe6b4b1a88b4c3e5cd509__PDFV2__CH_0802,113
425fe6b4b1a88b4c3e5cd509__PDFV2__CH_0803,73
425fe6b4b1a88b4c3e5cd509__PDFV2__CH_0804__M,119
425fe6b4b1a88b4c3e5cd509__PDFV2__CH_0808,104
425fe6b4b1a88b4c3e5cd509__PDFV2__CH_0809,79
425fe6b4b1a88b4c3e5cd509__PDFV2__CH_0810,76
425fe6b4b1a88b4c3e5cd509__PDFV2__CH_0811,81
425fe6b4b1a88b4c3e5cd509__PDFV2__CH_0812,72
425fe6b4b1a88b4c3e5cd509__PDFV2__CH_0813,39
425fe6b4b1a88b4c3e5cd509__PDFV2__CH_0814,107
425fe6b4b1a88b4c3e5cd509__PDFV2__CH_0815,52
425fe6b4b1a88b4c3e5cd509__PDFV2__CH_0816,96
425fe6b4b1a88b4c3e5cd509__PDFV2__CH_0817,74
425fe6b4b1a88b4c3e5cd509__PDFV2__CH_0818,93
425fe6b4b1a88b4c3e5cd509__PDFV2__CH_0819,66
425fe6b4b1a88b4c3e5cd509__PDFV2__CH_0820,57
425fe6b4b1a88b4c3e5cd509__PDFV2__CH_0821,96
425fe6b4b1a88b4c3e5cd509__PDFV2__CH_0822,80
425fe6b4b1a88b4c3e5cd509__PDFV2__CH_0823,69
425fe6b4b1a88b4c3e5cd509__PDFV2__CH_0824,102
425fe6b4b1a88b4c3e5cd509__PDFV2__CH_0825,96
425fe6b4b1a88b4c3e5cd509__PDFV2__CH_0826,86
425fe6b4b1a88b4c3e5cd509__PDFV2__CH_0827,58
425fe6b4b1a88b4c3e5cd509__PDFV2__CH_0828,101
425fe6b4b1a88b4c3e5cd509__PDFV2__CH_0829,35
425fe6b4b1a88b4c3e5cd509__PDFV2__CH_0830,73
425fe6b4b1a88b4c3e5cd509__PDFV2__CH_0831,73
425fe6b4b1a88b4c3e5cd509__PDFV2__CH_0832,68
425fe6b4b1a88b4c3e5cd509__PDFV2__CH_0833,61
425fe6b4b1a88b4c3e5cd509__PDFV2__CH_0834,104
425fe6b4b1a88b4c3e5cd509__PDFV2__CH_0835,66
425fe6b4b1a88b4c3e5cd509__PDFV2__CH_0836,80
425fe6b4b1a88b4c3e5cd509__PDFV2__CH_0837,121
425fe6b4b1a88b4c3e5cd509__PDFV2__CH_0838,65
425fe6b4b1a88b4c3e5cd509__PDFV2__CH_0839,56
425fe6b4b1a88b4c3e5cd509__PDFV2__CH_0840,90
425fe6b4b1a88b4c3e5cd509__PDFV2__CH_0841,80
425fe6b4b1a88b4c3e5cd509__PDFV2__CH_0842,36
425fe6b4b1a88b4c3e5cd509__PDFV2__CH_0843,80
425fe6b4b1a88b4c3e5cd509__PDFV2__CH_0844,67
425fe6b4b1a88b4c3e5cd509__PDFV2__CH_0845,39
425fe6b4b1a88b4c3e5cd509__PDFV2__CH_0846,40
425fe6b4b1a88b4c3e5cd509__PDFV2__CH_0847,69
425fe6b4b1a88b4c3e5cd509__PDFV2__CH_0848,49
425fe6b4b1a88b4c3e5cd509__PDFV2__CH_0849,43
425fe6b4b1a88b4c3e5cd509__PDFV2__CH_0850__M,121
425fe6b4b1a88b4c3e5cd509__PDFV2__CH_0852,56
425fe6b4b1a88b4c3e5cd509__PDFV2__CH_0853,75
425fe6b4b1a88b4c3e5cd509__PDFV2__CH_0854,84
425fe6b4b1a88b4c3e5cd509__PDFV2__CH_0855,104
425fe6b4b1a88b4c3e5cd509__PDFV2__CH_0856,60
425fe6b4b1a88b4c3e5cd509__PDFV2__CH_0857,38
425fe6b4b1a88b4c3e5cd509__PDFV2__CH_0858,52
425fe6b4b1a88b4c3e5cd509__PDFV2__CH_0859,58
425fe6b4b1a88b4c3e5cd509__PDFV2__CH_0860,42
425fe6b4b1a88b4c3e5cd509__PDFV2__CH_0861,56
425fe6b4b1a88b4c3e5cd509__PDFV2__CH_0862,48
425fe6b4b1a88b4c3e5cd509__PDFV2__CH_0863,80
425fe6b4b1a88b4c3e5cd509__PDFV2__CH_0864,65
425fe6b4b1a88b4c3e5cd509__PDFV2__CH_0865,38
425fe6b4b1a88b4c3e5cd509__PDFV2__CH_0866,74
425fe6b4b1a88b4c3e5cd509__PDFV2__CH_0867,24
425fe6b4b1a88b4c3e5cd509__PDFV2__CH_0868,43
425fe6b4b1a88b4c3e5cd509__PDFV2__CH_0869__M,89
425fe6b4b1a88b4c3e5cd509__PDFV2__CH_0871,86
425fe6b4b1a88b4c3e5cd509__PDFV2__CH_0872__M,112
425fe6b4b1a88b4c3e5cd509__PDFV2__CH_0874,45
425fe6b4b1a88b4c3e5cd509__PDFV2__CH_0875,89
425fe6b4b1a88b4c3e5cd509__PDFV2__CH_0876__M,90
425fe6b4b1a88b4c3e5cd509__PDFV2__CH_0879,84
425fe6b4b1a88b4c3e5cd509__PDFV2__CH_0880,65
425fe6b4b1a88b4c3e5cd509__PDFV2__CH_0881,86
425fe6b4b1a88b4c3e5cd509__PDFV2__CH_0882,47
425fe6b4b1a88b4c3e5cd509__PDFV2__CH_0883,37
425fe6b4b1a88b4c3e5cd509__PDFV2__CH_0884,89
425fe6b4b1a88b4c3e5cd509__PDFV2__CH_0885,75
425fe6b4b1a88b4c3e5cd509__PDFV2__CH_0886,84
425fe6b4b1a88b4c3e5cd509__PDFV2__CH_0887,64
425fe6b4b1a88b4c3e5cd509__PDFV2__CH_0888,33
425fe6b4b1a88b4c3e5cd509__PDFV2__CH_0889,94
425fe6b4b1a88b4c3e5cd509__PDFV2__CH_0890,65
425fe6b4b1a88b4c3e5cd509__PDFV2__CH_0891,39
425fe6b4b1a88b4c3e5cd509__PDFV2__CH_0892,108
425fe6b4b1a88b4c3e5cd509__PDFV2__CH_0893__M,146
425fe6b4b1a88b4c3e5cd509__PDFV2__CH_0895,80
425fe6b4b1a88b4c3e5cd509__PDFV2__CH_0896,59
425fe6b4b1a88b4c3e5cd509__PDFV2__CH_0897,65
425fe6b4b1a88b4c3e5cd509__PDFV2__CH_0898__M,161
425fe6b4b1a88b4c3e5cd509__PDFV2__CH_0901,101
425fe6b4b1a88b4c3e5cd509__PDFV2__CH_0902,93
425fe6b4b1a88b4c3e5cd509__PDFV2__CH_0903,84
425fe6b4b1a88b4c3e5cd509__PDFV2__CH_0904__M,110
425fe6b4b1a88b4c3e5cd509__PDFV2__CH_0907,54
425fe6b4b1a88b4c3e5cd509__PDFV2__CH_0908,48
425fe6b4b1a88b4c3e5cd509__PDFV2__CH_0909,33
425fe6b4b1a88b4c3e5cd509__PDFV2__CH_0910,90
425fe6b4b1a88b4c3e5cd509__PDFV2__CH_0911,92
425fe6b4b1a88b4c3e5cd509__PDFV2__CH_0912,103
425fe6b4b1a88b4c3e5cd509__PDFV2__CH_0913,88
425fe6b4b1a88b4c3e5cd509__PDFV2__CH_0914,52
425fe6b4b1a88b4c3e5cd509__PDFV2__CH_0915,54
425fe6b4b1a88b4c3e5cd509__PDFV2__CH_0916,61
425fe6b4b1a88b4c3e5cd509__PDFV2__CH_0917,53
425fe6b4b1a88b4c3e5cd509__PDFV2__CH_0918,75
425fe6b4b1a88b4c3e5cd509__PDFV2__CH_0919,71
425fe6b4b1a88b4c3e5cd509__PDFV2__CH_0920,85
425fe6b4b1a88b4c3e5cd509__PDFV2__CH_0921,55
425fe6b4b1a88b4c3e5cd509__PDFV2__CH_0922,88
425fe6b4b1a88b4c3e5cd509__PDFV2__CH_0923,84
425fe6b4b1a88b4c3e5cd509__PDFV2__CH_0924,85
425fe6b4b1a88b4c3e5cd509__PDFV2__CH_0925,58
425fe6b4b1a88b4c3e5cd509__PDFV2__CH_0926,48
425fe6b4b1a88b4c3e5cd509__PDFV2__CH_0927,85
425fe6b4b1a88b4c3e5cd509__PDFV2__CH_0928,79
425fe6b4b1a88b4c3e5cd509__PDFV2__CH_0929,78
425fe6b4b1a88b4c3e5cd509__PDFV2__CH_0930,100
425fe6b4b1a88b4c3e5cd509__PDFV2__CH_0931,35
425fe6b4b1a88b4c3e5cd509__PDFV2__CH_0932,128
425fe6b4b1a88b4c3e5cd509__PDFV2__CH_0933,96
425fe6b4b1a88b4c3e5cd509__PDFV2__CH_0934,74
425fe6b4b1a88b4c3e5cd509__PDFV2__CH_0935,77
425fe6b4b1a88b4c3e5cd509__PDFV2__CH_0936,55
425fe6b4b1a88b4c3e5cd509__PDFV2__CH_0937,45
425fe6b4b1a88b4c3e5cd509__PDFV2__CH_0938,81
425fe6b4b1a88b4c3e5cd509__PDFV2__CH_0939,60
425fe6b4b1a88b4c3e5cd509__PDFV2__CH_0940,64
425fe6b4b1a88b4c3e5cd509__PDFV2__CH_0941,77
425fe6b4b1a88b4c3e5cd509__PDFV2__CH_0942,58
425fe6b4b1a88b4c3e5cd509__PDFV2__CH_0943,72
425fe6b4b1a88b4c3e5cd509__PDFV2__CH_0944,91
425fe6b4b1a88b4c3e5cd509__PDFV2__CH_0945,67
425fe6b4b1a88b4c3e5cd509__PDFV2__CH_0946,69
425fe6b4b1a88b4c3e5cd509__PDFV2__CH_0947,92
425fe6b4b1a88b4c3e5cd509__PDFV2__CH_0948,49
425fe6b4b1a88b4c3e5cd509__PDFV2__CH_0949,70
425fe6b4b1a88b4c3e5cd509__PDFV2__CH_0950,101
425fe6b4b1a88b4c3e5cd509__PDFV2__CH_0951,86
425fe6b4b1a88b4c3e5cd509__PDFV2__CH_0952,93
425fe6b4b1a88b4c3e5cd509__PDFV2__CH_0953,87
425fe6b4b1a88b4c3e5cd509__PDFV2__CH_0954,81
425fe6b4b1a88b4c3e5cd509__PDFV2__CH_0955,69
425fe6b4b1a88b4c3e5cd509__PDFV2__CH_0956,79
425fe6b4b1a88b4c3e5cd509__PDFV2__CH_0957__M,82
425fe6b4b1a88b4c3e5cd509__PDFV2__CH_0959,78
425fe6b4b1a88b4c3e5cd509__PDFV2__CH_0960,55
425fe6b4b1a88b4c3e5cd509__PDFV2__CH_0961,81
425fe6b4b1a88b4c3e5cd509__PDFV2__CH_0962,68
425fe6b4b1a88b4c3e5cd509__PDFV2__CH_0963,71
425fe6b4b1a88b4c3e5cd509__PDFV2__CH_0964,51
425fe6b4b1a88b4c3e5cd509__PDFV2__CH_0965,84
425fe6b4b1a88b4c3e5cd509__PDFV2__CH_0966,53
425fe6b4b1a88b4c3e5cd509__PDFV2__CH_0967,47
425fe6b4b1a88b4c3e5cd509__PDFV2__CH_0968,99
425fe6b4b1a88b4c3e5cd509__PDFV2__CH_0969,72
425fe6b4b1a88b4c3e5cd509__PDFV2__CH_0970,56
425fe6b4b1a88b4c3e5cd509__PDFV2__CH_0971,35
425fe6b4b1a88b4c3e5cd509__PDFV2__CH_0972,84
425fe6b4b1a88b4c3e5cd509__PDFV2__CH_0973,30
425fe6b4b1a88b4c3e5cd509__PDFV2__CH_0974,57
425fe6b4b1a88b4c3e5cd509__PDFV2__CH_0975,50
425fe6b4b1a88b4c3e5cd509__PDFV2__CH_0976,69
425fe6b4b1a88b4c3e5cd509__PDFV2__CH_0977,62
425fe6b4b1a88b4c3e5cd509__PDFV2__CH_0978,37
425fe6b4b1a88b4c3e5cd509__PDFV2__CH_0979,44
425fe6b4b1a88b4c3e5cd509__PDFV2__CH_0980__M,60
425fe6b4b1a88b4c3e5cd509__PDFV2__CH_0982,83
425fe6b4b1a88b4c3e5cd509__PDFV2__CH_0983,87
425fe6b4b1a88b4c3e5cd509__PDFV2__CH_0984,69
425fe6b4b1a88b4c3e5cd509__PDFV2__CH_0985,71
425fe6b4b1a88b4c3e5cd509__PDFV2__CH_0986,98
425fe6b4b1a88b4c3e5cd509__PDFV2__CH_0987,89
425fe6b4b1a88b4c3e5cd509__PDFV2__CH_0988,106
425fe6b4b1a88b4c3e5cd509__PDFV2__CH_0989__M,83
425fe6b4b1a88b4c3e5cd509__PDFV2__CH_0992,71
425fe6b4b1a88b4c3e5cd509__PDFV2__CH_0993,101
425fe6b4b1a88b4c3e5cd509__PDFV2__CH_0994,55
425fe6b4b1a88b4c3e5cd509__PDFV2__CH_0995,97
425fe6b4b1a88b4c3e5cd509__PDFV2__CH_0996,75
425fe6b4b1a88b4c3e5cd509__PDFV2__CH_0997,75
425fe6b4b1a88b4c3e5cd509__PDFV2__CH_0998,65
425fe6b4b1a88b4c3e5cd509__PDFV2__CH_0999,69
425fe6b4b1a88b4c3e5cd509__PDFV2__CH_1000,103
425fe6b4b1a88b4c3e5cd509__PDFV2__CH_1001,94
425fe6b4b1a88b4c3e5cd509__PDFV2__CH_1002,77
425fe6b4b1a88b4c3e5cd509__PDFV2__CH_1003,61
425fe6b4b1a88b4c3e5cd509__PDFV2__CH_1004,99
425fe6b4b1a88b4c3e5cd509__PDFV2__CH_1005,86
425fe6b4b1a88b4c3e5cd509__PDFV2__CH_1006,69
425fe6b4b1a88b4c3e5cd509__PDFV2__CH_1007,68
425fe6b4b1a88b4c3e5cd509__PDFV2__CH_1008,45
425fe6b4b1a88b4c3e5cd509__PDFV2__CH_1009,38
425fe6b4b1a88b4c3e5cd509__PDFV2__CH_1011,86
425fe6b4b1a88b4c3e5cd509__PDFV2__CH_1012,72
425fe6b4b1a88b4c3e5cd509__PDFV2__CH_1013,56
425fe6b4b1a88b4c3e5cd509__PDFV2__CH_1014,43
425fe6b4b1a88b4c3e5cd509__PDFV2__CH_1015,56
425fe6b4b1a88b4c3e5cd509__PDFV2__CH_1016,74
425fe6b4b1a88b4c3e5cd509__PDFV2__CH_1017,76
425fe6b4b1a88b4c3e5cd509__PDFV2__CH_1018,44
425fe6b4b1a88b4c3e5cd509__PDFV2__CH_1019,61
425fe6b4b1a88b4c3e5cd509__PDFV2__CH_1020,58
425fe6b4b1a88b4c3e5cd509__PDFV2__CH_1021,36
425fe6b4b1a88b4c3e5cd509__PDFV2__CH_1022,55
425fe6b4b1a88b4c3e5cd509__PDFV2__CH_1023,68
425fe6b4b1a88b4c3e5cd509__PDFV2__CH_1024,86
425fe6b4b1a88b4c3e5cd509__PDFV2__CH_1025,100
425fe6b4b1a88b4c3e5cd509__PDFV2__CH_1026,82
425fe6b4b1a88b4c3e5cd509__PDFV2__CH_1027,54
425fe6b4b1a88b4c3e5cd509__PDFV2__CH_1028,54
425fe6b4b1a88b4c3e5cd509__PDFV2__CH_1029,53
425fe6b4b1a88b4c3e5cd509__PDFV2__CH_1030__M,78
425fe6b4b1a88b4c3e5cd509__PDFV2__CH_1032,38
425fe6b4b1a88b4c3e5cd509__PDFV2__CH_1033,57
425fe6b4b1a88b4c3e5cd509__PDFV2__CH_1034,87
425fe6b4b1a88b4c3e5cd509__PDFV2__CH_1035,75
425fe6b4b1a88b4c3e5cd509__PDFV2__CH_1036__M,130
425fe6b4b1a88b4c3e5cd509__PDFV2__CH_1038,81
425fe6b4b1a88b4c3e5cd509__PDFV2__CH_1039,89
425fe6b4b1a88b4c3e5cd509__PDFV2__CH_1040,84
425fe6b4b1a88b4c3e5cd509__PDFV2__CH_1041,76
425fe6b4b1a88b4c3e5cd509__PDFV2__CH_1042,84
425fe6b4b1a88b4c3e5cd509__PDFV2__CH_1043,82
425fe6b4b1a88b4c3e5cd509__PDFV2__CH_1044,89
425fe6b4b1a88b4c3e5cd509__PDFV2__CH_1045,86
425fe6b4b1a88b4c3e5cd509__PDFV2__CH_1046,102
425fe6b4b1a88b4c3e5cd509__PDFV2__CH_1047,75
425fe6b4b1a88b4c3e5cd509__PDFV2__CH_1048,61
425fe6b4b1a88b4c3e5cd509__PDFV2__CH_1049,67
425fe6b4b1a88b4c3e5cd509__PDFV2__CH_1050,69
425fe6b4b1a88b4c3e5cd509__PDFV2__CH_1051__M,89
425fe6b4b1a88b4c3e5cd509__PDFV2__CH_1053,59
425fe6b4b1a88b4c3e5cd509__PDFV2__CH_1054__M,121
425fe6b4b1a88b4c3e5cd509__PDFV2__CH_1056__M,155
425fe6b4b1a88b4c3e5cd509__PDFV2__CH_1059,139
425fe6b4b1a88b4c3e5cd509__PDFV2__CH_1060,80
425fe6b4b1a88b4c3e5cd509__PDFV2__CH_1061,123
425fe6b4b1a88b4c3e5cd509__PDFV2__CH_1062,107
425fe6b4b1a88b4c3e5cd509__PDFV2__CH_1063,47
425fe6b4b1a88b4c3e5cd509__PDFV2__CH_1064,82
425fe6b4b1a88b4c3e5cd509__PDFV2__CH_1065,103
425fe6b4b1a88b4c3e5cd509__PDFV2__CH_1066,71
425fe6b4b1a88b4c3e5cd509__PDFV2__CH_1067,114
425fe6b4b1a88b4c3e5cd509__PDFV2__CH_1068,103
425fe6b4b1a88b4c3e5cd509__PDFV2__CH_1069,124
425fe6b4b1a88b4c3e5cd509__PDFV2__CH_1070,112
425fe6b4b1a88b4c3e5cd509__PDFV2__CH_1071,127
425fe6b4b1a88b4c3e5cd509__PDFV2__CH_1072,111
425fe6b4b1a88b4c3e5cd509__PDFV2__CH_1073,112
425fe6b4b1a88b4c3e5cd509__PDFV2__CH_1074,104
425fe6b4b1a88b4c3e5cd509__PDFV2__CH_1075,124
425fe6b4b1a88b4c3e5cd509__PDFV2__CH_1076,87
425fe6b4b1a88b4c3e5cd509__PDFV2__CH_1077,92
425fe6b4b1a88b4c3e5cd509__PDFV2__CH_1078,80
425fe6b4b1a88b4c3e5cd509__PDFV2__CH_1079,70
425fe6b4b1a88b4c3e5cd509__PDFV2__CH_1080,69
425fe6b4b1a88b4c3e5cd509__PDFV2__CH_1081,99
425fe6b4b1a88b4c3e5cd509__PDFV2__CH_1082,79
425fe6b4b1a88b4c3e5cd509__PDFV2__CH_1083,86
425fe6b4b1a88b4c3e5cd509__PDFV2__CH_1084,91
425fe6b4b1a88b4c3e5cd509__PDFV2__CH_1085,92
425fe6b4b1a88b4c3e5cd509__PDFV2__CH_1086,100
425fe6b4b1a88b4c3e5cd509__PDFV2__CH_1087,116
425fe6b4b1a88b4c3e5cd509__PDFV2__CH_1088,101
425fe6b4b1a88b4c3e5cd509__PDFV2__CH_1089,80
425fe6b4b1a88b4c3e5cd509__PDFV2__CH_1090,75
425fe6b4b1a88b4c3e5cd509__PDFV2__CH_1091,121
425fe6b4b1a88b4c3e5cd509__PDFV2__CH_1092,85
425fe6b4b1a88b4c3e5cd509__PDFV2__CH_1093,88
425fe6b4b1a88b4c3e5cd509__PDFV2__CH_1094,104
425fe6b4b1a88b4c3e5cd509__PDFV2__CH_1095,97
425fe6b4b1a88b4c3e5cd509__PDFV2__CH_1096,112
425fe6b4b1a88b4c3e5cd509__PDFV2__CH_1097,112
425fe6b4b1a88b4c3e5cd509__PDFV2__CH_1098,97
425fe6b4b1a88b4c3e5cd509__PDFV2__CH_1099,64
425fe6b4b1a88b4c3e5cd509__PDFV2__CH_1100,96
425fe6b4b1a88b4c3e5cd509__PDFV2__CH_1101__M,113
425fe6b4b1a88b4c3e5cd509__PDFV2__CH_1103,97
425fe6b4b1a88b4c3e5cd509__PDFV2__CH_1104,94
425fe6b4b1a88b4c3e5cd509__PDFV2__CH_1105,88
425fe6b4b1a88b4c3e5cd509__PDFV2__CH_1106,108
425fe6b4b1a88b4c3e5cd509__PDFV2__CH_1107,102
425fe6b4b1a88b4c3e5cd509__PDFV2__CH_1108,98
425fe6b4b1a88b4c3e5cd509__PDFV2__CH_1109,88
425fe6b4b1a88b4c3e5cd509__PDFV2__CH_1110,98
425fe6b4b1a88b4c3e5cd509__PDFV2__CH_1111,68
425fe6b4b1a88b4c3e5cd509__PDFV2__CH_1112,78
425fe6b4b1a88b4c3e5cd509__PDFV2__CH_1113,64
425fe6b4b1a88b4c3e5cd509__PDFV2__CH_1114,57
425fe6b4b1a88b4c3e5cd509__PDFV2__CH_1115,85
425fe6b4b1a88b4c3e5cd509__PDFV2__CH_1116,67
425fe6b4b1a88b4c3e5cd509__PDFV2__CH_1117,75
425fe6b4b1a88b4c3e5cd509__PDFV2__CH_1118,72
425fe6b4b1a88b4c3e5cd509__PDFV2__CH_1119,82
425fe6b4b1a88b4c3e5cd509__PDFV2__CH_1120,109
425fe6b4b1a88b4c3e5cd509__PDFV2__CH_1121,73
425fe6b4b1a88b4c3e5cd509__PDFV2__CH_1122,82
425fe6b4b1a88b4c3e5cd509__PDFV2__CH_1123,30
425fe6b4b1a88b4c3e5cd509__PDFV2__CH_1124,65
425fe6b4b1a88b4c3e5cd509__PDFV2__CH_1125,49
425fe6b4b1a88b4c3e5cd509__PDFV2__CH_1126,65
425fe6b4b1a88b4c3e5cd509__PDFV2__CH_1127,62
425fe6b4b1a88b4c3e5cd509__PDFV2__CH_1128__M,125
425fe6b4b1a88b4c3e5cd509__PDFV2__CH_1130,63
425fe6b4b1a88b4c3e5cd509__PDFV2__CH_1132,57
425fe6b4b1a88b4c3e5cd509__PDFV2__CH_1133,83
425fe6b4b1a88b4c3e5cd509__PDFV2__CH_1134,69
425fe6b4b1a88b4c3e5cd509__PDFV2__CH_1135,70
425fe6b4b1a88b4c3e5cd509__PDFV2__CH_1136__M,89
425fe6b4b1a88b4c3e5cd509__PDFV2__CH_1138,69
425fe6b4b1a88b4c3e5cd509__PDFV2__CH_1139,70
425fe6b4b1a88b4c3e5cd509__PDFV2__CH_1140,49
425fe6b4b1a88b4c3e5cd509__PDFV2__CH_1141,102
425fe6b4b1a88b4c3e5cd509__PDFV2__CH_1142,87
425fe6b4b1a88b4c3e5cd509__PDFV2__CH_1143,118
425fe6b4b1a88b4c3e5cd509__PDFV2__CH_1144,57
425fe6b4b1a88b4c3e5cd509__PDFV2__CH_1145,63
425fe6b4b1a88b4c3e5cd509__PDFV2__CH_1146,73
425fe6b4b1a88b4c3e5cd509__PDFV2__CH_1147__M,75
425fe6b4b1a88b4c3e5cd509__PDFV2__CH_1149,77
425fe6b4b1a88b4c3e5cd509__PDFV2__CH_1150,64
425fe6b4b1a88b4c3e5cd509__PDFV2__CH_1151,72
425fe6b4b1a88b4c3e5cd509__PDFV2__CH_1152,112
425fe6b4b1a88b4c3e5cd509__PDFV2__CH_1153,123
425fe6b4b1a88b4c3e5cd509__PDFV2__CH_1154,84
425fe6b4b1a88b4c3e5cd509__PDFV2__CH_1155,63
425fe6b4b1a88b4c3e5cd509__PDFV2__CH_1156,35
425fe6b4b1a88b4c3e5cd509__PDFV2__CH_1157,57
425fe6b4b1a88b4c3e5cd509__PDFV2__CH_1158,33
425fe6b4b1a88b4c3e5cd509__PDFV2__CH_1170,45
425fe6b4b1a88b4c3e5cd509__PDFV2__CH_1171,53
425fe6b4b1a88b4c3e5cd509__PDFV2__CH_1172,74
425fe6b4b1a88b4c3e5cd509__PDFV2__CH_1173,49
425fe6b4b1a88b4c3e5cd509__PDFV2__CH_1174,98
425fe6b4b1a88b4c3e5cd509__PDFV2__CH_1175,63
425fe6b4b1a88b4c3e5cd509__PDFV2__CH_1176,57
425fe6b4b1a88b4c3e5cd509__PDFV2__CH_1177,59
425fe6b4b1a88b4c3e5cd509__PDFV2__CH_1178,62
425fe6b4b1a88b4c3e5cd509__PDFV2__CH_1179,79
425fe6b4b1a88b4c3e5cd509__PDFV2__CH_1180,85
425fe6b4b1a88b4c3e5cd509__PDFV2__CH_1181,90
425fe6b4b1a88b4c3e5cd509__PDFV2__CH_1182,78
425fe6b4b1a88b4c3e5cd509__PDFV2__CH_1183__M,107
425fe6b4b1a88b4c3e5cd509__PDFV2__CH_1185,73
425fe6b4b1a88b4c3e5cd509__PDFV2__CH_1186,52
425fe6b4b1a88b4c3e5cd509__PDFV2__CH_1187,60
425fe6b4b1a88b4c3e5cd509__PDFV2__CH_1188,65
425fe6b4b1a88b4c3e5cd509__PDFV2__CH_1191,51
425fe6b4b1a88b4c3e5cd509__PDFV2__CH_1192,64
425fe6b4b1a88b4c3e5cd509__PDFV2__CH_1193,94
425fe6b4b1a88b4c3e5cd509__PDFV2__CH_1194,76
425fe6b4b1a88b4c3e5cd509__PDFV2__CH_1197,79
425fe6b4b1a88b4c3e5cd509__PDFV2__CH_1198,63
425fe6b4b1a88b4c3e5cd509__PDFV2__CH_1199,102
425fe6b4b1a88b4c3e5cd509__PDFV2__CH_1200,84
425fe6b4b1a88b4c3e5cd509__PDFV2__CH_1201,55
425fe6b4b1a88b4c3e5cd509__PDFV2__CH_1202,54
425fe6b4b1a88b4c3e5cd509__PDFV2__CH_1203,112
425fe6b4b1a88b4c3e5cd509__PDFV2__CH_1204,50
425fe6b4b1a88b4c3e5cd509__PDFV2__CH_1205,87
425fe6b4b1a88b4c3e5cd509__PDFV2__CH_1206,45
425fe6b4b1a88b4c3e5cd509__PDFV2__CH_1207,87
425fe6b4b1a88b4c3e5cd509__PDFV2__CH_1208,81
425fe6b4b1a88b4c3e5cd509__PDFV2__CH_1209,96
425fe6b4b1a88b4c3e5cd509__PDFV2__CH_1210,102
425fe6b4b1a88b4c3e5cd509__PDFV2__CH_1211,73
425fe6b4b1a88b4c3e5cd509__PDFV2__CH_1212,63
425fe6b4b1a88b4c3e5cd509__PDFV2__CH_1213,69
425fe6b4b1a88b4c3e5cd509__PDFV2__CH_1216,53
425fe6b4b1a88b4c3e5cd509__PDFV2__CH_1217,94
425fe6b4b1a88b4c3e5cd509__PDFV2__CH_1218,129
425fe6b4b1a88b4c3e5cd509__PDFV2__CH_1219,91
425fe6b4b1a88b4c3e5cd509__PDFV2__CH_1220,71
425fe6b4b1a88b4c3e5cd509__PDFV2__CH_1222,103
425fe6b4b1a88b4c3e5cd509__PDFV2__CH_1223,95
425fe6b4b1a88b4c3e5cd509__PDFV2__CH_1224,127
425fe6b4b1a88b4c3e5cd509__PDFV2__CH_1225__M,154
425fe6b4b1a88b4c3e5cd509__PDFV2__CH_1227,104
425fe6b4b1a88b4c3e5cd509__PDFV2__CH_1229,35
425fe6b4b1a88b4c3e5cd509__PDFV2__CH_1230,92
425fe6b4b1a88b4c3e5cd509__PDFV2__CH_1231,92
425fe6b4b1a88b4c3e5cd509__PDFV2__CH_1232,53
425fe6b4b1a88b4c3e5cd509__PDFV2__CH_1233__M,80
425fe6b4b1a88b4c3e5cd509__PDFV2__CH_1235,125
425fe6b4b1a88b4c3e5cd509__PDFV2__CH_1236,142
425fe6b4b1a88b4c3e5cd509__PDFV2__CH_1237,140
425fe6b4b1a88b4c3e5cd509__PDFV2__CH_1238,106
425fe6b4b1a88b4c3e5cd509__PDFV2__CH_1239,85
425fe6b4b1a88b4c3e5cd509__PDFV2__CH_1240,105
425fe6b4b1a88b4c3e5cd509__PDFV2__CH_1241,101
425fe6b4b1a88b4c3e5cd509__PDFV2__CH_1242,169
425fe6b4b1a88b4c3e5cd509__PDFV2__CH_1243,111
425fe6b4b1a88b4c3e5cd509__PDFV2__CH_1244,140
425fe6b4b1a88b4c3e5cd509__PDFV2__CH_1245,97
425fe6b4b1a88b4c3e5cd509__PDFV2__CH_1246,73
425fe6b4b1a88b4c3e5cd509__PDFV2__CH_1249,99
425fe6b4b1a88b4c3e5cd509__PDFV2__CH_1250,84
425fe6b4b1a88b4c3e5cd509__PDFV2__CH_1252,88
425fe6b4b1a88b4c3e5cd509__PDFV2__CH_1253,100
425fe6b4b1a88b4c3e5cd509__PDFV2__CH_1254__M,65
425fe6b4b1a88b4c3e5cd509__PDFV2__CH_1256,44
425fe6b4b1a88b4c3e5cd509__PDFV2__CH_1257,108
425fe6b4b1a88b4c3e5cd509__PDFV2__CH_1258,60
425fe6b4b1a88b4c3e5cd509__PDFV2__CH_1259,99
425fe6b4b1a88b4c3e5cd509__PDFV2__CH_1260,74
425fe6b4b1a88b4c3e5cd509__PDFV2__CH_1261,72
425fe6b4b1a88b4c3e5cd509__PDFV2__CH_1262__M,103
425fe6b4b1a88b4c3e5cd509__PDFV2__CH_1264,89
425fe6b4b1a88b4c3e5cd509__PDFV2__CH_1265,68
425fe6b4b1a88b4c3e5cd509__PDFV2__CH_1266,66
425fe6b4b1a88b4c3e5cd509__PDFV2__CH_1267,83
425fe6b4b1a88b4c3e5cd509__PDFV2__CH_1268,70
425fe6b4b1a88b4c3e5cd509__PDFV2__CH_1269,48
425fe6b4b1a88b4c3e5cd509__PDFV2__CH_1271,62
425fe6b4b1a88b4c3e5cd509__PDFV2__CH_1272,126
425fe6b4b1a88b4c3e5cd509__PDFV2__CH_1273,49
425fe6b4b1a88b4c3e5cd509__PDFV2__CH_1274,99
425fe6b4b1a88b4c3e5cd509__PDFV2__CH_1275,86
425fe6b4b1a88b4c3e5cd509__PDFV2__CH_1276,106
425fe6b4b1a88b4c3e5cd509__PDFV2__CH_1277,104
425fe6b4b1a88b4c3e5cd509__PDFV2__CH_1278,105
425fe6b4b1a88b4c3e5cd509__PDFV2__CH_1279,61
425fe6b4b1a88b4c3e5cd509__PDFV2__CH_1280__M,86
425fe6b4b1a88b4c3e5cd509__PDFV2__CH_1282,82
425fe6b4b1a88b4c3e5cd509__PDFV2__CH_1283,41
425fe6b4b1a88b4c3e5cd509__PDFV2__CH_1284,125
425fe6b4b1a88b4c3e5cd509__PDFV2__CH_1286,105
425fe6b4b1a88b4c3e5cd509__PDFV2__CH_1287,85
425fe6b4b1a88b4c3e5cd509__PDFV2__CH_1288,68
425fe6b4b1a88b4c3e5cd509__PDFV2__CH_1289,55
425fe6b4b1a88b4c3e5cd509__PDFV2__CH_1290,44
425fe6b4b1a88b4c3e5cd509__PDFV2__CH_1291,58
425fe6b4b1a88b4c3e5cd509__PDFV2__CH_1292__M,109
425fe6b4b1a88b4c3e5cd509__PDFV2__CH_1295,63
425fe6b4b1a88b4c3e5cd509__PDFV2__CH_1296,99
425fe6b4b1a88b4c3e5cd509__PDFV2__CH_1297,72
425fe6b4b1a88b4c3e5cd509__PDFV2__CH_1298,81
425fe6b4b1a88b4c3e5cd509__PDFV2__CH_1299,75
425fe6b4b1a88b4c3e5cd509__PDFV2__CH_1300__M,110
425fe6b4b1a88b4c3e5cd509__PDFV2__CH_1302__M,151
425fe6b4b1a88b4c3e5cd509__PDFV2__CH_1304,76
425fe6b4b1a88b4c3e5cd509__PDFV2__CH_1305,85
425fe6b4b1a88b4c3e5cd509__PDFV2__CH_1306,69
425fe6b4b1a88b4c3e5cd509__PDFV2__CH_1307,73
425fe6b4b1a88b4c3e5cd509__PDFV2__CH_1308,80
425fe6b4b1a88b4c3e5cd509__PDFV2__CH_1309__M,141
425fe6b4b1a88b4c3e5cd509__PDFV2__CH_1312,66
425fe6b4b1a88b4c3e5cd509__PDFV2__CH_1313,59
425fe6b4b1a88b4c3e5cd509__PDFV2__CH_1314,62
425fe6b4b1a88b4c3e5cd509__PDFV2__CH_1318,105
425fe6b4b1a88b4c3e5cd509__PDFV2__CH_1319,52
425fe6b4b1a88b4c3e5cd509__PDFV2__CH_1321,82
425fe6b4b1a88b4c3e5cd509__PDFV2__CH_1322,71
425fe6b4b1a88b4c3e5cd509__PDFV2__CH_1323,77
425fe6b4b1a88b4c3e5cd509__PDFV2__CH_1324,69
425fe6b4b1a88b4c3e5cd509__PDFV2__CH_1325,56
425fe6b4b1a88b4c3e5cd509__PDFV2__CH_1326,90
425fe6b4b1a88b4c3e5cd509__PDFV2__CH_1327,62
425fe6b4b1a88b4c3e5cd509__PDFV2__CH_1328__M,66
425fe6b4b1a88b4c3e5cd509__PDFV2__CH_1331,49
425fe6b4b1a88b4c3e5cd509__PDFV2__CH_1332,73
425fe6b4b1a88b4c3e5cd509__PDFV2__CH_1333,95
425fe6b4b1a88b4c3e5cd509__PDFV2__CH_1334,108
425fe6b4b1a88b4c3e5cd509__PDFV2__CH_1336,114
425fe6b4b1a88b4c3e5cd509__PDFV2__CH_1337,54
425fe6b4b1a88b4c3e5cd509__PDFV2__CH_1338,81
425fe6b4b1a88b4c3e5cd509__PDFV2__CH_1339,69
425fe6b4b1a88b4c3e5cd509__PDFV2__CH_1340,85
425fe6b4b1a88b4c3e5cd509__PDFV2__CH_1341__M,110
425fe6b4b1a88b4c3e5cd509__PDFV2__CH_1347,57
425fe6b4b1a88b4c3e5cd509__PDFV2__CH_1348__M,113
425fe6b4b1a88b4c3e5cd509__PDFV2__CH_1350,85
425fe6b4b1a88b4c3e5cd509__PDFV2__CH_1352__M,77
425fe6b4b1a88b4c3e5cd509__PDFV2__CH_1354__M,81
425fe6b4b1a88b4c3e5cd509__PDFV2__CH_1356,57
425fe6b4b1a88b4c3e5cd509__PDFV2__CH_1357,69
425fe6b4b1a88b4c3e5cd509__PDFV2__CH_1358__M,115
425fe6b4b1a88b4c3e5cd509__PDFV2__CH_1361,81
425fe6b4b1a88b4c3e5cd509__PDFV2__CH_1362,59
425fe6b4b1a88b4c3e5cd509__PDFV2__CH_1363,63
425fe6b4b1a88b4c3e5cd509__PDFV2__CH_1364,82
425fe6b4b1a88b4c3e5cd509__PDFV2__CH_1365,84
425fe6b4b1a88b4c3e5cd509__PDFV2__CH_1366,58
425fe6b4b1a88b4c3e5cd509__PDFV2__CH_1367,74
425fe6b4b1a88b4c3e5cd509__PDFV2__CH_1370,102
425fe6b4b1a88b4c3e5cd509__PDFV2__CH_1371,54
425fe6b4b1a88b4c3e5cd509__PDFV2__CH_1372__M,104
425fe6b4b1a88b4c3e5cd509__PDFV2__CH_1375,82
425fe6b4b1a88b4c3e5cd509__PDFV2__CH_1376,72
425fe6b4b1a88b4c3e5cd509__PDFV2__CH_1377__M,74
425fe6b4b1a88b4c3e5cd509__PDFV2__CH_1379,49
425fe6b4b1a88b4c3e5cd509__PDFV2__CH_1380,125
425fe6b4b1a88b4c3e5cd509__PDFV2__CH_1381__M,86
425fe6b4b1a88b4c3e5cd509__PDFV2__CH_1383,50
425fe6b4b1a88b4c3e5cd509__PDFV2__CH_1385__M,118
425fe6b4b1a88b4c3e5cd509__PDFV2__CH_1387,67
425fe6b4b1a88b4c3e5cd509__PDFV2__CH_1388,55
425fe6b4b1a88b4c3e5cd509__PDFV2__CH_1389,57
425fe6b4b1a88b4c3e5cd509__PDFV2__CH_1391,60
425fe6b4b1a88b4c3e5cd509__PDFV2__CH_1392,101
425fe6b4b1a88b4c3e5cd509__PDFV2__CH_1393,82
425fe6b4b1a88b4c3e5cd509__PDFV2__CH_1395__M,76
425fe6b4b1a88b4c3e5cd509__PDFV2__CH_1397,49
425fe6b4b1a88b4c3e5cd509__PDFV2__CH_1398,54
425fe6b4b1a88b4c3e5cd509__PDFV2__CH_1399,55
425fe6b4b1a88b4c3e5cd509__PDFV2__CH_1400,62
425fe6b4b1a88b4c3e5cd509__PDFV2__CH_1401,88
425fe6b4b1a88b4c3e5cd509__PDFV2__CH_1402,51
425fe6b4b1a88b4c3e5cd509__PDFV2__CH_1404__M,78
425fe6b4b1a88b4c3e5cd509__PDFV2__CH_1406,66
425fe6b4b1a88b4c3e5cd509__PDFV2__CH_1407,73
425fe6b4b1a88b4c3e5cd509__PDFV2__CH_1408,56
425fe6b4b1a88b4c3e5cd509__PDFV2__CH_1409,79
425fe6b4b1a88b4c3e5cd509__PDFV2__CH_1410,92
425fe6b4b1a88b4c3e5cd509__PDFV2__CH_1411,63
425fe6b4b1a88b4c3e5cd509__PDFV2__CH_1414__M,93
425fe6b4b1a88b4c3e5cd509__PDFV2__CH_1416,102
425fe6b4b1a88b4c3e5cd509__PDFV2__CH_1417,96
425fe6b4b1a88b4c3e5cd509__PDFV2__CH_1418,84
425fe6b4b1a88b4c3e5cd509__PDFV2__CH_1419,63
425fe6b4b1a88b4c3e5cd509__PDFV2__CH_1420,81
425fe6b4b1a88b4c3e5cd509__PDFV2__CH_1421,64
425fe6b4b1a88b4c3e5cd509__PDFV2__CH_1422,89
425fe6b4b1a88b4c3e5cd509__PDFV2__CH_1423,55
425fe6b4b1a88b4c3e5cd509__PDFV2__CH_1424__M,103
425fe6b4b1a88b4c3e5cd509__PDFV2__CH_1426__M,107
425fe6b4b1a88b4c3e5cd509__PDFV2__CH_1428__M,75
425fe6b4b1a88b4c3e5cd509__PDFV2__CH_1431__M,66
425fe6b4b1a88b4c3e5cd509__PDFV2__CH_1433,69
425fe6b4b1a88b4c3e5cd509__PDFV2__CH_1434__M,110
425fe6b4b1a88b4c3e5cd509__PDFV2__CH_1436,97
425fe6b4b1a88b4c3e5cd509__PDFV2__CH_1437,61
425fe6b4b1a88b4c3e5cd509__PDFV2__CH_1439,50
425fe6b4b1a88b4c3e5cd509__PDFV2__CH_1440,47
425fe6b4b1a88b4c3e5cd509__PDFV2__CH_1441,57
425fe6b4b1a88b4c3e5cd509__PDFV2__CH_1442,52
425fe6b4b1a88b4c3e5cd509__PDFV2__CH_1443,61
425fe6b4b1a88b4c3e5cd509__PDFV2__CH_1444,79
425fe6b4b1a88b4c3e5cd509__PDFV2__CH_1448,49
425fe6b4b1a88b4c3e5cd509__PDFV2__CH_1449,83
425fe6b4b1a88b4c3e5cd509__PDFV2__CH_1450,57
425fe6b4b1a88b4c3e5cd509__PDFV2__CH_1451,59
425fe6b4b1a88b4c3e5cd509__PDFV2__CH_1452__M,71
425fe6b4b1a88b4c3e5cd509__PDFV2__CH_1454,72
425fe6b4b1a88b4c3e5cd509__PDFV2__CH_1455,88
425fe6b4b1a88b4c3e5cd509__PDFV2__CH_1456,44
425fe6b4b1a88b4c3e5cd509__PDFV2__CH_1457,48
425fe6b4b1a88b4c3e5cd509__PDFV2__CH_1458__M,80
425fe6b4b1a88b4c3e5cd509__PDFV2__CH_1462__M,82
425fe6b4b1a88b4c3e5cd509__PDFV2__CH_1464,85
425fe6b4b1a88b4c3e5cd509__PDFV2__CH_1466,52
425fe6b4b1a88b4c3e5cd509__PDFV2__CH_1468__M,99
425fe6b4b1a88b4c3e5cd509__PDFV2__CH_1472,80
425fe6b4b1a88b4c3e5cd509__PDFV2__CH_1473__M,108
425fe6b4b1a88b4c3e5cd509__PDFV2__CH_1477__M,113
425fe6b4b1a88b4c3e5cd509__PDFV2__CH_1479,75
425fe6b4b1a88b4c3e5cd509__PDFV2__CH_1480,91
425fe6b4b1a88b4c3e5cd509__PDFV2__CH_1481,88
425fe6b4b1a88b4c3e5cd509__PDFV2__CH_1482,43
425fe6b4b1a88b4c3e5cd509__PDFV2__CH_1483,78
425fe6b4b1a88b4c3e5cd509__PDFV2__CH_1484,103
425fe6b4b1a88b4c3e5cd509__PDFV2__CH_1485,64
425fe6b4b1a88b4c3e5cd509__PDFV2__CH_1486,81
425fe6b4b1a88b4c3e5cd509__PDFV2__CH_1487,97
425fe6b4b1a88b4c3e5cd509__PDFV2__CH_1488,81
425fe6b4b1a88b4c3e5cd509__PDFV2__CH_1489,107
425fe6b4b1a88b4c3e5cd509__PDFV2__CH_1491,49
425fe6b4b1a88b4c3e5cd509__PDFV2__CH_1492,43
425fe6b4b1a88b4c3e5cd509__PDFV2__CH_1494,75
425fe6b4b1a88b4c3e5cd509__PDFV2__CH_1495,72
425fe6b4b1a88b4c3e5cd509__PDFV2__CH_1497__M,91
425fe6b4b1a88b4c3e5cd509__PDFV2__CH_1500__M,92
425fe6b4b1a88b4c3e5cd509__PDFV2__CH_1503,96
425fe6b4b1a88b4c3e5cd509__PDFV2__CH_1504,73
425fe6b4b1a88b4c3e5cd509__PDFV2__CH_1505,96
425fe6b4b1a88b4c3e5cd509__PDFV2__CH_1507,105
425fe6b4b1a88b4c3e5cd509__PDFV2__CH_1508,70
425fe6b4b1a88b4c3e5cd509__PDFV2__CH_1509,80
425fe6b4b1a88b4c3e5cd509__PDFV2__CH_1510,104
425fe6b4b1a88b4c3e5cd509__PDFV2__CH_1511,56
425fe6b4b1a88b4c3e5cd509__PDFV2__CH_1512__M,78
425fe6b4b1a88b4c3e5cd509__PDFV2__CH_1515,116
425fe6b4b1a88b4c3e5cd509__PDFV2__CH_1516,52
425fe6b4b1a88b4c3e5cd509__PDFV2__CH_1517,95
425fe6b4b1a88b4c3e5cd509__PDFV2__CH_1518,81
425fe6b4b1a88b4c3e5cd509__PDFV2__CH_1519,124
425fe6b4b1a88b4c3e5cd509__PDFV2__CH_1521,81
425fe6b4b1a88b4c3e5cd509__PDFV2__CH_1522,100
425fe6b4b1a88b4c3e5cd509__PDFV2__CH_1523,95
425fe6b4b1a88b4c3e5cd509__PDFV2__CH_1524,82
425fe6b4b1a88b4c3e5cd509__PDFV2__CH_1525__M,144
425fe6b4b1a88b4c3e5cd509__PDFV2__CH_1527,59
425fe6b4b1a88b4c3e5cd509__PDFV2__CH_1529,59
425fe6b4b1a88b4c3e5cd509__PDFV2__CH_1531,58
425fe6b4b1a88b4c3e5cd509__PDFV2__CH_1532,88
425fe6b4b1a88b4c3e5cd509__PDFV2__CH_1537__M,93
425fe6b4b1a88b4c3e5cd509__PDFV2__CH_1539,79
425fe6b4b1a88b4c3e5cd509__PDFV2__CH_1541,64
425fe6b4b1a88b4c3e5cd509__PDFV2__CH_1542__M,107
425fe6b4b1a88b4c3e5cd509__PDFV2__CH_1545,37
425fe6b4b1a88b4c3e5cd509__PDFV2__CH_1546,53
425fe6b4b1a88b4c3e5cd509__PDFV2__CH_1547,38
425fe6b4b1a88b4c3e5cd509__PDFV2__CH_1548,48
425fe6b4b1a88b4c3e5cd509__PDFV2__CH_1549,74
425fe6b4b1a88b4c3e5cd509__PDFV2__CH_1551,46
425fe6b4b1a88b4c3e5cd509__PDFV2__CH_1553,41
425fe6b4b1a88b4c3e5cd509__PDFV2__CH_1554__M,107
425fe6b4b1a88b4c3e5cd509__PDFV2__CH_1557,56
425fe6b4b1a88b4c3e5cd509__PDFV2__CH_1558,90
425fe6b4b1a88b4c3e5cd509__PDFV2__CH_1559,84
425fe6b4b1a88b4c3e5cd509__PDFV2__CH_1560,87
425fe6b4b1a88b4c3e5cd509__PDFV2__CH_1561,92
425fe6b4b1a88b4c3e5cd509__PDFV2__CH_1562__M,71
425fe6b4b1a88b4c3e5cd509__PDFV2__CH_1565__M,108
425fe6b4b1a88b4c3e5cd509__PDFV2__CH_1569,70
425fe6b4b1a88b4c3e5cd509__PDFV2__CH_1570,54
425fe6b4b1a88b4c3e5cd509__PDFV2__CH_1571,89
425fe6b4b1a88b4c3e5cd509__PDFV2__CH_1572__M,59
425fe6b4b1a88b4c3e5cd509__PDFV2__CH_1574,63
425fe6b4b1a88b4c3e5cd509__PDFV2__CH_1575,187
425fe6b4b1a88b4c3e5cd509__PDFV2__CH_1576,141
425fe6b4b1a88b4c3e5cd509__PDFV2__CH_1577,104
425fe6b4b1a88b4c3e5cd509__PDFV2__CH_1578__M,111
425fe6b4b1a88b4c3e5cd509__PDFV2__CH_1581,55
425fe6b4b1a88b4c3e5cd509__PDFV2__CH_1582,76
425fe6b4b1a88b4c3e5cd509__PDFV2__CH_1583,80
425fe6b4b1a88b4c3e5cd509__PDFV2__CH_1585,98
425fe6b4b1a88b4c3e5cd509__PDFV2__CH_1586,79
425fe6b4b1a88b4c3e5cd509__PDFV2__CH_1587,72
425fe6b4b1a88b4c3e5cd509__PDFV2__CH_1588,78
425fe6b4b1a88b4c3e5cd509__PDFV2__CH_1589,75
425fe6b4b1a88b4c3e5cd509__PDFV2__CH_1590,59
425fe6b4b1a88b4c3e5cd509__PDFV2__CH_1591,93
425fe6b4b1a88b4c3e5cd509__PDFV2__CH_1592,55
425fe6b4b1a88b4c3e5cd509__PDFV2__CH_1593,78
425fe6b4b1a88b4c3e5cd509__PDFV2__CH_1594,119
425fe6b4b1a88b4c3e5cd509__PDFV2__CH_1595,98
425fe6b4b1a88b4c3e5cd509__PDFV2__CH_1596,68
425fe6b4b1a88b4c3e5cd509__PDFV2__CH_1597,74
425fe6b4b1a88b4c3e5cd509__PDFV2__CH_1598,71
425fe6b4b1a88b4c3e5cd509__PDFV2__CH_1599,70
425fe6b4b1a88b4c3e5cd509__PDFV2__CH_1600,85
425fe6b4b1a88b4c3e5cd509__PDFV2__CH_1601,85
425fe6b4b1a88b4c3e5cd509__PDFV2__CH_1602,83
425fe6b4b1a88b4c3e5cd509__PDFV2__CH_1603,53
425fe6b4b1a88b4c3e5cd509__PDFV2__CH_1604,99
425fe6b4b1a88b4c3e5cd509__PDFV2__CH_1605,68
425fe6b4b1a88b4c3e5cd509__PDFV2__CH_1606,63
425fe6b4b1a88b4c3e5cd509__PDFV2__CH_1607,46
425fe6b4b1a88b4c3e5cd509__PDFV2__CH_1608,74
425fe6b4b1a88b4c3e5cd509__PDFV2__CH_1609,68
425fe6b4b1a88b4c3e5cd509__PDFV2__CH_1610,57
425fe6b4b1a88b4c3e5cd509__PDFV2__CH_1611,73
425fe6b4b1a88b4c3e5cd509__PDFV2__CH_1612,55
425fe6b4b1a88b4c3e5cd509__PDFV2__CH_1613,76
425fe6b4b1a88b4c3e5cd509__PDFV2__CH_1614,53
425fe6b4b1a88b4c3e5cd509__PDFV2__CH_1615,45
425fe6b4b1a88b4c3e5cd509__PDFV2__CH_1616,59
425fe6b4b1a88b4c3e5cd509__PDFV2__CH_1617,74
425fe6b4b1a88b4c3e5cd509__PDFV2__CH_1618,87
425fe6b4b1a88b4c3e5cd509__PDFV2__CH_1619,69
425fe6b4b1a88b4c3e5cd509__PDFV2__CH_1620,74
425fe6b4b1a88b4c3e5cd509__PDFV2__CH_1621,59
425fe6b4b1a88b4c3e5cd509__PDFV2__CH_1622,40
425fe6b4b1a88b4c3e5cd509__PDFV2__CH_1623,80
425fe6b4b1a88b4c3e5cd509__PDFV2__CH_1624,57
425fe6b4b1a88b4c3e5cd509__PDFV2__CH_1625,30
425fe6b4b1a88b4c3e5cd509__PDFV2__CH_1627__M,86
425fe6b4b1a88b4c3e5cd509__PDFV2__CH_1629,68
425fe6b4b1a88b4c3e5cd509__PDFV2__CH_1630,111
425fe6b4b1a88b4c3e5cd509__PDFV2__CH_1631,73
425fe6b4b1a88b4c3e5cd509__PDFV2__CH_1632,96
425fe6b4b1a88b4c3e5cd509__PDFV2__CH_1633,56
425fe6b4b1a88b4c3e5cd509__PDFV2__CH_1634__S1,58
425fe6b4b1a88b4c3e5cd509__PDFV2__CH_1634__S2,51
425fe6b4b1a88b4c3e5cd509__PDFV2__CH_1635,99
425fe6b4b1a88b4c3e5cd509__PDFV2__CH_1636,47
425fe6b4b1a88b4c3e5cd509__PDFV2__CH_1637,75
425fe6b4b1a88b4c3e5cd509__PDFV2__CH_1638,105
425fe6b4b1a88b4c3e5cd509__PDFV2__CH_1639,77
425fe6b4b1a88b4c3e5cd509__PDFV2__CH_1640,118
425fe6b4b1a88b4c3e5cd509__PDFV2__CH_1641,68
425fe6b4b1a88b4c3e5cd509__PDFV2__CH_1642,70
425fe6b4b1a88b4c3e5cd509__PDFV2__CH_1643__M,127
425fe6b4b1a88b4c3e5cd509__PDFV2__CH_1645,59
425fe6b4b1a88b4c3e5cd509__PDFV2__CH_1646__M,91
425fe6b4b1a88b4c3e5cd509__PDFV2__CH_1648,82
425fe6b4b1a88b4c3e5cd509__PDFV2__CH_1649,86
425fe6b4b1a88b4c3e5cd509__PDFV2__CH_1650,92
425fe6b4b1a88b4c3e5cd509__PDFV2__CH_1651,49
425fe6b4b1a88b4c3e5cd509__PDFV2__CH_1652,77
425fe6b4b1a88b4c3e5cd509__PDFV2__CH_1653,53
425fe6b4b1a88b4c3e5cd509__PDFV2__CH_1654,79
425fe6b4b1a88b4c3e5cd509__PDFV2__CH_1655,49
425fe6b4b1a88b4c3e5cd509__PDFV2__CH_1656,60
425fe6b4b1a88b4c3e5cd509__PDFV2__CH_1657,89
425fe6b4b1a88b4c3e5cd509__PDFV2__CH_1658,58
425fe6b4b1a88b4c3e5cd509__PDFV2__CH_1659,54
425fe6b4b1a88b4c3e5cd509__PDFV2__CH_1660,57
425fe6b4b1a88b4c3e5cd509__PDFV2__CH_1661,60
425fe6b4b1a88b4c3e5cd509__PDFV2__CH_1662,74
425fe6b4b1a88b4c3e5cd509__PDFV2__CH_1663,76
425fe6b4b1a88b4c3e5cd509__PDFV2__CH_1664__M,106
425fe6b4b1a88b4c3e5cd509__PDFV2__CH_1666,86
425fe6b4b1a88b4c3e5cd509__PDFV2__CH_1667,57
425fe6b4b1a88b4c3e5cd509__PDFV2__CH_1668,93
425fe6b4b1a88b4c3e5cd509__PDFV2__CH_1669,49
425fe6b4b1a88b4c3e5cd509__PDFV2__CH_1670,70
425fe6b4b1a88b4c3e5cd509__PDFV2__CH_1671,75
425fe6b4b1a88b4c3e5cd509__PDFV2__CH_1672,79
425fe6b4b1a88b4c3e5cd509__PDFV2__CH_1673,99
425fe6b4b1a88b4c3e5cd509__PDFV2__CH_1674,80
425fe6b4b1a88b4c3e5cd509__PDFV2__CH_1675,87
425fe6b4b1a88b4c3e5cd509__PDFV2__CH_1676__M,102
425fe6b4b1a88b4c3e5cd509__PDFV2__CH_1678,55
425fe6b4b1a88b4c3e5cd509__PDFV2__CH_1679,56
425fe6b4b1a88b4c3e5cd509__PDFV2__CH_1680,80
425fe6b4b1a88b4c3e5cd509__PDFV2__CH_1681,53
425fe6b4b1a88b4c3e5cd509__PDFV2__CH_1682,78
425fe6b4b1a88b4c3e5cd509__PDFV2__CH_1684,60
425fe6b4b1a88b4c3e5cd509__PDFV2__CH_1685,34
425fe6b4b1a88b4c3e5cd509__PDFV2__CH_1686,48
425fe6b4b1a88b4c3e5cd509__PDFV2__CH_1687,108
425fe6b4b1a88b4c3e5cd509__PDFV2__CH_1688,53
425fe6b4b1a88b4c3e5cd509__PDFV2__CH_1689,93
425fe6b4b1a88b4c3e5cd509__PDFV2__CH_1690,75
425fe6b4b1a88b4c3e5cd509__PDFV2__CH_1691,138
425fe6b4b1a88b4c3e5cd509__PDFV2__CH_1692__M,104
425fe6b4b1a88b4c3e5cd509__PDFV2__CH_1694,70
425fe6b4b1a88b4c3e5cd509__PDFV2__CH_1695,62
425fe6b4b1a88b4c3e5cd509__PDFV2__CH_1696,97
425fe6b4b1a88b4c3e5cd509__PDFV2__CH_1697,77
425fe6b4b1a88b4c3e5cd509__PDFV2__CH_1698,72
425fe6b4b1a88b4c3e5cd509__PDFV2__CH_1699,52
425fe6b4b1a88b4c3e5cd509__PDFV2__CH_1700,70
425fe6b4b1a88b4c3e5cd509__PDFV2__CH_1701,84
425fe6b4b1a88b4c3e5cd509__PDFV2__CH_1702,72
425fe6b4b1a88b4c3e5cd509__PDFV2__CH_1703__M,98
425fe6b4b1a88b4c3e5cd509__PDFV2__CH_1705,53
425fe6b4b1a88b4c3e5cd509__PDFV2__CH_1706,39
425fe6b4b1a88b4c3e5cd509__PDFV2__CH_1707__M,156
425fe6b4b1a88b4c3e5cd509__PDFV2__CH_1710,66
425fe6b4b1a88b4c3e5cd509__PDFV2__CH_1711,108
425fe6b4b1a88b4c3e5cd509__PDFV2__CH_1712,61
425fe6b4b1a88b4c3e5cd509__PDFV2__CH_1713,108
425fe6b4b1a88b4c3e5cd509__PDFV2__CH_1714,53
425fe6b4b1a88b4c3e5cd509__PDFV2__CH_1715,109
425fe6b4b1a88b4c3e5cd509__PDFV2__CH_1716,62
425fe6b4b1a88b4c3e5cd509__PDFV2__CH_1717,78
425fe6b4b1a88b4c3e5cd509__PDFV2__CH_1718,55
425fe6b4b1a88b4c3e5cd509__PDFV2__CH_1719,70
425fe6b4b1a88b4c3e5cd509__PDFV2__CH_1720,73
425fe6b4b1a88b4c3e5cd509__PDFV2__CH_1721,75
425fe6b4b1a88b4c3e5cd509__PDFV2__CH_1722,89
425fe6b4b1a88b4c3e5cd509__PDFV2__CH_1723,54
425fe6b4b1a88b4c3e5cd509__PDFV2__CH_1724,97
425fe6b4b1a88b4c3e5cd509__PDFV2__CH_1725,137
425fe6b4b1a88b4c3e5cd509__PDFV2__CH_1726,70
425fe6b4b1a88b4c3e5cd509__PDFV2__CH_1727,99
425fe6b4b1a88b4c3e5cd509__PDFV2__CH_1728,57
425fe6b4b1a88b4c3e5cd509__PDFV2__CH_1729,152
425fe6b4b1a88b4c3e5cd509__PDFV2__CH_1730,50
425fe6b4b1a88b4c3e5cd509__PDFV2__CH_1731,93
425fe6b4b1a88b4c3e5cd509__PDFV2__CH_1732__M,121
425fe6b4b1a88b4c3e5cd509__PDFV2__CH_1734,49
425fe6b4b1a88b4c3e5cd509__PDFV2__CH_1735,37
425fe6b4b1a88b4c3e5cd509__PDFV2__CH_1736,94
425fe6b4b1a88b4c3e5cd509__PDFV2__CH_1737,113
425fe6b4b1a88b4c3e5cd509__PDFV2__CH_1738,98
425fe6b4b1a88b4c3e5cd509__PDFV2__CH_1739,62
425fe6b4b1a88b4c3e5cd509__PDFV2__CH_1740,85
425fe6b4b1a88b4c3e5cd509__PDFV2__CH_1741,98
425fe6b4b1a88b4c3e5cd509__PDFV2__CH_1743,82
425fe6b4b1a88b4c3e5cd509__PDFV2__CH_1746,67
425fe6b4b1a88b4c3e5cd509__PDFV2__CH_1747__M,92
425fe6b4b1a88b4c3e5cd509__PDFV2__CH_1749,54
425fe6b4b1a88b4c3e5cd509__PDFV2__CH_1750,100
425fe6b4b1a88b4c3e5cd509__PDFV2__CH_1751,89
425fe6b4b1a88b4c3e5cd509__PDFV2__CH_1752,108
425fe6b4b1a88b4c3e5cd509__PDFV2__CH_1754,55
425fe6b4b1a88b4c3e5cd509__PDFV2__CH_1755,109
425fe6b4b1a88b4c3e5cd509__PDFV2__CH_1756,178
425fe6b4b1a88b4c3e5cd509__PDFV2__CH_1757,90
425fe6b4b1a88b4c3e5cd509__PDFV2__CH_1758,75
425fe6b4b1a88b4c3e5cd509__PDFV2__CH_1759,82
425fe6b4b1a88b4c3e5cd509__PDFV2__CH_1760,104
425fe6b4b1a88b4c3e5cd509__PDFV2__CH_1761,135
425fe6b4b1a88b4c3e5cd509__PDFV2__CH_1762,134
425fe6b4b1a88b4c3e5cd509__PDFV2__CH_1763,113
425fe6b4b1a88b4c3e5cd509__PDFV2__CH_1764,65
425fe6b4b1a88b4c3e5cd509__PDFV2__CH_1765,101
425fe6b4b1a88b4c3e5cd509__PDFV2__CH_1766__M,182
425fe6b4b1a88b4c3e5cd509__PDFV2__CH_1768,76
425fe6b4b1a88b4c3e5cd509__PDFV2__CH_1769,84
425fe6b4b1a88b4c3e5cd509__PDFV2__CH_1770,84
425fe6b4b1a88b4c3e5cd509__PDFV2__CH_1771,80
425fe6b4b1a88b4c3e5cd509__PDFV2__CH_1772,115
425fe6b4b1a88b4c3e5cd509__PDFV2__CH_1773,71
425fe6b4b1a88b4c3e5cd509__PDFV2__CH_1774,91
425fe6b4b1a88b4c3e5cd509__PDFV2__CH_1775,52
425fe6b4b1a88b4c3e5cd509__PDFV2__CH_1776,63
425fe6b4b1a88b4c3e5cd509__PDFV2__CH_1777__M,79
425fe6b4b1a88b4c3e5cd509__PDFV2__CH_1779,31
425fe6b4b1a88b4c3e5cd509__PDFV2__CH_1780,86
425fe6b4b1a88b4c3e5cd509__PDFV2__CH_1781,27
425fe6b4b1a88b4c3e5cd509__PDFV2__CH_1782,80
425fe6b4b1a88b4c3e5cd509__PDFV2__CH_1783,111
425fe6b4b1a88b4c3e5cd509__PDFV2__CH_1784,79
425fe6b4b1a88b4c3e5cd509__PDFV2__CH_1785,65
425fe6b4b1a88b4c3e5cd509__PDFV2__CH_1786,105
425fe6b4b1a88b4c3e5cd509__PDFV2__CH_1787,87
425fe6b4b1a88b4c3e5cd509__PDFV2__CH_1788,103
425fe6b4b1a88b4c3e5cd509__PDFV2__CH_1789,83
425fe6b4b1a88b4c3e5cd509__PDFV2__CH_1790,69
425fe6b4b1a88b4c3e5cd509__PDFV2__CH_1791,53
425fe6b4b1a88b4c3e5cd509__PDFV2__CH_1792__M,109
425fe6b4b1a88b4c3e5cd509__PDFV2__CH_1794,49
425fe6b4b1a88b4c3e5cd509__PDFV2__CH_1795__M,62
425fe6b4b1a88b4c3e5cd509__PDFV2__CH_1797,73
425fe6b4b1a88b4c3e5cd509__PDFV2__CH_1798,110
425fe6b4b1a88b4c3e5cd509__PDFV2__CH_1799,68
425fe6b4b1a88b4c3e5cd509__PDFV2__CH_1800,87
425fe6b4b1a88b4c3e5cd509__PDFV2__CH_1801,72
425fe6b4b1a88b4c3e5cd509__PDFV2__CH_1802,52
425fe6b4b1a88b4c3e5cd509__PDFV2__CH_1803,37
425fe6b4b1a88b4c3e5cd509__PDFV2__CH_1804,48
425fe6b4b1a88b4c3e5cd509__PDFV2__CH_1805,58
425fe6b4b1a88b4c3e5cd509__PDFV2__CH_1806,88
425fe6b4b1a88b4c3e5cd509__PDFV2__CH_1807,83
425fe6b4b1a88b4c3e5cd509__PDFV2__CH_1808,86
425fe6b4b1a88b4c3e5cd509__PDFV2__CH_1809,65
425fe6b4b1a88b4c3e5cd509__PDFV2__CH_1810,78
425fe6b4b1a88b4c3e5cd509__PDFV2__CH_1811,62
425fe6b4b1a88b4c3e5cd509__PDFV2__CH_1812,70
425fe6b4b1a88b4c3e5cd509__PDFV2__CH_1813,67
425fe6b4b1a88b4c3e5cd509__PDFV2__CH_1814,80
425fe6b4b1a88b4c3e5cd509__PDFV2__CH_1815__M,192
425fe6b4b1a88b4c3e5cd509__PDFV2__CH_1817,54
425fe6b4b1a88b4c3e5cd509__PDFV2__CH_1818,57
425fe6b4b1a88b4c3e5cd509__PDFV2__CH_1819,112
425fe6b4b1a88b4c3e5cd509__PDFV2__CH_1820,47
425fe6b4b1a88b4c3e5cd509__PDFV2__CH_1821,53
425fe6b4b1a88b4c3e5cd509__PDFV2__CH_1822,70
425fe6b4b1a88b4c3e5cd509__PDFV2__CH_1823,73
425fe6b4b1a88b4c3e5cd509__PDFV2__CH_1824,87
425fe6b4b1a88b4c3e5cd509__PDFV2__CH_1825,76
425fe6b4b1a88b4c3e5cd509__PDFV2__CH_1826,124
425fe6b4b1a88b4c3e5cd509__PDFV2__CH_1827,71
425fe6b4b1a88b4c3e5cd509__PDFV2__CH_1828,143
425fe6b4b1a88b4c3e5cd509__PDFV2__CH_1829,122
425fe6b4b1a88b4c3e5cd509__PDFV2__CH_1830,128
425fe6b4b1a88b4c3e5cd509__PDFV2__CH_1831,97
425fe6b4b1a88b4c3e5cd509__PDFV2__CH_1832,119
425fe6b4b1a88b4c3e5cd509__PDFV2__CH_1833__M,102
425fe6b4b1a88b4c3e5cd509__PDFV2__CH_1835,81
425fe6b4b1a88b4c3e5cd509__PDFV2__CH_1836,71
425fe6b4b1a88b4c3e5cd509__PDFV2__CH_1837,96
425fe6b4b1a88b4c3e5cd509__PDFV2__CH_1838,120
425fe6b4b1a88b4c3e5cd509__PDFV2__CH_1839,81
425fe6b4b1a88b4c3e5cd509__PDFV2__CH_1840,97
425fe6b4b1a88b4c3e5cd509__PDFV2__CH_1841,118
425fe6b4b1a88b4c3e5cd509__PDFV2__CH_1842,58
425fe6b4b1a88b4c3e5cd509__PDFV2__CH_1843,105
425fe6b4b1a88b4c3e5cd509__PDFV2__CH_1844,101
425fe6b4b1a88b4c3e5cd509__PDFV2__CH_1845,69
425fe6b4b1a88b4c3e5cd509__PDFV2__CH_1846,68
425fe6b4b1a88b4c3e5cd509__PDFV2__CH_1847,64
425fe6b4b1a88b4c3e5cd509__PDFV2__CH_1848,80
425fe6b4b1a88b4c3e5cd509__PDFV2__CH_1849,50
425fe6b4b1a88b4c3e5cd509__PDFV2__CH_1850,77
425fe6b4b1a88b4c3e5cd509__PDFV2__CH_1851,86
425fe6b4b1a88b4c3e5cd509__PDFV2__CH_1852,70
425fe6b4b1a88b4c3e5cd509__PDFV2__CH_1853,90
425fe6b4b1a88b4c3e5cd509__PDFV2__CH_1854,43
425fe6b4b1a88b4c3e5cd509__PDFV2__CH_1856,67
425fe6b4b1a88b4c3e5cd509__PDFV2__CH_1857,89
425fe6b4b1a88b4c3e5cd509__PDFV2__CH_1858,100
425fe6b4b1a88b4c3e5cd509__PDFV2__CH_1860,121
425fe6b4b1a88b4c3e5cd509__PDFV2__CH_1862,50
425fe6b4b1a88b4c3e5cd509__PDFV2__CH_1868,75
425fe6b4b1a88b4c3e5cd509__PDFV2__CH_1869,121
425fe6b4b1a88b4c3e5cd509__PDFV2__CH_1871,74
425fe6b4b1a88b4c3e5cd509__PDFV2__CH_1872,95
425fe6b4b1a88b4c3e5cd509__PDFV2__CH_1875,60
425fe6b4b1a88b4c3e5cd509__PDFV2__CH_1876,99
425fe6b4b1a88b4c3e5cd509__PDFV2__CH_1877,55
425fe6b4b1a88b4c3e5cd509__PDFV2__CH_1878,77
425fe6b4b1a88b4c3e5cd509__PDFV2__CH_1879,87
425fe6b4b1a88b4c3e5cd509__PDFV2__CH_1880,83
425fe6b4b1a88b4c3e5cd509__PDFV2__CH_1881,101
425fe6b4b1a88b4c3e5cd509__PDFV2__CH_1882,60
425fe6b4b1a88b4c3e5cd509__PDFV2__CH_1883,100
425fe6b4b1a88b4c3e5cd509__PDFV2__CH_1884,63
425fe6b4b1a88b4c3e5cd509__PDFV2__CH_1885,76
425fe6b4b1a88b4c3e5cd509__PDFV2__CH_1886,90
425fe6b4b1a88b4c3e5cd509__PDFV2__CH_1887,104
425fe6b4b1a88b4c3e5cd509__PDFV2__CH_1888,66
425fe6b4b1a88b4c3e5cd509__PDFV2__CH_1889__M,118
425fe6b4b1a88b4c3e5cd509__PDFV2__CH_1891,93
425fe6b4b1a88b4c3e5cd509__PDFV2__CH_1892,63
425fe6b4b1a88b4c3e5cd509__PDFV2__CH_1893,87
425fe6b4b1a88b4c3e5cd509__PDFV2__CH_1894,54
425fe6b4b1a88b4c3e5cd509__PDFV2__CH_1895,74
425fe6b4b1a88b4c3e5cd509__PDFV2__CH_1896,154
425fe6b4b1a88b4c3e5cd509__PDFV2__CH_1897,114
425fe6b4b1a88b4c3e5cd509__PDFV2__CH_1898,64
425fe6b4b1a88b4c3e5cd509__PDFV2__CH_1899,37
425fe6b4b1a88b4c3e5cd509__PDFV2__CH_1900,38
425fe6b4b1a88b4c3e5cd509__PDFV2__CH_1901,61
425fe6b4b1a88b4c3e5cd509__PDFV2__CH_1902,47
425fe6b4b1a88b4c3e5cd509__PDFV2__CH_1903,46
425fe6b4b1a88b4c3e5cd509__PDFV2__CH_1904,31
425fe6b4b1a88b4c3e5cd509__PDFV2__CH_1905,66
425fe6b4b1a88b4c3e5cd509__PDFV2__CH_1907,56
425fe6b4b1a88b4c3e5cd509__PDFV2__CH_1908,34
425fe6b4b1a88b4c3e5cd509__PDFV2__CH_1909,34
425fe6b4b1a88b4c3e5cd509__PDFV2__CH_1910,79
425fe6b4b1a88b4c3e5cd509__PDFV2__CH_1911,38
425fe6b4b1a88b4c3e5cd509__PDFV2__CH_1912,65
425fe6b4b1a88b4c3e5cd509__PDFV2__CH_1913,32
425fe6b4b1a88b4c3e5cd509__PDFV2__CH_1914,45
425fe6b4b1a88b4c3e5cd509__PDFV2__CH_1915,51
425fe6b4b1a88b4c3e5cd509__PDFV2__CH_1916,74
425fe6b4b1a88b4c3e5cd509__PDFV2__CH_1917,53
425fe6b4b1a88b4c3e5cd509__PDFV2__CH_1918,35
425fe6b4b1a88b4c3e5cd509__PDFV2__CH_1919__M,91
425fe6b4b1a88b4c3e5cd509__PDFV2__CH_1921,32
425fe6b4b1a88b4c3e5cd509__PDFV2__CH_1922,43
425fe6b4b1a88b4c3e5cd509__PDFV2__CH_1924,60
425fe6b4b1a88b4c3e5cd509__PDFV2__CH_1925,32
425fe6b4b1a88b4c3e5cd509__PDFV2__CH_1926,48
425fe6b4b1a88b4c3e5cd509__PDFV2__CH_1927,82
425fe6b4b1a88b4c3e5cd509__PDFV2__CH_1928,76
425fe6b4b1a88b4c3e5cd509__PDFV2__CH_1929,61
425fe6b4b1a88b4c3e5cd509__PDFV2__CH_1930,79
425fe6b4b1a88b4c3e5cd509__PDFV2__CH_1931,78
425fe6b4b1a88b4c3e5cd509__PDFV2__CH_1932,60
425fe6b4b1a88b4c3e5cd509__PDFV2__CH_1933,107
425fe6b4b1a88b4c3e5cd509__PDFV2__CH_1934,100
425fe6b4b1a88b4c3e5cd509__PDFV2__CH_1935,86
425fe6b4b1a88b4c3e5cd509__PDFV2__CH_1936,113
425fe6b4b1a88b4c3e5cd509__PDFV2__CH_1944__M,106
425fe6b4b1a88b4c3e5cd509__PDFV2__CH_1946,103
425fe6b4b1a88b4c3e5cd509__PDFV2__CH_1947,83
425fe6b4b1a88b4c3e5cd509__PDFV2__CH_1948,75
425fe6b4b1a88b4c3e5cd509__PDFV2__CH_1949,114
425fe6b4b1a88b4c3e5cd509__PDFV2__CH_1950,98
425fe6b4b1a88b4c3e5cd509__PDFV2__CH_1951,66
425fe6b4b1a88b4c3e5cd509__PDFV2__CH_1952,117
425fe6b4b1a88b4c3e5cd509__PDFV2__CH_1953,77
425fe6b4b1a88b4c3e5cd509__PDFV2__CH_1954,70
425fe6b4b1a88b4c3e5cd509__PDFV2__CH_1955,66
425fe6b4b1a88b4c3e5cd509__PDFV2__CH_1956,85
425fe6b4b1a88b4c3e5cd509__PDFV2__CH_1957,109
425fe6b4b1a88b4c3e5cd509__PDFV2__CH_1958,80
425fe6b4b1a88b4c3e5cd509__PDFV2__CH_1959,85
425fe6b4b1a88b4c3e5cd509__PDFV2__CH_1960,130
425fe6b4b1a88b4c3e5cd509__PDFV2__CH_1961,68
425fe6b4b1a88b4c3e5cd509__PDFV2__CH_1962,117
425fe6b4b1a88b4c3e5cd509__PDFV2__CH_1963,58
425fe6b4b1a88b4c3e5cd509__PDFV2__CH_1964,58
425fe6b4b1a88b4c3e5cd509__PDFV2__CH_1965,49
425fe6b4b1a88b4c3e5cd509__PDFV2__CH_1966,65
425fe6b4b1a88b4c3e5cd509__PDFV2__CH_1967,77
425fe6b4b1a88b4c3e5cd509__PDFV2__CH_1968,86
425fe6b4b1a88b4c3e5cd509__PDFV2__CH_1969,94
425fe6b4b1a88b4c3e5cd509__PDFV2__CH_1970,92
425fe6b4b1a88b4c3e5cd509__PDFV2__CH_1971,80
425fe6b4b1a88b4c3e5cd509__PDFV2__CH_1972,81
425fe6b4b1a88b4c3e5cd509__PDFV2__CH_1973,91
425fe6b4b1a88b4c3e5cd509__PDFV2__CH_1974,138
425fe6b4b1a88b4c3e5cd509__PDFV2__CH_1975,73
425fe6b4b1a88b4c3e5cd509__PDFV2__CH_1976,76
425fe6b4b1a88b4c3e5cd509__PDFV2__CH_1977,104
425fe6b4b1a88b4c3e5cd509__PDFV2__CH_1978,104
425fe6b4b1a88b4c3e5cd509__PDFV2__CH_1979,76
425fe6b4b1a88b4c3e5cd509__PDFV2__CH_1982,67
425fe6b4b1a88b4c3e5cd509__PDFV2__CH_1983,92
425fe6b4b1a88b4c3e5cd509__PDFV2__CH_1984,101
425fe6b4b1a88b4c3e5cd509__PDFV2__CH_1985,88
425fe6b4b1a88b4c3e5cd509__PDFV2__CH_1986,75
425fe6b4b1a88b4c3e5cd509__PDFV2__CH_1987,92
425fe6b4b1a88b4c3e5cd509__PDFV2__CH_1988,91
425fe6b4b1a88b4c3e5cd509__PDFV2__CH_1989,72
425fe6b4b1a88b4c3e5cd509__PDFV2__CH_1990,62
425fe6b4b1a88b4c3e5cd509__PDFV2__CH_1991,76
425fe6b4b1a88b4c3e5cd509__PDFV2__CH_1992,104
425fe6b4b1a88b4c3e5cd509__PDFV2__CH_1994,67
425fe6b4b1a88b4c3e5cd509__PDFV2__CH_1995,72
425fe6b4b1a88b4c3e5cd509__PDFV2__CH_1996,106
425fe6b4b1a88b4c3e5cd509__PDFV2__CH_1997,73
425fe6b4b1a88b4c3e5cd509__PDFV2__CH_1999,64
425fe6b4b1a88b4c3e5cd509__PDFV2__CH_2000,61
425fe6b4b1a88b4c3e5cd509__PDFV2__CH_2001,53
425fe6b4b1a88b4c3e5cd509__PDFV2__CH_2002,51
425fe6b4b1a88b4c3e5cd509__PDFV2__CH_2003,65
425fe6b4b1a88b4c3e5cd509__PDFV2__CH_2004,102
425fe6b4b1a88b4c3e5cd509__PDFV2__CH_2005,57
425fe6b4b1a88b4c3e5cd509__PDFV2__CH_2006,47
425fe6b4b1a88b4c3e5cd509__PDFV2__CH_2007,58
425fe6b4b1a88b4c3e5cd509__PDFV2__CH_2008,66
425fe6b4b1a88b4c3e5cd509__PDFV2__CH_2009,62
425fe6b4b1a88b4c3e5cd509__PDFV2__CH_2010,93
425fe6b4b1a88b4c3e5cd509__PDFV2__CH_2013,73
425fe6b4b1a88b4c3e5cd509__PDFV2__CH_2014,76
425fe6b4b1a88b4c3e5cd509__PDFV2__CH_2015,54
425fe6b4b1a88b4c3e5cd509__PDFV2__CH_2016,57
425fe6b4b1a88b4c3e5cd509__PDFV2__CH_2017,96
425fe6b4b1a88b4c3e5cd509__PDFV2__CH_2018,38
425fe6b4b1a88b4c3e5cd509__PDFV2__CH_2021,78
425fe6b4b1a88b4c3e5cd509__PDFV2__CH_2022,70
425fe6b4b1a88b4c3e5cd509__PDFV2__CH_2023,61
425fe6b4b1a88b4c3e5cd509__PDFV2__CH_2024,87
425fe6b4b1a88b4c3e5cd509__PDFV2__CH_2025,116
425fe6b4b1a88b4c3e5cd509__PDFV2__CH_2026,126
425fe6b4b1a88b4c3e5cd509__PDFV2__CH_2028,74
425fe6b4b1a88b4c3e5cd509__PDFV2__CH_2029,46
425fe6b4b1a88b4c3e5cd509__PDFV2__CH_2030,44
425fe6b4b1a88b4c3e5cd509__PDFV2__CH_2031,47
425fe6b4b1a88b4c3e5cd509__PDFV2__CH_2032,71
425fe6b4b1a88b4c3e5cd509__PDFV2__CH_2033,70
425fe6b4b1a88b4c3e5cd509__PDFV2__CH_2034,58
425fe6b4b1a88b4c3e5cd509__PDFV2__CH_2035,58
425fe6b4b1a88b4c3e5cd509__PDFV2__CH_2037,45
425fe6b4b1a88b4c3e5cd509__PDFV2__CH_2038,78
425fe6b4b1a88b4c3e5cd509__PDFV2__CH_2040__M,90
425fe6b4b1a88b4c3e5cd509__PDFV2__CH_2043__M,78
425fe6b4b1a88b4c3e5cd509__PDFV2__CH_2048,45
425fe6b4b1a88b4c3e5cd509__PDFV2__CH_2049,79
425fe6b4b1a88b4c3e5cd509__PDFV2__CH_2050,59
425fe6b4b1a88b4c3e5cd509__PDFV2__CH_2051,69
425fe6b4b1a88b4c3e5cd509__PDFV2__CH_2052,84
425fe6b4b1a88b4c3e5cd509__PDFV2__CH_2053,68
425fe6b4b1a88b4c3e5cd509__PDFV2__CH_2054,86
425fe6b4b1a88b4c3e5cd509__PDFV2__CH_2055,80
425fe6b4b1a88b4c3e5cd509__PDFV2__CH_2056,45
425fe6b4b1a88b4c3e5cd509__PDFV2__CH_2057,48
425fe6b4b1a88b4c3e5cd509__PDFV2__CH_2058,36
425fe6b4b1a88b4c3e5cd509__PDFV2__CH_2059__M,80
425fe6b4b1a88b4c3e5cd509__PDFV2__CH_2062__M,86
425fe6b4b1a88b4c3e5cd509__PDFV2__CH_2064,61
425fe6b4b1a88b4c3e5cd509__PDFV2__CH_2075,66
425fe6b4b1a88b4c3e5cd509__PDFV2__CH_2076,46
425fe6b4b1a88b4c3e5cd509__PDFV2__CH_2080,88
425fe6b4b1a88b4c3e5cd509__PDFV2__CH_2081__M,136
425fe6b4b1a88b4c3e5cd509__PDFV2__CH_2083,66
425fe6b4b1a88b4c3e5cd509__PDFV2__CH_2084,59
425fe6b4b1a88b4c3e5cd509__PDFV2__CH_2085,64
425fe6b4b1a88b4c3e5cd509__PDFV2__CH_2086,84
425fe6b4b1a88b4c3e5cd509__PDFV2__CH_2087,50
425fe6b4b1a88b4c3e5cd509__PDFV2__CH_2088__M,85
425fe6b4b1a88b4c3e5cd509__PDFV2__CH_2093__M,109
425fe6b4b1a88b4c3e5cd509__PDFV2__CH_2099__M,77
425fe6b4b1a88b4c3e5cd509__PDFV2__CH_2104__M,127
425fe6b4b1a88b4c3e5cd509__PDFV2__CH_2108__M,115
425fe6b4b1a88b4c3e5cd509__PDFV2__CH_2110__M,72
425fe6b4b1a88b4c3e5cd509__PDFV2__CH_2114__M,68
425fe6b4b1a88b4c3e5cd509__PDFV2__CH_2116__M,102
425fe6b4b1a88b4c3e5cd509__PDFV2__CH_2118,62
425fe6b4b1a88b4c3e5cd509__PDFV2__CH_2119__M,82
425fe6b4b1a88b4c3e5cd509__PDFV2__CH_2121,132
425fe6b4b1a88b4c3e5cd509__PDFV2__CH_2122,108
425fe6b4b1a88b4c3e5cd509__PDFV2__CH_2123,111
425fe6b4b1a88b4c3e5cd509__PDFV2__CH_2124,68
425fe6b4b1a88b4c3e5cd509__PDFV2__CH_2125,119
425fe6b4b1a88b4c3e5cd509__PDFV2__CH_2126,132
425fe6b4b1a88b4c3e5cd509__PDFV2__CH_2127,51
425fe6b4b1a88b4c3e5cd509__PDFV2__CH_2128,77
425fe6b4b1a88b4c3e5cd509__PDFV2__CH_2129,94
425fe6b4b1a88b4c3e5cd509__PDFV2__CH_2130,47
425fe6b4b1a88b4c3e5cd509__PDFV2__CH_2131,61
425fe6b4b1a88b4c3e5cd509__PDFV2__CH_2132,100
425fe6b4b1a88b4c3e5cd509__PDFV2__CH_2133,61
425fe6b4b1a88b4c3e5cd509__PDFV2__CH_2134,98
425fe6b4b1a88b4c3e5cd509__PDFV2__CH_2135,48
425fe6b4b1a88b4c3e5cd509__PDFV2__CH_2136,61
425fe6b4b1a88b4c3e5cd509__PDFV2__CH_2137,41
425fe6b4b1a88b4c3e5cd509__PDFV2__CH_2138__M,78
425fe6b4b1a88b4c3e5cd509__PDFV2__CH_2140,99
425fe6b4b1a88b4c3e5cd509__PDFV2__CH_2141,93
425fe6b4b1a88b4c3e5cd509__PDFV2__CH_2142,40
425fe6b4b1a88b4c3e5cd509__PDFV2__CH_2143,106
425fe6b4b1a88b4c3e5cd509__PDFV2__CH_2144,90
425fe6b4b1a88b4c3e5cd509__PDFV2__CH_2145,63
425fe6b4b1a88b4c3e5cd509__PDFV2__CH_2146,107
425fe6b4b1a88b4c3e5cd509__PDFV2__CH_2147,63
425fe6b4b1a88b4c3e5cd509__PDFV2__CH_2148,57
425fe6b4b1a88b4c3e5cd509__PDFV2__CH_2149,61
425fe6b4b1a88b4c3e5cd509__PDFV2__CH_2150,54
425fe6b4b1a88b4c3e5cd509__PDFV2__CH_2151,102
425fe6b4b1a88b4c3e5cd509__PDFV2__CH_2152,62
425fe6b4b1a88b4c3e5cd509__PDFV2__CH_2153,71
425fe6b4b1a88b4c3e5cd509__PDFV2__CH_2154,74
425fe6b4b1a88b4c3e5cd509__PDFV2__CH_2155,70
425fe6b4b1a88b4c3e5cd509__PDFV2__CH_2156,40
425fe6b4b1a88b4c3e5cd509__PDFV2__CH_2157,26
425fe6b4b1a88b4c3e5cd509__PDFV2__CH_2158,40
425fe6b4b1a88b4c3e5cd509__PDFV2__CH_2159,76
425fe6b4b1a88b4c3e5cd509__PDFV2__CH_2160,84
425fe6b4b1a88b4c3e5cd509__PDFV2__CH_2161,44
425fe6b4b1a88b4c3e5cd509__PDFV2__CH_2162,62
425fe6b4b1a88b4c3e5cd509__PDFV2__CH_2163,106
425fe6b4b1a88b4c3e5cd509__PDFV2__CH_2164,48
425fe6b4b1a88b4c3e5cd509__PDFV2__CH_2165,47
425fe6b4b1a88b4c3e5cd509__PDFV2__CH_2166,45
425fe6b4b1a88b4c3e5cd509__PDFV2__CH_2167,49
425fe6b4b1a88b4c3e5cd509__PDFV2__CH_2168,58
425fe6b4b1a88b4c3e5cd509__PDFV2__CH_2169,101
425fe6b4b1a88b4c3e5cd509__PDFV2__CH_2170,101
425fe6b4b1a88b4c3e5cd509__PDFV2__CH_2171,116
425fe6b4b1a88b4c3e5cd509__PDFV2__CH_2172,71
425fe6b4b1a88b4c3e5cd509__PDFV2__CH_2173,93
425fe6b4b1a88b4c3e5cd509__PDFV2__CH_2174,78
425fe6b4b1a88b4c3e5cd509__PDFV2__CH_2175,114
425fe6b4b1a88b4c3e5cd509__PDFV2__CH_2176,85
425fe6b4b1a88b4c3e5cd509__PDFV2__CH_2177,85
425fe6b4b1a88b4c3e5cd509__PDFV2__CH_2178,77
425fe6b4b1a88b4c3e5cd509__PDFV2__CH_2179,56
425fe6b4b1a88b4c3e5cd509__PDFV2__CH_2180,81
425fe6b4b1a88b4c3e5cd509__PDFV2__CH_2181,82
425fe6b4b1a88b4c3e5cd509__PDFV2__CH_2182,85
425fe6b4b1a88b4c3e5cd509__PDFV2__CH_2183,37
425fe6b4b1a88b4c3e5cd509__PDFV2__CH_2184,62
425fe6b4b1a88b4c3e5cd509__PDFV2__CH_2185__M,81
425fe6b4b1a88b4c3e5cd509__PDFV2__CH_2188,57
425fe6b4b1a88b4c3e5cd509__PDFV2__CH_2191__M,69
425fe6b4b1a88b4c3e5cd509__PDFV2__CH_2193,91
425fe6b4b1a88b4c3e5cd509__PDFV2__CH_2194,85
425fe6b4b1a88b4c3e5cd509__PDFV2__CH_2195,89
425fe6b4b1a88b4c3e5cd509__PDFV2__CH_2197__M,74
425fe6b4b1a88b4c3e5cd509__PDFV2__CH_2200__M,98
425fe6b4b1a88b4c3e5cd509__PDFV2__CH_2202__M,84
425fe6b4b1a88b4c3e5cd509__PDFV2__CH_2206,84
425fe6b4b1a88b4c3e5cd509__PDFV2__CH_2207__M,181
425fe6b4b1a88b4c3e5cd509__PDFV2__CH_2209,73
425fe6b4b1a88b4c3e5cd509__PDFV2__CH_2210,61
425fe6b4b1a88b4c3e5cd509__PDFV2__CH_2211,95
425fe6b4b1a88b4c3e5cd509__PDFV2__CH_2212__M,105
425fe6b4b1a88b4c3e5cd509__PDFV2__CH_2217__M,72
425fe6b4b1a88b4c3e5cd509__PDFV2__CH_2221__M,87
425fe6b4b1a88b4c3e5cd509__PDFV2__CH_2225__M,90
425fe6b4b1a88b4c3e5cd509__PDFV2__CH_2228,58
425fe6b4b1a88b4c3e5cd509__PDFV2__CH_2229__M,94
425fe6b4b1a88b4c3e5cd509__PDFV2__CH_2233__M,74
425fe6b4b1a88b4c3e5cd509__PDFV2__CH_2235,85
425fe6b4b1a88b4c3e5cd509__PDFV2__CH_2236,94
425fe6b4b1a88b4c3e5cd509__PDFV2__CH_2237,73
425fe6b4b1a88b4c3e5cd509__PDFV2__CH_2238,62
425fe6b4b1a88b4c3e5cd509__PDFV2__CH_2239,58
425fe6b4b1a88b4c3e5cd509__PDFV2__CH_2240__M,52
425fe6b4b1a88b4c3e5cd509__PDFV2__CH_2242,40
425fe6b4b1a88b4c3e5cd509__PDFV2__CH_2243,80
425fe6b4b1a88b4c3e5cd509__PDFV2__CH_2244,76
425fe6b4b1a88b4c3e5cd509__PDFV2__CH_2245,67
425fe6b4b1a88b4c3e5cd509__PDFV2__CH_2246,80
425fe6b4b1a88b4c3e5cd509__PDFV2__CH_2247,52
425fe6b4b1a88b4c3e5cd509__PDFV2__CH_2248,54
425fe6b4b1a88b4c3e5cd509__PDFV2__CH_2249,35
425fe6b4b1a88b4c3e5cd509__PDFV2__CH_2250,66
425fe6b4b1a88b4c3e5cd509__PDFV2__CH_2251,50
425fe6b4b1a88b4c3e5cd509__PDFV2__CH_2252,51
425fe6b4b1a88b4c3e5cd509__PDFV2__CH_2253,48
425fe6b4b1a88b4c3e5cd509__PDFV2__CH_2254,52
425fe6b4b1a88b4c3e5cd509__PDFV2__CH_2255,59
425fe6b4b1a88b4c3e5cd509__PDFV2__CH_2256,53
425fe6b4b1a88b4c3e5cd509__PDFV2__CH_2257,33
425fe6b4b1a88b4c3e5cd509__PDFV2__CH_2258,35
425fe6b4b1a88b4c3e5cd509__PDFV2__CH_2259,45
425fe6b4b1a88b4c3e5cd509__PDFV2__CH_2260,38
425fe6b4b1a88b4c3e5cd509__PDFV2__CH_2261__M,95
425fe6b4b1a88b4c3e5cd509__PDFV2__CH_2264__M,97
425fe6b4b1a88b4c3e5cd509__PDFV2__CH_2266__M,337
425fe6b4b1a88b4c3e5cd509__PDFV2__CH_2269__M,145
425fe6b4b1a88b4c3e5cd509__PDFV2__CH_2271,70
425fe6b4b1a88b4c3e5cd509__PDFV2__CH_2272,49
425fe6b4b1a88b4c3e5cd509__PDFV2__CH_2273__M,87
425fe6b4b1a88b4c3e5cd509__PDFV2__CH_2275,65
425fe6b4b1a88b4c3e5cd509__PDFV2__CH_2276,100
425fe6b4b1a88b4c3e5cd509__PDFV2__CH_2277__M,106
425fe6b4b1a88b4c3e5cd509__PDFV2__CH_2279,60
425fe6b4b1a88b4c3e5cd509__PDFV2__CH_2280,128
425fe6b4b1a88b4c3e5cd509__PDFV2__CH_2281,94
425fe6b4b1a88b4c3e5cd509__PDFV2__CH_2282,88
425fe6b4b1a88b4c3e5cd509__PDFV2__CH_2283,111
425fe6b4b1a88b4c3e5cd509__PDFV2__CH_2284,104
425fe6b4b1a88b4c3e5cd509__PDFV2__CH_2285,95
425fe6b4b1a88b4c3e5cd509__PDFV2__CH_2286,70
425fe6b4b1a88b4c3e5cd509__PDFV2__CH_2287,55
425fe6b4b1a88b4c3e5cd509__PDFV2__CH_2288,74
425fe6b4b1a88b4c3e5cd509__PDFV2__CH_2289,63
425fe6b4b1a88b4c3e5cd509__PDFV2__CH_2290,75
425fe6b4b1a88b4c3e5cd509__PDFV2__CH_2291,105
425fe6b4b1a88b4c3e5cd509__PDFV2__CH_2292,72
425fe6b4b1a88b4c3e5cd509__PDFV2__CH_2293__M,88
425fe6b4b1a88b4c3e5cd509__PDFV2__CH_2295,101
425fe6b4b1a88b4c3e5cd509__PDFV2__CH_2296,92
425fe6b4b1a88b4c3e5cd509__PDFV2__CH_2297,83
425fe6b4b1a88b4c3e5cd509__PDFV2__CH_2298,130
425fe6b4b1a88b4c3e5cd509__PDFV2__CH_2299,83
425fe6b4b1a88b4c3e5cd509__PDFV2__CH_2300,70
425fe6b4b1a88b4c3e5cd509__PDFV2__CH_2301,84
425fe6b4b1a88b4c3e5cd509__PDFV2__CH_2302,92
425fe6b4b1a88b4c3e5cd509__PDFV2__CH_2303,84
425fe6b4b1a88b4c3e5cd509__PDFV2__CH_2304,66
425fe6b4b1a88b4c3e5cd509__PDFV2__CH_2305,81
425fe6b4b1a88b4c3e5cd509__PDFV2__CH_2306,89
425fe6b4b1a88b4c3e5cd509__PDFV2__CH_2307,57
425fe6b4b1a88b4c3e5cd509__PDFV2__CH_2308,70
425fe6b4b1a88b4c3e5cd509__PDFV2__CH_2309,132
425fe6b4b1a88b4c3e5cd509__PDFV2__CH_2310,92
425fe6b4b1a88b4c3e5cd509__PDFV2__CH_2311__M,108
425fe6b4b1a88b4c3e5cd509__PDFV2__CH_2313,54
425fe6b4b1a88b4c3e5cd509__PDFV2__CH_2314__M,118
425fe6b4b1a88b4c3e5cd509__PDFV2__CH_2316,109
425fe6b4b1a88b4c3e5cd509__PDFV2__CH_2317,93
425fe6b4b1a88b4c3e5cd509__PDFV2__CH_2318,119
425fe6b4b1a88b4c3e5cd509__PDFV2__CH_2319,99
425fe6b4b1a88b4c3e5cd509__PDFV2__CH_2320,68
425fe6b4b1a88b4c3e5cd509__PDFV2__CH_2321,69
425fe6b4b1a88b4c3e5cd509__PDFV2__CH_2322,93
425fe6b4b1a88b4c3e5cd509__PDFV2__CH_2323,105
425fe6b4b1a88b4c3e5cd509__PDFV2__CH_2324,72
425fe6b4b1a88b4c3e5cd509__PDFV2__CH_2325,43
425fe6b4b1a88b4c3e5cd509__PDFV2__CH_2326,30
425fe6b4b1a88b4c3e5cd509__PDFV2__CH_2327,103
425fe6b4b1a88b4c3e5cd509__PDFV2__CH_2328,100
425fe6b4b1a88b4c3e5cd509__PDFV2__CH_2329,77
425fe6b4b1a88b4c3e5cd509__PDFV2__CH_2330,65
425fe6b4b1a88b4c3e5cd509__PDFV2__CH_2331,89
425fe6b4b1a88b4c3e5cd509__PDFV2__CH_2332,98
425fe6b4b1a88b4c3e5cd509__PDFV2__CH_2333,113
425fe6b4b1a88b4c3e5cd509__PDFV2__CH_2334,101
425fe6b4b1a88b4c3e5cd509__PDFV2__CH_2335,55
425fe6b4b1a88b4c3e5cd509__PDFV2__CH_2336,63
425fe6b4b1a88b4c3e5cd509__PDFV2__CH_2337,38
425fe6b4b1a88b4c3e5cd509__PDFV2__CH_2338__M,94
425fe6b4b1a88b4c3e5cd509__PDFV2__CH_2340,57
425fe6b4b1a88b4c3e5cd509__PDFV2__CH_2342,59
425fe6b4b1a88b4c3e5cd509__PDFV2__CH_2344__M,85
425fe6b4b1a88b4c3e5cd509__PDFV2__CH_2347,85
425fe6b4b1a88b4c3e5cd509__PDFV2__CH_2348,65
425fe6b4b1a88b4c3e5cd509__PDFV2__CH_2374,51
425fe6b4b1a88b4c3e5cd509__PDFV2__CH_2378__M,61
425fe6b4b1a88b4c3e5cd509__PDFV2__CH_2380,93
425fe6b4b1a88b4c3e5cd509__PDFV2__CH_2381,72
425fe6b4b1a88b4c3e5cd509__PDFV2__CH_2382,97
425fe6b4b1a88b4c3e5cd509__PDFV2__CH_2383,88
425fe6b4b1a88b4c3e5cd509__PDFV2__CH_2384,73
425fe6b4b1a88b4c3e5cd509__PDFV2__CH_2385,81
425fe6b4b1a88b4c3e5cd509__PDFV2__CH_2388,61
425fe6b4b1a88b4c3e5cd509__PDFV2__CH_2389,87
425fe6b4b1a88b4c3e5cd509__PDFV2__CH_2390,77
425fe6b4b1a88b4c3e5cd509__PDFV2__CH_2391,58
425fe6b4b1a88b4c3e5cd509__PDFV2__CH_2392,61
425fe6b4b1a88b4c3e5cd509__PDFV2__CH_2393,43
425fe6b4b1a88b4c3e5cd509__PDFV2__CH_2394,69
425fe6b4b1a88b4c3e5cd509__PDFV2__CH_2395,32
425fe6b4b1a88b4c3e5cd509__PDFV2__CH_2396,63
425fe6b4b1a88b4c3e5cd509__PDFV2__CH_2397,36
425fe6b4b1a88b4c3e5cd509__PDFV2__CH_2398__M,111
425fe6b4b1a88b4c3e5cd509__PDFV2__CH_2401,65
425fe6b4b1a88b4c3e5cd509__PDFV2__CH_2402,60
425fe6b4b1a88b4c3e5cd509__PDFV2__CH_2403,39
425fe6b4b1a88b4c3e5cd509__PDFV2__CH_2404,49
425fe6b4b1a88b4c3e5cd509__PDFV2__CH_2405,84
425fe6b4b1a88b4c3e5cd509__PDFV2__CH_2406,115
425fe6b4b1a88b4c3e5cd509__PDFV2__CH_2407,72
425fe6b4b1a88b4c3e5cd509__PDFV2__CH_2408,79
425fe6b4b1a88b4c3e5cd509__PDFV2__CH_2409,46
425fe6b4b1a88b4c3e5cd509__PDFV2__CH_2410,55
425fe6b4b1a88b4c3e5cd509__PDFV2__CH_2411__M,125
425fe6b4b1a88b4c3e5cd509__PDFV2__CH_2413__M,79
425fe6b4b1a88b4c3e5cd509__PDFV2__CH_2415,111
425fe6b4b1a88b4c3e5cd509__PDFV2__CH_2416,104
425fe6b4b1a88b4c3e5cd509__PDFV2__CH_2417,62
425fe6b4b1a88b4c3e5cd509__PDFV2__CH_2418__M,98
425fe6b4b1a88b4c3e5cd509__PDFV2__CH_2420,88
425fe6b4b1a88b4c3e5cd509__PDFV2__CH_2421,56
425fe6b4b1a88b4c3e5cd509__PDFV2__CH_2422,76
425fe6b4b1a88b4c3e5cd509__PDFV2__CH_2423,90
425fe6b4b1a88b4c3e5cd509__PDFV2__CH_2424,103
425fe6b4b1a88b4c3e5cd509__PDFV2__CH_2425,63
425fe6b4b1a88b4c3e5cd509__PDFV2__CH_2426__M,128
425fe6b4b1a88b4c3e5cd509__PDFV2__CH_2428,64
425fe6b4b1a88b4c3e5cd509__PDFV2__CH_2429,69
425fe6b4b1a88b4c3e5cd509__PDFV2__CH_2430,42
425fe6b4b1a88b4c3e5cd509__PDFV2__CH_2431,68
425fe6b4b1a88b4c3e5cd509__PDFV2__CH_2432,91
425fe6b4b1a88b4c3e5cd509__PDFV2__CH_2433,106
425fe6b4b1a88b4c3e5cd509__PDFV2__CH_2434,82
425fe6b4b1a88b4c3e5cd509__PDFV2__CH_2435,66
425fe6b4b1a88b4c3e5cd509__PDFV2__CH_2436,65
425fe6b4b1a88b4c3e5cd509__PDFV2__CH_2437__M,98
425fe6b4b1a88b4c3e5cd509__PDFV2__CH_2439,92
425fe6b4b1a88b4c3e5cd509__PDFV2__CH_2440,76
425fe6b4b1a88b4c3e5cd509__PDFV2__CH_2441__M,95
425fe6b4b1a88b4c3e5cd509__PDFV2__CH_2443,99
425fe6b4b1a88b4c3e5cd509__PDFV2__CH_2444,89
425fe6b4b1a88b4c3e5cd509__PDFV2__CH_2445,93
425fe6b4b1a88b4c3e5cd509__PDFV2__CH_2446,94
425fe6b4b1a88b4c3e5cd509__PDFV2__CH_2447,105
425fe6b4b1a88b4c3e5cd509__PDFV2__CH_2448,106
425fe6b4b1a88b4c3e5cd509__PDFV2__CH_2449,102
425fe6b4b1a88b4c3e5cd509__PDFV2__CH_2450,71
425fe6b4b1a88b4c3e5cd509__PDFV2__CH_2451,84
425fe6b4b1a88b4c3e5cd509__PDFV2__CH_2452,95
425fe6b4b1a88b4c3e5cd509__PDFV2__CH_2453,51
425fe6b4b1a88b4c3e5cd509__PDFV2__CH_2454__M,131
425fe6b4b1a88b4c3e5cd509__PDFV2__CH_2456,98
425fe6b4b1a88b4c3e5cd509__PDFV2__CH_2457,72
425fe6b4b1a88b4c3e5cd509__PDFV2__CH_2458,84
425fe6b4b1a88b4c3e5cd509__PDFV2__CH_2459,72
425fe6b4b1a88b4c3e5cd509__PDFV2__CH_2460,79
425fe6b4b1a88b4c3e5cd509__PDFV2__CH_2461,101
425fe6b4b1a88b4c3e5cd509__PDFV2__CH_2462,97
425fe6b4b1a88b4c3e5cd509__PDFV2__CH_2463,83
425fe6b4b1a88b4c3e5cd509__PDFV2__CH_2464,94
425fe6b4b1a88b4c3e5cd509__PDFV2__CH_2465,92
425fe6b4b1a88b4c3e5cd509__PDFV2__CH_2466,80
425fe6b4b1a88b4c3e5cd509__PDFV2__CH_2467,119
425fe6b4b1a88b4c3e5cd509__PDFV2__CH_2468,71
425fe6b4b1a88b4c3e5cd509__PDFV2__CH_2469,115
425fe6b4b1a88b4c3e5cd509__PDFV2__CH_2470,96
425fe6b4b1a88b4c3e5cd509__PDFV2__CH_2471,129
425fe6b4b1a88b4c3e5cd509__PDFV2__CH_2472,129
425fe6b4b1a88b4c3e5cd509__PDFV2__CH_2473,88
425fe6b4b1a88b4c3e5cd509__PDFV2__CH_2474,54
425fe6b4b1a88b4c3e5cd509__PDFV2__CH_2475,65
425fe6b4b1a88b4c3e5cd509__PDFV2__CH_2476,67
425fe6b4b1a88b4c3e5cd509__PDFV2__CH_2477,109
425fe6b4b1a88b4c3e5cd509__PDFV2__CH_2478,84
425fe6b4b1a88b4c3e5cd509__PDFV2__CH_2479,107
425fe6b4b1a88b4c3e5cd509__PDFV2__CH_2480,83
425fe6b4b1a88b4c3e5cd509__PDFV2__CH_2481,111
425fe6b4b1a88b4c3e5cd509__PDFV2__CH_2482,41
425fe6b4b1a88b4c3e5cd509__PDFV2__CH_2483,77
425fe6b4b1a88b4c3e5cd509__PDFV2__CH_2484,34
425fe6b4b1a88b4c3e5cd509__PDFV2__CH_2485,56
425fe6b4b1a88b4c3e5cd509__PDFV2__CH_2486,82
425fe6b4b1a88b4c3e5cd509__PDFV2__CH_2487,32
425fe6b4b1a88b4c3e5cd509__PDFV2__CH_2488,54
425fe6b4b1a88b4c3e5cd509__PDFV2__CH_2489,69
425fe6b4b1a88b4c3e5cd509__PDFV2__CH_2490,59
425fe6b4b1a88b4c3e5cd509__PDFV2__CH_2491,74
425fe6b4b1a88b4c3e5cd509__PDFV2__CH_2492,48
425fe6b4b1a88b4c3e5cd509__PDFV2__CH_2493,55
425fe6b4b1a88b4c3e5cd509__PDFV2__CH_2494,54
425fe6b4b1a88b4c3e5cd509__PDFV2__CH_2495,72
425fe6b4b1a88b4c3e5cd509__PDFV2__CH_2496,106
425fe6b4b1a88b4c3e5cd509__PDFV2__CH_2497,58
425fe6b4b1a88b4c3e5cd509__PDFV2__CH_2498,89
425fe6b4b1a88b4c3e5cd509__PDFV2__CH_2499,81
425fe6b4b1a88b4c3e5cd509__PDFV2__CH_2500,125
425fe6b4b1a88b4c3e5cd509__PDFV2__CH_2501,75
425fe6b4b1a88b4c3e5cd509__PDFV2__CH_2502,68
425fe6b4b1a88b4c3e5cd509__PDFV2__CH_2503,123
425fe6b4b1a88b4c3e5cd509__PDFV2__CH_2504,88
425fe6b4b1a88b4c3e5cd509__PDFV2__CH_2505,28
425fe6b4b1a88b4c3e5cd509__PDFV2__CH_2506,69
425fe6b4b1a88b4c3e5cd509__PDFV2__CH_2507,49
425fe6b4b1a88b4c3e5cd509__PDFV2__CH_2508,70
425fe6b4b1a88b4c3e5cd509__PDFV2__CH_2509,84
425fe6b4b1a88b4c3e5cd509__PDFV2__CH_2510,80
425fe6b4b1a88b4c3e5cd509__PDFV2__CH_2511,39
425fe6b4b1a88b4c3e5cd509__PDFV2__CH_2512,71
425fe6b4b1a88b4c3e5cd509__PDFV2__CH_2513,66
425fe6b4b1a88b4c3e5cd509__PDFV2__CH_2514,101
425fe6b4b1a88b4c3e5cd509__PDFV2__CH_2515,88
425fe6b4b1a88b4c3e5cd509__PDFV2__CH_2516,83
425fe6b4b1a88b4c3e5cd509__PDFV2__CH_2517,46
425fe6b4b1a88b4c3e5cd509__PDFV2__CH_2518,91
425fe6b4b1a88b4c3e5cd509__PDFV2__CH_2519,84
425fe6b4b1a88b4c3e5cd509__PDFV2__CH_2520,80
425fe6b4b1a88b4c3e5cd509__PDFV2__CH_2521,69
425fe6b4b1a88b4c3e5cd509__PDFV2__CH_2522,41
425fe6b4b1a88b4c3e5cd509__PDFV2__CH_2523,39
425fe6b4b1a88b4c3e5cd509__PDFV2__CH_2524,56
425fe6b4b1a88b4c3e5cd509__PDFV2__CH_2527,56
425fe6b4b1a88b4c3e5cd509__PDFV2__CH_2529,64
425fe6b4b1a88b4c3e5cd509__PDFV2__CH_2530,44
425fe6b4b1a88b4c3e5cd509__PDFV2__CH_2531,83
425fe6b4b1a88b4c3e5cd509__PDFV2__CH_2534,71
425fe6b4b1a88b4c3e5cd509__PDFV2__CH_2535__M,90
425fe6b4b1a88b4c3e5cd509__PDFV2__CH_2537,49
425fe6b4b1a88b4c3e5cd509__PDFV2__CH_2538,77
425fe6b4b1a88b4c3e5cd509__PDFV2__CH_2539,130
425fe6b4b1a88b4c3e5cd509__PDFV2__CH_2540,47
425fe6b4b1a88b4c3e5cd509__PDFV2__CH_2541,72
425fe6b4b1a88b4c3e5cd509__PDFV2__CH_2542,54
425fe6b4b1a88b4c3e5cd509__PDFV2__CH_2543,74
425fe6b4b1a88b4c3e5cd509__PDFV2__CH_2544,66
425fe6b4b1a88b4c3e5cd509__PDFV2__CH_2545,97
425fe6b4b1a88b4c3e5cd509__PDFV2__CH_2547,42
425fe6b4b1a88b4c3e5cd509__PDFV2__CH_2548,55
425fe6b4b1a88b4c3e5cd509__PDFV2__CH_2550,64
425fe6b4b1a88b4c3e5cd509__PDFV2__CH_2551,86
425fe6b4b1a88b4c3e5cd509__PDFV2__CH_2552,69
425fe6b4b1a88b4c3e5cd509__PDFV2__CH_2553,69
425fe6b4b1a88b4c3e5cd509__PDFV2__CH_2554,64
425fe6b4b1a88b4c3e5cd509__PDFV2__CH_2555,50
425fe6b4b1a88b4c3e5cd509__PDFV2__CH_2556,89
425fe6b4b1a88b4c3e5cd509__PDFV2__CH_2557,71
425fe6b4b1a88b4c3e5cd509__PDFV2__CH_2558,92
425fe6b4b1a88b4c3e5cd509__PDFV2__CH_2559,51
425fe6b4b1a88b4c3e5cd509__PDFV2__CH_2560,52
425fe6b4b1a88b4c3e5cd509__PDFV2__CH_2561,51
425fe6b4b1a88b4c3e5cd509__PDFV2__CH_2562,86
425fe6b4b1a88b4c3e5cd509__PDFV2__CH_2563,44
425fe6b4b1a88b4c3e5cd509__PDFV2__CH_2564,48
425fe6b4b1a88b4c3e5cd509__PDFV2__CH_2565,73
425fe6b4b1a88b4c3e5cd509__PDFV2__CH_2566,38
425fe6b4b1a88b4c3e5cd509__PDFV2__CH_2567,54
425fe6b4b1a88b4c3e5cd509__PDFV2__CH_2569,69
42814ceab35456a92f3ab9bd__42814ceab35456a92f3ab9bd__SEG_0001__CH_001,107
42814ceab35456a92f3ab9bd__42814ceab35456a92f3ab9bd__SEG_0001__CH_002,78
429a3de6d646c9e16662b532__PDFV2__CH_0001,81
429a3de6d646c9e16662b532__PDFV2__CH_0002,106
429a3de6d646c9e16662b532__PDFV2__CH_0003,72
429a3de6d646c9e16662b532__PDFV2__CH_0004,105
429a3de6d646c9e16662b532__PDFV2__CH_0005,66
429a3de6d646c9e16662b532__PDFV2__CH_0006,93
429a3de6d646c9e16662b532__PDFV2__CH_0007,100
429a3de6d646c9e16662b532__PDFV2__CH_0008,114
42aa38c601f78f1a59f5772c__PDFV2__CH_0002,146
42aa38c601f78f1a59f5772c__PDFV2__CH_0003,124
42aa38c601f78f1a59f5772c__PDFV2__CH_0004,65
42aa38c601f78f1a59f5772c__PDFV2__CH_0005,75
42da0c41bce652676bd5cb53__42da0c41bce652676bd5cb53__SEG_0001__CH_001,137
42da0c41bce652676bd5cb53__42da0c41bce652676bd5cb53__SEG_0001__CH_002,122
42da0c41bce652676bd5cb53__42da0c41bce652676bd5cb53__SEG_0001__CH_003,99
42e7b3315fefc3fb3d32e31a__PDFV2__CH_0001,83
42e7b3315fefc3fb3d32e31a__PDFV2__CH_0002,92
42e7b3315fefc3fb3d32e31a__PDFV2__CH_0003,94
42e7b3315fefc3fb3d32e31a__PDFV2__CH_0004,65
42e7b3315fefc3fb3d32e31a__PDFV2__CH_0005,121
42e7b3315fefc3fb3d32e31a__PDFV2__CH_0006,87
42e7b3315fefc3fb3d32e31a__PDFV2__CH_0007,104
42e7b3315fefc3fb3d32e31a__PDFV2__CH_0008,52
42e7b3315fefc3fb3d32e31a__PDFV2__CH_0009,101
42e7b3315fefc3fb3d32e31a__PDFV2__CH_0010,82
42e7b3315fefc3fb3d32e31a__PDFV2__CH_0011,59
42e7b3315fefc3fb3d32e31a__PDFV2__CH_0012,86
42e7b3315fefc3fb3d32e31a__PDFV2__CH_0013,57
42e7b3315fefc3fb3d32e31a__PDFV2__CH_0014,88
42e7b3315fefc3fb3d32e31a__PDFV2__CH_0015,74
42e7b3315fefc3fb3d32e31a__PDFV2__CH_0016,104
42e7b3315fefc3fb3d32e31a__PDFV2__CH_0018,113
42e7b3315fefc3fb3d32e31a__PDFV2__CH_0019,62
42e7b3315fefc3fb3d32e31a__PDFV2__CH_0020,71
42e7b3315fefc3fb3d32e31a__PDFV2__CH_0021,116
42e7b3315fefc3fb3d32e31a__PDFV2__CH_0022,94
42e7b3315fefc3fb3d32e31a__PDFV2__CH_0023,53
42e7b3315fefc3fb3d32e31a__PDFV2__CH_0024,145
42e7b3315fefc3fb3d32e31a__PDFV2__CH_0025,141
42e7b3315fefc3fb3d32e31a__PDFV2__CH_0026,109
42e7b3315fefc3fb3d32e31a__PDFV2__CH_0027,142
42e7b3315fefc3fb3d32e31a__PDFV2__CH_0028,76
4303ab0619aeddcf42e13479__PDFV2__CH_0001,68
4303ab0619aeddcf42e13479__PDFV2__CH_0002,101
4303ab0619aeddcf42e13479__PDFV2__CH_0003__M,114
4303ab0619aeddcf42e13479__PDFV2__CH_0005,61
4303ab0619aeddcf42e13479__PDFV2__CH_0006,109
4303ab0619aeddcf42e13479__PDFV2__CH_0007,78
4303ab0619aeddcf42e13479__PDFV2__CH_0008,105
4303ab0619aeddcf42e13479__PDFV2__CH_0010__M,117
4303ab0619aeddcf42e13479__PDFV2__CH_0012,93
4303ab0619aeddcf42e13479__PDFV2__CH_0013,90
4303ab0619aeddcf42e13479__PDFV2__CH_0014,107
4303ab0619aeddcf42e13479__PDFV2__CH_0015,83
4303ab0619aeddcf42e13479__PDFV2__CH_0016,70
4303ab0619aeddcf42e13479__PDFV2__CH_0017,82
4303ab0619aeddcf42e13479__PDFV2__CH_0018,82
4303ab0619aeddcf42e13479__PDFV2__CH_0019,83
4303ab0619aeddcf42e13479__PDFV2__CH_0020,116
4419c3d916f9e92686517b73__PDFV2__CH_0005,80
4419c3d916f9e92686517b73__PDFV2__CH_0007,74
4419c3d916f9e92686517b73__PDFV2__CH_0008,52
4419c3d916f9e92686517b73__PDFV2__CH_0009,64
4419c3d916f9e92686517b73__PDFV2__CH_0010__M,101
4419c3d916f9e92686517b73__PDFV2__CH_0012,119
4419c3d916f9e92686517b73__PDFV2__CH_0013,114
4419c3d916f9e92686517b73__PDFV2__CH_0014,155
4419c3d916f9e92686517b73__PDFV2__CH_0015,63
4419c3d916f9e92686517b73__PDFV2__CH_0016,89
4419c3d916f9e92686517b73__PDFV2__CH_0018,109
4419c3d916f9e92686517b73__PDFV2__CH_0019,61
4419c3d916f9e92686517b73__PDFV2__CH_0022,96
4419c3d916f9e92686517b73__PDFV2__CH_0023,62
4419c3d916f9e92686517b73__PDFV2__CH_0027,76
4419c3d916f9e92686517b73__PDFV2__CH_0031,75
4419c3d916f9e92686517b73__PDFV2__CH_0032,52
4419c3d916f9e92686517b73__PDFV2__CH_0033,102
4419c3d916f9e92686517b73__PDFV2__CH_0034,86
4419c3d916f9e92686517b73__PDFV2__CH_0036,81
4419c3d916f9e92686517b73__PDFV2__CH_0038,93
4419c3d916f9e92686517b73__PDFV2__CH_0039,58
4419c3d916f9e92686517b73__PDFV2__CH_0040,80
4419c3d916f9e92686517b73__PDFV2__CH_0043,150
4419c3d916f9e92686517b73__PDFV2__CH_0044,110
4419c3d916f9e92686517b73__PDFV2__CH_0046,71
4419c3d916f9e92686517b73__PDFV2__CH_0047,84
4419c3d916f9e92686517b73__PDFV2__CH_0048,81
4419c3d916f9e92686517b73__PDFV2__CH_0049,77
4419c3d916f9e92686517b73__PDFV2__CH_0051,136
4419c3d916f9e92686517b73__PDFV2__CH_0052,114
4419c3d916f9e92686517b73__PDFV2__CH_0053,97
4419c3d916f9e92686517b73__PDFV2__CH_0056,125
4419c3d916f9e92686517b73__PDFV2__CH_0057,159
4419c3d916f9e92686517b73__PDFV2__CH_0058,114
4419c3d916f9e92686517b73__PDFV2__CH_0060__M,62
4419c3d916f9e92686517b73__PDFV2__CH_0062,41
4419c3d916f9e92686517b73__PDFV2__CH_0063,65
4419c3d916f9e92686517b73__PDFV2__CH_0064,71
4419c3d916f9e92686517b73__PDFV2__CH_0065,88
4419c3d916f9e92686517b73__PDFV2__CH_0066,87
4419c3d916f9e92686517b73__PDFV2__CH_0069__M,89
4419c3d916f9e92686517b73__PDFV2__CH_0074,94
4419c3d916f9e92686517b73__PDFV2__CH_0075,88
4419c3d916f9e92686517b73__PDFV2__CH_0076,78
4419c3d916f9e92686517b73__PDFV2__CH_0077,45
4419c3d916f9e92686517b73__PDFV2__CH_0078,74
4419c3d916f9e92686517b73__PDFV2__CH_0080,74
4419c3d916f9e92686517b73__PDFV2__CH_0082,81
4419c3d916f9e92686517b73__PDFV2__CH_0083,70
4419c3d916f9e92686517b73__PDFV2__CH_0084,56
4419c3d916f9e92686517b73__PDFV2__CH_0086,44
4419c3d916f9e92686517b73__PDFV2__CH_0087,107
4419c3d916f9e92686517b73__PDFV2__CH_0089,88
4419c3d916f9e92686517b73__PDFV2__CH_0090,53
4419c3d916f9e92686517b73__PDFV2__CH_0092,45
4419c3d916f9e92686517b73__PDFV2__CH_0093,102
4419c3d916f9e92686517b73__PDFV2__CH_0094,94
4419c3d916f9e92686517b73__PDFV2__CH_0096,92
4419c3d916f9e92686517b73__PDFV2__CH_0097,76
4419c3d916f9e92686517b73__PDFV2__CH_0098,105
4419c3d916f9e92686517b73__PDFV2__CH_0099,101
4419c3d916f9e92686517b73__PDFV2__CH_0100,92
4419c3d916f9e92686517b73__PDFV2__CH_0101,82
4419c3d916f9e92686517b73__PDFV2__CH_0102,79
4419c3d916f9e92686517b73__PDFV2__CH_0103,79
4419c3d916f9e92686517b73__PDFV2__CH_0104,54
4419c3d916f9e92686517b73__PDFV2__CH_0106,75
4419c3d916f9e92686517b73__PDFV2__CH_0107,106
4419c3d916f9e92686517b73__PDFV2__CH_0109,85
4466267dbcf0f666d6675357__4466267dbcf0f666d6675357__SEG_0001__CH_001,103
447639e6a1dfe52e2c7f1471__447639e6a1dfe52e2c7f1471__SEG_0001__CH_001,86
44e3cadc54adc8ae735a6b45__44e3cadc54adc8ae735a6b45__SEG_0001__CH_001,94
453359ff0d94e47829ecb49c__453359ff0d94e47829ecb49c__SEG_0001__CH_001,69
453359ff0d94e47829ecb49c__453359ff0d94e47829ecb49c__SEG_0001__CH_002,131
453359ff0d94e47829ecb49c__453359ff0d94e47829ecb49c__SEG_0001__CH_003,109
453359ff0d94e47829ecb49c__453359ff0d94e47829ecb49c__SEG_0002__CH_001,111
45a863bdaace991b75bd0297__45a863bdaace991b75bd0297__SEG_0001__CH_001,106
45a863bdaace991b75bd0297__45a863bdaace991b75bd0297__SEG_0001__CH_002,109
45a863bdaace991b75bd0297__45a863bdaace991b75bd0297__SEG_0001__CH_003,171
45c3d50f72ef4b9ef1eaa82d__45c3d50f72ef4b9ef1eaa82d__SEG_0001__CH_001,35
45c3d50f72ef4b9ef1eaa82d__45c3d50f72ef4b9ef1eaa82d__SEG_0001__CH_002,112
45c3d50f72ef4b9ef1eaa82d__45c3d50f72ef4b9ef1eaa82d__SEG_0001__CH_003,91
45c3d50f72ef4b9ef1eaa82d__45c3d50f72ef4b9ef1eaa82d__SEG_0001__CH_004,89
45c3d50f72ef4b9ef1eaa82d__45c3d50f72ef4b9ef1eaa82d__SEG_0001__CH_005,65
45c3d50f72ef4b9ef1eaa82d__45c3d50f72ef4b9ef1eaa82d__SEG_0001__CH_006,65
45c3d50f72ef4b9ef1eaa82d__45c3d50f72ef4b9ef1eaa82d__SEG_0001__CH_007,69
45c3d50f72ef4b9ef1eaa82d__45c3d50f72ef4b9ef1eaa82d__SEG_0001__CH_008,80
45c3d50f72ef4b9ef1eaa82d__45c3d50f72ef4b9ef1eaa82d__SEG_0001__CH_009,92
45c3d50f72ef4b9ef1eaa82d__45c3d50f72ef4b9ef1eaa82d__SEG_0001__CH_010,83
45c3d50f72ef4b9ef1eaa82d__45c3d50f72ef4b9ef1eaa82d__SEG_0002__CH_001,80
45c3d50f72ef4b9ef1eaa82d__45c3d50f72ef4b9ef1eaa82d__SEG_0002__CH_002,84
45c3d50f72ef4b9ef1eaa82d__45c3d50f72ef4b9ef1eaa82d__SEG_0002__CH_003,77
464c5e03c848dae723e52ac0__464c5e03c848dae723e52ac0__SEG_0001__CH_001,58
464c5e03c848dae723e52ac0__464c5e03c848dae723e52ac0__SEG_0001__CH_002,50
46d9e0aec3fef309917bfed1__46d9e0aec3fef309917bfed1__SEG_0001__CH_003,63
47058ca2f6bac67b2fe420c5__PDFV2__CH_0001,86
47058ca2f6bac67b2fe420c5__PDFV2__CH_0002,107
47058ca2f6bac67b2fe420c5__PDFV2__CH_0003,75
47058ca2f6bac67b2fe420c5__PDFV2__CH_0004,114
47058ca2f6bac67b2fe420c5__PDFV2__CH_0005,97
47058ca2f6bac67b2fe420c5__PDFV2__CH_0007,92
47058ca2f6bac67b2fe420c5__PDFV2__CH_0008,85
47058ca2f6bac67b2fe420c5__PDFV2__CH_0009,82
47058ca2f6bac67b2fe420c5__PDFV2__CH_0010,139
47058ca2f6bac67b2fe420c5__PDFV2__CH_0011,91
47058ca2f6bac67b2fe420c5__PDFV2__CH_0012__M,93
47058ca2f6bac67b2fe420c5__PDFV2__CH_0014,123
47058ca2f6bac67b2fe420c5__PDFV2__CH_0015,103
47058ca2f6bac67b2fe420c5__PDFV2__CH_0016,96
47058ca2f6bac67b2fe420c5__PDFV2__CH_0017,82
47058ca2f6bac67b2fe420c5__PDFV2__CH_0018,55
47058ca2f6bac67b2fe420c5__PDFV2__CH_0019,56
47058ca2f6bac67b2fe420c5__PDFV2__CH_0020,57
47058ca2f6bac67b2fe420c5__PDFV2__CH_0021,95
47058ca2f6bac67b2fe420c5__PDFV2__CH_0022,45
47058ca2f6bac67b2fe420c5__PDFV2__CH_0023,117
47058ca2f6bac67b2fe420c5__PDFV2__CH_0024,88
47058ca2f6bac67b2fe420c5__PDFV2__CH_0025,111
47058ca2f6bac67b2fe420c5__PDFV2__CH_0026,87
47058ca2f6bac67b2fe420c5__PDFV2__CH_0027,86
4772fca8c2a53fd53cec7205__4772fca8c2a53fd53cec7205__SEG_0001__CH_001,149
4772fca8c2a53fd53cec7205__4772fca8c2a53fd53cec7205__SEG_0001__CH_002,73
47b2217bbc86cdf1a76c5abe__PDFV2__CH_0001,92
47b2217bbc86cdf1a76c5abe__PDFV2__CH_0002,74
47b2217bbc86cdf1a76c5abe__PDFV2__CH_0003,62
47b2217bbc86cdf1a76c5abe__PDFV2__CH_0004,101
47b2217bbc86cdf1a76c5abe__PDFV2__CH_0005,80
47b2217bbc86cdf1a76c5abe__PDFV2__CH_0006,61
47b2217bbc86cdf1a76c5abe__PDFV2__CH_0007,99
47b2217bbc86cdf1a76c5abe__PDFV2__CH_0008,86
47b2217bbc86cdf1a76c5abe__PDFV2__CH_0009,98
47b2217bbc86cdf1a76c5abe__PDFV2__CH_0010__M,82
47b2217bbc86cdf1a76c5abe__PDFV2__CH_0012,84
47b2217bbc86cdf1a76c5abe__PDFV2__CH_0013,24
481bbe1e25b47888ab8311b1__481bbe1e25b47888ab8311b1__SEG_0001__CH_001,99
481bbe1e25b47888ab8311b1__481bbe1e25b47888ab8311b1__SEG_0001__CH_002,130
481bbe1e25b47888ab8311b1__481bbe1e25b47888ab8311b1__SEG_0001__CH_003,87
485ddab590f22836987f25c7__485ddab590f22836987f25c7__SEG_0001__CH_001,92
489b15098bda02005a5e3589__489b15098bda02005a5e3589__SEG_0001__CH_001,80
489b15098bda02005a5e3589__489b15098bda02005a5e3589__SEG_0001__CH_002,84
489d3dfa8e0addddccd41c07__489d3dfa8e0addddccd41c07__SEG_0001__CH_001,98
489d3dfa8e0addddccd41c07__489d3dfa8e0addddccd41c07__SEG_0001__CH_002,75
489d3dfa8e0addddccd41c07__489d3dfa8e0addddccd41c07__SEG_0001__CH_003,182
48ad2b08b1ce0e0afaf68d74__48ad2b08b1ce0e0afaf68d74__SEG_0001__CH_001,82
48ad2b08b1ce0e0afaf68d74__48ad2b08b1ce0e0afaf68d74__SEG_0001__CH_002,84
48fce433d218106568e9ef9b__48fce433d218106568e9ef9b__SEG_0001__CH_001,58
48fce433d218106568e9ef9b__48fce433d218106568e9ef9b__SEG_0001__CH_002__M,124
48fce433d218106568e9ef9b__48fce433d218106568e9ef9b__SEG_0001__CH_004,89
4904e16239845f5dd157a1b3__4904e16239845f5dd157a1b3__SEG_0001__CH_001,49
4904e16239845f5dd157a1b3__4904e16239845f5dd157a1b3__SEG_0001__CH_002,39
495ee9579d621a73a75de45b__495ee9579d621a73a75de45b__SEG_0001__CH_001,82
495ee9579d621a73a75de45b__495ee9579d621a73a75de45b__SEG_0001__CH_002,66
4970858b703705b84a5bb0e1__4970858b703705b84a5bb0e1__SEG_0001__CH_001,86
4970858b703705b84a5bb0e1__4970858b703705b84a5bb0e1__SEG_0001__CH_002,65
4970858b703705b84a5bb0e1__4970858b703705b84a5bb0e1__SEG_0001__CH_003,87
4970858b703705b84a5bb0e1__4970858b703705b84a5bb0e1__SEG_0001__CH_004,94
4970858b703705b84a5bb0e1__4970858b703705b84a5bb0e1__SEG_0001__CH_005,83
4970858b703705b84a5bb0e1__4970858b703705b84a5bb0e1__SEG_0002__CH_001,52
4970858b703705b84a5bb0e1__4970858b703705b84a5bb0e1__SEG_0002__CH_002,71
4970858b703705b84a5bb0e1__4970858b703705b84a5bb0e1__SEG_0002__CH_003,121
4970858b703705b84a5bb0e1__4970858b703705b84a5bb0e1__SEG_0002__CH_004,55
4973a9db3e6895d54c65b71d__4973a9db3e6895d54c65b71d__SEG_0001__CH_001,85
4989addc07000ff845bc5995__PDFV2__CH_0001,85
4989addc07000ff845bc5995__PDFV2__CH_0002,99
4989addc07000ff845bc5995__PDFV2__CH_0003,81
4989addc07000ff845bc5995__PDFV2__CH_0004,120
4989addc07000ff845bc5995__PDFV2__CH_0005,106
49b207eaac78538dcd2c8b53__PDFV2__CH_0010,129
49b207eaac78538dcd2c8b53__PDFV2__CH_0011,96
49b207eaac78538dcd2c8b53__PDFV2__CH_0012,71
49b207eaac78538dcd2c8b53__PDFV2__CH_0013,58
49b207eaac78538dcd2c8b53__PDFV2__CH_0014,94
49b207eaac78538dcd2c8b53__PDFV2__CH_0016,87
49b207eaac78538dcd2c8b53__PDFV2__CH_0018,105
49b207eaac78538dcd2c8b53__PDFV2__CH_0019,91
49b207eaac78538dcd2c8b53__PDFV2__CH_0020,81
49b207eaac78538dcd2c8b53__PDFV2__CH_0021,112
49b207eaac78538dcd2c8b53__PDFV2__CH_0022,51
49b207eaac78538dcd2c8b53__PDFV2__CH_0023,94
49b207eaac78538dcd2c8b53__PDFV2__CH_0024,79
49b207eaac78538dcd2c8b53__PDFV2__CH_0025,101
49b207eaac78538dcd2c8b53__PDFV2__CH_0026,67
49b207eaac78538dcd2c8b53__PDFV2__CH_0027,45
49b207eaac78538dcd2c8b53__PDFV2__CH_0028,88
49b207eaac78538dcd2c8b53__PDFV2__CH_0029,75
49b207eaac78538dcd2c8b53__PDFV2__CH_0030,123
49b207eaac78538dcd2c8b53__PDFV2__CH_0031,95
49b207eaac78538dcd2c8b53__PDFV2__CH_0032,74
49b207eaac78538dcd2c8b53__PDFV2__CH_0033,79
49b207eaac78538dcd2c8b53__PDFV2__CH_0034,117
49b207eaac78538dcd2c8b53__PDFV2__CH_0035,100
49b207eaac78538dcd2c8b53__PDFV2__CH_0036,115
49b207eaac78538dcd2c8b53__PDFV2__CH_0037,89
49b207eaac78538dcd2c8b53__PDFV2__CH_0038,103
49b207eaac78538dcd2c8b53__PDFV2__CH_0039,91
49b207eaac78538dcd2c8b53__PDFV2__CH_0040,78
49b207eaac78538dcd2c8b53__PDFV2__CH_0041,81
49b207eaac78538dcd2c8b53__PDFV2__CH_0042,66
49b207eaac78538dcd2c8b53__PDFV2__CH_0044,95
49b207eaac78538dcd2c8b53__PDFV2__CH_0045,95
49b207eaac78538dcd2c8b53__PDFV2__CH_0046,112
49b207eaac78538dcd2c8b53__PDFV2__CH_0047,97
49b207eaac78538dcd2c8b53__PDFV2__CH_0048,114
49b207eaac78538dcd2c8b53__PDFV2__CH_0049,107
49b207eaac78538dcd2c8b53__PDFV2__CH_0050,79
49b207eaac78538dcd2c8b53__PDFV2__CH_0051,91
49b207eaac78538dcd2c8b53__PDFV2__CH_0052,103
49b207eaac78538dcd2c8b53__PDFV2__CH_0053,66
49b207eaac78538dcd2c8b53__PDFV2__CH_0054,77
49b207eaac78538dcd2c8b53__PDFV2__CH_0055,80
49b207eaac78538dcd2c8b53__PDFV2__CH_0056,83
49b207eaac78538dcd2c8b53__PDFV2__CH_0058,86
49b207eaac78538dcd2c8b53__PDFV2__CH_0059,85
49b207eaac78538dcd2c8b53__PDFV2__CH_0060,92
49b207eaac78538dcd2c8b53__PDFV2__CH_0061,132
49b207eaac78538dcd2c8b53__PDFV2__CH_0062,79
49b207eaac78538dcd2c8b53__PDFV2__CH_0063,87
49b207eaac78538dcd2c8b53__PDFV2__CH_0064,71
49b207eaac78538dcd2c8b53__PDFV2__CH_0065,93
49b207eaac78538dcd2c8b53__PDFV2__CH_0066,69
49b207eaac78538dcd2c8b53__PDFV2__CH_0067,104
49b207eaac78538dcd2c8b53__PDFV2__CH_0068,110
49b207eaac78538dcd2c8b53__PDFV2__CH_0069,73
49b207eaac78538dcd2c8b53__PDFV2__CH_0070,65
49b207eaac78538dcd2c8b53__PDFV2__CH_0071,67
49b207eaac78538dcd2c8b53__PDFV2__CH_0072,92
49b207eaac78538dcd2c8b53__PDFV2__CH_0073,71
49b207eaac78538dcd2c8b53__PDFV2__CH_0074,86
49b207eaac78538dcd2c8b53__PDFV2__CH_0075,82
49b207eaac78538dcd2c8b53__PDFV2__CH_0076,96
49b207eaac78538dcd2c8b53__PDFV2__CH_0077,68
4a48de606e2417483a6f60e9__4a48de606e2417483a6f60e9__SEG_0001__CH_001,55
4a48de606e2417483a6f60e9__4a48de606e2417483a6f60e9__SEG_0001__CH_002,52
4ac29bbc6651aefddfd29c42__PDFV2__CH_0001,88
4ac29bbc6651aefddfd29c42__PDFV2__CH_0002,68
4ac29bbc6651aefddfd29c42__PDFV2__CH_0003,84
4ac29bbc6651aefddfd29c42__PDFV2__CH_0004,85
4ac29bbc6651aefddfd29c42__PDFV2__CH_0005,101
4ac29bbc6651aefddfd29c42__PDFV2__CH_0006,101
4ac29bbc6651aefddfd29c42__PDFV2__CH_0007,102
4ac29bbc6651aefddfd29c42__PDFV2__CH_0008,95
4ac29bbc6651aefddfd29c42__PDFV2__CH_0009,65
4ac29bbc6651aefddfd29c42__PDFV2__CH_0010,84
4ac29bbc6651aefddfd29c42__PDFV2__CH_0011,85
4ac29bbc6651aefddfd29c42__PDFV2__CH_0012,99
4ac29bbc6651aefddfd29c42__PDFV2__CH_0013,109
4ac29bbc6651aefddfd29c42__PDFV2__CH_0014,75
4ac29bbc6651aefddfd29c42__PDFV2__CH_0016,73
4ac29bbc6651aefddfd29c42__PDFV2__CH_0017,60
4ae723155f25fb695ba5ff24__PDFV2__CH_0001,63
4ae723155f25fb695ba5ff24__PDFV2__CH_0002,70
4ae723155f25fb695ba5ff24__PDFV2__CH_0003,101
4ae723155f25fb695ba5ff24__PDFV2__CH_0004,112
4ae723155f25fb695ba5ff24__PDFV2__CH_0005,63
4ae723155f25fb695ba5ff24__PDFV2__CH_0006,64
4ae723155f25fb695ba5ff24__PDFV2__CH_0008,61
4ae723155f25fb695ba5ff24__PDFV2__CH_0009,104
4ae723155f25fb695ba5ff24__PDFV2__CH_0010,110
4ae723155f25fb695ba5ff24__PDFV2__CH_0011,89
4ae723155f25fb695ba5ff24__PDFV2__CH_0012,92
4ae723155f25fb695ba5ff24__PDFV2__CH_0013,96
4ae723155f25fb695ba5ff24__PDFV2__CH_0014,106
4ae723155f25fb695ba5ff24__PDFV2__CH_0015,59
4ae723155f25fb695ba5ff24__PDFV2__CH_0016__M,108
4b105e65dd7227360df1295c__4b105e65dd7227360df1295c__SEG_0001__CH_002,80
4b105e65dd7227360df1295c__4b105e65dd7227360df1295c__SEG_0001__CH_003,116
4b105e65dd7227360df1295c__4b105e65dd7227360df1295c__SEG_0001__CH_004,100
4b105e65dd7227360df1295c__4b105e65dd7227360df1295c__SEG_0001__CH_005,66
4b105e65dd7227360df1295c__4b105e65dd7227360df1295c__SEG_0001__CH_006,37
4b105e65dd7227360df1295c__4b105e65dd7227360df1295c__SEG_0001__CH_007,100
4b105e65dd7227360df1295c__4b105e65dd7227360df1295c__SEG_0001__CH_008,121
4b105e65dd7227360df1295c__4b105e65dd7227360df1295c__SEG_0001__CH_009,122
4b4c6cbf5f89d7ebcc1f33a9__4b4c6cbf5f89d7ebcc1f33a9__SEG_0001__CH_002,77
4b4c6cbf5f89d7ebcc1f33a9__4b4c6cbf5f89d7ebcc1f33a9__SEG_0001__CH_003,85
4b4c6cbf5f89d7ebcc1f33a9__4b4c6cbf5f89d7ebcc1f33a9__SEG_0001__CH_004,90
4b79f5e68927e1962e030eb2__4b79f5e68927e1962e030eb2__SEG_0001__CH_001,103
4b79f5e68927e1962e030eb2__4b79f5e68927e1962e030eb2__SEG_0001__CH_002,181
4b79f5e68927e1962e030eb2__4b79f5e68927e1962e030eb2__SEG_0001__CH_003,154
4b7a85ff49f7ce1db2a0c5ee__PDFV2__CH_0001__M,104
4b7a85ff49f7ce1db2a0c5ee__PDFV2__CH_0003,102
4b7a85ff49f7ce1db2a0c5ee__PDFV2__CH_0004,116
4b7a85ff49f7ce1db2a0c5ee__PDFV2__CH_0005,112
4b7a85ff49f7ce1db2a0c5ee__PDFV2__CH_0006__M,117
4b8fe5b5bf60adaf3d70c886__PDFV2__CH_0001,57
4b8fe5b5bf60adaf3d70c886__PDFV2__CH_0002,91
4b8fe5b5bf60adaf3d70c886__PDFV2__CH_0003,106
4b8fe5b5bf60adaf3d70c886__PDFV2__CH_0004,41
4b8fe5b5bf60adaf3d70c886__PDFV2__CH_0005__M,114
4b8fe5b5bf60adaf3d70c886__PDFV2__CH_0007__M,114
4b8fe5b5bf60adaf3d70c886__PDFV2__CH_0009__M,123
4b8fe5b5bf60adaf3d70c886__PDFV2__CH_0011,104
4b8fe5b5bf60adaf3d70c886__PDFV2__CH_0012,107
4b8fe5b5bf60adaf3d70c886__PDFV2__CH_0013,85
4b8fe5b5bf60adaf3d70c886__PDFV2__CH_0014__M,141
4b8fe5b5bf60adaf3d70c886__PDFV2__CH_0016,148
4b8fe5b5bf60adaf3d70c886__PDFV2__CH_0017,67
4b8fe5b5bf60adaf3d70c886__PDFV2__CH_0018,70
4b8fe5b5bf60adaf3d70c886__PDFV2__CH_0019,131
4be08169ea18bddf47825048__4be08169ea18bddf47825048__SEG_0001__CH_001,81
4c0a66b4a0679f81af66c16b__4c0a66b4a0679f81af66c16b__SEG_0001__CH_001,144
4c204d6f9c5191cfa2b78491__4c204d6f9c5191cfa2b78491__SEG_0001__CH_001,118
4c4ab559a9e9648f73bfe993__4c4ab559a9e9648f73bfe993__SEG_0001__CH_001,97
4c4ab559a9e9648f73bfe993__4c4ab559a9e9648f73bfe993__SEG_0001__CH_002,75
4ca7551fb769e70d91617135__4ca7551fb769e70d91617135__SEG_0001__CH_002,110
4ca7551fb769e70d91617135__4ca7551fb769e70d91617135__SEG_0001__CH_003,87
4ca7551fb769e70d91617135__4ca7551fb769e70d91617135__SEG_0001__CH_004,95
4ca7551fb769e70d91617135__4ca7551fb769e70d91617135__SEG_0001__CH_005,102
4ca7551fb769e70d91617135__4ca7551fb769e70d91617135__SEG_0002__CH_001,65
4cf0ad84f2fb590da43dd92e__4cf0ad84f2fb590da43dd92e__SEG_0001__CH_001,85
4cf0ad84f2fb590da43dd92e__4cf0ad84f2fb590da43dd92e__SEG_0001__CH_002,54
4d22010172ba498615d8cabf__PDFV2__CH_0002,97
4d3c887f3dd129f4697a34d3__PDFV2__CH_0001,72
4d3c887f3dd129f4697a34d3__PDFV2__CH_0002,99
4d3c887f3dd129f4697a34d3__PDFV2__CH_0003,99
4d43718912c241fb7e4bdb3d__PDFV2__CH_0001,59
4d43718912c241fb7e4bdb3d__PDFV2__CH_0002,167
4d81f9bea937d06638fc536b__4d81f9bea937d06638fc536b__SEG_0001__CH_001,79
4d81f9bea937d06638fc536b__4d81f9bea937d06638fc536b__SEG_0001__CH_002,78
4d9da908389a49d561f972de__PDFV2__CH_0001,65
4d9da908389a49d561f972de__PDFV2__CH_0002,96
4df2e97ace5ccce0f3242d36__PDFV2__CH_0001,82
4df2e97ace5ccce0f3242d36__PDFV2__CH_0002,81
4df2e97ace5ccce0f3242d36__PDFV2__CH_0003,53
4df2e97ace5ccce0f3242d36__PDFV2__CH_0004,72
4df2e97ace5ccce0f3242d36__PDFV2__CH_0005,56
4df2e97ace5ccce0f3242d36__PDFV2__CH_0006,101
4df6478798c6be508a060e77__4df6478798c6be508a060e77__SEG_0001__CH_001,115
4df6478798c6be508a060e77__4df6478798c6be508a060e77__SEG_0001__CH_002,112
4df6478798c6be508a060e77__4df6478798c6be508a060e77__SEG_0001__CH_003,255
4e428699658c565b89626b66__4e428699658c565b89626b66__SEG_0001__CH_001,58
4e428699658c565b89626b66__4e428699658c565b89626b66__SEG_0001__CH_002,108
4e428699658c565b89626b66__4e428699658c565b89626b66__SEG_0001__CH_003,108
4e87be7da970d02124574ce2__4e87be7da970d02124574ce2__SEG_0001__CH_001,91
4e9fdf2e3da38bd74160a50e__4e9fdf2e3da38bd74160a50e__SEG_0001__CH_001,54
4e9fdf2e3da38bd74160a50e__4e9fdf2e3da38bd74160a50e__SEG_0001__CH_002,102
4e9fdf2e3da38bd74160a50e__4e9fdf2e3da38bd74160a50e__SEG_0001__CH_003,103
4e9fdf2e3da38bd74160a50e__4e9fdf2e3da38bd74160a50e__SEG_0001__CH_004,56
4e9fdf2e3da38bd74160a50e__4e9fdf2e3da38bd74160a50e__SEG_0001__CH_005,90
4e9fdf2e3da38bd74160a50e__4e9fdf2e3da38bd74160a50e__SEG_0001__CH_006,71
4e9fdf2e3da38bd74160a50e__4e9fdf2e3da38bd74160a50e__SEG_0001__CH_007,158
4e9fdf2e3da38bd74160a50e__4e9fdf2e3da38bd74160a50e__SEG_0002__CH_001,46
4ed1bd69e0c9a7373191a184__4ed1bd69e0c9a7373191a184__SEG_0001__CH_001,38
4ed1bd69e0c9a7373191a184__4ed1bd69e0c9a7373191a184__SEG_0001__CH_002,46
4ed6257b3f535a7031c51243__4ed6257b3f535a7031c51243__SEG_0001__CH_001,96
4f31a4e17cab2556f06eb2e5__4f31a4e17cab2556f06eb2e5__SEG_0001__CH_001,129
4f31a4e17cab2556f06eb2e5__4f31a4e17cab2556f06eb2e5__SEG_0001__CH_002,107
4f3331b9c3a035c32fb206f5__4f3331b9c3a035c32fb206f5__SEG_0001__CH_001,102
4fac0b30e77b9f43a8a5b105__4fac0b30e77b9f43a8a5b105__SEG_0001__CH_001,84
4fac0b30e77b9f43a8a5b105__4fac0b30e77b9f43a8a5b105__SEG_0001__CH_002,63
4fac0b30e77b9f43a8a5b105__4fac0b30e77b9f43a8a5b105__SEG_0001__CH_003,50
4fac0b30e77b9f43a8a5b105__4fac0b30e77b9f43a8a5b105__SEG_0001__CH_004,105
503ca347555b48201acaa271__503ca347555b48201acaa271__SEG_0001__CH_001,85
503ca347555b48201acaa271__503ca347555b48201acaa271__SEG_0001__CH_002,71
507f8a42827a99c72adb51cb__507f8a42827a99c72adb51cb__SEG_0001__CH_001,142
507f8a42827a99c72adb51cb__507f8a42827a99c72adb51cb__SEG_0001__CH_002,75
5098c124cdc248dbfe0c8cbc__5098c124cdc248dbfe0c8cbc__SEG_0001__CH_002,60
5098c124cdc248dbfe0c8cbc__5098c124cdc248dbfe0c8cbc__SEG_0001__CH_003,65
5098c124cdc248dbfe0c8cbc__5098c124cdc248dbfe0c8cbc__SEG_0001__CH_004,91
5098c124cdc248dbfe0c8cbc__5098c124cdc248dbfe0c8cbc__SEG_0001__CH_005,48
5098c124cdc248dbfe0c8cbc__5098c124cdc248dbfe0c8cbc__SEG_0001__CH_006,86
50b05aa8fa8e55da95409c73__50b05aa8fa8e55da95409c73__SEG_0001__CH_001,60
50dacce4588e9f797dde001b__PDFV2__CH_0001,92
50dacce4588e9f797dde001b__PDFV2__CH_0002,103
50dacce4588e9f797dde001b__PDFV2__CH_0003,120
50dacce4588e9f797dde001b__PDFV2__CH_0004,67
50dacce4588e9f797dde001b__PDFV2__CH_0005,67
50dacce4588e9f797dde001b__PDFV2__CH_0006,86
50dacce4588e9f797dde001b__PDFV2__CH_0007,49
511c02b14d781ff24c38f4c8__511c02b14d781ff24c38f4c8__SEG_0001__CH_001,63
511c02b14d781ff24c38f4c8__511c02b14d781ff24c38f4c8__SEG_0001__CH_002,80
513fd32e3b91c3a8ebb993d0__513fd32e3b91c3a8ebb993d0__SEG_0001__CH_001,94
513fd32e3b91c3a8ebb993d0__513fd32e3b91c3a8ebb993d0__SEG_0001__CH_002,109
515e4251e4bd61991edfdc0d__515e4251e4bd61991edfdc0d__SEG_0001__CH_001,123
515e4251e4bd61991edfdc0d__515e4251e4bd61991edfdc0d__SEG_0001__CH_002,111
515e4251e4bd61991edfdc0d__515e4251e4bd61991edfdc0d__SEG_0001__CH_003,136
51fb91c299d55f03ed47b629__PDFV2__CH_0003,113
51fb91c299d55f03ed47b629__PDFV2__CH_0004,102
51fb91c299d55f03ed47b629__PDFV2__CH_0005,118
51fb91c299d55f03ed47b629__PDFV2__CH_0006,100
51fb91c299d55f03ed47b629__PDFV2__CH_0007,56
51fb91c299d55f03ed47b629__PDFV2__CH_0008,84
51fb91c299d55f03ed47b629__PDFV2__CH_0009,82
51fb91c299d55f03ed47b629__PDFV2__CH_0010,70
51fb91c299d55f03ed47b629__PDFV2__CH_0011,113
51fb91c299d55f03ed47b629__PDFV2__CH_0012,104
51fb91c299d55f03ed47b629__PDFV2__CH_0013,88
51fb91c299d55f03ed47b629__PDFV2__CH_0014,94
51fb91c299d55f03ed47b629__PDFV2__CH_0015,88
51fb91c299d55f03ed47b629__PDFV2__CH_0017,94
51fb91c299d55f03ed47b629__PDFV2__CH_0018,88
51fb91c299d55f03ed47b629__PDFV2__CH_0019,54
51fb91c299d55f03ed47b629__PDFV2__CH_0020,116
51fb91c299d55f03ed47b629__PDFV2__CH_0021,84
51fb91c299d55f03ed47b629__PDFV2__CH_0022,57
51fb91c299d55f03ed47b629__PDFV2__CH_0023,99
51fb91c299d55f03ed47b629__PDFV2__CH_0024,102
51fb91c299d55f03ed47b629__PDFV2__CH_0025,73
51fb91c299d55f03ed47b629__PDFV2__CH_0026,72
51fb91c299d55f03ed47b629__PDFV2__CH_0027,74
51fb91c299d55f03ed47b629__PDFV2__CH_0028,85
51fb91c299d55f03ed47b629__PDFV2__CH_0029,84
51fb91c299d55f03ed47b629__PDFV2__CH_0030,95
51fb91c299d55f03ed47b629__PDFV2__CH_0031,79
51fb91c299d55f03ed47b629__PDFV2__CH_0032,111
51fb91c299d55f03ed47b629__PDFV2__CH_0033,110
51fb91c299d55f03ed47b629__PDFV2__CH_0034,74
51fb91c299d55f03ed47b629__PDFV2__CH_0035,80
51fb91c299d55f03ed47b629__PDFV2__CH_0036,92
51fb91c299d55f03ed47b629__PDFV2__CH_0037,81
51fb91c299d55f03ed47b629__PDFV2__CH_0038,117
51fb91c299d55f03ed47b629__PDFV2__CH_0039,131
51fb91c299d55f03ed47b629__PDFV2__CH_0040,98
51fb91c299d55f03ed47b629__PDFV2__CH_0041,112
51fb91c299d55f03ed47b629__PDFV2__CH_0042,83
51fb91c299d55f03ed47b629__PDFV2__CH_0043,98
51fb91c299d55f03ed47b629__PDFV2__CH_0044,84
51fb91c299d55f03ed47b629__PDFV2__CH_0045,110
51fb91c299d55f03ed47b629__PDFV2__CH_0046,96
51fb91c299d55f03ed47b629__PDFV2__CH_0047,74
51fb91c299d55f03ed47b629__PDFV2__CH_0048,118
51fb91c299d55f03ed47b629__PDFV2__CH_0049,81
51fb91c299d55f03ed47b629__PDFV2__CH_0050__M,86
51fb91c299d55f03ed47b629__PDFV2__CH_0052,111
51fb91c299d55f03ed47b629__PDFV2__CH_0053,69
51fb91c299d55f03ed47b629__PDFV2__CH_0054,78
51fb91c299d55f03ed47b629__PDFV2__CH_0055,63
51fb91c299d55f03ed47b629__PDFV2__CH_0056,89
51fb91c299d55f03ed47b629__PDFV2__CH_0057,83
5226f32b71b498c8fd6d1c4f__5226f32b71b498c8fd6d1c4f__SEG_0001__CH_001,130
5226f32b71b498c8fd6d1c4f__5226f32b71b498c8fd6d1c4f__SEG_0001__CH_002,115
5226f32b71b498c8fd6d1c4f__5226f32b71b498c8fd6d1c4f__SEG_0001__CH_003,90
5263875afb6441604f7b689f__5263875afb6441604f7b689f__SEG_0001__CH_001,48
5263875afb6441604f7b689f__5263875afb6441604f7b689f__SEG_0001__CH_002,102
5263875afb6441604f7b689f__5263875afb6441604f7b689f__SEG_0001__CH_003,50
5263875afb6441604f7b689f__5263875afb6441604f7b689f__SEG_0001__CH_004,50
5263875afb6441604f7b689f__5263875afb6441604f7b689f__SEG_0001__CH_005,63
5263875afb6441604f7b689f__5263875afb6441604f7b689f__SEG_0001__CH_006,81
5263875afb6441604f7b689f__5263875afb6441604f7b689f__SEG_0001__CH_007,116
52952400eb511910418ce15a__52952400eb511910418ce15a__SEG_0001__CH_001,47
52c560d9476c0de06e747fc9__PDFV2__CH_0001,73
52c560d9476c0de06e747fc9__PDFV2__CH_0005,80
52c560d9476c0de06e747fc9__PDFV2__CH_0006,84
52c560d9476c0de06e747fc9__PDFV2__CH_0007,91
52c560d9476c0de06e747fc9__PDFV2__CH_0008,98
52c560d9476c0de06e747fc9__PDFV2__CH_0009,83
52c560d9476c0de06e747fc9__PDFV2__CH_0010,107
52c560d9476c0de06e747fc9__PDFV2__CH_0011,78
52c560d9476c0de06e747fc9__PDFV2__CH_0012,88
52c560d9476c0de06e747fc9__PDFV2__CH_0013,73
52c560d9476c0de06e747fc9__PDFV2__CH_0014,87
52c560d9476c0de06e747fc9__PDFV2__CH_0015,95
52c560d9476c0de06e747fc9__PDFV2__CH_0016__M,123
52c560d9476c0de06e747fc9__PDFV2__CH_0018,69
52c560d9476c0de06e747fc9__PDFV2__CH_0019,97
52c560d9476c0de06e747fc9__PDFV2__CH_0020,95
52c560d9476c0de06e747fc9__PDFV2__CH_0021,138
52c560d9476c0de06e747fc9__PDFV2__CH_0022,107
52c560d9476c0de06e747fc9__PDFV2__CH_0023,102
52c560d9476c0de06e747fc9__PDFV2__CH_0024,95
52c560d9476c0de06e747fc9__PDFV2__CH_0025__M,162
52c560d9476c0de06e747fc9__PDFV2__CH_0027,28
52c560d9476c0de06e747fc9__PDFV2__CH_0028,85
52c560d9476c0de06e747fc9__PDFV2__CH_0031,66
52c560d9476c0de06e747fc9__PDFV2__CH_0032,73
52c560d9476c0de06e747fc9__PDFV2__CH_0033,93
52c560d9476c0de06e747fc9__PDFV2__CH_0034,100
52d28030e36b4e8c56cb3c60__52d28030e36b4e8c56cb3c60__SEG_0001__CH_001,81
52d28030e36b4e8c56cb3c60__52d28030e36b4e8c56cb3c60__SEG_0001__CH_002,138
52e89b5941b6dc98d4dd04a5__52e89b5941b6dc98d4dd04a5__SEG_0001__CH_001,112
52e89b5941b6dc98d4dd04a5__52e89b5941b6dc98d4dd04a5__SEG_0001__CH_002,98
5379687b02c92f28cd4f508b__5379687b02c92f28cd4f508b__SEG_0001__CH_001,109
5379687b02c92f28cd4f508b__5379687b02c92f28cd4f508b__SEG_0001__CH_002,113
53a7efdfa8f755c454c4261c__53a7efdfa8f755c454c4261c__SEG_0001__CH_001,28
53a7efdfa8f755c454c4261c__53a7efdfa8f755c454c4261c__SEG_0001__CH_002,67
53a7efdfa8f755c454c4261c__53a7efdfa8f755c454c4261c__SEG_0001__CH_003,98
53a7efdfa8f755c454c4261c__53a7efdfa8f755c454c4261c__SEG_0001__CH_004,123
53a7efdfa8f755c454c4261c__53a7efdfa8f755c454c4261c__SEG_0001__CH_005,105
53a7efdfa8f755c454c4261c__53a7efdfa8f755c454c4261c__SEG_0001__CH_006,91
53a7efdfa8f755c454c4261c__53a7efdfa8f755c454c4261c__SEG_0001__CH_007,42
53a7efdfa8f755c454c4261c__53a7efdfa8f755c454c4261c__SEG_0001__CH_008,71
53b62e2a3b1dd0638080fa78__53b62e2a3b1dd0638080fa78__SEG_0001__CH_001,51
53d4616647e2f2e2a5e26e48__53d4616647e2f2e2a5e26e48__SEG_0001__CH_001,72
53d4616647e2f2e2a5e26e48__53d4616647e2f2e2a5e26e48__SEG_0001__CH_002,77
5455cef698276b8dc3e75006__PDFV2__CH_0002,67
5455cef698276b8dc3e75006__PDFV2__CH_0010,45
5455cef698276b8dc3e75006__PDFV2__CH_0011,70
5455cef698276b8dc3e75006__PDFV2__CH_0012,57
5455cef698276b8dc3e75006__PDFV2__CH_0013,72
5455cef698276b8dc3e75006__PDFV2__CH_0015,40
5455cef698276b8dc3e75006__PDFV2__CH_0016,76
5455cef698276b8dc3e75006__PDFV2__CH_0020,85
5455cef698276b8dc3e75006__PDFV2__CH_0021,72
5455cef698276b8dc3e75006__PDFV2__CH_0023,70
5455cef698276b8dc3e75006__PDFV2__CH_0024,79
5455cef698276b8dc3e75006__PDFV2__CH_0027,56
5455cef698276b8dc3e75006__PDFV2__CH_0028,61
5455cef698276b8dc3e75006__PDFV2__CH_0029,72
5455cef698276b8dc3e75006__PDFV2__CH_0030,68
5455cef698276b8dc3e75006__PDFV2__CH_0031,49
5466a316ec1ddd52b5381199__5466a316ec1ddd52b5381199__SEG_0001__CH_001,115
5466a316ec1ddd52b5381199__5466a316ec1ddd52b5381199__SEG_0001__CH_002__M,104
54c8821f79b71ad454959d79__PDFV2__CH_0001,65
54c8821f79b71ad454959d79__PDFV2__CH_0002,88
54c8821f79b71ad454959d79__PDFV2__CH_0003,123
54c8821f79b71ad454959d79__PDFV2__CH_0004,88
54c8821f79b71ad454959d79__PDFV2__CH_0005,68
54c8821f79b71ad454959d79__PDFV2__CH_0007,77
54c8821f79b71ad454959d79__PDFV2__CH_0008,93
54c8821f79b71ad454959d79__PDFV2__CH_0009,67
54c8821f79b71ad454959d79__PDFV2__CH_0010,54
54c8821f79b71ad454959d79__PDFV2__CH_0011,76
551aefd4758d63ffc9da2ba5__PDFV2__CH_0001,100
551aefd4758d63ffc9da2ba5__PDFV2__CH_0002,122
551aefd4758d63ffc9da2ba5__PDFV2__CH_0003,105
5589a9a3eb56ee487cf18e3d__5589a9a3eb56ee487cf18e3d__SEG_0001__CH_001,96
5589a9a3eb56ee487cf18e3d__5589a9a3eb56ee487cf18e3d__SEG_0001__CH_002,90
558dd1e640144fc6093bfe2b__PDFV2__CH_0001,75
558dd1e640144fc6093bfe2b__PDFV2__CH_0002,101
558dd1e640144fc6093bfe2b__PDFV2__CH_0003,55
558f76da697ef35aac5fb609__558f76da697ef35aac5fb609__SEG_0001__CH_001,76
55e18ebbc13365ce5f8fa242__PDFV2__CH_0001,89
55e18ebbc13365ce5f8fa242__PDFV2__CH_0002,114
55e18ebbc13365ce5f8fa242__PDFV2__CH_0003,99
55e18ebbc13365ce5f8fa242__PDFV2__CH_0004,114
55e18ebbc13365ce5f8fa242__PDFV2__CH_0005,105
55e18ebbc13365ce5f8fa242__PDFV2__CH_0006,94
55e18ebbc13365ce5f8fa242__PDFV2__CH_0007,95
55e18ebbc13365ce5f8fa242__PDFV2__CH_0009,106
55e18ebbc13365ce5f8fa242__PDFV2__CH_0010,111
55e18ebbc13365ce5f8fa242__PDFV2__CH_0012,95
55e18ebbc13365ce5f8fa242__PDFV2__CH_0013,84
55e18ebbc13365ce5f8fa242__PDFV2__CH_0014,80
55e18ebbc13365ce5f8fa242__PDFV2__CH_0015,93
55e18ebbc13365ce5f8fa242__PDFV2__CH_0017,109
55e18ebbc13365ce5f8fa242__PDFV2__CH_0020,70
55e18ebbc13365ce5f8fa242__PDFV2__CH_0022,120
55e18ebbc13365ce5f8fa242__PDFV2__CH_0023,79
55e18ebbc13365ce5f8fa242__PDFV2__CH_0024,83
55e18ebbc13365ce5f8fa242__PDFV2__CH_0025,60
55e18ebbc13365ce5f8fa242__PDFV2__CH_0026,81
55e18ebbc13365ce5f8fa242__PDFV2__CH_0027,79
55e18ebbc13365ce5f8fa242__PDFV2__CH_0028,74
55e18ebbc13365ce5f8fa242__PDFV2__CH_0029,66
55e18ebbc13365ce5f8fa242__PDFV2__CH_0030,94
55e18ebbc13365ce5f8fa242__PDFV2__CH_0031,126
55e18ebbc13365ce5f8fa242__PDFV2__CH_0032,70
55e18ebbc13365ce5f8fa242__PDFV2__CH_0033,102
55e18ebbc13365ce5f8fa242__PDFV2__CH_0034,72
55e18ebbc13365ce5f8fa242__PDFV2__CH_0035,82
55e18ebbc13365ce5f8fa242__PDFV2__CH_0036,109
55e18ebbc13365ce5f8fa242__PDFV2__CH_0037,94
55e18ebbc13365ce5f8fa242__PDFV2__CH_0038,54
55e18ebbc13365ce5f8fa242__PDFV2__CH_0039,112
55e18ebbc13365ce5f8fa242__PDFV2__CH_0040,90
55e18ebbc13365ce5f8fa242__PDFV2__CH_0041,86
55e18ebbc13365ce5f8fa242__PDFV2__CH_0042,79
55e18ebbc13365ce5f8fa242__PDFV2__CH_0043,91
55e18ebbc13365ce5f8fa242__PDFV2__CH_0044,80
55e18ebbc13365ce5f8fa242__PDFV2__CH_0046,89
55e18ebbc13365ce5f8fa242__PDFV2__CH_0047,82
55e18ebbc13365ce5f8fa242__PDFV2__CH_0048,58
55e18ebbc13365ce5f8fa242__PDFV2__CH_0049,106
55e18ebbc13365ce5f8fa242__PDFV2__CH_0050,93
55e18ebbc13365ce5f8fa242__PDFV2__CH_0051,86
55e18ebbc13365ce5f8fa242__PDFV2__CH_0052,87
55e18ebbc13365ce5f8fa242__PDFV2__CH_0053,94
55e18ebbc13365ce5f8fa242__PDFV2__CH_0054,98
55e18ebbc13365ce5f8fa242__PDFV2__CH_0055,82
55e18ebbc13365ce5f8fa242__PDFV2__CH_0056,101
55e18ebbc13365ce5f8fa242__PDFV2__CH_0057__M,97
55e18ebbc13365ce5f8fa242__PDFV2__CH_0059,88
55e18ebbc13365ce5f8fa242__PDFV2__CH_0060,69
55e18ebbc13365ce5f8fa242__PDFV2__CH_0061,103
55e18ebbc13365ce5f8fa242__PDFV2__CH_0062,110
55e18ebbc13365ce5f8fa242__PDFV2__CH_0063,95
55e18ebbc13365ce5f8fa242__PDFV2__CH_0064,96
55e18ebbc13365ce5f8fa242__PDFV2__CH_0065,147
55e18ebbc13365ce5f8fa242__PDFV2__CH_0066,83
55e18ebbc13365ce5f8fa242__PDFV2__CH_0067,142
55e18ebbc13365ce5f8fa242__PDFV2__CH_0068,111
55e18ebbc13365ce5f8fa242__PDFV2__CH_0069,112
55e18ebbc13365ce5f8fa242__PDFV2__CH_0070,76
55e18ebbc13365ce5f8fa242__PDFV2__CH_0071,82
55e18ebbc13365ce5f8fa242__PDFV2__CH_0072,101
55e18ebbc13365ce5f8fa242__PDFV2__CH_0073,88
55e18ebbc13365ce5f8fa242__PDFV2__CH_0074,73
55e18ebbc13365ce5f8fa242__PDFV2__CH_0075,87
55e18ebbc13365ce5f8fa242__PDFV2__CH_0076,84
55e18ebbc13365ce5f8fa242__PDFV2__CH_0077,69
55e18ebbc13365ce5f8fa242__PDFV2__CH_0078,87
55e18ebbc13365ce5f8fa242__PDFV2__CH_0079,99
55e18ebbc13365ce5f8fa242__PDFV2__CH_0080,110
55e18ebbc13365ce5f8fa242__PDFV2__CH_0081,80
55e18ebbc13365ce5f8fa242__PDFV2__CH_0082,95
55e18ebbc13365ce5f8fa242__PDFV2__CH_0083,108
55e18ebbc13365ce5f8fa242__PDFV2__CH_0084,79
55e18ebbc13365ce5f8fa242__PDFV2__CH_0085,135
55e18ebbc13365ce5f8fa242__PDFV2__CH_0086,107
55e18ebbc13365ce5f8fa242__PDFV2__CH_0087,70
55e18ebbc13365ce5f8fa242__PDFV2__CH_0088,71
55e18ebbc13365ce5f8fa242__PDFV2__CH_0089,91
55e18ebbc13365ce5f8fa242__PDFV2__CH_0090,54
55e18ebbc13365ce5f8fa242__PDFV2__CH_0091,103
55e18ebbc13365ce5f8fa242__PDFV2__CH_0092,118
55e18ebbc13365ce5f8fa242__PDFV2__CH_0093,88
55e18ebbc13365ce5f8fa242__PDFV2__CH_0094,82
55e18ebbc13365ce5f8fa242__PDFV2__CH_0095__M,104
55e18ebbc13365ce5f8fa242__PDFV2__CH_0097,80
55e18ebbc13365ce5f8fa242__PDFV2__CH_0098,94
55e18ebbc13365ce5f8fa242__PDFV2__CH_0099,100
55e18ebbc13365ce5f8fa242__PDFV2__CH_0100,81
55e18ebbc13365ce5f8fa242__PDFV2__CH_0101,107
55e18ebbc13365ce5f8fa242__PDFV2__CH_0102,79
55e18ebbc13365ce5f8fa242__PDFV2__CH_0103,70
55e18ebbc13365ce5f8fa242__PDFV2__CH_0105,90
55e18ebbc13365ce5f8fa242__PDFV2__CH_0106,77
55e18ebbc13365ce5f8fa242__PDFV2__CH_0107,99
55e18ebbc13365ce5f8fa242__PDFV2__CH_0109,62
55e18ebbc13365ce5f8fa242__PDFV2__CH_0110,72
55e18ebbc13365ce5f8fa242__PDFV2__CH_0111,89
55e18ebbc13365ce5f8fa242__PDFV2__CH_0112,151
55e18ebbc13365ce5f8fa242__PDFV2__CH_0116,77
55e18ebbc13365ce5f8fa242__PDFV2__CH_0118,54
55e18ebbc13365ce5f8fa242__PDFV2__CH_0119,91
55e18ebbc13365ce5f8fa242__PDFV2__CH_0120,97
55e18ebbc13365ce5f8fa242__PDFV2__CH_0121,80
55e18ebbc13365ce5f8fa242__PDFV2__CH_0122,83
55e18ebbc13365ce5f8fa242__PDFV2__CH_0123,73
55e18ebbc13365ce5f8fa242__PDFV2__CH_0124,69
55e18ebbc13365ce5f8fa242__PDFV2__CH_0125,73
55e18ebbc13365ce5f8fa242__PDFV2__CH_0126,106
55e18ebbc13365ce5f8fa242__PDFV2__CH_0127,75
55e18ebbc13365ce5f8fa242__PDFV2__CH_0128,53
55e18ebbc13365ce5f8fa242__PDFV2__CH_0129,112
55e18ebbc13365ce5f8fa242__PDFV2__CH_0130,77
55e18ebbc13365ce5f8fa242__PDFV2__CH_0131,86
55e18ebbc13365ce5f8fa242__PDFV2__CH_0132,82
55e18ebbc13365ce5f8fa242__PDFV2__CH_0134,100
55e18ebbc13365ce5f8fa242__PDFV2__CH_0136,98
55e18ebbc13365ce5f8fa242__PDFV2__CH_0138,117
55e18ebbc13365ce5f8fa242__PDFV2__CH_0139,107
55e18ebbc13365ce5f8fa242__PDFV2__CH_0140,88
55e18ebbc13365ce5f8fa242__PDFV2__CH_0143,75
55e18ebbc13365ce5f8fa242__PDFV2__CH_0145,58
55e18ebbc13365ce5f8fa242__PDFV2__CH_0146__M,117
55e18ebbc13365ce5f8fa242__PDFV2__CH_0148,77
55e18ebbc13365ce5f8fa242__PDFV2__CH_0149,122
55f83f434c86d4ac684244af__55f83f434c86d4ac684244af__SEG_0001__CH_001,49
55f83f434c86d4ac684244af__55f83f434c86d4ac684244af__SEG_0001__CH_002,113
55f83f434c86d4ac684244af__55f83f434c86d4ac684244af__SEG_0001__CH_003,96
55f83f434c86d4ac684244af__55f83f434c86d4ac684244af__SEG_0001__CH_004,119
55f83f434c86d4ac684244af__55f83f434c86d4ac684244af__SEG_0001__CH_005,107
55fd5a7c092a4e824dcaeea3__55fd5a7c092a4e824dcaeea3__SEG_0001__CH_001,100
55fd5a7c092a4e824dcaeea3__55fd5a7c092a4e824dcaeea3__SEG_0001__CH_002,84
55fd5a7c092a4e824dcaeea3__55fd5a7c092a4e824dcaeea3__SEG_0002__CH_001,76
55fd5a7c092a4e824dcaeea3__55fd5a7c092a4e824dcaeea3__SEG_0002__CH_002,85
55ffc180a135fde883ba22b3__55ffc180a135fde883ba22b3__SEG_0001__CH_001,62
5620846c1fa180f75346dc31__5620846c1fa180f75346dc31__SEG_0001__CH_001,70
5620846c1fa180f75346dc31__5620846c1fa180f75346dc31__SEG_0001__CH_002__M,149
5620846c1fa180f75346dc31__5620846c1fa180f75346dc31__SEG_0001__CH_004,84
565127bd1b805657b9a36777__565127bd1b805657b9a36777__SEG_0001__CH_002,95
565127bd1b805657b9a36777__565127bd1b805657b9a36777__SEG_0001__CH_003,116
5654f6c5d24e567d43299de1__PDFV2__CH_0001,76
5654f6c5d24e567d43299de1__PDFV2__CH_0002,89
5654f6c5d24e567d43299de1__PDFV2__CH_0004,81
5654f6c5d24e567d43299de1__PDFV2__CH_0005,68
5654f6c5d24e567d43299de1__PDFV2__CH_0006,129
5667afd41297acc0c2212e5c__5667afd41297acc0c2212e5c__SEG_0001__CH_001,120
5667afd41297acc0c2212e5c__5667afd41297acc0c2212e5c__SEG_0001__CH_002,111
569832f999da586fbf7eff5d__PDFV2__CH_0003,79
569832f999da586fbf7eff5d__PDFV2__CH_0004,70
569832f999da586fbf7eff5d__PDFV2__CH_0005,95
569832f999da586fbf7eff5d__PDFV2__CH_0006,68
569832f999da586fbf7eff5d__PDFV2__CH_0007,92
569832f999da586fbf7eff5d__PDFV2__CH_0008,77
569832f999da586fbf7eff5d__PDFV2__CH_0009,49
569832f999da586fbf7eff5d__PDFV2__CH_0010,84
569832f999da586fbf7eff5d__PDFV2__CH_0011,82
569832f999da586fbf7eff5d__PDFV2__CH_0012,112
569832f999da586fbf7eff5d__PDFV2__CH_0013,59
569832f999da586fbf7eff5d__PDFV2__CH_0014,90
569832f999da586fbf7eff5d__PDFV2__CH_0015,94
569832f999da586fbf7eff5d__PDFV2__CH_0016,120
569832f999da586fbf7eff5d__PDFV2__CH_0018,72
569832f999da586fbf7eff5d__PDFV2__CH_0019,85
569832f999da586fbf7eff5d__PDFV2__CH_0020,78
569832f999da586fbf7eff5d__PDFV2__CH_0021,123
569832f999da586fbf7eff5d__PDFV2__CH_0022,89
569832f999da586fbf7eff5d__PDFV2__CH_0023,76
569832f999da586fbf7eff5d__PDFV2__CH_0024,105
569832f999da586fbf7eff5d__PDFV2__CH_0025,63
569832f999da586fbf7eff5d__PDFV2__CH_0027,80
577b2be3b3e4b2be123927d3__577b2be3b3e4b2be123927d3__SEG_0001__CH_001,64
577b2be3b3e4b2be123927d3__577b2be3b3e4b2be123927d3__SEG_0001__CH_002,114
577b2be3b3e4b2be123927d3__577b2be3b3e4b2be123927d3__SEG_0001__CH_003,68
57b8ba27e7ef2ca1d139237b__PDFV2__CH_0001,93
57b8ba27e7ef2ca1d139237b__PDFV2__CH_0002,69
57b8ba27e7ef2ca1d139237b__PDFV2__CH_0003,74
57b8ba27e7ef2ca1d139237b__PDFV2__CH_0004__M,87
57b8ba27e7ef2ca1d139237b__PDFV2__CH_0007,94
57b8ba27e7ef2ca1d139237b__PDFV2__CH_0008,99
57b8ba27e7ef2ca1d139237b__PDFV2__CH_0009,100
57b8ba27e7ef2ca1d139237b__PDFV2__CH_0010,113
57b8ec14e80680d801f1c6a3__57b8ec14e80680d801f1c6a3__SEG_0001__CH_003,105
57d720e5d5930fa7396b8ecc__PDFV2__CH_0001,66
57d720e5d5930fa7396b8ecc__PDFV2__CH_0003,86
57d720e5d5930fa7396b8ecc__PDFV2__CH_0004,86
57d720e5d5930fa7396b8ecc__PDFV2__CH_0005,76
57d720e5d5930fa7396b8ecc__PDFV2__CH_0006,92
57f384cb8d2f209d3bf1b444__57f384cb8d2f209d3bf1b444__SEG_0001__CH_001,34
580751f338ae490ed871ecd3__580751f338ae490ed871ecd3__SEG_0001__CH_001,82
5836fe470d587cb46c5cf74c__5836fe470d587cb46c5cf74c__SEG_0001__CH_001,95
5836fe470d587cb46c5cf74c__5836fe470d587cb46c5cf74c__SEG_0001__CH_002,97
58e0f09b43e1b07372636b2b__58e0f09b43e1b07372636b2b__SEG_0001__CH_001,96
58e9b31a9635519245d74bd8__58e9b31a9635519245d74bd8__SEG_0001__CH_001,72
58e9b31a9635519245d74bd8__58e9b31a9635519245d74bd8__SEG_0001__CH_002,56
59762c09f8b3de46e119fced__59762c09f8b3de46e119fced__SEG_0001__CH_001,88
59762c09f8b3de46e119fced__59762c09f8b3de46e119fced__SEG_0001__CH_002,71
59af4daaa25022a44aa75844__PDFV2__CH_0001,78
59af4daaa25022a44aa75844__PDFV2__CH_0002,80
59af4daaa25022a44aa75844__PDFV2__CH_0003,66
59b04b6c358fb6bac3ea7302__59b04b6c358fb6bac3ea7302__SEG_0001__CH_001,91
59b04b6c358fb6bac3ea7302__59b04b6c358fb6bac3ea7302__SEG_0001__CH_002,166
59df194d0d4b55addb7ea8fc__PDFV2__CH_0002,92
59df194d0d4b55addb7ea8fc__PDFV2__CH_0003,58
59f2f0f107320acee8cc2f9e__59f2f0f107320acee8cc2f9e__SEG_0001__CH_001,160
5a0b09f0cc56fd9f4256c733__PDFV2__CH_0001,71
5a0b09f0cc56fd9f4256c733__PDFV2__CH_0003,71
5a0b09f0cc56fd9f4256c733__PDFV2__CH_0004,69
5a0b09f0cc56fd9f4256c733__PDFV2__CH_0005,108
5a0b09f0cc56fd9f4256c733__PDFV2__CH_0006,112
5a0b09f0cc56fd9f4256c733__PDFV2__CH_0007,83
5a0b09f0cc56fd9f4256c733__PDFV2__CH_0008,66
5a0b09f0cc56fd9f4256c733__PDFV2__CH_0009,93
5a0b09f0cc56fd9f4256c733__PDFV2__CH_0010,85
5a0b09f0cc56fd9f4256c733__PDFV2__CH_0011,53
5a0b09f0cc56fd9f4256c733__PDFV2__CH_0012,134
5a0b09f0cc56fd9f4256c733__PDFV2__CH_0013,170
5a0b09f0cc56fd9f4256c733__PDFV2__CH_0014,74
5a0b09f0cc56fd9f4256c733__PDFV2__CH_0015,125
5a0b09f0cc56fd9f4256c733__PDFV2__CH_0016,78
5a0b09f0cc56fd9f4256c733__PDFV2__CH_0017,102
5a0b09f0cc56fd9f4256c733__PDFV2__CH_0018,77
5a0b09f0cc56fd9f4256c733__PDFV2__CH_0019,85
5a0b09f0cc56fd9f4256c733__PDFV2__CH_0020,119
5a0b09f0cc56fd9f4256c733__PDFV2__CH_0021,88
5a0b09f0cc56fd9f4256c733__PDFV2__CH_0022,102
5a0b09f0cc56fd9f4256c733__PDFV2__CH_0023,87
5a0b09f0cc56fd9f4256c733__PDFV2__CH_0024,72
5a0b09f0cc56fd9f4256c733__PDFV2__CH_0025,84
5a0b09f0cc56fd9f4256c733__PDFV2__CH_0026,139
5a0b09f0cc56fd9f4256c733__PDFV2__CH_0027,98
5a0b09f0cc56fd9f4256c733__PDFV2__CH_0028,103
5a0b09f0cc56fd9f4256c733__PDFV2__CH_0029,127
5a0b09f0cc56fd9f4256c733__PDFV2__CH_0030,62
5a0b09f0cc56fd9f4256c733__PDFV2__CH_0031,101
5a0b09f0cc56fd9f4256c733__PDFV2__CH_0032,87
5a0b09f0cc56fd9f4256c733__PDFV2__CH_0033,71
5a0b09f0cc56fd9f4256c733__PDFV2__CH_0034,69
5a0b09f0cc56fd9f4256c733__PDFV2__CH_0035,78
5a0b09f0cc56fd9f4256c733__PDFV2__CH_0036,100
5a0b09f0cc56fd9f4256c733__PDFV2__CH_0037,92
5a0b09f0cc56fd9f4256c733__PDFV2__CH_0038,111
5a0b09f0cc56fd9f4256c733__PDFV2__CH_0039,107
5a0b09f0cc56fd9f4256c733__PDFV2__CH_0040,122
5a0b09f0cc56fd9f4256c733__PDFV2__CH_0041,94
5a0b09f0cc56fd9f4256c733__PDFV2__CH_0042,108
5a0b09f0cc56fd9f4256c733__PDFV2__CH_0043,121
5a0b09f0cc56fd9f4256c733__PDFV2__CH_0044,99
5a0b09f0cc56fd9f4256c733__PDFV2__CH_0045,98
5a0b09f0cc56fd9f4256c733__PDFV2__CH_0046,106
5a0b09f0cc56fd9f4256c733__PDFV2__CH_0047,96
5a0b09f0cc56fd9f4256c733__PDFV2__CH_0048,95
5a0b09f0cc56fd9f4256c733__PDFV2__CH_0049,92
5a0b09f0cc56fd9f4256c733__PDFV2__CH_0050,109
5a0b09f0cc56fd9f4256c733__PDFV2__CH_0051,100
5a0b09f0cc56fd9f4256c733__PDFV2__CH_0052,81
5a0b09f0cc56fd9f4256c733__PDFV2__CH_0053,119
5a0b09f0cc56fd9f4256c733__PDFV2__CH_0054,57
5a0b09f0cc56fd9f4256c733__PDFV2__CH_0055,123
5a0b09f0cc56fd9f4256c733__PDFV2__CH_0056,119
5a2aa1f8a7ecf3dafcd1f277__5a2aa1f8a7ecf3dafcd1f277__SEG_0001__CH_001,86
5a2aa1f8a7ecf3dafcd1f277__5a2aa1f8a7ecf3dafcd1f277__SEG_0001__CH_002,84
5a3c495219c4b7df0457deea__5a3c495219c4b7df0457deea__SEG_0001__CH_001,90
5a3c495219c4b7df0457deea__5a3c495219c4b7df0457deea__SEG_0001__CH_002,68
5a3c495219c4b7df0457deea__5a3c495219c4b7df0457deea__SEG_0001__CH_003,118
5a5f55a0fbe7e38e4e620642__5a5f55a0fbe7e38e4e620642__SEG_0001__CH_001,75
5a5f55a0fbe7e38e4e620642__5a5f55a0fbe7e38e4e620642__SEG_0001__CH_002,114
5a5f55a0fbe7e38e4e620642__5a5f55a0fbe7e38e4e620642__SEG_0001__CH_003,91
5a9585f1f80b07970d2d188b__5a9585f1f80b07970d2d188b__SEG_0001__CH_001,115
5a9585f1f80b07970d2d188b__5a9585f1f80b07970d2d188b__SEG_0001__CH_002,91
5aaac79a6909be72c8bcb38f__5aaac79a6909be72c8bcb38f__SEG_0001__CH_001,79
5aaac79a6909be72c8bcb38f__5aaac79a6909be72c8bcb38f__SEG_0001__CH_002,115
5aaac79a6909be72c8bcb38f__5aaac79a6909be72c8bcb38f__SEG_0001__CH_003,140
5aaac79a6909be72c8bcb38f__5aaac79a6909be72c8bcb38f__SEG_0001__CH_004,217
5aaac79a6909be72c8bcb38f__5aaac79a6909be72c8bcb38f__SEG_0001__CH_005,84
5aaac79a6909be72c8bcb38f__5aaac79a6909be72c8bcb38f__SEG_0002__CH_003,44
5ac41e591dea686be1bf39da__5ac41e591dea686be1bf39da__SEG_0001__CH_001,66
5ac41e591dea686be1bf39da__5ac41e591dea686be1bf39da__SEG_0001__CH_002,90
5ac41e591dea686be1bf39da__5ac41e591dea686be1bf39da__SEG_0001__CH_003,105
5ac41e591dea686be1bf39da__5ac41e591dea686be1bf39da__SEG_0001__CH_004,103
5ac41e591dea686be1bf39da__5ac41e591dea686be1bf39da__SEG_0001__CH_005,102
5ac41e591dea686be1bf39da__5ac41e591dea686be1bf39da__SEG_0002__CH_001,83
5ac41e591dea686be1bf39da__5ac41e591dea686be1bf39da__SEG_0002__CH_002,87
5ac41e591dea686be1bf39da__5ac41e591dea686be1bf39da__SEG_0002__CH_003,93
5ac41e591dea686be1bf39da__5ac41e591dea686be1bf39da__SEG_0003__CH_001,88
5ac41e591dea686be1bf39da__5ac41e591dea686be1bf39da__SEG_0003__CH_002,93
5ac921287907abc3c8f38566__5ac921287907abc3c8f38566__SEG_0001__CH_001,143
5ac921287907abc3c8f38566__5ac921287907abc3c8f38566__SEG_0001__CH_002,150
5ac921287907abc3c8f38566__5ac921287907abc3c8f38566__SEG_0001__CH_003,159
5ad709a8edd0741500a840e0__PDFV2__CH_0003,82
5ad709a8edd0741500a840e0__PDFV2__CH_0004,150
5ad709a8edd0741500a840e0__PDFV2__CH_0005,131
5ad709a8edd0741500a840e0__PDFV2__CH_0006,83
5ad709a8edd0741500a840e0__PDFV2__CH_0007,70
5ad709a8edd0741500a840e0__PDFV2__CH_0008,110
5ad709a8edd0741500a840e0__PDFV2__CH_0009,151
5ad709a8edd0741500a840e0__PDFV2__CH_0010,121
5ad709a8edd0741500a840e0__PDFV2__CH_0011,79
5aec58f4f1a7785d76ac7414__5aec58f4f1a7785d76ac7414__SEG_0001__CH_001,80
5aec58f4f1a7785d76ac7414__5aec58f4f1a7785d76ac7414__SEG_0001__CH_002,33
5aec58f4f1a7785d76ac7414__5aec58f4f1a7785d76ac7414__SEG_0001__CH_003,53
5b1c2766f48271b1aca2d65e__PDFV2__CH_0001,63
5b1c2766f48271b1aca2d65e__PDFV2__CH_0002,40
5b1c2766f48271b1aca2d65e__PDFV2__CH_0005,58
5b1c2766f48271b1aca2d65e__PDFV2__CH_0006,59
5b27b17f0a03c3f4f27da8f8__5b27b17f0a03c3f4f27da8f8__SEG_0001__CH_001,105
5b7545e0c86bedd286eef784__PDFV2__CH_0001,60
5b7545e0c86bedd286eef784__PDFV2__CH_0002,60
5b7545e0c86bedd286eef784__PDFV2__CH_0003,85
5b7545e0c86bedd286eef784__PDFV2__CH_0004,90
5b7545e0c86bedd286eef784__PDFV2__CH_0005,45
5c076b76e4d060dcb8c460f2__5c076b76e4d060dcb8c460f2__SEG_0001__CH_001,101
5c076b76e4d060dcb8c460f2__5c076b76e4d060dcb8c460f2__SEG_0001__CH_002,114
5c076b76e4d060dcb8c460f2__5c076b76e4d060dcb8c460f2__SEG_0001__CH_003,101
5c076b76e4d060dcb8c460f2__5c076b76e4d060dcb8c460f2__SEG_0001__CH_004,107
5c076b76e4d060dcb8c460f2__5c076b76e4d060dcb8c460f2__SEG_0001__CH_005,99
5c215500374bf1b237bffdf4__5c215500374bf1b237bffdf4__SEG_0001__CH_001__S1,78
5c215500374bf1b237bffdf4__5c215500374bf1b237bffdf4__SEG_0001__CH_001__S2,107
5c215500374bf1b237bffdf4__5c215500374bf1b237bffdf4__SEG_0001__CH_001__S3,69
5c215500374bf1b237bffdf4__5c215500374bf1b237bffdf4__SEG_0001__CH_001__S4,71
5c215500374bf1b237bffdf4__5c215500374bf1b237bffdf4__SEG_0001__CH_001__S5,90
5c215500374bf1b237bffdf4__5c215500374bf1b237bffdf4__SEG_0001__CH_001__S6,82
5c215500374bf1b237bffdf4__5c215500374bf1b237bffdf4__SEG_0001__CH_001__S7,76
5c55d3e800a92ca418fc3cd8__PDFV2__CH_0006,45
5cdbaa650437e614cbce2aa6__5cdbaa650437e614cbce2aa6__SEG_0001__CH_001,84
5cdbaa650437e614cbce2aa6__5cdbaa650437e614cbce2aa6__SEG_0001__CH_002,95
5cdbaa650437e614cbce2aa6__5cdbaa650437e614cbce2aa6__SEG_0001__CH_003,110
5cdbaa650437e614cbce2aa6__5cdbaa650437e614cbce2aa6__SEG_0001__CH_004,85
5cdbaa650437e614cbce2aa6__5cdbaa650437e614cbce2aa6__SEG_0002__CH_001,118
5cdbaa650437e614cbce2aa6__5cdbaa650437e614cbce2aa6__SEG_0002__CH_002,116
5cdbaa650437e614cbce2aa6__5cdbaa650437e614cbce2aa6__SEG_0003__CH_001,104
5cdbaa650437e614cbce2aa6__5cdbaa650437e614cbce2aa6__SEG_0003__CH_002,109
5cdbaa650437e614cbce2aa6__5cdbaa650437e614cbce2aa6__SEG_0003__CH_003,123
5cdbaa650437e614cbce2aa6__5cdbaa650437e614cbce2aa6__SEG_0004__CH_002,85
5cdbaa650437e614cbce2aa6__5cdbaa650437e614cbce2aa6__SEG_0004__CH_003,113
5cdbaa650437e614cbce2aa6__5cdbaa650437e614cbce2aa6__SEG_0004__CH_004,81
5cdbaa650437e614cbce2aa6__5cdbaa650437e614cbce2aa6__SEG_0004__CH_005,81
5cdbaa650437e614cbce2aa6__5cdbaa650437e614cbce2aa6__SEG_0004__CH_006,73
5cdbaa650437e614cbce2aa6__5cdbaa650437e614cbce2aa6__SEG_0004__CH_007,74
5cdbaa650437e614cbce2aa6__5cdbaa650437e614cbce2aa6__SEG_0004__CH_008,112
5d45d5f271b439eeba6e3fe9__PDFV2__CH_0001,86
5d45d5f271b439eeba6e3fe9__PDFV2__CH_0002,108
5d45d5f271b439eeba6e3fe9__PDFV2__CH_0003,105
5d45d5f271b439eeba6e3fe9__PDFV2__CH_0004,107
5d45d5f271b439eeba6e3fe9__PDFV2__CH_0005,75
5d540b536f600c77400c2261__5d540b536f600c77400c2261__SEG_0001__CH_001,54
5d651059398467a66f8a5abf__5d651059398467a66f8a5abf__SEG_0001__CH_002,78
5d651059398467a66f8a5abf__5d651059398467a66f8a5abf__SEG_0001__CH_003__M,76
5d651059398467a66f8a5abf__5d651059398467a66f8a5abf__SEG_0001__CH_005,55
5d658ad23b46160830540370__5d658ad23b46160830540370__SEG_0001__CH_001,63
5d658ad23b46160830540370__5d658ad23b46160830540370__SEG_0001__CH_002,102
5d658ad23b46160830540370__5d658ad23b46160830540370__SEG_0001__CH_003,41
5d7aad23d357bf5b841b9c81__PDFV2__CH_0003,102
5d7aad23d357bf5b841b9c81__PDFV2__CH_0004,76
5d7aad23d357bf5b841b9c81__PDFV2__CH_0008,93
5d7aad23d357bf5b841b9c81__PDFV2__CH_0010,107
5d7aad23d357bf5b841b9c81__PDFV2__CH_0011,104
5d7aad23d357bf5b841b9c81__PDFV2__CH_0012,104
5d7aad23d357bf5b841b9c81__PDFV2__CH_0013,95
5d7aad23d357bf5b841b9c81__PDFV2__CH_0014,103
5d7aad23d357bf5b841b9c81__PDFV2__CH_0015,84
5d7aad23d357bf5b841b9c81__PDFV2__CH_0016,93
5d7aad23d357bf5b841b9c81__PDFV2__CH_0017,87
5d7aad23d357bf5b841b9c81__PDFV2__CH_0019,84
5d7aad23d357bf5b841b9c81__PDFV2__CH_0020,90
5d7aad23d357bf5b841b9c81__PDFV2__CH_0021,104
5d7aad23d357bf5b841b9c81__PDFV2__CH_0022,82
5d7aad23d357bf5b841b9c81__PDFV2__CH_0023,97
5d7aad23d357bf5b841b9c81__PDFV2__CH_0024,103
5d7aad23d357bf5b841b9c81__PDFV2__CH_0026,115
5d7aad23d357bf5b841b9c81__PDFV2__CH_0027,76
5d7aad23d357bf5b841b9c81__PDFV2__CH_0028,85
5d7aad23d357bf5b841b9c81__PDFV2__CH_0029,74
5d7aad23d357bf5b841b9c81__PDFV2__CH_0030,96
5d7aad23d357bf5b841b9c81__PDFV2__CH_0032,83
5d7aad23d357bf5b841b9c81__PDFV2__CH_0033,95
5d7aad23d357bf5b841b9c81__PDFV2__CH_0034,84
5d7aad23d357bf5b841b9c81__PDFV2__CH_0035,71
5d7aad23d357bf5b841b9c81__PDFV2__CH_0036,107
5d7aad23d357bf5b841b9c81__PDFV2__CH_0037,60
5d7dd5a3e2f0ac4a89aa3c23__5d7dd5a3e2f0ac4a89aa3c23__SEG_0001__CH_001,48
5d8a91b1175f7727d9279d89__5d8a91b1175f7727d9279d89__SEG_0001__CH_001,65
5d8a91b1175f7727d9279d89__5d8a91b1175f7727d9279d89__SEG_0001__CH_002,56
5d91f8acea9c11f1bd311936__5d91f8acea9c11f1bd311936__SEG_0001__CH_002,49
5d91f8acea9c11f1bd311936__5d91f8acea9c11f1bd311936__SEG_0001__CH_003,90
5da60702b618a0ca15b28b8e__5da60702b618a0ca15b28b8e__SEG_0001__CH_001,72
5dcfd518b30e8ceb24ad9191__PDFV2__CH_0009,87
5dcfd518b30e8ceb24ad9191__PDFV2__CH_0013,93
5dcfd518b30e8ceb24ad9191__PDFV2__CH_0014,92
5dcfd518b30e8ceb24ad9191__PDFV2__CH_0015__M,69
5dcfd518b30e8ceb24ad9191__PDFV2__CH_0017__M,98
5dcfd518b30e8ceb24ad9191__PDFV2__CH_0019,71
5dcfd518b30e8ceb24ad9191__PDFV2__CH_0021,88
5dcfd518b30e8ceb24ad9191__PDFV2__CH_0022,54
5dcfd518b30e8ceb24ad9191__PDFV2__CH_0024,112
5dcfd518b30e8ceb24ad9191__PDFV2__CH_0027,80
5dcfd518b30e8ceb24ad9191__PDFV2__CH_0028,94
5dcfd518b30e8ceb24ad9191__PDFV2__CH_0029,141
5dcfd518b30e8ceb24ad9191__PDFV2__CH_0030,66
5dcfd518b30e8ceb24ad9191__PDFV2__CH_0032,87
5dd3830aa097fde2944dc753__PDFV2__CH_0001,87
5e1291dd0784545b9573ee9f__PDFV2__CH_0001,86
5e1291dd0784545b9573ee9f__PDFV2__CH_0002,93
5e1291dd0784545b9573ee9f__PDFV2__CH_0003,76
5e153ca5414a06a35c54be6d__PDFV2__CH_0008__M,156
5e153ca5414a06a35c54be6d__PDFV2__CH_0011,80
5e153ca5414a06a35c54be6d__PDFV2__CH_0012,123
5e153ca5414a06a35c54be6d__PDFV2__CH_0013,91
5e153ca5414a06a35c54be6d__PDFV2__CH_0023,80
5e153ca5414a06a35c54be6d__PDFV2__CH_0034,85
5e153ca5414a06a35c54be6d__PDFV2__CH_0036,73
5e153ca5414a06a35c54be6d__PDFV2__CH_0051,68
5e616f0883ef2acf3f898253__5e616f0883ef2acf3f898253__SEG_0001__CH_002,95
5e96222d5f6ef34d394035d3__5e96222d5f6ef34d394035d3__SEG_0001__CH_001,74
5e96222d5f6ef34d394035d3__5e96222d5f6ef34d394035d3__SEG_0001__CH_002,77
5ea3bf1f8f34def4277d6c88__5ea3bf1f8f34def4277d6c88__SEG_0001__CH_001,108
5ea3bf1f8f34def4277d6c88__5ea3bf1f8f34def4277d6c88__SEG_0001__CH_002,171
5ea3bf1f8f34def4277d6c88__5ea3bf1f8f34def4277d6c88__SEG_0001__CH_003,98
5ea3bf1f8f34def4277d6c88__5ea3bf1f8f34def4277d6c88__SEG_0001__CH_004,123
5ea810f407db8d6b99950bba__5ea810f407db8d6b99950bba__SEG_0001__CH_001,48
5ec2817c694c433a56aabda2__5ec2817c694c433a56aabda2__SEG_0001__CH_001,76
5ede9c03b682b0808eeebdca__5ede9c03b682b0808eeebdca__SEG_0001__CH_001,44
5f16a3830eab80923e6001b4__PDFV2__CH_0002,67
5f16a3830eab80923e6001b4__PDFV2__CH_0003,78
5f16a3830eab80923e6001b4__PDFV2__CH_0004,89
5f16a3830eab80923e6001b4__PDFV2__CH_0005,84
5f16a3830eab80923e6001b4__PDFV2__CH_0006,114
5f16a3830eab80923e6001b4__PDFV2__CH_0007,66
5f16a3830eab80923e6001b4__PDFV2__CH_0008,123
5f16a3830eab80923e6001b4__PDFV2__CH_0009,76
5f16a3830eab80923e6001b4__PDFV2__CH_0010,89
5f16a3830eab80923e6001b4__PDFV2__CH_0011,119
5f16a3830eab80923e6001b4__PDFV2__CH_0012,82
5f16a3830eab80923e6001b4__PDFV2__CH_0014,65
5f16a3830eab80923e6001b4__PDFV2__CH_0015,94
5f16a3830eab80923e6001b4__PDFV2__CH_0016,104
5f16a3830eab80923e6001b4__PDFV2__CH_0017,91
5f16a3830eab80923e6001b4__PDFV2__CH_0018,72
5f16a3830eab80923e6001b4__PDFV2__CH_0019,103
5f16a3830eab80923e6001b4__PDFV2__CH_0020,103
5f16a3830eab80923e6001b4__PDFV2__CH_0021,76
5f16a3830eab80923e6001b4__PDFV2__CH_0022,109
5f16a3830eab80923e6001b4__PDFV2__CH_0023,133
5f2cbf49c63349217a8bbaa2__5f2cbf49c63349217a8bbaa2__SEG_0001__CH_001,87
5f2cbf49c63349217a8bbaa2__5f2cbf49c63349217a8bbaa2__SEG_0001__CH_002,98
5f3b1b15dbefc161a05780cd__5f3b1b15dbefc161a05780cd__SEG_0001__CH_001,65
5f8342eb3f38e4119244d2f2__PDFV2__CH_0002,73
5f8342eb3f38e4119244d2f2__PDFV2__CH_0003,46
5f8342eb3f38e4119244d2f2__PDFV2__CH_0005,62
5f8342eb3f38e4119244d2f2__PDFV2__CH_0006,44
5f8342eb3f38e4119244d2f2__PDFV2__CH_0007,71
5f8342eb3f38e4119244d2f2__PDFV2__CH_0008,38
5f838d492a1602416eb588d4__PDFV2__CH_0001,60
5f838d492a1602416eb588d4__PDFV2__CH_0002,30
5f838d492a1602416eb588d4__PDFV2__CH_0003,133
5f838d492a1602416eb588d4__PDFV2__CH_0004,109
5f838d492a1602416eb588d4__PDFV2__CH_0005,82
5f838d492a1602416eb588d4__PDFV2__CH_0006,98
5f838d492a1602416eb588d4__PDFV2__CH_0007,103
5f838d492a1602416eb588d4__PDFV2__CH_0008,57
5f838d492a1602416eb588d4__PDFV2__CH_0009,79
5f838d492a1602416eb588d4__PDFV2__CH_0010,77
5f838d492a1602416eb588d4__PDFV2__CH_0011,54
5f838d492a1602416eb588d4__PDFV2__CH_0012,104
5f838d492a1602416eb588d4__PDFV2__CH_0013,101
5f838d492a1602416eb588d4__PDFV2__CH_0014,104
5f838d492a1602416eb588d4__PDFV2__CH_0015,104
5f838d492a1602416eb588d4__PDFV2__CH_0016,67
5f838d492a1602416eb588d4__PDFV2__CH_0017,135
5f838d492a1602416eb588d4__PDFV2__CH_0018,95
5f838d492a1602416eb588d4__PDFV2__CH_0019,131
5f838d492a1602416eb588d4__PDFV2__CH_0020,90
5f838d492a1602416eb588d4__PDFV2__CH_0021,63
5f838d492a1602416eb588d4__PDFV2__CH_0022,101
5f838d492a1602416eb588d4__PDFV2__CH_0023__M,96
5f838d492a1602416eb588d4__PDFV2__CH_0025,107
5f838d492a1602416eb588d4__PDFV2__CH_0026,117
5f838d492a1602416eb588d4__PDFV2__CH_0027,142
5f838d492a1602416eb588d4__PDFV2__CH_0028__M,113
5f838d492a1602416eb588d4__PDFV2__CH_0031,93
5faa4b6bae8df4e0179235e3__5faa4b6bae8df4e0179235e3__SEG_0001__CH_001,50
5fee9ee43835e3d67e806967__5fee9ee43835e3d67e806967__SEG_0001__CH_001,85
5fee9ee43835e3d67e806967__5fee9ee43835e3d67e806967__SEG_0001__CH_002,113
6025e16dea422edf204dcc4f__6025e16dea422edf204dcc4f__SEG_0001__CH_003,96
6025e16dea422edf204dcc4f__6025e16dea422edf204dcc4f__SEG_0001__CH_004,70
604bbb898c6fb9cb28ffd96b__604bbb898c6fb9cb28ffd96b__SEG_0001__CH_001,42
606a15f8bce3690aae72c595__PDFV2__CH_0001,76
606a15f8bce3690aae72c595__PDFV2__CH_0002,86
606a15f8bce3690aae72c595__PDFV2__CH_0003__M,153
606a15f8bce3690aae72c595__PDFV2__CH_0005,72
606a15f8bce3690aae72c595__PDFV2__CH_0006,98
606a15f8bce3690aae72c595__PDFV2__CH_0007,83
606a15f8bce3690aae72c595__PDFV2__CH_0008,89
606a15f8bce3690aae72c595__PDFV2__CH_0009,80
606a15f8bce3690aae72c595__PDFV2__CH_0010,94
606a15f8bce3690aae72c595__PDFV2__CH_0011,108
606a15f8bce3690aae72c595__PDFV2__CH_0012,112
608db2a1961c58e7efd505e3__PDFV2__CH_0002,103
60ab3932392d4b2a51bd2f8e__60ab3932392d4b2a51bd2f8e__SEG_0001__CH_002,49
60dad805d2c6a8fd45c7ab0f__60dad805d2c6a8fd45c7ab0f__SEG_0001__CH_001,55
610df2305a227e75bd383cf8__610df2305a227e75bd383cf8__SEG_0001__CH_001,63
610df2305a227e75bd383cf8__610df2305a227e75bd383cf8__SEG_0001__CH_002,91
610df2305a227e75bd383cf8__610df2305a227e75bd383cf8__SEG_0001__CH_003,92
610df2305a227e75bd383cf8__610df2305a227e75bd383cf8__SEG_0001__CH_004,52
610df2305a227e75bd383cf8__610df2305a227e75bd383cf8__SEG_0001__CH_005__M,81
610df2305a227e75bd383cf8__610df2305a227e75bd383cf8__SEG_0001__CH_007,85
610df2305a227e75bd383cf8__610df2305a227e75bd383cf8__SEG_0001__CH_008,95
610df2305a227e75bd383cf8__610df2305a227e75bd383cf8__SEG_0002__CH_002,35
610df2305a227e75bd383cf8__610df2305a227e75bd383cf8__SEG_0002__CH_003,55
610df2305a227e75bd383cf8__610df2305a227e75bd383cf8__SEG_0002__CH_004,33
610df2305a227e75bd383cf8__610df2305a227e75bd383cf8__SEG_0002__CH_006,65
610df2305a227e75bd383cf8__610df2305a227e75bd383cf8__SEG_0002__CH_007,50
610df2305a227e75bd383cf8__610df2305a227e75bd383cf8__SEG_0002__CH_008,42
610df2305a227e75bd383cf8__610df2305a227e75bd383cf8__SEG_0002__CH_009,68
610df2305a227e75bd383cf8__610df2305a227e75bd383cf8__SEG_0002__CH_010,103
610df2305a227e75bd383cf8__610df2305a227e75bd383cf8__SEG_0002__CH_011,59
6114b1b04df9360bfa688cde__6114b1b04df9360bfa688cde__SEG_0001__CH_001,91
6118b7f0105671c9e492f8c3__6118b7f0105671c9e492f8c3__SEG_0001__CH_001,125
6118b7f0105671c9e492f8c3__6118b7f0105671c9e492f8c3__SEG_0001__CH_002,119
6118b7f0105671c9e492f8c3__6118b7f0105671c9e492f8c3__SEG_0001__CH_003,107
6118b7f0105671c9e492f8c3__6118b7f0105671c9e492f8c3__SEG_0001__CH_004,95
6118b7f0105671c9e492f8c3__6118b7f0105671c9e492f8c3__SEG_0001__CH_005,59
6118b7f0105671c9e492f8c3__6118b7f0105671c9e492f8c3__SEG_0002__CH_001,81
6118b7f0105671c9e492f8c3__6118b7f0105671c9e492f8c3__SEG_0002__CH_003,65
6193c52db0bb26428a4ab78f__6193c52db0bb26428a4ab78f__SEG_0001__CH_001,74
6193c52db0bb26428a4ab78f__6193c52db0bb26428a4ab78f__SEG_0001__CH_002,70
61997976401815dd9402fc01__61997976401815dd9402fc01__SEG_0001__CH_001,76
6258071e5867d0dfcdfb64ce__6258071e5867d0dfcdfb64ce__SEG_0001__CH_001,52
627c6fe3ace88c4122886ae0__627c6fe3ace88c4122886ae0__SEG_0001__CH_001,67
627c6fe3ace88c4122886ae0__627c6fe3ace88c4122886ae0__SEG_0001__CH_002,73
62e7e66afb3e68ba4961b88e__62e7e66afb3e68ba4961b88e__SEG_0001__CH_001,82
62e7e66afb3e68ba4961b88e__62e7e66afb3e68ba4961b88e__SEG_0001__CH_002,91
62e7e66afb3e68ba4961b88e__62e7e66afb3e68ba4961b88e__SEG_0002__CH_001,135
62e7e66afb3e68ba4961b88e__62e7e66afb3e68ba4961b88e__SEG_0002__CH_002,128
62e7e66afb3e68ba4961b88e__62e7e66afb3e68ba4961b88e__SEG_0002__CH_003,107
62f71394cb3a818447476b9a__PDFV2__CH_0001,53
62f71394cb3a818447476b9a__PDFV2__CH_0002,113
62f71394cb3a818447476b9a__PDFV2__CH_0003,79
62f71394cb3a818447476b9a__PDFV2__CH_0004,65
62f71394cb3a818447476b9a__PDFV2__CH_0005__M,84
62f71394cb3a818447476b9a__PDFV2__CH_0007,85
63fcaa3230b4bbd65903b152__63fcaa3230b4bbd65903b152__SEG_0001__CH_001,58
63fcaa3230b4bbd65903b152__63fcaa3230b4bbd65903b152__SEG_0001__CH_002,47
6452eff3c952d4df0fcc3475__6452eff3c952d4df0fcc3475__SEG_0001__CH_001,87
6452eff3c952d4df0fcc3475__6452eff3c952d4df0fcc3475__SEG_0001__CH_002,98
64a9f02a81e066c2b1f872dd__64a9f02a81e066c2b1f872dd__SEG_0001__CH_001,88
64a9f02a81e066c2b1f872dd__64a9f02a81e066c2b1f872dd__SEG_0001__CH_002,96
64a9f02a81e066c2b1f872dd__64a9f02a81e066c2b1f872dd__SEG_0001__CH_003,117
64cf2848a1628e2cd468d823__PDFV2__CH_0001,80
64cf2848a1628e2cd468d823__PDFV2__CH_0002,120
64cf2848a1628e2cd468d823__PDFV2__CH_0003,76
64cf2848a1628e2cd468d823__PDFV2__CH_0004,113
64cf2848a1628e2cd468d823__PDFV2__CH_0005,76
64cf2848a1628e2cd468d823__PDFV2__CH_0006,116
64cf2848a1628e2cd468d823__PDFV2__CH_0007,71
64cf2848a1628e2cd468d823__PDFV2__CH_0008,140
64cf2848a1628e2cd468d823__PDFV2__CH_0009,61
64db43f8418760fc40fb1a43__64db43f8418760fc40fb1a43__SEG_0001__CH_001,67
64edabfe3fc9c3509d81a588__64edabfe3fc9c3509d81a588__SEG_0001__CH_001,119
64edabfe3fc9c3509d81a588__64edabfe3fc9c3509d81a588__SEG_0001__CH_002,94
64fee784b86f60a8bfc6c951__64fee784b86f60a8bfc6c951__SEG_0001__CH_001,93
64fee784b86f60a8bfc6c951__64fee784b86f60a8bfc6c951__SEG_0001__CH_002,89
64fee784b86f60a8bfc6c951__64fee784b86f60a8bfc6c951__SEG_0001__CH_003,91
6518c885c2e70191d160e74c__6518c885c2e70191d160e74c__SEG_0001__CH_001,86
6518c885c2e70191d160e74c__6518c885c2e70191d160e74c__SEG_0001__CH_002,72
6518c885c2e70191d160e74c__6518c885c2e70191d160e74c__SEG_0001__CH_003,106
6550df8ec0842db90dc67e16__6550df8ec0842db90dc67e16__SEG_0001__CH_001,47
65a3d9d537b9bdd53201a547__65a3d9d537b9bdd53201a547__SEG_0001__CH_001,78
65a3d9d537b9bdd53201a547__65a3d9d537b9bdd53201a547__SEG_0001__CH_002,109
65ae628e3a9278f8dbe9139d__65ae628e3a9278f8dbe9139d__SEG_0001__CH_001,69
65ae628e3a9278f8dbe9139d__65ae628e3a9278f8dbe9139d__SEG_0001__CH_002,76
65ae628e3a9278f8dbe9139d__65ae628e3a9278f8dbe9139d__SEG_0001__CH_003,87
65ae628e3a9278f8dbe9139d__65ae628e3a9278f8dbe9139d__SEG_0001__CH_004,109
65af23da6b28b59618039bd0__65af23da6b28b59618039bd0__SEG_0001__CH_002,49
65af593502972c917ffec577__65af593502972c917ffec577__SEG_0001__CH_002,158
65af593502972c917ffec577__65af593502972c917ffec577__SEG_0001__CH_003,178
65bd9a05aea8c22f572963b9__65bd9a05aea8c22f572963b9__SEG_0001__CH_001,48
66029f443ca9092f0c981b83__66029f443ca9092f0c981b83__SEG_0001__CH_001,93
66029f443ca9092f0c981b83__66029f443ca9092f0c981b83__SEG_0001__CH_002,95
663570e92fd78a0e6677efc5__663570e92fd78a0e6677efc5__SEG_0001__CH_001,95
663570e92fd78a0e6677efc5__663570e92fd78a0e6677efc5__SEG_0001__CH_002,114
663570e92fd78a0e6677efc5__663570e92fd78a0e6677efc5__SEG_0001__CH_003,82
663570e92fd78a0e6677efc5__663570e92fd78a0e6677efc5__SEG_0001__CH_004,109
663570e92fd78a0e6677efc5__663570e92fd78a0e6677efc5__SEG_0001__CH_005,134
663570e92fd78a0e6677efc5__663570e92fd78a0e6677efc5__SEG_0001__CH_006,101
663570e92fd78a0e6677efc5__663570e92fd78a0e6677efc5__SEG_0002__CH_001,82
663570e92fd78a0e6677efc5__663570e92fd78a0e6677efc5__SEG_0002__CH_002,82
663570e92fd78a0e6677efc5__663570e92fd78a0e6677efc5__SEG_0002__CH_003,185
66500a908b7c8deddf7feec6__66500a908b7c8deddf7feec6__SEG_0001__CH_001,113
66500a908b7c8deddf7feec6__66500a908b7c8deddf7feec6__SEG_0001__CH_002,75
66586f28ffa7279b01edbb4a__66586f28ffa7279b01edbb4a__SEG_0001__CH_002,64
66ba9a52431262e760bd3285__PDFV2__CH_0003,58
66bce650053573c101b41e86__PDFV2__CH_0001,73
66bce650053573c101b41e86__PDFV2__CH_0002,49
66bce650053573c101b41e86__PDFV2__CH_0003,30
66bce650053573c101b41e86__PDFV2__CH_0004,33
66bce650053573c101b41e86__PDFV2__CH_0005,83
66bce650053573c101b41e86__PDFV2__CH_0006,99
66bce650053573c101b41e86__PDFV2__CH_0007,65
66bce650053573c101b41e86__PDFV2__CH_0008,120
66bce650053573c101b41e86__PDFV2__CH_0009,92
66bce650053573c101b41e86__PDFV2__CH_0010,52
66bce650053573c101b41e86__PDFV2__CH_0011,62
66bce650053573c101b41e86__PDFV2__CH_0012,78
66bce650053573c101b41e86__PDFV2__CH_0013,127
66bce650053573c101b41e86__PDFV2__CH_0014,75
66bce650053573c101b41e86__PDFV2__CH_0015,96
66bce650053573c101b41e86__PDFV2__CH_0016,100
66bce650053573c101b41e86__PDFV2__CH_0017,77
66c15fa31a96fba7dd1ffeb2__66c15fa31a96fba7dd1ffeb2__SEG_0001__CH_001,101
66c15fa31a96fba7dd1ffeb2__66c15fa31a96fba7dd1ffeb2__SEG_0001__CH_002,119
66c15fa31a96fba7dd1ffeb2__66c15fa31a96fba7dd1ffeb2__SEG_0002__CH_003,38
66c2ad237417452b1b7fa942__66c2ad237417452b1b7fa942__SEG_0001__CH_001,99
66f7a458a20bd051b98638fb__66f7a458a20bd051b98638fb__SEG_0001__CH_001,96
66f7a458a20bd051b98638fb__66f7a458a20bd051b98638fb__SEG_0001__CH_002,86
66f7a458a20bd051b98638fb__66f7a458a20bd051b98638fb__SEG_0001__CH_003,106
66fff6e9f80e87e8ad469c50__66fff6e9f80e87e8ad469c50__SEG_0001__CH_001,116
66fff6e9f80e87e8ad469c50__66fff6e9f80e87e8ad469c50__SEG_0001__CH_002,127
66fff6e9f80e87e8ad469c50__66fff6e9f80e87e8ad469c50__SEG_0001__CH_003,95
671569b6fb24ec0a0ac9793a__671569b6fb24ec0a0ac9793a__SEG_0001__CH_002,89
671569b6fb24ec0a0ac9793a__671569b6fb24ec0a0ac9793a__SEG_0001__CH_003,93
67cd611b406f40a09c1581bf__PDFV2__CH_0001,79
67cd611b406f40a09c1581bf__PDFV2__CH_0002,91
67cd611b406f40a09c1581bf__PDFV2__CH_0004,86
67cd611b406f40a09c1581bf__PDFV2__CH_0005,104
67cd611b406f40a09c1581bf__PDFV2__CH_0006,101
67cd611b406f40a09c1581bf__PDFV2__CH_0007,63
67cd611b406f40a09c1581bf__PDFV2__CH_0008,105
67cd611b406f40a09c1581bf__PDFV2__CH_0009,118
67cd611b406f40a09c1581bf__PDFV2__CH_0010,102
67efbdd6d2b6ec1e88c1d201__67efbdd6d2b6ec1e88c1d201__SEG_0001__CH_001,59
68c89771830c76a49cb869a5__68c89771830c76a49cb869a5__SEG_0001__CH_001,91
68c89771830c76a49cb869a5__68c89771830c76a49cb869a5__SEG_0001__CH_002,45
68c89771830c76a49cb869a5__68c89771830c76a49cb869a5__SEG_0001__CH_003,46
68cafb09234c595ac6f42d93__68cafb09234c595ac6f42d93__SEG_0001__CH_001,75
68e8727a691797b745810ce1__PDFV2__CH_0002,53
68e8727a691797b745810ce1__PDFV2__CH_0003,104
68e8727a691797b745810ce1__PDFV2__CH_0004,93
68e8727a691797b745810ce1__PDFV2__CH_0005,91
68e8727a691797b745810ce1__PDFV2__CH_0006,43
68e8875d53825fbc701981e0__PDFV2__CH_0001,93
68e8875d53825fbc701981e0__PDFV2__CH_0002,118
68e8875d53825fbc701981e0__PDFV2__CH_0003,91
68e8875d53825fbc701981e0__PDFV2__CH_0004,104
68e8875d53825fbc701981e0__PDFV2__CH_0005,117
68e8875d53825fbc701981e0__PDFV2__CH_0006,73
68ebf70fb5371d0004e90497__68ebf70fb5371d0004e90497__SEG_0001__CH_001,85
68ebf70fb5371d0004e90497__68ebf70fb5371d0004e90497__SEG_0001__CH_002,57
69430ba82dbd7e8fbd7ffe22__69430ba82dbd7e8fbd7ffe22__SEG_0001__CH_001,144
69430ba82dbd7e8fbd7ffe22__69430ba82dbd7e8fbd7ffe22__SEG_0001__CH_002,98
69430ba82dbd7e8fbd7ffe22__69430ba82dbd7e8fbd7ffe22__SEG_0001__CH_003,82
69430ba82dbd7e8fbd7ffe22__69430ba82dbd7e8fbd7ffe22__SEG_0001__CH_004,84
696196d617f49381a265763c__696196d617f49381a265763c__SEG_0001__CH_001,39
696196d617f49381a265763c__696196d617f49381a265763c__SEG_0001__CH_002,45
696196d617f49381a265763c__696196d617f49381a265763c__SEG_0001__CH_003,113
696196d617f49381a265763c__696196d617f49381a265763c__SEG_0001__CH_004,85
696196d617f49381a265763c__696196d617f49381a265763c__SEG_0001__CH_005,80
69bc79a7b3e9aef547c2320b__69bc79a7b3e9aef547c2320b__SEG_0001__CH_001,139
69bc79a7b3e9aef547c2320b__69bc79a7b3e9aef547c2320b__SEG_0001__CH_002,65
69f598ddff14ac4a4b730ec6__69f598ddff14ac4a4b730ec6__SEG_0001__CH_001,93
69f6cf266dcbd93df73087e8__69f6cf266dcbd93df73087e8__SEG_0001__CH_001,74
6a120d38497353a1b311685d__6a120d38497353a1b311685d__SEG_0001__CH_001,112
6a120d38497353a1b311685d__6a120d38497353a1b311685d__SEG_0001__CH_002,127
6a120d38497353a1b311685d__6a120d38497353a1b311685d__SEG_0001__CH_003,99
6a120d38497353a1b311685d__6a120d38497353a1b311685d__SEG_0002__CH_001,94
6a120d38497353a1b311685d__6a120d38497353a1b311685d__SEG_0002__CH_002,121
6a3e2bf67b75253b073bcbac__6a3e2bf67b75253b073bcbac__SEG_0001__CH_001,58
6a976411da4b6ff761451f64__PDFV2__CH_0001,75
6a976411da4b6ff761451f64__PDFV2__CH_0002,99
6a976411da4b6ff761451f64__PDFV2__CH_0005,96
6a976411da4b6ff761451f64__PDFV2__CH_0006,104
6a976411da4b6ff761451f64__PDFV2__CH_0007,128
6a976411da4b6ff761451f64__PDFV2__CH_0008,123
6a976411da4b6ff761451f64__PDFV2__CH_0010,107
6a976411da4b6ff761451f64__PDFV2__CH_0011,65
6a976411da4b6ff761451f64__PDFV2__CH_0017,88
6a976411da4b6ff761451f64__PDFV2__CH_0018,126
6a976411da4b6ff761451f64__PDFV2__CH_0019,102
6a976411da4b6ff761451f64__PDFV2__CH_0022,128
6a976411da4b6ff761451f64__PDFV2__CH_0031,79
6a976411da4b6ff761451f64__PDFV2__CH_0032,102
6a976411da4b6ff761451f64__PDFV2__CH_0037,87
6a976411da4b6ff761451f64__PDFV2__CH_0038,95
6a976411da4b6ff761451f64__PDFV2__CH_0041,104
6a976411da4b6ff761451f64__PDFV2__CH_0044,98
6a976411da4b6ff761451f64__PDFV2__CH_0045,65
6a976411da4b6ff761451f64__PDFV2__CH_0046,85
6a976411da4b6ff761451f64__PDFV2__CH_0047,59
6a976411da4b6ff761451f64__PDFV2__CH_0048,87
6a976411da4b6ff761451f64__PDFV2__CH_0049,120
6a976411da4b6ff761451f64__PDFV2__CH_0050,73
6a976411da4b6ff761451f64__PDFV2__CH_0051,79
6a976411da4b6ff761451f64__PDFV2__CH_0052,77
6a976411da4b6ff761451f64__PDFV2__CH_0053,91
6a976411da4b6ff761451f64__PDFV2__CH_0054,83
6a976411da4b6ff761451f64__PDFV2__CH_0055,96
6a976411da4b6ff761451f64__PDFV2__CH_0056,56
6aef3ba704e97e8e374617de__PDFV2__CH_0006,86
6aef3ba704e97e8e374617de__PDFV2__CH_0007,76
6aef3ba704e97e8e374617de__PDFV2__CH_0008,73
6aef3ba704e97e8e374617de__PDFV2__CH_0009,92
6aef3ba704e97e8e374617de__PDFV2__CH_0010,91
6aef3ba704e97e8e374617de__PDFV2__CH_0011,72
6aef3ba704e97e8e374617de__PDFV2__CH_0017,83
6aef3ba704e97e8e374617de__PDFV2__CH_0018,85
6aef3ba704e97e8e374617de__PDFV2__CH_0019,57
6aef3ba704e97e8e374617de__PDFV2__CH_0020,92
6aef3ba704e97e8e374617de__PDFV2__CH_0021,97
6aef3ba704e97e8e374617de__PDFV2__CH_0022,113
6aef3ba704e97e8e374617de__PDFV2__CH_0023,83
6aef3ba704e97e8e374617de__PDFV2__CH_0024,84
6aef3ba704e97e8e374617de__PDFV2__CH_0025,104
6aef3ba704e97e8e374617de__PDFV2__CH_0026,63
6aef3ba704e97e8e374617de__PDFV2__CH_0027,31
6aef3ba704e97e8e374617de__PDFV2__CH_0028,54
6aef3ba704e97e8e374617de__PDFV2__CH_0030,74
6aef3ba704e97e8e374617de__PDFV2__CH_0031,72
6aef3ba704e97e8e374617de__PDFV2__CH_0032,88
6aef3ba704e97e8e374617de__PDFV2__CH_0033,104
6aef3ba704e97e8e374617de__PDFV2__CH_0034,102
6aef3ba704e97e8e374617de__PDFV2__CH_0035,97
6aef3ba704e97e8e374617de__PDFV2__CH_0036,93
6aef3ba704e97e8e374617de__PDFV2__CH_0039,114
6aef3ba704e97e8e374617de__PDFV2__CH_0040,78
6aef3ba704e97e8e374617de__PDFV2__CH_0041,81
6aef3ba704e97e8e374617de__PDFV2__CH_0043,83
6aef3ba704e97e8e374617de__PDFV2__CH_0044,81
6aef3ba704e97e8e374617de__PDFV2__CH_0046,110
6aef3ba704e97e8e374617de__PDFV2__CH_0047,64
6aef3ba704e97e8e374617de__PDFV2__CH_0048,76
6aef3ba704e97e8e374617de__PDFV2__CH_0049,81
6aef3ba704e97e8e374617de__PDFV2__CH_0050,92
6aef3ba704e97e8e374617de__PDFV2__CH_0051,116
6aef3ba704e97e8e374617de__PDFV2__CH_0052,93
6aef3ba704e97e8e374617de__PDFV2__CH_0053,115
6aef3ba704e97e8e374617de__PDFV2__CH_0054,90
6aef3ba704e97e8e374617de__PDFV2__CH_0056,89
6aef3ba704e97e8e374617de__PDFV2__CH_0057,94
6aef3ba704e97e8e374617de__PDFV2__CH_0058,97
6aef3ba704e97e8e374617de__PDFV2__CH_0059,97
6aef3ba704e97e8e374617de__PDFV2__CH_0060,107
6aef3ba704e97e8e374617de__PDFV2__CH_0061,81
6aef3ba704e97e8e374617de__PDFV2__CH_0062,79
6aef3ba704e97e8e374617de__PDFV2__CH_0063,95
6aef3ba704e97e8e374617de__PDFV2__CH_0064,89
6aef3ba704e97e8e374617de__PDFV2__CH_0065,112
6aef3ba704e97e8e374617de__PDFV2__CH_0066,86
6aef3ba704e97e8e374617de__PDFV2__CH_0067,100
6aef3ba704e97e8e374617de__PDFV2__CH_0068,64
6aef3ba704e97e8e374617de__PDFV2__CH_0069,95
6aef3ba704e97e8e374617de__PDFV2__CH_0070,82
6aef3ba704e97e8e374617de__PDFV2__CH_0071,91
6aef3ba704e97e8e374617de__PDFV2__CH_0072,52
6aef3ba704e97e8e374617de__PDFV2__CH_0073,53
6aef3ba704e97e8e374617de__PDFV2__CH_0074,88
6aef3ba704e97e8e374617de__PDFV2__CH_0075,60
6aef3ba704e97e8e374617de__PDFV2__CH_0076,83
6aef3ba704e97e8e374617de__PDFV2__CH_0077,53
6aef3ba704e97e8e374617de__PDFV2__CH_0078,85
6aef3ba704e97e8e374617de__PDFV2__CH_0079,77
6aef3ba704e97e8e374617de__PDFV2__CH_0080,104
6aef3ba704e97e8e374617de__PDFV2__CH_0081,69
6aef3ba704e97e8e374617de__PDFV2__CH_0082,89
6aef3ba704e97e8e374617de__PDFV2__CH_0083,73
6aef3ba704e97e8e374617de__PDFV2__CH_0084,55
6aef3ba704e97e8e374617de__PDFV2__CH_0085,84
6aef3ba704e97e8e374617de__PDFV2__CH_0086,81
6aef3ba704e97e8e374617de__PDFV2__CH_0087,97
6aef3ba704e97e8e374617de__PDFV2__CH_0088,125
6aef3ba704e97e8e374617de__PDFV2__CH_0089,94
6b02edc109ae417c4b256c78__6b02edc109ae417c4b256c78__SEG_0001__CH_001__M,100
6b2b6bf4015c3903031de967__6b2b6bf4015c3903031de967__SEG_0001__CH_002,48
6b2b6bf4015c3903031de967__6b2b6bf4015c3903031de967__SEG_0001__CH_003,90
6b2b6bf4015c3903031de967__6b2b6bf4015c3903031de967__SEG_0001__CH_004,131
6b2b6bf4015c3903031de967__6b2b6bf4015c3903031de967__SEG_0001__CH_005,83
6b2b6bf4015c3903031de967__6b2b6bf4015c3903031de967__SEG_0001__CH_006,63
6b2b6bf4015c3903031de967__6b2b6bf4015c3903031de967__SEG_0001__CH_007,61
6b2b6bf4015c3903031de967__6b2b6bf4015c3903031de967__SEG_0001__CH_009,60
6b47be5cc00b4be82aa24d15__6b47be5cc00b4be82aa24d15__SEG_0001__CH_002,55
6b4f861be36c3b744f924029__6b4f861be36c3b744f924029__SEG_0001__CH_001,84
6b4f861be36c3b744f924029__6b4f861be36c3b744f924029__SEG_0001__CH_002,114
6b4f861be36c3b744f924029__6b4f861be36c3b744f924029__SEG_0001__CH_003,59
6b61f0640b1fecdb0973dbcf__PDFV2__CH_0001,69
6b61f0640b1fecdb0973dbcf__PDFV2__CH_0002,85
6b61f0640b1fecdb0973dbcf__PDFV2__CH_0003,64
6b62311836b150238c357715__6b62311836b150238c357715__SEG_0001__CH_001,130
6b62311836b150238c357715__6b62311836b150238c357715__SEG_0001__CH_002,65
6b62311836b150238c357715__6b62311836b150238c357715__SEG_0001__CH_003,62
6bd148a5bd41ed69dff9e5c4__6bd148a5bd41ed69dff9e5c4__SEG_0001__CH_001,61
6bf70fe6bbfb49866132d85a__6bf70fe6bbfb49866132d85a__SEG_0001__CH_001,37
6c0d1e4ff5afc72d78da9aaf__6c0d1e4ff5afc72d78da9aaf__SEG_0001__CH_001,59
6c256f5f15eaf1b3ce3a20df__6c256f5f15eaf1b3ce3a20df__SEG_0001__CH_001,54
6c256f5f15eaf1b3ce3a20df__6c256f5f15eaf1b3ce3a20df__SEG_0001__CH_002,52
6c761f628cf5646e188ceb20__6c761f628cf5646e188ceb20__SEG_0001__CH_001,79
6c761f628cf5646e188ceb20__6c761f628cf5646e188ceb20__SEG_0001__CH_002,77
6c761f628cf5646e188ceb20__6c761f628cf5646e188ceb20__SEG_0001__CH_003,77
6c8ba3489350770a5cc4af70__PDFV2__CH_0003,71
6c8ba3489350770a5cc4af70__PDFV2__CH_0004,82
6c8ba3489350770a5cc4af70__PDFV2__CH_0005,62
6c8ba3489350770a5cc4af70__PDFV2__CH_0006,84
6c8ba3489350770a5cc4af70__PDFV2__CH_0007,78
6c8ba3489350770a5cc4af70__PDFV2__CH_0008,75
6c8ba3489350770a5cc4af70__PDFV2__CH_0010,65
6c8ba3489350770a5cc4af70__PDFV2__CH_0011,101
6c8ba3489350770a5cc4af70__PDFV2__CH_0012,80
6c8ba3489350770a5cc4af70__PDFV2__CH_0014,109
6c8ba3489350770a5cc4af70__PDFV2__CH_0015,79
6c8ba3489350770a5cc4af70__PDFV2__CH_0016,105
6c8ba3489350770a5cc4af70__PDFV2__CH_0017,84
6cc4ab608d3faa64461a7e2d__PDFV2__CH_0001__M,89
6cc4ab608d3faa64461a7e2d__PDFV2__CH_0003,70
6cc4ab608d3faa64461a7e2d__PDFV2__CH_0004,96
6cc4ab608d3faa64461a7e2d__PDFV2__CH_0005,130
6cc4ab608d3faa64461a7e2d__PDFV2__CH_0006,86
6cee13a567b97a1316b6da75__PDFV2__CH_0001,80
6cf7e1bf1ff91bd82f1b63bf__6cf7e1bf1ff91bd82f1b63bf__SEG_0001__CH_001,115
6d04d3f705dd5836649d6168__PDFV2__CH_0001,64
6d04d3f705dd5836649d6168__PDFV2__CH_0002,75
6db0894a68c625c2211c3cf5__6db0894a68c625c2211c3cf5__SEG_0001__CH_001,65
6db0894a68c625c2211c3cf5__6db0894a68c625c2211c3cf5__SEG_0001__CH_002,43
6dd62c71d285332164d2c2b1__6dd62c71d285332164d2c2b1__SEG_0001__CH_001,77
6de4fda0fe429f24d628d232__PDFV2__CH_0001,94
6de4fda0fe429f24d628d232__PDFV2__CH_0003,76
6de4fda0fe429f24d628d232__PDFV2__CH_0004,120
6de4fda0fe429f24d628d232__PDFV2__CH_0005,92
6de4fda0fe429f24d628d232__PDFV2__CH_0006,104
6de4fda0fe429f24d628d232__PDFV2__CH_0007,145
6de4fda0fe429f24d628d232__PDFV2__CH_0008,66
6de4fda0fe429f24d628d232__PDFV2__CH_0009,87
6de4fda0fe429f24d628d232__PDFV2__CH_0010,88
6de4fda0fe429f24d628d232__PDFV2__CH_0011,88
6de4fda0fe429f24d628d232__PDFV2__CH_0012,78
6de4fda0fe429f24d628d232__PDFV2__CH_0013,120
6de4fda0fe429f24d628d232__PDFV2__CH_0014,125
6de4fda0fe429f24d628d232__PDFV2__CH_0015,101
6de4fda0fe429f24d628d232__PDFV2__CH_0016,87
6de4fda0fe429f24d628d232__PDFV2__CH_0017,108
6de4fda0fe429f24d628d232__PDFV2__CH_0018,48
6de4fda0fe429f24d628d232__PDFV2__CH_0019,48
6de4fda0fe429f24d628d232__PDFV2__CH_0020,78
6de4fda0fe429f24d628d232__PDFV2__CH_0021,99
6de4fda0fe429f24d628d232__PDFV2__CH_0022,74
6de4fda0fe429f24d628d232__PDFV2__CH_0023,113
6df395c5cec1ce3b2dd9624d__6df395c5cec1ce3b2dd9624d__SEG_0001__CH_001,98
6df395c5cec1ce3b2dd9624d__6df395c5cec1ce3b2dd9624d__SEG_0002__CH_001__S1,109
6df395c5cec1ce3b2dd9624d__6df395c5cec1ce3b2dd9624d__SEG_0002__CH_001__S2,120
6df395c5cec1ce3b2dd9624d__6df395c5cec1ce3b2dd9624d__SEG_0002__CH_001__S3,123
6e24d524bf04151afca92ed2__PDFV2__CH_0010,67
6e3e77022b14dcb5c1f5633d__6e3e77022b14dcb5c1f5633d__SEG_0001__CH_001,78
6e540051e939ecc9685e91cb__6e540051e939ecc9685e91cb__SEG_0001__CH_001,59
6e576421928e6e3fbc18253f__6e576421928e6e3fbc18253f__SEG_0001__CH_001,93
6e576421928e6e3fbc18253f__6e576421928e6e3fbc18253f__SEG_0001__CH_002,86
6e770324f7578655ef5f6385__6e770324f7578655ef5f6385__SEG_0001__CH_001,183
6e770324f7578655ef5f6385__6e770324f7578655ef5f6385__SEG_0001__CH_002,115
6e83a61e51f4f8c3df975b99__PDFV2__CH_0001,94
6e83a61e51f4f8c3df975b99__PDFV2__CH_0002,94
6e9dca9c7a82f8caa663b21e__PDFV2__CH_0001,65
6e9dca9c7a82f8caa663b21e__PDFV2__CH_0002,50
6e9dca9c7a82f8caa663b21e__PDFV2__CH_0003,60
6e9dca9c7a82f8caa663b21e__PDFV2__CH_0004,125
6e9dca9c7a82f8caa663b21e__PDFV2__CH_0005,76
6e9dca9c7a82f8caa663b21e__PDFV2__CH_0006,72
6e9dca9c7a82f8caa663b21e__PDFV2__CH_0007,113
6ed828097959f772a7d8aa69__6ed828097959f772a7d8aa69__SEG_0001__CH_001,65
6ee4b07dcc1527d8fc70e71e__6ee4b07dcc1527d8fc70e71e__SEG_0001__CH_001,73
6ef07ce1f16477167828f1b7__6ef07ce1f16477167828f1b7__SEG_0001__CH_001,89
6f48ed6214355241ea031b49__PDFV2__CH_0002,129
6f6922f93d8081915538f2a7__6f6922f93d8081915538f2a7__SEG_0001__CH_001,75
6fadf902ade92f2f526bc2a7__6fadf902ade92f2f526bc2a7__SEG_0001__CH_001,89
6fadf902ade92f2f526bc2a7__6fadf902ade92f2f526bc2a7__SEG_0001__CH_002,111
6fadf902ade92f2f526bc2a7__6fadf902ade92f2f526bc2a7__SEG_0001__CH_003,127
6fadf902ade92f2f526bc2a7__6fadf902ade92f2f526bc2a7__SEG_0001__CH_004,62
7022ee3f836a3c580120aad8__7022ee3f836a3c580120aad8__SEG_0001__CH_001,102
7022ee3f836a3c580120aad8__7022ee3f836a3c580120aad8__SEG_0001__CH_002,68
7026c69cd355515d15ce98a1__7026c69cd355515d15ce98a1__SEG_0001__CH_001,63
70754718efe86bdac7ff9bfb__70754718efe86bdac7ff9bfb__SEG_0001__CH_001,66
70754718efe86bdac7ff9bfb__70754718efe86bdac7ff9bfb__SEG_0001__CH_002,66
70a118748b3ed5b8d422a5d8__70a118748b3ed5b8d422a5d8__SEG_0001__CH_002,80
70a118748b3ed5b8d422a5d8__70a118748b3ed5b8d422a5d8__SEG_0001__CH_003,79
70a118748b3ed5b8d422a5d8__70a118748b3ed5b8d422a5d8__SEG_0001__CH_004,49
70a118748b3ed5b8d422a5d8__70a118748b3ed5b8d422a5d8__SEG_0001__CH_005,72
70a118748b3ed5b8d422a5d8__70a118748b3ed5b8d422a5d8__SEG_0001__CH_007,74
70a118748b3ed5b8d422a5d8__70a118748b3ed5b8d422a5d8__SEG_0001__CH_008,92
70d1180b43f6898322dd2eef__70d1180b43f6898322dd2eef__SEG_0001__CH_001,58
7118bc67202fdfb62d7c3a5a__7118bc67202fdfb62d7c3a5a__SEG_0001__CH_002,69
7118bc67202fdfb62d7c3a5a__7118bc67202fdfb62d7c3a5a__SEG_0001__CH_003,84
7118bc67202fdfb62d7c3a5a__7118bc67202fdfb62d7c3a5a__SEG_0001__CH_004__M,78
717032ad1090f198aedfcd2a__717032ad1090f198aedfcd2a__SEG_0001__CH_005,63
717032ad1090f198aedfcd2a__717032ad1090f198aedfcd2a__SEG_0001__CH_006,68
717032ad1090f198aedfcd2a__717032ad1090f198aedfcd2a__SEG_0001__CH_007,63
717032ad1090f198aedfcd2a__717032ad1090f198aedfcd2a__SEG_0001__CH_008,71
717032ad1090f198aedfcd2a__717032ad1090f198aedfcd2a__SEG_0001__CH_010,97
717032ad1090f198aedfcd2a__717032ad1090f198aedfcd2a__SEG_0001__CH_011,62
717032ad1090f198aedfcd2a__717032ad1090f198aedfcd2a__SEG_0001__CH_012,91
717032ad1090f198aedfcd2a__717032ad1090f198aedfcd2a__SEG_0001__CH_013,65
717032ad1090f198aedfcd2a__717032ad1090f198aedfcd2a__SEG_0001__CH_014,174
717032ad1090f198aedfcd2a__717032ad1090f198aedfcd2a__SEG_0001__CH_015,113
717032ad1090f198aedfcd2a__717032ad1090f198aedfcd2a__SEG_0001__CH_016,70
717032ad1090f198aedfcd2a__717032ad1090f198aedfcd2a__SEG_0001__CH_017,77
717032ad1090f198aedfcd2a__717032ad1090f198aedfcd2a__SEG_0001__CH_018,82
717032ad1090f198aedfcd2a__717032ad1090f198aedfcd2a__SEG_0001__CH_019,73
717032ad1090f198aedfcd2a__717032ad1090f198aedfcd2a__SEG_0001__CH_020,79
717032ad1090f198aedfcd2a__717032ad1090f198aedfcd2a__SEG_0001__CH_021,75
717032ad1090f198aedfcd2a__717032ad1090f198aedfcd2a__SEG_0001__CH_022,88
717032ad1090f198aedfcd2a__717032ad1090f198aedfcd2a__SEG_0001__CH_023,136
717032ad1090f198aedfcd2a__717032ad1090f198aedfcd2a__SEG_0001__CH_024,81
717032ad1090f198aedfcd2a__717032ad1090f198aedfcd2a__SEG_0001__CH_025,80
717032ad1090f198aedfcd2a__717032ad1090f198aedfcd2a__SEG_0001__CH_026,58
717032ad1090f198aedfcd2a__717032ad1090f198aedfcd2a__SEG_0001__CH_027,77
717032ad1090f198aedfcd2a__717032ad1090f198aedfcd2a__SEG_0002__CH_001,161
717032ad1090f198aedfcd2a__717032ad1090f198aedfcd2a__SEG_0002__CH_002,110
717032ad1090f198aedfcd2a__717032ad1090f198aedfcd2a__SEG_0002__CH_003,90
717032ad1090f198aedfcd2a__717032ad1090f198aedfcd2a__SEG_0002__CH_004,105
717032ad1090f198aedfcd2a__717032ad1090f198aedfcd2a__SEG_0002__CH_005,94
717032ad1090f198aedfcd2a__717032ad1090f198aedfcd2a__SEG_0002__CH_006,97
717032ad1090f198aedfcd2a__717032ad1090f198aedfcd2a__SEG_0003__CH_001,102
717032ad1090f198aedfcd2a__717032ad1090f198aedfcd2a__SEG_0003__CH_002,76
717032ad1090f198aedfcd2a__717032ad1090f198aedfcd2a__SEG_0003__CH_003,78
717032ad1090f198aedfcd2a__717032ad1090f198aedfcd2a__SEG_0003__CH_004,59
717032ad1090f198aedfcd2a__717032ad1090f198aedfcd2a__SEG_0003__CH_005,71
717032ad1090f198aedfcd2a__717032ad1090f198aedfcd2a__SEG_0003__CH_006,99
717032ad1090f198aedfcd2a__717032ad1090f198aedfcd2a__SEG_0003__CH_007,97
717032ad1090f198aedfcd2a__717032ad1090f198aedfcd2a__SEG_0003__CH_008,136
717032ad1090f198aedfcd2a__717032ad1090f198aedfcd2a__SEG_0003__CH_009,178
717032ad1090f198aedfcd2a__717032ad1090f198aedfcd2a__SEG_0003__CH_010,101
717032ad1090f198aedfcd2a__717032ad1090f198aedfcd2a__SEG_0003__CH_011,71
717032ad1090f198aedfcd2a__717032ad1090f198aedfcd2a__SEG_0004__CH_001,85
717032ad1090f198aedfcd2a__717032ad1090f198aedfcd2a__SEG_0004__CH_002,129
717032ad1090f198aedfcd2a__717032ad1090f198aedfcd2a__SEG_0004__CH_003,70
717032ad1090f198aedfcd2a__717032ad1090f198aedfcd2a__SEG_0004__CH_004,96
717032ad1090f198aedfcd2a__717032ad1090f198aedfcd2a__SEG_0004__CH_005,133
717032ad1090f198aedfcd2a__717032ad1090f198aedfcd2a__SEG_0004__CH_006,106
717032ad1090f198aedfcd2a__717032ad1090f198aedfcd2a__SEG_0004__CH_007,147
717032ad1090f198aedfcd2a__717032ad1090f198aedfcd2a__SEG_0004__CH_008,100
717032ad1090f198aedfcd2a__717032ad1090f198aedfcd2a__SEG_0005__CH_001__S1,66
717032ad1090f198aedfcd2a__717032ad1090f198aedfcd2a__SEG_0005__CH_001__S2,96
717032ad1090f198aedfcd2a__717032ad1090f198aedfcd2a__SEG_0006__CH_001,120
717032ad1090f198aedfcd2a__717032ad1090f198aedfcd2a__SEG_0007__CH_002,67
717032ad1090f198aedfcd2a__717032ad1090f198aedfcd2a__SEG_0008__CH_001__M,79
717032ad1090f198aedfcd2a__717032ad1090f198aedfcd2a__SEG_0008__CH_003__M,94
717032ad1090f198aedfcd2a__717032ad1090f198aedfcd2a__SEG_0008__CH_005,93
717032ad1090f198aedfcd2a__717032ad1090f198aedfcd2a__SEG_0008__CH_006,91
717032ad1090f198aedfcd2a__717032ad1090f198aedfcd2a__SEG_0008__CH_007,82
717032ad1090f198aedfcd2a__717032ad1090f198aedfcd2a__SEG_0008__CH_008,136
717032ad1090f198aedfcd2a__717032ad1090f198aedfcd2a__SEG_0008__CH_009,109
717032ad1090f198aedfcd2a__717032ad1090f198aedfcd2a__SEG_0008__CH_010,77
717032ad1090f198aedfcd2a__717032ad1090f198aedfcd2a__SEG_0009__CH_001,80
717032ad1090f198aedfcd2a__717032ad1090f198aedfcd2a__SEG_0009__CH_002,111
717032ad1090f198aedfcd2a__717032ad1090f198aedfcd2a__SEG_0009__CH_003,98
717032ad1090f198aedfcd2a__717032ad1090f198aedfcd2a__SEG_0009__CH_004,104
717032ad1090f198aedfcd2a__717032ad1090f198aedfcd2a__SEG_0009__CH_005,122
717032ad1090f198aedfcd2a__717032ad1090f198aedfcd2a__SEG_0010__CH_001,140
717032ad1090f198aedfcd2a__717032ad1090f198aedfcd2a__SEG_0010__CH_002,178
717032ad1090f198aedfcd2a__717032ad1090f198aedfcd2a__SEG_0010__CH_003,88
717032ad1090f198aedfcd2a__717032ad1090f198aedfcd2a__SEG_0010__CH_004,83
717032ad1090f198aedfcd2a__717032ad1090f198aedfcd2a__SEG_0011__CH_001,140
717032ad1090f198aedfcd2a__717032ad1090f198aedfcd2a__SEG_0011__CH_002,129
717032ad1090f198aedfcd2a__717032ad1090f198aedfcd2a__SEG_0011__CH_003,77
717032ad1090f198aedfcd2a__717032ad1090f198aedfcd2a__SEG_0011__CH_004__S1,125
717032ad1090f198aedfcd2a__717032ad1090f198aedfcd2a__SEG_0011__CH_004__S2,100
717032ad1090f198aedfcd2a__717032ad1090f198aedfcd2a__SEG_0011__CH_005,93
717032ad1090f198aedfcd2a__717032ad1090f198aedfcd2a__SEG_0011__CH_006,106
717032ad1090f198aedfcd2a__717032ad1090f198aedfcd2a__SEG_0012__CH_001__S1,93
717032ad1090f198aedfcd2a__717032ad1090f198aedfcd2a__SEG_0012__CH_001__S2,115
717032ad1090f198aedfcd2a__717032ad1090f198aedfcd2a__SEG_0012__CH_001__S3,76
717032ad1090f198aedfcd2a__717032ad1090f198aedfcd2a__SEG_0012__CH_001__S4,78
717032ad1090f198aedfcd2a__717032ad1090f198aedfcd2a__SEG_0012__CH_001__S5,108
717032ad1090f198aedfcd2a__717032ad1090f198aedfcd2a__SEG_0013__CH_001__S1,74
717032ad1090f198aedfcd2a__717032ad1090f198aedfcd2a__SEG_0013__CH_001__S2,102
717032ad1090f198aedfcd2a__717032ad1090f198aedfcd2a__SEG_0013__CH_001__S3,53
717032ad1090f198aedfcd2a__717032ad1090f198aedfcd2a__SEG_0013__CH_001__S4,97
717032ad1090f198aedfcd2a__717032ad1090f198aedfcd2a__SEG_0013__CH_001__S5,55
717032ad1090f198aedfcd2a__717032ad1090f198aedfcd2a__SEG_0013__CH_001__S6,77
717032ad1090f198aedfcd2a__717032ad1090f198aedfcd2a__SEG_0013__CH_001__S7,87
717032ad1090f198aedfcd2a__717032ad1090f198aedfcd2a__SEG_0013__CH_001__S8,52
717032ad1090f198aedfcd2a__717032ad1090f198aedfcd2a__SEG_0015__CH_002,74
717032ad1090f198aedfcd2a__717032ad1090f198aedfcd2a__SEG_0015__CH_003,108
717032ad1090f198aedfcd2a__717032ad1090f198aedfcd2a__SEG_0015__CH_005,90
717032ad1090f198aedfcd2a__717032ad1090f198aedfcd2a__SEG_0016__CH_001,164
717032ad1090f198aedfcd2a__717032ad1090f198aedfcd2a__SEG_0016__CH_002,107
717032ad1090f198aedfcd2a__717032ad1090f198aedfcd2a__SEG_0016__CH_003,95
717032ad1090f198aedfcd2a__717032ad1090f198aedfcd2a__SEG_0016__CH_005,130
717032ad1090f198aedfcd2a__717032ad1090f198aedfcd2a__SEG_0017__CH_001,66
717032ad1090f198aedfcd2a__717032ad1090f198aedfcd2a__SEG_0017__CH_002,75
717032ad1090f198aedfcd2a__717032ad1090f198aedfcd2a__SEG_0017__CH_003,89
717032ad1090f198aedfcd2a__717032ad1090f198aedfcd2a__SEG_0017__CH_004,90
717032ad1090f198aedfcd2a__717032ad1090f198aedfcd2a__SEG_0017__CH_005__S1,52
717032ad1090f198aedfcd2a__717032ad1090f198aedfcd2a__SEG_0017__CH_005__S2,92
717032ad1090f198aedfcd2a__717032ad1090f198aedfcd2a__SEG_0018__CH_001,79
717032ad1090f198aedfcd2a__717032ad1090f198aedfcd2a__SEG_0018__CH_002,74
71adf1a0cb0c191e90dfe4f4__PDFV2__CH_0002,71
71adf1a0cb0c191e90dfe4f4__PDFV2__CH_0003,75
71adf1a0cb0c191e90dfe4f4__PDFV2__CH_0004,149
71adf1a0cb0c191e90dfe4f4__PDFV2__CH_0005,93
71f3fb3c40336f79663760c8__PDFV2__CH_0002,87
71f3fb3c40336f79663760c8__PDFV2__CH_0003,59
71f3fb3c40336f79663760c8__PDFV2__CH_0004,79
71f3fb3c40336f79663760c8__PDFV2__CH_0005,82
71f3fb3c40336f79663760c8__PDFV2__CH_0006,78
71f6cebd4b1d065e050aa0fe__71f6cebd4b1d065e050aa0fe__SEG_0001__CH_001,107
7210666f543fc12142fd938d__7210666f543fc12142fd938d__SEG_0001__CH_001,100
7210666f543fc12142fd938d__7210666f543fc12142fd938d__SEG_0001__CH_002,101
7210666f543fc12142fd938d__7210666f543fc12142fd938d__SEG_0001__CH_003,117
7236247f13515a94de58780f__PDFV2__CH_0001,65
7236247f13515a94de58780f__PDFV2__CH_0002,120
7236247f13515a94de58780f__PDFV2__CH_0003,111
7236247f13515a94de58780f__PDFV2__CH_0004,120
7236247f13515a94de58780f__PDFV2__CH_0005,111
7236247f13515a94de58780f__PDFV2__CH_0006,96
7236247f13515a94de58780f__PDFV2__CH_0007,97
7236247f13515a94de58780f__PDFV2__CH_0008,96
7236247f13515a94de58780f__PDFV2__CH_0009,105
7236247f13515a94de58780f__PDFV2__CH_0010,88
7236247f13515a94de58780f__PDFV2__CH_0011,87
7236247f13515a94de58780f__PDFV2__CH_0012,91
7236247f13515a94de58780f__PDFV2__CH_0013,63
724a307c7d654b10695c1b7a__724a307c7d654b10695c1b7a__SEG_0001__CH_002,93
724a307c7d654b10695c1b7a__724a307c7d654b10695c1b7a__SEG_0001__CH_003,73
724a307c7d654b10695c1b7a__724a307c7d654b10695c1b7a__SEG_0001__CH_004,148
724a307c7d654b10695c1b7a__724a307c7d654b10695c1b7a__SEG_0001__CH_005,79
724a307c7d654b10695c1b7a__724a307c7d654b10695c1b7a__SEG_0001__CH_006,109
724a307c7d654b10695c1b7a__724a307c7d654b10695c1b7a__SEG_0002__CH_001,89
7291c022c478729d1be723c1__7291c022c478729d1be723c1__SEG_0001__CH_001,85
72af6014c51fe24e915e4682__72af6014c51fe24e915e4682__SEG_0001__CH_001,109
72af6014c51fe24e915e4682__72af6014c51fe24e915e4682__SEG_0002__CH_001,136
72af6014c51fe24e915e4682__72af6014c51fe24e915e4682__SEG_0002__CH_002,110
72af6014c51fe24e915e4682__72af6014c51fe24e915e4682__SEG_0002__CH_003,110
72af6014c51fe24e915e4682__72af6014c51fe24e915e4682__SEG_0002__CH_004,136
72af6014c51fe24e915e4682__72af6014c51fe24e915e4682__SEG_0003__CH_001,125
72af6014c51fe24e915e4682__72af6014c51fe24e915e4682__SEG_0003__CH_002,65
72af6014c51fe24e915e4682__72af6014c51fe24e915e4682__SEG_0003__CH_003,85
72af6014c51fe24e915e4682__72af6014c51fe24e915e4682__SEG_0003__CH_004__S1,76
72af6014c51fe24e915e4682__72af6014c51fe24e915e4682__SEG_0003__CH_004__S2,88
72af6014c51fe24e915e4682__72af6014c51fe24e915e4682__SEG_0003__CH_004__S3,116
72af6014c51fe24e915e4682__72af6014c51fe24e915e4682__SEG_0003__CH_005,122
72af6014c51fe24e915e4682__72af6014c51fe24e915e4682__SEG_0003__CH_006,112
72af6014c51fe24e915e4682__72af6014c51fe24e915e4682__SEG_0003__CH_007,133
72b102e9007ec09d3d48b63a__72b102e9007ec09d3d48b63a__SEG_0001__CH_002,59
72b17b7c7a7c73bc100a7c3f__72b17b7c7a7c73bc100a7c3f__SEG_0001__CH_001,106
72b17b7c7a7c73bc100a7c3f__72b17b7c7a7c73bc100a7c3f__SEG_0001__CH_002,86
72d6f22060e9940f30eb4c98__72d6f22060e9940f30eb4c98__SEG_0001__CH_001,81
72d6f22060e9940f30eb4c98__72d6f22060e9940f30eb4c98__SEG_0002__CH_002,118
735ab4a93e201d136bb566d0__735ab4a93e201d136bb566d0__SEG_0001__CH_001,88
735ab4a93e201d136bb566d0__735ab4a93e201d136bb566d0__SEG_0001__CH_002,94
735ab4a93e201d136bb566d0__735ab4a93e201d136bb566d0__SEG_0002__CH_001,75
735ab4a93e201d136bb566d0__735ab4a93e201d136bb566d0__SEG_0002__CH_003,159
735ab4a93e201d136bb566d0__735ab4a93e201d136bb566d0__SEG_0002__CH_005,40
7364f857b0b4d9bf4e96126a__7364f857b0b4d9bf4e96126a__SEG_0001__CH_001,105
739fcacbd92a67e6a2ec455c__739fcacbd92a67e6a2ec455c__SEG_0001__CH_002,92
739fcacbd92a67e6a2ec455c__739fcacbd92a67e6a2ec455c__SEG_0001__CH_003,67
739fcacbd92a67e6a2ec455c__739fcacbd92a67e6a2ec455c__SEG_0001__CH_004,85
74536d69deee1e9c7958977d__74536d69deee1e9c7958977d__SEG_0001__CH_001,97
74536d69deee1e9c7958977d__74536d69deee1e9c7958977d__SEG_0001__CH_002,34
7488bbc2e99b63e540582d8b__7488bbc2e99b63e540582d8b__SEG_0001__CH_001,117
7488bbc2e99b63e540582d8b__7488bbc2e99b63e540582d8b__SEG_0001__CH_002,71
7488bbc2e99b63e540582d8b__7488bbc2e99b63e540582d8b__SEG_0001__CH_003,86
74bf23506a219d9c6ea87c20__74bf23506a219d9c6ea87c20__SEG_0001__CH_002,132
74bf23506a219d9c6ea87c20__74bf23506a219d9c6ea87c20__SEG_0001__CH_003,127
74bf23506a219d9c6ea87c20__74bf23506a219d9c6ea87c20__SEG_0001__CH_004,160
74e303bb5ce7a9d11de6b89e__74e303bb5ce7a9d11de6b89e__SEG_0001__CH_001,74
74e303bb5ce7a9d11de6b89e__74e303bb5ce7a9d11de6b89e__SEG_0001__CH_002,68
74f83c2db5eebcf2abae985b__74f83c2db5eebcf2abae985b__SEG_0001__CH_001,110
74f83c2db5eebcf2abae985b__74f83c2db5eebcf2abae985b__SEG_0001__CH_002,76
752d61b8ff17e8f0b7827bd5__752d61b8ff17e8f0b7827bd5__SEG_0001__CH_001,142
7551bd985212827e02b123f8__PDFV2__CH_0001,56
7551bd985212827e02b123f8__PDFV2__CH_0002,77
7551bd985212827e02b123f8__PDFV2__CH_0003,79
7551bd985212827e02b123f8__PDFV2__CH_0004,93
7551bd985212827e02b123f8__PDFV2__CH_0005,60
7551bd985212827e02b123f8__PDFV2__CH_0006,57
7551bd985212827e02b123f8__PDFV2__CH_0007,67
7551bd985212827e02b123f8__PDFV2__CH_0010,84
7551bd985212827e02b123f8__PDFV2__CH_0011,76
7551bd985212827e02b123f8__PDFV2__CH_0012,93
7551bd985212827e02b123f8__PDFV2__CH_0013,86
7551bd985212827e02b123f8__PDFV2__CH_0014,86
7551bd985212827e02b123f8__PDFV2__CH_0015,92
7551bd985212827e02b123f8__PDFV2__CH_0016,74
7551bd985212827e02b123f8__PDFV2__CH_0017,63
7572e874ea42bac91908f7dc__7572e874ea42bac91908f7dc__SEG_0001__CH_003,89
7572e874ea42bac91908f7dc__7572e874ea42bac91908f7dc__SEG_0001__CH_004,77
7572e874ea42bac91908f7dc__7572e874ea42bac91908f7dc__SEG_0001__CH_005,95
7572e874ea42bac91908f7dc__7572e874ea42bac91908f7dc__SEG_0001__CH_006,76
762913a34ec3e696c69cdb30__762913a34ec3e696c69cdb30__SEG_0001__CH_001,109
762913a34ec3e696c69cdb30__762913a34ec3e696c69cdb30__SEG_0001__CH_002,106
7674d281c825fd8fe9776870__PDFV2__CH_0001,81
7674d281c825fd8fe9776870__PDFV2__CH_0002,67
7674d281c825fd8fe9776870__PDFV2__CH_0003,98
7674d281c825fd8fe9776870__PDFV2__CH_0004,80
7674d281c825fd8fe9776870__PDFV2__CH_0005,110
7674d281c825fd8fe9776870__PDFV2__CH_0006,82
7674d281c825fd8fe9776870__PDFV2__CH_0007,57
7674d281c825fd8fe9776870__PDFV2__CH_0008,79
7674d281c825fd8fe9776870__PDFV2__CH_0009,47
7674d281c825fd8fe9776870__PDFV2__CH_0010,57
7674d281c825fd8fe9776870__PDFV2__CH_0011,59
7674d281c825fd8fe9776870__PDFV2__CH_0012,126
768e2cd512d2979e299de414__768e2cd512d2979e299de414__SEG_0001__CH_001,86
768e2cd512d2979e299de414__768e2cd512d2979e299de414__SEG_0001__CH_002,161
768e2cd512d2979e299de414__768e2cd512d2979e299de414__SEG_0002__CH_001,103
768e2cd512d2979e299de414__768e2cd512d2979e299de414__SEG_0002__CH_002__M,107
768e2cd512d2979e299de414__768e2cd512d2979e299de414__SEG_0002__CH_004,49
768e2cd512d2979e299de414__768e2cd512d2979e299de414__SEG_0002__CH_005,78
768e2cd512d2979e299de414__768e2cd512d2979e299de414__SEG_0002__CH_006,76
768e2cd512d2979e299de414__768e2cd512d2979e299de414__SEG_0002__CH_007,119
768e2cd512d2979e299de414__768e2cd512d2979e299de414__SEG_0002__CH_008,191
768e2cd512d2979e299de414__768e2cd512d2979e299de414__SEG_0002__CH_009,102
768e2cd512d2979e299de414__768e2cd512d2979e299de414__SEG_0002__CH_010,112
769abd23fcd925f8d149b447__769abd23fcd925f8d149b447__SEG_0001__CH_001,89
76bb398840a99c82a4e5d527__76bb398840a99c82a4e5d527__SEG_0001__CH_001,65
76bb398840a99c82a4e5d527__76bb398840a99c82a4e5d527__SEG_0001__CH_002,77
76be24e39ab8dcb14ffc0d04__PDFV2__CH_0001,73
76be24e39ab8dcb14ffc0d04__PDFV2__CH_0002,51
76be24e39ab8dcb14ffc0d04__PDFV2__CH_0003,64
76be24e39ab8dcb14ffc0d04__PDFV2__CH_0004,105
76be24e39ab8dcb14ffc0d04__PDFV2__CH_0005,104
76c62a4a7f7ca3256ce417e2__76c62a4a7f7ca3256ce417e2__SEG_0001__CH_001,67
773ae67b9ff7e2875936e709__PDFV2__CH_0001,101
773ae67b9ff7e2875936e709__PDFV2__CH_0002,93
773ae67b9ff7e2875936e709__PDFV2__CH_0003,101
773ae67b9ff7e2875936e709__PDFV2__CH_0004,111
773ae67b9ff7e2875936e709__PDFV2__CH_0005,87
773ae67b9ff7e2875936e709__PDFV2__CH_0006,104
773ae67b9ff7e2875936e709__PDFV2__CH_0007,111
773ae67b9ff7e2875936e709__PDFV2__CH_0008,119
773ae67b9ff7e2875936e709__PDFV2__CH_0009,94
773ae67b9ff7e2875936e709__PDFV2__CH_0010,92
773ae67b9ff7e2875936e709__PDFV2__CH_0011,101
773ae67b9ff7e2875936e709__PDFV2__CH_0012,81
773ae67b9ff7e2875936e709__PDFV2__CH_0013__M,105
773ae67b9ff7e2875936e709__PDFV2__CH_0015,65
773ae67b9ff7e2875936e709__PDFV2__CH_0016,89
773ae67b9ff7e2875936e709__PDFV2__CH_0017,71
773ae67b9ff7e2875936e709__PDFV2__CH_0018,81
773ae67b9ff7e2875936e709__PDFV2__CH_0019,94
773ae67b9ff7e2875936e709__PDFV2__CH_0020,101
773ae67b9ff7e2875936e709__PDFV2__CH_0021,108
773ae67b9ff7e2875936e709__PDFV2__CH_0022,95
773ae67b9ff7e2875936e709__PDFV2__CH_0023,70
773ae67b9ff7e2875936e709__PDFV2__CH_0024,108
773ae67b9ff7e2875936e709__PDFV2__CH_0025,96
773ae67b9ff7e2875936e709__PDFV2__CH_0026,44
773ae67b9ff7e2875936e709__PDFV2__CH_0027,117
773ae67b9ff7e2875936e709__PDFV2__CH_0028,114
773ae67b9ff7e2875936e709__PDFV2__CH_0029,123
773ae67b9ff7e2875936e709__PDFV2__CH_0030,64
773ae67b9ff7e2875936e709__PDFV2__CH_0031,57
773ae67b9ff7e2875936e709__PDFV2__CH_0032__M,83
7783897254c4a608656a0b09__PDFV2__CH_0001,74
7783897254c4a608656a0b09__PDFV2__CH_0002,71
77c228367e261e2c576c4f18__PDFV2__CH_0001,55
77c228367e261e2c576c4f18__PDFV2__CH_0002,71
77c228367e261e2c576c4f18__PDFV2__CH_0003,101
77c228367e261e2c576c4f18__PDFV2__CH_0004,66
781033e13a70373bffaabce0__PDFV2__CH_0001,58
781033e13a70373bffaabce0__PDFV2__CH_0002,98
781033e13a70373bffaabce0__PDFV2__CH_0003,85
781033e13a70373bffaabce0__PDFV2__CH_0004,78
781033e13a70373bffaabce0__PDFV2__CH_0005,103
781033e13a70373bffaabce0__PDFV2__CH_0006,68
781033e13a70373bffaabce0__PDFV2__CH_0007,95
781033e13a70373bffaabce0__PDFV2__CH_0008,72
781033e13a70373bffaabce0__PDFV2__CH_0009,67
781033e13a70373bffaabce0__PDFV2__CH_0010,51
781033e13a70373bffaabce0__PDFV2__CH_0011,82
781033e13a70373bffaabce0__PDFV2__CH_0012__M,68
781033e13a70373bffaabce0__PDFV2__CH_0014,73
789a3aef16f777898f2215ac__789a3aef16f777898f2215ac__SEG_0001__CH_003,171
789fb8e388c8b70bda8fc044__789fb8e388c8b70bda8fc044__SEG_0001__CH_001,35
789fb8e388c8b70bda8fc044__789fb8e388c8b70bda8fc044__SEG_0001__CH_002,71
789fb8e388c8b70bda8fc044__789fb8e388c8b70bda8fc044__SEG_0001__CH_003,41
789fb8e388c8b70bda8fc044__789fb8e388c8b70bda8fc044__SEG_0001__CH_004,113
789fb8e388c8b70bda8fc044__789fb8e388c8b70bda8fc044__SEG_0001__CH_005,76
78e1bf13ee9b53b06f3bc003__78e1bf13ee9b53b06f3bc003__SEG_0001__CH_001,52
78e1bf13ee9b53b06f3bc003__78e1bf13ee9b53b06f3bc003__SEG_0001__CH_002,76
78e1bf13ee9b53b06f3bc003__78e1bf13ee9b53b06f3bc003__SEG_0001__CH_003,28
78e1bf13ee9b53b06f3bc003__78e1bf13ee9b53b06f3bc003__SEG_0001__CH_004,87
78e1bf13ee9b53b06f3bc003__78e1bf13ee9b53b06f3bc003__SEG_0001__CH_005,111
78e1bf13ee9b53b06f3bc003__78e1bf13ee9b53b06f3bc003__SEG_0001__CH_006,65
78e1bf13ee9b53b06f3bc003__78e1bf13ee9b53b06f3bc003__SEG_0001__CH_007,71
78e1bf13ee9b53b06f3bc003__78e1bf13ee9b53b06f3bc003__SEG_0001__CH_008,122
78e1bf13ee9b53b06f3bc003__78e1bf13ee9b53b06f3bc003__SEG_0001__CH_009,50
78f2f79d48f9b8eb81cf408a__78f2f79d48f9b8eb81cf408a__SEG_0001__CH_001,45
78f2f79d48f9b8eb81cf408a__78f2f79d48f9b8eb81cf408a__SEG_0001__CH_002,32
79304ba9e9e90517f8fefe7c__79304ba9e9e90517f8fefe7c__SEG_0001__CH_001,109
79304ba9e9e90517f8fefe7c__79304ba9e9e90517f8fefe7c__SEG_0001__CH_002,43
79637149a30199f649f67468__PDFV2__CH_0001,58
79637149a30199f649f67468__PDFV2__CH_0002,79
79637149a30199f649f67468__PDFV2__CH_0003,98
79637149a30199f649f67468__PDFV2__CH_0004,78
79637149a30199f649f67468__PDFV2__CH_0005,101
79637149a30199f649f67468__PDFV2__CH_0006,133
79637149a30199f649f67468__PDFV2__CH_0007,104
79637149a30199f649f67468__PDFV2__CH_0008,81
79637149a30199f649f67468__PDFV2__CH_0009,105
79637149a30199f649f67468__PDFV2__CH_0010,130
79637149a30199f649f67468__PDFV2__CH_0011,66
79637149a30199f649f67468__PDFV2__CH_0012,116
79637149a30199f649f67468__PDFV2__CH_0013,111
79637149a30199f649f67468__PDFV2__CH_0014,83
79637149a30199f649f67468__PDFV2__CH_0015,98
79637149a30199f649f67468__PDFV2__CH_0016,105
79637149a30199f649f67468__PDFV2__CH_0017,58
79637149a30199f649f67468__PDFV2__CH_0018,86
79637149a30199f649f67468__PDFV2__CH_0019,79
79637149a30199f649f67468__PDFV2__CH_0020,91
79637149a30199f649f67468__PDFV2__CH_0021,42
798ad321225cf8bfc0df71c7__798ad321225cf8bfc0df71c7__SEG_0001__CH_001,88
798ad321225cf8bfc0df71c7__798ad321225cf8bfc0df71c7__SEG_0001__CH_002,113
798ad321225cf8bfc0df71c7__798ad321225cf8bfc0df71c7__SEG_0001__CH_003,80
7996a345af9a9b3f10e86a34__7996a345af9a9b3f10e86a34__SEG_0001__CH_001,84
7996a345af9a9b3f10e86a34__7996a345af9a9b3f10e86a34__SEG_0001__CH_002,77
7996c67dd906e5c8caac2f47__7996c67dd906e5c8caac2f47__SEG_0001__CH_001,77
799c02d3ec914cfa5b5fe92f__799c02d3ec914cfa5b5fe92f__SEG_0001__CH_001,96
799c02d3ec914cfa5b5fe92f__799c02d3ec914cfa5b5fe92f__SEG_0001__CH_002,104
799c02d3ec914cfa5b5fe92f__799c02d3ec914cfa5b5fe92f__SEG_0001__CH_003,58
79be909533fe0b2c4ad92079__PDFV2__CH_0004__M,79
79be909533fe0b2c4ad92079__PDFV2__CH_0009,63
79be909533fe0b2c4ad92079__PDFV2__CH_0010,64
79be909533fe0b2c4ad92079__PDFV2__CH_0012,41
79cbf77eede9f3c3bb6f77da__79cbf77eede9f3c3bb6f77da__SEG_0001__CH_001,73
79dd6913d2ebd87c75e3e9c0__PDFV2__CH_0001,81
79dd6913d2ebd87c75e3e9c0__PDFV2__CH_0002,91
79dd6913d2ebd87c75e3e9c0__PDFV2__CH_0003,94
7a068bee0bb8bbf3de7e75bd__7a068bee0bb8bbf3de7e75bd__SEG_0001__CH_001,65
7a068bee0bb8bbf3de7e75bd__7a068bee0bb8bbf3de7e75bd__SEG_0001__CH_002,170
7a26c07e5ed0a98430b6ea7d__7a26c07e5ed0a98430b6ea7d__SEG_0001__CH_003,65
7a26c07e5ed0a98430b6ea7d__7a26c07e5ed0a98430b6ea7d__SEG_0001__CH_004,105
7a26c07e5ed0a98430b6ea7d__7a26c07e5ed0a98430b6ea7d__SEG_0001__CH_005,44
7a26c07e5ed0a98430b6ea7d__7a26c07e5ed0a98430b6ea7d__SEG_0001__CH_007,53
7a26c07e5ed0a98430b6ea7d__7a26c07e5ed0a98430b6ea7d__SEG_0001__CH_008,188
7a26c07e5ed0a98430b6ea7d__7a26c07e5ed0a98430b6ea7d__SEG_0001__CH_010,108
7a26c07e5ed0a98430b6ea7d__7a26c07e5ed0a98430b6ea7d__SEG_0001__CH_011,178
7a26c07e5ed0a98430b6ea7d__7a26c07e5ed0a98430b6ea7d__SEG_0001__CH_012,90
7a26c07e5ed0a98430b6ea7d__7a26c07e5ed0a98430b6ea7d__SEG_0001__CH_013,101
7a26c07e5ed0a98430b6ea7d__7a26c07e5ed0a98430b6ea7d__SEG_0001__CH_014,93
7a26c07e5ed0a98430b6ea7d__7a26c07e5ed0a98430b6ea7d__SEG_0001__CH_015,70
7a26c07e5ed0a98430b6ea7d__7a26c07e5ed0a98430b6ea7d__SEG_0001__CH_016,87
7a26c07e5ed0a98430b6ea7d__7a26c07e5ed0a98430b6ea7d__SEG_0002__CH_001,50
7a26c07e5ed0a98430b6ea7d__7a26c07e5ed0a98430b6ea7d__SEG_0002__CH_002,94
7a26c07e5ed0a98430b6ea7d__7a26c07e5ed0a98430b6ea7d__SEG_0002__CH_003,111
7a26c07e5ed0a98430b6ea7d__7a26c07e5ed0a98430b6ea7d__SEG_0002__CH_004,85
7a4f68a1abd87685a1423252__7a4f68a1abd87685a1423252__SEG_0001__CH_001,64
7a4f68a1abd87685a1423252__7a4f68a1abd87685a1423252__SEG_0001__CH_002,49
7a818c33ad2ae7fc2ed76a31__7a818c33ad2ae7fc2ed76a31__SEG_0001__CH_001,90
7a818c33ad2ae7fc2ed76a31__7a818c33ad2ae7fc2ed76a31__SEG_0001__CH_002,127
7a818c33ad2ae7fc2ed76a31__7a818c33ad2ae7fc2ed76a31__SEG_0001__CH_003,75
7a88cd1bd29bfe49a0947b35__7a88cd1bd29bfe49a0947b35__SEG_0001__CH_002,88
7a88cd1bd29bfe49a0947b35__7a88cd1bd29bfe49a0947b35__SEG_0001__CH_003__M,95
7a88cd1bd29bfe49a0947b35__7a88cd1bd29bfe49a0947b35__SEG_0001__CH_005,98
7a9013cce1e26e5d34ef3cc0__7a9013cce1e26e5d34ef3cc0__SEG_0001__CH_002,52
7a9013cce1e26e5d34ef3cc0__7a9013cce1e26e5d34ef3cc0__SEG_0001__CH_003,56
7a9013cce1e26e5d34ef3cc0__7a9013cce1e26e5d34ef3cc0__SEG_0001__CH_004,80
7a9013cce1e26e5d34ef3cc0__7a9013cce1e26e5d34ef3cc0__SEG_0001__CH_005,91
7aa708c6740875802e0d52e1__7aa708c6740875802e0d52e1__SEG_0001__CH_002,63
7aa708c6740875802e0d52e1__7aa708c6740875802e0d52e1__SEG_0001__CH_003,70
7ac7b85b83c98eae43ba425f__7ac7b85b83c98eae43ba425f__SEG_0001__CH_001,101
7ac7b85b83c98eae43ba425f__7ac7b85b83c98eae43ba425f__SEG_0001__CH_002,53
7ade775088fd5e17875134e9__PDFV2__CH_0001,56
7ade775088fd5e17875134e9__PDFV2__CH_0002,104
7ade775088fd5e17875134e9__PDFV2__CH_0003,60
7ade775088fd5e17875134e9__PDFV2__CH_0004,81
7ade775088fd5e17875134e9__PDFV2__CH_0005,110
7ade775088fd5e17875134e9__PDFV2__CH_0006,86
7ade775088fd5e17875134e9__PDFV2__CH_0007,80
7ade775088fd5e17875134e9__PDFV2__CH_0008,90
7ade775088fd5e17875134e9__PDFV2__CH_0009,111
7ade775088fd5e17875134e9__PDFV2__CH_0010,145
7ade775088fd5e17875134e9__PDFV2__CH_0011,74
7ade775088fd5e17875134e9__PDFV2__CH_0012,125
7ade775088fd5e17875134e9__PDFV2__CH_0013,75
7ade775088fd5e17875134e9__PDFV2__CH_0016,100
7ade775088fd5e17875134e9__PDFV2__CH_0017,78
7ade775088fd5e17875134e9__PDFV2__CH_0018,86
7ade775088fd5e17875134e9__PDFV2__CH_0019,106
7ade775088fd5e17875134e9__PDFV2__CH_0020,115
7ade775088fd5e17875134e9__PDFV2__CH_0021,81
7ade775088fd5e17875134e9__PDFV2__CH_0022,125
7ade775088fd5e17875134e9__PDFV2__CH_0023,80
7ade775088fd5e17875134e9__PDFV2__CH_0024,124
7ade775088fd5e17875134e9__PDFV2__CH_0025,84
7af3ba3f7631be2ef6bbd30b__PDFV2__CH_0001,70
7af3ba3f7631be2ef6bbd30b__PDFV2__CH_0002,87
7af3ba3f7631be2ef6bbd30b__PDFV2__CH_0003,83
7af3ba3f7631be2ef6bbd30b__PDFV2__CH_0004,72
7af3ba3f7631be2ef6bbd30b__PDFV2__CH_0006,112
7af3ba3f7631be2ef6bbd30b__PDFV2__CH_0008,64
7af3ba3f7631be2ef6bbd30b__PDFV2__CH_0009,59
7af3ba3f7631be2ef6bbd30b__PDFV2__CH_0010,57
7af3ba3f7631be2ef6bbd30b__PDFV2__CH_0011,59
7af3ba3f7631be2ef6bbd30b__PDFV2__CH_0012,83
7af3ba3f7631be2ef6bbd30b__PDFV2__CH_0013,85
7af3ba3f7631be2ef6bbd30b__PDFV2__CH_0015,73
7af3ba3f7631be2ef6bbd30b__PDFV2__CH_0016,99
7af3ba3f7631be2ef6bbd30b__PDFV2__CH_0017,98
7af3ba3f7631be2ef6bbd30b__PDFV2__CH_0018,71
7af3ba3f7631be2ef6bbd30b__PDFV2__CH_0019,99
7af3ba3f7631be2ef6bbd30b__PDFV2__CH_0020,145
7af3ba3f7631be2ef6bbd30b__PDFV2__CH_0021,113
7af3ba3f7631be2ef6bbd30b__PDFV2__CH_0022,59
7af3ba3f7631be2ef6bbd30b__PDFV2__CH_0023,106
7af3ba3f7631be2ef6bbd30b__PDFV2__CH_0024,166
7af3ba3f7631be2ef6bbd30b__PDFV2__CH_0025,86
7af3ba3f7631be2ef6bbd30b__PDFV2__CH_0026,70
7af3ba3f7631be2ef6bbd30b__PDFV2__CH_0029,73
7af3ba3f7631be2ef6bbd30b__PDFV2__CH_0030,56
7af3ba3f7631be2ef6bbd30b__PDFV2__CH_0031,55
7af7e750cd5b3d66584fae81__7af7e750cd5b3d66584fae81__SEG_0001__CH_001,81
7af7e750cd5b3d66584fae81__7af7e750cd5b3d66584fae81__SEG_0001__CH_002,90
7af7e750cd5b3d66584fae81__7af7e750cd5b3d66584fae81__SEG_0001__CH_004,69
7af8ccfad58488a4e37e2186__7af8ccfad58488a4e37e2186__SEG_0001__CH_001,89
7af8ccfad58488a4e37e2186__7af8ccfad58488a4e37e2186__SEG_0001__CH_002,100
7af8ccfad58488a4e37e2186__7af8ccfad58488a4e37e2186__SEG_0001__CH_003,112
7af8ccfad58488a4e37e2186__7af8ccfad58488a4e37e2186__SEG_0001__CH_004,124
7af8ccfad58488a4e37e2186__7af8ccfad58488a4e37e2186__SEG_0001__CH_005,95
7b1adf82671feb4f394eedd6__PDFV2__CH_0001,93
7b1adf82671feb4f394eedd6__PDFV2__CH_0007,104
7b2a899a0fb871fb92597ba0__7b2a899a0fb871fb92597ba0__SEG_0001__CH_001,96
7b2a899a0fb871fb92597ba0__7b2a899a0fb871fb92597ba0__SEG_0001__CH_002,71
7b2a899a0fb871fb92597ba0__7b2a899a0fb871fb92597ba0__SEG_0001__CH_003,93
7b2a899a0fb871fb92597ba0__7b2a899a0fb871fb92597ba0__SEG_0001__CH_004,119
7b354e9928dee3acc4ec8962__7b354e9928dee3acc4ec8962__SEG_0001__CH_001,72
7b354e9928dee3acc4ec8962__7b354e9928dee3acc4ec8962__SEG_0001__CH_002,36
7b54e9f662066a34eea5db0b__PDFV2__CH_0001,66
7b54e9f662066a34eea5db0b__PDFV2__CH_0002,95
7b54e9f662066a34eea5db0b__PDFV2__CH_0003,87
7b54e9f662066a34eea5db0b__PDFV2__CH_0004,132
7b54e9f662066a34eea5db0b__PDFV2__CH_0005,94
7b54e9f662066a34eea5db0b__PDFV2__CH_0006,79
7b54e9f662066a34eea5db0b__PDFV2__CH_0007,141
7b54e9f662066a34eea5db0b__PDFV2__CH_0008,90
7b5638ec5096f38fe7482edc__7b5638ec5096f38fe7482edc__SEG_0001__CH_003,53
7b5638ec5096f38fe7482edc__7b5638ec5096f38fe7482edc__SEG_0001__CH_004,95
7b5638ec5096f38fe7482edc__7b5638ec5096f38fe7482edc__SEG_0001__CH_005,118
7b5638ec5096f38fe7482edc__7b5638ec5096f38fe7482edc__SEG_0001__CH_006,104
7bbc534cb121d40f0ec1cf74__7bbc534cb121d40f0ec1cf74__SEG_0001__CH_001,85
7bbc534cb121d40f0ec1cf74__7bbc534cb121d40f0ec1cf74__SEG_0001__CH_002,77
7bbc534cb121d40f0ec1cf74__7bbc534cb121d40f0ec1cf74__SEG_0001__CH_003,122
7bbc534cb121d40f0ec1cf74__7bbc534cb121d40f0ec1cf74__SEG_0001__CH_004,72
7bc1b1eec3c00b7ed685dac9__7bc1b1eec3c00b7ed685dac9__SEG_0001__CH_001,92
7befef6ae9005da5e58bf881__7befef6ae9005da5e58bf881__SEG_0001__CH_001,83
7befef6ae9005da5e58bf881__7befef6ae9005da5e58bf881__SEG_0001__CH_002,122
7befef6ae9005da5e58bf881__7befef6ae9005da5e58bf881__SEG_0001__CH_003,129
7c180cc30027fdba4dc6e038__7c180cc30027fdba4dc6e038__SEG_0001__CH_001,69
7c809b702bd40d7411045222__7c809b702bd40d7411045222__SEG_0001__CH_001,48
7c809b702bd40d7411045222__7c809b702bd40d7411045222__SEG_0001__CH_002,54
7c809b702bd40d7411045222__7c809b702bd40d7411045222__SEG_0001__CH_003,107
7c809b702bd40d7411045222__7c809b702bd40d7411045222__SEG_0001__CH_004,135
7c8acb7c059cd22aef48494b__7c8acb7c059cd22aef48494b__SEG_0001__CH_001,113
7c8de533d5b70b5a047c611e__PDFV2__CH_0001__M,105
7ca57cfe501e143239d88628__PDFV2__CH_0001,76
7ca57cfe501e143239d88628__PDFV2__CH_0002,84
7ca789231a93cb02f8607d6a__7ca789231a93cb02f8607d6a__SEG_0001__CH_001,68
7ca789231a93cb02f8607d6a__7ca789231a93cb02f8607d6a__SEG_0001__CH_002,81
7ca789231a93cb02f8607d6a__7ca789231a93cb02f8607d6a__SEG_0001__CH_003,91
7ceb1dab725f9324c7d6dcca__7ceb1dab725f9324c7d6dcca__SEG_0001__CH_001,27
7ceb1dab725f9324c7d6dcca__7ceb1dab725f9324c7d6dcca__SEG_0001__CH_002,60
7d247510c68ad1add531918d__7d247510c68ad1add531918d__SEG_0001__CH_001,84
7d2bb0e02aa281325f13ff7e__7d2bb0e02aa281325f13ff7e__SEG_0001__CH_001,109
7d730f271249c6e5c70eaad1__PDFV2__CH_0010,69
7d730f271249c6e5c70eaad1__PDFV2__CH_0011__M,104
7d730f271249c6e5c70eaad1__PDFV2__CH_0013,62
7d730f271249c6e5c70eaad1__PDFV2__CH_0014,61
7d730f271249c6e5c70eaad1__PDFV2__CH_0015,76
7d730f271249c6e5c70eaad1__PDFV2__CH_0016,113
7d730f271249c6e5c70eaad1__PDFV2__CH_0017,85
7d730f271249c6e5c70eaad1__PDFV2__CH_0018,87
7d730f271249c6e5c70eaad1__PDFV2__CH_0019,90
7d730f271249c6e5c70eaad1__PDFV2__CH_0020,56
7d730f271249c6e5c70eaad1__PDFV2__CH_0021,81
7d730f271249c6e5c70eaad1__PDFV2__CH_0022,70
7d730f271249c6e5c70eaad1__PDFV2__CH_0023,92
7d730f271249c6e5c70eaad1__PDFV2__CH_0024,75
7d730f271249c6e5c70eaad1__PDFV2__CH_0025,72
7d730f271249c6e5c70eaad1__PDFV2__CH_0026,124
7d730f271249c6e5c70eaad1__PDFV2__CH_0027,98
7d730f271249c6e5c70eaad1__PDFV2__CH_0028,83
7d730f271249c6e5c70eaad1__PDFV2__CH_0029,58
7d730f271249c6e5c70eaad1__PDFV2__CH_0030,41
7d730f271249c6e5c70eaad1__PDFV2__CH_0031,77
7d730f271249c6e5c70eaad1__PDFV2__CH_0032,80
7d730f271249c6e5c70eaad1__PDFV2__CH_0033,118
7d730f271249c6e5c70eaad1__PDFV2__CH_0034,80
7d730f271249c6e5c70eaad1__PDFV2__CH_0035,68
7d730f271249c6e5c70eaad1__PDFV2__CH_0036,96
7d730f271249c6e5c70eaad1__PDFV2__CH_0037,74
7d730f271249c6e5c70eaad1__PDFV2__CH_0038,67
7d730f271249c6e5c70eaad1__PDFV2__CH_0039,101
7d730f271249c6e5c70eaad1__PDFV2__CH_0040,81
7d730f271249c6e5c70eaad1__PDFV2__CH_0041,125
7d730f271249c6e5c70eaad1__PDFV2__CH_0042,69
7d730f271249c6e5c70eaad1__PDFV2__CH_0043,127
7d730f271249c6e5c70eaad1__PDFV2__CH_0044,133
7d730f271249c6e5c70eaad1__PDFV2__CH_0045,57
7d730f271249c6e5c70eaad1__PDFV2__CH_0046,104
7d730f271249c6e5c70eaad1__PDFV2__CH_0047,81
7d730f271249c6e5c70eaad1__PDFV2__CH_0048,94
7d730f271249c6e5c70eaad1__PDFV2__CH_0049,88
7d730f271249c6e5c70eaad1__PDFV2__CH_0050,81
7d730f271249c6e5c70eaad1__PDFV2__CH_0051,90
7d730f271249c6e5c70eaad1__PDFV2__CH_0052,81
7d730f271249c6e5c70eaad1__PDFV2__CH_0053,58
7d730f271249c6e5c70eaad1__PDFV2__CH_0054,69
7d730f271249c6e5c70eaad1__PDFV2__CH_0055,96
7d730f271249c6e5c70eaad1__PDFV2__CH_0056,110
7d730f271249c6e5c70eaad1__PDFV2__CH_0057,79
7d730f271249c6e5c70eaad1__PDFV2__CH_0058,64
7d730f271249c6e5c70eaad1__PDFV2__CH_0059,65
7d730f271249c6e5c70eaad1__PDFV2__CH_0060,47
7d730f271249c6e5c70eaad1__PDFV2__CH_0061,86
7d730f271249c6e5c70eaad1__PDFV2__CH_0062,60
7d730f271249c6e5c70eaad1__PDFV2__CH_0063__M,94
7d730f271249c6e5c70eaad1__PDFV2__CH_0065,82
7d730f271249c6e5c70eaad1__PDFV2__CH_0066,73
7d730f271249c6e5c70eaad1__PDFV2__CH_0068,71
7d730f271249c6e5c70eaad1__PDFV2__CH_0069,57
7d730f271249c6e5c70eaad1__PDFV2__CH_0070,72
7d730f271249c6e5c70eaad1__PDFV2__CH_0071,65
7d730f271249c6e5c70eaad1__PDFV2__CH_0072,81
7d730f271249c6e5c70eaad1__PDFV2__CH_0073,109
7d730f271249c6e5c70eaad1__PDFV2__CH_0074,82
7d730f271249c6e5c70eaad1__PDFV2__CH_0075,99
7d730f271249c6e5c70eaad1__PDFV2__CH_0076,78
7d730f271249c6e5c70eaad1__PDFV2__CH_0087,45
7d730f271249c6e5c70eaad1__PDFV2__CH_0094,44
7d730f271249c6e5c70eaad1__PDFV2__CH_0100,63
7d730f271249c6e5c70eaad1__PDFV2__CH_0101,125
7d730f271249c6e5c70eaad1__PDFV2__CH_0102,66
7d730f271249c6e5c70eaad1__PDFV2__CH_0103,72
7d730f271249c6e5c70eaad1__PDFV2__CH_0104,111
7d730f271249c6e5c70eaad1__PDFV2__CH_0105,43
7d730f271249c6e5c70eaad1__PDFV2__CH_0106,97
7d730f271249c6e5c70eaad1__PDFV2__CH_0107,74
7d730f271249c6e5c70eaad1__PDFV2__CH_0108,81
7d730f271249c6e5c70eaad1__PDFV2__CH_0109,79
7d730f271249c6e5c70eaad1__PDFV2__CH_0110__M,66
7d730f271249c6e5c70eaad1__PDFV2__CH_0112,77
7d730f271249c6e5c70eaad1__PDFV2__CH_0113,87
7d730f271249c6e5c70eaad1__PDFV2__CH_0114,69
7d730f271249c6e5c70eaad1__PDFV2__CH_0115,103
7d730f271249c6e5c70eaad1__PDFV2__CH_0116,64
7d730f271249c6e5c70eaad1__PDFV2__CH_0117,73
7d730f271249c6e5c70eaad1__PDFV2__CH_0118,68
7d730f271249c6e5c70eaad1__PDFV2__CH_0119,79
7d730f271249c6e5c70eaad1__PDFV2__CH_0120,79
7d730f271249c6e5c70eaad1__PDFV2__CH_0121,80
7d730f271249c6e5c70eaad1__PDFV2__CH_0122,104
7d730f271249c6e5c70eaad1__PDFV2__CH_0123,70
7d730f271249c6e5c70eaad1__PDFV2__CH_0124,77
7d730f271249c6e5c70eaad1__PDFV2__CH_0125,94
7d730f271249c6e5c70eaad1__PDFV2__CH_0126,101
7d730f271249c6e5c70eaad1__PDFV2__CH_0127,85
7d730f271249c6e5c70eaad1__PDFV2__CH_0128,121
7d730f271249c6e5c70eaad1__PDFV2__CH_0129,92
7d730f271249c6e5c70eaad1__PDFV2__CH_0130,140
7d730f271249c6e5c70eaad1__PDFV2__CH_0131,65
7d730f271249c6e5c70eaad1__PDFV2__CH_0132,53
7d730f271249c6e5c70eaad1__PDFV2__CH_0133,62
7d730f271249c6e5c70eaad1__PDFV2__CH_0134,64
7d730f271249c6e5c70eaad1__PDFV2__CH_0135,53
7d730f271249c6e5c70eaad1__PDFV2__CH_0136,46
7d730f271249c6e5c70eaad1__PDFV2__CH_0137,102
7d730f271249c6e5c70eaad1__PDFV2__CH_0138,88
7d730f271249c6e5c70eaad1__PDFV2__CH_0139,85
7d730f271249c6e5c70eaad1__PDFV2__CH_0140,55
7d730f271249c6e5c70eaad1__PDFV2__CH_0141,100
7d730f271249c6e5c70eaad1__PDFV2__CH_0143,81
7d730f271249c6e5c70eaad1__PDFV2__CH_0144__M,79
7d730f271249c6e5c70eaad1__PDFV2__CH_0146,101
7d730f271249c6e5c70eaad1__PDFV2__CH_0147,92
7d730f271249c6e5c70eaad1__PDFV2__CH_0148__M,95
7d730f271249c6e5c70eaad1__PDFV2__CH_0154__M,114
7d730f271249c6e5c70eaad1__PDFV2__CH_0156,54
7d730f271249c6e5c70eaad1__PDFV2__CH_0157,71
7d730f271249c6e5c70eaad1__PDFV2__CH_0158,42
7d730f271249c6e5c70eaad1__PDFV2__CH_0160__M,101
7d730f271249c6e5c70eaad1__PDFV2__CH_0162,91
7d730f271249c6e5c70eaad1__PDFV2__CH_0163,64
7d90b543ac1ee182236282a9__7d90b543ac1ee182236282a9__SEG_0001__CH_005,101
7d90b543ac1ee182236282a9__7d90b543ac1ee182236282a9__SEG_0001__CH_006,117
7d90b543ac1ee182236282a9__7d90b543ac1ee182236282a9__SEG_0001__CH_007,55
7de8ac01aff1dc8eba8ebd14__7de8ac01aff1dc8eba8ebd14__SEG_0001__CH_001,75
7de8ac01aff1dc8eba8ebd14__7de8ac01aff1dc8eba8ebd14__SEG_0001__CH_002,132
7de8ac01aff1dc8eba8ebd14__7de8ac01aff1dc8eba8ebd14__SEG_0001__CH_003__S1,90
7de8ac01aff1dc8eba8ebd14__7de8ac01aff1dc8eba8ebd14__SEG_0001__CH_003__S2,106
7de8ac01aff1dc8eba8ebd14__7de8ac01aff1dc8eba8ebd14__SEG_0001__CH_004,126
7de8ac01aff1dc8eba8ebd14__7de8ac01aff1dc8eba8ebd14__SEG_0001__CH_005,135
7df2867db5eddeee5252fddc__7df2867db5eddeee5252fddc__SEG_0001__CH_001,38
7e147ffa07cc7a9f07fcbdb5__7e147ffa07cc7a9f07fcbdb5__SEG_0001__CH_001,69
7e147ffa07cc7a9f07fcbdb5__7e147ffa07cc7a9f07fcbdb5__SEG_0001__CH_002,61
7e147ffa07cc7a9f07fcbdb5__7e147ffa07cc7a9f07fcbdb5__SEG_0001__CH_004,46
7e20091d1e4c01dac00114d4__7e20091d1e4c01dac00114d4__SEG_0001__CH_001,152
7e20091d1e4c01dac00114d4__7e20091d1e4c01dac00114d4__SEG_0001__CH_002,87
7e8bceb72ff17e144d60e6cf__7e8bceb72ff17e144d60e6cf__SEG_0001__CH_001,60
7e8bceb72ff17e144d60e6cf__7e8bceb72ff17e144d60e6cf__SEG_0001__CH_002,77
7e99c929c43ed5bac0262ef5__7e99c929c43ed5bac0262ef5__SEG_0001__CH_002,109
7ea8eade135ed142c787518f__PDFV2__CH_0001,84
7eb5798db21e381299bd132b__7eb5798db21e381299bd132b__SEG_0001__CH_001,42
7eb5798db21e381299bd132b__7eb5798db21e381299bd132b__SEG_0001__CH_004,81
7eb5798db21e381299bd132b__7eb5798db21e381299bd132b__SEG_0001__CH_005,72
7ed4602adbb59086e91e4f31__7ed4602adbb59086e91e4f31__SEG_0001__CH_001,67
7ed4602adbb59086e91e4f31__7ed4602adbb59086e91e4f31__SEG_0001__CH_002,50
7ee837902f1231ce8ec44d5d__7ee837902f1231ce8ec44d5d__SEG_0001__CH_001,82
7ee837902f1231ce8ec44d5d__7ee837902f1231ce8ec44d5d__SEG_0001__CH_002,79
7ee837902f1231ce8ec44d5d__7ee837902f1231ce8ec44d5d__SEG_0001__CH_003,93
7ee837902f1231ce8ec44d5d__7ee837902f1231ce8ec44d5d__SEG_0001__CH_004,91
7f2e181753380d394be70136__7f2e181753380d394be70136__SEG_0001__CH_001,106
7f2e181753380d394be70136__7f2e181753380d394be70136__SEG_0001__CH_002,102
7f2e181753380d394be70136__7f2e181753380d394be70136__SEG_0001__CH_003,63
7f3a9e3f6c5e82ef78b09c7e__7f3a9e3f6c5e82ef78b09c7e__SEG_0001__CH_001,94
7f3a9e3f6c5e82ef78b09c7e__7f3a9e3f6c5e82ef78b09c7e__SEG_0001__CH_002,116
7f3a9e3f6c5e82ef78b09c7e__7f3a9e3f6c5e82ef78b09c7e__SEG_0001__CH_003,99
7f3a9e3f6c5e82ef78b09c7e__7f3a9e3f6c5e82ef78b09c7e__SEG_0001__CH_004,112
7f3a9e3f6c5e82ef78b09c7e__7f3a9e3f6c5e82ef78b09c7e__SEG_0002__CH_001,120
7f3a9e3f6c5e82ef78b09c7e__7f3a9e3f6c5e82ef78b09c7e__SEG_0002__CH_002,117
7f3a9e3f6c5e82ef78b09c7e__7f3a9e3f6c5e82ef78b09c7e__SEG_0002__CH_003,143
7f3a9e3f6c5e82ef78b09c7e__7f3a9e3f6c5e82ef78b09c7e__SEG_0002__CH_004,130
7f3a9e3f6c5e82ef78b09c7e__7f3a9e3f6c5e82ef78b09c7e__SEG_0002__CH_005,106
7f3a9e3f6c5e82ef78b09c7e__7f3a9e3f6c5e82ef78b09c7e__SEG_0002__CH_006,104
7f3a9e3f6c5e82ef78b09c7e__7f3a9e3f6c5e82ef78b09c7e__SEG_0003__CH_001,60
7f3a9e3f6c5e82ef78b09c7e__7f3a9e3f6c5e82ef78b09c7e__SEG_0003__CH_002,90
7f3a9e3f6c5e82ef78b09c7e__7f3a9e3f6c5e82ef78b09c7e__SEG_0003__CH_003,71
7f3a9e3f6c5e82ef78b09c7e__7f3a9e3f6c5e82ef78b09c7e__SEG_0003__CH_004,105
7f3a9e3f6c5e82ef78b09c7e__7f3a9e3f6c5e82ef78b09c7e__SEG_0003__CH_005__M,83
7f3a9e3f6c5e82ef78b09c7e__7f3a9e3f6c5e82ef78b09c7e__SEG_0003__CH_007,99
7f3a9e3f6c5e82ef78b09c7e__7f3a9e3f6c5e82ef78b09c7e__SEG_0003__CH_008,88
7f3a9e3f6c5e82ef78b09c7e__7f3a9e3f6c5e82ef78b09c7e__SEG_0003__CH_009,85
7f3a9e3f6c5e82ef78b09c7e__7f3a9e3f6c5e82ef78b09c7e__SEG_0003__CH_010,60
7f3a9e3f6c5e82ef78b09c7e__7f3a9e3f6c5e82ef78b09c7e__SEG_0004__CH_001,124
7f3a9e3f6c5e82ef78b09c7e__7f3a9e3f6c5e82ef78b09c7e__SEG_0004__CH_002,91
7f3a9e3f6c5e82ef78b09c7e__7f3a9e3f6c5e82ef78b09c7e__SEG_0004__CH_003,79
7f3a9e3f6c5e82ef78b09c7e__7f3a9e3f6c5e82ef78b09c7e__SEG_0004__CH_004,88
7f3a9e3f6c5e82ef78b09c7e__7f3a9e3f6c5e82ef78b09c7e__SEG_0005__CH_001,100
7f3a9e3f6c5e82ef78b09c7e__7f3a9e3f6c5e82ef78b09c7e__SEG_0005__CH_002,140
7f3a9e3f6c5e82ef78b09c7e__7f3a9e3f6c5e82ef78b09c7e__SEG_0005__CH_003,106
7f3a9e3f6c5e82ef78b09c7e__7f3a9e3f6c5e82ef78b09c7e__SEG_0005__CH_004,99
7f3a9e3f6c5e82ef78b09c7e__7f3a9e3f6c5e82ef78b09c7e__SEG_0006__CH_002,80
7f3a9e3f6c5e82ef78b09c7e__7f3a9e3f6c5e82ef78b09c7e__SEG_0006__CH_003,77
7f69cf3068c62a490727b8a7__7f69cf3068c62a490727b8a7__SEG_0001__CH_003,77
7f7d4f8bd9cbbb355418a5d9__7f7d4f8bd9cbbb355418a5d9__SEG_0001__CH_001,46
7f95cf655e882ffaac4f1e2b__PDFV2__CH_0001,54
7fc5996dd3e61feccba8b2e6__7fc5996dd3e61feccba8b2e6__SEG_0001__CH_002,120
7fd98b8bde84425254498fd9__7fd98b8bde84425254498fd9__SEG_0001__CH_001,86
7fd98b8bde84425254498fd9__7fd98b8bde84425254498fd9__SEG_0001__CH_002__M,181
7fd98b8bde84425254498fd9__7fd98b8bde84425254498fd9__SEG_0001__CH_004,86
7fee8de2b4353b7a9cffac65__7fee8de2b4353b7a9cffac65__SEG_0001__CH_001,87
7fee8de2b4353b7a9cffac65__7fee8de2b4353b7a9cffac65__SEG_0001__CH_002,82
80068088d78d3f62845cf57c__PDFV2__CH_0002,72
80068088d78d3f62845cf57c__PDFV2__CH_0003,49
80068088d78d3f62845cf57c__PDFV2__CH_0004,77
80068088d78d3f62845cf57c__PDFV2__CH_0007,97
80068088d78d3f62845cf57c__PDFV2__CH_0009,112
80068088d78d3f62845cf57c__PDFV2__CH_0010,109
80068088d78d3f62845cf57c__PDFV2__CH_0011,104
80068088d78d3f62845cf57c__PDFV2__CH_0012,71
80068088d78d3f62845cf57c__PDFV2__CH_0013,73
80068088d78d3f62845cf57c__PDFV2__CH_0015,152
80068088d78d3f62845cf57c__PDFV2__CH_0016,111
805328154eb9ed9b674da13e__805328154eb9ed9b674da13e__SEG_0001__CH_001,66
805328154eb9ed9b674da13e__805328154eb9ed9b674da13e__SEG_0001__CH_002,92
806eecdac1cf2d99a06e11dd__806eecdac1cf2d99a06e11dd__SEG_0001__CH_002,139
806eecdac1cf2d99a06e11dd__806eecdac1cf2d99a06e11dd__SEG_0001__CH_003,116
806eecdac1cf2d99a06e11dd__806eecdac1cf2d99a06e11dd__SEG_0001__CH_004,163
8087f9cbea94889638f96b4e__8087f9cbea94889638f96b4e__SEG_0001__CH_001,67
80dac47cf93c649565cf0481__80dac47cf93c649565cf0481__SEG_0001__CH_001,84
80dac47cf93c649565cf0481__80dac47cf93c649565cf0481__SEG_0001__CH_002,93
80dac47cf93c649565cf0481__80dac47cf93c649565cf0481__SEG_0001__CH_003,260
80db2e575caccc26b541c55e__80db2e575caccc26b541c55e__SEG_0001__CH_001,90
80db2e575caccc26b541c55e__80db2e575caccc26b541c55e__SEG_0001__CH_002,82
80db2e575caccc26b541c55e__80db2e575caccc26b541c55e__SEG_0001__CH_003,117
80eae3a7e0b7ba02ae4d963c__80eae3a7e0b7ba02ae4d963c__SEG_0001__CH_001,53
813cabd3a3aef08069faa99f__813cabd3a3aef08069faa99f__SEG_0001__CH_001,100
81432c4601d0eb1bb33105fd__PDFV2__CH_0001,42
81432c4601d0eb1bb33105fd__PDFV2__CH_0002,83
81432c4601d0eb1bb33105fd__PDFV2__CH_0003,113
81432c4601d0eb1bb33105fd__PDFV2__CH_0004,78
81432c4601d0eb1bb33105fd__PDFV2__CH_0005,94
81432c4601d0eb1bb33105fd__PDFV2__CH_0006,87
815c64bf481edff1df237aff__815c64bf481edff1df237aff__SEG_0001__CH_001,93
815c64bf481edff1df237aff__815c64bf481edff1df237aff__SEG_0001__CH_002,48
81722fa6dc33f25d0b60666b__PDFV2__CH_0001,86
81b403770c3439ae7f30d993__81b403770c3439ae7f30d993__SEG_0001__CH_001,105
81b403770c3439ae7f30d993__81b403770c3439ae7f30d993__SEG_0001__CH_002,118
81b403770c3439ae7f30d993__81b403770c3439ae7f30d993__SEG_0001__CH_003,111
81b403770c3439ae7f30d993__81b403770c3439ae7f30d993__SEG_0001__CH_004,143
81b403770c3439ae7f30d993__81b403770c3439ae7f30d993__SEG_0001__CH_005,99
81b403770c3439ae7f30d993__81b403770c3439ae7f30d993__SEG_0002__CH_001,98
81b403770c3439ae7f30d993__81b403770c3439ae7f30d993__SEG_0002__CH_002,116
81c67d3eb95c04f0095079a0__81c67d3eb95c04f0095079a0__SEG_0001__CH_001,54
81c67d3eb95c04f0095079a0__81c67d3eb95c04f0095079a0__SEG_0001__CH_002,71
82260130c265a562bcb1c9bb__82260130c265a562bcb1c9bb__SEG_0001__CH_001,102
82260130c265a562bcb1c9bb__82260130c265a562bcb1c9bb__SEG_0001__CH_002,76
8290bc1c85fb9a143724da1e__8290bc1c85fb9a143724da1e__SEG_0001__CH_001,82
8290bc1c85fb9a143724da1e__8290bc1c85fb9a143724da1e__SEG_0001__CH_002,82
8290bc1c85fb9a143724da1e__8290bc1c85fb9a143724da1e__SEG_0001__CH_003,156
8291c87657b7935bae684471__8291c87657b7935bae684471__SEG_0001__CH_001,48
8291c87657b7935bae684471__8291c87657b7935bae684471__SEG_0001__CH_002,67
82b3a4892a5912e1d9c01532__82b3a4892a5912e1d9c01532__SEG_0001__CH_003,43
833a0b18f39731725384a925__833a0b18f39731725384a925__SEG_0001__CH_001,64
833a0b18f39731725384a925__833a0b18f39731725384a925__SEG_0001__CH_002,82
833a0b18f39731725384a925__833a0b18f39731725384a925__SEG_0001__CH_003,103
833a0b18f39731725384a925__833a0b18f39731725384a925__SEG_0001__CH_004,122
833a0b18f39731725384a925__833a0b18f39731725384a925__SEG_0001__CH_005,119
833a0b18f39731725384a925__833a0b18f39731725384a925__SEG_0001__CH_006,102
8346151f43bb6aedba7a4a89__8346151f43bb6aedba7a4a89__SEG_0001__CH_001,86
8346151f43bb6aedba7a4a89__8346151f43bb6aedba7a4a89__SEG_0001__CH_002,95
8346151f43bb6aedba7a4a89__8346151f43bb6aedba7a4a89__SEG_0001__CH_003,70
8386dd2f1fa0991f5cab1603__8386dd2f1fa0991f5cab1603__SEG_0001__CH_001,74
8386dd2f1fa0991f5cab1603__8386dd2f1fa0991f5cab1603__SEG_0001__CH_002,47
8396ae50ac11d7ae3e57a182__8396ae50ac11d7ae3e57a182__SEG_0001__CH_001,89
83bebdfbcd6bd0f42b60fc19__83bebdfbcd6bd0f42b60fc19__SEG_0001__CH_001,51
83f4ccb501e745e9c1061438__83f4ccb501e745e9c1061438__SEG_0001__CH_001,60
83f4ccb501e745e9c1061438__83f4ccb501e745e9c1061438__SEG_0001__CH_002,92
844519c3389522cd40dac653__PDFV2__CH_0002,100
844519c3389522cd40dac653__PDFV2__CH_0003,91
844519c3389522cd40dac653__PDFV2__CH_0004,74
844519c3389522cd40dac653__PDFV2__CH_0005,96
844519c3389522cd40dac653__PDFV2__CH_0006,117
844519c3389522cd40dac653__PDFV2__CH_0007,165
844519c3389522cd40dac653__PDFV2__CH_0008,99
844519c3389522cd40dac653__PDFV2__CH_0009,91
844519c3389522cd40dac653__PDFV2__CH_0010,94
84571e457cbc433445643749__84571e457cbc433445643749__SEG_0001__CH_001,71
84571e457cbc433445643749__84571e457cbc433445643749__SEG_0001__CH_002,69
8463edfc2a6a9360ca13a4f7__PDFV2__CH_0006,76
8463edfc2a6a9360ca13a4f7__PDFV2__CH_0007,46
8463edfc2a6a9360ca13a4f7__PDFV2__CH_0011,43
8463edfc2a6a9360ca13a4f7__PDFV2__CH_0012,71
8463edfc2a6a9360ca13a4f7__PDFV2__CH_0015,42
8463edfc2a6a9360ca13a4f7__PDFV2__CH_0016,74
8463edfc2a6a9360ca13a4f7__PDFV2__CH_0017,67
85048f341183b472c1274690__PDFV2__CH_0001,126
857cf9e13a1cca703209528c__PDFV2__CH_0001,78
857cf9e13a1cca703209528c__PDFV2__CH_0002,82
857cf9e13a1cca703209528c__PDFV2__CH_0003,75
857cf9e13a1cca703209528c__PDFV2__CH_0004,86
857cf9e13a1cca703209528c__PDFV2__CH_0005,79
857cf9e13a1cca703209528c__PDFV2__CH_0006,81
857cf9e13a1cca703209528c__PDFV2__CH_0007,50
857cf9e13a1cca703209528c__PDFV2__CH_0008,85
857cf9e13a1cca703209528c__PDFV2__CH_0009,56
857cf9e13a1cca703209528c__PDFV2__CH_0010,61
857cf9e13a1cca703209528c__PDFV2__CH_0011,65
857cf9e13a1cca703209528c__PDFV2__CH_0012,54
857cf9e13a1cca703209528c__PDFV2__CH_0013,69
857cf9e13a1cca703209528c__PDFV2__CH_0014,57
857cf9e13a1cca703209528c__PDFV2__CH_0015,61
857cf9e13a1cca703209528c__PDFV2__CH_0016,72
857cf9e13a1cca703209528c__PDFV2__CH_0017,126
857cf9e13a1cca703209528c__PDFV2__CH_0018,57
862fd16251005442768ea2d7__PDFV2__CH_0001,53
862fd16251005442768ea2d7__PDFV2__CH_0002,111
862fd16251005442768ea2d7__PDFV2__CH_0003,90
862fd16251005442768ea2d7__PDFV2__CH_0004,68
862fd16251005442768ea2d7__PDFV2__CH_0005,63
862fd16251005442768ea2d7__PDFV2__CH_0006,94
862fd16251005442768ea2d7__PDFV2__CH_0007,70
862fd16251005442768ea2d7__PDFV2__CH_0008,84
862fd16251005442768ea2d7__PDFV2__CH_0009,121
865f8e33b9496e1e1060225b__865f8e33b9496e1e1060225b__SEG_0001__CH_001,137
865f8e33b9496e1e1060225b__865f8e33b9496e1e1060225b__SEG_0001__CH_002,113
865f8e33b9496e1e1060225b__865f8e33b9496e1e1060225b__SEG_0001__CH_003,60
8680e1fd21dbc75e1d1b7b3d__PDFV2__CH_0001,59
869428677422a261605fbf0b__PDFV2__CH_0001,100
869428677422a261605fbf0b__PDFV2__CH_0002,93
869428677422a261605fbf0b__PDFV2__CH_0003,85
869428677422a261605fbf0b__PDFV2__CH_0004,97
869428677422a261605fbf0b__PDFV2__CH_0005,88
869428677422a261605fbf0b__PDFV2__CH_0006,85
869428677422a261605fbf0b__PDFV2__CH_0007,116
869428677422a261605fbf0b__PDFV2__CH_0008,104
869428677422a261605fbf0b__PDFV2__CH_0009,71
869428677422a261605fbf0b__PDFV2__CH_0010,80
869428677422a261605fbf0b__PDFV2__CH_0011,164
869428677422a261605fbf0b__PDFV2__CH_0012,39
869428677422a261605fbf0b__PDFV2__CH_0013,80
869428677422a261605fbf0b__PDFV2__CH_0014,80
869428677422a261605fbf0b__PDFV2__CH_0015,157
869428677422a261605fbf0b__PDFV2__CH_0016,51
869428677422a261605fbf0b__PDFV2__CH_0017,92
8787d49abbc35ea8d9dbe613__PDFV2__CH_0001,93
8787d49abbc35ea8d9dbe613__PDFV2__CH_0002,90
87b31279bfe5a45fcb8fdbc2__87b31279bfe5a45fcb8fdbc2__SEG_0001__CH_002,163
87b31279bfe5a45fcb8fdbc2__87b31279bfe5a45fcb8fdbc2__SEG_0001__CH_003,147
87d3b9967b2307e5642b1fa7__87d3b9967b2307e5642b1fa7__SEG_0001__CH_001,75
87e79dd06e71fd08d425d57b__87e79dd06e71fd08d425d57b__SEG_0001__CH_001,61
8807395bcf053c63846424cc__8807395bcf053c63846424cc__SEG_0001__CH_001,61
8807395bcf053c63846424cc__8807395bcf053c63846424cc__SEG_0001__CH_002,69
8807395bcf053c63846424cc__8807395bcf053c63846424cc__SEG_0001__CH_003,44
885581f9e1b564c6551080db__885581f9e1b564c6551080db__SEG_0001__CH_001,82
885581f9e1b564c6551080db__885581f9e1b564c6551080db__SEG_0001__CH_002,96
885581f9e1b564c6551080db__885581f9e1b564c6551080db__SEG_0001__CH_003,186
885581f9e1b564c6551080db__885581f9e1b564c6551080db__SEG_0001__CH_004,98
885581f9e1b564c6551080db__885581f9e1b564c6551080db__SEG_0002__CH_001,139
885581f9e1b564c6551080db__885581f9e1b564c6551080db__SEG_0002__CH_002,82
885581f9e1b564c6551080db__885581f9e1b564c6551080db__SEG_0002__CH_003,100
885581f9e1b564c6551080db__885581f9e1b564c6551080db__SEG_0002__CH_004,85
885581f9e1b564c6551080db__885581f9e1b564c6551080db__SEG_0002__CH_005,77
88bae94389a8ae4a6bf629ac__88bae94389a8ae4a6bf629ac__SEG_0001__CH_001,44
88bae94389a8ae4a6bf629ac__88bae94389a8ae4a6bf629ac__SEG_0001__CH_002,100
88bae94389a8ae4a6bf629ac__88bae94389a8ae4a6bf629ac__SEG_0001__CH_003,95
88bae94389a8ae4a6bf629ac__88bae94389a8ae4a6bf629ac__SEG_0001__CH_004,90
88bae94389a8ae4a6bf629ac__88bae94389a8ae4a6bf629ac__SEG_0001__CH_005,96
88bae94389a8ae4a6bf629ac__88bae94389a8ae4a6bf629ac__SEG_0001__CH_006,135
88bae94389a8ae4a6bf629ac__88bae94389a8ae4a6bf629ac__SEG_0001__CH_007,96
88bae94389a8ae4a6bf629ac__88bae94389a8ae4a6bf629ac__SEG_0001__CH_008,66
88bae94389a8ae4a6bf629ac__88bae94389a8ae4a6bf629ac__SEG_0002__CH_001,146
88c2305df0dd0a773cd05cc2__88c2305df0dd0a773cd05cc2__SEG_0001__CH_001,61
890497803ed4b2ccf21ae032__890497803ed4b2ccf21ae032__SEG_0001__CH_002,92
890497803ed4b2ccf21ae032__890497803ed4b2ccf21ae032__SEG_0001__CH_004,108
890497803ed4b2ccf21ae032__890497803ed4b2ccf21ae032__SEG_0001__CH_005,131
8904b15cccb2d36313ca4ec0__8904b15cccb2d36313ca4ec0__SEG_0001__CH_001,92
8904b15cccb2d36313ca4ec0__8904b15cccb2d36313ca4ec0__SEG_0001__CH_002,87
8904b15cccb2d36313ca4ec0__8904b15cccb2d36313ca4ec0__SEG_0001__CH_003,154
8904b15cccb2d36313ca4ec0__8904b15cccb2d36313ca4ec0__SEG_0001__CH_004,99
8904b15cccb2d36313ca4ec0__8904b15cccb2d36313ca4ec0__SEG_0001__CH_005,120
8904b15cccb2d36313ca4ec0__8904b15cccb2d36313ca4ec0__SEG_0001__CH_006,106
8904b15cccb2d36313ca4ec0__8904b15cccb2d36313ca4ec0__SEG_0002__CH_001,95
8904b15cccb2d36313ca4ec0__8904b15cccb2d36313ca4ec0__SEG_0002__CH_002,128
8910eeb182787cdc0120bcfc__8910eeb182787cdc0120bcfc__SEG_0001__CH_001,88
8910eeb182787cdc0120bcfc__8910eeb182787cdc0120bcfc__SEG_0001__CH_002,133
89260efa66f38c282745c27d__PDFV2__CH_0001,67
89260efa66f38c282745c27d__PDFV2__CH_0002,79
89260efa66f38c282745c27d__PDFV2__CH_0003,84
89260efa66f38c282745c27d__PDFV2__CH_0004,86
89260efa66f38c282745c27d__PDFV2__CH_0005,96
89260efa66f38c282745c27d__PDFV2__CH_0006,100
89260efa66f38c282745c27d__PDFV2__CH_0007,98
8975ce08d825131851b5a068__8975ce08d825131851b5a068__SEG_0001__CH_001,33
89d446e3b65fe9f252d99a70__89d446e3b65fe9f252d99a70__SEG_0001__CH_001,60
8a1c422b14de548a07039dab__PDFV2__CH_0001,84
8a1c422b14de548a07039dab__PDFV2__CH_0002,80
8a1c422b14de548a07039dab__PDFV2__CH_0003,98
8a1c422b14de548a07039dab__PDFV2__CH_0004__M,117
8a1c422b14de548a07039dab__PDFV2__CH_0006,73
8a1c422b14de548a07039dab__PDFV2__CH_0007,89
8a1c422b14de548a07039dab__PDFV2__CH_0008,49
8a1c422b14de548a07039dab__PDFV2__CH_0009,69
8a1c422b14de548a07039dab__PDFV2__CH_0010__M,94
8a1fd7113d371c03f8353b79__8a1fd7113d371c03f8353b79__SEG_0001__CH_001,54
8a1fd7113d371c03f8353b79__8a1fd7113d371c03f8353b79__SEG_0001__CH_002,70
8a1fd7113d371c03f8353b79__8a1fd7113d371c03f8353b79__SEG_0001__CH_003,107
8a1fd7113d371c03f8353b79__8a1fd7113d371c03f8353b79__SEG_0001__CH_004,87
8a28b93c9b7ae3508c091784__PDFV2__CH_0001,60
8a28b93c9b7ae3508c091784__PDFV2__CH_0002,92
8a67e4cead4f057b70b935de__8a67e4cead4f057b70b935de__SEG_0001__CH_001,109
8a67e4cead4f057b70b935de__8a67e4cead4f057b70b935de__SEG_0001__CH_002,72
8a69ab114dc9b802b66c086a__8a69ab114dc9b802b66c086a__SEG_0001__CH_002,169
8a69ab114dc9b802b66c086a__8a69ab114dc9b802b66c086a__SEG_0001__CH_003,110
8a8157a87b4a9ee55fc898fe__8a8157a87b4a9ee55fc898fe__SEG_0001__CH_001,86
8a8157a87b4a9ee55fc898fe__8a8157a87b4a9ee55fc898fe__SEG_0001__CH_002,118
8a8157a87b4a9ee55fc898fe__8a8157a87b4a9ee55fc898fe__SEG_0001__CH_003,83
8ab16cb31ba0c9a8c442c4fe__8ab16cb31ba0c9a8c442c4fe__SEG_0001__CH_001,43
8ae169052ffaa3df6b6f1b10__PDFV2__CH_0001,74
8ae169052ffaa3df6b6f1b10__PDFV2__CH_0002,88
8ae169052ffaa3df6b6f1b10__PDFV2__CH_0003,128
8ae169052ffaa3df6b6f1b10__PDFV2__CH_0004,107
8ae169052ffaa3df6b6f1b10__PDFV2__CH_0005,75
8ae169052ffaa3df6b6f1b10__PDFV2__CH_0006,60
8ae169052ffaa3df6b6f1b10__PDFV2__CH_0007,50
8ae169052ffaa3df6b6f1b10__PDFV2__CH_0008,90
8ae169052ffaa3df6b6f1b10__PDFV2__CH_0009,36
8ae169052ffaa3df6b6f1b10__PDFV2__CH_0010,91
8ae169052ffaa3df6b6f1b10__PDFV2__CH_0011,74
8ae169052ffaa3df6b6f1b10__PDFV2__CH_0012,40
8ae169052ffaa3df6b6f1b10__PDFV2__CH_0013,121
8ae169052ffaa3df6b6f1b10__PDFV2__CH_0014,118
8ae169052ffaa3df6b6f1b10__PDFV2__CH_0015,44
8ae169052ffaa3df6b6f1b10__PDFV2__CH_0016,74
8ae169052ffaa3df6b6f1b10__PDFV2__CH_0017,97
8ae169052ffaa3df6b6f1b10__PDFV2__CH_0018,100
8ae169052ffaa3df6b6f1b10__PDFV2__CH_0019,87
8ae169052ffaa3df6b6f1b10__PDFV2__CH_0020,100
8ae169052ffaa3df6b6f1b10__PDFV2__CH_0021,67
8ae169052ffaa3df6b6f1b10__PDFV2__CH_0022,121
8ae169052ffaa3df6b6f1b10__PDFV2__CH_0023,79
8ae169052ffaa3df6b6f1b10__PDFV2__CH_0024,89
8ae169052ffaa3df6b6f1b10__PDFV2__CH_0025,36
8ae95da91d67b6f863159108__8ae95da91d67b6f863159108__SEG_0001__CH_002,38
8ae95da91d67b6f863159108__8ae95da91d67b6f863159108__SEG_0001__CH_004,43
8ae95da91d67b6f863159108__8ae95da91d67b6f863159108__SEG_0001__CH_005,52
8ae95da91d67b6f863159108__8ae95da91d67b6f863159108__SEG_0001__CH_006,109
8ae95da91d67b6f863159108__8ae95da91d67b6f863159108__SEG_0001__CH_007,39
8ae95da91d67b6f863159108__8ae95da91d67b6f863159108__SEG_0001__CH_008,61
8ae95da91d67b6f863159108__8ae95da91d67b6f863159108__SEG_0001__CH_009,88
8ae95da91d67b6f863159108__8ae95da91d67b6f863159108__SEG_0001__CH_010,159
8af3dcbd98c0be360b90d25c__8af3dcbd98c0be360b90d25c__SEG_0001__CH_002,48
8b0a4528a8943c5ca6ad1f39__8b0a4528a8943c5ca6ad1f39__SEG_0001__CH_001__M,91
8b0a4528a8943c5ca6ad1f39__8b0a4528a8943c5ca6ad1f39__SEG_0001__CH_003,121
8b0a4528a8943c5ca6ad1f39__8b0a4528a8943c5ca6ad1f39__SEG_0001__CH_004,130
8b0ea7eaf0e80929dd490e03__PDFV2__CH_0001,81
8b0ea7eaf0e80929dd490e03__PDFV2__CH_0002,96
8b0ea7eaf0e80929dd490e03__PDFV2__CH_0003,105
8b0ea7eaf0e80929dd490e03__PDFV2__CH_0004,61
8b0ea7eaf0e80929dd490e03__PDFV2__CH_0005,74
8b0ea7eaf0e80929dd490e03__PDFV2__CH_0006,84
8b0ea7eaf0e80929dd490e03__PDFV2__CH_0007,82
8b0ea7eaf0e80929dd490e03__PDFV2__CH_0008,113
8b0ea7eaf0e80929dd490e03__PDFV2__CH_0009,41
8b0ea7eaf0e80929dd490e03__PDFV2__CH_0010,39
8b0ea7eaf0e80929dd490e03__PDFV2__CH_0011,53
8b0ea7eaf0e80929dd490e03__PDFV2__CH_0012,71
8b0ea7eaf0e80929dd490e03__PDFV2__CH_0013,28
8b0ea7eaf0e80929dd490e03__PDFV2__CH_0014,90
8b418f1d2adab3c158396e42__PDFV2__CH_0001,110
8b418f1d2adab3c158396e42__PDFV2__CH_0002,101
8b418f1d2adab3c158396e42__PDFV2__CH_0003,106
8b418f1d2adab3c158396e42__PDFV2__CH_0004,112
8b418f1d2adab3c158396e42__PDFV2__CH_0005,49
8b418f1d2adab3c158396e42__PDFV2__CH_0006,75
8b418f1d2adab3c158396e42__PDFV2__CH_0007,69
8b418f1d2adab3c158396e42__PDFV2__CH_0008,94
8b418f1d2adab3c158396e42__PDFV2__CH_0009,115
8b418f1d2adab3c158396e42__PDFV2__CH_0010,106
8b418f1d2adab3c158396e42__PDFV2__CH_0011,35
8b418f1d2adab3c158396e42__PDFV2__CH_0012,67
8b418f1d2adab3c158396e42__PDFV2__CH_0013,126
8b418f1d2adab3c158396e42__PDFV2__CH_0014,68
8b4406e6b7c39b2339dbf362__8b4406e6b7c39b2339dbf362__SEG_0001__CH_001,56
8b51f4fc4f4ba8057862542d__8b51f4fc4f4ba8057862542d__SEG_0001__CH_001,68
8b593259d9d1c3801bfa9ffd__8b593259d9d1c3801bfa9ffd__SEG_0001__CH_001,89
8b593259d9d1c3801bfa9ffd__8b593259d9d1c3801bfa9ffd__SEG_0001__CH_002,105
8b593259d9d1c3801bfa9ffd__8b593259d9d1c3801bfa9ffd__SEG_0001__CH_004,113
8b593259d9d1c3801bfa9ffd__8b593259d9d1c3801bfa9ffd__SEG_0001__CH_005,152
8b809683ed10f457f58ed9d6__8b809683ed10f457f58ed9d6__SEG_0001__CH_001,119
8b809683ed10f457f58ed9d6__8b809683ed10f457f58ed9d6__SEG_0001__CH_002,121
8b809683ed10f457f58ed9d6__8b809683ed10f457f58ed9d6__SEG_0001__CH_003,105
8b809683ed10f457f58ed9d6__8b809683ed10f457f58ed9d6__SEG_0001__CH_004,96
8b996aa5b87ff577db9ebcd6__8b996aa5b87ff577db9ebcd6__SEG_0001__CH_001,90
8bcb6255a9c5b7ed836b54bf__PDFV2__CH_0005,50
8bcb6255a9c5b7ed836b54bf__PDFV2__CH_0006,36
8bcb6255a9c5b7ed836b54bf__PDFV2__CH_0007,65
8bcb6255a9c5b7ed836b54bf__PDFV2__CH_0008,85
8bce1189428a6aa95b9466c4__PDFV2__CH_0001,55
8bce1189428a6aa95b9466c4__PDFV2__CH_0002,56
8bce1189428a6aa95b9466c4__PDFV2__CH_0003,58
8bce1189428a6aa95b9466c4__PDFV2__CH_0004,90
8bce1189428a6aa95b9466c4__PDFV2__CH_0005,106
8bce1189428a6aa95b9466c4__PDFV2__CH_0006,80
8bce1189428a6aa95b9466c4__PDFV2__CH_0007,102
8bce1189428a6aa95b9466c4__PDFV2__CH_0008,102
8c1aa157b5b0f04da80a6af7__8c1aa157b5b0f04da80a6af7__SEG_0001__CH_002,123
8c27cd277531d32693596f39__PDFV2__CH_0001,55
8c27cd277531d32693596f39__PDFV2__CH_0002,71
8c27cd277531d32693596f39__PDFV2__CH_0003,100
8c3021bd29af7ea27969b4e9__8c3021bd29af7ea27969b4e9__SEG_0001__CH_001__M,115
8c3021bd29af7ea27969b4e9__8c3021bd29af7ea27969b4e9__SEG_0001__CH_003,70
8c832ab61f03312c5a7d2992__8c832ab61f03312c5a7d2992__SEG_0001__CH_001,75
8ca49d7d706b661562ddf2d2__8ca49d7d706b661562ddf2d2__SEG_0001__CH_001,73
8cdcc38264f2e9866a946cea__PDFV2__CH_0001,91
8cdcc38264f2e9866a946cea__PDFV2__CH_0002,102
8cdcc38264f2e9866a946cea__PDFV2__CH_0003,79
8cdcc38264f2e9866a946cea__PDFV2__CH_0004,83
8cdcc38264f2e9866a946cea__PDFV2__CH_0005,116
8cdcc38264f2e9866a946cea__PDFV2__CH_0006,103
8cdcc38264f2e9866a946cea__PDFV2__CH_0008,100
8cdcc38264f2e9866a946cea__PDFV2__CH_0009,77
8ce5025b818458d4242da2a1__PDFV2__CH_0002,50
8ce5025b818458d4242da2a1__PDFV2__CH_0003,83
8ce5025b818458d4242da2a1__PDFV2__CH_0004,108
8ce5025b818458d4242da2a1__PDFV2__CH_0005,77
8ce5025b818458d4242da2a1__PDFV2__CH_0006,66
8ce5025b818458d4242da2a1__PDFV2__CH_0007,92
8ce5025b818458d4242da2a1__PDFV2__CH_0008,88
8ce5025b818458d4242da2a1__PDFV2__CH_0009,42
8d0bf375a603df8ac1d7dbff__8d0bf375a603df8ac1d7dbff__SEG_0001__CH_001,125
8d0bf375a603df8ac1d7dbff__8d0bf375a603df8ac1d7dbff__SEG_0001__CH_002,99
8d0bf375a603df8ac1d7dbff__8d0bf375a603df8ac1d7dbff__SEG_0001__CH_003,119
8d0bf375a603df8ac1d7dbff__8d0bf375a603df8ac1d7dbff__SEG_0001__CH_004,82
8d1c597a83fdab9c0cf9f7b5__PDFV2__CH_0002,77
8d1c597a83fdab9c0cf9f7b5__PDFV2__CH_0003,94
8d1c597a83fdab9c0cf9f7b5__PDFV2__CH_0004,47
8d1c597a83fdab9c0cf9f7b5__PDFV2__CH_0005,54
8d1c597a83fdab9c0cf9f7b5__PDFV2__CH_0006,85
8d1c597a83fdab9c0cf9f7b5__PDFV2__CH_0007,64
8d1c597a83fdab9c0cf9f7b5__PDFV2__CH_0008,109
8d9333316ffc588df1834b29__8d9333316ffc588df1834b29__SEG_0001__CH_001,36
8d9333316ffc588df1834b29__8d9333316ffc588df1834b29__SEG_0001__CH_002,51
8dbb6385fa2a99172c88f33f__8dbb6385fa2a99172c88f33f__SEG_0001__CH_002,43
8dbb6385fa2a99172c88f33f__8dbb6385fa2a99172c88f33f__SEG_0001__CH_003,51
8df98bb1cc2222d1eb5262d5__8df98bb1cc2222d1eb5262d5__SEG_0001__CH_003,104
8df98bb1cc2222d1eb5262d5__8df98bb1cc2222d1eb5262d5__SEG_0001__CH_004,97
8df98bb1cc2222d1eb5262d5__8df98bb1cc2222d1eb5262d5__SEG_0001__CH_005,106
8e289638aab746fa66f1273d__8e289638aab746fa66f1273d__SEG_0001__CH_001,81
8e289638aab746fa66f1273d__8e289638aab746fa66f1273d__SEG_0001__CH_002__M,101
8e289638aab746fa66f1273d__8e289638aab746fa66f1273d__SEG_0001__CH_004,178
8e289638aab746fa66f1273d__8e289638aab746fa66f1273d__SEG_0001__CH_005,144
8e6a89787fb646859099ffb1__PDFV2__CH_0001,74
8e6a89787fb646859099ffb1__PDFV2__CH_0002,84
8e6a89787fb646859099ffb1__PDFV2__CH_0003,81
8e6c9e1e83314d2fde77469c__8e6c9e1e83314d2fde77469c__SEG_0001__CH_001,145
8e6c9e1e83314d2fde77469c__8e6c9e1e83314d2fde77469c__SEG_0001__CH_002,103
8eb6cb862d161b55e4d9dbca__PDFV2__CH_0001,62
8eb6cb862d161b55e4d9dbca__PDFV2__CH_0002,71
8eb6cb862d161b55e4d9dbca__PDFV2__CH_0003,54
8efa648f0299a1ec62794196__8efa648f0299a1ec62794196__SEG_0001__CH_001,113
8f04adae15aec1c4fc11f12b__8f04adae15aec1c4fc11f12b__SEG_0001__CH_001,48
8f125d0c476c021532c16bc6__8f125d0c476c021532c16bc6__SEG_0001__CH_001,51
8f125d0c476c021532c16bc6__8f125d0c476c021532c16bc6__SEG_0001__CH_002,52
8f23c5bdcbaf051439252b11__8f23c5bdcbaf051439252b11__SEG_0001__CH_001,54
8f23c5bdcbaf051439252b11__8f23c5bdcbaf051439252b11__SEG_0001__CH_002,40
8f2c86eea069d8b99e625b83__8f2c86eea069d8b99e625b83__SEG_0001__CH_001,81
8f2c86eea069d8b99e625b83__8f2c86eea069d8b99e625b83__SEG_0001__CH_002,47
8f45f152da9439fdc1245d0b__8f45f152da9439fdc1245d0b__SEG_0001__CH_001,60
8f45f152da9439fdc1245d0b__8f45f152da9439fdc1245d0b__SEG_0001__CH_002,37
8f45f152da9439fdc1245d0b__8f45f152da9439fdc1245d0b__SEG_0001__CH_003,74
8f45f152da9439fdc1245d0b__8f45f152da9439fdc1245d0b__SEG_0001__CH_004,68
8f5ecfa08d125a783cbb659e__8f5ecfa08d125a783cbb659e__SEG_0001__CH_002,122
8f5ecfa08d125a783cbb659e__8f5ecfa08d125a783cbb659e__SEG_0001__CH_003,108
9063efdfe2143cee9e1a1553__9063efdfe2143cee9e1a1553__SEG_0001__CH_001,99
9063efdfe2143cee9e1a1553__9063efdfe2143cee9e1a1553__SEG_0001__CH_002,62
90a459358971af172f433fdd__90a459358971af172f433fdd__SEG_0001__CH_001,72
90d2697ff1a22aa047d2ad9b__90d2697ff1a22aa047d2ad9b__SEG_0001__CH_002,73
91417936ec4ba77f0f3ce38b__91417936ec4ba77f0f3ce38b__SEG_0001__CH_001,39
91417936ec4ba77f0f3ce38b__91417936ec4ba77f0f3ce38b__SEG_0001__CH_002,53
91629eecec1b03d736f401e9__91629eecec1b03d736f401e9__SEG_0001__CH_001,67
91629eecec1b03d736f401e9__91629eecec1b03d736f401e9__SEG_0001__CH_002,68
92016cc9941fb106b18105e8__PDFV2__CH_0002,99
92016cc9941fb106b18105e8__PDFV2__CH_0003,119
922cb5db6a259aefeaa5f58a__922cb5db6a259aefeaa5f58a__SEG_0001__CH_001,71
922cb5db6a259aefeaa5f58a__922cb5db6a259aefeaa5f58a__SEG_0001__CH_002,65
922cb5db6a259aefeaa5f58a__922cb5db6a259aefeaa5f58a__SEG_0001__CH_003,59
922cb5db6a259aefeaa5f58a__922cb5db6a259aefeaa5f58a__SEG_0001__CH_005,55
922cb5db6a259aefeaa5f58a__922cb5db6a259aefeaa5f58a__SEG_0001__CH_006,61
92364b9b7d3c6ecda75a18d6__92364b9b7d3c6ecda75a18d6__SEG_0001__CH_001,97
92364b9b7d3c6ecda75a18d6__92364b9b7d3c6ecda75a18d6__SEG_0001__CH_002,106
92364b9b7d3c6ecda75a18d6__92364b9b7d3c6ecda75a18d6__SEG_0001__CH_003,87
92364b9b7d3c6ecda75a18d6__92364b9b7d3c6ecda75a18d6__SEG_0001__CH_004,49
92364b9b7d3c6ecda75a18d6__92364b9b7d3c6ecda75a18d6__SEG_0001__CH_005,65
927bba8f37474f69fd7663ec__927bba8f37474f69fd7663ec__SEG_0001__CH_002,100
927bba8f37474f69fd7663ec__927bba8f37474f69fd7663ec__SEG_0001__CH_003__S1,85
927bba8f37474f69fd7663ec__927bba8f37474f69fd7663ec__SEG_0001__CH_003__S2,76
92d78ed46107064e512af4f7__92d78ed46107064e512af4f7__SEG_0001__CH_001,128
931443aa83c1b4233ba0b58d__PDFV2__CH_0001,98
931443aa83c1b4233ba0b58d__PDFV2__CH_0002__M,86
931443aa83c1b4233ba0b58d__PDFV2__CH_0004,94
931443aa83c1b4233ba0b58d__PDFV2__CH_0005,104
931443aa83c1b4233ba0b58d__PDFV2__CH_0006,69
9319311a5912ba7bbe92a86c__9319311a5912ba7bbe92a86c__SEG_0001__CH_001,63
9319311a5912ba7bbe92a86c__9319311a5912ba7bbe92a86c__SEG_0001__CH_002,60
933b50fe844ea219c1aa47cc__933b50fe844ea219c1aa47cc__SEG_0001__CH_001,50
933c704266b279e88a6dae81__PDFV2__CH_0001,79
933c704266b279e88a6dae81__PDFV2__CH_0002,102
933c704266b279e88a6dae81__PDFV2__CH_0003,93
933c704266b279e88a6dae81__PDFV2__CH_0004,82
938a2567db8d9bd7b9f26911__PDFV2__CH_0001,65
938a2567db8d9bd7b9f26911__PDFV2__CH_0003,69
938a2567db8d9bd7b9f26911__PDFV2__CH_0004,88
93908d21972edd422f7c7bed__93908d21972edd422f7c7bed__SEG_0001__CH_001,69
93908d21972edd422f7c7bed__93908d21972edd422f7c7bed__SEG_0001__CH_002,60
93908d21972edd422f7c7bed__93908d21972edd422f7c7bed__SEG_0001__CH_003,56
93aa4b894be507df58c851b7__93aa4b894be507df58c851b7__SEG_0001__CH_001,66
93aa4b894be507df58c851b7__93aa4b894be507df58c851b7__SEG_0001__CH_002,96
93aa4b894be507df58c851b7__93aa4b894be507df58c851b7__SEG_0001__CH_003,119
945edc20d62c239273246ba1__945edc20d62c239273246ba1__SEG_0001__CH_001,63
949f5785b2de0619790de485__949f5785b2de0619790de485__SEG_0001__CH_002,109
94a4abd6087cf7ed445d3597__PDFV2__CH_0002,115
94a4abd6087cf7ed445d3597__PDFV2__CH_0003,115
94a4abd6087cf7ed445d3597__PDFV2__CH_0004,39
94a4abd6087cf7ed445d3597__PDFV2__CH_0005,79
94a4abd6087cf7ed445d3597__PDFV2__CH_0006,72
94a4abd6087cf7ed445d3597__PDFV2__CH_0007,116
94a4abd6087cf7ed445d3597__PDFV2__CH_0008,82
94a4abd6087cf7ed445d3597__PDFV2__CH_0009,95
94a4abd6087cf7ed445d3597__PDFV2__CH_0010,68
94a4abd6087cf7ed445d3597__PDFV2__CH_0011,104
94a4abd6087cf7ed445d3597__PDFV2__CH_0012,98
94a4abd6087cf7ed445d3597__PDFV2__CH_0013,83
94a4abd6087cf7ed445d3597__PDFV2__CH_0014,101
94a4abd6087cf7ed445d3597__PDFV2__CH_0015,80
94a4abd6087cf7ed445d3597__PDFV2__CH_0016,92
94a4abd6087cf7ed445d3597__PDFV2__CH_0017,99
9508d0c9b439701cd2cf0751__9508d0c9b439701cd2cf0751__SEG_0001__CH_001,105
955d1ad9eb8fc0adbcf9a289__955d1ad9eb8fc0adbcf9a289__SEG_0001__CH_001,89
95602e81f4f43d1b145c8977__95602e81f4f43d1b145c8977__SEG_0001__CH_001,40
95ec057220de897629dc2b28__PDFV2__CH_0001,61
95ec057220de897629dc2b28__PDFV2__CH_0002,116
95ff80d60caafcaf25d29fe9__95ff80d60caafcaf25d29fe9__SEG_0001__CH_001,111
95ff80d60caafcaf25d29fe9__95ff80d60caafcaf25d29fe9__SEG_0001__CH_002,72
9638ca65bb448d2135d6902e__PDFV2__CH_0001,73
9638ca65bb448d2135d6902e__PDFV2__CH_0002,77
9638ca65bb448d2135d6902e__PDFV2__CH_0003,90
9638ca65bb448d2135d6902e__PDFV2__CH_0004,84
9638ca65bb448d2135d6902e__PDFV2__CH_0005,81
9638ca65bb448d2135d6902e__PDFV2__CH_0006,57
9638ca65bb448d2135d6902e__PDFV2__CH_0008,60
9638ca65bb448d2135d6902e__PDFV2__CH_0009,47
9638ca65bb448d2135d6902e__PDFV2__CH_0010,79
9638ca65bb448d2135d6902e__PDFV2__CH_0011,60
9638ca65bb448d2135d6902e__PDFV2__CH_0012,75
9648741269dfa80c5bbe75bf__PDFV2__CH_0001,62
9648741269dfa80c5bbe75bf__PDFV2__CH_0002,60
9648741269dfa80c5bbe75bf__PDFV2__CH_0003,68
9648741269dfa80c5bbe75bf__PDFV2__CH_0004,117
9648741269dfa80c5bbe75bf__PDFV2__CH_0005,91
9648741269dfa80c5bbe75bf__PDFV2__CH_0006,139
9648741269dfa80c5bbe75bf__PDFV2__CH_0007,70
9648741269dfa80c5bbe75bf__PDFV2__CH_0008,108
9648741269dfa80c5bbe75bf__PDFV2__CH_0011,46
9648741269dfa80c5bbe75bf__PDFV2__CH_0012,121
9648741269dfa80c5bbe75bf__PDFV2__CH_0013,91
9648741269dfa80c5bbe75bf__PDFV2__CH_0014,91
9648741269dfa80c5bbe75bf__PDFV2__CH_0015,75
9648741269dfa80c5bbe75bf__PDFV2__CH_0016,64
9648741269dfa80c5bbe75bf__PDFV2__CH_0017,84
9648741269dfa80c5bbe75bf__PDFV2__CH_0020,86
9648741269dfa80c5bbe75bf__PDFV2__CH_0021,66
9648741269dfa80c5bbe75bf__PDFV2__CH_0022,85
9648741269dfa80c5bbe75bf__PDFV2__CH_0023,78
9648741269dfa80c5bbe75bf__PDFV2__CH_0024,71
968d38a7d0bfcf06a1cfeffd__968d38a7d0bfcf06a1cfeffd__SEG_0001__CH_001__S1,170
968d38a7d0bfcf06a1cfeffd__968d38a7d0bfcf06a1cfeffd__SEG_0001__CH_001__S2,151
968d38a7d0bfcf06a1cfeffd__968d38a7d0bfcf06a1cfeffd__SEG_0001__CH_001__S3,59
968d38a7d0bfcf06a1cfeffd__968d38a7d0bfcf06a1cfeffd__SEG_0001__CH_001__S4,85
968d38a7d0bfcf06a1cfeffd__968d38a7d0bfcf06a1cfeffd__SEG_0001__CH_001__S5,60
968d38a7d0bfcf06a1cfeffd__968d38a7d0bfcf06a1cfeffd__SEG_0001__CH_001__S6,78
96a80bccf5b98e946a9cd3ab__96a80bccf5b98e946a9cd3ab__SEG_0001__CH_001,66
96a80bccf5b98e946a9cd3ab__96a80bccf5b98e946a9cd3ab__SEG_0001__CH_002,147
96a80bccf5b98e946a9cd3ab__96a80bccf5b98e946a9cd3ab__SEG_0001__CH_003,88
96a80bccf5b98e946a9cd3ab__96a80bccf5b98e946a9cd3ab__SEG_0001__CH_004,70
96a80bccf5b98e946a9cd3ab__96a80bccf5b98e946a9cd3ab__SEG_0001__CH_005,351
96a80bccf5b98e946a9cd3ab__96a80bccf5b98e946a9cd3ab__SEG_0001__CH_006,68
973b865e7e6436af76b79276__PDFV2__CH_0013,69
97d224f6adaaf884f46eb844__PDFV2__CH_0003,96
97d224f6adaaf884f46eb844__PDFV2__CH_0004,36
97d224f6adaaf884f46eb844__PDFV2__CH_0005,75
97d224f6adaaf884f46eb844__PDFV2__CH_0006,145
97d224f6adaaf884f46eb844__PDFV2__CH_0007,53
97d224f6adaaf884f46eb844__PDFV2__CH_0008,54
97d224f6adaaf884f46eb844__PDFV2__CH_0009,80
97d224f6adaaf884f46eb844__PDFV2__CH_0010,106
97d224f6adaaf884f46eb844__PDFV2__CH_0011,98
97d224f6adaaf884f46eb844__PDFV2__CH_0012,73
97d224f6adaaf884f46eb844__PDFV2__CH_0013,42
97d224f6adaaf884f46eb844__PDFV2__CH_0014,80
97d224f6adaaf884f46eb844__PDFV2__CH_0015,57
97d224f6adaaf884f46eb844__PDFV2__CH_0016,121
97d224f6adaaf884f46eb844__PDFV2__CH_0018,87
97d224f6adaaf884f46eb844__PDFV2__CH_0019,73
97d224f6adaaf884f46eb844__PDFV2__CH_0020,89
97d224f6adaaf884f46eb844__PDFV2__CH_0021,87
97d224f6adaaf884f46eb844__PDFV2__CH_0022,79
97d224f6adaaf884f46eb844__PDFV2__CH_0023,124
97d224f6adaaf884f46eb844__PDFV2__CH_0024,68
97d224f6adaaf884f46eb844__PDFV2__CH_0025,99
97d224f6adaaf884f46eb844__PDFV2__CH_0026,74
97d224f6adaaf884f46eb844__PDFV2__CH_0027,95
97d224f6adaaf884f46eb844__PDFV2__CH_0028,77
97d224f6adaaf884f46eb844__PDFV2__CH_0029,78
97d224f6adaaf884f46eb844__PDFV2__CH_0030,99
97d81578b0221920571c8768__PDFV2__CH_0001,68
97d81578b0221920571c8768__PDFV2__CH_0002,74
97d81578b0221920571c8768__PDFV2__CH_0003,116
97d81578b0221920571c8768__PDFV2__CH_0004,100
97d81578b0221920571c8768__PDFV2__CH_0005,82
97d81578b0221920571c8768__PDFV2__CH_0006,90
97d81578b0221920571c8768__PDFV2__CH_0007,100
97d81578b0221920571c8768__PDFV2__CH_0008,99
98539201ca4b0dd389a2d272__98539201ca4b0dd389a2d272__SEG_0001__CH_002,69
98539201ca4b0dd389a2d272__98539201ca4b0dd389a2d272__SEG_0001__CH_003,55
98539201ca4b0dd389a2d272__98539201ca4b0dd389a2d272__SEG_0001__CH_004,84
98539201ca4b0dd389a2d272__98539201ca4b0dd389a2d272__SEG_0001__CH_005,75
98539201ca4b0dd389a2d272__98539201ca4b0dd389a2d272__SEG_0001__CH_006,78
98539201ca4b0dd389a2d272__98539201ca4b0dd389a2d272__SEG_0001__CH_007,221
98539201ca4b0dd389a2d272__98539201ca4b0dd389a2d272__SEG_0001__CH_008,116
986ab18401f1c9b38ab2aae4__986ab18401f1c9b38ab2aae4__SEG_0001__CH_001,57
986ab18401f1c9b38ab2aae4__986ab18401f1c9b38ab2aae4__SEG_0001__CH_002,119
986ab18401f1c9b38ab2aae4__986ab18401f1c9b38ab2aae4__SEG_0001__CH_003,61
988d13d804115bb5aadfbbc8__988d13d804115bb5aadfbbc8__SEG_0001__CH_002,118
988d13d804115bb5aadfbbc8__988d13d804115bb5aadfbbc8__SEG_0001__CH_003,86
988d13d804115bb5aadfbbc8__988d13d804115bb5aadfbbc8__SEG_0001__CH_004,69
989b1d7e8a340760b5bfba2f__989b1d7e8a340760b5bfba2f__SEG_0001__CH_001,116
989b1d7e8a340760b5bfba2f__989b1d7e8a340760b5bfba2f__SEG_0001__CH_002,75
989b1d7e8a340760b5bfba2f__989b1d7e8a340760b5bfba2f__SEG_0001__CH_003,126
98d219fc6ad9cd1fd358ed58__98d219fc6ad9cd1fd358ed58__SEG_0001__CH_001,90
9960b3c9b8f398c626a848e6__PDFV2__CH_0007,65
9960b3c9b8f398c626a848e6__PDFV2__CH_0008,63
9960b3c9b8f398c626a848e6__PDFV2__CH_0009,68
9960b3c9b8f398c626a848e6__PDFV2__CH_0014,88
9960b3c9b8f398c626a848e6__PDFV2__CH_0015,69
9960b3c9b8f398c626a848e6__PDFV2__CH_0016,53
99d9a9fa110e9d56eb964b6b__PDFV2__CH_0001,82
99d9a9fa110e9d56eb964b6b__PDFV2__CH_0002,72
99d9a9fa110e9d56eb964b6b__PDFV2__CH_0003,68
99d9a9fa110e9d56eb964b6b__PDFV2__CH_0004,125
99d9a9fa110e9d56eb964b6b__PDFV2__CH_0005,80
99d9a9fa110e9d56eb964b6b__PDFV2__CH_0006,91
99d9a9fa110e9d56eb964b6b__PDFV2__CH_0007,54
99d9a9fa110e9d56eb964b6b__PDFV2__CH_0008,92
99d9a9fa110e9d56eb964b6b__PDFV2__CH_0009,148
99d9a9fa110e9d56eb964b6b__PDFV2__CH_0010,93
99d9a9fa110e9d56eb964b6b__PDFV2__CH_0011,106
99d9a9fa110e9d56eb964b6b__PDFV2__CH_0012,90
99d9a9fa110e9d56eb964b6b__PDFV2__CH_0013,86
99d9a9fa110e9d56eb964b6b__PDFV2__CH_0014,112
99d9a9fa110e9d56eb964b6b__PDFV2__CH_0015__M,108
99d9a9fa110e9d56eb964b6b__PDFV2__CH_0017,111
99d9a9fa110e9d56eb964b6b__PDFV2__CH_0018,78
99d9a9fa110e9d56eb964b6b__PDFV2__CH_0019,87
99d9a9fa110e9d56eb964b6b__PDFV2__CH_0020,117
99d9a9fa110e9d56eb964b6b__PDFV2__CH_0021,87
99d9a9fa110e9d56eb964b6b__PDFV2__CH_0022,68
99d9a9fa110e9d56eb964b6b__PDFV2__CH_0023,130
99d9a9fa110e9d56eb964b6b__PDFV2__CH_0024,93
99d9a9fa110e9d56eb964b6b__PDFV2__CH_0025,75
99d9a9fa110e9d56eb964b6b__PDFV2__CH_0026,79
99d9a9fa110e9d56eb964b6b__PDFV2__CH_0027,69
99d9a9fa110e9d56eb964b6b__PDFV2__CH_0028,91
99d9a9fa110e9d56eb964b6b__PDFV2__CH_0029,78
99d9a9fa110e9d56eb964b6b__PDFV2__CH_0030,44
99d9a9fa110e9d56eb964b6b__PDFV2__CH_0031,80
99d9a9fa110e9d56eb964b6b__PDFV2__CH_0032,88
99d9a9fa110e9d56eb964b6b__PDFV2__CH_0033,97
99d9a9fa110e9d56eb964b6b__PDFV2__CH_0034,114
99d9a9fa110e9d56eb964b6b__PDFV2__CH_0035,71
99d9a9fa110e9d56eb964b6b__PDFV2__CH_0036,73
99d9a9fa110e9d56eb964b6b__PDFV2__CH_0037,78
99d9a9fa110e9d56eb964b6b__PDFV2__CH_0038,87
99d9a9fa110e9d56eb964b6b__PDFV2__CH_0039,99
99d9a9fa110e9d56eb964b6b__PDFV2__CH_0040,92
99d9a9fa110e9d56eb964b6b__PDFV2__CH_0041,67
99d9a9fa110e9d56eb964b6b__PDFV2__CH_0042,66
99d9a9fa110e9d56eb964b6b__PDFV2__CH_0045,85
99d9a9fa110e9d56eb964b6b__PDFV2__CH_0046,97
99d9a9fa110e9d56eb964b6b__PDFV2__CH_0047,55
99d9a9fa110e9d56eb964b6b__PDFV2__CH_0048,93
99d9a9fa110e9d56eb964b6b__PDFV2__CH_0049,114
99dec21d26ef05a7fdca4c4b__PDFV2__CH_0001,103
99dec21d26ef05a7fdca4c4b__PDFV2__CH_0002,102
9a362649da0dbf27e711c1cb__PDFV2__CH_0001,49
9a362649da0dbf27e711c1cb__PDFV2__CH_0002,108
9a362649da0dbf27e711c1cb__PDFV2__CH_0003,102
9a362649da0dbf27e711c1cb__PDFV2__CH_0004,79
9a362649da0dbf27e711c1cb__PDFV2__CH_0005,58
9a362649da0dbf27e711c1cb__PDFV2__CH_0006,102
9a362649da0dbf27e711c1cb__PDFV2__CH_0007,60
9a362649da0dbf27e711c1cb__PDFV2__CH_0008,75
9a362649da0dbf27e711c1cb__PDFV2__CH_0009,66
9a362649da0dbf27e711c1cb__PDFV2__CH_0010,123
9a362649da0dbf27e711c1cb__PDFV2__CH_0011,83
9a362649da0dbf27e711c1cb__PDFV2__CH_0012,38
9a6b8faf1a49f61f55829c3d__9a6b8faf1a49f61f55829c3d__SEG_0001__CH_001,75
9a6b8faf1a49f61f55829c3d__9a6b8faf1a49f61f55829c3d__SEG_0001__CH_004,102
9a6b8faf1a49f61f55829c3d__9a6b8faf1a49f61f55829c3d__SEG_0001__CH_005,92
9a6b8faf1a49f61f55829c3d__9a6b8faf1a49f61f55829c3d__SEG_0001__CH_006,63
9aa6436b18eeba7120273e67__9aa6436b18eeba7120273e67__SEG_0001__CH_002,43
9ae15e3529be1865bf448e32__9ae15e3529be1865bf448e32__SEG_0001__CH_001,108
9ae15e3529be1865bf448e32__9ae15e3529be1865bf448e32__SEG_0001__CH_002,73
9ae15e3529be1865bf448e32__9ae15e3529be1865bf448e32__SEG_0001__CH_003,69
9ae15e3529be1865bf448e32__9ae15e3529be1865bf448e32__SEG_0001__CH_004,73
9ae15e3529be1865bf448e32__9ae15e3529be1865bf448e32__SEG_0001__CH_005,94
9b1486b7372867c029fdd92d__9b1486b7372867c029fdd92d__SEG_0001__CH_001,48
9b59c965314ec4de4b235cd8__PDFV2__CH_0001,92
9b59c965314ec4de4b235cd8__PDFV2__CH_0002,136
9b59c965314ec4de4b235cd8__PDFV2__CH_0003,67
9b59c965314ec4de4b235cd8__PDFV2__CH_0004,58
9b59c965314ec4de4b235cd8__PDFV2__CH_0005,69
9b59c965314ec4de4b235cd8__PDFV2__CH_0006,49
9b59c965314ec4de4b235cd8__PDFV2__CH_0007,75
9b59c965314ec4de4b235cd8__PDFV2__CH_0008,45
9b59c965314ec4de4b235cd8__PDFV2__CH_0010,79
9b59c965314ec4de4b235cd8__PDFV2__CH_0011,83
9b59c965314ec4de4b235cd8__PDFV2__CH_0012,62
9b59c965314ec4de4b235cd8__PDFV2__CH_0013,42
9b59c965314ec4de4b235cd8__PDFV2__CH_0014,87
9b59c965314ec4de4b235cd8__PDFV2__CH_0015,70
9b59c965314ec4de4b235cd8__PDFV2__CH_0016,70
9b59c965314ec4de4b235cd8__PDFV2__CH_0017,79
9b59c965314ec4de4b235cd8__PDFV2__CH_0018,74
9b59c965314ec4de4b235cd8__PDFV2__CH_0019,67
9b59c965314ec4de4b235cd8__PDFV2__CH_0020,49
9b59c965314ec4de4b235cd8__PDFV2__CH_0021,93
9b59c965314ec4de4b235cd8__PDFV2__CH_0022,87
9b59c965314ec4de4b235cd8__PDFV2__CH_0023,91
9b59c965314ec4de4b235cd8__PDFV2__CH_0024,79
9b59c965314ec4de4b235cd8__PDFV2__CH_0025,68
9b59c965314ec4de4b235cd8__PDFV2__CH_0026,37
9b59c965314ec4de4b235cd8__PDFV2__CH_0027,45
9b59c965314ec4de4b235cd8__PDFV2__CH_0028,92
9b59c965314ec4de4b235cd8__PDFV2__CH_0030,70
9b59c965314ec4de4b235cd8__PDFV2__CH_0031,66
9b59c965314ec4de4b235cd8__PDFV2__CH_0032,86
9b59c965314ec4de4b235cd8__PDFV2__CH_0033,88
9b59c965314ec4de4b235cd8__PDFV2__CH_0034,57
9b59c965314ec4de4b235cd8__PDFV2__CH_0035,85
9c10fead8dc5f46af93a55c3__9c10fead8dc5f46af93a55c3__SEG_0001__CH_001,87
9c25fcf409cd61540f8ad3c0__9c25fcf409cd61540f8ad3c0__SEG_0001__CH_001,49
9c25fcf409cd61540f8ad3c0__9c25fcf409cd61540f8ad3c0__SEG_0001__CH_002,86
9c47b2bd0733ff388586dec0__9c47b2bd0733ff388586dec0__SEG_0001__CH_001,44
9c47b2bd0733ff388586dec0__9c47b2bd0733ff388586dec0__SEG_0001__CH_002,63
9c47b2bd0733ff388586dec0__9c47b2bd0733ff388586dec0__SEG_0001__CH_003,102
9c47b2bd0733ff388586dec0__9c47b2bd0733ff388586dec0__SEG_0001__CH_004,99
9c47b2bd0733ff388586dec0__9c47b2bd0733ff388586dec0__SEG_0001__CH_005,52
9c47b2bd0733ff388586dec0__9c47b2bd0733ff388586dec0__SEG_0001__CH_006,77
9c47b2bd0733ff388586dec0__9c47b2bd0733ff388586dec0__SEG_0001__CH_007,95
9c47b2bd0733ff388586dec0__9c47b2bd0733ff388586dec0__SEG_0001__CH_008,88
9c9d0c71218e02939d7ff327__PDFV2__CH_0001,59
9c9d0c71218e02939d7ff327__PDFV2__CH_0002,75
9c9d0c71218e02939d7ff327__PDFV2__CH_0003,86
9c9d0c71218e02939d7ff327__PDFV2__CH_0004,78
9c9d0c71218e02939d7ff327__PDFV2__CH_0005,99
9c9d0c71218e02939d7ff327__PDFV2__CH_0006,82
9cb6b685f403d834735cb36d__9cb6b685f403d834735cb36d__SEG_0001__CH_001,73
9cb6b685f403d834735cb36d__9cb6b685f403d834735cb36d__SEG_0001__CH_002,97
9cb6b685f403d834735cb36d__9cb6b685f403d834735cb36d__SEG_0001__CH_003,84
9cb6b685f403d834735cb36d__9cb6b685f403d834735cb36d__SEG_0001__CH_004,68
9d10bfa970bc5a22ec2b345f__9d10bfa970bc5a22ec2b345f__SEG_0001__CH_002,97
9d1129f9bebb07390874737a__PDFV2__CH_0001,76
9d893ca35908e89370b181e9__9d893ca35908e89370b181e9__SEG_0001__CH_001,97
9d93a90995f2b8079a089276__PDFV2__CH_0007,77
9d93a90995f2b8079a089276__PDFV2__CH_0008__M,106
9d93a90995f2b8079a089276__PDFV2__CH_0010,104
9d93a90995f2b8079a089276__PDFV2__CH_0011,155
9d93a90995f2b8079a089276__PDFV2__CH_0012,116
9d93a90995f2b8079a089276__PDFV2__CH_0013,73
9d93a90995f2b8079a089276__PDFV2__CH_0014,56
9d93a90995f2b8079a089276__PDFV2__CH_0015__M,110
9d93a90995f2b8079a089276__PDFV2__CH_0017,77
9d93a90995f2b8079a089276__PDFV2__CH_0018,170
9d93a90995f2b8079a089276__PDFV2__CH_0019,183
9d93a90995f2b8079a089276__PDFV2__CH_0020__M,92
9d93a90995f2b8079a089276__PDFV2__CH_0022,69
9d93a90995f2b8079a089276__PDFV2__CH_0023,67
9d93a90995f2b8079a089276__PDFV2__CH_0024,152
9d93a90995f2b8079a089276__PDFV2__CH_0025,43
9d93a90995f2b8079a089276__PDFV2__CH_0026,114
9d93a90995f2b8079a089276__PDFV2__CH_0027,106
9d93a90995f2b8079a089276__PDFV2__CH_0028,63
9d93a90995f2b8079a089276__PDFV2__CH_0029,49
9d93a90995f2b8079a089276__PDFV2__CH_0030,61
9d93a90995f2b8079a089276__PDFV2__CH_0031,78
9d93a90995f2b8079a089276__PDFV2__CH_0032,40
9d93a90995f2b8079a089276__PDFV2__CH_0033,41
9d93a90995f2b8079a089276__PDFV2__CH_0034,80
9d93a90995f2b8079a089276__PDFV2__CH_0035,106
9d93a90995f2b8079a089276__PDFV2__CH_0036,62
9d93a90995f2b8079a089276__PDFV2__CH_0037,64
9d93a90995f2b8079a089276__PDFV2__CH_0038,92
9d93a90995f2b8079a089276__PDFV2__CH_0039,77
9d93a90995f2b8079a089276__PDFV2__CH_0040,74
9d93a90995f2b8079a089276__PDFV2__CH_0041,78
9d93a90995f2b8079a089276__PDFV2__CH_0042,87
9d93a90995f2b8079a089276__PDFV2__CH_0043,58
9d93a90995f2b8079a089276__PDFV2__CH_0044,99
9d93a90995f2b8079a089276__PDFV2__CH_0045,120
9d93a90995f2b8079a089276__PDFV2__CH_0046,57
9d93a90995f2b8079a089276__PDFV2__CH_0049,67
9d93a90995f2b8079a089276__PDFV2__CH_0050,62
9d93a90995f2b8079a089276__PDFV2__CH_0051,71
9d93a90995f2b8079a089276__PDFV2__CH_0052,87
9d93a90995f2b8079a089276__PDFV2__CH_0053,75
9d93a90995f2b8079a089276__PDFV2__CH_0054,108
9d93a90995f2b8079a089276__PDFV2__CH_0055,122
9d93a90995f2b8079a089276__PDFV2__CH_0056,143
9d93a90995f2b8079a089276__PDFV2__CH_0057,100
9d93a90995f2b8079a089276__PDFV2__CH_0058,116
9d93a90995f2b8079a089276__PDFV2__CH_0059,127
9d93a90995f2b8079a089276__PDFV2__CH_0060,114
9d93a90995f2b8079a089276__PDFV2__CH_0061,124
9d93a90995f2b8079a089276__PDFV2__CH_0062,90
9d93a90995f2b8079a089276__PDFV2__CH_0063__M,90
9d93a90995f2b8079a089276__PDFV2__CH_0065,89
9d93a90995f2b8079a089276__PDFV2__CH_0066,57
9d93a90995f2b8079a089276__PDFV2__CH_0067,86
9d93a90995f2b8079a089276__PDFV2__CH_0068,84
9d93a90995f2b8079a089276__PDFV2__CH_0069,104
9d93a90995f2b8079a089276__PDFV2__CH_0070,117
9d93a90995f2b8079a089276__PDFV2__CH_0071,85
9d93a90995f2b8079a089276__PDFV2__CH_0072,113
9d93a90995f2b8079a089276__PDFV2__CH_0073,142
9d93a90995f2b8079a089276__PDFV2__CH_0074,88
9d93a90995f2b8079a089276__PDFV2__CH_0075,101
9d93a90995f2b8079a089276__PDFV2__CH_0076,101
9d93a90995f2b8079a089276__PDFV2__CH_0077,96
9d93a90995f2b8079a089276__PDFV2__CH_0078,158
9d93a90995f2b8079a089276__PDFV2__CH_0079,74
9d93a90995f2b8079a089276__PDFV2__CH_0080,65
9d93a90995f2b8079a089276__PDFV2__CH_0081,79
9d93a90995f2b8079a089276__PDFV2__CH_0083,59
9d93a90995f2b8079a089276__PDFV2__CH_0084,66
9d93a90995f2b8079a089276__PDFV2__CH_0085,86
9d93a90995f2b8079a089276__PDFV2__CH_0086,76
9d93a90995f2b8079a089276__PDFV2__CH_0087,79
9d93a90995f2b8079a089276__PDFV2__CH_0088,74
9d93a90995f2b8079a089276__PDFV2__CH_0089,53
9d93a90995f2b8079a089276__PDFV2__CH_0090,80
9d93a90995f2b8079a089276__PDFV2__CH_0091,130
9d93a90995f2b8079a089276__PDFV2__CH_0092,82
9d93a90995f2b8079a089276__PDFV2__CH_0093,50
9d93a90995f2b8079a089276__PDFV2__CH_0094,86
9d93a90995f2b8079a089276__PDFV2__CH_0095,105
9d93a90995f2b8079a089276__PDFV2__CH_0096,82
9d93a90995f2b8079a089276__PDFV2__CH_0097,86
9d93a90995f2b8079a089276__PDFV2__CH_0098,109
9d93a90995f2b8079a089276__PDFV2__CH_0099,75
9d93a90995f2b8079a089276__PDFV2__CH_0100,105
9d93a90995f2b8079a089276__PDFV2__CH_0101,105
9d93a90995f2b8079a089276__PDFV2__CH_0102,117
9d93a90995f2b8079a089276__PDFV2__CH_0103,60
9d93a90995f2b8079a089276__PDFV2__CH_0104,140
9d93a90995f2b8079a089276__PDFV2__CH_0105,53
9d93a90995f2b8079a089276__PDFV2__CH_0106,128
9d93a90995f2b8079a089276__PDFV2__CH_0107,50
9d93a90995f2b8079a089276__PDFV2__CH_0108,56
9d93a90995f2b8079a089276__PDFV2__CH_0109__M,108
9d93a90995f2b8079a089276__PDFV2__CH_0111,99
9d93a90995f2b8079a089276__PDFV2__CH_0112,112
9d93a90995f2b8079a089276__PDFV2__CH_0113,119
9d93a90995f2b8079a089276__PDFV2__CH_0114__M,95
9d93a90995f2b8079a089276__PDFV2__CH_0116,100
9d93a90995f2b8079a089276__PDFV2__CH_0117,102
9d93a90995f2b8079a089276__PDFV2__CH_0118__M,79
9d93a90995f2b8079a089276__PDFV2__CH_0121,81
9d93a90995f2b8079a089276__PDFV2__CH_0122,74
9d93a90995f2b8079a089276__PDFV2__CH_0123,98
9d93a90995f2b8079a089276__PDFV2__CH_0124,73
9d93a90995f2b8079a089276__PDFV2__CH_0125,77
9d93a90995f2b8079a089276__PDFV2__CH_0126,88
9d93a90995f2b8079a089276__PDFV2__CH_0127,124
9d93a90995f2b8079a089276__PDFV2__CH_0128,50
9d93a90995f2b8079a089276__PDFV2__CH_0129,98
9d93a90995f2b8079a089276__PDFV2__CH_0130,102
9d93a90995f2b8079a089276__PDFV2__CH_0131,103
9d93a90995f2b8079a089276__PDFV2__CH_0132,62
9d93a90995f2b8079a089276__PDFV2__CH_0133,78
9d93a90995f2b8079a089276__PDFV2__CH_0134,48
9d93a90995f2b8079a089276__PDFV2__CH_0135,116
9d93a90995f2b8079a089276__PDFV2__CH_0136,108
9d93a90995f2b8079a089276__PDFV2__CH_0137,91
9d93a90995f2b8079a089276__PDFV2__CH_0138,98
9d93a90995f2b8079a089276__PDFV2__CH_0139,58
9d93a90995f2b8079a089276__PDFV2__CH_0140,78
9d93a90995f2b8079a089276__PDFV2__CH_0141,92
9d93a90995f2b8079a089276__PDFV2__CH_0142,95
9d93a90995f2b8079a089276__PDFV2__CH_0143,57
9d93a90995f2b8079a089276__PDFV2__CH_0144,97
9d93a90995f2b8079a089276__PDFV2__CH_0145__M,117
9d93a90995f2b8079a089276__PDFV2__CH_0147,95
9d93a90995f2b8079a089276__PDFV2__CH_0149,96
9d93a90995f2b8079a089276__PDFV2__CH_0150,68
9d93a90995f2b8079a089276__PDFV2__CH_0151,111
9d93a90995f2b8079a089276__PDFV2__CH_0152,90
9d93a90995f2b8079a089276__PDFV2__CH_0153,63
9d93a90995f2b8079a089276__PDFV2__CH_0154,56
9d93a90995f2b8079a089276__PDFV2__CH_0155,46
9d93a90995f2b8079a089276__PDFV2__CH_0156,65
9d93a90995f2b8079a089276__PDFV2__CH_0157,60
9d93a90995f2b8079a089276__PDFV2__CH_0158__M,160
9d93a90995f2b8079a089276__PDFV2__CH_0160,46
9d93a90995f2b8079a089276__PDFV2__CH_0161__M,123
9d93a90995f2b8079a089276__PDFV2__CH_0163,74
9d93a90995f2b8079a089276__PDFV2__CH_0164,121
9d93a90995f2b8079a089276__PDFV2__CH_0165,151
9d93a90995f2b8079a089276__PDFV2__CH_0166,49
9d93a90995f2b8079a089276__PDFV2__CH_0167,99
9d93a90995f2b8079a089276__PDFV2__CH_0168,55
9d93a90995f2b8079a089276__PDFV2__CH_0169,116
9d93a90995f2b8079a089276__PDFV2__CH_0170,99
9d93a90995f2b8079a089276__PDFV2__CH_0171,85
9d93a90995f2b8079a089276__PDFV2__CH_0172,53
9d93a90995f2b8079a089276__PDFV2__CH_0173,97
9d93a90995f2b8079a089276__PDFV2__CH_0174,48
9d93a90995f2b8079a089276__PDFV2__CH_0175,78
9d93a90995f2b8079a089276__PDFV2__CH_0176,57
9d93a90995f2b8079a089276__PDFV2__CH_0177,137
9d93a90995f2b8079a089276__PDFV2__CH_0178,90
9d93a90995f2b8079a089276__PDFV2__CH_0179,102
9d93a90995f2b8079a089276__PDFV2__CH_0180,103
9d93a90995f2b8079a089276__PDFV2__CH_0181,77
9d93a90995f2b8079a089276__PDFV2__CH_0182,92
9d93a90995f2b8079a089276__PDFV2__CH_0183,75
9d93a90995f2b8079a089276__PDFV2__CH_0184,59
9d93a90995f2b8079a089276__PDFV2__CH_0185,88
9d93a90995f2b8079a089276__PDFV2__CH_0186,97
9d93a90995f2b8079a089276__PDFV2__CH_0187,98
9d93a90995f2b8079a089276__PDFV2__CH_0188,92
9d93a90995f2b8079a089276__PDFV2__CH_0189,82
9d93a90995f2b8079a089276__PDFV2__CH_0190,57
9d93a90995f2b8079a089276__PDFV2__CH_0191,57
9d93a90995f2b8079a089276__PDFV2__CH_0192,85
9d93a90995f2b8079a089276__PDFV2__CH_0193,70
9d93a90995f2b8079a089276__PDFV2__CH_0194,68
9d93a90995f2b8079a089276__PDFV2__CH_0195,93
9d93a90995f2b8079a089276__PDFV2__CH_0196,65
9d93a90995f2b8079a089276__PDFV2__CH_0197,93
9d93a90995f2b8079a089276__PDFV2__CH_0198,89
9d93a90995f2b8079a089276__PDFV2__CH_0199,94
9d93a90995f2b8079a089276__PDFV2__CH_0200,39
9d93a90995f2b8079a089276__PDFV2__CH_0201,20
9d93a90995f2b8079a089276__PDFV2__CH_0202__M,38
9d93a90995f2b8079a089276__PDFV2__CH_0204,86
9d93a90995f2b8079a089276__PDFV2__CH_0206,83
9d93a90995f2b8079a089276__PDFV2__CH_0207,47
9d93a90995f2b8079a089276__PDFV2__CH_0208,53
9d93a90995f2b8079a089276__PDFV2__CH_0209,44
9d93a90995f2b8079a089276__PDFV2__CH_0219,68
9d93a90995f2b8079a089276__PDFV2__CH_0220,120
9d93a90995f2b8079a089276__PDFV2__CH_0221,76
9d93a90995f2b8079a089276__PDFV2__CH_0222,67
9d93a90995f2b8079a089276__PDFV2__CH_0223,135
9d93a90995f2b8079a089276__PDFV2__CH_0230,65
9d93a90995f2b8079a089276__PDFV2__CH_0231,151
9d93a90995f2b8079a089276__PDFV2__CH_0232,115
9d93a90995f2b8079a089276__PDFV2__CH_0233,94
9d93a90995f2b8079a089276__PDFV2__CH_0234,87
9d93a90995f2b8079a089276__PDFV2__CH_0235,49
9d93a90995f2b8079a089276__PDFV2__CH_0236,106
9d93a90995f2b8079a089276__PDFV2__CH_0237,85
9d93a90995f2b8079a089276__PDFV2__CH_0238,50
9d93a90995f2b8079a089276__PDFV2__CH_0239,71
9d93a90995f2b8079a089276__PDFV2__CH_0240,76
9d93a90995f2b8079a089276__PDFV2__CH_0241,42
9d93a90995f2b8079a089276__PDFV2__CH_0242,57
9d93a90995f2b8079a089276__PDFV2__CH_0243,48
9d93a90995f2b8079a089276__PDFV2__CH_0244,64
9d93a90995f2b8079a089276__PDFV2__CH_0245,68
9d93a90995f2b8079a089276__PDFV2__CH_0247,79
9d93a90995f2b8079a089276__PDFV2__CH_0248,115
9d93a90995f2b8079a089276__PDFV2__CH_0249,100
9d93a90995f2b8079a089276__PDFV2__CH_0250,84
9d93a90995f2b8079a089276__PDFV2__CH_0251,83
9d93a90995f2b8079a089276__PDFV2__CH_0252,87
9d93a90995f2b8079a089276__PDFV2__CH_0253,98
9d93a90995f2b8079a089276__PDFV2__CH_0254,53
9dea0482fbb40b7817ec902b__9dea0482fbb40b7817ec902b__SEG_0001__CH_001,85
9e3bcfe0d2ab85a4fb64ded0__9e3bcfe0d2ab85a4fb64ded0__SEG_0001__CH_001,45
9e536351574cef07ffae79ef__PDFV2__CH_0001,88
9e536351574cef07ffae79ef__PDFV2__CH_0002,101
9e536351574cef07ffae79ef__PDFV2__CH_0003,101
9e536351574cef07ffae79ef__PDFV2__CH_0004,127
9e5d273fb78f1afdf04b8172__9e5d273fb78f1afdf04b8172__SEG_0001__CH_001,51
9e5d273fb78f1afdf04b8172__9e5d273fb78f1afdf04b8172__SEG_0001__CH_002,103
9efea0fd000dc296765920d4__9efea0fd000dc296765920d4__SEG_0001__CH_001,53
9f04fc2e6f42afa9ab812e56__9f04fc2e6f42afa9ab812e56__SEG_0001__CH_001,98
9f33ea45ed0cc5a240120ade__PDFV2__CH_0001,80
9f33ea45ed0cc5a240120ade__PDFV2__CH_0002,60
9f33ea45ed0cc5a240120ade__PDFV2__CH_0003,103
9f33ea45ed0cc5a240120ade__PDFV2__CH_0005,94
9f33ea45ed0cc5a240120ade__PDFV2__CH_0006,67
9f33ea45ed0cc5a240120ade__PDFV2__CH_0007,82
9f33ea45ed0cc5a240120ade__PDFV2__CH_0008,89
9f33ea45ed0cc5a240120ade__PDFV2__CH_0009,88
9f33ea45ed0cc5a240120ade__PDFV2__CH_0010,133
9f33ea45ed0cc5a240120ade__PDFV2__CH_0011,96
9f33ea45ed0cc5a240120ade__PDFV2__CH_0012,99
9f33ea45ed0cc5a240120ade__PDFV2__CH_0013,76
9f33ea45ed0cc5a240120ade__PDFV2__CH_0014,73
9f33ea45ed0cc5a240120ade__PDFV2__CH_0015,79
9f33ea45ed0cc5a240120ade__PDFV2__CH_0020,77
9f33ea45ed0cc5a240120ade__PDFV2__CH_0021,111
9f33ea45ed0cc5a240120ade__PDFV2__CH_0022,113
9f3912f7d21022beeec4ec7b__9f3912f7d21022beeec4ec7b__SEG_0001__CH_001,76
9f3912f7d21022beeec4ec7b__9f3912f7d21022beeec4ec7b__SEG_0001__CH_002,43
9f582fcf2719fe451f21bb22__9f582fcf2719fe451f21bb22__SEG_0001__CH_001,74
9f582fcf2719fe451f21bb22__9f582fcf2719fe451f21bb22__SEG_0001__CH_002,40
9fa239e6cb58ebf76f8aa2e4__PDFV2__CH_0001,35
9fa239e6cb58ebf76f8aa2e4__PDFV2__CH_0002,82
9fa239e6cb58ebf76f8aa2e4__PDFV2__CH_0003,94
9fa239e6cb58ebf76f8aa2e4__PDFV2__CH_0004,81
9faa6663c5fb5582151d83dc__9faa6663c5fb5582151d83dc__SEG_0001__CH_001,60
9faa6663c5fb5582151d83dc__9faa6663c5fb5582151d83dc__SEG_0001__CH_002,97
9faa6663c5fb5582151d83dc__9faa6663c5fb5582151d83dc__SEG_0001__CH_003__M,80
9fae9bce9e81b895562cb376__9fae9bce9e81b895562cb376__SEG_0001__CH_001,91
9fae9bce9e81b895562cb376__9fae9bce9e81b895562cb376__SEG_0001__CH_002,73
9fae9bce9e81b895562cb376__9fae9bce9e81b895562cb376__SEG_0001__CH_003,76
9fae9bce9e81b895562cb376__9fae9bce9e81b895562cb376__SEG_0001__CH_004,79
ADDLESHAW_BID_RIGGING_AI__ADDLESHAW_BID_RIGGING_AI__SEG_0001__CH_002,46
ADDLESHAW_BID_RIGGING_AI__ADDLESHAW_BID_RIGGING_AI__SEG_0001__CH_003,53
ADDLESHAW_BID_RIGGING_AI__ADDLESHAW_BID_RIGGING_AI__SEG_0001__CH_005,59
ADDLESHAW_BID_RIGGING_AI__ADDLESHAW_BID_RIGGING_AI__SEG_0001__CH_006,80
ADDLESHAW_BID_RIGGING_AI__ADDLESHAW_BID_RIGGING_AI__SEG_0001__CH_007,110
ADDLESHAW_BID_RIGGING_AI__ADDLESHAW_BID_RIGGING_AI__SEG_0001__CH_008,83
ADDLESHAW_FIRST_PA23_CASE__ADDLESHAW_FIRST_PA23_CASE__SEG_0001__CH_001,89
CMA_BID_RIGGING_PROCURERS__CMA_BID_RIGGING_PROCURERS__SEG_0001__CH_001,60
CMA_BID_RIGGING_PROCURERS__CMA_BID_RIGGING_PROCURERS__SEG_0001__CH_003,115
CMA_BID_RIGGING_PROCURERS__CMA_BID_RIGGING_PROCURERS__SEG_0001__CH_004,90
CMA_COMPETITION_PUBLIC_AUTHORITIES__CMA_COMPETITION_PUBLIC_AUTHORITIES__SEG_0001__CH_001,68
CMA_COMPETITION_PUBLIC_AUTHORITIES__CMA_COMPETITION_PUBLIC_AUTHORITIES__SEG_0001__CH_002,82
CMA_COMPETITION_PUBLIC_AUTHORITIES__CMA_COMPETITION_PUBLIC_AUTHORITIES__SEG_0001__CH_003,73
CMA_COMPETITION_PUBLIC_AUTHORITIES__CMA_COMPETITION_PUBLIC_AUTHORITIES__SEG_0001__CH_004,95
CMA_COMPETITION_PUBLIC_AUTHORITIES__CMA_COMPETITION_PUBLIC_AUTHORITIES__SEG_0001__CH_005,118
CMA_COMPETITION_PUBLIC_AUTHORITIES__CMA_COMPETITION_PUBLIC_AUTHORITIES__SEG_0001__CH_006,85
CMA_PA23_EXCLUSION_DEBARMENT__CMA_PA23_EXCLUSION_DEBARMENT__SEG_0001__CH_001,101
CMA_PA23_EXCLUSION_DEBARMENT__CMA_PA23_EXCLUSION_DEBARMENT__SEG_0001__CH_002,87
CMA_PA23_EXCLUSION_DEBARMENT__CMA_PA23_EXCLUSION_DEBARMENT__SEG_0001__CH_003,92
GOVUK_NSUP__GOVUK_NSUP__SEG_0001__CH_001,57
GOVUK_NSUP__GOVUK_NSUP__SEG_0001__CH_002,105
GOVUK_NSUP__GOVUK_NSUP__SEG_0001__CH_003,74
GOVUK_NSUP__GOVUK_NSUP__SEG_0001__CH_004,98
GOVUK_PROCUREMENT_COMPLIANCE_OVERSIGHT__GOVUK_PROCUREMENT_COMPLIANCE_OVERSIGHT__SEG_0001__CH_002,98
GOVUK_PROCUREMENT_COMPLIANCE_OVERSIGHT__GOVUK_PROCUREMENT_COMPLIANCE_OVERSIGHT__SEG_0001__CH_003,151
ICO_EIR_12_5_E__ICO_EIR_12_5_E__SEG_0001__CH_002,110
ICO_EIR_12_5_E__ICO_EIR_12_5_E__SEG_0001__CH_003,84
ICO_EIR_12_5_E__ICO_EIR_12_5_E__SEG_0002__CH_001,82
ICO_EIR_12_5_E__ICO_EIR_12_5_E__SEG_0002__CH_002,56
ICO_EIR_12_5_E__ICO_EIR_12_5_E__SEG_0002__CH_003,70
ICO_FOIA_SECTION_43__ICO_FOIA_SECTION_43__SEG_0001__CH_001,69
ICO_FOIA_SECTION_43__ICO_FOIA_SECTION_43__SEG_0001__CH_002,77
ICO_FOIA_SECTION_43__ICO_FOIA_SECTION_43__SEG_0001__CH_003,106
ICO_FOIA_SECTION_43__ICO_FOIA_SECTION_43__SEG_0001__CH_004,91
ICO_FOIA_SECTION_43__ICO_FOIA_SECTION_43__SEG_0001__CH_005,65
ICO_FOIA_SECTION_43__ICO_FOIA_SECTION_43__SEG_0001__CH_006,81
ICO_OUTSOURCING_FOIA_EIR__ICO_OUTSOURCING_FOIA_EIR__SEG_0001__CH_002,71
ICO_OUTSOURCING_FOIA_EIR__ICO_OUTSOURCING_FOIA_EIR__SEG_0001__CH_003,72
ICO_OUTSOURCING_FOIA_EIR__ICO_OUTSOURCING_FOIA_EIR__SEG_0001__CH_004,118
ICO_OUTSOURCING_FOIA_EIR__ICO_OUTSOURCING_FOIA_EIR__SEG_0001__CH_005,88
ICO_OUTSOURCING_FOIA_EIR__ICO_OUTSOURCING_FOIA_EIR__SEG_0001__CH_006,67
PA23_NATIONAL_SECURITY_EXCLUSIONS_ANNEX__PA23_NATIONAL_SECURITY_EXCLUSIONS_ANNEX__SEG_0001__CH_001,88
PA23_NATIONAL_SECURITY_EXCLUSIONS_ANNEX__PA23_NATIONAL_SECURITY_EXCLUSIONS_ANNEX__SEG_0001__CH_002,70
PA23_NATIONAL_SECURITY_EXCLUSIONS_ANNEX__PA23_NATIONAL_SECURITY_EXCLUSIONS_ANNEX__SEG_0001__CH_003,87
PA23_NATIONAL_SECURITY_EXCLUSIONS_ANNEX__PA23_NATIONAL_SECURITY_EXCLUSIONS_ANNEX__SEG_0001__CH_004,102
PA23_NATIONAL_SECURITY_EXCLUSIONS_ANNEX__PA23_NATIONAL_SECURITY_EXCLUSIONS_ANNEX__SEG_0001__CH_005,82
PA23_NATIONAL_SECURITY_EXCLUSIONS_ANNEX__PA23_NATIONAL_SECURITY_EXCLUSIONS_ANNEX__SEG_0001__CH_006,85
PA23_NATIONAL_SECURITY_EXCLUSIONS_ANNEX__PA23_NATIONAL_SECURITY_EXCLUSIONS_ANNEX__SEG_0002__CH_001,61
PA23_NATIONAL_SECURITY_EXCLUSIONS_ANNEX__PA23_NATIONAL_SECURITY_EXCLUSIONS_ANNEX__SEG_0002__CH_003,96
PA23_NATIONAL_SECURITY_EXCLUSIONS_ANNEX__PA23_NATIONAL_SECURITY_EXCLUSIONS_ANNEX__SEG_0002__CH_004,97
PA23_NATIONAL_SECURITY_EXCLUSIONS_ANNEX__PA23_NATIONAL_SECURITY_EXCLUSIONS_ANNEX__SEG_0002__CH_005,110
PA23_NATIONAL_SECURITY_EXCLUSIONS_ANNEX__PA23_NATIONAL_SECURITY_EXCLUSIONS_ANNEX__SEG_0002__CH_006,76
PA23_NATIONAL_SECURITY_EXCLUSIONS_ANNEX__PA23_NATIONAL_SECURITY_EXCLUSIONS_ANNEX__SEG_0003__CH_001,93
PA23_NATIONAL_SECURITY_EXCLUSIONS_ANNEX__PA23_NATIONAL_SECURITY_EXCLUSIONS_ANNEX__SEG_0003__CH_002,109
PA23_NATIONAL_SECURITY_EXCLUSIONS_ANNEX__PA23_NATIONAL_SECURITY_EXCLUSIONS_ANNEX__SEG_0003__CH_003,101
PA23_NATIONAL_SECURITY_EXCLUSIONS_ANNEX__PA23_NATIONAL_SECURITY_EXCLUSIONS_ANNEX__SEG_0004__CH_001,120
PA23_NATIONAL_SECURITY_EXCLUSIONS_ANNEX__PA23_NATIONAL_SECURITY_EXCLUSIONS_ANNEX__SEG_0004__CH_002,72
PA23_NATIONAL_SECURITY_EXCLUSIONS_ANNEX__PA23_NATIONAL_SECURITY_EXCLUSIONS_ANNEX__SEG_0004__CH_003,87
PINSENT_FLEXIBLE_PROCEDURES__PINSENT_FLEXIBLE_PROCEDURES__SEG_0001__CH_001,121
PINSENT_JUDICIAL_REVIEW__PINSENT_JUDICIAL_REVIEW__SEG_0001__CH_001,143
PROCUREMENTPORTAL_PART3_PDF_1CEA93C27B55__PDFV2__CH_0001,72
PROCUREMENTPORTAL_PART3_PDF_1CEA93C27B55__PDFV2__CH_0002,98
PROCUREMENTPORTAL_PART3_PDF_1CEA93C27B55__PDFV2__CH_0003,118
PROCUREMENTPORTAL_PART3_PDF_1CEA93C27B55__PDFV2__CH_0004,93
PROCUREMENTPORTAL_PART3_PDF_1CEA93C27B55__PDFV2__CH_0005,82
PROCUREMENTPORTAL_PART3_PDF_1CEA93C27B55__PDFV2__CH_0006,101
PROCUREMENTPORTAL_PART3_PDF_1CEA93C27B55__PDFV2__CH_0007,79
PROCUREMENTPORTAL_PART3_PDF_1CEA93C27B55__PDFV2__CH_0008,116
PROCUREMENTPORTAL_PART3_PDF_1CEA93C27B55__PDFV2__CH_0009,96
PROCUREMENTPORTAL_PART3_PDF_1CEA93C27B55__PDFV2__CH_0010,122
PROCUREMENTPORTAL_PART3_PDF_1CEA93C27B55__PDFV2__CH_0011,76
PROCUREMENTPORTAL_PART3_PDF_1CEA93C27B55__PDFV2__CH_0012,89
PROCUREMENTPORTAL_PART3_PDF_1CEA93C27B55__PDFV2__CH_0013,91
PROCUREMENTPORTAL_PART3_PDF_1CEA93C27B55__PDFV2__CH_0014,78
PROCUREMENTPORTAL_PART3_PDF_1CEA93C27B55__PDFV2__CH_0015,97
PROCUREMENTPORTAL_PART3_PDF_1CEA93C27B55__PDFV2__CH_0016,67
PROCUREMENTPORTAL_PART3_PDF_1CEA93C27B55__PDFV2__CH_0017,110
PROCUREMENTPORTAL_PART3_PDF_1CEA93C27B55__PDFV2__CH_0018,89
PROCUREMENTPORTAL_PART3_PDF_1CEA93C27B55__PDFV2__CH_0019,100
PROCUREMENTPORTAL_PART3_PDF_1CEA93C27B55__PDFV2__CH_0020,130
PROCUREMENTPORTAL_PART3_PDF_1CEA93C27B55__PDFV2__CH_0021,95
PROCUREMENTPORTAL_PART3_PDF_1CEA93C27B55__PDFV2__CH_0022,117
PROCUREMENTPORTAL_PART3_PDF_1CEA93C27B55__PDFV2__CH_0023,72
PROCUREMENTPORTAL_PART3_PDF_1CEA93C27B55__PDFV2__CH_0024,66
PROCUREMENTPORTAL_PART3_PDF_57193E899B93__PDFV2__CH_0001,97
PROCUREMENTPORTAL_PART3_PDF_57193E899B93__PDFV2__CH_0002,108
PROCUREMENTPORTAL_PART3_PDF_57193E899B93__PDFV2__CH_0003,111
PROCUREMENTPORTAL_PART3_PDF_57193E899B93__PDFV2__CH_0004,122
PROCUREMENTPORTAL_PART3_PDF_57193E899B93__PDFV2__CH_0005,82
PROCUREMENTPORTAL_PART3_PDF_57193E899B93__PDFV2__CH_0006,89
PROCUREMENTPORTAL_PART3_PDF_57193E899B93__PDFV2__CH_0007,76
PROCUREMENTPORTAL_PART3_PDF_57193E899B93__PDFV2__CH_0008,97
PROCUREMENTPORTAL_PART3_PDF_57193E899B93__PDFV2__CH_0009,70
PROCUREMENTPORTAL_PART3_PDF_57193E899B93__PDFV2__CH_0010,95
PROCUREMENTPORTAL_PART3_PDF_57193E899B93__PDFV2__CH_0011,103
PROCUREMENTPORTAL_PART3_PDF_57193E899B93__PDFV2__CH_0012,136
PROCUREMENTPORTAL_PART3_PDF_57193E899B93__PDFV2__CH_0013,114
PROCUREMENTPORTAL_PART3_PDF_57193E899B93__PDFV2__CH_0014,121
PROCUREMENTPORTAL_PART3_PDF_57193E899B93__PDFV2__CH_0015,106
PROCUREMENTPORTAL_PART3_PDF_57193E899B93__PDFV2__CH_0016,94
PROCUREMENTPORTAL_PART3_PDF_57193E899B93__PDFV2__CH_0017,123
PROCUREMENTPORTAL_PART3_PDF_57193E899B93__PDFV2__CH_0018,78
PROCUREMENTPORTAL_PART3_PDF_57193E899B93__PDFV2__CH_0019,65
PROCUREMENTPORTAL_PART3_PDF_57193E899B93__PDFV2__CH_0020,103
PROCUREMENTPORTAL_PART3_PDF_57193E899B93__PDFV2__CH_0021,111
PROCUREMENTPORTAL_PART3_PDF_57193E899B93__PDFV2__CH_0023,116
PROCUREMENTPORTAL_PART3_PDF_57193E899B93__PDFV2__CH_0024,97
PROCUREMENTPORTAL_PART3_PDF_57193E899B93__PDFV2__CH_0025,75
PROCUREMENTPORTAL_PART3_PDF_57193E899B93__PDFV2__CH_0026,128
PROCUREMENTPORTAL_PART3_PDF_57193E899B93__PDFV2__CH_0027,107
PROCUREMENTPORTAL_PART3_PDF_57193E899B93__PDFV2__CH_0028,112
PROCUREMENTPORTAL_PART3_PDF_57193E899B93__PDFV2__CH_0029,69
PROCUREMENTPORTAL_PART3_PDF_57193E899B93__PDFV2__CH_0030,83
PROCUREMENTPORTAL_PART3_PDF_57193E899B93__PDFV2__CH_0031,99
PROCUREMENTPORTAL_PART3_PDF_57193E899B93__PDFV2__CH_0032,112
PROCUREMENTPORTAL_PART3_PDF_57193E899B93__PDFV2__CH_0033,79
PROCUREMENTPORTAL_PART3_PDF_57193E899B93__PDFV2__CH_0034,72
PROCUREMENTPORTAL_PART3_PDF_57193E899B93__PDFV2__CH_0035,80
PROCUREMENTPORTAL_PART3_PDF_57193E899B93__PDFV2__CH_0037,90
PROCUREMENTPORTAL_PART3_PDF_57193E899B93__PDFV2__CH_0038,147
PROCUREMENTPORTAL_PART3_PDF_57193E899B93__PDFV2__CH_0039,57
PROCUREMENTPORTAL_PART3_PDF_57193E899B93__PDFV2__CH_0040,101
PROCUREMENTPORTAL_PART3_PDF_57193E899B93__PDFV2__CH_0041,75
PROCUREMENTPORTAL_PART3_PDF_57193E899B93__PDFV2__CH_0042,90
PROCUREMENTPORTAL_PART3_PDF_6A6B1B04A58D__PDFV2__CH_0002,156
PROCUREMENTPORTAL_PART3_PDF_6A6B1B04A58D__PDFV2__CH_0003,84
PROCUREMENTPORTAL_PART3_PDF_6A6B1B04A58D__PDFV2__CH_0007,101
PROCUREMENTPORTAL_PART3_PDF_6A6B1B04A58D__PDFV2__CH_0008,92
PROCUREMENTPORTAL_PART3_PDF_6A6B1B04A58D__PDFV2__CH_0009,142
PROCUREMENTPORTAL_PART3_PDF_6A6B1B04A58D__PDFV2__CH_0010,102
PROCUREMENTPORTAL_PART3_PDF_87223CADF7C3__PDFV2__CH_0001,98
PROCUREMENTPORTAL_PART3_PDF_87223CADF7C3__PDFV2__CH_0002,77
PROCUREMENTPORTAL_PART3_PDF_87223CADF7C3__PDFV2__CH_0003,105
PROCUREMENTPORTAL_PART3_PDF_87223CADF7C3__PDFV2__CH_0004,81
PROCUREMENTPORTAL_PART3_PDF_87223CADF7C3__PDFV2__CH_0005,98
PROCUREMENTPORTAL_PART3_PDF_87223CADF7C3__PDFV2__CH_0006,96
PROCUREMENTPORTAL_PART3_PDF_87223CADF7C3__PDFV2__CH_0007,68
PROCUREMENTPORTAL_PART3_PDF_87223CADF7C3__PDFV2__CH_0008,115
PROCUREMENTPORTAL_PART3_PDF_87223CADF7C3__PDFV2__CH_0009,95
PROCUREMENTPORTAL_PART3_PDF_87223CADF7C3__PDFV2__CH_0010,112
PROCUREMENTPORTAL_PART3_PDF_87223CADF7C3__PDFV2__CH_0011,111
PROCUREMENTPORTAL_PART3_PDF_87223CADF7C3__PDFV2__CH_0012,89
PROCUREMENTPORTAL_PART3_PDF_87223CADF7C3__PDFV2__CH_0013,66
PROCUREMENTPORTAL_PART3_PDF_87223CADF7C3__PDFV2__CH_0014,123
PROCUREMENTPORTAL_PART3_PDF_87223CADF7C3__PDFV2__CH_0015,131
PROCUREMENTPORTAL_PART3_PDF_87223CADF7C3__PDFV2__CH_0016,95
PROCUREMENTPORTAL_PART3_PDF_87223CADF7C3__PDFV2__CH_0017,143
PROCUREMENTPORTAL_PART3_PDF_87223CADF7C3__PDFV2__CH_0018,102
PROCUREMENTPORTAL_PART3_PDF_87223CADF7C3__PDFV2__CH_0019,122
PROCUREMENTPORTAL_PART3_PDF_B7CC1288DD87__PDFV2__CH_0004,68
PROCUREMENTPORTAL_PART3_PDF_B7CC1288DD87__PDFV2__CH_0005,87
PROCUREMENTPORTAL_PART3_PDF_B7CC1288DD87__PDFV2__CH_0006,138
PROCUREMENTPORTAL_PART3_PDF_B7CC1288DD87__PDFV2__CH_0007,84
PROCUREMENTPORTAL_PART3_PDF_B7CC1288DD87__PDFV2__CH_0008,102
PROCUREMENTPORTAL_PART3__PROCUREMENTPORTAL_PART3__SEG_0001__CH_002,83
PROCUREMENTPORTAL_PART3__PROCUREMENTPORTAL_PART3__SEG_0001__CH_003,108
PROCUREMENTPORTAL_PART3__PROCUREMENTPORTAL_PART3__SEG_0001__CH_004,114
PROCUREMENTPORTAL_PART3__PROCUREMENTPORTAL_PART3__SEG_0001__CH_005,128
PROCUREMENTPORTAL_PART3__PROCUREMENTPORTAL_PART3__SEG_0002__CH_001,73
PROCUREMENTPORTAL_PART3__PROCUREMENTPORTAL_PART3__SEG_0002__CH_002,99
PROCUREMENTPORTAL_PART3__PROCUREMENTPORTAL_PART3__SEG_0002__CH_003,98
PROCUREMENTPORTAL_PHRASEBOOK_PDF__PDFV2__CH_0003,165
PROCUREMENTPORTAL_PHRASEBOOK_PDF__PDFV2__CH_0004,142
PROCUREMENTPORTAL_PHRASEBOOK_PDF__PDFV2__CH_0005,165
PROCUREMENTPORTAL_PHRASEBOOK_PDF__PDFV2__CH_0006,127
PROCUREMENTPORTAL_PRE_PROCUREMENT__PROCUREMENTPORTAL_PRE_PROCUREMENT__SEG_0001__CH_002,180
PSFA_BID_RIGGING_PRACTICE_NOTE__PSFA_BID_RIGGING_PRACTICE_NOTE__SEG_0001__CH_001,99
PSFA_BID_RIGGING_PRACTICE_NOTE__PSFA_BID_RIGGING_PRACTICE_NOTE__SEG_0001__CH_002,81
PSFA_BID_RIGGING_PRACTICE_NOTE__PSFA_BID_RIGGING_PRACTICE_NOTE__SEG_0001__CH_003,79
PSFA_BID_RIGGING_PRACTICE_NOTE__PSFA_BID_RIGGING_PRACTICE_NOTE__SEG_0001__CH_004,58
PSFA_FULL_FRAUD_RISK_ASSESSMENT__PSFA_FULL_FRAUD_RISK_ASSESSMENT__SEG_0001__CH_001,42
TROWERS_FRAMEWORKS_GOLD_STANDARD__TROWERS_FRAMEWORKS_GOLD_STANDARD__SEG_0001__CH_002,75
TROWERS_FRAMEWORKS_GOLD_STANDARD__TROWERS_FRAMEWORKS_GOLD_STANDARD__SEG_0001__CH_003,95
TROWERS_FRAMEWORKS_GOLD_STANDARD__TROWERS_FRAMEWORKS_GOLD_STANDARD__SEG_0001__CH_004,60
TROWERS_FRAMEWORKS_GOLD_STANDARD__TROWERS_FRAMEWORKS_GOLD_STANDARD__SEG_0001__CH_005,56
TROWERS_ONE_YEAR_REVIEW__TROWERS_ONE_YEAR_REVIEW__SEG_0001__CH_001,91
TROWERS_PIPELINE_NOTICES__TROWERS_PIPELINE_NOTICES__SEG_0001__CH_002,122
TROWERS_PIPELINE_NOTICES__TROWERS_PIPELINE_NOTICES__SEG_0001__CH_003,92
TROWERS_THRESHOLD_CHANGES__TROWERS_THRESHOLD_CHANGES__SEG_0001__CH_001,104
UKPGA_1996_53__LEGV2__CH_00001,41
UKPGA_1996_53__LEGV2__CH_00002,33
UKPGA_1996_53__LEGV2__CH_00003,30
UKPGA_1996_53__LEGV2__CH_00004,31
UKPGA_1996_53__LEGV2__CH_00005,50
UKPGA_1996_53__LEGV2__CH_00006,38
UKPGA_1996_53__LEGV2__CH_00007,23
UKPGA_1996_53__LEGV2__CH_00008,63
UKPGA_1996_53__LEGV2__CH_00009,48
UKPGA_1996_53__LEGV2__CH_00010,35
UKPGA_1996_53__LEGV2__CH_00011,34
UKPGA_1996_53__LEGV2__CH_00012,74
UKPGA_1996_53__LEGV2__CH_00013,45
UKPGA_1996_53__LEGV2__CH_00014,37
UKPGA_1996_53__LEGV2__CH_00015,49
UKPGA_1996_53__LEGV2__CH_00016,39
UKPGA_1996_53__LEGV2__CH_00017,27
UKPGA_1996_53__LEGV2__CH_00018,23
UKPGA_1996_53__LEGV2__CH_00019,43
UKPGA_1996_53__LEGV2__CH_00020,53
UKPGA_1996_53__LEGV2__CH_00021,41
UKPGA_1996_53__LEGV2__CH_00022,70
UKPGA_1996_53__LEGV2__CH_00023,59
UKPGA_1996_53__LEGV2__CH_00024,41
UKPGA_1996_53__LEGV2__CH_00025,41
UKPGA_1996_53__LEGV2__CH_00026,63
UKPGA_1996_53__LEGV2__CH_00027,46
UKPGA_1996_53__LEGV2__CH_00028,47
UKPGA_1996_53__LEGV2__CH_00029,49
UKPGA_1996_53__LEGV2__CH_00030,58
UKPGA_1996_53__LEGV2__CH_00031,43
UKPGA_1996_53__LEGV2__CH_00032,38
UKPGA_1996_53__LEGV2__CH_00033,33
UKPGA_1996_53__LEGV2__CH_00034,43
UKPGA_1996_53__LEGV2__CH_00035,52
UKPGA_1996_53__LEGV2__CH_00036,46
UKPGA_1996_53__LEGV2__CH_00037,67
UKPGA_1996_53__LEGV2__CH_00038,37
UKPGA_1996_53__LEGV2__CH_00039,33
UKPGA_1996_53__LEGV2__CH_00040,40
UKPGA_1996_53__LEGV2__CH_00041,49
UKPGA_1996_53__LEGV2__CH_00042,67
UKPGA_1996_53__LEGV2__CH_00043,43
UKPGA_1996_53__LEGV2__CH_00044,76
UKPGA_1996_53__LEGV2__CH_00045,60
UKPGA_1996_53__LEGV2__CH_00046,70
UKPGA_1996_53__LEGV2__CH_00047,60
UKPGA_1996_53__LEGV2__CH_00048,35
UKPGA_1996_53__LEGV2__CH_00049,76
UKPGA_1996_53__LEGV2__CH_00050,26
UKPGA_1996_53__LEGV2__CH_00051,42
UKPGA_1996_53__LEGV2__CH_00052,49
UKPGA_1996_53__LEGV2__CH_00053,36
UKPGA_1996_53__LEGV2__CH_00054,31
UKPGA_1996_53__LEGV2__CH_00055,38
UKPGA_1996_53__LEGV2__CH_00056,35
UKPGA_1996_53__LEGV2__CH_00057,37
UKPGA_1996_53__LEGV2__CH_00058,61
UKPGA_1996_53__LEGV2__CH_00059,36
UKPGA_1996_53__LEGV2__CH_00060,41
UKPGA_1996_53__LEGV2__CH_00061,67
UKPGA_1996_53__LEGV2__CH_00062,46
UKPGA_1996_53__LEGV2__CH_00063,51
UKPGA_1996_53__LEGV2__CH_00064,54
UKPGA_1996_53__LEGV2__CH_00065,55
UKPGA_1996_53__LEGV2__CH_00066,52
UKPGA_1996_53__LEGV2__CH_00067,46
UKPGA_1996_53__LEGV2__CH_00068,55
UKPGA_1996_53__LEGV2__CH_00069,68
UKPGA_1996_53__LEGV2__CH_00070,46
UKPGA_1996_53__LEGV2__CH_00071,29
UKPGA_1996_53__LEGV2__CH_00072,41
UKPGA_1996_53__LEGV2__CH_00073,31
UKPGA_1996_53__LEGV2__CH_00074,54
UKPGA_1996_53__LEGV2__CH_00075,59
UKPGA_1996_53__LEGV2__CH_00076,42
UKPGA_1996_53__LEGV2__CH_00077,55
UKPGA_1996_53__LEGV2__CH_00078,44
UKPGA_1996_53__LEGV2__CH_00080,50
UKPGA_1996_53__LEGV2__CH_00081,58
UKPGA_1996_53__LEGV2__CH_00082,31
UKPGA_1996_53__LEGV2__CH_00083,50
UKPGA_1996_53__LEGV2__CH_00084,71
UKPGA_1996_53__LEGV2__CH_00085,81
UKPGA_1996_53__LEGV2__CH_00086,103
UKPGA_1996_53__LEGV2__CH_00087,80
UKPGA_1996_53__LEGV2__CH_00088,77
UKPGA_1996_53__LEGV2__CH_00089,93
UKPGA_1996_53__LEGV2__CH_00090,82
UKPGA_1996_53__LEGV2__CH_00091,72
UKPGA_1996_53__LEGV2__CH_00092,73
UKPGA_1996_53__LEGV2__CH_00093,78
UKPGA_1996_53__LEGV2__CH_00094,100
UKPGA_1996_53__LEGV2__CH_00095,64
UKPGA_1996_53__LEGV2__CH_00096,98
UKPGA_1996_53__LEGV2__CH_00097,60
UKPGA_1996_53__LEGV2__CH_00098,51
UKPGA_1996_53__LEGV2__CH_00099,77
UKPGA_1996_53__LEGV2__CH_00100,91
UKPGA_1996_53__LEGV2__CH_00101,80
UKPGA_1996_53__LEGV2__CH_00102,76
UKPGA_1996_53__LEGV2__CH_00103,68
UKPGA_1996_53__LEGV2__CH_00104,75
UKPGA_1996_53__LEGV2__CH_00105,119
UKPGA_1996_53__LEGV2__CH_00106,87
UKPGA_1996_53__LEGV2__CH_00107,109
UKPGA_1996_53__LEGV2__CH_00108,95
UKPGA_1996_53__LEGV2__CH_00109,104
UKPGA_1996_53__LEGV2__CH_00110,98
UKPGA_1996_53__LEGV2__CH_00111,106
UKPGA_1996_53__LEGV2__CH_00112,98
UKPGA_1996_53__LEGV2__CH_00113,89
UKPGA_1996_53__LEGV2__CH_00114,77
UKPGA_1996_53__LEGV2__CH_00115,52
UKPGA_1996_53__LEGV2__CH_00116,98
UKPGA_1996_53__LEGV2__CH_00117,71
UKPGA_1996_53__LEGV2__CH_00118,54
UKPGA_1996_53__LEGV2__CH_00119,71
UKPGA_1996_53__LEGV2__CH_00120,110
UKPGA_1996_53__LEGV2__CH_00121,101
UKPGA_1996_53__LEGV2__CH_00122,56
UKPGA_1996_53__LEGV2__CH_00123,59
UKPGA_1996_53__LEGV2__CH_00124,94
UKPGA_1996_53__LEGV2__CH_00125,46
UKPGA_1996_53__LEGV2__CH_00126,92
UKPGA_1996_53__LEGV2__CH_00127,106
UKPGA_1996_53__LEGV2__CH_00128,50
UKPGA_1996_53__LEGV2__CH_00129,92
UKPGA_1996_53__LEGV2__CH_00130,41
UKPGA_1996_53__LEGV2__CH_00131,89
UKPGA_1996_53__LEGV2__CH_00132,89
UKPGA_1996_53__LEGV2__CH_00133,64
UKPGA_1996_53__LEGV2__CH_00134,93
UKPGA_1996_53__LEGV2__CH_00135,97
UKPGA_1996_53__LEGV2__CH_00136,49
UKPGA_1996_53__LEGV2__CH_00137,70
UKPGA_1996_53__LEGV2__CH_00138,33
UKPGA_1996_53__LEGV2__CH_00139,50
UKPGA_1996_53__LEGV2__CH_00140,33
UKPGA_1996_53__LEGV2__CH_00141,30
UKPGA_1996_53__LEGV2__CH_00142,94
UKPGA_1996_53__LEGV2__CH_00143,27
UKPGA_1996_53__LEGV2__CH_00144,34
UKPGA_1996_53__LEGV2__CH_00145,49
UKPGA_1996_53__LEGV2__CH_00146,64
UKPGA_1996_53__LEGV2__CH_00147,71
UKPGA_1996_53__LEGV2__CH_00148,49
UKPGA_1996_53__LEGV2__CH_00149,78
UKPGA_1996_53__LEGV2__CH_00150,58
UKPGA_1996_53__LEGV2__CH_00151,29
UKPGA_1996_53__LEGV2__CH_00152,65
UKPGA_1996_53__LEGV2__CH_00153,82
UKPGA_1996_53__LEGV2__CH_00154,80
UKPGA_1996_53__LEGV2__CH_00155,50
UKPGA_1996_53__LEGV2__CH_00156,59
UKPGA_1996_53__LEGV2__CH_00157,31
UKPGA_1996_53__LEGV2__CH_00158,29
UKPGA_1996_53__LEGV2__CH_00159,72
UKPGA_1996_53__LEGV2__CH_00160,81
UKPGA_1996_53__LEGV2__CH_00161,87
UKPGA_1996_53__LEGV2__CH_00162,79
UKPGA_1996_53__LEGV2__CH_00163,79
UKPGA_1996_53__LEGV2__CH_00164,51
UKPGA_1996_53__LEGV2__CH_00165,90
UKPGA_1996_53__LEGV2__CH_00166,62
UKPGA_1996_53__LEGV2__CH_00167,81
UKPGA_1996_53__LEGV2__CH_00168,39
UKPGA_1996_53__LEGV2__CH_00169,68
UKPGA_1996_53__LEGV2__CH_00170,71
UKPGA_1996_53__LEGV2__CH_00171,71
UKPGA_1996_53__LEGV2__CH_00172,87
UKPGA_1996_53__LEGV2__CH_00173,51
UKPGA_1996_53__LEGV2__CH_00174,87
UKPGA_1996_53__LEGV2__CH_00175,36
UKPGA_1996_53__LEGV2__CH_00176,58
UKPGA_1996_53__LEGV2__CH_00177,70
UKPGA_1996_53__LEGV2__CH_00178,109
UKPGA_1996_53__LEGV2__CH_00179,86
UKPGA_1996_53__LEGV2__CH_00180,102
UKPGA_1996_53__LEGV2__CH_00181,95
UKPGA_1996_53__LEGV2__CH_00182,34
UKPGA_1996_53__LEGV2__CH_00183,64
UKPGA_1996_53__LEGV2__CH_00184,137
UKPGA_1996_53__LEGV2__CH_00185,91
UKPGA_1996_53__LEGV2__CH_00186,53
UKPGA_1996_53__LEGV2__CH_00187,121
UKPGA_1996_53__LEGV2__CH_00188,74
UKPGA_1996_53__LEGV2__CH_00189,73
UKPGA_1996_53__LEGV2__CH_00190,88
UKPGA_1996_53__LEGV2__CH_00191,81
UKPGA_1996_53__LEGV2__CH_00192,100
UKPGA_1996_53__LEGV2__CH_00193,50
UKPGA_1996_53__LEGV2__CH_00194,66
UKPGA_1996_53__LEGV2__CH_00195,53
UKPGA_1996_53__LEGV2__CH_00196,58
UKPGA_1996_53__LEGV2__CH_00197,63
UKPGA_1996_53__LEGV2__CH_00198,42
UKPGA_1996_53__LEGV2__CH_00199,40
UKPGA_1996_53__LEGV2__CH_00200,64
UKPGA_1996_53__LEGV2__CH_00201,79
UKPGA_1996_53__LEGV2__CH_00202,82
UKPGA_1996_53__LEGV2__CH_00203,98
UKPGA_1996_53__LEGV2__CH_00204,75
UKPGA_1996_53__LEGV2__CH_00205,78
UKPGA_1996_53__LEGV2__CH_00206,78
UKPGA_1996_53__LEGV2__CH_00207,44
UKPGA_1996_53__LEGV2__CH_00208,101
UKPGA_1996_53__LEGV2__CH_00209,69
UKPGA_1996_53__LEGV2__CH_00210,41
UKPGA_1996_53__LEGV2__CH_00211,38
UKPGA_1996_53__LEGV2__CH_00212,44
UKPGA_1996_53__LEGV2__CH_00213,67
UKPGA_1996_53__LEGV2__CH_00214,44
UKPGA_1996_53__LEGV2__CH_00215,27
UKPGA_1996_53__LEGV2__CH_00216,55
UKPGA_1996_53__LEGV2__CH_00217,37
UKPGA_1996_53__LEGV2__CH_00218,46
UKPGA_1996_53__LEGV2__CH_00219,43
UKPGA_1996_53__LEGV2__CH_00220,36
UKPGA_1996_53__LEGV2__CH_00221,74
UKPGA_1996_53__LEGV2__CH_00222,39
UKPGA_1996_53__LEGV2__CH_00223,32
UKPGA_1996_53__LEGV2__CH_00224,28
UKPGA_1996_53__LEGV2__CH_00225,30
UKPGA_1996_53__LEGV2__CH_00226,35
UKPGA_1996_53__LEGV2__CH_00227,45
UKPGA_1996_53__LEGV2__CH_00228,27
UKPGA_1996_53__LEGV2__CH_00229__M,61
UKPGA_1996_53__LEGV2__CH_00231,70
UKPGA_1996_53__LEGV2__CH_00232,35
UKPGA_1996_53__LEGV2__CH_00233,40
UKPGA_1996_53__LEGV2__CH_00234,39
UKPGA_1996_53__LEGV2__CH_00235,49
UKPGA_1996_53__LEGV2__CH_00236,39
UKPGA_1996_53__LEGV2__CH_00237,41
UKPGA_1996_53__LEGV2__CH_00238,39
UKPGA_1996_53__LEGV2__CH_00239__M,59
UKPGA_1996_53__LEGV2__CH_00241,62
UKPGA_1996_53__LEGV2__CH_00242,30
UKPGA_1996_53__LEGV2__CH_00243,40
UKPGA_1996_53__LEGV2__CH_00244,48
UKPGA_1996_53__LEGV2__CH_00245,22
UKPGA_1996_53__LEGV2__CH_00246,25
UKPGA_1996_53__LEGV2__CH_00247,64
UKPGA_1996_53__LEGV2__CH_00248,58
UKPGA_1996_53__LEGV2__CH_00249,32
UKPGA_1996_53__LEGV2__CH_00250,40
UKPGA_1996_53__LEGV2__CH_00251,39
UKPGA_1996_53__LEGV2__CH_00252,75
UKPGA_1996_53__LEGV2__CH_00253,28
UKPGA_1996_53__LEGV2__CH_00255,40
UKPGA_1996_53__LEGV2__CH_00256,38
UKPGA_1996_53__LEGV2__CH_00257,50
UKPGA_1996_53__LEGV2__CH_00258,57
UKPGA_1996_53__LEGV2__CH_00259,51
UKPGA_1996_53__LEGV2__CH_00260,37
UKPGA_1996_53__LEGV2__CH_00261,34
UKPGA_1996_53__LEGV2__CH_00262,68
UKPGA_1996_53__LEGV2__CH_00263,46
UKPGA_1996_53__LEGV2__CH_00264,28
UKPGA_1996_53__LEGV2__CH_00265,42
UKPGA_1996_53__LEGV2__CH_00266,53
UKPGA_1996_53__LEGV2__CH_00267,37
UKPGA_1996_53__LEGV2__CH_00268,60
UKPGA_1996_53__LEGV2__CH_00269,61
UKPGA_1996_53__LEGV2__CH_00270,27
UKPGA_1996_53__LEGV2__CH_00271,37
UKPGA_1996_53__LEGV2__CH_00272,24
UKPGA_1996_53__LEGV2__CH_00273,51
UKPGA_1996_53__LEGV2__CH_00274,27
UKPGA_1996_53__LEGV2__CH_00275,41
UKPGA_1996_53__LEGV2__CH_00276,62
UKPGA_1996_53__LEGV2__CH_00277,35
UKPGA_1996_53__LEGV2__CH_00278,41
UKPGA_1996_53__LEGV2__CH_00279,62
UKPGA_1996_53__LEGV2__CH_00280,47
UKPGA_1996_53__LEGV2__CH_00281,41
UKPGA_1996_53__LEGV2__CH_00282,53
UKPGA_1996_53__LEGV2__CH_00283,29
UKPGA_1996_53__LEGV2__CH_00284,24
UKPGA_1996_53__LEGV2__CH_00285,30
UKPGA_1996_53__LEGV2__CH_00286,35
UKPGA_1996_53__LEGV2__CH_00287,123
UKPGA_1996_53__LEGV2__CH_00289,50
UKPGA_1996_53__LEGV2__CH_00290,56
UKPGA_1996_53__LEGV2__CH_00291,47
UKPGA_1996_53__LEGV2__CH_00292,37
UKPGA_1996_53__LEGV2__CH_00293,64
UKPGA_1996_53__LEGV2__CH_00294,34
UKPGA_1996_53__LEGV2__CH_00295,47
UKPGA_1996_53__LEGV2__CH_00296,46
UKPGA_1996_53__LEGV2__CH_00297,33
UKPGA_1996_53__LEGV2__CH_00298,37
UKPGA_1996_53__LEGV2__CH_00299,48
UKPGA_1996_53__LEGV2__CH_00300,44
UKPGA_1996_53__LEGV2__CH_00301,47
UKPGA_1996_53__LEGV2__CH_00303,39
UKPGA_1996_53__LEGV2__CH_00304,44
UKPGA_1996_53__LEGV2__CH_00305,36
UKPGA_1996_53__LEGV2__CH_00306,33
UKPGA_1996_53__LEGV2__CH_00307,35
UKPGA_1996_53__LEGV2__CH_00308,29
UKPGA_1996_53__LEGV2__CH_00309,63
UKPGA_1996_53__LEGV2__CH_00311,57
UKPGA_1996_53__LEGV2__CH_00312,47
UKPGA_1996_53__LEGV2__CH_00313,56
UKPGA_1996_53__LEGV2__CH_00315,49
UKPGA_1996_53__LEGV2__CH_00316,57
UKPGA_1996_53__LEGV2__CH_00317,50
UKPGA_1996_53__LEGV2__CH_00318,66
UKPGA_1996_53__LEGV2__CH_00319,50
UKPGA_1996_53__LEGV2__CH_00320,70
UKPGA_1996_53__LEGV2__CH_00321,49
UKPGA_1996_53__LEGV2__CH_00322,48
UKPGA_1996_53__LEGV2__CH_00323,51
UKPGA_1996_53__LEGV2__CH_00324,55
UKPGA_1996_53__LEGV2__CH_00325,79
UKPGA_1996_53__LEGV2__CH_00326,64
UKPGA_1996_53__LEGV2__CH_00327,60
UKPGA_1996_53__LEGV2__CH_00328,55
UKPGA_1996_53__LEGV2__CH_00329,67
UKPGA_1996_53__LEGV2__CH_00332,58
UKPGA_1996_53__LEGV2__CH_00333,46
UKPGA_1996_53__LEGV2__CH_00334,46
UKPGA_1996_53__LEGV2__CH_00335,39
UKPGA_1996_53__LEGV2__CH_00336,82
UKPGA_1996_53__LEGV2__CH_00337,59
UKPGA_1996_53__LEGV2__CH_00338,28
UKPGA_1996_53__LEGV2__CH_00339,37
UKPGA_1996_53__LEGV2__CH_00341,53
UKPGA_1996_53__LEGV2__CH_00342,61
UKPGA_1996_53__LEGV2__CH_00343,60
UKPGA_1996_53__LEGV2__CH_00344,32
UKPGA_1996_53__LEGV2__CH_00345,30
UKPGA_1996_53__LEGV2__CH_00346,38
UKPGA_1996_53__LEGV2__CH_00347,48
UKPGA_1996_53__LEGV2__CH_00348,29
UKPGA_1996_53__LEGV2__CH_00349,44
UKPGA_1996_53__LEGV2__CH_00350,45
UKPGA_1996_53__LEGV2__CH_00351,39
UKPGA_1996_53__LEGV2__CH_00352,39
UKPGA_1996_53__LEGV2__CH_00353,99
UKPGA_1996_53__LEGV2__CH_00354,48
UKPGA_1996_53__LEGV2__CH_00355,59
UKPGA_1996_53__LEGV2__CH_00356,48
UKPGA_1996_53__LEGV2__CH_00357,62
UKPGA_1996_53__LEGV2__CH_00358,39
UKPGA_1996_53__LEGV2__CH_00359,45
UKPGA_1996_53__LEGV2__CH_00360,32
UKPGA_1996_53__LEGV2__CH_00361,44
UKPGA_1996_53__LEGV2__CH_00362,62
UKPGA_1996_53__LEGV2__CH_00363,65
UKPGA_1996_53__LEGV2__CH_00364,30
UKPGA_1996_53__LEGV2__CH_00365,88
UKPGA_1996_53__LEGV2__CH_00366,51
UKPGA_1996_53__LEGV2__CH_00367,52
UKPGA_1996_53__LEGV2__CH_00368,24
UKPGA_1996_53__LEGV2__CH_00369,62
UKPGA_1996_53__LEGV2__CH_00370,52
UKPGA_1996_53__LEGV2__CH_00371,54
UKPGA_1996_53__LEGV2__CH_00372,85
UKPGA_1996_53__LEGV2__CH_00373,49
UKPGA_1996_53__LEGV2__CH_00374,32
UKPGA_1996_53__LEGV2__CH_00375,44
UKPGA_1996_53__LEGV2__CH_00376,41
UKPGA_1996_53__LEGV2__CH_00377,59
UKPGA_1996_53__LEGV2__CH_00378,59
UKPGA_1996_53__LEGV2__CH_00379,64
UKPGA_1996_53__LEGV2__CH_00380,48
UKPGA_1996_53__LEGV2__CH_00381,47
UKPGA_1996_53__LEGV2__CH_00382,26
UKPGA_1996_53__LEGV2__CH_00383,37
UKPGA_1996_53__LEGV2__CH_00384,57
UKPGA_1996_53__LEGV2__CH_00385,57
UKPGA_1996_53__LEGV2__CH_00386,39
UKPGA_1998_20__LEGV2__CH_00001,59
UKPGA_1998_20__LEGV2__CH_00002,77
UKPGA_1998_20__LEGV2__CH_00003,93
UKPGA_1998_20__LEGV2__CH_00004,88
UKPGA_1998_20__LEGV2__CH_00005,51
UKPGA_1998_20__LEGV2__CH_00006,52
UKPGA_1998_20__LEGV2__CH_00007,61
UKPGA_1998_20__LEGV2__CH_00008,69
UKPGA_1998_20__LEGV2__CH_00009,109
UKPGA_1998_20__LEGV2__CH_00010,95
UKPGA_1998_20__LEGV2__CH_00011,72
UKPGA_1998_20__LEGV2__CH_00012,64
UKPGA_1998_20__LEGV2__CH_00013,70
UKPGA_1998_20__LEGV2__CH_00014,58
UKPGA_1998_20__LEGV2__CH_00015,59
UKPGA_1998_20__LEGV2__CH_00016,114
UKPGA_1998_20__LEGV2__CH_00017,62
UKPGA_2000_36__LEGV2__CH_00001,31
UKPGA_2000_36__LEGV2__CH_00002,36
UKPGA_2000_36__LEGV2__CH_00003,42
UKPGA_2000_36__LEGV2__CH_00004,44
UKPGA_2000_36__LEGV2__CH_00005,28
UKPGA_2000_36__LEGV2__CH_00006,39
UKPGA_2000_36__LEGV2__CH_00007,66
UKPGA_2000_36__LEGV2__CH_00008,38
UKPGA_2000_36__LEGV2__CH_00009,65
UKPGA_2000_36__LEGV2__CH_00010,54
UKPGA_2000_36__LEGV2__CH_00011,30
UKPGA_2000_36__LEGV2__CH_00012,44
UKPGA_2000_36__LEGV2__CH_00013,52
UKPGA_2000_36__LEGV2__CH_00014,46
UKPGA_2000_36__LEGV2__CH_00015,42
UKPGA_2000_36__LEGV2__CH_00016,35
UKPGA_2000_36__LEGV2__CH_00017,31
UKPGA_2000_36__LEGV2__CH_00018,60
UKPGA_2000_36__LEGV2__CH_00021,57
UKPGA_2000_36__LEGV2__CH_00022,37
UKPGA_2000_36__LEGV2__CH_00023,33
UKPGA_2000_36__LEGV2__CH_00025,41
UKPGA_2000_36__LEGV2__CH_00026,79
UKPGA_2000_36__LEGV2__CH_00027,88
UKPGA_2000_36__LEGV2__CH_00028,49
UKPGA_2000_36__LEGV2__CH_00029,39
UKPGA_2000_36__LEGV2__CH_00030,33
UKPGA_2000_36__LEGV2__CH_00031,47
UKPGA_2000_36__LEGV2__CH_00032,52
UKPGA_2000_36__LEGV2__CH_00033,44
UKPGA_2000_36__LEGV2__CH_00034,43
UKPGA_2000_36__LEGV2__CH_00035,35
UKPGA_2000_36__LEGV2__CH_00036,45
UKPGA_2000_36__LEGV2__CH_00038,34
UKPGA_2000_36__LEGV2__CH_00039,34
UKPGA_2000_36__LEGV2__CH_00040,40
UKPGA_2000_36__LEGV2__CH_00041,36
UKPGA_2000_36__LEGV2__CH_00042,29
UKPGA_2000_36__LEGV2__CH_00043,39
UKPGA_2000_36__LEGV2__CH_00044,38
UKPGA_2000_36__LEGV2__CH_00045,31
UKPGA_2000_36__LEGV2__CH_00046,37
UKPGA_2000_36__LEGV2__CH_00047,43
UKPGA_2000_36__LEGV2__CH_00048,29
UKPGA_2000_36__LEGV2__CH_00049,26
UKPGA_2000_36__LEGV2__CH_00050,53
UKPGA_2000_36__LEGV2__CH_00051,63
UKPGA_2000_36__LEGV2__CH_00052,48
UKPGA_2000_36__LEGV2__CH_00053,39
UKPGA_2000_36__LEGV2__CH_00054,40
UKPGA_2000_36__LEGV2__CH_00055,34
UKPGA_2000_36__LEGV2__CH_00056,76
UKPGA_2000_36__LEGV2__CH_00057,47
UKPGA_2000_36__LEGV2__CH_00058,37
UKPGA_2000_36__LEGV2__CH_00059,62
UKPGA_2000_36__LEGV2__CH_00060,37
UKPGA_2000_36__LEGV2__CH_00061,35
UKPGA_2000_36__LEGV2__CH_00062,46
UKPGA_2000_36__LEGV2__CH_00063,52
UKPGA_2000_36__LEGV2__CH_00064,34
UKPGA_2000_36__LEGV2__CH_00065,38
UKPGA_2000_36__LEGV2__CH_00066,63
UKPGA_2000_36__LEGV2__CH_00067,42
UKPGA_2000_36__LEGV2__CH_00068,50
UKPGA_2000_36__LEGV2__CH_00069,33
UKPGA_2000_36__LEGV2__CH_00070,33
UKPGA_2000_36__LEGV2__CH_00071,27
UKPGA_2000_36__LEGV2__CH_00072,35
UKPGA_2000_36__LEGV2__CH_00073,50
UKPGA_2000_36__LEGV2__CH_00074,31
UKPGA_2000_36__LEGV2__CH_00075,45
UKPGA_2000_36__LEGV2__CH_00076,28
UKPGA_2000_36__LEGV2__CH_00077,28
UKPGA_2000_36__LEGV2__CH_00078,34
UKPGA_2000_36__LEGV2__CH_00079,36
UKPGA_2000_36__LEGV2__CH_00080,51
UKPGA_2000_36__LEGV2__CH_00081,43
UKPGA_2000_36__LEGV2__CH_00082,40
UKPGA_2000_36__LEGV2__CH_00083,42
UKPGA_2000_36__LEGV2__CH_00084,57
UKPGA_2000_36__LEGV2__CH_00085,26
UKPGA_2000_36__LEGV2__CH_00086,34
UKPGA_2000_36__LEGV2__CH_00087,40
UKPGA_2000_36__LEGV2__CH_00088,41
UKPGA_2000_36__LEGV2__CH_00089,62
UKPGA_2000_36__LEGV2__CH_00090,40
UKPGA_2000_36__LEGV2__CH_00091,41
UKPGA_2000_36__LEGV2__CH_00092,23
UKPGA_2000_36__LEGV2__CH_00093,35
UKPGA_2000_36__LEGV2__CH_00094,38
UKPGA_2000_36__LEGV2__CH_00095,36
UKPGA_2000_36__LEGV2__CH_00096,36
UKPGA_2000_36__LEGV2__CH_00097,32
UKPGA_2000_36__LEGV2__CH_00098,38
UKPGA_2000_36__LEGV2__CH_00099,33
UKPGA_2000_36__LEGV2__CH_00100,36
UKPGA_2000_36__LEGV2__CH_00101,36
UKPGA_2000_36__LEGV2__CH_00102,64
UKPGA_2000_36__LEGV2__CH_00103,38
UKPGA_2000_36__LEGV2__CH_00104,48
UKPGA_2000_36__LEGV2__CH_00105,37
UKPGA_2000_36__LEGV2__CH_00106,39
UKPGA_2000_36__LEGV2__CH_00107,32
UKPGA_2000_36__LEGV2__CH_00108,36
UKPGA_2000_36__LEGV2__CH_00109,32
UKPGA_2000_36__LEGV2__CH_00110,30
UKPGA_2000_36__LEGV2__CH_00111,58
UKPGA_2000_36__LEGV2__CH_00112,41
UKPGA_2000_36__LEGV2__CH_00113,47
UKPGA_2000_36__LEGV2__CH_00114,37
UKPGA_2000_36__LEGV2__CH_00115,28
UKPGA_2000_36__LEGV2__CH_00116,61
UKPGA_2000_36__LEGV2__CH_00117,48
UKPGA_2000_36__LEGV2__CH_00118,30
UKPGA_2000_36__LEGV2__CH_00119,42
UKPGA_2000_36__LEGV2__CH_00120,34
UKPGA_2000_36__LEGV2__CH_00121,43
UKPGA_2000_36__LEGV2__CH_00122,52
UKPGA_2000_36__LEGV2__CH_00123,53
UKPGA_2000_36__LEGV2__CH_00124,59
UKPGA_2000_36__LEGV2__CH_00125,54
UKPGA_2000_36__LEGV2__CH_00126,64
UKPGA_2000_36__LEGV2__CH_00127,59
UKPGA_2000_36__LEGV2__CH_00128,42
UKPGA_2000_36__LEGV2__CH_00129,50
UKPGA_2000_36__LEGV2__CH_00130,43
UKPGA_2000_36__LEGV2__CH_00131,66
UKPGA_2000_36__LEGV2__CH_00132,38
UKPGA_2000_36__LEGV2__CH_00133,48
UKPGA_2000_36__LEGV2__CH_00134,55
UKPGA_2000_36__LEGV2__CH_00135,30
UKPGA_2000_36__LEGV2__CH_00136,50
UKPGA_2000_36__LEGV2__CH_00137,55
UKPGA_2000_36__LEGV2__CH_00139,35
UKPGA_2000_36__LEGV2__CH_00140,45
UKPGA_2000_36__LEGV2__CH_00144,43
UKPGA_2000_36__LEGV2__CH_00145,48
UKPGA_2000_36__LEGV2__CH_00146,37
UKPGA_2000_36__LEGV2__CH_00148,45
UKPGA_2000_36__LEGV2__CH_00150,44
UKPGA_2000_36__LEGV2__CH_00151,39
UKPGA_2000_36__LEGV2__CH_00152,45
UKPGA_2000_36__LEGV2__CH_00154,46
UKPGA_2000_36__LEGV2__CH_00156,33
UKPGA_2000_36__LEGV2__CH_00157,51
UKPGA_2000_36__LEGV2__CH_00158,44
UKPGA_2000_36__LEGV2__CH_00159,44
UKPGA_2000_36__LEGV2__CH_00161,43
UKPGA_2000_36__LEGV2__CH_00163,27
UKPGA_2000_36__LEGV2__CH_00164,34
UKPGA_2000_36__LEGV2__CH_00167,34
UKPGA_2000_36__LEGV2__CH_00168,25
UKPGA_2000_36__LEGV2__CH_00169,34
UKPGA_2000_36__LEGV2__CH_00174,39
UKPGA_2000_36__LEGV2__CH_00175,47
UKPGA_2000_36__LEGV2__CH_00177,41
UKPGA_2000_36__LEGV2__CH_00178,37
UKPGA_2000_36__LEGV2__CH_00179,24
UKPGA_2000_36__LEGV2__CH_00180,35
UKPGA_2000_36__LEGV2__CH_00181,36
UKPGA_2000_36__LEGV2__CH_00182,38
UKPGA_2000_36__LEGV2__CH_00183,58
UKPGA_2000_36__LEGV2__CH_00184,32
UKPGA_2000_36__LEGV2__CH_00185,54
UKPGA_2000_36__LEGV2__CH_00187,42
UKPGA_2000_36__LEGV2__CH_00188,55
UKPGA_2000_36__LEGV2__CH_00189,86
UKPGA_2000_36__LEGV2__CH_00190,105
UKPGA_2000_36__LEGV2__CH_00191,127
UKPGA_2000_36__LEGV2__CH_00192,80
UKPGA_2000_36__LEGV2__CH_00193,49
UKPGA_2000_36__LEGV2__CH_00194,65
UKPGA_2000_36__LEGV2__CH_00195,41
UKPGA_2000_36__LEGV2__CH_00196,54
UKPGA_2000_36__LEGV2__CH_00197,47
UKPGA_2000_36__LEGV2__CH_00198,78
UKPGA_2000_36__LEGV2__CH_00199,51
UKPGA_2000_36__LEGV2__CH_00200,39
UKPGA_2000_36__LEGV2__CH_00201,27
UKPGA_2000_36__LEGV2__CH_00202,43
UKPGA_2000_36__LEGV2__CH_00203,103
UKPGA_2000_36__LEGV2__CH_00204,61
UKPGA_2000_36__LEGV2__CH_00205,72
UKPGA_2000_36__LEGV2__CH_00206,24
UKPGA_2000_36__LEGV2__CH_00207,35
UKPGA_2000_36__LEGV2__CH_00208,40
UKPGA_2000_36__LEGV2__CH_00209,27
UKPGA_2000_36__LEGV2__CH_00210,24
UKPGA_2000_36__LEGV2__CH_00211,43
UKPGA_2000_36__LEGV2__CH_00213,36
UKPGA_2000_36__LEGV2__CH_00214,29
UKPGA_2000_36__LEGV2__CH_00215,33
UKPGA_2000_36__LEGV2__CH_00216,43
UKPGA_2000_36__LEGV2__CH_00217,64
UKPGA_2000_36__LEGV2__CH_00218,59
UKPGA_2000_36__LEGV2__CH_00219,52
UKPGA_2000_36__LEGV2__CH_00220,43
UKPGA_2000_36__LEGV2__CH_00221,44
UKPGA_2000_36__LEGV2__CH_00222,60
UKPGA_2000_36__LEGV2__CH_00223,37
UKPGA_2000_36__LEGV2__CH_00225,33
UKPGA_2000_36__LEGV2__CH_00226,27
UKPGA_2000_36__LEGV2__CH_00227,70
UKPGA_2000_36__LEGV2__CH_00228,110
UKPGA_2000_36__LEGV2__CH_00229,52
UKPGA_2000_36__LEGV2__CH_00230,56
UKPGA_2000_36__LEGV2__CH_00231,46
UKPGA_2000_36__LEGV2__CH_00232,79
UKPGA_2000_36__LEGV2__CH_00233,38
UKPGA_2000_36__LEGV2__CH_00234,48
UKPGA_2000_36__LEGV2__CH_00235,58
UKPGA_2000_36__LEGV2__CH_00236,54
UKPGA_2000_36__LEGV2__CH_00237,96
UKPGA_2000_36__LEGV2__CH_00238,72
UKPGA_2000_36__LEGV2__CH_00239,85
UKPGA_2000_36__LEGV2__CH_00240,45
UKPGA_2000_36__LEGV2__CH_00241,39
UKPGA_2000_36__LEGV2__CH_00242,41
UKPGA_2000_36__LEGV2__CH_00243,38
UKPGA_2000_36__LEGV2__CH_00244,39
UKPGA_2000_36__LEGV2__CH_00245,41
UKPGA_2000_36__LEGV2__CH_00246,48
UKPGA_2000_36__LEGV2__CH_00247,61
UKPGA_2000_36__LEGV2__CH_00248,53
UKPGA_2000_36__LEGV2__CH_00249,50
UKPGA_2000_36__LEGV2__CH_00250,59
UKPGA_2000_36__LEGV2__CH_00251,47
UKPGA_2000_36__LEGV2__CH_00252,44
UKPGA_2000_36__LEGV2__CH_00253,33
UKPGA_2000_36__LEGV2__CH_00254,60
UKPGA_2000_36__LEGV2__CH_00255,49
UKPGA_2000_36__LEGV2__CH_00256,55
UKPGA_2000_36__LEGV2__CH_00257,23
UKPGA_2000_36__LEGV2__CH_00258,48
UKPGA_2000_36__LEGV2__CH_00260,46
UKPGA_2000_36__LEGV2__CH_00261,57
UKPGA_2000_36__LEGV2__CH_00262,60
UKPGA_2000_36__LEGV2__CH_00264,30
UKPGA_2000_36__LEGV2__CH_00265,28
UKPGA_2000_36__LEGV2__CH_00266,42
UKPGA_2000_36__LEGV2__CH_00267,41
UKPGA_2000_36__LEGV2__CH_00268,36
UKPGA_2000_36__LEGV2__CH_00269,42
UKPGA_2000_36__LEGV2__CH_00270,63
UKPGA_2000_36__LEGV2__CH_00271,82
UKPGA_2000_36__LEGV2__CH_00272,53
UKPGA_2000_36__LEGV2__CH_00273,77
UKPGA_2000_36__LEGV2__CH_00274,46
UKPGA_2000_36__LEGV2__CH_00275,97
UKPGA_2000_36__LEGV2__CH_00276,68
UKPGA_2000_36__LEGV2__CH_00277,82
UKPGA_2000_36__LEGV2__CH_00278,89
UKPGA_2000_36__LEGV2__CH_00279,57
UKPGA_2000_36__LEGV2__CH_00280,47
UKPGA_2000_36__LEGV2__CH_00281,106
UKPGA_2000_36__LEGV2__CH_00282,100
UKPGA_2000_36__LEGV2__CH_00283,75
UKPGA_2000_36__LEGV2__CH_00284,76
UKPGA_2000_36__LEGV2__CH_00285,47
UKPGA_2000_36__LEGV2__CH_00286,76
UKPGA_2000_36__LEGV2__CH_00287,51
UKPGA_2000_36__LEGV2__CH_00288,55
UKPGA_2000_36__LEGV2__CH_00289,72
UKPGA_2000_36__LEGV2__CH_00290,90
UKPGA_2000_36__LEGV2__CH_00291,57
UKPGA_2000_36__LEGV2__CH_00292,47
UKPGA_2000_36__LEGV2__CH_00293,69
UKPGA_2000_36__LEGV2__CH_00294,71
UKPGA_2000_36__LEGV2__CH_00295,93
UKPGA_2000_36__LEGV2__CH_00296,74
UKPGA_2000_36__LEGV2__CH_00297,60
UKPGA_2000_36__LEGV2__CH_00298,77
UKPGA_2000_36__LEGV2__CH_00299,65
UKPGA_2000_36__LEGV2__CH_00300,71
UKPGA_2000_36__LEGV2__CH_00301,57
UKPGA_2000_36__LEGV2__CH_00302,59
UKPGA_2000_36__LEGV2__CH_00303,61
UKPGA_2000_36__LEGV2__CH_00304,50
UKPGA_2000_36__LEGV2__CH_00305,70
UKPGA_2000_36__LEGV2__CH_00306,56
UKPGA_2000_36__LEGV2__CH_00307,81
UKPGA_2000_36__LEGV2__CH_00308,53
UKPGA_2000_36__LEGV2__CH_00309,40
UKPGA_2000_36__LEGV2__CH_00310,47
UKPGA_2000_36__LEGV2__CH_00311,80
UKPGA_2000_36__LEGV2__CH_00312,57
UKPGA_2000_36__LEGV2__CH_00313,49
UKPGA_2000_36__LEGV2__CH_00314,55
UKPGA_2000_36__LEGV2__CH_00315,55
UKPGA_2000_36__LEGV2__CH_00316,75
UKPGA_2000_36__LEGV2__CH_00317,50
UKPGA_2000_36__LEGV2__CH_00318,60
UKPGA_2000_36__LEGV2__CH_00319,62
UKPGA_2000_36__LEGV2__CH_00320,59
UKPGA_2000_36__LEGV2__CH_00321,66
UKPGA_2000_36__LEGV2__CH_00322,69
UKPGA_2000_36__LEGV2__CH_00323,44
UKPGA_2000_36__LEGV2__CH_00324,51
UKPGA_2000_36__LEGV2__CH_00325,49
UKPGA_2000_36__LEGV2__CH_00326,34
UKPGA_2000_36__LEGV2__CH_00327,63
UKPGA_2000_36__LEGV2__CH_00328,68
UKPGA_2000_36__LEGV2__CH_00329,53
UKPGA_2000_36__LEGV2__CH_00330,46
UKPGA_2000_36__LEGV2__CH_00331,56
UKPGA_2000_36__LEGV2__CH_00332,39
UKPGA_2000_36__LEGV2__CH_00333,48
UKPGA_2000_36__LEGV2__CH_00334,38
UKPGA_2000_36__LEGV2__CH_00335,45
UKPGA_2000_36__LEGV2__CH_00336,60
UKPGA_2000_36__LEGV2__CH_00337,37
UKPGA_2000_36__LEGV2__CH_00338,64
UKPGA_2000_36__LEGV2__CH_00339,48
UKPGA_2000_36__LEGV2__CH_00340,40
UKPGA_2000_36__LEGV2__CH_00341,38
UKPGA_2000_36__LEGV2__CH_00342,46
UKPGA_2000_36__LEGV2__CH_00343,53
UKPGA_2000_36__LEGV2__CH_00344,47
UKPGA_2000_36__LEGV2__CH_00345,48
UKPGA_2000_36__LEGV2__CH_00346,41
UKPGA_2000_36__LEGV2__CH_00347,40
UKPGA_2000_36__LEGV2__CH_00348,30
UKPGA_2000_36__LEGV2__CH_00349,71
UKPGA_2000_36__LEGV2__CH_00350,39
UKPGA_2000_36__LEGV2__CH_00351,35
UKPGA_2000_36__LEGV2__CH_00352,52
UKPGA_2000_36__LEGV2__CH_00353,35
UKPGA_2000_36__LEGV2__CH_00354,38
UKPGA_2000_36__LEGV2__CH_00355,54
UKPGA_2000_36__LEGV2__CH_00356,50
UKPGA_2000_36__LEGV2__CH_00358__M,38
UKPGA_2000_36__LEGV2__CH_00361,26
UKPGA_2000_36__LEGV2__CH_00363,49
UKPGA_2002_40__LEGV2__CH_00001,50
UKPGA_2002_40__LEGV2__CH_00002,55
UKPGA_2002_40__LEGV2__CH_00003,54
UKPGA_2002_40__LEGV2__CH_00004,54
UKPGA_2002_40__LEGV2__CH_00005,41
UKPGA_2002_40__LEGV2__CH_00006,46
UKPGA_2002_40__LEGV2__CH_00007,50
UKPGA_2002_40__LEGV2__CH_00008,89
UKPGA_2002_40__LEGV2__CH_00009,39
UKPGA_2002_40__LEGV2__CH_00010,72
UKPGA_2002_40__LEGV2__CH_00011,84
UKPGA_2002_40__LEGV2__CH_00012,66
UKPGA_2002_40__LEGV2__CH_00013,49
UKPGA_2002_40__LEGV2__CH_00014,42
UKPGA_2002_40__LEGV2__CH_00015,50
UKPGA_2002_40__LEGV2__CH_00016,104
UKPGA_2002_40__LEGV2__CH_00018,46
UKPGA_2002_40__LEGV2__CH_00019,63
UKPGA_2002_40__LEGV2__CH_00021,71
UKPGA_2002_40__LEGV2__CH_00022,64
UKPGA_2002_40__LEGV2__CH_00023,19
UKPGA_2002_40__LEGV2__CH_00024,46
UKPGA_2002_40__LEGV2__CH_00025,51
UKPGA_2002_40__LEGV2__CH_00026,80
UKPGA_2002_40__LEGV2__CH_00027,28
UKPGA_2002_40__LEGV2__CH_00028,58
UKPGA_2002_40__LEGV2__CH_00029,41
UKPGA_2002_40__LEGV2__CH_00030,62
UKPGA_2002_40__LEGV2__CH_00031,28
UKPGA_2002_40__LEGV2__CH_00032,39
UKPGA_2002_40__LEGV2__CH_00033,56
UKPGA_2002_40__LEGV2__CH_00034,49
UKPGA_2002_40__LEGV2__CH_00035,59
UKPGA_2002_40__LEGV2__CH_00036,54
UKPGA_2002_40__LEGV2__CH_00037,43
UKPGA_2002_40__LEGV2__CH_00038,36
UKPGA_2002_40__LEGV2__CH_00039,37
UKPGA_2002_40__LEGV2__CH_00040,42
UKPGA_2002_40__LEGV2__CH_00041,74
UKPGA_2002_40__LEGV2__CH_00042,39
UKPGA_2002_40__LEGV2__CH_00043,52
UKPGA_2002_40__LEGV2__CH_00044,44
UKPGA_2002_40__LEGV2__CH_00045,45
UKPGA_2002_40__LEGV2__CH_00046,49
UKPGA_2002_40__LEGV2__CH_00047,61
UKPGA_2002_40__LEGV2__CH_00048,56
UKPGA_2002_40__LEGV2__CH_00049,25
UKPGA_2002_40__LEGV2__CH_00050,37
UKPGA_2002_40__LEGV2__CH_00051,39
UKPGA_2002_40__LEGV2__CH_00052,49
UKPGA_2002_40__LEGV2__CH_00053,31
UKPGA_2002_40__LEGV2__CH_00055,37
UKPGA_2002_40__LEGV2__CH_00056,44
UKPGA_2002_40__LEGV2__CH_00057,37
UKPGA_2002_40__LEGV2__CH_00058,46
UKPGA_2002_40__LEGV2__CH_00059,36
UKPGA_2002_40__LEGV2__CH_00060,39
UKPGA_2002_40__LEGV2__CH_00061,34
UKPGA_2002_40__LEGV2__CH_00063,38
UKPGA_2002_40__LEGV2__CH_00064,43
UKPGA_2002_40__LEGV2__CH_00065,40
UKPGA_2002_40__LEGV2__CH_00066,34
UKPGA_2002_40__LEGV2__CH_00067,60
UKPGA_2002_40__LEGV2__CH_00068,63
UKPGA_2002_40__LEGV2__CH_00069,44
UKPGA_2002_40__LEGV2__CH_00070,33
UKPGA_2002_40__LEGV2__CH_00071,35
UKPGA_2002_40__LEGV2__CH_00072,42
UKPGA_2002_40__LEGV2__CH_00073,46
UKPGA_2002_40__LEGV2__CH_00074,57
UKPGA_2002_40__LEGV2__CH_00075,49
UKPGA_2002_40__LEGV2__CH_00076,34
UKPGA_2002_40__LEGV2__CH_00077,59
UKPGA_2002_40__LEGV2__CH_00078,31
UKPGA_2002_40__LEGV2__CH_00079,55
UKPGA_2002_40__LEGV2__CH_00080,50
UKPGA_2002_40__LEGV2__CH_00081,49
UKPGA_2002_40__LEGV2__CH_00082,43
UKPGA_2002_40__LEGV2__CH_00083,62
UKPGA_2002_40__LEGV2__CH_00084,36
UKPGA_2002_40__LEGV2__CH_00085,30
UKPGA_2002_40__LEGV2__CH_00086,87
UKPGA_2002_40__LEGV2__CH_00087,56
UKPGA_2002_40__LEGV2__CH_00088,43
UKPGA_2002_40__LEGV2__CH_00089,50
UKPGA_2002_40__LEGV2__CH_00090,55
UKPGA_2002_40__LEGV2__CH_00091,96
UKPGA_2002_40__LEGV2__CH_00093,55
UKPGA_2002_40__LEGV2__CH_00094,54
UKPGA_2002_40__LEGV2__CH_00095,50
UKPGA_2002_40__LEGV2__CH_00096,32
UKPGA_2002_40__LEGV2__CH_00097,49
UKPGA_2002_40__LEGV2__CH_00098,40
UKPGA_2002_40__LEGV2__CH_00099,38
UKPGA_2002_40__LEGV2__CH_00100,45
UKPGA_2002_40__LEGV2__CH_00101,43
UKPGA_2002_40__LEGV2__CH_00102,42
UKPGA_2002_40__LEGV2__CH_00103,51
UKPGA_2002_40__LEGV2__CH_00104,45
UKPGA_2002_40__LEGV2__CH_00105,37
UKPGA_2002_40__LEGV2__CH_00106,43
UKPGA_2002_40__LEGV2__CH_00107,33
UKPGA_2002_40__LEGV2__CH_00108,27
UKPGA_2002_40__LEGV2__CH_00109,55
UKPGA_2002_40__LEGV2__CH_00110,46
UKPGA_2002_40__LEGV2__CH_00111,55
UKPGA_2002_40__LEGV2__CH_00112,53
UKPGA_2002_40__LEGV2__CH_00116,27
UKPGA_2002_40__LEGV2__CH_00117,34
UKPGA_2002_40__LEGV2__CH_00118,39
UKPGA_2002_40__LEGV2__CH_00119,19
UKPGA_2002_40__LEGV2__CH_00120,31
UKPGA_2002_40__LEGV2__CH_00121,21
UKPGA_2002_40__LEGV2__CH_00122,52
UKPGA_2002_40__LEGV2__CH_00123,34
UKPGA_2002_40__LEGV2__CH_00124,37
UKPGA_2002_40__LEGV2__CH_00125,43
UKPGA_2002_40__LEGV2__CH_00126,44
UKPGA_2002_40__LEGV2__CH_00127,41
UKPGA_2002_40__LEGV2__CH_00128,45
UKPGA_2002_40__LEGV2__CH_00129,37
UKPGA_2002_40__LEGV2__CH_00131,25
UKPGA_2002_40__LEGV2__CH_00132,54
UKPGA_2002_40__LEGV2__CH_00133,43
UKPGA_2002_40__LEGV2__CH_00135,37
UKPGA_2002_40__LEGV2__CH_00136,50
UKPGA_2002_40__LEGV2__CH_00137,38
UKPGA_2002_40__LEGV2__CH_00138,39
UKPGA_2002_40__LEGV2__CH_00139,52
UKPGA_2002_40__LEGV2__CH_00140,46
UKPGA_2002_40__LEGV2__CH_00141,34
UKPGA_2002_40__LEGV2__CH_00143__M,62
UKPGA_2002_40__LEGV2__CH_00145,42
UKPGA_2002_40__LEGV2__CH_00146,34
UKPGA_2002_40__LEGV2__CH_00147,41
UKPGA_2002_40__LEGV2__CH_00148,37
UKPGA_2002_40__LEGV2__CH_00149,51
UKPGA_2002_40__LEGV2__CH_00150,32
UKPGA_2002_40__LEGV2__CH_00151,35
UKPGA_2002_40__LEGV2__CH_00152,36
UKPGA_2002_40__LEGV2__CH_00153,56
UKPGA_2002_40__LEGV2__CH_00154,139
UKPGA_2002_40__LEGV2__CH_00155,38
UKPGA_2002_40__LEGV2__CH_00156,48
UKPGA_2002_40__LEGV2__CH_00157,47
UKPGA_2002_40__LEGV2__CH_00158,38
UKPGA_2002_40__LEGV2__CH_00159,28
UKPGA_2002_40__LEGV2__CH_00160,92
UKPGA_2002_40__LEGV2__CH_00161,76
UKPGA_2002_40__LEGV2__CH_00162,25
UKPGA_2002_40__LEGV2__CH_00163,31
UKPGA_2002_40__LEGV2__CH_00164,50
UKPGA_2002_40__LEGV2__CH_00165,88
UKPGA_2002_40__LEGV2__CH_00166,54
UKPGA_2002_40__LEGV2__CH_00167,44
UKPGA_2002_40__LEGV2__CH_00168__M,46
UKPGA_2002_40__LEGV2__CH_00170,44
UKPGA_2002_40__LEGV2__CH_00171,50
UKPGA_2002_40__LEGV2__CH_00172,52
UKPGA_2002_40__LEGV2__CH_00173,60
UKPGA_2002_40__LEGV2__CH_00174,28
UKPGA_2002_40__LEGV2__CH_00175,44
UKPGA_2002_40__LEGV2__CH_00176,46
UKPGA_2002_40__LEGV2__CH_00177,46
UKPGA_2002_40__LEGV2__CH_00178,65
UKPGA_2002_40__LEGV2__CH_00179,37
UKPGA_2002_40__LEGV2__CH_00180,47
UKPGA_2002_40__LEGV2__CH_00181,44
UKPGA_2002_40__LEGV2__CH_00182,58
UKPGA_2002_40__LEGV2__CH_00183,36
UKPGA_2002_40__LEGV2__CH_00184,38
UKPGA_2002_40__LEGV2__CH_00185,47
UKPGA_2002_40__LEGV2__CH_00186,44
UKPGA_2002_40__LEGV2__CH_00187,57
UKPGA_2002_40__LEGV2__CH_00188,53
UKPGA_2002_40__LEGV2__CH_00189,37
UKPGA_2002_40__LEGV2__CH_00190,38
UKPGA_2002_40__LEGV2__CH_00191,37
UKPGA_2002_40__LEGV2__CH_00192,30
UKPGA_2002_40__LEGV2__CH_00193,46
UKPGA_2002_40__LEGV2__CH_00194,43
UKPGA_2002_40__LEGV2__CH_00195,52
UKPGA_2002_40__LEGV2__CH_00196,60
UKPGA_2002_40__LEGV2__CH_00197__M,78
UKPGA_2002_40__LEGV2__CH_00199,48
UKPGA_2002_40__LEGV2__CH_00203,51
UKPGA_2002_40__LEGV2__CH_00204,26
UKPGA_2002_40__LEGV2__CH_00205,33
UKPGA_2002_40__LEGV2__CH_00206,20
UKPGA_2002_40__LEGV2__CH_00207,30
UKPGA_2002_40__LEGV2__CH_00208,59
UKPGA_2002_40__LEGV2__CH_00209,37
UKPGA_2002_40__LEGV2__CH_00210,45
UKPGA_2002_40__LEGV2__CH_00211,42
UKPGA_2002_40__LEGV2__CH_00212,49
UKPGA_2002_40__LEGV2__CH_00213,30
UKPGA_2002_40__LEGV2__CH_00214,39
UKPGA_2002_40__LEGV2__CH_00216,29
UKPGA_2002_40__LEGV2__CH_00217,36
UKPGA_2002_40__LEGV2__CH_00218,44
UKPGA_2002_40__LEGV2__CH_00220,43
UKPGA_2002_40__LEGV2__CH_00221,51
UKPGA_2002_40__LEGV2__CH_00223,36
UKPGA_2002_40__LEGV2__CH_00224,38
UKPGA_2002_40__LEGV2__CH_00225,54
UKPGA_2002_40__LEGV2__CH_00228,64
UKPGA_2002_40__LEGV2__CH_00229,48
UKPGA_2002_40__LEGV2__CH_00230,62
UKPGA_2002_40__LEGV2__CH_00231,30
UKPGA_2002_40__LEGV2__CH_00232,45
UKPGA_2002_40__LEGV2__CH_00233,27
UKPGA_2002_40__LEGV2__CH_00234,40
UKPGA_2002_40__LEGV2__CH_00235,26
UKPGA_2002_40__LEGV2__CH_00236,62
UKPGA_2002_40__LEGV2__CH_00237,32
UKPGA_2002_40__LEGV2__CH_00238,39
UKPGA_2002_40__LEGV2__CH_00239,39
UKPGA_2002_40__LEGV2__CH_00240,64
UKPGA_2002_40__LEGV2__CH_00241,32
UKPGA_2002_40__LEGV2__CH_00242,37
UKPGA_2002_40__LEGV2__CH_00243,38
UKPGA_2002_40__LEGV2__CH_00244,44
UKPGA_2002_40__LEGV2__CH_00245,34
UKPGA_2002_40__LEGV2__CH_00246,48
UKPGA_2002_40__LEGV2__CH_00247,72
UKPGA_2002_40__LEGV2__CH_00248,52
UKPGA_2002_40__LEGV2__CH_00249,103
UKPGA_2002_40__LEGV2__CH_00250,39
UKPGA_2002_40__LEGV2__CH_00251,58
UKPGA_2002_40__LEGV2__CH_00252,54
UKPGA_2002_40__LEGV2__CH_00253,56
UKPGA_2002_40__LEGV2__CH_00254,63
UKPGA_2002_40__LEGV2__CH_00255,44
UKPGA_2002_40__LEGV2__CH_00256,36
UKPGA_2002_40__LEGV2__CH_00257,31
UKPGA_2002_40__LEGV2__CH_00258,39
UKPGA_2002_40__LEGV2__CH_00259,44
UKPGA_2002_40__LEGV2__CH_00260,36
UKPGA_2002_40__LEGV2__CH_00261,45
UKPGA_2002_40__LEGV2__CH_00262,44
UKPGA_2002_40__LEGV2__CH_00263,57
UKPGA_2002_40__LEGV2__CH_00264,92
UKPGA_2002_40__LEGV2__CH_00265,33
UKPGA_2002_40__LEGV2__CH_00266,46
UKPGA_2002_40__LEGV2__CH_00267,56
UKPGA_2002_40__LEGV2__CH_00268,37
UKPGA_2002_40__LEGV2__CH_00269,38
UKPGA_2002_40__LEGV2__CH_00270,34
UKPGA_2002_40__LEGV2__CH_00271,76
UKPGA_2002_40__LEGV2__CH_00272,66
UKPGA_2002_40__LEGV2__CH_00273,40
UKPGA_2002_40__LEGV2__CH_00274,42
UKPGA_2002_40__LEGV2__CH_00275,43
UKPGA_2002_40__LEGV2__CH_00276,47
UKPGA_2002_40__LEGV2__CH_00277,65
UKPGA_2002_40__LEGV2__CH_00278,51
UKPGA_2002_40__LEGV2__CH_00279,56
UKPGA_2002_40__LEGV2__CH_00280,48
UKPGA_2002_40__LEGV2__CH_00281,41
UKPGA_2002_40__LEGV2__CH_00282,31
UKPGA_2002_40__LEGV2__CH_00283,51
UKPGA_2002_40__LEGV2__CH_00284,55
UKPGA_2002_40__LEGV2__CH_00285,30
UKPGA_2002_40__LEGV2__CH_00286,39
UKPGA_2002_40__LEGV2__CH_00287,73
UKPGA_2002_40__LEGV2__CH_00288,54
UKPGA_2002_40__LEGV2__CH_00289,39
UKPGA_2002_40__LEGV2__CH_00293,30
UKPGA_2002_40__LEGV2__CH_00294,28
UKPGA_2002_40__LEGV2__CH_00295,38
UKPGA_2002_40__LEGV2__CH_00296,28
UKPGA_2002_40__LEGV2__CH_00298,42
UKPGA_2002_40__LEGV2__CH_00299,41
UKPGA_2002_40__LEGV2__CH_00300,45
UKPGA_2002_40__LEGV2__CH_00301,39
UKPGA_2002_40__LEGV2__CH_00302,61
UKPGA_2002_40__LEGV2__CH_00303,40
UKPGA_2002_40__LEGV2__CH_00304,26
UKPGA_2002_40__LEGV2__CH_00305,61
UKPGA_2002_40__LEGV2__CH_00306,35
UKPGA_2002_40__LEGV2__CH_00307,42
UKPGA_2002_40__LEGV2__CH_00309,28
UKPGA_2002_40__LEGV2__CH_00310,41
UKPGA_2002_40__LEGV2__CH_00311,52
UKPGA_2002_40__LEGV2__CH_00312,65
UKPGA_2002_40__LEGV2__CH_00313,56
UKPGA_2002_40__LEGV2__CH_00314,37
UKPGA_2002_40__LEGV2__CH_00315,50
UKPGA_2002_40__LEGV2__CH_00316,42
UKPGA_2002_40__LEGV2__CH_00317,51
UKPGA_2002_40__LEGV2__CH_00318,36
UKPGA_2002_40__LEGV2__CH_00320,33
UKPGA_2002_40__LEGV2__CH_00321,52
UKPGA_2002_40__LEGV2__CH_00322,41
UKPGA_2002_40__LEGV2__CH_00323,51
UKPGA_2002_40__LEGV2__CH_00324,56
UKPGA_2002_40__LEGV2__CH_00325,66
UKPGA_2002_40__LEGV2__CH_00326,51
UKPGA_2002_40__LEGV2__CH_00327,45
UKPGA_2002_40__LEGV2__CH_00328,41
UKPGA_2002_40__LEGV2__CH_00329,37
UKPGA_2002_40__LEGV2__CH_00330,43
UKPGA_2002_40__LEGV2__CH_00331,38
UKPGA_2002_40__LEGV2__CH_00332,54
UKPGA_2002_40__LEGV2__CH_00333,39
UKPGA_2002_40__LEGV2__CH_00334,38
UKPGA_2002_40__LEGV2__CH_00335,44
UKPGA_2002_40__LEGV2__CH_00336,64
UKPGA_2002_40__LEGV2__CH_00337,48
UKPGA_2002_40__LEGV2__CH_00338,47
UKPGA_2002_40__LEGV2__CH_00339,48
UKPGA_2002_40__LEGV2__CH_00340,30
UKPGA_2002_40__LEGV2__CH_00341,76
UKPGA_2002_40__LEGV2__CH_00342,109
UKPGA_2002_40__LEGV2__CH_00343,107
UKPGA_2002_40__LEGV2__CH_00344,75
UKPGA_2002_40__LEGV2__CH_00345,74
UKPGA_2002_40__LEGV2__CH_00346,108
UKPGA_2002_40__LEGV2__CH_00347,90
UKPGA_2002_40__LEGV2__CH_00348,55
UKPGA_2002_40__LEGV2__CH_00349,44
UKPGA_2002_40__LEGV2__CH_00350,21
UKPGA_2002_40__LEGV2__CH_00351,27
UKPGA_2002_40__LEGV2__CH_00352,41
UKPGA_2002_40__LEGV2__CH_00353,34
UKPGA_2002_40__LEGV2__CH_00354,42
UKPGA_2002_40__LEGV2__CH_00355,37
UKPGA_2002_40__LEGV2__CH_00356,41
UKPGA_2002_40__LEGV2__CH_00357,27
UKPGA_2002_40__LEGV2__CH_00358,37
UKPGA_2002_40__LEGV2__CH_00359,44
UKPGA_2002_40__LEGV2__CH_00360,41
UKPGA_2002_40__LEGV2__CH_00361,71
UKPGA_2002_40__LEGV2__CH_00362,80
UKPGA_2002_40__LEGV2__CH_00363,60
UKPGA_2002_40__LEGV2__CH_00364,59
UKPGA_2002_40__LEGV2__CH_00365,43
UKPGA_2002_40__LEGV2__CH_00366,71
UKPGA_2002_40__LEGV2__CH_00367,28
UKPGA_2002_40__LEGV2__CH_00368,35
UKPGA_2002_40__LEGV2__CH_00369,86
UKPGA_2002_40__LEGV2__CH_00370,65
UKPGA_2002_40__LEGV2__CH_00371,26
UKPGA_2002_40__LEGV2__CH_00372,34
UKPGA_2002_40__LEGV2__CH_00373,38
UKPGA_2002_40__LEGV2__CH_00374,42
UKPGA_2002_40__LEGV2__CH_00375,35
UKPGA_2002_40__LEGV2__CH_00376,41
UKPGA_2002_40__LEGV2__CH_00377,33
UKPGA_2002_40__LEGV2__CH_00378,30
UKPGA_2002_40__LEGV2__CH_00379,34
UKPGA_2002_40__LEGV2__CH_00380,29
UKPGA_2002_40__LEGV2__CH_00381,32
UKPGA_2002_40__LEGV2__CH_00382,67
UKPGA_2002_40__LEGV2__CH_00383,28
UKPGA_2002_40__LEGV2__CH_00384,34
UKPGA_2002_40__LEGV2__CH_00385,27
UKPGA_2002_40__LEGV2__CH_00386,32
UKPGA_2002_40__LEGV2__CH_00387,30
UKPGA_2002_40__LEGV2__CH_00388,29
UKPGA_2002_40__LEGV2__CH_00389,24
UKPGA_2002_40__LEGV2__CH_00390,28
UKPGA_2002_40__LEGV2__CH_00391,40
UKPGA_2002_40__LEGV2__CH_00392,37
UKPGA_2002_40__LEGV2__CH_00393,71
UKPGA_2002_40__LEGV2__CH_00394,32
UKPGA_2002_40__LEGV2__CH_00395,39
UKPGA_2002_40__LEGV2__CH_00396,39
UKPGA_2002_40__LEGV2__CH_00397,63
UKPGA_2002_40__LEGV2__CH_00398,39
UKPGA_2002_40__LEGV2__CH_00399,67
UKPGA_2002_40__LEGV2__CH_00400,39
UKPGA_2002_40__LEGV2__CH_00401,36
UKPGA_2002_40__LEGV2__CH_00402,35
UKPGA_2002_40__LEGV2__CH_00403,58
UKPGA_2002_40__LEGV2__CH_00404,36
UKPGA_2002_40__LEGV2__CH_00405,34
UKPGA_2002_40__LEGV2__CH_00406,40
UKPGA_2002_40__LEGV2__CH_00407,57
UKPGA_2002_40__LEGV2__CH_00408,52
UKPGA_2002_40__LEGV2__CH_00409,49
UKPGA_2002_40__LEGV2__CH_00410,62
UKPGA_2002_40__LEGV2__CH_00412,55
UKPGA_2002_40__LEGV2__CH_00413,81
UKPGA_2002_40__LEGV2__CH_00414,71
UKPGA_2002_40__LEGV2__CH_00415,75
UKPGA_2002_40__LEGV2__CH_00416,98
UKPGA_2002_40__LEGV2__CH_00417,78
UKPGA_2002_40__LEGV2__CH_00418,27
UKPGA_2002_40__LEGV2__CH_00419,37
UKPGA_2002_40__LEGV2__CH_00420,47
UKPGA_2002_40__LEGV2__CH_00421,44
UKPGA_2002_40__LEGV2__CH_00422,56
UKPGA_2002_40__LEGV2__CH_00423,40
UKPGA_2002_40__LEGV2__CH_00424,30
UKPGA_2002_40__LEGV2__CH_00425,62
UKPGA_2002_40__LEGV2__CH_00426,42
UKPGA_2002_40__LEGV2__CH_00428,41
UKPGA_2002_40__LEGV2__CH_00429,38
UKPGA_2002_40__LEGV2__CH_00430,41
UKPGA_2002_40__LEGV2__CH_00431,32
UKPGA_2002_40__LEGV2__CH_00432,58
UKPGA_2002_40__LEGV2__CH_00433,51
UKPGA_2002_40__LEGV2__CH_00434,60
UKPGA_2002_40__LEGV2__CH_00435,43
UKPGA_2002_40__LEGV2__CH_00436,42
UKPGA_2002_40__LEGV2__CH_00437,42
UKPGA_2002_40__LEGV2__CH_00438,54
UKPGA_2002_40__LEGV2__CH_00439,36
UKPGA_2002_40__LEGV2__CH_00440,35
UKPGA_2002_40__LEGV2__CH_00441,36
UKPGA_2002_40__LEGV2__CH_00442,65
UKPGA_2002_40__LEGV2__CH_00443,56
UKPGA_2002_40__LEGV2__CH_00444,114
UKPGA_2002_40__LEGV2__CH_00445,57
UKPGA_2002_40__LEGV2__CH_00446,52
UKPGA_2002_40__LEGV2__CH_00447,29
UKPGA_2002_40__LEGV2__CH_00448,35
UKPGA_2002_40__LEGV2__CH_00450,93
UKPGA_2002_40__LEGV2__CH_00451,41
UKPGA_2002_40__LEGV2__CH_00452,55
UKPGA_2002_40__LEGV2__CH_00453,73
UKPGA_2002_40__LEGV2__CH_00454,65
UKPGA_2002_40__LEGV2__CH_00455,69
UKPGA_2002_40__LEGV2__CH_00456,96
UKPGA_2002_40__LEGV2__CH_00458,55
UKPGA_2002_40__LEGV2__CH_00459,90
UKPGA_2002_40__LEGV2__CH_00460,138
UKPGA_2002_40__LEGV2__CH_00461,79
UKPGA_2002_40__LEGV2__CH_00462,65
UKPGA_2002_40__LEGV2__CH_00463,78
UKPGA_2002_40__LEGV2__CH_00464,106
UKPGA_2002_40__LEGV2__CH_00465,54
UKPGA_2002_40__LEGV2__CH_00466,43
UKPGA_2002_40__LEGV2__CH_00467,71
UKPGA_2002_40__LEGV2__CH_00468,55
UKPGA_2002_40__LEGV2__CH_00469,41
UKPGA_2002_40__LEGV2__CH_00470,94
UKPGA_2002_40__LEGV2__CH_00471,80
UKPGA_2002_40__LEGV2__CH_00472,102
UKPGA_2002_40__LEGV2__CH_00473,97
UKPGA_2002_40__LEGV2__CH_00474,30
UKPGA_2002_40__LEGV2__CH_00475,34
UKPGA_2002_40__LEGV2__CH_00476,40
UKPGA_2002_40__LEGV2__CH_00477,46
UKPGA_2002_40__LEGV2__CH_00478,55
UKPGA_2002_40__LEGV2__CH_00479,37
UKPGA_2002_40__LEGV2__CH_00480,38
UKPGA_2002_40__LEGV2__CH_00481,43
UKPGA_2002_40__LEGV2__CH_00482,53
UKPGA_2002_40__LEGV2__CH_00483,52
UKPGA_2002_40__LEGV2__CH_00484,54
UKPGA_2002_40__LEGV2__CH_00485,51
UKPGA_2002_40__LEGV2__CH_00486,38
UKPGA_2002_40__LEGV2__CH_00488,68
UKPGA_2002_40__LEGV2__CH_00489,52
UKPGA_2002_40__LEGV2__CH_00490,35
UKPGA_2002_40__LEGV2__CH_00491,43
UKPGA_2002_40__LEGV2__CH_00492,40
UKPGA_2002_40__LEGV2__CH_00493,46
UKPGA_2002_40__LEGV2__CH_00494,28
UKPGA_2002_40__LEGV2__CH_00495,33
UKPGA_2002_40__LEGV2__CH_00496,46
UKPGA_2002_40__LEGV2__CH_00497,49
UKPGA_2002_40__LEGV2__CH_00498,41
UKPGA_2002_40__LEGV2__CH_00499,72
UKPGA_2002_40__LEGV2__CH_00500,49
UKPGA_2002_40__LEGV2__CH_00501,73
UKPGA_2002_40__LEGV2__CH_00502,46
UKPGA_2002_40__LEGV2__CH_00503,39
UKPGA_2002_40__LEGV2__CH_00504,33
UKPGA_2002_40__LEGV2__CH_00505,23
UKPGA_2002_40__LEGV2__CH_00506,34
UKPGA_2002_40__LEGV2__CH_00507,28
UKPGA_2002_40__LEGV2__CH_00508,87
UKPGA_2002_40__LEGV2__CH_00509,74
UKPGA_2002_40__LEGV2__CH_00510,84
UKPGA_2002_40__LEGV2__CH_00511,102
UKPGA_2002_40__LEGV2__CH_00512,44
UKPGA_2002_40__LEGV2__CH_00513,28
UKPGA_2002_40__LEGV2__CH_00514,39
UKPGA_2002_40__LEGV2__CH_00515,113
UKPGA_2002_40__LEGV2__CH_00516,107
UKPGA_2002_40__LEGV2__CH_00517,90
UKPGA_2002_40__LEGV2__CH_00518,69
UKPGA_2002_40__LEGV2__CH_00519,103
UKPGA_2002_40__LEGV2__CH_00520,50
UKPGA_2002_40__LEGV2__CH_00521,35
UKPGA_2002_40__LEGV2__CH_00522,44
UKPGA_2002_40__LEGV2__CH_00523,38
UKPGA_2002_40__LEGV2__CH_00524,65
UKPGA_2002_40__LEGV2__CH_00525,45
UKPGA_2002_40__LEGV2__CH_00526,39
UKPGA_2002_40__LEGV2__CH_00527,87
UKPGA_2002_40__LEGV2__CH_00528,58
UKPGA_2002_40__LEGV2__CH_00530,25
UKPGA_2002_40__LEGV2__CH_00531,28
UKPGA_2002_40__LEGV2__CH_00532,25
UKPGA_2002_40__LEGV2__CH_00533,45
UKPGA_2002_40__LEGV2__CH_00534,33
UKPGA_2002_40__LEGV2__CH_00535,22
UKPGA_2002_40__LEGV2__CH_00536,32
UKPGA_2002_40__LEGV2__CH_00537,35
UKPGA_2002_40__LEGV2__CH_00538,36
UKPGA_2002_40__LEGV2__CH_00539,37
UKPGA_2002_40__LEGV2__CH_00540,34
UKPGA_2002_40__LEGV2__CH_00541,31
UKPGA_2002_40__LEGV2__CH_00542,36
UKPGA_2002_40__LEGV2__CH_00543,61
UKPGA_2002_40__LEGV2__CH_00545,41
UKPGA_2002_40__LEGV2__CH_00546,36
UKPGA_2002_40__LEGV2__CH_00547,40
UKPGA_2002_40__LEGV2__CH_00548,45
UKPGA_2002_40__LEGV2__CH_00549,42
UKPGA_2002_40__LEGV2__CH_00550,38
UKPGA_2002_40__LEGV2__CH_00551,24
UKPGA_2002_40__LEGV2__CH_00552,28
UKPGA_2002_40__LEGV2__CH_00553,87
UKPGA_2002_40__LEGV2__CH_00554,56
UKPGA_2002_40__LEGV2__CH_00555,46
UKPGA_2002_40__LEGV2__CH_00556,36
UKPGA_2002_40__LEGV2__CH_00557,38
UKPGA_2002_40__LEGV2__CH_00558,54
UKPGA_2002_40__LEGV2__CH_00559,54
UKPGA_2002_40__LEGV2__CH_00560,41
UKPGA_2002_40__LEGV2__CH_00561,42
UKPGA_2002_40__LEGV2__CH_00562,40
UKPGA_2002_40__LEGV2__CH_00563,33
UKPGA_2002_40__LEGV2__CH_00565,38
UKPGA_2002_40__LEGV2__CH_00566,47
UKPGA_2002_40__LEGV2__CH_00567,39
UKPGA_2002_40__LEGV2__CH_00568,33
UKPGA_2002_40__LEGV2__CH_00569,62
UKPGA_2002_40__LEGV2__CH_00570,45
UKPGA_2002_40__LEGV2__CH_00571,47
UKPGA_2002_40__LEGV2__CH_00572,30
UKPGA_2002_40__LEGV2__CH_00573,30
UKPGA_2002_40__LEGV2__CH_00575,20
UKPGA_2002_40__LEGV2__CH_00576,40
UKPGA_2002_40__LEGV2__CH_00577,28
UKPGA_2002_40__LEGV2__CH_00578,51
UKPGA_2002_40__LEGV2__CH_00579,54
UKPGA_2002_40__LEGV2__CH_00580,32
UKPGA_2002_40__LEGV2__CH_00581,41
UKPGA_2002_40__LEGV2__CH_00582,22
UKPGA_2002_40__LEGV2__CH_00583,48
UKPGA_2002_40__LEGV2__CH_00584,47
UKPGA_2002_40__LEGV2__CH_00585,34
UKPGA_2002_40__LEGV2__CH_00586,35
UKPGA_2002_40__LEGV2__CH_00587,34
UKPGA_2002_40__LEGV2__CH_00588,36
UKPGA_2002_40__LEGV2__CH_00589,52
UKPGA_2002_40__LEGV2__CH_00590,29
UKPGA_2002_40__LEGV2__CH_00591,39
UKPGA_2002_40__LEGV2__CH_00592,43
UKPGA_2002_40__LEGV2__CH_00594,51
UKPGA_2002_40__LEGV2__CH_00595,30
UKPGA_2002_40__LEGV2__CH_00596,51
UKPGA_2002_40__LEGV2__CH_00597,38
UKPGA_2002_40__LEGV2__CH_00598,42
UKPGA_2002_40__LEGV2__CH_00599,50
UKPGA_2002_40__LEGV2__CH_00600,34
UKPGA_2002_40__LEGV2__CH_00601,30
UKPGA_2002_40__LEGV2__CH_00602,39
UKPGA_2002_40__LEGV2__CH_00603,42
UKPGA_2002_40__LEGV2__CH_00604,40
UKPGA_2002_40__LEGV2__CH_00605,57
UKPGA_2002_40__LEGV2__CH_00606,29
UKPGA_2002_40__LEGV2__CH_00607,29
UKPGA_2002_40__LEGV2__CH_00608,28
UKPGA_2002_40__LEGV2__CH_00609,42
UKPGA_2002_40__LEGV2__CH_00610,37
UKPGA_2002_40__LEGV2__CH_00611,46
UKPGA_2002_40__LEGV2__CH_00612,47
UKPGA_2002_40__LEGV2__CH_00613,61
UKPGA_2002_40__LEGV2__CH_00614,53
UKPGA_2002_40__LEGV2__CH_00615,29
UKPGA_2002_40__LEGV2__CH_00616,33
UKPGA_2002_40__LEGV2__CH_00617,40
UKPGA_2002_40__LEGV2__CH_00618,38
UKPGA_2002_40__LEGV2__CH_00619,40
UKPGA_2002_40__LEGV2__CH_00620,29
UKPGA_2002_40__LEGV2__CH_00621,41
UKPGA_2002_40__LEGV2__CH_00622,52
UKPGA_2002_40__LEGV2__CH_00623,52
UKPGA_2002_40__LEGV2__CH_00624,42
UKPGA_2002_40__LEGV2__CH_00626,36
UKPGA_2002_40__LEGV2__CH_00627,27
UKPGA_2002_40__LEGV2__CH_00628__M,51
UKPGA_2002_40__LEGV2__CH_00630,40
UKPGA_2002_40__LEGV2__CH_00631,39
UKPGA_2002_40__LEGV2__CH_00632,40
UKPGA_2002_40__LEGV2__CH_00633,51
UKPGA_2002_40__LEGV2__CH_00634,48
UKPGA_2002_40__LEGV2__CH_00635,43
UKPGA_2002_40__LEGV2__CH_00637,43
UKPGA_2002_40__LEGV2__CH_00638,55
UKPGA_2002_40__LEGV2__CH_00639,37
UKPGA_2002_40__LEGV2__CH_00640,35
UKPGA_2002_40__LEGV2__CH_00641,40
UKPGA_2002_40__LEGV2__CH_00642,35
UKPGA_2002_40__LEGV2__CH_00643,33
UKPGA_2002_40__LEGV2__CH_00644,56
UKPGA_2002_40__LEGV2__CH_00645,33
UKPGA_2002_40__LEGV2__CH_00646,71
UKPGA_2002_40__LEGV2__CH_00647,49
UKPGA_2002_40__LEGV2__CH_00648,59
UKPGA_2002_40__LEGV2__CH_00649,37
UKPGA_2002_40__LEGV2__CH_00650,29
UKPGA_2002_40__LEGV2__CH_00651,38
UKPGA_2002_40__LEGV2__CH_00652,37
UKPGA_2002_40__LEGV2__CH_00653,29
UKPGA_2002_40__LEGV2__CH_00654,46
UKPGA_2002_40__LEGV2__CH_00656,60
UKPGA_2002_40__LEGV2__CH_00657,28
UKPGA_2002_40__LEGV2__CH_00658,25
UKPGA_2002_40__LEGV2__CH_00659,25
UKPGA_2002_40__LEGV2__CH_00660,31
UKPGA_2002_40__LEGV2__CH_00661,44
UKPGA_2002_40__LEGV2__CH_00662,35
UKPGA_2002_40__LEGV2__CH_00663,52
UKPGA_2002_40__LEGV2__CH_00664,30
UKPGA_2002_40__LEGV2__CH_00665,44
UKPGA_2002_40__LEGV2__CH_00666,29
UKPGA_2002_40__LEGV2__CH_00667,37
UKPGA_2002_40__LEGV2__CH_00668,31
UKPGA_2002_40__LEGV2__CH_00669,39
UKPGA_2002_40__LEGV2__CH_00670,30
UKPGA_2002_40__LEGV2__CH_00671,27
UKPGA_2002_40__LEGV2__CH_00674,32
UKPGA_2002_40__LEGV2__CH_00675,60
UKPGA_2002_40__LEGV2__CH_00676,57
UKPGA_2002_40__LEGV2__CH_00677,52
UKPGA_2002_40__LEGV2__CH_00678,41
UKPGA_2002_40__LEGV2__CH_00679,32
UKPGA_2002_40__LEGV2__CH_00680,37
UKPGA_2002_40__LEGV2__CH_00681,60
UKPGA_2002_40__LEGV2__CH_00682,30
UKPGA_2002_40__LEGV2__CH_00683,48
UKPGA_2002_40__LEGV2__CH_00684,34
UKPGA_2002_40__LEGV2__CH_00685,50
UKPGA_2002_40__LEGV2__CH_00686,23
UKPGA_2002_40__LEGV2__CH_00687,38
UKPGA_2002_40__LEGV2__CH_00688,28
UKPGA_2002_40__LEGV2__CH_00689,47
UKPGA_2002_40__LEGV2__CH_00690,44
UKPGA_2002_40__LEGV2__CH_00691,61
UKPGA_2002_40__LEGV2__CH_00692,67
UKPGA_2002_40__LEGV2__CH_00693,70
UKPGA_2002_40__LEGV2__CH_00694,82
UKPGA_2002_40__LEGV2__CH_00695,54
UKPGA_2002_40__LEGV2__CH_00696,48
UKPGA_2002_40__LEGV2__CH_00697,46
UKPGA_2002_40__LEGV2__CH_00698,45
UKPGA_2002_40__LEGV2__CH_00699,48
UKPGA_2002_40__LEGV2__CH_00700,24
UKPGA_2002_40__LEGV2__CH_00701,27
UKPGA_2002_40__LEGV2__CH_00702,36
UKPGA_2002_40__LEGV2__CH_00704,27
UKPGA_2002_40__LEGV2__CH_00706,34
UKPGA_2002_40__LEGV2__CH_00707,35
UKPGA_2002_40__LEGV2__CH_00708,39
UKPGA_2002_40__LEGV2__CH_00709,35
UKPGA_2002_40__LEGV2__CH_00710,32
UKPGA_2002_40__LEGV2__CH_00711,38
UKPGA_2002_40__LEGV2__CH_00712,41
UKPGA_2002_40__LEGV2__CH_00713,51
UKPGA_2002_40__LEGV2__CH_00714,56
UKPGA_2002_40__LEGV2__CH_00715,61
UKPGA_2002_40__LEGV2__CH_00716,41
UKPGA_2002_40__LEGV2__CH_00717,33
UKPGA_2002_40__LEGV2__CH_00718,37
UKPGA_2002_40__LEGV2__CH_00719,46
UKPGA_2002_40__LEGV2__CH_00720,49
UKPGA_2002_40__LEGV2__CH_00721,48
UKPGA_2002_40__LEGV2__CH_00722,45
UKPGA_2002_40__LEGV2__CH_00723,62
UKPGA_2002_40__LEGV2__CH_00724,88
UKPGA_2002_40__LEGV2__CH_00725,74
UKPGA_2002_40__LEGV2__CH_00726,105
UKPGA_2002_40__LEGV2__CH_00727,45
UKPGA_2002_40__LEGV2__CH_00728,39
UKPGA_2002_40__LEGV2__CH_00729,103
UKPGA_2002_40__LEGV2__CH_00730,42
UKPGA_2002_40__LEGV2__CH_00731,87
UKPGA_2002_40__LEGV2__CH_00732,34
UKPGA_2002_40__LEGV2__CH_00733,101
UKPGA_2002_40__LEGV2__CH_00734,38
UKPGA_2002_40__LEGV2__CH_00735,75
UKPGA_2002_40__LEGV2__CH_00736,53
UKPGA_2002_40__LEGV2__CH_00737,48
UKPGA_2002_40__LEGV2__CH_00738,57
UKPGA_2002_40__LEGV2__CH_00739,42
UKPGA_2002_40__LEGV2__CH_00740,73
UKPGA_2002_40__LEGV2__CH_00741,33
UKPGA_2002_40__LEGV2__CH_00743,47
UKPGA_2002_40__LEGV2__CH_00744,72
UKPGA_2002_40__LEGV2__CH_00745,92
UKPGA_2002_40__LEGV2__CH_00746,90
UKPGA_2002_40__LEGV2__CH_00747,57
UKPGA_2002_40__LEGV2__CH_00748,74
UKPGA_2002_40__LEGV2__CH_00749,50
UKPGA_2002_40__LEGV2__CH_00750,51
UKPGA_2002_40__LEGV2__CH_00751,96
UKPGA_2002_40__LEGV2__CH_00752,71
UKPGA_2002_40__LEGV2__CH_00753,71
UKPGA_2002_40__LEGV2__CH_00754,67
UKPGA_2002_40__LEGV2__CH_00755,54
UKPGA_2002_40__LEGV2__CH_00756,65
UKPGA_2002_40__LEGV2__CH_00757,102
UKPGA_2002_40__LEGV2__CH_00758,65
UKPGA_2002_40__LEGV2__CH_00759,118
UKPGA_2002_40__LEGV2__CH_00760,54
UKPGA_2002_40__LEGV2__CH_00761,52
UKPGA_2002_40__LEGV2__CH_00762,81
UKPGA_2002_40__LEGV2__CH_00763,77
UKPGA_2002_40__LEGV2__CH_00764,62
UKPGA_2002_40__LEGV2__CH_00765,51
UKPGA_2002_40__LEGV2__CH_00766,67
UKPGA_2002_40__LEGV2__CH_00767,119
UKPGA_2002_40__LEGV2__CH_00768,60
UKPGA_2002_40__LEGV2__CH_00769,45
UKPGA_2002_40__LEGV2__CH_00770,58
UKPGA_2002_40__LEGV2__CH_00771,46
UKPGA_2002_40__LEGV2__CH_00773,48
UKPGA_2002_40__LEGV2__CH_00774,40
UKPGA_2002_40__LEGV2__CH_00775,50
UKPGA_2002_40__LEGV2__CH_00776,59
UKPGA_2002_40__LEGV2__CH_00777,41
UKPGA_2002_40__LEGV2__CH_00778,42
UKPGA_2002_40__LEGV2__CH_00779,66
UKPGA_2002_40__LEGV2__CH_00780,38
UKPGA_2002_40__LEGV2__CH_00781,32
UKPGA_2002_40__LEGV2__CH_00782,71
UKPGA_2002_40__LEGV2__CH_00783,55
UKPGA_2002_40__LEGV2__CH_00784,48
UKPGA_2002_40__LEGV2__CH_00785,44
UKPGA_2002_40__LEGV2__CH_00786,58
UKPGA_2002_40__LEGV2__CH_00787,23
UKPGA_2002_40__LEGV2__CH_00788,39
UKPGA_2002_40__LEGV2__CH_00789,40
UKPGA_2002_40__LEGV2__CH_00790,29
UKPGA_2002_40__LEGV2__CH_00791,33
UKPGA_2002_40__LEGV2__CH_00792,41
UKPGA_2002_40__LEGV2__CH_00793,42
UKPGA_2002_40__LEGV2__CH_00794,40
UKPGA_2002_40__LEGV2__CH_00795,27
UKPGA_2002_40__LEGV2__CH_00796,36
UKPGA_2002_40__LEGV2__CH_00797,40
UKPGA_2002_40__LEGV2__CH_00798,35
UKPGA_2002_40__LEGV2__CH_00799,36
UKPGA_2002_40__LEGV2__CH_00800,52
UKPGA_2002_40__LEGV2__CH_00801,57
UKPGA_2002_40__LEGV2__CH_00802,36
UKPGA_2002_40__LEGV2__CH_00803,29
UKPGA_2002_40__LEGV2__CH_00805,29
UKPGA_2002_40__LEGV2__CH_00806,34
UKPGA_2002_40__LEGV2__CH_00808,43
UKPGA_2002_40__LEGV2__CH_00809,32
UKPGA_2002_40__LEGV2__CH_00810,44
UKPGA_2002_40__LEGV2__CH_00811,28
UKPGA_2002_40__LEGV2__CH_00812,50
UKPGA_2002_40__LEGV2__CH_00813,35
UKPGA_2002_40__LEGV2__CH_00814,34
UKPGA_2002_40__LEGV2__CH_00816,44
UKPGA_2002_40__LEGV2__CH_00817,31
UKPGA_2002_40__LEGV2__CH_00818,70
UKPGA_2002_40__LEGV2__CH_00819,41
UKPGA_2002_40__LEGV2__CH_00820,54
UKPGA_2002_40__LEGV2__CH_00821,31
UKPGA_2002_40__LEGV2__CH_00822,28
UKPGA_2002_40__LEGV2__CH_00823,34
UKPGA_2002_40__LEGV2__CH_00824,48
UKPGA_2002_40__LEGV2__CH_00825,40
UKPGA_2002_40__LEGV2__CH_00826,34
UKPGA_2002_40__LEGV2__CH_00828,35
UKPGA_2002_40__LEGV2__CH_00829,40
UKPGA_2002_40__LEGV2__CH_00830,45
UKPGA_2002_40__LEGV2__CH_00831,59
UKPGA_2002_40__LEGV2__CH_00832,31
UKPGA_2002_40__LEGV2__CH_00833,36
UKPGA_2002_40__LEGV2__CH_00834,56
UKPGA_2002_40__LEGV2__CH_00835,31
UKPGA_2002_40__LEGV2__CH_00837,45
UKPGA_2002_40__LEGV2__CH_00838,34
UKPGA_2002_40__LEGV2__CH_00839,40
UKPGA_2002_40__LEGV2__CH_00840,55
UKPGA_2002_40__LEGV2__CH_00841,47
UKPGA_2002_40__LEGV2__CH_00842,38
UKPGA_2002_40__LEGV2__CH_00843,26
UKPGA_2002_40__LEGV2__CH_00844,47
UKPGA_2002_40__LEGV2__CH_00845,37
UKPGA_2002_40__LEGV2__CH_00846,48
UKPGA_2002_40__LEGV2__CH_00847,32
UKPGA_2002_40__LEGV2__CH_00848,39
UKPGA_2002_40__LEGV2__CH_00849,39
UKPGA_2002_40__LEGV2__CH_00850,38
UKPGA_2002_40__LEGV2__CH_00851,47
UKPGA_2002_40__LEGV2__CH_00852,50
UKPGA_2002_40__LEGV2__CH_00853,42
UKPGA_2002_40__LEGV2__CH_00854,32
UKPGA_2002_40__LEGV2__CH_00855,56
UKPGA_2002_40__LEGV2__CH_00856,38
UKPGA_2002_40__LEGV2__CH_00857,39
UKPGA_2002_40__LEGV2__CH_00858,39
UKPGA_2002_40__LEGV2__CH_00859,61
UKPGA_2002_40__LEGV2__CH_00861,34
UKPGA_2002_40__LEGV2__CH_00862,44
UKPGA_2002_40__LEGV2__CH_00863,31
UKPGA_2002_40__LEGV2__CH_00864,38
UKPGA_2002_40__LEGV2__CH_00866,37
UKPGA_2002_40__LEGV2__CH_00867,44
UKPGA_2002_40__LEGV2__CH_00868,43
UKPGA_2002_40__LEGV2__CH_00869,40
UKPGA_2002_40__LEGV2__CH_00870,37
UKPGA_2002_40__LEGV2__CH_00871,36
UKPGA_2002_40__LEGV2__CH_00872,37
UKPGA_2002_40__LEGV2__CH_00873,38
UKPGA_2002_40__LEGV2__CH_00874,33
UKPGA_2002_40__LEGV2__CH_00875,59
UKPGA_2002_40__LEGV2__CH_00876,31
UKPGA_2002_40__LEGV2__CH_00878,40
UKPGA_2002_40__LEGV2__CH_00879,29
UKPGA_2002_40__LEGV2__CH_00880,29
UKPGA_2002_40__LEGV2__CH_00881,32
UKPGA_2002_40__LEGV2__CH_00882,29
UKPGA_2002_40__LEGV2__CH_00883,36
UKPGA_2002_40__LEGV2__CH_00884,49
UKPGA_2002_40__LEGV2__CH_00885,54
UKPGA_2002_40__LEGV2__CH_00887,29
UKPGA_2002_40__LEGV2__CH_00888,35
UKPGA_2002_40__LEGV2__CH_00890,43
UKPGA_2002_40__LEGV2__CH_00891,46
UKPGA_2002_40__LEGV2__CH_00892,52
UKPGA_2002_40__LEGV2__CH_00893,45
UKPGA_2002_40__LEGV2__CH_00894,41
UKPGA_2002_40__LEGV2__CH_00895,43
UKPGA_2002_40__LEGV2__CH_00896,52
UKPGA_2002_40__LEGV2__CH_00897,51
UKPGA_2002_40__LEGV2__CH_00898,37
UKPGA_2002_40__LEGV2__CH_00899,32
UKPGA_2002_40__LEGV2__CH_00901,35
UKPGA_2002_40__LEGV2__CH_00902,44
UKPGA_2002_40__LEGV2__CH_00903,26
UKPGA_2002_40__LEGV2__CH_00904,40
UKPGA_2002_40__LEGV2__CH_00905,35
UKPGA_2002_40__LEGV2__CH_00906,47
UKPGA_2002_40__LEGV2__CH_00907,50
UKPGA_2002_40__LEGV2__CH_00908,39
UKPGA_2002_40__LEGV2__CH_00909,61
UKPGA_2002_40__LEGV2__CH_00910,41
UKPGA_2002_40__LEGV2__CH_00911,44
UKPGA_2002_40__LEGV2__CH_00912,85
UKPGA_2002_40__LEGV2__CH_00913,62
UKPGA_2002_40__LEGV2__CH_00914,72
UKPGA_2002_40__LEGV2__CH_00916,54
UKPGA_2002_40__LEGV2__CH_00917,33
UKPGA_2002_40__LEGV2__CH_00918,33
UKPGA_2002_40__LEGV2__CH_00919,47
UKPGA_2002_40__LEGV2__CH_00920,49
UKPGA_2002_40__LEGV2__CH_00921,39
UKPGA_2002_40__LEGV2__CH_00922,60
UKPGA_2002_40__LEGV2__CH_00923,40
UKPGA_2002_40__LEGV2__CH_00924,43
UKPGA_2002_40__LEGV2__CH_00925,33
UKPGA_2002_40__LEGV2__CH_00927,18
UKPGA_2002_40__LEGV2__CH_00928,40
UKPGA_2002_40__LEGV2__CH_00929,16
UKPGA_2002_40__LEGV2__CH_00933,39
UKPGA_2002_40__LEGV2__CH_00934,41
UKPGA_2002_40__LEGV2__CH_00935,30
UKPGA_2002_40__LEGV2__CH_00936,39
UKPGA_2002_40__LEGV2__CH_00937,33
UKPGA_2002_40__LEGV2__CH_00938,31
UKPGA_2002_40__LEGV2__CH_00940,27
UKPGA_2002_40__LEGV2__CH_00941,42
UKPGA_2002_40__LEGV2__CH_00942,74
UKPGA_2002_40__LEGV2__CH_00943,35
UKPGA_2002_40__LEGV2__CH_00944,45
UKPGA_2002_40__LEGV2__CH_00946,32
UKPGA_2002_40__LEGV2__CH_00947,35
UKPGA_2002_40__LEGV2__CH_00948,46
UKPGA_2002_40__LEGV2__CH_00949,35
UKPGA_2002_40__LEGV2__CH_00950,49
UKPGA_2002_40__LEGV2__CH_00951,35
UKPGA_2002_40__LEGV2__CH_00952,42
UKPGA_2002_40__LEGV2__CH_00953,23
UKPGA_2002_40__LEGV2__CH_00954,23
UKPGA_2002_40__LEGV2__CH_00955,46
UKPGA_2002_40__LEGV2__CH_00956,36
UKPGA_2002_40__LEGV2__CH_00957,36
UKPGA_2002_40__LEGV2__CH_00958,58
UKPGA_2002_40__LEGV2__CH_00959,24
UKPGA_2002_40__LEGV2__CH_00960,34
UKPGA_2002_40__LEGV2__CH_00961,25
UKPGA_2002_40__LEGV2__CH_00963,42
UKPGA_2002_40__LEGV2__CH_00964,38
UKPGA_2002_40__LEGV2__CH_00965,44
UKPGA_2002_40__LEGV2__CH_00966,56
UKPGA_2002_40__LEGV2__CH_00967,21
UKPGA_2002_40__LEGV2__CH_00968,66
UKPGA_2002_40__LEGV2__CH_00969,38
UKPGA_2002_40__LEGV2__CH_00970,32
UKPGA_2002_40__LEGV2__CH_00971,29
UKPGA_2002_40__LEGV2__CH_00972,31
UKPGA_2002_40__LEGV2__CH_00973,34
UKPGA_2002_40__LEGV2__CH_00974,44
UKPGA_2002_40__LEGV2__CH_00976,35
UKPGA_2002_40__LEGV2__CH_00977,32
UKPGA_2002_40__LEGV2__CH_00979,100
UKPGA_2002_40__LEGV2__CH_00980,83
UKPGA_2002_40__LEGV2__CH_00981,54
UKPGA_2002_40__LEGV2__CH_00982,28
UKPGA_2002_40__LEGV2__CH_00983,59
UKPGA_2002_40__LEGV2__CH_00984,50
UKPGA_2002_40__LEGV2__CH_00985,118
UKPGA_2002_40__LEGV2__CH_00986,54
UKPGA_2002_40__LEGV2__CH_00987,54
UKPGA_2002_40__LEGV2__CH_00988,39
UKPGA_2002_40__LEGV2__CH_00989,57
UKPGA_2002_40__LEGV2__CH_00990,59
UKPGA_2002_40__LEGV2__CH_00991,35
UKPGA_2002_40__LEGV2__CH_00992,85
UKPGA_2002_40__LEGV2__CH_00993,60
UKPGA_2002_40__LEGV2__CH_00994,67
UKPGA_2002_40__LEGV2__CH_00995,63
UKPGA_2002_40__LEGV2__CH_00996,65
UKPGA_2002_40__LEGV2__CH_00997,66
UKPGA_2002_40__LEGV2__CH_00998,71
UKPGA_2002_40__LEGV2__CH_00999,115
UKPGA_2002_40__LEGV2__CH_01000,90
UKPGA_2002_40__LEGV2__CH_01001,28
UKPGA_2002_40__LEGV2__CH_01002,49
UKPGA_2002_40__LEGV2__CH_01003,64
UKPGA_2002_40__LEGV2__CH_01004,96
UKPGA_2002_40__LEGV2__CH_01005,91
UKPGA_2002_40__LEGV2__CH_01006,83
UKPGA_2002_40__LEGV2__CH_01007,60
UKPGA_2002_40__LEGV2__CH_01008,45
UKPGA_2002_40__LEGV2__CH_01010,73
UKPGA_2002_40__LEGV2__CH_01011,88
UKPGA_2002_40__LEGV2__CH_01013,48
UKPGA_2002_40__LEGV2__CH_01014,46
UKPGA_2002_40__LEGV2__CH_01015,57
UKPGA_2002_40__LEGV2__CH_01016,50
UKPGA_2002_40__LEGV2__CH_01017,35
UKPGA_2002_40__LEGV2__CH_01018,44
UKPGA_2002_40__LEGV2__CH_01019,41
UKPGA_2002_40__LEGV2__CH_01020,56
UKPGA_2002_40__LEGV2__CH_01021,56
UKPGA_2002_40__LEGV2__CH_01022,89
UKPGA_2002_40__LEGV2__CH_01023,65
UKPGA_2002_40__LEGV2__CH_01024,70
UKPGA_2002_40__LEGV2__CH_01025,39
UKPGA_2002_40__LEGV2__CH_01026,33
UKPGA_2002_40__LEGV2__CH_01027,46
UKPGA_2002_40__LEGV2__CH_01028,54
UKPGA_2002_40__LEGV2__CH_01029,66
UKPGA_2002_40__LEGV2__CH_01030,41
UKPGA_2002_40__LEGV2__CH_01031,53
UKPGA_2002_40__LEGV2__CH_01032,37
UKPGA_2002_40__LEGV2__CH_01033,33
UKPGA_2002_40__LEGV2__CH_01034,44
UKPGA_2002_40__LEGV2__CH_01035,39
UKPGA_2002_40__LEGV2__CH_01036,58
UKPGA_2002_40__LEGV2__CH_01037,48
UKPGA_2002_40__LEGV2__CH_01038,67
UKPGA_2002_40__LEGV2__CH_01039,49
UKPGA_2002_40__LEGV2__CH_01040,58
UKPGA_2002_40__LEGV2__CH_01050,67
UKPGA_2002_40__LEGV2__CH_01053,55
UKPGA_2002_40__LEGV2__CH_01055,49
UKPGA_2002_40__LEGV2__CH_01056,55
UKPGA_2002_40__LEGV2__CH_01057,44
UKPGA_2002_40__LEGV2__CH_01058,36
UKPGA_2002_40__LEGV2__CH_01059,43
UKPGA_2002_40__LEGV2__CH_01060,89
UKPGA_2002_40__LEGV2__CH_01061,82
UKPGA_2002_40__LEGV2__CH_01062,53
UKPGA_2002_40__LEGV2__CH_01063,44
UKPGA_2002_40__LEGV2__CH_01064,80
UKPGA_2002_40__LEGV2__CH_01066,77
UKPGA_2002_40__LEGV2__CH_01069,67
UKPGA_2002_40__LEGV2__CH_01070,64
UKPGA_2002_40__LEGV2__CH_01072,74
UKPGA_2002_40__LEGV2__CH_01073,40
UKPGA_2002_40__LEGV2__CH_01074,42
UKPGA_2002_40__LEGV2__CH_01075,51
UKPGA_2002_40__LEGV2__CH_01076,50
UKPGA_2002_40__LEGV2__CH_01077,33
UKPGA_2002_40__LEGV2__CH_01078,31
UKPGA_2002_40__LEGV2__CH_01079,56
UKPGA_2002_40__LEGV2__CH_01081,43
UKPGA_2002_40__LEGV2__CH_01082,39
UKPGA_2002_40__LEGV2__CH_01083,63
UKPGA_2002_40__LEGV2__CH_01084,61
UKPGA_2002_40__LEGV2__CH_01085,57
UKPGA_2002_40__LEGV2__CH_01086,34
UKPGA_2002_40__LEGV2__CH_01087,50
UKPGA_2002_40__LEGV2__CH_01088,54
UKPGA_2002_40__LEGV2__CH_01089,47
UKPGA_2002_40__LEGV2__CH_01090,49
UKPGA_2002_40__LEGV2__CH_01091,35
UKPGA_2002_40__LEGV2__CH_01092,51
UKPGA_2002_40__LEGV2__CH_01093,38
UKPGA_2002_40__LEGV2__CH_01094,40
UKPGA_2002_40__LEGV2__CH_01095,40
UKPGA_2002_40__LEGV2__CH_01096,43
UKPGA_2002_40__LEGV2__CH_01097,105
UKPGA_2002_40__LEGV2__CH_01098,60
UKPGA_2002_40__LEGV2__CH_01099,35
UKPGA_2002_40__LEGV2__CH_01100,51
UKPGA_2002_40__LEGV2__CH_01101,47
UKPGA_2002_40__LEGV2__CH_01102,43
UKPGA_2002_40__LEGV2__CH_01103,40
UKPGA_2002_40__LEGV2__CH_01104,22
UKPGA_2002_40__LEGV2__CH_01105,48
UKPGA_2002_40__LEGV2__CH_01106,35
UKPGA_2002_40__LEGV2__CH_01107,34
UKPGA_2002_40__LEGV2__CH_01108,42
UKPGA_2002_40__LEGV2__CH_01109,54
UKPGA_2002_40__LEGV2__CH_01110,27
UKPGA_2002_40__LEGV2__CH_01111,48
UKPGA_2002_40__LEGV2__CH_01112,37
UKPGA_2002_40__LEGV2__CH_01113,45
UKPGA_2002_40__LEGV2__CH_01114,46
UKPGA_2002_40__LEGV2__CH_01115,39
UKPGA_2002_40__LEGV2__CH_01116,50
UKPGA_2002_40__LEGV2__CH_01117,35
UKPGA_2002_40__LEGV2__CH_01118,37
UKPGA_2002_40__LEGV2__CH_01119,59
UKPGA_2002_40__LEGV2__CH_01120,59
UKPGA_2002_40__LEGV2__CH_01121,52
UKPGA_2002_40__LEGV2__CH_01122,58
UKPGA_2002_40__LEGV2__CH_01123,71
UKPGA_2002_40__LEGV2__CH_01124,32
UKPGA_2002_40__LEGV2__CH_01125,42
UKPGA_2002_40__LEGV2__CH_01126,80
UKPGA_2002_40__LEGV2__CH_01127,51
UKPGA_2002_40__LEGV2__CH_01128,38
UKPGA_2002_40__LEGV2__CH_01129,78
UKPGA_2002_40__LEGV2__CH_01130,73
UKPGA_2002_40__LEGV2__CH_01131,40
UKPGA_2002_40__LEGV2__CH_01132,47
UKPGA_2002_40__LEGV2__CH_01133,37
UKPGA_2002_40__LEGV2__CH_01134,25
UKPGA_2002_40__LEGV2__CH_01136,41
UKPGA_2002_40__LEGV2__CH_01137,57
UKPGA_2002_40__LEGV2__CH_01138,60
UKPGA_2002_40__LEGV2__CH_01139,50
UKPGA_2002_40__LEGV2__CH_01140,28
UKPGA_2002_40__LEGV2__CH_01141,72
UKPGA_2002_40__LEGV2__CH_01142,91
UKPGA_2002_40__LEGV2__CH_01143,54
UKPGA_2002_40__LEGV2__CH_01144,35
UKPGA_2002_40__LEGV2__CH_01145,43
UKPGA_2002_40__LEGV2__CH_01146,72
UKPGA_2002_40__LEGV2__CH_01147,56
UKPGA_2002_40__LEGV2__CH_01148,69
UKPGA_2002_40__LEGV2__CH_01149,48
UKPGA_2002_40__LEGV2__CH_01150,35
UKPGA_2002_40__LEGV2__CH_01151,22
UKPGA_2002_40__LEGV2__CH_01153,48
UKPGA_2002_40__LEGV2__CH_01155,57
UKPGA_2002_40__LEGV2__CH_01156,75
UKPGA_2002_40__LEGV2__CH_01157,41
UKPGA_2002_40__LEGV2__CH_01158,53
UKPGA_2002_40__LEGV2__CH_01159,55
UKPGA_2002_40__LEGV2__CH_01160,65
UKPGA_2002_40__LEGV2__CH_01161,56
UKPGA_2002_40__LEGV2__CH_01162,25
UKPGA_2002_40__LEGV2__CH_01163,61
UKPGA_2002_40__LEGV2__CH_01164,44
UKPGA_2002_40__LEGV2__CH_01165,47
UKPGA_2002_40__LEGV2__CH_01166,55
UKPGA_2002_40__LEGV2__CH_01167,31
UKPGA_2002_40__LEGV2__CH_01168,53
UKPGA_2002_40__LEGV2__CH_01169,59
UKPGA_2002_40__LEGV2__CH_01170,57
UKPGA_2002_40__LEGV2__CH_01171,33
UKPGA_2002_40__LEGV2__CH_01172,69
UKPGA_2002_40__LEGV2__CH_01173,35
UKPGA_2002_40__LEGV2__CH_01174,35
UKPGA_2002_40__LEGV2__CH_01175,43
UKPGA_2002_40__LEGV2__CH_01176,36
UKPGA_2002_40__LEGV2__CH_01177,51
UKPGA_2002_40__LEGV2__CH_01178,55
UKPGA_2002_40__LEGV2__CH_01179,52
UKPGA_2002_40__LEGV2__CH_01180,75
UKPGA_2002_40__LEGV2__CH_01181,103
UKPGA_2002_40__LEGV2__CH_01182,107
UKPGA_2002_40__LEGV2__CH_01183,78
UKPGA_2002_40__LEGV2__CH_01184,118
UKPGA_2002_40__LEGV2__CH_01185,92
UKPGA_2002_40__LEGV2__CH_01186,53
UKPGA_2002_40__LEGV2__CH_01187,41
UKPGA_2002_40__LEGV2__CH_01188,26
UKPGA_2002_40__LEGV2__CH_01189,24
UKPGA_2002_40__LEGV2__CH_01190,44
UKPGA_2002_40__LEGV2__CH_01191,38
UKPGA_2002_40__LEGV2__CH_01192,33
UKPGA_2002_40__LEGV2__CH_01193,75
UKPGA_2002_40__LEGV2__CH_01194,72
UKPGA_2002_40__LEGV2__CH_01195,68
UKPGA_2002_40__LEGV2__CH_01196,35
UKPGA_2002_40__LEGV2__CH_01197,48
UKPGA_2002_40__LEGV2__CH_01198,43
UKPGA_2002_40__LEGV2__CH_01199,37
UKPGA_2002_40__LEGV2__CH_01200,26
UKPGA_2002_40__LEGV2__CH_01201,35
UKPGA_2002_40__LEGV2__CH_01202,71
UKPGA_2002_40__LEGV2__CH_01203,78
UKPGA_2002_40__LEGV2__CH_01204,63
UKPGA_2002_40__LEGV2__CH_01205,68
UKPGA_2002_40__LEGV2__CH_01206,56
UKPGA_2002_40__LEGV2__CH_01207,36
UKPGA_2002_40__LEGV2__CH_01208,32
UKPGA_2002_40__LEGV2__CH_01209,36
UKPGA_2002_40__LEGV2__CH_01210,29
UKPGA_2002_40__LEGV2__CH_01211,43
UKPGA_2002_40__LEGV2__CH_01212,29
UKPGA_2002_40__LEGV2__CH_01213,59
UKPGA_2002_40__LEGV2__CH_01214,38
UKPGA_2002_40__LEGV2__CH_01215,35
UKPGA_2002_40__LEGV2__CH_01216,30
UKPGA_2002_40__LEGV2__CH_01217,34
UKPGA_2002_40__LEGV2__CH_01218,34
UKPGA_2002_40__LEGV2__CH_01219,52
UKPGA_2002_40__LEGV2__CH_01221,46
UKPGA_2002_40__LEGV2__CH_01222,44
UKPGA_2002_40__LEGV2__CH_01223,40
UKPGA_2002_40__LEGV2__CH_01224,39
UKPGA_2002_40__LEGV2__CH_01225,43
UKPGA_2002_40__LEGV2__CH_01226,34
UKPGA_2002_40__LEGV2__CH_01227,44
UKPGA_2002_40__LEGV2__CH_01228,26
UKPGA_2002_40__LEGV2__CH_01229,41
UKPGA_2002_40__LEGV2__CH_01230,29
UKPGA_2002_40__LEGV2__CH_01231,60
UKPGA_2002_40__LEGV2__CH_01232,61
UKPGA_2002_40__LEGV2__CH_01233,47
UKPGA_2002_40__LEGV2__CH_01234,34
UKPGA_2002_40__LEGV2__CH_01235,37
UKPGA_2002_40__LEGV2__CH_01236,44
UKPGA_2002_40__LEGV2__CH_01237,41
UKPGA_2002_40__LEGV2__CH_01238,43
UKPGA_2002_40__LEGV2__CH_01239,25
UKPGA_2002_40__LEGV2__CH_01240,66
UKPGA_2002_40__LEGV2__CH_01241,42
UKPGA_2002_40__LEGV2__CH_01242,26
UKPGA_2002_40__LEGV2__CH_01243,51
UKPGA_2002_40__LEGV2__CH_01244,57
UKPGA_2002_40__LEGV2__CH_01245,71
UKPGA_2002_40__LEGV2__CH_01246,50
UKPGA_2002_40__LEGV2__CH_01247,86
UKPGA_2002_40__LEGV2__CH_01248,78
UKPGA_2002_40__LEGV2__CH_01250,80
UKPGA_2002_40__LEGV2__CH_01251,64
UKPGA_2002_40__LEGV2__CH_01252,40
UKPGA_2002_40__LEGV2__CH_01253,83
UKPGA_2002_40__LEGV2__CH_01254,85
UKPGA_2002_40__LEGV2__CH_01255,96
UKPGA_2002_40__LEGV2__CH_01256,63
UKPGA_2002_40__LEGV2__CH_01257,47
UKPGA_2002_40__LEGV2__CH_01258,45
UKPGA_2002_40__LEGV2__CH_01259,81
UKPGA_2002_40__LEGV2__CH_01260,44
UKPGA_2002_40__LEGV2__CH_01262,53
UKPGA_2002_40__LEGV2__CH_01263,57
UKPGA_2002_40__LEGV2__CH_01264,35
UKPGA_2002_40__LEGV2__CH_01265,50
UKPGA_2002_40__LEGV2__CH_01266,31
UKPGA_2002_40__LEGV2__CH_01267,45
UKPGA_2002_40__LEGV2__CH_01268,44
UKPGA_2002_40__LEGV2__CH_01269,37
UKPGA_2002_40__LEGV2__CH_01271,46
UKPGA_2002_40__LEGV2__CH_01272,40
UKPGA_2002_40__LEGV2__CH_01273,36
UKPGA_2002_40__LEGV2__CH_01274,46
UKPGA_2002_40__LEGV2__CH_01275,27
UKPGA_2002_40__LEGV2__CH_01276,40
UKPGA_2002_40__LEGV2__CH_01277,69
UKPGA_2002_40__LEGV2__CH_01278,56
UKPGA_2002_40__LEGV2__CH_01280,45
UKPGA_2002_40__LEGV2__CH_01281,59
UKPGA_2002_40__LEGV2__CH_01282,41
UKPGA_2002_40__LEGV2__CH_01284,33
UKPGA_2002_40__LEGV2__CH_01285,35
UKPGA_2002_40__LEGV2__CH_01286,59
UKPGA_2002_40__LEGV2__CH_01287,49
UKPGA_2002_40__LEGV2__CH_01289,41
UKPGA_2002_40__LEGV2__CH_01290,46
UKPGA_2002_40__LEGV2__CH_01292,30
UKPGA_2002_40__LEGV2__CH_01293,39
UKPGA_2002_40__LEGV2__CH_01294,41
UKPGA_2002_40__LEGV2__CH_01295,66
UKPGA_2002_40__LEGV2__CH_01297,43
UKPGA_2002_40__LEGV2__CH_01298,34
UKPGA_2002_40__LEGV2__CH_01299,41
UKPGA_2002_40__LEGV2__CH_01300,46
UKPGA_2002_40__LEGV2__CH_01301,48
UKPGA_2002_40__LEGV2__CH_01302,55
UKPGA_2002_40__LEGV2__CH_01303,41
UKPGA_2002_40__LEGV2__CH_01305,41
UKPGA_2002_40__LEGV2__CH_01306,35
UKPGA_2002_40__LEGV2__CH_01307,43
UKPGA_2002_40__LEGV2__CH_01308,56
UKPGA_2002_40__LEGV2__CH_01309,42
UKPGA_2002_40__LEGV2__CH_01310,75
UKPGA_2002_40__LEGV2__CH_01311,54
UKPGA_2002_40__LEGV2__CH_01313,47
UKPGA_2002_40__LEGV2__CH_01314,35
UKPGA_2002_40__LEGV2__CH_01315,55
UKPGA_2002_40__LEGV2__CH_01316,55
UKPGA_2002_40__LEGV2__CH_01317,49
UKPGA_2002_40__LEGV2__CH_01318,38
UKPGA_2002_40__LEGV2__CH_01319,49
UKPGA_2002_40__LEGV2__CH_01320,76
UKPGA_2002_40__LEGV2__CH_01321,65
UKPGA_2002_40__LEGV2__CH_01322,42
UKPGA_2002_40__LEGV2__CH_01324,39
UKPGA_2002_40__LEGV2__CH_01326,45
UKPGA_2002_40__LEGV2__CH_01327,40
UKPGA_2002_40__LEGV2__CH_01328,33
UKPGA_2002_40__LEGV2__CH_01330,52
UKPGA_2002_40__LEGV2__CH_01331,53
UKPGA_2002_40__LEGV2__CH_01333,30
UKPGA_2002_40__LEGV2__CH_01334,46
UKPGA_2002_40__LEGV2__CH_01335,44
UKPGA_2002_40__LEGV2__CH_01337,44
UKPGA_2002_40__LEGV2__CH_01338,40
UKPGA_2002_40__LEGV2__CH_01339,65
UKPGA_2002_40__LEGV2__CH_01340,56
UKPGA_2002_40__LEGV2__CH_01341,38
UKPGA_2002_40__LEGV2__CH_01343,67
UKPGA_2002_40__LEGV2__CH_01344,87
UKPGA_2002_40__LEGV2__CH_01345,58
UKPGA_2002_40__LEGV2__CH_01346,62
UKPGA_2002_40__LEGV2__CH_01347,51
UKPGA_2002_40__LEGV2__CH_01348,61
UKPGA_2002_40__LEGV2__CH_01349,68
UKPGA_2002_40__LEGV2__CH_01350,46
UKPGA_2002_40__LEGV2__CH_01351,63
UKPGA_2002_40__LEGV2__CH_01352,46
UKPGA_2002_40__LEGV2__CH_01353,63
UKPGA_2002_40__LEGV2__CH_01354,27
UKPGA_2002_40__LEGV2__CH_01356,32
UKPGA_2002_40__LEGV2__CH_01357,50
UKPGA_2002_40__LEGV2__CH_01358,77
UKPGA_2002_40__LEGV2__CH_01359,55
UKPGA_2002_40__LEGV2__CH_01361,39
UKPGA_2002_40__LEGV2__CH_01362,31
UKPGA_2002_40__LEGV2__CH_01364,77
UKPGA_2002_40__LEGV2__CH_01365,84
UKPGA_2002_40__LEGV2__CH_01366,38
UKPGA_2002_40__LEGV2__CH_01367,75
UKPGA_2002_40__LEGV2__CH_01368,56
UKPGA_2002_40__LEGV2__CH_01369,24
UKPGA_2002_40__LEGV2__CH_01370,28
UKPGA_2002_40__LEGV2__CH_01372,58
UKPGA_2002_40__LEGV2__CH_01373,35
UKPGA_2002_40__LEGV2__CH_01385,65
UKPGA_2002_40__LEGV2__CH_01386,42
UKPGA_2002_40__LEGV2__CH_01387,88
UKPGA_2002_40__LEGV2__CH_01388,33
UKPGA_2002_40__LEGV2__CH_01389,29
UKPGA_2002_40__LEGV2__CH_01390,33
UKPGA_2002_40__LEGV2__CH_01391,32
UKPGA_2002_40__LEGV2__CH_01392,37
UKPGA_2002_40__LEGV2__CH_01393,84
UKPGA_2002_40__LEGV2__CH_01394,38
UKPGA_2002_40__LEGV2__CH_01395,43
UKPGA_2002_40__LEGV2__CH_01396,78
UKPGA_2002_40__LEGV2__CH_01397,95
UKPGA_2002_40__LEGV2__CH_01398,78
UKPGA_2002_40__LEGV2__CH_01399,54
UKPGA_2002_40__LEGV2__CH_01400,49
UKPGA_2002_40__LEGV2__CH_01401,26
UKPGA_2002_40__LEGV2__CH_01402,112
UKPGA_2002_40__LEGV2__CH_01403,35
UKPGA_2002_40__LEGV2__CH_01404,47
UKPGA_2002_40__LEGV2__CH_01405,48
UKPGA_2002_40__LEGV2__CH_01406,26
UKPGA_2002_40__LEGV2__CH_01407,41
UKPGA_2002_40__LEGV2__CH_01408,52
UKPGA_2002_40__LEGV2__CH_01409,38
UKPGA_2002_40__LEGV2__CH_01410,63
UKPGA_2002_40__LEGV2__CH_01411,93
UKPGA_2002_40__LEGV2__CH_01412,51
UKPGA_2002_40__LEGV2__CH_01413,83
UKPGA_2002_40__LEGV2__CH_01414,61
UKPGA_2002_40__LEGV2__CH_01415,36
UKPGA_2002_40__LEGV2__CH_01416,54
UKPGA_2002_40__LEGV2__CH_01417,39
UKPGA_2002_40__LEGV2__CH_01418,45
UKPGA_2002_40__LEGV2__CH_01419,64
UKPGA_2002_40__LEGV2__CH_01420,60
UKPGA_2002_40__LEGV2__CH_01421,79
UKPGA_2002_40__LEGV2__CH_01422,48
UKPGA_2002_40__LEGV2__CH_01423,90
UKPGA_2002_40__LEGV2__CH_01424,65
UKPGA_2002_40__LEGV2__CH_01425,75
UKPGA_2002_40__LEGV2__CH_01426,61
UKPGA_2002_40__LEGV2__CH_01427,72
UKPGA_2002_40__LEGV2__CH_01428,101
UKPGA_2002_40__LEGV2__CH_01429,79
UKPGA_2002_40__LEGV2__CH_01430,81
UKPGA_2002_40__LEGV2__CH_01431,72
UKPGA_2002_40__LEGV2__CH_01432,73
UKPGA_2002_40__LEGV2__CH_01433,94
UKPGA_2002_40__LEGV2__CH_01434,46
UKPGA_2002_40__LEGV2__CH_01435,65
UKPGA_2002_40__LEGV2__CH_01436,87
UKPGA_2002_40__LEGV2__CH_01437,69
UKPGA_2002_40__LEGV2__CH_01438,121
UKPGA_2002_40__LEGV2__CH_01439,57
UKPGA_2002_40__LEGV2__CH_01440,51
UKPGA_2002_40__LEGV2__CH_01441,44
UKPGA_2002_40__LEGV2__CH_01442,59
UKPGA_2002_40__LEGV2__CH_01443,46
UKPGA_2002_40__LEGV2__CH_01444,39
UKPGA_2002_40__LEGV2__CH_01445,25
UKPGA_2002_40__LEGV2__CH_01446,21
UKPGA_2002_40__LEGV2__CH_01447,25
UKPGA_2002_40__LEGV2__CH_01448,53
UKPGA_2002_40__LEGV2__CH_01449,44
UKPGA_2002_40__LEGV2__CH_01450,30
UKPGA_2002_40__LEGV2__CH_01451,39
UKPGA_2002_40__LEGV2__CH_01452,62
UKPGA_2002_40__LEGV2__CH_01453,34
UKPGA_2002_40__LEGV2__CH_01454,47
UKPGA_2002_40__LEGV2__CH_01455,90
UKPGA_2002_40__LEGV2__CH_01456,100
UKPGA_2002_40__LEGV2__CH_01457,85
UKPGA_2002_40__LEGV2__CH_01458,87
UKPGA_2002_40__LEGV2__CH_01459,111
UKPGA_2002_40__LEGV2__CH_01460,42
UKPGA_2002_40__LEGV2__CH_01461,66
UKPGA_2002_40__LEGV2__CH_01462,107
UKPGA_2002_40__LEGV2__CH_01463,86
UKPGA_2002_40__LEGV2__CH_01464,85
UKPGA_2002_40__LEGV2__CH_01465,70
UKPGA_2002_40__LEGV2__CH_01466,72
UKPGA_2002_40__LEGV2__CH_01467,43
UKPGA_2002_40__LEGV2__CH_01468,41
UKPGA_2002_40__LEGV2__CH_01469,45
UKPGA_2002_40__LEGV2__CH_01471,35
UKPGA_2002_40__LEGV2__CH_01472,46
UKPGA_2002_40__LEGV2__CH_01473,49
UKPGA_2002_40__LEGV2__CH_01474,57
UKPGA_2002_40__LEGV2__CH_01475,34
UKPGA_2002_40__LEGV2__CH_01476,27
UKPGA_2002_40__LEGV2__CH_01478,25
UKPGA_2002_40__LEGV2__CH_01479,30
UKPGA_2002_40__LEGV2__CH_01480,31
UKPGA_2002_40__LEGV2__CH_01481,30
UKPGA_2002_40__LEGV2__CH_01482,27
UKPGA_2002_40__LEGV2__CH_01483,34
UKPGA_2002_40__LEGV2__CH_01484,37
UKPGA_2002_40__LEGV2__CH_01486,23
UKPGA_2002_40__LEGV2__CH_01487,24
UKPGA_2002_40__LEGV2__CH_01488,37
UKPGA_2002_40__LEGV2__CH_01490,64
UKPGA_2002_40__LEGV2__CH_01492,25
UKPGA_2002_40__LEGV2__CH_01493,73
UKPGA_2002_40__LEGV2__CH_01495,32
UKPGA_2002_40__LEGV2__CH_01496,56
UKPGA_2002_40__LEGV2__CH_01497,58
UKPGA_2002_40__LEGV2__CH_01498,29
UKPGA_2002_40__LEGV2__CH_01499,25
UKPGA_2002_40__LEGV2__CH_01500,36
UKPGA_2002_40__LEGV2__CH_01501,22
UKPGA_2002_40__LEGV2__CH_01503,38
UKPGA_2002_40__LEGV2__CH_01504,80
UKPGA_2002_40__LEGV2__CH_01505,52
UKPGA_2002_40__LEGV2__CH_01506,96
UKPGA_2002_40__LEGV2__CH_01507,100
UKPGA_2002_40__LEGV2__CH_01508,40
UKPGA_2002_40__LEGV2__CH_01509,85
UKPGA_2002_40__LEGV2__CH_01510,42
UKPGA_2002_40__LEGV2__CH_01511,67
UKPGA_2002_40__LEGV2__CH_01512,31
UKPGA_2002_40__LEGV2__CH_01513,37
UKPGA_2002_40__LEGV2__CH_01514,60
UKPGA_2002_40__LEGV2__CH_01515,37
UKPGA_2002_40__LEGV2__CH_01516,102
UKPGA_2002_40__LEGV2__CH_01517,32
UKPGA_2002_40__LEGV2__CH_01518,51
UKPGA_2002_40__LEGV2__CH_01519,89
UKPGA_2002_40__LEGV2__CH_01520,39
UKPGA_2002_40__LEGV2__CH_01521,51
UKPGA_2002_40__LEGV2__CH_01522,53
UKPGA_2002_40__LEGV2__CH_01523,66
UKPGA_2002_40__LEGV2__CH_01524,95
UKPGA_2002_40__LEGV2__CH_01525,57
UKPGA_2002_40__LEGV2__CH_01526,59
UKPGA_2002_40__LEGV2__CH_01528,54
UKPGA_2002_40__LEGV2__CH_01529,30
UKPGA_2002_40__LEGV2__CH_01530,56
UKPGA_2002_40__LEGV2__CH_01531,62
UKPGA_2002_40__LEGV2__CH_01532,56
UKPGA_2002_40__LEGV2__CH_01533,43
UKPGA_2002_40__LEGV2__CH_01534,66
UKPGA_2002_40__LEGV2__CH_01535,53
UKPGA_2002_40__LEGV2__CH_01536,40
UKPGA_2002_40__LEGV2__CH_01537,53
UKPGA_2002_40__LEGV2__CH_01538,48
UKPGA_2002_40__LEGV2__CH_01539,42
UKPGA_2002_40__LEGV2__CH_01540,35
UKPGA_2002_40__LEGV2__CH_01541,55
UKPGA_2002_40__LEGV2__CH_01543,44
UKPGA_2002_40__LEGV2__CH_01545,29
UKPGA_2002_40__LEGV2__CH_01546,25
UKPGA_2002_40__LEGV2__CH_01547__M,44
UKPGA_2002_40__LEGV2__CH_01549,87
UKPGA_2002_40__LEGV2__CH_01550,65
UKPGA_2002_40__LEGV2__CH_01551,48
UKPGA_2002_40__LEGV2__CH_01552,45
UKPGA_2002_40__LEGV2__CH_01553,41
UKPGA_2002_40__LEGV2__CH_01554__M,90
UKPGA_2002_40__LEGV2__CH_01556,51
UKPGA_2002_40__LEGV2__CH_01557,59
UKPGA_2002_40__LEGV2__CH_01558,85
UKPGA_2002_40__LEGV2__CH_01559,40
UKPGA_2002_40__LEGV2__CH_01560,86
UKPGA_2002_40__LEGV2__CH_01561,86
UKPGA_2002_40__LEGV2__CH_01562,45
UKPGA_2002_40__LEGV2__CH_01563,42
UKPGA_2002_40__LEGV2__CH_01564,81
UKPGA_2002_40__LEGV2__CH_01566,46
UKPGA_2002_40__LEGV2__CH_01567,39
UKPGA_2002_40__LEGV2__CH_01569,52
UKPGA_2002_40__LEGV2__CH_01570,44
UKPGA_2002_40__LEGV2__CH_01571,59
UKPGA_2002_40__LEGV2__CH_01572,64
UKPGA_2002_40__LEGV2__CH_01573,68
UKPGA_2002_40__LEGV2__CH_01574,80
UKPGA_2002_40__LEGV2__CH_01576,58
UKPGA_2002_40__LEGV2__CH_01577,64
UKPGA_2002_40__LEGV2__CH_01579,61
UKPGA_2002_40__LEGV2__CH_01580,91
UKPGA_2002_40__LEGV2__CH_01581,47
UKPGA_2002_40__LEGV2__CH_01582,70
UKPGA_2002_40__LEGV2__CH_01584,49
UKPGA_2002_40__LEGV2__CH_01585,49
UKPGA_2002_40__LEGV2__CH_01586,63
UKPGA_2002_40__LEGV2__CH_01587,90
UKPGA_2002_40__LEGV2__CH_01588,107
UKPGA_2002_40__LEGV2__CH_01589,44
UKPGA_2002_40__LEGV2__CH_01590,60
UKPGA_2002_40__LEGV2__CH_01591,43
UKPGA_2002_40__LEGV2__CH_01592,72
UKPGA_2002_40__LEGV2__CH_01593,41
UKPGA_2002_40__LEGV2__CH_01594,37
UKPGA_2002_40__LEGV2__CH_01595,116
UKPGA_2002_40__LEGV2__CH_01596__M,36
UKPGA_2002_40__LEGV2__CH_01598,51
UKPGA_2002_40__LEGV2__CH_01599,66
UKPGA_2002_40__LEGV2__CH_01600,84
UKPGA_2002_40__LEGV2__CH_01601,113
UKPGA_2002_40__LEGV2__CH_01602,48
UKPGA_2002_40__LEGV2__CH_01603,54
UKPGA_2002_40__LEGV2__CH_01604,53
UKPGA_2002_40__LEGV2__CH_01605,32
UKPGA_2002_40__LEGV2__CH_01606,128
UKPGA_2002_40__LEGV2__CH_01607,42
UKPGA_2002_40__LEGV2__CH_01608,73
UKPGA_2002_40__LEGV2__CH_01609,62
UKPGA_2002_40__LEGV2__CH_01610,61
UKPGA_2002_40__LEGV2__CH_01611,94
UKPGA_2002_40__LEGV2__CH_01612,66
UKPGA_2002_40__LEGV2__CH_01613,39
UKPGA_2002_40__LEGV2__CH_01614,55
UKPGA_2002_40__LEGV2__CH_01615,69
UKPGA_2002_40__LEGV2__CH_01616,46
UKPGA_2002_40__LEGV2__CH_01617,80
UKPGA_2002_40__LEGV2__CH_01618,52
UKPGA_2002_40__LEGV2__CH_01619,76
UKPGA_2002_40__LEGV2__CH_01620,58
UKPGA_2002_40__LEGV2__CH_01621,59
UKPGA_2002_40__LEGV2__CH_01622,37
UKPGA_2002_40__LEGV2__CH_01623,50
UKPGA_2002_40__LEGV2__CH_01624,79
UKPGA_2002_40__LEGV2__CH_01626,44
UKPGA_2002_40__LEGV2__CH_01627,103
UKPGA_2002_40__LEGV2__CH_01628,32
UKPGA_2002_40__LEGV2__CH_01629,77
UKPGA_2002_40__LEGV2__CH_01630,43
UKPGA_2002_40__LEGV2__CH_01631,81
UKPGA_2002_40__LEGV2__CH_01632,63
UKPGA_2002_40__LEGV2__CH_01633,44
UKPGA_2002_40__LEGV2__CH_01634,61
UKPGA_2002_40__LEGV2__CH_01635,75
UKPGA_2002_40__LEGV2__CH_01636,41
UKPGA_2002_40__LEGV2__CH_01637,40
UKPGA_2002_40__LEGV2__CH_01638,85
UKPGA_2002_40__LEGV2__CH_01639,51
UKPGA_2002_40__LEGV2__CH_01640,52
UKPGA_2002_40__LEGV2__CH_01641,56
UKPGA_2002_40__LEGV2__CH_01642,45
UKPGA_2002_40__LEGV2__CH_01643,53
UKPGA_2002_40__LEGV2__CH_01644,52
UKPGA_2002_40__LEGV2__CH_01645,61
UKPGA_2002_40__LEGV2__CH_01646,90
UKPGA_2002_40__LEGV2__CH_01647,65
UKPGA_2002_40__LEGV2__CH_01648,38
UKPGA_2002_40__LEGV2__CH_01649,40
UKPGA_2002_40__LEGV2__CH_01650,47
UKPGA_2002_40__LEGV2__CH_01651,46
UKPGA_2002_40__LEGV2__CH_01652,43
UKPGA_2002_40__LEGV2__CH_01653,52
UKPGA_2002_40__LEGV2__CH_01654,40
UKPGA_2002_40__LEGV2__CH_01655,34
UKPGA_2002_40__LEGV2__CH_01656,57
UKPGA_2002_40__LEGV2__CH_01657,47
UKPGA_2002_40__LEGV2__CH_01658,59
UKPGA_2002_40__LEGV2__CH_01659,64
UKPGA_2002_40__LEGV2__CH_01660,44
UKPGA_2002_40__LEGV2__CH_01661,45
UKPGA_2002_40__LEGV2__CH_01662,42
UKPGA_2002_40__LEGV2__CH_01663,51
UKPGA_2002_40__LEGV2__CH_01664,104
UKPGA_2002_40__LEGV2__CH_01665,32
UKPGA_2002_40__LEGV2__CH_01666,54
UKPGA_2002_40__LEGV2__CH_01667,64
UKPGA_2002_40__LEGV2__CH_01668,47
UKPGA_2002_40__LEGV2__CH_01669,55
UKPGA_2002_40__LEGV2__CH_01670,53
UKPGA_2002_40__LEGV2__CH_01671,37
UKPGA_2002_40__LEGV2__CH_01672,41
UKPGA_2002_40__LEGV2__CH_01673,79
UKPGA_2002_40__LEGV2__CH_01674,42
UKPGA_2002_40__LEGV2__CH_01675,36
UKPGA_2002_40__LEGV2__CH_01676,46
UKPGA_2002_40__LEGV2__CH_01677,41
UKPGA_2002_40__LEGV2__CH_01678,69
UKPGA_2002_40__LEGV2__CH_01679,39
UKPGA_2002_40__LEGV2__CH_01680,46
UKPGA_2002_40__LEGV2__CH_01681,37
UKPGA_2002_40__LEGV2__CH_01682,53
UKPGA_2002_40__LEGV2__CH_01683,41
UKPGA_2002_40__LEGV2__CH_01684,54
UKPGA_2002_40__LEGV2__CH_01685,49
UKPGA_2002_40__LEGV2__CH_01686,57
UKPGA_2002_40__LEGV2__CH_01687,38
UKPGA_2002_40__LEGV2__CH_01688,35
UKPGA_2002_40__LEGV2__CH_01689,43
UKPGA_2002_40__LEGV2__CH_01690,49
UKPGA_2002_40__LEGV2__CH_01691,42
UKPGA_2002_40__LEGV2__CH_01692,54
UKPGA_2002_40__LEGV2__CH_01693,39
UKPGA_2002_40__LEGV2__CH_01694,51
UKPGA_2002_40__LEGV2__CH_01695,66
UKPGA_2002_40__LEGV2__CH_01696,64
UKPGA_2002_40__LEGV2__CH_01697,62
UKPGA_2002_40__LEGV2__CH_01698,87
UKPGA_2002_40__LEGV2__CH_01699,52
UKPGA_2002_40__LEGV2__CH_01700,40
UKPGA_2002_40__LEGV2__CH_01701,73
UKPGA_2002_40__LEGV2__CH_01703,43
UKPGA_2002_40__LEGV2__CH_01704,63
UKPGA_2002_40__LEGV2__CH_01705,60
UKPGA_2002_40__LEGV2__CH_01706,54
UKPGA_2002_40__LEGV2__CH_01707,32
UKPGA_2002_40__LEGV2__CH_01708,58
UKPGA_2002_40__LEGV2__CH_01709,49
UKPGA_2002_40__LEGV2__CH_01710,48
UKPGA_2002_40__LEGV2__CH_01711,58
UKPGA_2002_40__LEGV2__CH_01712,53
UKPGA_2002_40__LEGV2__CH_01713,62
UKPGA_2002_40__LEGV2__CH_01714,66
UKPGA_2002_40__LEGV2__CH_01715,91
UKPGA_2002_40__LEGV2__CH_01716,41
UKPGA_2002_40__LEGV2__CH_01717,55
UKPGA_2002_40__LEGV2__CH_01718,54
UKPGA_2002_40__LEGV2__CH_01719,46
UKPGA_2002_40__LEGV2__CH_01721,64
UKPGA_2002_40__LEGV2__CH_01722,45
UKPGA_2002_40__LEGV2__CH_01723,51
UKPGA_2002_40__LEGV2__CH_01724,61
UKPGA_2002_40__LEGV2__CH_01725,35
UKPGA_2002_40__LEGV2__CH_01726,52
UKPGA_2002_40__LEGV2__CH_01727,41
UKPGA_2002_40__LEGV2__CH_01728,47
UKPGA_2002_40__LEGV2__CH_01729,68
UKPGA_2002_40__LEGV2__CH_01730,69
UKPGA_2002_40__LEGV2__CH_01732,52
UKPGA_2002_40__LEGV2__CH_01733,49
UKPGA_2002_40__LEGV2__CH_01734,50
UKPGA_2002_40__LEGV2__CH_01735,42
UKPGA_2002_40__LEGV2__CH_01736,46
UKPGA_2002_40__LEGV2__CH_01738,46
UKPGA_2002_40__LEGV2__CH_01739,47
UKPGA_2002_40__LEGV2__CH_01740,60
UKPGA_2002_40__LEGV2__CH_01741,60
UKPGA_2002_40__LEGV2__CH_01743,43
UKPGA_2002_40__LEGV2__CH_01745,78
UKPGA_2002_40__LEGV2__CH_01746,37
UKPGA_2002_40__LEGV2__CH_01747,33
UKPGA_2002_40__LEGV2__CH_01748,40
UKPGA_2002_40__LEGV2__CH_01749,46
UKPGA_2002_40__LEGV2__CH_01750,40
UKPGA_2002_40__LEGV2__CH_01751,49
UKPGA_2002_40__LEGV2__CH_01752,30
UKPGA_2002_40__LEGV2__CH_01753,53
UKPGA_2002_40__LEGV2__CH_01754,91
UKPGA_2002_40__LEGV2__CH_01755,21
UKPGA_2002_40__LEGV2__CH_01756,33
UKPGA_2002_40__LEGV2__CH_01757,34
UKPGA_2002_40__LEGV2__CH_01758,31
UKPGA_2002_40__LEGV2__CH_01759,42
UKPGA_2002_40__LEGV2__CH_01760,67
UKPGA_2002_40__LEGV2__CH_01762,60
UKPGA_2002_40__LEGV2__CH_01763,53
UKPGA_2002_40__LEGV2__CH_01764,35
UKPGA_2002_40__LEGV2__CH_01765,58
UKPGA_2002_40__LEGV2__CH_01766,42
UKPGA_2002_40__LEGV2__CH_01767,66
UKPGA_2002_40__LEGV2__CH_01768,53
UKPGA_2002_40__LEGV2__CH_01769,42
UKPGA_2002_40__LEGV2__CH_01770,63
UKPGA_2002_40__LEGV2__CH_01771,49
UKPGA_2002_40__LEGV2__CH_01772,53
UKPGA_2002_40__LEGV2__CH_01773,52
UKPGA_2002_40__LEGV2__CH_01774,48
UKPGA_2002_40__LEGV2__CH_01775,51
UKPGA_2002_40__LEGV2__CH_01776,73
UKPGA_2002_40__LEGV2__CH_01777,53
UKPGA_2002_40__LEGV2__CH_01778,82
UKPGA_2002_40__LEGV2__CH_01779,97
UKPGA_2002_40__LEGV2__CH_01780,77
UKPGA_2002_40__LEGV2__CH_01781,103
UKPGA_2002_40__LEGV2__CH_01782,71
UKPGA_2002_40__LEGV2__CH_01783,45
UKPGA_2002_40__LEGV2__CH_01784,58
UKPGA_2002_40__LEGV2__CH_01785,43
UKPGA_2002_40__LEGV2__CH_01786,53
UKPGA_2002_40__LEGV2__CH_01787,66
UKPGA_2002_40__LEGV2__CH_01788,38
UKPGA_2002_40__LEGV2__CH_01789,34
UKPGA_2002_40__LEGV2__CH_01790,64
UKPGA_2002_40__LEGV2__CH_01791,26
UKPGA_2002_40__LEGV2__CH_01792,32
UKPGA_2002_40__LEGV2__CH_01793,41
UKPGA_2002_40__LEGV2__CH_01794,24
UKPGA_2002_40__LEGV2__CH_01795,73
UKPGA_2002_40__LEGV2__CH_01796,28
UKPGA_2002_40__LEGV2__CH_01798,30
UKPGA_2002_40__LEGV2__CH_01800,38
UKPGA_2002_40__LEGV2__CH_01801,46
UKPGA_2002_40__LEGV2__CH_01802,40
UKPGA_2002_40__LEGV2__CH_01803,53
UKPGA_2002_40__LEGV2__CH_01804,41
UKPGA_2002_40__LEGV2__CH_01805,43
UKPGA_2002_40__LEGV2__CH_01806,35
UKPGA_2002_40__LEGV2__CH_01807,46
UKPGA_2002_40__LEGV2__CH_01808,49
UKPGA_2002_40__LEGV2__CH_01809,59
UKPGA_2002_40__LEGV2__CH_01810,44
UKPGA_2002_40__LEGV2__CH_01811,76
UKPGA_2002_40__LEGV2__CH_01819,59
UKPGA_2002_40__LEGV2__CH_01820,30
UKPGA_2002_40__LEGV2__CH_01821,75
UKPGA_2002_40__LEGV2__CH_01822,64
UKPGA_2002_40__LEGV2__CH_01823,89
UKPGA_2002_40__LEGV2__CH_01824,42
UKPGA_2002_40__LEGV2__CH_01825,39
UKPGA_2002_40__LEGV2__CH_01826,58
UKPGA_2002_40__LEGV2__CH_01827,73
UKPGA_2002_40__LEGV2__CH_01828,62
UKPGA_2002_40__LEGV2__CH_01830,45
UKPGA_2002_40__LEGV2__CH_01831,45
UKPGA_2002_40__LEGV2__CH_01832,71
UKPGA_2002_40__LEGV2__CH_01833,57
UKPGA_2002_40__LEGV2__CH_01834,36
UKPGA_2002_40__LEGV2__CH_01835,54
UKPGA_2002_40__LEGV2__CH_01836,54
UKPGA_2002_40__LEGV2__CH_01837,45
UKPGA_2002_40__LEGV2__CH_01838,36
UKPGA_2002_40__LEGV2__CH_01839,47
UKPGA_2002_40__LEGV2__CH_01840,35
UKPGA_2002_40__LEGV2__CH_01841,54
UKPGA_2002_40__LEGV2__CH_01842,43
UKPGA_2002_40__LEGV2__CH_01844,56
UKPGA_2002_40__LEGV2__CH_01845,35
UKPGA_2002_40__LEGV2__CH_01846,69
UKPGA_2002_40__LEGV2__CH_01847,65
UKPGA_2002_40__LEGV2__CH_01848,47
UKPGA_2002_40__LEGV2__CH_01849,51
UKPGA_2002_40__LEGV2__CH_01850,52
UKPGA_2002_40__LEGV2__CH_01851,81
UKPGA_2002_40__LEGV2__CH_01852,80
UKPGA_2002_40__LEGV2__CH_01853,65
UKPGA_2002_40__LEGV2__CH_01854,52
UKPGA_2002_40__LEGV2__CH_01855,54
UKPGA_2002_40__LEGV2__CH_01856,54
UKPGA_2002_40__LEGV2__CH_01857,52
UKPGA_2002_40__LEGV2__CH_01858,32
UKPGA_2002_40__LEGV2__CH_01859,43
UKPGA_2002_40__LEGV2__CH_01860,42
UKPGA_2002_40__LEGV2__CH_01861,58
UKPGA_2002_40__LEGV2__CH_01862,69
UKPGA_2002_40__LEGV2__CH_01865__M,89
UKPGA_2002_40__LEGV2__CH_01867,36
UKPGA_2002_40__LEGV2__CH_01868,37
UKPGA_2002_40__LEGV2__CH_01869__M,40
UKPGA_2002_40__LEGV2__CH_01871,35
UKPGA_2002_40__LEGV2__CH_01872,47
UKPGA_2002_40__LEGV2__CH_01873,30
UKPGA_2002_40__LEGV2__CH_01874,53
UKPGA_2002_40__LEGV2__CH_01875,39
UKPGA_2002_40__LEGV2__CH_01876,61
UKPGA_2002_40__LEGV2__CH_01877,38
UKPGA_2002_40__LEGV2__CH_01878,29
UKPGA_2002_40__LEGV2__CH_01879,36
UKPGA_2002_40__LEGV2__CH_01880,65
UKPGA_2002_40__LEGV2__CH_01881,50
UKPGA_2002_40__LEGV2__CH_01882,61
UKPGA_2002_40__LEGV2__CH_01883,51
UKPGA_2002_40__LEGV2__CH_01884,41
UKPGA_2002_40__LEGV2__CH_01885,34
UKPGA_2002_40__LEGV2__CH_01886,49
UKPGA_2002_40__LEGV2__CH_01889,40
UKPGA_2002_40__LEGV2__CH_01890,60
UKPGA_2002_40__LEGV2__CH_01893,49
UKPGA_2002_40__LEGV2__CH_01894,41
UKPGA_2002_40__LEGV2__CH_01895,46
UKPGA_2002_40__LEGV2__CH_01896,39
UKPGA_2002_40__LEGV2__CH_01897,49
UKPGA_2002_40__LEGV2__CH_01898,48
UKPGA_2002_40__LEGV2__CH_01899,49
UKPGA_2002_40__LEGV2__CH_01900,44
UKPGA_2002_40__LEGV2__CH_01901,28
UKPGA_2002_40__LEGV2__CH_01902,39
UKPGA_2002_40__LEGV2__CH_01903,63
UKPGA_2002_40__LEGV2__CH_01904,36
UKPGA_2002_40__LEGV2__CH_01906,71
UKPGA_2002_40__LEGV2__CH_01907,32
UKPGA_2002_40__LEGV2__CH_01909,49
UKPGA_2002_40__LEGV2__CH_01910,70
UKPGA_2002_40__LEGV2__CH_01911,62
UKPGA_2002_40__LEGV2__CH_01912,56
UKPGA_2002_40__LEGV2__CH_01915,56
UKPGA_2002_40__LEGV2__CH_01916,51
UKPGA_2002_40__LEGV2__CH_01917,65
UKPGA_2002_40__LEGV2__CH_01918,73
UKPGA_2002_40__LEGV2__CH_01919,61
UKPGA_2002_40__LEGV2__CH_01920,60
UKPGA_2002_40__LEGV2__CH_01921,65
UKPGA_2002_40__LEGV2__CH_01922,46
UKPGA_2002_40__LEGV2__CH_01923,34
UKPGA_2002_40__LEGV2__CH_01924,43
UKPGA_2002_40__LEGV2__CH_01925,52
UKPGA_2002_40__LEGV2__CH_01926,39
UKPGA_2002_40__LEGV2__CH_01927,64
UKPGA_2002_40__LEGV2__CH_01928,66
UKPGA_2002_40__LEGV2__CH_01931,59
UKPGA_2002_40__LEGV2__CH_01932,55
UKPGA_2002_40__LEGV2__CH_01933,74
UKPGA_2002_40__LEGV2__CH_01934,81
UKPGA_2002_40__LEGV2__CH_01935,68
UKPGA_2002_40__LEGV2__CH_01936,60
UKPGA_2002_40__LEGV2__CH_01939,58
UKPGA_2002_40__LEGV2__CH_01940,62
UKPGA_2002_40__LEGV2__CH_01943,48
UKPGA_2002_40__LEGV2__CH_01944,59
UKPGA_2002_40__LEGV2__CH_01945,56
UKPGA_2002_40__LEGV2__CH_01946,64
UKPGA_2002_40__LEGV2__CH_01947,59
UKPGA_2002_40__LEGV2__CH_01948,51
UKPGA_2002_40__LEGV2__CH_01949,54
UKPGA_2002_40__LEGV2__CH_01950,83
UKPGA_2002_40__LEGV2__CH_01951,44
UKPGA_2002_40__LEGV2__CH_01952,68
UKPGA_2002_40__LEGV2__CH_01953,93
UKPGA_2002_40__LEGV2__CH_01954,71
UKPGA_2002_40__LEGV2__CH_01955,45
UKPGA_2002_40__LEGV2__CH_01957,47
UKPGA_2002_40__LEGV2__CH_01958,51
UKPGA_2002_40__LEGV2__CH_01959,67
UKPGA_2002_40__LEGV2__CH_01960,70
UKPGA_2002_40__LEGV2__CH_01961,47
UKPGA_2002_40__LEGV2__CH_01962,62
UKPGA_2002_40__LEGV2__CH_01963,50
UKPGA_2002_40__LEGV2__CH_01964,56
UKPGA_2002_40__LEGV2__CH_01965,101
UKPGA_2002_40__LEGV2__CH_01966,87
UKPGA_2002_40__LEGV2__CH_01967,47
UKPGA_2002_40__LEGV2__CH_01968,77
UKPGA_2002_40__LEGV2__CH_01969,88
UKPGA_2002_40__LEGV2__CH_01970,73
UKPGA_2002_40__LEGV2__CH_01971,46
UKPGA_2002_40__LEGV2__CH_01972,42
UKPGA_2002_40__LEGV2__CH_01973,76
UKPGA_2002_40__LEGV2__CH_01974,77
UKPGA_2002_40__LEGV2__CH_01975,86
UKPGA_2002_40__LEGV2__CH_01976,41
UKPGA_2002_40__LEGV2__CH_01977,34
UKPGA_2002_40__LEGV2__CH_01978,55
UKPGA_2002_40__LEGV2__CH_01979,62
UKPGA_2002_40__LEGV2__CH_01981,70
UKPGA_2002_40__LEGV2__CH_01982,51
UKPGA_2002_40__LEGV2__CH_01983,68
UKPGA_2002_40__LEGV2__CH_01984,89
UKPGA_2002_40__LEGV2__CH_01985,85
UKPGA_2002_40__LEGV2__CH_01986,135
UKPGA_2002_40__LEGV2__CH_01987,32
UKPGA_2002_40__LEGV2__CH_01988,63
UKPGA_2002_40__LEGV2__CH_01989,77
UKPGA_2002_40__LEGV2__CH_01990,29
UKPGA_2002_40__LEGV2__CH_01991,47
UKPGA_2002_40__LEGV2__CH_01992,48
UKPGA_2002_40__LEGV2__CH_01993,41
UKPGA_2002_40__LEGV2__CH_01994,47
UKPGA_2002_40__LEGV2__CH_01995,69
UKPGA_2002_40__LEGV2__CH_01996,57
UKPGA_2002_40__LEGV2__CH_01997,41
UKPGA_2002_40__LEGV2__CH_01998,54
UKPGA_2002_40__LEGV2__CH_01999,73
UKPGA_2002_40__LEGV2__CH_02000,48
UKPGA_2002_40__LEGV2__CH_02001,42
UKPGA_2002_40__LEGV2__CH_02002,35
UKPGA_2002_40__LEGV2__CH_02003,29
UKPGA_2002_40__LEGV2__CH_02004__M,36
UKPGA_2002_40__LEGV2__CH_02006,35
UKPGA_2002_40__LEGV2__CH_02007,44
UKPGA_2002_40__LEGV2__CH_02008,31
UKPGA_2002_40__LEGV2__CH_02009__M,52
UKPGA_2002_40__LEGV2__CH_02011,33
UKPGA_2002_40__LEGV2__CH_02012,49
UKPGA_2002_40__LEGV2__CH_02013,50
UKPGA_2002_40__LEGV2__CH_02014,90
UKPGA_2002_40__LEGV2__CH_02015,62
UKPGA_2002_40__LEGV2__CH_02016,48
UKPGA_2002_40__LEGV2__CH_02017,56
UKPGA_2002_40__LEGV2__CH_02018,58
UKPGA_2002_40__LEGV2__CH_02019,45
UKPGA_2002_40__LEGV2__CH_02020,36
UKPGA_2002_40__LEGV2__CH_02021,38
UKPGA_2002_40__LEGV2__CH_02022,40
UKPGA_2002_40__LEGV2__CH_02023,24
UKPGA_2002_40__LEGV2__CH_02024,36
UKPGA_2002_40__LEGV2__CH_02025,31
UKPGA_2002_40__LEGV2__CH_02026,36
UKPGA_2002_40__LEGV2__CH_02027,43
UKPGA_2002_40__LEGV2__CH_02028,25
UKPGA_2002_40__LEGV2__CH_02029,46
UKPGA_2002_40__LEGV2__CH_02030,72
UKPGA_2002_40__LEGV2__CH_02031,33
UKPGA_2002_40__LEGV2__CH_02032,66
UKPGA_2002_40__LEGV2__CH_02033,48
UKPGA_2002_40__LEGV2__CH_02034,60
UKPGA_2002_40__LEGV2__CH_02035,35
UKPGA_2002_40__LEGV2__CH_02036,80
UKPGA_2002_40__LEGV2__CH_02037,63
UKPGA_2002_40__LEGV2__CH_02039,45
UKPGA_2002_40__LEGV2__CH_02040,42
UKPGA_2002_40__LEGV2__CH_02041,47
UKPGA_2002_40__LEGV2__CH_02042,47
UKPGA_2002_40__LEGV2__CH_02043,31
UKPGA_2002_40__LEGV2__CH_02044,51
UKPGA_2002_40__LEGV2__CH_02045,45
UKPGA_2002_40__LEGV2__CH_02046,28
UKPGA_2002_40__LEGV2__CH_02047,50
UKPGA_2002_40__LEGV2__CH_02048,63
UKPGA_2002_40__LEGV2__CH_02049,46
UKPGA_2002_40__LEGV2__CH_02050,51
UKPGA_2002_40__LEGV2__CH_02051,42
UKPGA_2002_40__LEGV2__CH_02052,36
UKPGA_2002_40__LEGV2__CH_02053,57
UKPGA_2002_40__LEGV2__CH_02054,72
UKPGA_2002_40__LEGV2__CH_02055,45
UKPGA_2002_40__LEGV2__CH_02056,43
UKPGA_2002_40__LEGV2__CH_02057,62
UKPGA_2002_40__LEGV2__CH_02058,78
UKPGA_2002_40__LEGV2__CH_02061,55
UKPGA_2002_40__LEGV2__CH_02063,43
UKPGA_2002_40__LEGV2__CH_02064,31
UKPGA_2002_40__LEGV2__CH_02065,35
UKPGA_2002_40__LEGV2__CH_02066,53
UKPGA_2002_40__LEGV2__CH_02067,48
UKPGA_2002_40__LEGV2__CH_02069,54
UKPGA_2002_40__LEGV2__CH_02070,53
UKPGA_2002_40__LEGV2__CH_02071,63
UKPGA_2002_40__LEGV2__CH_02072,43
UKPGA_2002_40__LEGV2__CH_02073,57
UKPGA_2002_40__LEGV2__CH_02074,52
UKPGA_2002_40__LEGV2__CH_02075,42
UKPGA_2002_40__LEGV2__CH_02076,46
UKPGA_2002_40__LEGV2__CH_02077,59
UKPGA_2002_40__LEGV2__CH_02078,34
UKPGA_2002_40__LEGV2__CH_02079,59
UKPGA_2002_40__LEGV2__CH_02080,48
UKPGA_2002_40__LEGV2__CH_02081,36
UKPGA_2002_40__LEGV2__CH_02082,42
UKPGA_2002_40__LEGV2__CH_02083,53
UKPGA_2002_40__LEGV2__CH_02084,52
UKPGA_2002_40__LEGV2__CH_02085,52
UKPGA_2002_40__LEGV2__CH_02086,41
UKPGA_2002_40__LEGV2__CH_02087,54
UKPGA_2002_40__LEGV2__CH_02088,54
UKPGA_2002_40__LEGV2__CH_02089,42
UKPGA_2002_40__LEGV2__CH_02090,38
UKPGA_2002_40__LEGV2__CH_02091,48
UKPGA_2002_40__LEGV2__CH_02092,59
UKPGA_2002_40__LEGV2__CH_02094,57
UKPGA_2002_40__LEGV2__CH_02095,37
UKPGA_2002_40__LEGV2__CH_02096,49
UKPGA_2002_40__LEGV2__CH_02097,54
UKPGA_2002_40__LEGV2__CH_02098,52
UKPGA_2002_40__LEGV2__CH_02099,67
UKPGA_2002_40__LEGV2__CH_02101,57
UKPGA_2002_40__LEGV2__CH_02102,41
UKPGA_2002_40__LEGV2__CH_02105,69
UKPGA_2002_40__LEGV2__CH_02106,48
UKPGA_2002_40__LEGV2__CH_02107,52
UKPGA_2002_40__LEGV2__CH_02108,59
UKPGA_2002_40__LEGV2__CH_02110,40
UKPGA_2002_40__LEGV2__CH_02111,47
UKPGA_2002_40__LEGV2__CH_02112,39
UKPGA_2002_40__LEGV2__CH_02113,64
UKPGA_2002_40__LEGV2__CH_02114,49
UKPGA_2002_40__LEGV2__CH_02115,38
UKPGA_2002_40__LEGV2__CH_02116,50
UKPGA_2002_40__LEGV2__CH_02117,103
UKPGA_2002_40__LEGV2__CH_02118,43
UKPGA_2002_40__LEGV2__CH_02119,62
UKPGA_2002_40__LEGV2__CH_02120,79
UKPGA_2002_40__LEGV2__CH_02121,48
UKPGA_2002_40__LEGV2__CH_02122,55
UKPGA_2002_40__LEGV2__CH_02123,50
UKPGA_2002_40__LEGV2__CH_02124,92
UKPGA_2002_40__LEGV2__CH_02125,57
UKPGA_2002_40__LEGV2__CH_02126,63
UKPGA_2002_40__LEGV2__CH_02127,112
UKPGA_2002_40__LEGV2__CH_02129,44
UKPGA_2002_40__LEGV2__CH_02130,53
UKPGA_2002_40__LEGV2__CH_02131,45
UKPGA_2002_40__LEGV2__CH_02132,70
UKPGA_2002_40__LEGV2__CH_02133,81
UKPGA_2002_40__LEGV2__CH_02134,98
UKPGA_2002_40__LEGV2__CH_02135,105
UKPGA_2002_40__LEGV2__CH_02136,53
UKPGA_2002_40__LEGV2__CH_02137,66
UKPGA_2002_40__LEGV2__CH_02138,71
UKPGA_2002_40__LEGV2__CH_02139,52
UKPGA_2002_40__LEGV2__CH_02140,48
UKPGA_2002_40__LEGV2__CH_02141,52
UKPGA_2002_40__LEGV2__CH_02142,42
UKPGA_2002_40__LEGV2__CH_02144,58
UKPGA_2002_40__LEGV2__CH_02145,36
UKPGA_2002_40__LEGV2__CH_02146__M,37
UKPGA_2002_40__LEGV2__CH_02151,35
UKPGA_2002_40__LEGV2__CH_02152,33
UKPGA_2002_40__LEGV2__CH_02155,40
UKPGA_2002_40__LEGV2__CH_02156,87
UKPGA_2002_40__LEGV2__CH_02157,75
UKPGA_2002_40__LEGV2__CH_02158,53
UKPGA_2002_40__LEGV2__CH_02159,49
UKPGA_2002_40__LEGV2__CH_02160,69
UKPGA_2002_40__LEGV2__CH_02163,40
UKPGA_2002_40__LEGV2__CH_02164,75
UKPGA_2002_40__LEGV2__CH_02166,35
UKPGA_2002_40__LEGV2__CH_02167,32
UKPGA_2002_40__LEGV2__CH_02168,44
UKPGA_2002_40__LEGV2__CH_02169,45
UKPGA_2002_40__LEGV2__CH_02170,24
UKPGA_2002_40__LEGV2__CH_02171,46
UKPGA_2002_40__LEGV2__CH_02172,93
UKPGA_2002_40__LEGV2__CH_02175,46
UKPGA_2002_40__LEGV2__CH_02176,52
UKPGA_2002_40__LEGV2__CH_02177,47
UKPGA_2002_40__LEGV2__CH_02178,32
UKPGA_2002_40__LEGV2__CH_02179,39
UKPGA_2002_40__LEGV2__CH_02180,43
UKPGA_2002_40__LEGV2__CH_02181,33
UKPGA_2002_40__LEGV2__CH_02182,33
UKPGA_2002_40__LEGV2__CH_02183,46
UKPGA_2002_40__LEGV2__CH_02184,26
UKPGA_2002_40__LEGV2__CH_02185__M,37
UKPGA_2002_40__LEGV2__CH_02187,36
UKPGA_2002_40__LEGV2__CH_02188,46
UKPGA_2002_40__LEGV2__CH_02189,31
UKPGA_2002_40__LEGV2__CH_02190,79
UKPGA_2002_40__LEGV2__CH_02191,57
UKPGA_2002_40__LEGV2__CH_02192,52
UKPGA_2002_40__LEGV2__CH_02193,50
UKPGA_2002_40__LEGV2__CH_02194,53
UKPGA_2002_40__LEGV2__CH_02195,38
UKPGA_2002_40__LEGV2__CH_02196,27
UKPGA_2002_40__LEGV2__CH_02197,27
UKPGA_2002_40__LEGV2__CH_02198,51
UKPGA_2002_40__LEGV2__CH_02199,57
UKPGA_2002_40__LEGV2__CH_02200,33
UKPGA_2002_40__LEGV2__CH_02201,48
UKPGA_2002_40__LEGV2__CH_02202,85
UKPGA_2002_40__LEGV2__CH_02203,59
UKPGA_2002_40__LEGV2__CH_02209,50
UKPGA_2002_40__LEGV2__CH_02210,67
UKPGA_2006_35__LEGV2__CH_00001,72
UKPGA_2006_35__LEGV2__CH_00002,70
UKPGA_2006_35__LEGV2__CH_00003,63
UKPGA_2006_35__LEGV2__CH_00004,60
UKPGA_2006_35__LEGV2__CH_00005,52
UKPGA_2006_35__LEGV2__CH_00006,74
UKPGA_2006_35__LEGV2__CH_00007,84
UKPGA_2006_35__LEGV2__CH_00008,47
UKPGA_2006_35__LEGV2__CH_00009,75
UKPGA_2006_35__LEGV2__CH_00010,55
UKPGA_2006_35__LEGV2__CH_00011,75
UKPGA_2006_35__LEGV2__CH_00012,58
UKPGA_2006_35__LEGV2__CH_00013,71
UKPGA_2006_35__LEGV2__CH_00015,62
UKPGA_2006_35__LEGV2__CH_00017,46
UKPGA_2006_35__LEGV2__CH_00018,41
UKPGA_2006_35__LEGV2__CH_00020,38
UKPGA_2006_35__LEGV2__CH_00021,45
UKPGA_2006_35__LEGV2__CH_00022,47
UKPGA_2006_35__LEGV2__CH_00023,66
UKPGA_2006_35__LEGV2__CH_00024__M,46
UKPGA_2006_35__LEGV2__CH_00027,45
UKPGA_2006_35__LEGV2__CH_00028,33
UKPGA_2006_35__LEGV2__CH_00029,51
UKPGA_2006_35__LEGV2__CH_00030,34
UKPGA_2006_35__LEGV2__CH_00031,56
UKPGA_2006_35__LEGV2__CH_00033,44
UKPGA_2006_35__LEGV2__CH_00034,62
UKPGA_2006_35__LEGV2__CH_00035,41
UKPGA_2006_35__LEGV2__CH_00036__M,55
UKPGA_2006_35__LEGV2__CH_00041,48
UKPGA_2006_35__LEGV2__CH_00042,28
UKPGA_2006_35__LEGV2__CH_00043,57
UKPGA_2006_35__LEGV2__CH_00048,41
UKPGA_2006_35__LEGV2__CH_00049,36
UKPGA_2006_35__LEGV2__CH_00050,49
UKPGA_2006_35__LEGV2__CH_00051,33
UKPGA_2006_35__LEGV2__CH_00052__M,53
UKPGA_2006_35__LEGV2__CH_00054,51
UKPGA_2006_35__LEGV2__CH_00056,69
UKPGA_2006_35__LEGV2__CH_00059,35
UKPGA_2006_35__LEGV2__CH_00060,48
UKPGA_2006_35__LEGV2__CH_00061,63
UKPGA_2006_35__LEGV2__CH_00063,56
UKPGA_2006_35__LEGV2__CH_00066,46
UKPGA_2006_35__LEGV2__CH_00067,48
UKPGA_2006_35__LEGV2__CH_00068,48
UKPGA_2006_35__LEGV2__CH_00069,58
UKPGA_2006_35__LEGV2__CH_00070,49
UKPGA_2006_35__LEGV2__CH_00072,52
UKPGA_2006_35__LEGV2__CH_00073,37
UKPGA_2006_35__LEGV2__CH_00074,56
UKPGA_2006_35__LEGV2__CH_00075,45
UKPGA_2006_35__LEGV2__CH_00076,46
UKPGA_2006_35__LEGV2__CH_00077,46
UKPGA_2006_35__LEGV2__CH_00078,42
UKPGA_2006_35__LEGV2__CH_00080,65
UKPGA_2006_35__LEGV2__CH_00081,44
UKPGA_2006_35__LEGV2__CH_00082,38
UKPGA_2006_35__LEGV2__CH_00083,40
UKPGA_2006_35__LEGV2__CH_00084,51
UKPGA_2006_35__LEGV2__CH_00087,46
UKPGA_2006_35__LEGV2__CH_00088,33
UKPGA_2006_35__LEGV2__CH_00089,34
UKPGA_2006_35__LEGV2__CH_00090,32
UKPGA_2006_35__LEGV2__CH_00091,34
UKPGA_2006_35__LEGV2__CH_00092,66
UKPGA_2006_35__LEGV2__CH_00093,47
UKPGA_2006_35__LEGV2__CH_00094,51
UKPGA_2006_35__LEGV2__CH_00095,48
UKPGA_2006_35__LEGV2__CH_00096,40
UKPGA_2006_35__LEGV2__CH_00097,44
UKPGA_2006_35__LEGV2__CH_00098,63
UKPGA_2006_35__LEGV2__CH_00099,71
UKPGA_2012_3__LEGV2__CH_00001,60
UKPGA_2012_3__LEGV2__CH_00002,74
UKPGA_2012_3__LEGV2__CH_00003,39
UKPGA_2012_3__LEGV2__CH_00004,28
UKPGA_2012_3__LEGV2__CH_00005,33
UKPGA_2012_3__LEGV2__CH_00006,40
UKPGA_2012_3__LEGV2__CH_00007,29
UKPGA_2012_3__LEGV2__CH_00008,46
UKPGA_2012_3__LEGV2__CH_00009,56
UKPGA_2012_3__LEGV2__CH_00010,43
UKPGA_2012_3__LEGV2__CH_00011,50
UKPGA_2012_3__LEGV2__CH_00012,40
UKPGA_2012_3__LEGV2__CH_00013,33
UKPGA_2012_3__LEGV2__CH_00014,40
UKPGA_2012_3__LEGV2__CH_00015,75
UKPGA_2012_3__LEGV2__CH_00016,46
UKPGA_2012_3__LEGV2__CH_00017,35
UKPGA_2012_3__LEGV2__CH_00018,43
UKPGA_2018_12__LEGV2__CH_00001,82
UKPGA_2018_12__LEGV2__CH_00002,52
UKPGA_2018_12__LEGV2__CH_00003,39
UKPGA_2018_12__LEGV2__CH_00004,79
UKPGA_2018_12__LEGV2__CH_00005,36
UKPGA_2018_12__LEGV2__CH_00006,29
UKPGA_2018_12__LEGV2__CH_00007,49
UKPGA_2018_12__LEGV2__CH_00008,41
UKPGA_2018_12__LEGV2__CH_00009,65
UKPGA_2018_12__LEGV2__CH_00010,47
UKPGA_2018_12__LEGV2__CH_00011,26
UKPGA_2018_12__LEGV2__CH_00012,37
UKPGA_2018_12__LEGV2__CH_00013,37
UKPGA_2018_12__LEGV2__CH_00014,33
UKPGA_2018_12__LEGV2__CH_00015,45
UKPGA_2018_12__LEGV2__CH_00016,42
UKPGA_2018_12__LEGV2__CH_00017,36
UKPGA_2018_12__LEGV2__CH_00018,51
UKPGA_2018_12__LEGV2__CH_00019,35
UKPGA_2018_12__LEGV2__CH_00020,31
UKPGA_2018_12__LEGV2__CH_00021,42
UKPGA_2018_12__LEGV2__CH_00022,49
UKPGA_2018_12__LEGV2__CH_00023,24
UKPGA_2018_12__LEGV2__CH_00024,41
UKPGA_2018_12__LEGV2__CH_00025,23
UKPGA_2018_12__LEGV2__CH_00026,30
UKPGA_2018_12__LEGV2__CH_00027,41
UKPGA_2018_12__LEGV2__CH_00028,45
UKPGA_2018_12__LEGV2__CH_00029,24
UKPGA_2018_12__LEGV2__CH_00030,38
UKPGA_2018_12__LEGV2__CH_00031,44
UKPGA_2018_12__LEGV2__CH_00032,41
UKPGA_2018_12__LEGV2__CH_00033,30
UKPGA_2018_12__LEGV2__CH_00034,45
UKPGA_2018_12__LEGV2__CH_00035,51
UKPGA_2018_12__LEGV2__CH_00036,49
UKPGA_2018_12__LEGV2__CH_00037,36
UKPGA_2018_12__LEGV2__CH_00038,39
UKPGA_2018_12__LEGV2__CH_00039,31
UKPGA_2018_12__LEGV2__CH_00040,35
UKPGA_2018_12__LEGV2__CH_00041,36
UKPGA_2018_12__LEGV2__CH_00042,23
UKPGA_2018_12__LEGV2__CH_00043,41
UKPGA_2018_12__LEGV2__CH_00044,38
UKPGA_2018_12__LEGV2__CH_00045,46
UKPGA_2018_12__LEGV2__CH_00046,41
UKPGA_2018_12__LEGV2__CH_00047,42
UKPGA_2018_12__LEGV2__CH_00051,84
UKPGA_2018_12__LEGV2__CH_00052,38
UKPGA_2018_12__LEGV2__CH_00053,61
UKPGA_2018_12__LEGV2__CH_00054,57
UKPGA_2018_12__LEGV2__CH_00055,48
UKPGA_2018_12__LEGV2__CH_00056,51
UKPGA_2018_12__LEGV2__CH_00057,65
UKPGA_2018_12__LEGV2__CH_00058,40
UKPGA_2018_12__LEGV2__CH_00059,66
UKPGA_2018_12__LEGV2__CH_00061,76
UKPGA_2018_12__LEGV2__CH_00062,74
UKPGA_2018_12__LEGV2__CH_00063,82
UKPGA_2018_12__LEGV2__CH_00064,33
UKPGA_2018_12__LEGV2__CH_00066,41
UKPGA_2018_12__LEGV2__CH_00067,44
UKPGA_2018_12__LEGV2__CH_00068,49
UKPGA_2018_12__LEGV2__CH_00070,63
UKPGA_2018_12__LEGV2__CH_00071,35
UKPGA_2018_12__LEGV2__CH_00072,50
UKPGA_2018_12__LEGV2__CH_00074,35
UKPGA_2018_12__LEGV2__CH_00075,54
UKPGA_2018_12__LEGV2__CH_00076,81
UKPGA_2018_12__LEGV2__CH_00077,65
UKPGA_2018_12__LEGV2__CH_00078,61
UKPGA_2018_12__LEGV2__CH_00079,57
UKPGA_2018_12__LEGV2__CH_00080,101
UKPGA_2018_12__LEGV2__CH_00081,52
UKPGA_2018_12__LEGV2__CH_00082,73
UKPGA_2018_12__LEGV2__CH_00083,114
UKPGA_2018_12__LEGV2__CH_00084,40
UKPGA_2018_12__LEGV2__CH_00085,88
UKPGA_2018_12__LEGV2__CH_00086,50
UKPGA_2018_12__LEGV2__CH_00087,40
UKPGA_2018_12__LEGV2__CH_00088,41
UKPGA_2018_12__LEGV2__CH_00090,33
UKPGA_2018_12__LEGV2__CH_00091,34
UKPGA_2018_12__LEGV2__CH_00092,37
UKPGA_2018_12__LEGV2__CH_00093,35
UKPGA_2018_12__LEGV2__CH_00094,33
UKPGA_2018_12__LEGV2__CH_00095,39
UKPGA_2018_12__LEGV2__CH_00096,46
UKPGA_2018_12__LEGV2__CH_00097__M,44
UKPGA_2018_12__LEGV2__CH_00099,43
UKPGA_2018_12__LEGV2__CH_00101,48
UKPGA_2018_12__LEGV2__CH_00102,65
UKPGA_2018_12__LEGV2__CH_00103,50
UKPGA_2018_12__LEGV2__CH_00104,28
UKPGA_2018_12__LEGV2__CH_00105,26
UKPGA_2018_12__LEGV2__CH_00106,38
UKPGA_2018_12__LEGV2__CH_00107,38
UKPGA_2018_12__LEGV2__CH_00108,28
UKPGA_2018_12__LEGV2__CH_00109,68
UKPGA_2018_12__LEGV2__CH_00111,52
UKPGA_2018_12__LEGV2__CH_00112,86
UKPGA_2018_12__LEGV2__CH_00113,64
UKPGA_2018_12__LEGV2__CH_00114,37
UKPGA_2018_12__LEGV2__CH_00115,34
UKPGA_2018_12__LEGV2__CH_00116,47
UKPGA_2018_12__LEGV2__CH_00117,32
UKPGA_2018_12__LEGV2__CH_00118,59
UKPGA_2018_12__LEGV2__CH_00119,49
UKPGA_2018_12__LEGV2__CH_00120,60
UKPGA_2018_12__LEGV2__CH_00121,35
UKPGA_2018_12__LEGV2__CH_00124,46
UKPGA_2018_12__LEGV2__CH_00125,51
UKPGA_2018_12__LEGV2__CH_00126,38
UKPGA_2018_12__LEGV2__CH_00127,24
UKPGA_2018_12__LEGV2__CH_00128,54
UKPGA_2018_12__LEGV2__CH_00129,30
UKPGA_2018_12__LEGV2__CH_00130,97
UKPGA_2018_12__LEGV2__CH_00131,39
UKPGA_2018_12__LEGV2__CH_00132,43
UKPGA_2018_12__LEGV2__CH_00133,103
UKPGA_2018_12__LEGV2__CH_00134,89
UKPGA_2018_12__LEGV2__CH_00135,27
UKPGA_2018_12__LEGV2__CH_00136,54
UKPGA_2018_12__LEGV2__CH_00137,47
UKPGA_2018_12__LEGV2__CH_00138,42
UKPGA_2018_12__LEGV2__CH_00140,56
UKPGA_2018_12__LEGV2__CH_00141,63
UKPGA_2018_12__LEGV2__CH_00142,50
UKPGA_2018_12__LEGV2__CH_00143,85
UKPGA_2018_12__LEGV2__CH_00144,58
UKPGA_2018_12__LEGV2__CH_00145,94
UKPGA_2018_12__LEGV2__CH_00146,84
UKPGA_2018_12__LEGV2__CH_00147,31
UKPGA_2018_12__LEGV2__CH_00148,80
UKPGA_2018_12__LEGV2__CH_00149,82
UKPGA_2018_12__LEGV2__CH_00150,43
UKPGA_2018_12__LEGV2__CH_00151,66
UKPGA_2018_12__LEGV2__CH_00152,54
UKPGA_2018_12__LEGV2__CH_00153,48
UKPGA_2018_12__LEGV2__CH_00154,49
UKPGA_2018_12__LEGV2__CH_00155,35
UKPGA_2018_12__LEGV2__CH_00156,44
UKPGA_2018_12__LEGV2__CH_00157,40
UKPGA_2018_12__LEGV2__CH_00159,64
UKPGA_2018_12__LEGV2__CH_00160,35
UKPGA_2018_12__LEGV2__CH_00162,34
UKPGA_2018_12__LEGV2__CH_00163,84
UKPGA_2018_12__LEGV2__CH_00164,32
UKPGA_2018_12__LEGV2__CH_00165,29
UKPGA_2018_12__LEGV2__CH_00166,28
UKPGA_2018_12__LEGV2__CH_00167,46
UKPGA_2018_12__LEGV2__CH_00168,57
UKPGA_2018_12__LEGV2__CH_00169,23
UKPGA_2018_12__LEGV2__CH_00170,36
UKPGA_2018_12__LEGV2__CH_00171,26
UKPGA_2018_12__LEGV2__CH_00172,44
UKPGA_2018_12__LEGV2__CH_00173,30
UKPGA_2018_12__LEGV2__CH_00174,48
UKPGA_2018_12__LEGV2__CH_00175,33
UKPGA_2018_12__LEGV2__CH_00176,37
UKPGA_2018_12__LEGV2__CH_00177,71
UKPGA_2018_12__LEGV2__CH_00178,43
UKPGA_2018_12__LEGV2__CH_00179,65
UKPGA_2018_12__LEGV2__CH_00180,36
UKPGA_2018_12__LEGV2__CH_00181,53
UKPGA_2018_12__LEGV2__CH_00182,42
UKPGA_2018_12__LEGV2__CH_00183,58
UKPGA_2018_12__LEGV2__CH_00184,61
UKPGA_2018_12__LEGV2__CH_00185,40
UKPGA_2018_12__LEGV2__CH_00186,52
UKPGA_2018_12__LEGV2__CH_00187,29
UKPGA_2018_12__LEGV2__CH_00188,48
UKPGA_2018_12__LEGV2__CH_00189,34
UKPGA_2018_12__LEGV2__CH_00190,42
UKPGA_2018_12__LEGV2__CH_00191,22
UKPGA_2018_12__LEGV2__CH_00192,38
UKPGA_2018_12__LEGV2__CH_00193,44
UKPGA_2018_12__LEGV2__CH_00194,44
UKPGA_2018_12__LEGV2__CH_00195,26
UKPGA_2018_12__LEGV2__CH_00196,39
UKPGA_2018_12__LEGV2__CH_00197,45
UKPGA_2018_12__LEGV2__CH_00198,40
UKPGA_2018_12__LEGV2__CH_00199,33
UKPGA_2018_12__LEGV2__CH_00200,35
UKPGA_2018_12__LEGV2__CH_00201,32
UKPGA_2018_12__LEGV2__CH_00202,51
UKPGA_2018_12__LEGV2__CH_00204,50
UKPGA_2018_12__LEGV2__CH_00205,41
UKPGA_2018_12__LEGV2__CH_00206,63
UKPGA_2018_12__LEGV2__CH_00207,37
UKPGA_2018_12__LEGV2__CH_00208,38
UKPGA_2018_12__LEGV2__CH_00209,33
UKPGA_2018_12__LEGV2__CH_00210,31
UKPGA_2018_12__LEGV2__CH_00211,53
UKPGA_2018_12__LEGV2__CH_00212,38
UKPGA_2018_12__LEGV2__CH_00213,43
UKPGA_2018_12__LEGV2__CH_00214,38
UKPGA_2018_12__LEGV2__CH_00215,47
UKPGA_2018_12__LEGV2__CH_00216,26
UKPGA_2018_12__LEGV2__CH_00217,28
UKPGA_2018_12__LEGV2__CH_00218,37
UKPGA_2018_12__LEGV2__CH_00219,23
UKPGA_2018_12__LEGV2__CH_00220,43
UKPGA_2018_12__LEGV2__CH_00221,50
UKPGA_2018_12__LEGV2__CH_00222,27
UKPGA_2018_12__LEGV2__CH_00224,49
UKPGA_2018_12__LEGV2__CH_00225,29
UKPGA_2018_12__LEGV2__CH_00226,34
UKPGA_2018_12__LEGV2__CH_00227,24
UKPGA_2018_12__LEGV2__CH_00228,31
UKPGA_2018_12__LEGV2__CH_00229,41
UKPGA_2018_12__LEGV2__CH_00230,33
UKPGA_2018_12__LEGV2__CH_00231,50
UKPGA_2018_12__LEGV2__CH_00232,52
UKPGA_2018_12__LEGV2__CH_00233,52
UKPGA_2018_12__LEGV2__CH_00234,21
UKPGA_2018_12__LEGV2__CH_00235,44
UKPGA_2018_12__LEGV2__CH_00236,25
UKPGA_2018_12__LEGV2__CH_00237,19
UKPGA_2018_12__LEGV2__CH_00238,27
UKPGA_2018_12__LEGV2__CH_00239,38
UKPGA_2018_12__LEGV2__CH_00240,59
UKPGA_2018_12__LEGV2__CH_00241,23
UKPGA_2018_12__LEGV2__CH_00242,25
UKPGA_2018_12__LEGV2__CH_00243,41
UKPGA_2018_12__LEGV2__CH_00244,63
UKPGA_2018_12__LEGV2__CH_00245,35
UKPGA_2018_12__LEGV2__CH_00246,37
UKPGA_2018_12__LEGV2__CH_00247,24
UKPGA_2018_12__LEGV2__CH_00248,38
UKPGA_2018_12__LEGV2__CH_00250,54
UKPGA_2018_12__LEGV2__CH_00251,74
UKPGA_2018_12__LEGV2__CH_00252,40
UKPGA_2018_12__LEGV2__CH_00253,42
UKPGA_2018_12__LEGV2__CH_00254,45
UKPGA_2018_12__LEGV2__CH_00255,75
UKPGA_2018_12__LEGV2__CH_00256,40
UKPGA_2018_12__LEGV2__CH_00257,33
UKPGA_2018_12__LEGV2__CH_00258,36
UKPGA_2018_12__LEGV2__CH_00259,50
UKPGA_2018_12__LEGV2__CH_00260,36
UKPGA_2018_12__LEGV2__CH_00261,51
UKPGA_2018_12__LEGV2__CH_00262,55
UKPGA_2018_12__LEGV2__CH_00263,96
UKPGA_2018_12__LEGV2__CH_00264,50
UKPGA_2018_12__LEGV2__CH_00265,56
UKPGA_2018_12__LEGV2__CH_00266,77
UKPGA_2018_12__LEGV2__CH_00267,57
UKPGA_2018_12__LEGV2__CH_00268,54
UKPGA_2018_12__LEGV2__CH_00269,50
UKPGA_2018_12__LEGV2__CH_00270,47
UKPGA_2018_12__LEGV2__CH_00271,34
UKPGA_2018_12__LEGV2__CH_00272,40
UKPGA_2018_12__LEGV2__CH_00273,59
UKPGA_2018_12__LEGV2__CH_00274,36
UKPGA_2018_12__LEGV2__CH_00275,21
UKPGA_2018_12__LEGV2__CH_00276,55
UKPGA_2018_12__LEGV2__CH_00277,35
UKPGA_2018_12__LEGV2__CH_00278,31
UKPGA_2018_12__LEGV2__CH_00279,43
UKPGA_2018_12__LEGV2__CH_00280,78
UKPGA_2018_12__LEGV2__CH_00281,34
UKPGA_2018_12__LEGV2__CH_00282,60
UKPGA_2018_12__LEGV2__CH_00283,44
UKPGA_2018_12__LEGV2__CH_00284,63
UKPGA_2018_12__LEGV2__CH_00285,27
UKPGA_2018_12__LEGV2__CH_00286,30
UKPGA_2018_12__LEGV2__CH_00288,31
UKPGA_2018_12__LEGV2__CH_00289,39
UKPGA_2018_12__LEGV2__CH_00290,40
UKPGA_2018_12__LEGV2__CH_00291,38
UKPGA_2018_12__LEGV2__CH_00292,28
UKPGA_2018_12__LEGV2__CH_00293,31
UKPGA_2018_12__LEGV2__CH_00294,44
UKPGA_2018_12__LEGV2__CH_00295,40
UKPGA_2018_12__LEGV2__CH_00296,23
UKPGA_2018_12__LEGV2__CH_00297,59
UKPGA_2018_12__LEGV2__CH_00298,36
UKPGA_2018_12__LEGV2__CH_00299,39
UKPGA_2018_12__LEGV2__CH_00300,27
UKPGA_2018_12__LEGV2__CH_00301,75
UKPGA_2018_12__LEGV2__CH_00302,44
UKPGA_2018_12__LEGV2__CH_00304,54
UKPGA_2018_12__LEGV2__CH_00305,37
UKPGA_2018_12__LEGV2__CH_00306,37
UKPGA_2018_12__LEGV2__CH_00307,32
UKPGA_2018_12__LEGV2__CH_00308,34
UKPGA_2018_12__LEGV2__CH_00309,33
UKPGA_2018_12__LEGV2__CH_00310,56
UKPGA_2018_12__LEGV2__CH_00312,41
UKPGA_2018_12__LEGV2__CH_00313,53
UKPGA_2018_12__LEGV2__CH_00314,22
UKPGA_2018_12__LEGV2__CH_00315,74
UKPGA_2018_12__LEGV2__CH_00316,39
UKPGA_2018_12__LEGV2__CH_00317,66
UKPGA_2018_12__LEGV2__CH_00318,60
UKPGA_2018_12__LEGV2__CH_00319,74
UKPGA_2018_12__LEGV2__CH_00320,24
UKPGA_2018_12__LEGV2__CH_00321,51
UKPGA_2018_12__LEGV2__CH_00323,49
UKPGA_2018_12__LEGV2__CH_00324,46
UKPGA_2018_12__LEGV2__CH_00325,123
UKPGA_2018_12__LEGV2__CH_00326,40
UKPGA_2018_12__LEGV2__CH_00328,44
UKPGA_2018_12__LEGV2__CH_00329,37
UKPGA_2018_12__LEGV2__CH_00330,44
UKPGA_2018_12__LEGV2__CH_00331,69
UKPGA_2018_12__LEGV2__CH_00333,41
UKPGA_2018_12__LEGV2__CH_00334,34
UKPGA_2018_12__LEGV2__CH_00335,42
UKPGA_2018_12__LEGV2__CH_00336,47
UKPGA_2018_12__LEGV2__CH_00337,48
UKPGA_2018_12__LEGV2__CH_00338,48
UKPGA_2018_12__LEGV2__CH_00339,52
UKPGA_2018_12__LEGV2__CH_00340,31
UKPGA_2018_12__LEGV2__CH_00341,51
UKPGA_2018_12__LEGV2__CH_00342,52
UKPGA_2018_12__LEGV2__CH_00343,39
UKPGA_2018_12__LEGV2__CH_00345,33
UKPGA_2018_12__LEGV2__CH_00346,25
UKPGA_2018_12__LEGV2__CH_00347,31
UKPGA_2018_12__LEGV2__CH_00348,28
UKPGA_2018_12__LEGV2__CH_00349,40
UKPGA_2018_12__LEGV2__CH_00350,30
UKPGA_2018_12__LEGV2__CH_00352,30
UKPGA_2018_12__LEGV2__CH_00353,73
UKPGA_2018_12__LEGV2__CH_00354,38
UKPGA_2018_12__LEGV2__CH_00355,50
UKPGA_2018_12__LEGV2__CH_00356,35
UKPGA_2018_12__LEGV2__CH_00357,28
UKPGA_2018_12__LEGV2__CH_00358,27
UKPGA_2018_12__LEGV2__CH_00359,35
UKPGA_2018_12__LEGV2__CH_00360,52
UKPGA_2018_12__LEGV2__CH_00361,76
UKPGA_2018_12__LEGV2__CH_00362,32
UKPGA_2018_12__LEGV2__CH_00363,39
UKPGA_2018_12__LEGV2__CH_00364,41
UKPGA_2018_12__LEGV2__CH_00365,50
UKPGA_2018_12__LEGV2__CH_00366,31
UKPGA_2018_12__LEGV2__CH_00367,35
UKPGA_2018_12__LEGV2__CH_00368,43
UKPGA_2018_12__LEGV2__CH_00369,46
UKPGA_2018_12__LEGV2__CH_00370,42
UKPGA_2018_12__LEGV2__CH_00371,30
UKPGA_2018_12__LEGV2__CH_00372,49
UKPGA_2018_12__LEGV2__CH_00373,38
UKPGA_2018_12__LEGV2__CH_00374,45
UKPGA_2018_12__LEGV2__CH_00375,50
UKPGA_2018_12__LEGV2__CH_00376,30
UKPGA_2018_12__LEGV2__CH_00377,38
UKPGA_2018_12__LEGV2__CH_00378,36
UKPGA_2018_12__LEGV2__CH_00379,45
UKPGA_2018_12__LEGV2__CH_00380,45
UKPGA_2018_12__LEGV2__CH_00381,51
UKPGA_2018_12__LEGV2__CH_00382,37
UKPGA_2018_12__LEGV2__CH_00384,32
UKPGA_2018_12__LEGV2__CH_00385,37
UKPGA_2018_12__LEGV2__CH_00386,25
UKPGA_2018_12__LEGV2__CH_00387,33
UKPGA_2018_12__LEGV2__CH_00388,33
UKPGA_2018_12__LEGV2__CH_00389,31
UKPGA_2018_12__LEGV2__CH_00390,39
UKPGA_2018_12__LEGV2__CH_00392,44
UKPGA_2018_12__LEGV2__CH_00394,38
UKPGA_2018_12__LEGV2__CH_00395,30
UKPGA_2018_12__LEGV2__CH_00396,29
UKPGA_2018_12__LEGV2__CH_00397,39
UKPGA_2018_12__LEGV2__CH_00398,43
UKPGA_2018_12__LEGV2__CH_00399,36
UKPGA_2018_12__LEGV2__CH_00400,48
UKPGA_2018_12__LEGV2__CH_00401,24
UKPGA_2018_12__LEGV2__CH_00402,40
UKPGA_2018_12__LEGV2__CH_00403,36
UKPGA_2018_12__LEGV2__CH_00404,42
UKPGA_2018_12__LEGV2__CH_00405,48
UKPGA_2018_12__LEGV2__CH_00406,20
UKPGA_2018_12__LEGV2__CH_00407,27
UKPGA_2018_12__LEGV2__CH_00408,33
UKPGA_2018_12__LEGV2__CH_00409,43
UKPGA_2018_12__LEGV2__CH_00411,43
UKPGA_2018_12__LEGV2__CH_00413,40
UKPGA_2018_12__LEGV2__CH_00414,43
UKPGA_2018_12__LEGV2__CH_00415,41
UKPGA_2018_12__LEGV2__CH_00416,52
UKPGA_2018_12__LEGV2__CH_00417,60
UKPGA_2018_12__LEGV2__CH_00419,77
UKPGA_2018_12__LEGV2__CH_00420,59
UKPGA_2018_12__LEGV2__CH_00422,43
UKPGA_2018_12__LEGV2__CH_00423,46
UKPGA_2018_12__LEGV2__CH_00424,55
UKPGA_2018_12__LEGV2__CH_00425,36
UKPGA_2018_12__LEGV2__CH_00426,49
UKPGA_2018_12__LEGV2__CH_00427,40
UKPGA_2018_12__LEGV2__CH_00428,30
UKPGA_2018_12__LEGV2__CH_00429,42
UKPGA_2018_12__LEGV2__CH_00430,54
UKPGA_2018_12__LEGV2__CH_00431,33
UKPGA_2018_12__LEGV2__CH_00433,50
UKPGA_2018_12__LEGV2__CH_00434,42
UKPGA_2018_12__LEGV2__CH_00435,33
UKPGA_2018_12__LEGV2__CH_00436,37
UKPGA_2018_12__LEGV2__CH_00437,42
UKPGA_2018_12__LEGV2__CH_00438,35
UKPGA_2018_12__LEGV2__CH_00439,62
UKPGA_2018_12__LEGV2__CH_00440,42
UKPGA_2018_12__LEGV2__CH_00441,33
UKPGA_2018_12__LEGV2__CH_00442,56
UKPGA_2018_12__LEGV2__CH_00443,56
UKPGA_2018_12__LEGV2__CH_00444,67
UKPGA_2018_12__LEGV2__CH_00445,52
UKPGA_2018_12__LEGV2__CH_00446,48
UKPGA_2018_12__LEGV2__CH_00447,54
UKPGA_2018_12__LEGV2__CH_00448,66
UKPGA_2018_12__LEGV2__CH_00449,64
UKPGA_2018_12__LEGV2__CH_00450,59
UKPGA_2018_12__LEGV2__CH_00451,60
UKPGA_2018_12__LEGV2__CH_00452,57
UKPGA_2018_12__LEGV2__CH_00453,53
UKPGA_2018_12__LEGV2__CH_00454,51
UKPGA_2018_12__LEGV2__CH_00455,33
UKPGA_2018_12__LEGV2__CH_00456,60
UKPGA_2018_12__LEGV2__CH_00457,59
UKPGA_2018_12__LEGV2__CH_00458,31
UKPGA_2018_12__LEGV2__CH_00459,53
UKPGA_2018_12__LEGV2__CH_00460,44
UKPGA_2018_12__LEGV2__CH_00461,40
UKPGA_2018_12__LEGV2__CH_00462,75
UKPGA_2018_12__LEGV2__CH_00463,40
UKPGA_2018_12__LEGV2__CH_00464,56
UKPGA_2018_12__LEGV2__CH_00465,45
UKPGA_2018_12__LEGV2__CH_00466,51
UKPGA_2018_12__LEGV2__CH_00467,40
UKPGA_2018_12__LEGV2__CH_00468,58
UKPGA_2018_12__LEGV2__CH_00469,55
UKPGA_2018_12__LEGV2__CH_00470,28
UKPGA_2018_12__LEGV2__CH_00471,42
UKPGA_2018_12__LEGV2__CH_00472,32
UKPGA_2018_12__LEGV2__CH_00473,30
UKPGA_2018_12__LEGV2__CH_00474,45
UKPGA_2018_12__LEGV2__CH_00475,51
UKPGA_2018_12__LEGV2__CH_00476,48
UKPGA_2018_12__LEGV2__CH_00477,43
UKPGA_2018_12__LEGV2__CH_00478,71
UKPGA_2018_12__LEGV2__CH_00479,50
UKPGA_2018_12__LEGV2__CH_00480,31
UKPGA_2018_12__LEGV2__CH_00481,36
UKPGA_2018_12__LEGV2__CH_00482,47
UKPGA_2018_12__LEGV2__CH_00483,50
UKPGA_2018_12__LEGV2__CH_00484,42
UKPGA_2018_12__LEGV2__CH_00485,68
UKPGA_2018_12__LEGV2__CH_00486,61
UKPGA_2018_12__LEGV2__CH_00487,32
UKPGA_2018_12__LEGV2__CH_00488,43
UKPGA_2018_12__LEGV2__CH_00489,35
UKPGA_2018_12__LEGV2__CH_00490,35
UKPGA_2018_12__LEGV2__CH_00491,36
UKPGA_2018_12__LEGV2__CH_00493,55
UKPGA_2018_12__LEGV2__CH_00494,50
UKPGA_2018_12__LEGV2__CH_00495,51
UKPGA_2018_12__LEGV2__CH_00496,40
UKPGA_2018_12__LEGV2__CH_00497,50
UKPGA_2018_12__LEGV2__CH_00498,47
UKPGA_2018_12__LEGV2__CH_00499,50
UKPGA_2018_12__LEGV2__CH_00500,66
UKPGA_2018_12__LEGV2__CH_00501,53
UKPGA_2018_12__LEGV2__CH_00502,40
UKPGA_2018_12__LEGV2__CH_00503,44
UKPGA_2018_12__LEGV2__CH_00504,112
UKPGA_2018_12__LEGV2__CH_00505,97
UKPGA_2018_12__LEGV2__CH_00506,111
UKPGA_2018_12__LEGV2__CH_00507,106
UKPGA_2018_12__LEGV2__CH_00508,29
UKPGA_2018_12__LEGV2__CH_00509,35
UKPGA_2018_12__LEGV2__CH_00510,94
UKPGA_2018_12__LEGV2__CH_00511,31
UKPGA_2018_12__LEGV2__CH_00512,36
UKPGA_2018_12__LEGV2__CH_00514,54
UKPGA_2018_12__LEGV2__CH_00515,29
UKPGA_2018_12__LEGV2__CH_00516,32
UKPGA_2018_12__LEGV2__CH_00517,37
UKPGA_2018_12__LEGV2__CH_00518,62
UKPGA_2018_12__LEGV2__CH_00519,35
UKPGA_2018_12__LEGV2__CH_00520,34
UKPGA_2018_12__LEGV2__CH_00521,42
UKPGA_2018_12__LEGV2__CH_00522,41
UKPGA_2018_12__LEGV2__CH_00523,40
UKPGA_2018_12__LEGV2__CH_00524,33
UKPGA_2018_12__LEGV2__CH_00526,22
UKPGA_2018_12__LEGV2__CH_00527,30
UKPGA_2018_12__LEGV2__CH_00528,51
UKPGA_2018_12__LEGV2__CH_00529,35
UKPGA_2018_12__LEGV2__CH_00530,47
UKPGA_2018_12__LEGV2__CH_00531,34
UKPGA_2018_12__LEGV2__CH_00532,39
UKPGA_2018_12__LEGV2__CH_00533,33
UKPGA_2018_12__LEGV2__CH_00534,23
UKPGA_2018_12__LEGV2__CH_00535,25
UKPGA_2018_12__LEGV2__CH_00536,22
UKPGA_2018_12__LEGV2__CH_00537,33
UKPGA_2018_12__LEGV2__CH_00538,40
UKPGA_2018_12__LEGV2__CH_00539,69
UKPGA_2018_12__LEGV2__CH_00542,56
UKPGA_2018_12__LEGV2__CH_00543,51
UKPGA_2018_12__LEGV2__CH_00544,35
UKPGA_2018_12__LEGV2__CH_00545,49
UKPGA_2018_12__LEGV2__CH_00546,41
UKPGA_2018_12__LEGV2__CH_00547,41
UKPGA_2018_12__LEGV2__CH_00548,35
UKPGA_2018_12__LEGV2__CH_00549,33
UKPGA_2018_12__LEGV2__CH_00550,32
UKPGA_2018_12__LEGV2__CH_00551,35
UKPGA_2018_12__LEGV2__CH_00552,33
UKPGA_2018_12__LEGV2__CH_00553,55
UKPGA_2018_12__LEGV2__CH_00554,42
UKPGA_2018_12__LEGV2__CH_00555,41
UKPGA_2018_12__LEGV2__CH_00556,41
UKPGA_2018_12__LEGV2__CH_00557,43
UKPGA_2018_12__LEGV2__CH_00558,32
UKPGA_2018_12__LEGV2__CH_00559,51
UKPGA_2018_12__LEGV2__CH_00560,28
UKPGA_2018_12__LEGV2__CH_00561,27
UKPGA_2018_12__LEGV2__CH_00562,32
UKPGA_2018_12__LEGV2__CH_00563,30
UKPGA_2018_12__LEGV2__CH_00564,31
UKPGA_2018_12__LEGV2__CH_00565,25
UKPGA_2018_12__LEGV2__CH_00566,32
UKPGA_2018_12__LEGV2__CH_00567,26
UKPGA_2018_12__LEGV2__CH_00568,38
UKPGA_2018_12__LEGV2__CH_00569,33
UKPGA_2018_12__LEGV2__CH_00570,34
UKPGA_2018_12__LEGV2__CH_00571,47
UKPGA_2018_12__LEGV2__CH_00573,32
UKPGA_2018_12__LEGV2__CH_00574,33
UKPGA_2018_12__LEGV2__CH_00575,49
UKPGA_2018_12__LEGV2__CH_00576,43
UKPGA_2018_12__LEGV2__CH_00577,60
UKPGA_2018_12__LEGV2__CH_00578,39
UKPGA_2018_12__LEGV2__CH_00579,23
UKPGA_2018_12__LEGV2__CH_00580,38
UKPGA_2018_12__LEGV2__CH_00581,32
UKPGA_2018_12__LEGV2__CH_00582,26
UKPGA_2018_12__LEGV2__CH_00583,28
UKPGA_2018_12__LEGV2__CH_00585,36
UKPGA_2018_12__LEGV2__CH_00586,50
UKPGA_2018_12__LEGV2__CH_00587,88
UKPGA_2018_12__LEGV2__CH_00589,55
UKPGA_2018_12__LEGV2__CH_00590,49
UKPGA_2018_12__LEGV2__CH_00591,46
UKPGA_2018_12__LEGV2__CH_00592,39
UKPGA_2018_12__LEGV2__CH_00593,35
UKPGA_2018_12__LEGV2__CH_00594,37
UKPGA_2018_12__LEGV2__CH_00595,48
UKPGA_2018_12__LEGV2__CH_00596,54
UKPGA_2018_12__LEGV2__CH_00597,48
UKPGA_2018_12__LEGV2__CH_00598,23
UKPGA_2018_12__LEGV2__CH_00599,23
UKPGA_2018_12__LEGV2__CH_00600,31
UKPGA_2018_12__LEGV2__CH_00601,29
UKPGA_2018_12__LEGV2__CH_00603,51
UKPGA_2018_12__LEGV2__CH_00604,34
UKPGA_2018_12__LEGV2__CH_00605,26
UKPGA_2018_12__LEGV2__CH_00606,36
UKPGA_2018_12__LEGV2__CH_00607,32
UKPGA_2018_12__LEGV2__CH_00608,30
UKPGA_2018_12__LEGV2__CH_00609,39
UKPGA_2018_12__LEGV2__CH_00610,39
UKPGA_2018_12__LEGV2__CH_00611,41
UKPGA_2018_12__LEGV2__CH_00612,71
UKPGA_2018_12__LEGV2__CH_00613,46
UKPGA_2018_12__LEGV2__CH_00614,47
UKPGA_2018_12__LEGV2__CH_00615,53
UKPGA_2018_12__LEGV2__CH_00616,25
UKPGA_2018_12__LEGV2__CH_00617,44
UKPGA_2018_12__LEGV2__CH_00618,19
UKPGA_2018_12__LEGV2__CH_00619,52
UKPGA_2018_12__LEGV2__CH_00620,34
UKPGA_2018_12__LEGV2__CH_00621,72
UKPGA_2018_12__LEGV2__CH_00622,70
UKPGA_2018_12__LEGV2__CH_00623,40
UKPGA_2018_12__LEGV2__CH_00624,47
UKPGA_2018_12__LEGV2__CH_00625,47
UKPGA_2018_12__LEGV2__CH_00626,49
UKPGA_2018_12__LEGV2__CH_00628,70
UKPGA_2018_12__LEGV2__CH_00629,48
UKPGA_2018_12__LEGV2__CH_00630,38
UKPGA_2018_12__LEGV2__CH_00631,60
UKPGA_2018_12__LEGV2__CH_00632,75
UKPGA_2018_12__LEGV2__CH_00633,44
UKPGA_2018_12__LEGV2__CH_00634,50
UKPGA_2018_12__LEGV2__CH_00635,67
UKPGA_2018_12__LEGV2__CH_00636,40
UKPGA_2018_12__LEGV2__CH_00637,52
UKPGA_2018_12__LEGV2__CH_00638,38
UKPGA_2018_12__LEGV2__CH_00639,48
UKPGA_2018_12__LEGV2__CH_00640,81
UKPGA_2018_12__LEGV2__CH_00641,90
UKPGA_2018_12__LEGV2__CH_00642,43
UKPGA_2018_12__LEGV2__CH_00643,68
UKPGA_2018_12__LEGV2__CH_00646,66
UKPGA_2018_12__LEGV2__CH_00647,37
UKPGA_2018_12__LEGV2__CH_00648,55
UKPGA_2018_12__LEGV2__CH_00649,71
UKPGA_2018_12__LEGV2__CH_00650,59
UKPGA_2018_12__LEGV2__CH_00651,57
UKPGA_2018_12__LEGV2__CH_00652,52
UKPGA_2018_12__LEGV2__CH_00653,67
UKPGA_2018_12__LEGV2__CH_00654,88
UKPGA_2018_12__LEGV2__CH_00655,54
UKPGA_2018_12__LEGV2__CH_00656,69
UKPGA_2018_12__LEGV2__CH_00657,46
UKPGA_2018_12__LEGV2__CH_00658,62
UKPGA_2018_12__LEGV2__CH_00659,58
UKPGA_2018_12__LEGV2__CH_00660,45
UKPGA_2018_12__LEGV2__CH_00662,18
UKPGA_2018_12__LEGV2__CH_00663,47
UKPGA_2018_12__LEGV2__CH_00664__M,64
UKPGA_2018_12__LEGV2__CH_00667__M,75
UKPGA_2018_12__LEGV2__CH_00671,46
UKPGA_2018_12__LEGV2__CH_00672,33
UKPGA_2018_12__LEGV2__CH_00673,46
UKPGA_2018_12__LEGV2__CH_00674,46
UKPGA_2018_12__LEGV2__CH_00675,61
UKPGA_2018_12__LEGV2__CH_00678,60
UKPGA_2018_12__LEGV2__CH_00679,61
UKPGA_2018_12__LEGV2__CH_00680,54
UKPGA_2018_12__LEGV2__CH_00681,64
UKPGA_2018_12__LEGV2__CH_00682,38
UKPGA_2018_12__LEGV2__CH_00683,53
UKPGA_2018_12__LEGV2__CH_00684,36
UKPGA_2018_12__LEGV2__CH_00685,62
UKPGA_2018_12__LEGV2__CH_00686,62
UKPGA_2018_12__LEGV2__CH_00687,30
UKPGA_2018_12__LEGV2__CH_00688,41
UKPGA_2018_12__LEGV2__CH_00689,49
UKPGA_2018_12__LEGV2__CH_00690,46
UKPGA_2018_12__LEGV2__CH_00691,43
UKPGA_2018_12__LEGV2__CH_00692,45
UKPGA_2018_12__LEGV2__CH_00693,60
UKPGA_2018_12__LEGV2__CH_00694,44
UKPGA_2018_12__LEGV2__CH_00695,86
UKPGA_2018_12__LEGV2__CH_00696,55
UKPGA_2018_12__LEGV2__CH_00697,43
UKPGA_2018_12__LEGV2__CH_00698,69
UKPGA_2018_12__LEGV2__CH_00699,49
UKPGA_2018_12__LEGV2__CH_00700,57
UKPGA_2018_12__LEGV2__CH_00701,66
UKPGA_2018_12__LEGV2__CH_00702,62
UKPGA_2018_12__LEGV2__CH_00703,49
UKPGA_2018_12__LEGV2__CH_00704,61
UKPGA_2018_12__LEGV2__CH_00706,62
UKPGA_2018_12__LEGV2__CH_00707,46
UKPGA_2018_12__LEGV2__CH_00708,54
UKPGA_2018_12__LEGV2__CH_00710,51
UKPGA_2018_12__LEGV2__CH_00711,60
UKPGA_2018_12__LEGV2__CH_00712,48
UKPGA_2018_12__LEGV2__CH_00713,51
UKPGA_2018_12__LEGV2__CH_00714,46
UKPGA_2018_12__LEGV2__CH_00715,49
UKPGA_2018_12__LEGV2__CH_00716,53
UKPGA_2018_12__LEGV2__CH_00717,55
UKPGA_2018_12__LEGV2__CH_00718,54
UKPGA_2018_12__LEGV2__CH_00719,43
UKPGA_2018_12__LEGV2__CH_00720,44
UKPGA_2018_12__LEGV2__CH_00721,33
UKPGA_2018_12__LEGV2__CH_00722,63
UKPGA_2018_12__LEGV2__CH_00723,39
UKPGA_2018_12__LEGV2__CH_00724,53
UKPGA_2018_12__LEGV2__CH_00725,132
UKPGA_2018_12__LEGV2__CH_00726,37
UKPGA_2018_12__LEGV2__CH_00727,70
UKPGA_2018_12__LEGV2__CH_00728,48
UKPGA_2018_12__LEGV2__CH_00729,56
UKPGA_2018_12__LEGV2__CH_00730,42
UKPGA_2018_12__LEGV2__CH_00731,49
UKPGA_2018_12__LEGV2__CH_00732,73
UKPGA_2018_12__LEGV2__CH_00733,83
UKPGA_2018_12__LEGV2__CH_00734,41
UKPGA_2018_12__LEGV2__CH_00735,44
UKPGA_2018_12__LEGV2__CH_00736,50
UKPGA_2018_12__LEGV2__CH_00737,49
UKPGA_2018_12__LEGV2__CH_00740,48
UKPGA_2018_12__LEGV2__CH_00741,48
UKPGA_2018_12__LEGV2__CH_00746,38
UKPGA_2018_12__LEGV2__CH_00747,40
UKPGA_2018_12__LEGV2__CH_00750,57
UKPGA_2018_12__LEGV2__CH_00752,72
UKPGA_2018_12__LEGV2__CH_00753,58
UKPGA_2018_12__LEGV2__CH_00754,37
UKPGA_2018_12__LEGV2__CH_00755,44
UKPGA_2018_12__LEGV2__CH_00756,49
UKPGA_2018_12__LEGV2__CH_00757,35
UKPGA_2018_12__LEGV2__CH_00758,59
UKPGA_2018_12__LEGV2__CH_00759,56
UKPGA_2018_12__LEGV2__CH_00760,47
UKPGA_2018_12__LEGV2__CH_00761,46
UKPGA_2018_12__LEGV2__CH_00762,36
UKPGA_2018_12__LEGV2__CH_00763,117
UKPGA_2018_12__LEGV2__CH_00764,104
UKPGA_2018_12__LEGV2__CH_00765,81
UKPGA_2018_12__LEGV2__CH_00766,77
UKPGA_2018_12__LEGV2__CH_00767,78
UKPGA_2018_12__LEGV2__CH_00768,84
UKPGA_2018_12__LEGV2__CH_00769,46
UKPGA_2018_12__LEGV2__CH_00770,87
UKPGA_2018_12__LEGV2__CH_00772,73
UKPGA_2018_12__LEGV2__CH_00773,46
UKPGA_2018_12__LEGV2__CH_00774,49
UKPGA_2018_12__LEGV2__CH_00775,26
UKPGA_2018_12__LEGV2__CH_00776,40
UKPGA_2018_12__LEGV2__CH_00777,50
UKPGA_2018_12__LEGV2__CH_00778,54
UKPGA_2018_12__LEGV2__CH_00779,48
UKPGA_2018_12__LEGV2__CH_00780,52
UKPGA_2018_12__LEGV2__CH_00781__M,47
UKPGA_2018_12__LEGV2__CH_00784,72
UKPGA_2018_12__LEGV2__CH_00785,58
UKPGA_2018_12__LEGV2__CH_00786,65
UKPGA_2018_12__LEGV2__CH_00787,57
UKPGA_2018_12__LEGV2__CH_00788,60
UKPGA_2018_12__LEGV2__CH_00789,87
UKPGA_2018_12__LEGV2__CH_00790,75
UKPGA_2018_12__LEGV2__CH_00791,74
UKPGA_2018_12__LEGV2__CH_00792,59
UKPGA_2018_12__LEGV2__CH_00793,42
UKPGA_2018_12__LEGV2__CH_00794,64
UKPGA_2018_12__LEGV2__CH_00795,55
UKPGA_2018_12__LEGV2__CH_00796,69
UKPGA_2018_12__LEGV2__CH_00797,83
UKPGA_2018_12__LEGV2__CH_00798,104
UKPGA_2018_12__LEGV2__CH_00799,61
UKPGA_2018_12__LEGV2__CH_00800,36
UKPGA_2018_12__LEGV2__CH_00801,44
UKPGA_2018_12__LEGV2__CH_00802,53
UKPGA_2018_12__LEGV2__CH_00803,78
UKPGA_2018_12__LEGV2__CH_00804,101
UKPGA_2018_12__LEGV2__CH_00805,71
UKPGA_2018_12__LEGV2__CH_00806,63
UKPGA_2018_12__LEGV2__CH_00807,80
UKPGA_2018_12__LEGV2__CH_00808,34
UKPGA_2018_12__LEGV2__CH_00809,29
UKPGA_2018_12__LEGV2__CH_00810,71
UKPGA_2018_12__LEGV2__CH_00811,78
UKPGA_2018_12__LEGV2__CH_00812,43
UKPGA_2018_12__LEGV2__CH_00814,44
UKPGA_2018_12__LEGV2__CH_00816,73
UKPGA_2018_12__LEGV2__CH_00817,54
UKPGA_2018_12__LEGV2__CH_00818,54
UKPGA_2018_12__LEGV2__CH_00819,38
UKPGA_2018_12__LEGV2__CH_00824,33
UKPGA_2018_12__LEGV2__CH_00825,56
UKPGA_2018_12__LEGV2__CH_00826,38
UKPGA_2018_12__LEGV2__CH_00827,33
UKPGA_2018_12__LEGV2__CH_00828,64
UKPGA_2018_12__LEGV2__CH_00829,60
UKPGA_2018_12__LEGV2__CH_00830,58
UKPGA_2018_12__LEGV2__CH_00833,57
UKPGA_2018_12__LEGV2__CH_00834,48
UKPGA_2018_12__LEGV2__CH_00835,48
UKPGA_2018_12__LEGV2__CH_00836,41
UKPGA_2018_12__LEGV2__CH_00837,45
UKPGA_2018_12__LEGV2__CH_00838,46
UKPGA_2018_12__LEGV2__CH_00839,41
UKPGA_2018_12__LEGV2__CH_00840,44
UKPGA_2018_12__LEGV2__CH_00841,76
UKPGA_2018_12__LEGV2__CH_00842,63
UKPGA_2018_12__LEGV2__CH_00843,46
UKPGA_2018_12__LEGV2__CH_00844,37
UKPGA_2018_12__LEGV2__CH_00845,49
UKPGA_2018_12__LEGV2__CH_00846,56
UKPGA_2018_12__LEGV2__CH_00847,37
UKPGA_2018_12__LEGV2__CH_00849,51
UKPGA_2018_12__LEGV2__CH_00850,53
UKPGA_2018_12__LEGV2__CH_00851,63
UKPGA_2018_12__LEGV2__CH_00852,62
UKPGA_2018_12__LEGV2__CH_00853,51
UKPGA_2018_12__LEGV2__CH_00856,44
UKPGA_2018_12__LEGV2__CH_00857,48
UKPGA_2018_12__LEGV2__CH_00858,55
UKPGA_2018_12__LEGV2__CH_00859,44
UKPGA_2018_12__LEGV2__CH_00860,37
UKPGA_2018_12__LEGV2__CH_00861,42
UKPGA_2018_12__LEGV2__CH_00862,31
UKPGA_2018_12__LEGV2__CH_00863,41
UKPGA_2018_12__LEGV2__CH_00864,36
UKPGA_2018_12__LEGV2__CH_00865,37
UKPGA_2018_12__LEGV2__CH_00866,42
UKPGA_2018_12__LEGV2__CH_00867,66
UKPGA_2018_12__LEGV2__CH_00868,69
UKPGA_2018_12__LEGV2__CH_00869,64
UKPGA_2018_12__LEGV2__CH_00870,61
UKPGA_2018_12__LEGV2__CH_00871,87
UKPGA_2018_12__LEGV2__CH_00872,25
UKPGA_2018_12__LEGV2__CH_00873,53
UKPGA_2018_12__LEGV2__CH_00874,53
UKPGA_2018_12__LEGV2__CH_00875,44
UKPGA_2018_12__LEGV2__CH_00876,32
UKPGA_2018_12__LEGV2__CH_00877,45
UKPGA_2018_12__LEGV2__CH_00878,40
UKPGA_2018_12__LEGV2__CH_00880,37
UKPGA_2018_12__LEGV2__CH_00881,48
UKPGA_2018_12__LEGV2__CH_00883,33
UKPGA_2018_12__LEGV2__CH_00884,42
UKPGA_2018_12__LEGV2__CH_00885,33
UKPGA_2018_12__LEGV2__CH_00886,41
UKPGA_2018_12__LEGV2__CH_00887,36
UKPGA_2018_12__LEGV2__CH_00888,54
UKPGA_2018_12__LEGV2__CH_00889,42
UKPGA_2018_12__LEGV2__CH_00890,39
UKPGA_2018_12__LEGV2__CH_00891,27
UKPGA_2018_12__LEGV2__CH_00892,30
UKPGA_2018_12__LEGV2__CH_00893,43
UKPGA_2018_12__LEGV2__CH_00894,68
UKPGA_2018_12__LEGV2__CH_00895,68
UKPGA_2018_12__LEGV2__CH_00896,74
UKPGA_2018_12__LEGV2__CH_00901,40
UKPGA_2018_12__LEGV2__CH_00902,30
UKPGA_2018_12__LEGV2__CH_00904,53
UKPGA_2018_12__LEGV2__CH_00905,38
UKPGA_2018_12__LEGV2__CH_00906,41
UKPGA_2018_12__LEGV2__CH_00908,39
UKPGA_2018_12__LEGV2__CH_00909,41
UKPGA_2018_12__LEGV2__CH_00910,39
UKPGA_2018_12__LEGV2__CH_00916,46
UKPGA_2018_12__LEGV2__CH_00917,57
UKPGA_2018_12__LEGV2__CH_00918,38
UKPGA_2018_12__LEGV2__CH_00920,58
UKPGA_2018_12__LEGV2__CH_00922,44
UKPGA_2018_12__LEGV2__CH_00923,53
UKPGA_2018_12__LEGV2__CH_00924,66
UKPGA_2018_12__LEGV2__CH_00925,28
UKPGA_2018_12__LEGV2__CH_00926,62
UKPGA_2018_12__LEGV2__CH_00927,56
UKPGA_2018_12__LEGV2__CH_00928,30
UKPGA_2018_12__LEGV2__CH_00929,34
UKPGA_2018_12__LEGV2__CH_00930,43
UKPGA_2018_12__LEGV2__CH_00931,45
UKPGA_2018_12__LEGV2__CH_00932,45
UKPGA_2018_12__LEGV2__CH_00935,40
UKPGA_2018_12__LEGV2__CH_00936,39
UKPGA_2018_12__LEGV2__CH_00938,45
UKPGA_2018_12__LEGV2__CH_00941,30
UKPGA_2018_12__LEGV2__CH_00942,42
UKPGA_2018_12__LEGV2__CH_00943,56
UKPGA_2018_12__LEGV2__CH_00945,33
UKPGA_2018_12__LEGV2__CH_00946,55
UKPGA_2018_12__LEGV2__CH_00947,53
UKPGA_2018_12__LEGV2__CH_00948,34
UKPGA_2018_12__LEGV2__CH_00949,48
UKPGA_2018_12__LEGV2__CH_00950,58
UKPGA_2018_12__LEGV2__CH_00951,35
UKPGA_2018_12__LEGV2__CH_00952,39
UKPGA_2018_12__LEGV2__CH_00954,54
UKPGA_2018_12__LEGV2__CH_00956,50
UKPGA_2018_12__LEGV2__CH_00957,37
UKPGA_2018_12__LEGV2__CH_00958,36
UKPGA_2018_12__LEGV2__CH_00959,67
UKPGA_2018_12__LEGV2__CH_00961,57
UKPGA_2018_12__LEGV2__CH_00962,46
UKPGA_2018_12__LEGV2__CH_00963,55
UKPGA_2018_12__LEGV2__CH_00964,57
UKPGA_2018_12__LEGV2__CH_00965,51
UKPGA_2018_12__LEGV2__CH_00966,71
UKPGA_2018_12__LEGV2__CH_00967,59
UKPGA_2018_12__LEGV2__CH_00968,50
UKPGA_2018_12__LEGV2__CH_00969,48
UKPGA_2018_12__LEGV2__CH_00970,40
UKPGA_2018_12__LEGV2__CH_00971,41
UKPGA_2018_12__LEGV2__CH_00972,54
UKPGA_2018_12__LEGV2__CH_00973,42
UKPGA_2018_12__LEGV2__CH_00974,43
UKPGA_2018_12__LEGV2__CH_00975,36
UKPGA_2018_12__LEGV2__CH_00976,35
UKPGA_2018_12__LEGV2__CH_00977,53
UKPGA_2018_12__LEGV2__CH_00978,39
UKPGA_2018_12__LEGV2__CH_00979,44
UKPGA_2018_12__LEGV2__CH_00980,37
UKPGA_2018_12__LEGV2__CH_00981,42
UKPGA_2018_12__LEGV2__CH_00982,32
UKPGA_2018_12__LEGV2__CH_00983,34
UKPGA_2018_12__LEGV2__CH_00984,39
UKPGA_2018_12__LEGV2__CH_00985,38
UKPGA_2018_12__LEGV2__CH_00986,55
UKPGA_2018_12__LEGV2__CH_00987,46
UKPGA_2018_12__LEGV2__CH_00988,39
UKPGA_2018_12__LEGV2__CH_00989,57
UKPGA_2018_12__LEGV2__CH_00990,54
UKPGA_2018_12__LEGV2__CH_00991,36
UKPGA_2018_12__LEGV2__CH_00992,59
UKPGA_2018_12__LEGV2__CH_00993,51
UKPGA_2018_12__LEGV2__CH_00994,59
UKPGA_2018_12__LEGV2__CH_00995,40
UKPGA_2018_12__LEGV2__CH_00996,77
UKPGA_2018_12__LEGV2__CH_00997,88
UKPGA_2018_12__LEGV2__CH_00998,63
UKPGA_2018_12__LEGV2__CH_00999,73
UKPGA_2018_12__LEGV2__CH_01000,84
UKPGA_2018_12__LEGV2__CH_01001,68
UKPGA_2018_12__LEGV2__CH_01002,70
UKPGA_2018_12__LEGV2__CH_01003,54
UKPGA_2018_12__LEGV2__CH_01004,44
UKPGA_2018_12__LEGV2__CH_01005,47
UKPGA_2018_12__LEGV2__CH_01006,55
UKPGA_2018_12__LEGV2__CH_01007,53
UKPGA_2018_12__LEGV2__CH_01008,43
UKPGA_2018_12__LEGV2__CH_01009,52
UKPGA_2018_12__LEGV2__CH_01010,79
UKPGA_2018_12__LEGV2__CH_01011,78
UKPGA_2018_12__LEGV2__CH_01012,67
UKPGA_2018_12__LEGV2__CH_01013,73
UKPGA_2018_12__LEGV2__CH_01014,55
UKPGA_2018_12__LEGV2__CH_01015,54
UKPGA_2018_12__LEGV2__CH_01016,60
UKPGA_2018_12__LEGV2__CH_01017,55
UKPGA_2018_12__LEGV2__CH_01018,33
UKPGA_2018_12__LEGV2__CH_01019,48
UKPGA_2018_12__LEGV2__CH_01020,50
UKPGA_2018_12__LEGV2__CH_01021,57
UKPGA_2018_12__LEGV2__CH_01022,33
UKPGA_2018_12__LEGV2__CH_01023,61
UKPGA_2018_12__LEGV2__CH_01024,77
UKPGA_2018_12__LEGV2__CH_01025,77
UKPGA_2018_12__LEGV2__CH_01026,46
UKPGA_2018_12__LEGV2__CH_01028,23
UKPGA_2018_12__LEGV2__CH_01029,37
UKPGA_2018_12__LEGV2__CH_01030,44
UKPGA_2018_12__LEGV2__CH_01034,36
UKPGA_2018_12__LEGV2__CH_01036,56
UKPGA_2018_12__LEGV2__CH_01037,35
UKPGA_2018_12__LEGV2__CH_01038,33
UKPGA_2018_12__LEGV2__CH_01039,38
UKPGA_2018_12__LEGV2__CH_01040,45
UKPGA_2018_12__LEGV2__CH_01041,45
UKPGA_2018_12__LEGV2__CH_01042,34
UKPGA_2018_12__LEGV2__CH_01043,37
UKPGA_2018_12__LEGV2__CH_01044,50
UKPGA_2018_12__LEGV2__CH_01045,42
UKPGA_2018_12__LEGV2__CH_01046,35
UKPGA_2018_12__LEGV2__CH_01047,57
UKPGA_2018_12__LEGV2__CH_01048,32
UKPGA_2018_12__LEGV2__CH_01049,38
UKPGA_2018_12__LEGV2__CH_01050,28
UKPGA_2018_12__LEGV2__CH_01051,43
UKPGA_2018_12__LEGV2__CH_01052,47
UKPGA_2018_12__LEGV2__CH_01053,31
UKPGA_2018_12__LEGV2__CH_01054,56
UKPGA_2018_12__LEGV2__CH_01055,55
UKPGA_2018_12__LEGV2__CH_01056,40
UKPGA_2018_12__LEGV2__CH_01057,34
UKPGA_2018_12__LEGV2__CH_01058,54
UKPGA_2018_12__LEGV2__CH_01059,48
UKPGA_2018_12__LEGV2__CH_01060,48
UKPGA_2018_12__LEGV2__CH_01062,49
UKPGA_2018_12__LEGV2__CH_01063,51
UKPGA_2018_12__LEGV2__CH_01064,55
UKPGA_2018_12__LEGV2__CH_01065,84
UKPGA_2018_12__LEGV2__CH_01066,39
UKPGA_2018_12__LEGV2__CH_01067,80
UKPGA_2018_12__LEGV2__CH_01069,70
UKPGA_2018_12__LEGV2__CH_01070,21
UKPGA_2018_12__LEGV2__CH_01071,47
UKPGA_2018_12__LEGV2__CH_01073,52
UKPGA_2018_12__LEGV2__CH_01074,48
UKPGA_2018_12__LEGV2__CH_01075,28
UKPGA_2018_12__LEGV2__CH_01076,46
UKPGA_2018_12__LEGV2__CH_01077,35
UKPGA_2018_12__LEGV2__CH_01078,40
UKPGA_2018_12__LEGV2__CH_01079,43
UKPGA_2018_12__LEGV2__CH_01080,48
UKPGA_2018_12__LEGV2__CH_01081,53
UKPGA_2018_12__LEGV2__CH_01082,99
UKPGA_2018_12__LEGV2__CH_01083,82
UKPGA_2018_12__LEGV2__CH_01084,47
UKPGA_2018_12__LEGV2__CH_01085,39
UKPGA_2018_12__LEGV2__CH_01086,39
UKPGA_2018_12__LEGV2__CH_01087,53
UKPGA_2018_12__LEGV2__CH_01089,42
UKPGA_2018_12__LEGV2__CH_01090,49
UKPGA_2018_12__LEGV2__CH_01091,51
UKPGA_2018_12__LEGV2__CH_01094,30
UKPGA_2018_12__LEGV2__CH_01095,37
UKPGA_2018_12__LEGV2__CH_01096,35
UKPGA_2018_12__LEGV2__CH_01097,24
UKPGA_2018_12__LEGV2__CH_01099,33
UKPGA_2018_12__LEGV2__CH_01100,35
UKPGA_2018_12__LEGV2__CH_01101,49
UKPGA_2018_12__LEGV2__CH_01102,40
UKPGA_2018_12__LEGV2__CH_01103,40
UKPGA_2018_12__LEGV2__CH_01104,46
UKPGA_2018_12__LEGV2__CH_01105,52
UKPGA_2018_12__LEGV2__CH_01106,33
UKPGA_2018_12__LEGV2__CH_01107,36
UKPGA_2018_12__LEGV2__CH_01108,44
UKPGA_2018_12__LEGV2__CH_01109,32
UKPGA_2018_12__LEGV2__CH_01111,47
UKPGA_2018_12__LEGV2__CH_01112,33
UKPGA_2018_12__LEGV2__CH_01114,24
UKPGA_2018_12__LEGV2__CH_01115,32
UKPGA_2018_12__LEGV2__CH_01116,42
UKPGA_2018_12__LEGV2__CH_01117,26
UKPGA_2018_12__LEGV2__CH_01119,50
UKPGA_2018_12__LEGV2__CH_01120,43
UKPGA_2018_12__LEGV2__CH_01121,25
UKPGA_2018_12__LEGV2__CH_01122,31
UKPGA_2018_12__LEGV2__CH_01123,47
UKPGA_2018_12__LEGV2__CH_01124,54
UKPGA_2018_12__LEGV2__CH_01125,56
UKPGA_2018_12__LEGV2__CH_01126,66
UKPGA_2018_12__LEGV2__CH_01127,61
UKPGA_2018_12__LEGV2__CH_01128,46
UKPGA_2018_12__LEGV2__CH_01129,49
UKPGA_2018_12__LEGV2__CH_01131,57
UKPGA_2018_12__LEGV2__CH_01132,79
UKPGA_2018_12__LEGV2__CH_01133,44
UKPGA_2018_12__LEGV2__CH_01134,38
UKPGA_2018_12__LEGV2__CH_01135,39
UKPGA_2018_12__LEGV2__CH_01136,59
UKPGA_2018_12__LEGV2__CH_01137,38
UKPGA_2018_12__LEGV2__CH_01138,40
UKPGA_2018_12__LEGV2__CH_01139,48
UKPGA_2018_12__LEGV2__CH_01140,29
UKPGA_2018_12__LEGV2__CH_01141,32
UKPGA_2018_12__LEGV2__CH_01142,52
UKPGA_2018_12__LEGV2__CH_01143,28
UKPGA_2018_12__LEGV2__CH_01144,22
UKPGA_2018_12__LEGV2__CH_01145,42
UKPGA_2018_12__LEGV2__CH_01146,40
UKPGA_2018_12__LEGV2__CH_01147,28
UKPGA_2018_12__LEGV2__CH_01148,42
UKPGA_2018_12__LEGV2__CH_01149,35
UKPGA_2018_12__LEGV2__CH_01150,53
UKPGA_2018_12__LEGV2__CH_01151,37
UKPGA_2018_12__LEGV2__CH_01153,23
UKPGA_2018_12__LEGV2__CH_01154,56
UKPGA_2018_12__LEGV2__CH_01155,50
UKPGA_2018_12__LEGV2__CH_01156,45
UKPGA_2018_12__LEGV2__CH_01157,45
UKPGA_2018_12__LEGV2__CH_01158,35
UKPGA_2018_12__LEGV2__CH_01159,43
UKPGA_2018_12__LEGV2__CH_01160__M,44
UKPGA_2018_12__LEGV2__CH_01162,31
UKPGA_2018_12__LEGV2__CH_01163,39
UKPGA_2018_12__LEGV2__CH_01164,40
UKPGA_2018_12__LEGV2__CH_01165,32
UKPGA_2018_12__LEGV2__CH_01166,42
UKPGA_2018_12__LEGV2__CH_01167,38
UKPGA_2018_12__LEGV2__CH_01168,34
UKPGA_2018_12__LEGV2__CH_01169,57
UKPGA_2018_12__LEGV2__CH_01170,53
UKPGA_2018_12__LEGV2__CH_01171,69
UKPGA_2018_12__LEGV2__CH_01172,31
UKPGA_2018_12__LEGV2__CH_01173,43
UKPGA_2018_12__LEGV2__CH_01174,40
UKPGA_2018_12__LEGV2__CH_01175,37
UKPGA_2018_12__LEGV2__CH_01176,61
UKPGA_2018_12__LEGV2__CH_01177,72
UKPGA_2018_12__LEGV2__CH_01178,60
UKPGA_2018_12__LEGV2__CH_01179,41
UKPGA_2018_12__LEGV2__CH_01180,40
UKPGA_2018_12__LEGV2__CH_01181,36
UKPGA_2018_12__LEGV2__CH_01182,38
UKPGA_2018_12__LEGV2__CH_01183,53
UKPGA_2018_12__LEGV2__CH_01184,71
UKPGA_2018_12__LEGV2__CH_01185,75
UKPGA_2018_12__LEGV2__CH_01186,42
UKPGA_2018_12__LEGV2__CH_01187,72
UKPGA_2018_12__LEGV2__CH_01188,55
UKPGA_2018_12__LEGV2__CH_01189,54
UKPGA_2018_12__LEGV2__CH_01190,57
UKPGA_2018_12__LEGV2__CH_01191,53
UKPGA_2018_12__LEGV2__CH_01192,31
UKPGA_2018_12__LEGV2__CH_01195,37
UKPGA_2018_12__LEGV2__CH_01196,43
UKPGA_2018_12__LEGV2__CH_01197,28
UKPGA_2018_12__LEGV2__CH_01198,68
UKPGA_2018_12__LEGV2__CH_01199,44
UKPGA_2018_12__LEGV2__CH_01200,41
UKPGA_2018_12__LEGV2__CH_01201,44
UKPGA_2018_12__LEGV2__CH_01202,46
UKPGA_2018_12__LEGV2__CH_01203,59
UKPGA_2018_12__LEGV2__CH_01204,64
UKPGA_2018_12__LEGV2__CH_01205,52
UKPGA_2018_12__LEGV2__CH_01206,40
UKPGA_2018_12__LEGV2__CH_01207,50
UKPGA_2018_12__LEGV2__CH_01208,59
UKPGA_2018_12__LEGV2__CH_01209,65
UKPGA_2018_12__LEGV2__CH_01210,29
UKPGA_2018_12__LEGV2__CH_01211,60
UKPGA_2018_12__LEGV2__CH_01212,32
UKPGA_2018_12__LEGV2__CH_01213,29
UKPGA_2018_12__LEGV2__CH_01215,44
UKPGA_2018_12__LEGV2__CH_01216,54
UKPGA_2018_12__LEGV2__CH_01217,46
UKPGA_2018_12__LEGV2__CH_01218,24
UKPGA_2018_12__LEGV2__CH_01219,26
UKPGA_2018_12__LEGV2__CH_01220,25
UKPGA_2018_12__LEGV2__CH_01221,24
UKPGA_2018_12__LEGV2__CH_01222,53
UKPGA_2018_12__LEGV2__CH_01223,48
UKPGA_2018_12__LEGV2__CH_01224,46
UKPGA_2018_12__LEGV2__CH_01225,31
UKPGA_2018_12__LEGV2__CH_01226,24
UKPGA_2018_12__LEGV2__CH_01227,42
UKPGA_2018_12__LEGV2__CH_01228,52
UKPGA_2018_12__LEGV2__CH_01229,36
UKPGA_2018_12__LEGV2__CH_01230,28
UKPGA_2018_12__LEGV2__CH_01231,31
UKPGA_2018_12__LEGV2__CH_01232,58
UKPGA_2018_12__LEGV2__CH_01233,61
UKPGA_2018_12__LEGV2__CH_01234,56
UKPGA_2018_12__LEGV2__CH_01235,43
UKPGA_2018_12__LEGV2__CH_01236,36
UKPGA_2018_12__LEGV2__CH_01237,32
UKPGA_2018_12__LEGV2__CH_01238,39
UKPGA_2018_12__LEGV2__CH_01239,46
UKPGA_2018_12__LEGV2__CH_01240,87
UKPGA_2018_12__LEGV2__CH_01241,75
UKPGA_2018_12__LEGV2__CH_01242,79
UKPGA_2018_12__LEGV2__CH_01243,59
UKPGA_2018_12__LEGV2__CH_01244,48
UKPGA_2018_12__LEGV2__CH_01245,39
UKPGA_2018_12__LEGV2__CH_01246,64
UKPGA_2018_12__LEGV2__CH_01247,59
UKPGA_2018_12__LEGV2__CH_01248,69
UKPGA_2018_12__LEGV2__CH_01249,71
UKPGA_2018_12__LEGV2__CH_01250,78
UKPGA_2018_12__LEGV2__CH_01251,70
UKPGA_2018_12__LEGV2__CH_01252,57
UKPGA_2018_12__LEGV2__CH_01253,66
UKPGA_2018_12__LEGV2__CH_01254,66
UKPGA_2018_12__LEGV2__CH_01255,67
UKPGA_2018_12__LEGV2__CH_01256,88
UKPGA_2018_12__LEGV2__CH_01257,106
UKPGA_2018_12__LEGV2__CH_01258,60
UKPGA_2018_12__LEGV2__CH_01259,64
UKPGA_2018_12__LEGV2__CH_01260,42
UKPGA_2018_12__LEGV2__CH_01261,41
UKPGA_2018_12__LEGV2__CH_01273,63
UKPGA_2018_12__LEGV2__CH_01274,31
UKPGA_2018_12__LEGV2__CH_01279,39
UKPGA_2018_12__LEGV2__CH_01280,54
UKPGA_2018_12__LEGV2__CH_01281,60
UKPGA_2018_12__LEGV2__CH_01282,53
UKPGA_2018_12__LEGV2__CH_01283,35
UKPGA_2018_12__LEGV2__CH_01284,61
UKPGA_2018_12__LEGV2__CH_01285,56
UKPGA_2018_12__LEGV2__CH_01286,55
UKPGA_2018_12__LEGV2__CH_01287,39
UKPGA_2018_12__LEGV2__CH_01288,48
UKPGA_2018_12__LEGV2__CH_01289,57
UKPGA_2018_12__LEGV2__CH_01290,40
UKPGA_2018_12__LEGV2__CH_01291,32
UKPGA_2018_12__LEGV2__CH_01292,32
UKPGA_2018_12__LEGV2__CH_01293,40
UKPGA_2018_12__LEGV2__CH_01294,25
UKPGA_2018_12__LEGV2__CH_01295,17
UKPGA_2018_12__LEGV2__CH_01296,29
UKPGA_2018_12__LEGV2__CH_01297,29
UKPGA_2018_12__LEGV2__CH_01299,61
UKPGA_2018_12__LEGV2__CH_01300,19
UKPGA_2018_12__LEGV2__CH_01301,53
UKPGA_2018_12__LEGV2__CH_01302,54
UKPGA_2018_12__LEGV2__CH_01307,77
UKPGA_2018_12__LEGV2__CH_01308,60
UKPGA_2018_12__LEGV2__CH_01310,60
UKPGA_2018_12__LEGV2__CH_01311,60
UKPGA_2018_12__LEGV2__CH_01313,41
UKPGA_2018_12__LEGV2__CH_01314,38
UKPGA_2018_12__LEGV2__CH_01316,42
UKPGA_2018_12__LEGV2__CH_01317,58
UKPGA_2018_12__LEGV2__CH_01318,29
UKPGA_2018_12__LEGV2__CH_01319,40
UKPGA_2018_12__LEGV2__CH_01320,34
UKPGA_2018_12__LEGV2__CH_01321,43
UKPGA_2018_12__LEGV2__CH_01322,37
UKPGA_2018_12__LEGV2__CH_01323,45
UKPGA_2018_12__LEGV2__CH_01324,36
UKPGA_2018_12__LEGV2__CH_01325,59
UKPGA_2018_12__LEGV2__CH_01326,58
UKPGA_2018_12__LEGV2__CH_01327,37
UKPGA_2018_12__LEGV2__CH_01328,41
UKPGA_2018_12__LEGV2__CH_01331,37
UKPGA_2018_12__LEGV2__CH_01332,43
UKPGA_2018_12__LEGV2__CH_01333,37
UKPGA_2018_12__LEGV2__CH_01335,35
UKPGA_2018_12__LEGV2__CH_01336,45
UKPGA_2018_12__LEGV2__CH_01337,30
UKPGA_2018_12__LEGV2__CH_01338,34
UKPGA_2018_12__LEGV2__CH_01340,31
UKPGA_2018_12__LEGV2__CH_01341,32
UKPGA_2018_12__LEGV2__CH_01342,35
UKPGA_2018_12__LEGV2__CH_01343,51
UKPGA_2018_12__LEGV2__CH_01344,33
UKPGA_2018_12__LEGV2__CH_01345,34
UKPGA_2018_12__LEGV2__CH_01348,52
UKPGA_2018_12__LEGV2__CH_01349,53
UKPGA_2018_12__LEGV2__CH_01352,45
UKPGA_2018_12__LEGV2__CH_01353,35
UKPGA_2018_12__LEGV2__CH_01354,36
UKPGA_2018_12__LEGV2__CH_01355,50
UKPGA_2018_12__LEGV2__CH_01356,66
UKPGA_2018_12__LEGV2__CH_01357,49
UKPGA_2018_12__LEGV2__CH_01359__M,64
UKPGA_2018_12__LEGV2__CH_01361,41
UKPGA_2018_12__LEGV2__CH_01362,28
UKPGA_2018_12__LEGV2__CH_01363,62
UKPGA_2018_12__LEGV2__CH_01364,44
UKPGA_2018_12__LEGV2__CH_01365,32
UKPGA_2018_12__LEGV2__CH_01366,53
UKPGA_2018_12__LEGV2__CH_01367,53
UKPGA_2018_12__LEGV2__CH_01368,36
UKPGA_2018_12__LEGV2__CH_01375,37
UKPGA_2018_12__LEGV2__CH_01376,42
UKPGA_2018_12__LEGV2__CH_01377,36
UKPGA_2018_12__LEGV2__CH_01378,41
UKPGA_2018_12__LEGV2__CH_01379,54
UKPGA_2018_12__LEGV2__CH_01380,33
UKPGA_2018_12__LEGV2__CH_01381,47
UKPGA_2018_12__LEGV2__CH_01382,40
UKPGA_2018_12__LEGV2__CH_01383,49
UKPGA_2018_12__LEGV2__CH_01384,41
UKPGA_2018_12__LEGV2__CH_01385,39
UKPGA_2018_12__LEGV2__CH_01386,42
UKPGA_2018_12__LEGV2__CH_01387,60
UKPGA_2018_12__LEGV2__CH_01388,81
UKPGA_2018_12__LEGV2__CH_01389,79
UKPGA_2018_12__LEGV2__CH_01390,74
UKPGA_2018_12__LEGV2__CH_01391,78
UKPGA_2018_12__LEGV2__CH_01392,62
UKPGA_2018_12__LEGV2__CH_01393,63
UKPGA_2018_12__LEGV2__CH_01394,88
UKPGA_2018_12__LEGV2__CH_01395,71
UKPGA_2018_12__LEGV2__CH_01396,69
UKPGA_2018_12__LEGV2__CH_01397,46
UKPGA_2018_12__LEGV2__CH_01398,107
UKPGA_2018_12__LEGV2__CH_01399,53
UKPGA_2018_12__LEGV2__CH_01400,89
UKPGA_2018_12__LEGV2__CH_01401,50
UKPGA_2018_12__LEGV2__CH_01402,76
UKPGA_2018_12__LEGV2__CH_01403,57
UKPGA_2018_12__LEGV2__CH_01404,98
UKPGA_2018_12__LEGV2__CH_01405,73
UKPGA_2018_12__LEGV2__CH_01406,59
UKPGA_2018_12__LEGV2__CH_01407,69
UKPGA_2018_12__LEGV2__CH_01408,54
UKPGA_2018_12__LEGV2__CH_01409,85
UKPGA_2018_12__LEGV2__CH_01410,72
UKPGA_2018_12__LEGV2__CH_01411,44
UKPGA_2018_12__LEGV2__CH_01412,70
UKPGA_2018_12__LEGV2__CH_01413,78
UKPGA_2018_12__LEGV2__CH_01414,98
UKPGA_2018_12__LEGV2__CH_01415,103
UKPGA_2018_12__LEGV2__CH_01416,73
UKPGA_2018_12__LEGV2__CH_01417,53
UKPGA_2018_12__LEGV2__CH_01418,67
UKPGA_2018_12__LEGV2__CH_01419,63
UKPGA_2018_12__LEGV2__CH_01420,64
UKPGA_2018_12__LEGV2__CH_01421,51
UKPGA_2018_12__LEGV2__CH_01422,90
UKPGA_2018_12__LEGV2__CH_01423,109
UKPGA_2018_12__LEGV2__CH_01424,52
UKPGA_2018_12__LEGV2__CH_01425,49
UKPGA_2018_12__LEGV2__CH_01426,84
UKPGA_2018_12__LEGV2__CH_01427,64
UKPGA_2018_12__LEGV2__CH_01428,52
UKPGA_2018_12__LEGV2__CH_01429,67
UKPGA_2018_12__LEGV2__CH_01430,89
UKPGA_2018_12__LEGV2__CH_01431,56
UKPGA_2018_12__LEGV2__CH_01432,53
UKPGA_2018_12__LEGV2__CH_01433,55
UKPGA_2018_12__LEGV2__CH_01434,93
UKPGA_2018_12__LEGV2__CH_01435,68
UKPGA_2018_12__LEGV2__CH_01436,61
UKPGA_2018_12__LEGV2__CH_01437,47
UKPGA_2018_12__LEGV2__CH_01438,74
UKPGA_2018_12__LEGV2__CH_01439,43
UKPGA_2018_12__LEGV2__CH_01440,76
UKPGA_2018_12__LEGV2__CH_01441,35
UKPGA_2018_12__LEGV2__CH_01442,33
UKPGA_2018_12__LEGV2__CH_01443,53
UKPGA_2018_12__LEGV2__CH_01444,48
UKPGA_2018_12__LEGV2__CH_01445,28
UKPGA_2018_12__LEGV2__CH_01446,41
UKPGA_2018_12__LEGV2__CH_01447,31
UKPGA_2018_12__LEGV2__CH_01448,36
UKPGA_2018_12__LEGV2__CH_01449,30
UKPGA_2018_12__LEGV2__CH_01450,30
UKPGA_2018_12__LEGV2__CH_01451,48
UKPGA_2018_12__LEGV2__CH_01452,60
UKPGA_2018_12__LEGV2__CH_01455,61
UKPGA_2018_12__LEGV2__CH_01456,40
UKPGA_2018_12__LEGV2__CH_01457,48
UKPGA_2018_12__LEGV2__CH_01458,52
UKPGA_2018_12__LEGV2__CH_01459,59
UKPGA_2018_12__LEGV2__CH_01460,47
UKPGA_2018_12__LEGV2__CH_01461,31
UKPGA_2018_12__LEGV2__CH_01462,41
UKPGA_2018_12__LEGV2__CH_01464,33
UKPGA_2018_12__LEGV2__CH_01465,42
UKPGA_2018_12__LEGV2__CH_01467__M,34
UKPGA_2018_12__LEGV2__CH_01469,50
UKPGA_2018_12__LEGV2__CH_01470,43
UKPGA_2018_12__LEGV2__CH_01471,44
UKPGA_2018_12__LEGV2__CH_01472,74
UKPGA_2018_12__LEGV2__CH_01473,28
UKPGA_2018_12__LEGV2__CH_01476,36
UKPGA_2018_12__LEGV2__CH_01477,27
UKPGA_2018_12__LEGV2__CH_01478,36
UKPGA_2018_12__LEGV2__CH_01479,31
UKPGA_2018_12__LEGV2__CH_01480,30
UKPGA_2018_12__LEGV2__CH_01481,33
UKPGA_2018_12__LEGV2__CH_01482,38
UKPGA_2018_12__LEGV2__CH_01483,44
UKPGA_2018_12__LEGV2__CH_01485,44
UKPGA_2018_12__LEGV2__CH_01486,55
UKPGA_2018_12__LEGV2__CH_01487,43
UKPGA_2018_12__LEGV2__CH_01488,55
UKPGA_2018_12__LEGV2__CH_01489,67
UKPGA_2018_12__LEGV2__CH_01490,38
UKPGA_2018_12__LEGV2__CH_01491,28
UKPGA_2018_12__LEGV2__CH_01492,21
UKPGA_2018_12__LEGV2__CH_01493,31
UKPGA_2018_12__LEGV2__CH_01494,33
UKPGA_2018_12__LEGV2__CH_01495,29
UKPGA_2018_12__LEGV2__CH_01496,33
UKPGA_2018_12__LEGV2__CH_01497,69
UKPGA_2018_12__LEGV2__CH_01498__M,58
UKPGA_2018_12__LEGV2__CH_01500,66
UKPGA_2018_12__LEGV2__CH_01501,35
UKPGA_2018_12__LEGV2__CH_01502,48
UKPGA_2018_12__LEGV2__CH_01503,46
UKPGA_2018_12__LEGV2__CH_01504,45
UKPGA_2018_12__LEGV2__CH_01505,23
UKPGA_2018_12__LEGV2__CH_01508,24
UKPGA_2018_12__LEGV2__CH_01509,25
UKPGA_2018_12__LEGV2__CH_01510,37
UKPGA_2018_12__LEGV2__CH_01511,25
UKPGA_2018_12__LEGV2__CH_01512,32
UKPGA_2018_12__LEGV2__CH_01513,69
UKPGA_2018_12__LEGV2__CH_01514,44
UKPGA_2018_12__LEGV2__CH_01515,22
UKPGA_2018_12__LEGV2__CH_01516,46
UKPGA_2018_12__LEGV2__CH_01517,34
UKPGA_2018_12__LEGV2__CH_01518,38
UKPGA_2018_12__LEGV2__CH_01519,34
UKPGA_2018_12__LEGV2__CH_01520,43
UKPGA_2018_12__LEGV2__CH_01521,55
UKPGA_2018_12__LEGV2__CH_01524,42
UKPGA_2018_12__LEGV2__CH_01525,46
UKPGA_2018_12__LEGV2__CH_01526,27
UKPGA_2018_12__LEGV2__CH_01527,22
UKPGA_2018_12__LEGV2__CH_01528,29
UKPGA_2018_12__LEGV2__CH_01529,25
UKPGA_2018_12__LEGV2__CH_01530,41
UKPGA_2018_12__LEGV2__CH_01531,37
UKPGA_2018_12__LEGV2__CH_01532,49
UKPGA_2018_12__LEGV2__CH_01533,49
UKPGA_2018_12__LEGV2__CH_01534,29
UKPGA_2018_12__LEGV2__CH_01535,48
UKPGA_2018_12__LEGV2__CH_01536,46
UKPGA_2018_12__LEGV2__CH_01537,53
UKPGA_2018_12__LEGV2__CH_01538,31
UKPGA_2018_12__LEGV2__CH_01539,70
UKPGA_2018_12__LEGV2__CH_01540,45
UKPGA_2018_12__LEGV2__CH_01541,56
UKPGA_2018_12__LEGV2__CH_01542,65
UKPGA_2018_12__LEGV2__CH_01543,94
UKPGA_2018_12__LEGV2__CH_01544,76
UKPGA_2018_12__LEGV2__CH_01545,61
UKPGA_2018_12__LEGV2__CH_01546,77
UKPGA_2018_12__LEGV2__CH_01547,60
UKPGA_2018_12__LEGV2__CH_01548,55
UKPGA_2018_12__LEGV2__CH_01549,58
UKPGA_2018_12__LEGV2__CH_01550,68
UKPGA_2018_12__LEGV2__CH_01551,66
UKPGA_2018_12__LEGV2__CH_01552,55
UKPGA_2018_12__LEGV2__CH_01553,77
UKPGA_2018_12__LEGV2__CH_01554,58
UKPGA_2018_12__LEGV2__CH_01555,54
UKPGA_2018_12__LEGV2__CH_01556,55
UKPGA_2018_12__LEGV2__CH_01557,66
UKPGA_2018_12__LEGV2__CH_01558,39
UKPGA_2018_12__LEGV2__CH_01559,61
UKPGA_2018_12__LEGV2__CH_01560,79
UKPGA_2018_12__LEGV2__CH_01561,80
UKPGA_2018_12__LEGV2__CH_01562,52
UKPGA_2018_12__LEGV2__CH_01563,78
UKPGA_2018_12__LEGV2__CH_01564,72
UKPGA_2018_12__LEGV2__CH_01565,47
UKPGA_2018_12__LEGV2__CH_01566,51
UKPGA_2018_12__LEGV2__CH_01567,51
UKPGA_2018_12__LEGV2__CH_01568,49
UKPGA_2018_12__LEGV2__CH_01569,41
UKPGA_2018_12__LEGV2__CH_01570,28
UKPGA_2018_12__LEGV2__CH_01571,35
UKPGA_2018_12__LEGV2__CH_01572,27
UKPGA_2018_12__LEGV2__CH_01573,27
UKPGA_2018_12__LEGV2__CH_01574,21
UKPGA_2018_12__LEGV2__CH_01575,29
UKPGA_2018_12__LEGV2__CH_01576,59
UKPGA_2018_12__LEGV2__CH_01577,35
UKPGA_2018_12__LEGV2__CH_01578,48
UKPGA_2018_12__LEGV2__CH_01579,61
UKPGA_2018_12__LEGV2__CH_01580,45
UKPGA_2018_12__LEGV2__CH_01581,55
UKPGA_2018_12__LEGV2__CH_01582,54
UKPGA_2018_12__LEGV2__CH_01583,32
UKPGA_2018_12__LEGV2__CH_01584,48
UKPGA_2018_12__LEGV2__CH_01585,31
UKPGA_2018_12__LEGV2__CH_01586,42
UKPGA_2018_12__LEGV2__CH_01587,36
UKPGA_2018_12__LEGV2__CH_01588,61
UKPGA_2018_12__LEGV2__CH_01589,53
UKPGA_2018_12__LEGV2__CH_01590,68
UKPGA_2018_12__LEGV2__CH_01592,68
UKPGA_2018_12__LEGV2__CH_01593,44
UKPGA_2018_12__LEGV2__CH_01594,59
UKPGA_2018_12__LEGV2__CH_01595,46
UKPGA_2018_12__LEGV2__CH_01596,53
UKPGA_2018_12__LEGV2__CH_01597,40
UKPGA_2018_12__LEGV2__CH_01598,37
UKPGA_2018_12__LEGV2__CH_01599,40
UKPGA_2018_12__LEGV2__CH_01600,45
UKPGA_2018_12__LEGV2__CH_01601,44
UKPGA_2018_12__LEGV2__CH_01602,64
UKPGA_2018_12__LEGV2__CH_01603,60
UKPGA_2018_12__LEGV2__CH_01604,60
UKPGA_2018_12__LEGV2__CH_01605,67
UKPGA_2018_12__LEGV2__CH_01606,75
UKPGA_2018_12__LEGV2__CH_01607,66
UKPGA_2018_12__LEGV2__CH_01608,50
UKPGA_2018_12__LEGV2__CH_01609,56
UKPGA_2018_12__LEGV2__CH_01610,58
UKPGA_2018_12__LEGV2__CH_01611,54
UKPGA_2018_12__LEGV2__CH_01612,65
UKPGA_2018_12__LEGV2__CH_01613,60
UKPGA_2018_12__LEGV2__CH_01614,64
UKPGA_2018_12__LEGV2__CH_01615,75
UKPGA_2018_12__LEGV2__CH_01616,51
UKPGA_2018_12__LEGV2__CH_01617,68
UKPGA_2018_12__LEGV2__CH_01618,48
UKPGA_2018_12__LEGV2__CH_01619,61
UKPGA_2018_12__LEGV2__CH_01620,62
UKPGA_2018_12__LEGV2__CH_01621,74
UKPGA_2018_12__LEGV2__CH_01622,42
UKPGA_2018_12__LEGV2__CH_01623,41
UKPGA_2018_12__LEGV2__CH_01624,46
UKPGA_2018_12__LEGV2__CH_01625,96
UKPGA_2018_12__LEGV2__CH_01626,41
UKPGA_2018_12__LEGV2__CH_01627,60
UKPGA_2018_12__LEGV2__CH_01628,74
UKPGA_2018_12__LEGV2__CH_01629,50
UKPGA_2018_12__LEGV2__CH_01630,52
UKPGA_2018_12__LEGV2__CH_01631,56
UKPGA_2018_12__LEGV2__CH_01632,42
UKPGA_2018_12__LEGV2__CH_01633,52
UKPGA_2018_12__LEGV2__CH_01634,41
UKPGA_2018_12__LEGV2__CH_01635,56
UKPGA_2018_12__LEGV2__CH_01636,51
UKPGA_2018_12__LEGV2__CH_01637,50
UKPGA_2018_12__LEGV2__CH_01638,70
UKPGA_2018_12__LEGV2__CH_01639,60
UKPGA_2018_12__LEGV2__CH_01640,50
UKPGA_2018_12__LEGV2__CH_01641,46
UKPGA_2018_12__LEGV2__CH_01642,47
UKPGA_2018_12__LEGV2__CH_01643,47
UKPGA_2018_12__LEGV2__CH_01644,54
UKPGA_2018_12__LEGV2__CH_01645,70
UKPGA_2018_12__LEGV2__CH_01646,46
UKPGA_2018_12__LEGV2__CH_01647,68
UKPGA_2018_12__LEGV2__CH_01648,70
UKPGA_2018_12__LEGV2__CH_01649,59
UKPGA_2018_12__LEGV2__CH_01650,63
UKPGA_2018_12__LEGV2__CH_01651,57
UKPGA_2018_12__LEGV2__CH_01652,43
UKPGA_2018_12__LEGV2__CH_01653,46
UKPGA_2018_12__LEGV2__CH_01654,44
UKPGA_2018_12__LEGV2__CH_01655,45
UKPGA_2018_12__LEGV2__CH_01656,52
UKPGA_2018_12__LEGV2__CH_01657,66
UKPGA_2018_12__LEGV2__CH_01658,47
UKPGA_2018_12__LEGV2__CH_01659,51
UKPGA_2018_12__LEGV2__CH_01660,55
UKPGA_2018_12__LEGV2__CH_01661,55
UKPGA_2018_12__LEGV2__CH_01662,61
UKPGA_2018_12__LEGV2__CH_01663,46
UKPGA_2018_12__LEGV2__CH_01664,28
UKPGA_2018_12__LEGV2__CH_01665,53
UKPGA_2018_12__LEGV2__CH_01666,44
UKPGA_2018_12__LEGV2__CH_01667,64
UKPGA_2018_12__LEGV2__CH_01668,46
UKPGA_2018_12__LEGV2__CH_01669,38
UKPGA_2018_12__LEGV2__CH_01670,53
UKPGA_2018_12__LEGV2__CH_01671,66
UKPGA_2018_12__LEGV2__CH_01672,53
UKPGA_2018_12__LEGV2__CH_01673,56
UKPGA_2018_12__LEGV2__CH_01674,46
UKPGA_2018_12__LEGV2__CH_01675,61
UKPGA_2018_12__LEGV2__CH_01676,44
UKPGA_2018_12__LEGV2__CH_01677,60
UKPGA_2018_12__LEGV2__CH_01678,61
UKPGA_2018_12__LEGV2__CH_01679,50
UKPGA_2018_12__LEGV2__CH_01680,58
UKPGA_2018_12__LEGV2__CH_01681,46
UKPGA_2018_12__LEGV2__CH_01682,69
UKPGA_2018_12__LEGV2__CH_01683,59
UKPGA_2018_12__LEGV2__CH_01684,52
UKPGA_2018_12__LEGV2__CH_01685,42
UKPGA_2018_12__LEGV2__CH_01686,63
UKPGA_2018_12__LEGV2__CH_01687,63
UKPGA_2018_12__LEGV2__CH_01688,50
UKPGA_2018_12__LEGV2__CH_01689,53
UKPGA_2018_12__LEGV2__CH_01690,57
UKPGA_2018_12__LEGV2__CH_01691,53
UKPGA_2018_12__LEGV2__CH_01692,40
UKPGA_2018_12__LEGV2__CH_01693,35
UKPGA_2018_12__LEGV2__CH_01695,48
UKPGA_2018_12__LEGV2__CH_01696,46
UKPGA_2018_12__LEGV2__CH_01697,54
UKPGA_2018_12__LEGV2__CH_01698,36
UKPGA_2018_12__LEGV2__CH_01699,50
UKPGA_2018_12__LEGV2__CH_01700,49
UKPGA_2018_12__LEGV2__CH_01701,56
UKPGA_2018_12__LEGV2__CH_01702,106
UKPGA_2018_12__LEGV2__CH_01703,52
UKPGA_2018_12__LEGV2__CH_01704,47
UKPGA_2018_12__LEGV2__CH_01705,55
UKPGA_2018_12__LEGV2__CH_01706,39
UKPGA_2018_12__LEGV2__CH_01707,36
UKPGA_2018_12__LEGV2__CH_01708,34
UKPGA_2018_12__LEGV2__CH_01709,44
UKPGA_2018_12__LEGV2__CH_01710,38
UKPGA_2018_12__LEGV2__CH_01711,36
UKPGA_2018_12__LEGV2__CH_01712,38
UKPGA_2018_12__LEGV2__CH_01713,48
UKPGA_2018_12__LEGV2__CH_01714,40
UKPGA_2018_12__LEGV2__CH_01715,43
UKPGA_2018_12__LEGV2__CH_01716,65
UKPGA_2018_12__LEGV2__CH_01717,42
UKPGA_2018_12__LEGV2__CH_01718,40
UKPGA_2018_12__LEGV2__CH_01719,62
UKPGA_2018_12__LEGV2__CH_01720,40
UKPGA_2018_12__LEGV2__CH_01721,38
UKPGA_2018_12__LEGV2__CH_01722,51
UKPGA_2018_12__LEGV2__CH_01723,42
UKPGA_2018_12__LEGV2__CH_01724,45
UKPGA_2018_12__LEGV2__CH_01725,37
UKPGA_2018_12__LEGV2__CH_01726,43
UKPGA_2018_12__LEGV2__CH_01728,53
UKPGA_2018_12__LEGV2__CH_01729,41
UKPGA_2018_12__LEGV2__CH_01730,64
UKPGA_2018_12__LEGV2__CH_01731,40
UKPGA_2018_12__LEGV2__CH_01732,43
UKPGA_2018_12__LEGV2__CH_01733,46
UKPGA_2018_12__LEGV2__CH_01734,40
UKPGA_2018_12__LEGV2__CH_01735,25
UKPGA_2018_12__LEGV2__CH_01736,29
UKPGA_2018_12__LEGV2__CH_01737,60
UKPGA_2018_12__LEGV2__CH_01738,60
UKPGA_2018_12__LEGV2__CH_01739,49
UKPGA_2018_12__LEGV2__CH_01740,51
UKPGA_2018_12__LEGV2__CH_01741,43
UKPGA_2018_12__LEGV2__CH_01742,47
UKPGA_2018_12__LEGV2__CH_01743,38
UKPGA_2018_12__LEGV2__CH_01744,55
UKPGA_2018_12__LEGV2__CH_01746,35
UKPGA_2018_12__LEGV2__CH_01747,42
UKPGA_2018_12__LEGV2__CH_01748,38
UKPGA_2018_12__LEGV2__CH_01749,39
UKPGA_2018_12__LEGV2__CH_01750,50
UKPGA_2018_12__LEGV2__CH_01751,61
UKPGA_2018_12__LEGV2__CH_01752,45
UKPGA_2018_12__LEGV2__CH_01753,44
UKPGA_2018_12__LEGV2__CH_01754,45
UKPGA_2018_12__LEGV2__CH_01755,43
UKPGA_2018_12__LEGV2__CH_01756,45
UKPGA_2018_12__LEGV2__CH_01758,42
UKPGA_2018_12__LEGV2__CH_01759,47
UKPGA_2018_12__LEGV2__CH_01761,34
UKPGA_2018_12__LEGV2__CH_01762,46
UKPGA_2018_12__LEGV2__CH_01763,38
UKPGA_2018_12__LEGV2__CH_01764,62
UKPGA_2018_12__LEGV2__CH_01765,29
UKPGA_2018_12__LEGV2__CH_01766,35
UKPGA_2018_12__LEGV2__CH_01767,61
UKPGA_2018_12__LEGV2__CH_01768,50
UKPGA_2018_12__LEGV2__CH_01769,31
UKPGA_2018_12__LEGV2__CH_01770,57
UKPGA_2018_12__LEGV2__CH_01771,49
UKPGA_2018_12__LEGV2__CH_01772,34
UKPGA_2018_12__LEGV2__CH_01773,50
UKPGA_2018_12__LEGV2__CH_01776,33
UKPGA_2018_12__LEGV2__CH_01777,31
UKPGA_2018_12__LEGV2__CH_01778,37
UKPGA_2018_12__LEGV2__CH_01779,43
UKPGA_2018_12__LEGV2__CH_01780,61
UKPGA_2018_12__LEGV2__CH_01781,31
UKPGA_2018_12__LEGV2__CH_01782,32
UKPGA_2018_12__LEGV2__CH_01783,54
UKPGA_2018_12__LEGV2__CH_01784,38
UKPGA_2018_12__LEGV2__CH_01785,55
UKPGA_2018_12__LEGV2__CH_01786,53
UKPGA_2018_12__LEGV2__CH_01787,31
UKPGA_2018_12__LEGV2__CH_01788,40
UKPGA_2018_12__LEGV2__CH_01790,35
UKPGA_2018_12__LEGV2__CH_01791,35
UKPGA_2018_12__LEGV2__CH_01792,49
UKPGA_2018_12__LEGV2__CH_01793,35
UKPGA_2018_12__LEGV2__CH_01794,47
UKPGA_2018_12__LEGV2__CH_01795,57
UKPGA_2018_12__LEGV2__CH_01796,36
UKPGA_2018_12__LEGV2__CH_01797,38
UKPGA_2018_12__LEGV2__CH_01798,34
UKPGA_2018_12__LEGV2__CH_01799,52
UKPGA_2018_12__LEGV2__CH_01800,36
UKPGA_2018_12__LEGV2__CH_01801,52
UKPGA_2018_12__LEGV2__CH_01802,27
UKPGA_2018_12__LEGV2__CH_01803,34
UKPGA_2018_12__LEGV2__CH_01806,41
UKPGA_2018_12__LEGV2__CH_01807,42
UKPGA_2018_12__LEGV2__CH_01808,39
UKPGA_2018_12__LEGV2__CH_01809,43
UKPGA_2018_12__LEGV2__CH_01810,36
UKPGA_2018_12__LEGV2__CH_01811,30
UKPGA_2018_12__LEGV2__CH_01812,45
UKPGA_2018_12__LEGV2__CH_01813,40
UKPGA_2018_12__LEGV2__CH_01814,37
UKPGA_2018_12__LEGV2__CH_01815,42
UKPGA_2018_12__LEGV2__CH_01816,37
UKPGA_2018_12__LEGV2__CH_01817,46
UKPGA_2018_12__LEGV2__CH_01818,32
UKPGA_2018_12__LEGV2__CH_01819,49
UKPGA_2018_12__LEGV2__CH_01820,34
UKPGA_2018_12__LEGV2__CH_01821,37
UKPGA_2018_12__LEGV2__CH_01822,51
UKPGA_2018_12__LEGV2__CH_01823,46
UKPGA_2018_12__LEGV2__CH_01825,32
UKPGA_2018_12__LEGV2__CH_01826,42
UKPGA_2018_12__LEGV2__CH_01827,34
UKPGA_2018_12__LEGV2__CH_01828,29
UKPGA_2018_12__LEGV2__CH_01829,51
UKPGA_2018_12__LEGV2__CH_01831,36
UKPGA_2018_12__LEGV2__CH_01834,21
UKPGA_2018_12__LEGV2__CH_01835,31
UKPGA_2018_12__LEGV2__CH_01837,24
UKPGA_2018_12__LEGV2__CH_01838,28
UKPGA_2018_12__LEGV2__CH_01839,26
UKPGA_2018_12__LEGV2__CH_01840,29
UKPGA_2018_12__LEGV2__CH_01841,26
UKPGA_2018_12__LEGV2__CH_01843,51
UKPGA_2018_12__LEGV2__CH_01844,34
UKPGA_2018_12__LEGV2__CH_01846,21
UKPGA_2018_12__LEGV2__CH_01848,29
UKPGA_2018_12__LEGV2__CH_01849,25
UKPGA_2018_12__LEGV2__CH_01850,42
UKPGA_2018_12__LEGV2__CH_01851,30
UKPGA_2018_12__LEGV2__CH_01855,30
UKPGA_2018_12__LEGV2__CH_01857,29
UKPGA_2018_12__LEGV2__CH_01861,17
UKPGA_2020_1__LEGV2__CH_00001,49
UKPGA_2020_1__LEGV2__CH_00002,33
UKPGA_2020_1__LEGV2__CH_00003,48
UKPGA_2020_1__LEGV2__CH_00004,65
UKPGA_2020_1__LEGV2__CH_00005,26
UKPGA_2020_1__LEGV2__CH_00007,48
UKPGA_2020_1__LEGV2__CH_00008,51
UKPGA_2020_1__LEGV2__CH_00010,42
UKPGA_2020_1__LEGV2__CH_00011,75
UKPGA_2020_1__LEGV2__CH_00012,71
UKPGA_2020_1__LEGV2__CH_00013,52
UKPGA_2020_1__LEGV2__CH_00014,41
UKPGA_2020_1__LEGV2__CH_00015,60
UKPGA_2020_1__LEGV2__CH_00016,34
UKPGA_2020_1__LEGV2__CH_00017,35
UKPGA_2020_1__LEGV2__CH_00018,49
UKPGA_2020_1__LEGV2__CH_00019,61
UKPGA_2020_1__LEGV2__CH_00020,77
UKPGA_2020_1__LEGV2__CH_00021,79
UKPGA_2020_1__LEGV2__CH_00022,75
UKPGA_2020_1__LEGV2__CH_00023,81
UKPGA_2020_1__LEGV2__CH_00024,86
UKPGA_2020_1__LEGV2__CH_00025,47
UKPGA_2020_1__LEGV2__CH_00026,70
UKPGA_2020_1__LEGV2__CH_00027,24
UKPGA_2020_1__LEGV2__CH_00028,43
UKPGA_2020_1__LEGV2__CH_00029,39
UKPGA_2020_1__LEGV2__CH_00030,55
UKPGA_2020_1__LEGV2__CH_00031,87
UKPGA_2020_1__LEGV2__CH_00032,49
UKPGA_2020_1__LEGV2__CH_00033,71
UKPGA_2020_1__LEGV2__CH_00034,84
UKPGA_2020_1__LEGV2__CH_00035__M,50
UKPGA_2020_1__LEGV2__CH_00037,71
UKPGA_2020_1__LEGV2__CH_00038,25
UKPGA_2020_1__LEGV2__CH_00039,25
UKPGA_2020_1__LEGV2__CH_00040,50
UKPGA_2020_1__LEGV2__CH_00041,51
UKPGA_2020_1__LEGV2__CH_00042,56
UKPGA_2020_1__LEGV2__CH_00043,55
UKPGA_2020_1__LEGV2__CH_00044,40
UKPGA_2020_1__LEGV2__CH_00045,43
UKPGA_2020_1__LEGV2__CH_00046,46
UKPGA_2020_1__LEGV2__CH_00047,35
UKPGA_2020_1__LEGV2__CH_00048,60
UKPGA_2020_1__LEGV2__CH_00049,32
UKPGA_2020_1__LEGV2__CH_00050,39
UKPGA_2020_1__LEGV2__CH_00051,38
UKPGA_2020_1__LEGV2__CH_00053,45
UKPGA_2020_1__LEGV2__CH_00054,42
UKPGA_2020_1__LEGV2__CH_00055,48
UKPGA_2020_1__LEGV2__CH_00056,42
UKPGA_2020_1__LEGV2__CH_00057,33
UKPGA_2020_1__LEGV2__CH_00058,35
UKPGA_2020_1__LEGV2__CH_00060,53
UKPGA_2020_1__LEGV2__CH_00061,61
UKPGA_2020_1__LEGV2__CH_00062,49
UKPGA_2020_1__LEGV2__CH_00063,52
UKPGA_2020_1__LEGV2__CH_00067,45
UKPGA_2020_1__LEGV2__CH_00070,76
UKPGA_2020_1__LEGV2__CH_00071,51
UKPGA_2020_1__LEGV2__CH_00072,32
UKPGA_2020_1__LEGV2__CH_00073,19
UKPGA_2020_1__LEGV2__CH_00074,52
UKPGA_2020_1__LEGV2__CH_00075,46
UKPGA_2020_1__LEGV2__CH_00076,48
UKPGA_2020_1__LEGV2__CH_00077,50
UKPGA_2020_1__LEGV2__CH_00078,45
UKPGA_2020_1__LEGV2__CH_00079,40
UKPGA_2020_1__LEGV2__CH_00080,44
UKPGA_2020_1__LEGV2__CH_00081,21
UKPGA_2020_1__LEGV2__CH_00082,41
UKPGA_2020_1__LEGV2__CH_00083,59
UKPGA_2020_1__LEGV2__CH_00084,41
UKPGA_2020_1__LEGV2__CH_00085,46
UKPGA_2020_1__LEGV2__CH_00091,74
UKPGA_2020_1__LEGV2__CH_00092,53
UKPGA_2020_1__LEGV2__CH_00093,43
UKPGA_2020_1__LEGV2__CH_00094,52
UKPGA_2020_1__LEGV2__CH_00095,50
UKPGA_2020_1__LEGV2__CH_00096,80
UKPGA_2020_1__LEGV2__CH_00097,112
UKPGA_2020_1__LEGV2__CH_00099,82
UKPGA_2020_1__LEGV2__CH_00100,83
UKPGA_2020_1__LEGV2__CH_00101,38
UKPGA_2020_1__LEGV2__CH_00102,37
UKPGA_2020_1__LEGV2__CH_00103,53
UKPGA_2020_1__LEGV2__CH_00104,60
UKPGA_2020_1__LEGV2__CH_00105,96
UKPGA_2020_1__LEGV2__CH_00106,70
UKPGA_2020_1__LEGV2__CH_00108,49
UKPGA_2020_1__LEGV2__CH_00109,77
UKPGA_2020_1__LEGV2__CH_00110,52
UKPGA_2020_1__LEGV2__CH_00111,68
UKPGA_2020_1__LEGV2__CH_00112,40
UKPGA_2020_1__LEGV2__CH_00113,80
UKPGA_2020_1__LEGV2__CH_00114,37
UKPGA_2020_1__LEGV2__CH_00115,61
UKPGA_2020_1__LEGV2__CH_00116,73
UKPGA_2020_1__LEGV2__CH_00117,68
UKPGA_2020_1__LEGV2__CH_00118,58
UKPGA_2020_1__LEGV2__CH_00120,67
UKPGA_2020_1__LEGV2__CH_00121,85
UKPGA_2020_1__LEGV2__CH_00122,57
UKPGA_2020_1__LEGV2__CH_00123,40
UKPGA_2020_1__LEGV2__CH_00124,25
UKPGA_2020_1__LEGV2__CH_00125,36
UKPGA_2020_1__LEGV2__CH_00126,46
UKPGA_2020_1__LEGV2__CH_00127,53
UKPGA_2020_1__LEGV2__CH_00128,72
UKPGA_2020_1__LEGV2__CH_00129,40
UKPGA_2020_1__LEGV2__CH_00130,113
UKPGA_2020_1__LEGV2__CH_00131,49
UKPGA_2020_1__LEGV2__CH_00132,72
UKPGA_2020_1__LEGV2__CH_00133,35
UKPGA_2020_1__LEGV2__CH_00134,54
UKPGA_2020_1__LEGV2__CH_00135,58
UKPGA_2020_1__LEGV2__CH_00136,64
UKPGA_2020_1__LEGV2__CH_00137,110
UKPGA_2020_1__LEGV2__CH_00138,78
UKPGA_2020_1__LEGV2__CH_00139,56
UKPGA_2020_1__LEGV2__CH_00140,31
UKPGA_2020_1__LEGV2__CH_00141,46
UKPGA_2020_1__LEGV2__CH_00142,133
UKPGA_2020_1__LEGV2__CH_00143,66
UKPGA_2020_1__LEGV2__CH_00144,70
UKPGA_2020_1__LEGV2__CH_00145,101
UKPGA_2020_1__LEGV2__CH_00146,79
UKPGA_2020_1__LEGV2__CH_00147,36
UKPGA_2020_1__LEGV2__CH_00148,69
UKPGA_2020_1__LEGV2__CH_00149,70
UKPGA_2020_1__LEGV2__CH_00150,59
UKPGA_2020_1__LEGV2__CH_00151,52
UKPGA_2020_1__LEGV2__CH_00152,26
UKPGA_2020_1__LEGV2__CH_00153,37
UKPGA_2020_1__LEGV2__CH_00154,67
UKPGA_2020_1__LEGV2__CH_00155,72
UKPGA_2020_1__LEGV2__CH_00156,43
UKPGA_2020_1__LEGV2__CH_00157,44
UKPGA_2020_1__LEGV2__CH_00158,45
UKPGA_2020_1__LEGV2__CH_00159,55
UKPGA_2020_1__LEGV2__CH_00160,38
UKPGA_2020_1__LEGV2__CH_00161,47
UKPGA_2020_1__LEGV2__CH_00162,74
UKPGA_2020_1__LEGV2__CH_00163,61
UKPGA_2020_1__LEGV2__CH_00164,41
UKPGA_2020_1__LEGV2__CH_00165,102
UKPGA_2020_1__LEGV2__CH_00166,49
UKPGA_2020_1__LEGV2__CH_00167,80
UKPGA_2020_1__LEGV2__CH_00168,43
UKPGA_2020_1__LEGV2__CH_00169,75
UKPGA_2020_1__LEGV2__CH_00170,59
UKPGA_2020_1__LEGV2__CH_00171,81
UKPGA_2020_1__LEGV2__CH_00172,84
UKPGA_2020_1__LEGV2__CH_00173,38
UKPGA_2020_1__LEGV2__CH_00174,43
UKPGA_2020_1__LEGV2__CH_00175,41
UKPGA_2020_1__LEGV2__CH_00176,87
UKPGA_2020_1__LEGV2__CH_00177,45
UKPGA_2020_1__LEGV2__CH_00178,55
UKPGA_2020_1__LEGV2__CH_00179,90
UKPGA_2020_1__LEGV2__CH_00180,65
UKPGA_2020_1__LEGV2__CH_00181,77
UKPGA_2020_1__LEGV2__CH_00183,39
UKPGA_2020_1__LEGV2__CH_00184,40
UKPGA_2020_1__LEGV2__CH_00185,50
UKPGA_2020_1__LEGV2__CH_00186,81
UKPGA_2020_1__LEGV2__CH_00187,48
UKPGA_2020_1__LEGV2__CH_00189,113
UKPGA_2020_1__LEGV2__CH_00190,100
UKPGA_2020_1__LEGV2__CH_00191,55
UKPGA_2020_1__LEGV2__CH_00192,86
UKPGA_2020_1__LEGV2__CH_00193,36
UKPGA_2020_1__LEGV2__CH_00194,34
UKPGA_2020_1__LEGV2__CH_00195,53
UKPGA_2020_1__LEGV2__CH_00196,37
UKPGA_2020_1__LEGV2__CH_00197,40
UKPGA_2020_1__LEGV2__CH_00198,40
UKPGA_2020_1__LEGV2__CH_00199,48
UKPGA_2020_1__LEGV2__CH_00200,37
UKPGA_2020_1__LEGV2__CH_00201,34
UKPGA_2020_1__LEGV2__CH_00202,53
UKPGA_2020_1__LEGV2__CH_00203,42
UKPGA_2020_1__LEGV2__CH_00204,40
UKPGA_2020_1__LEGV2__CH_00205,46
UKPGA_2020_1__LEGV2__CH_00206,40
UKPGA_2020_1__LEGV2__CH_00207,38
UKPGA_2020_1__LEGV2__CH_00208,37
UKPGA_2020_1__LEGV2__CH_00209,52
UKPGA_2020_1__LEGV2__CH_00210,44
UKPGA_2020_1__LEGV2__CH_00211,44
UKPGA_2020_1__LEGV2__CH_00212,49
UKPGA_2020_1__LEGV2__CH_00213,31
UKPGA_2020_1__LEGV2__CH_00214,40
UKPGA_2020_1__LEGV2__CH_00215,32
UKPGA_2020_1__LEGV2__CH_00216,36
UKPGA_2020_1__LEGV2__CH_00217,38
UKPGA_2020_1__LEGV2__CH_00218,35
UKPGA_2020_1__LEGV2__CH_00219,37
UKPGA_2020_1__LEGV2__CH_00220,58
UKPGA_2020_1__LEGV2__CH_00221,42
UKPGA_2020_1__LEGV2__CH_00222,34
UKPGA_2020_1__LEGV2__CH_00223,35
UKPGA_2020_1__LEGV2__CH_00224,32
UKPGA_2020_1__LEGV2__CH_00225,29
UKPGA_2020_1__LEGV2__CH_00226,39
UKPGA_2020_1__LEGV2__CH_00227,77
UKPGA_2020_1__LEGV2__CH_00228,84
UKPGA_2020_1__LEGV2__CH_00229,67
UKPGA_2020_1__LEGV2__CH_00230,55
UKPGA_2020_1__LEGV2__CH_00231,40
UKPGA_2020_1__LEGV2__CH_00232,29
UKPGA_2020_1__LEGV2__CH_00233,45
UKPGA_2020_1__LEGV2__CH_00234,26
UKPGA_2020_1__LEGV2__CH_00235,42
UKPGA_2020_1__LEGV2__CH_00236,84
UKPGA_2020_1__LEGV2__CH_00237,75
UKPGA_2020_1__LEGV2__CH_00238,57
UKPGA_2020_1__LEGV2__CH_00239,77
UKPGA_2020_1__LEGV2__CH_00240,52
UKPGA_2020_1__LEGV2__CH_00242,63
UKPGA_2020_1__LEGV2__CH_00243,86
UKPGA_2020_1__LEGV2__CH_00247,51
UKPGA_2020_1__LEGV2__CH_00248,127
UKPGA_2020_1__LEGV2__CH_00250,58
UKPGA_2020_1__LEGV2__CH_00251,48
UKPGA_2020_1__LEGV2__CH_00252,52
UKPGA_2020_1__LEGV2__CH_00254,65
UKPGA_2020_1__LEGV2__CH_00255,69
UKPGA_2020_1__LEGV2__CH_00256,45
UKPGA_2020_1__LEGV2__CH_00257,39
UKPGA_2020_1__LEGV2__CH_00259,32
UKPGA_2020_1__LEGV2__CH_00260,65
UKPGA_2020_1__LEGV2__CH_00261,63
UKPGA_2020_1__LEGV2__CH_00264,67
UKPGA_2020_1__LEGV2__CH_00265,35
UKPGA_2020_1__LEGV2__CH_00266,46
UKPGA_2020_1__LEGV2__CH_00267,70
UKPGA_2020_1__LEGV2__CH_00269,52
UKPGA_2020_1__LEGV2__CH_00270,50
UKPGA_2020_1__LEGV2__CH_00271,55
UKPGA_2020_1__LEGV2__CH_00272,66
UKPGA_2020_1__LEGV2__CH_00273,79
UKPGA_2020_1__LEGV2__CH_00275,43
UKPGA_2020_1__LEGV2__CH_00276,65
UKPGA_2020_1__LEGV2__CH_00277,50
UKPGA_2020_1__LEGV2__CH_00278,55
UKPGA_2020_1__LEGV2__CH_00279,52
UKPGA_2020_1__LEGV2__CH_00280,87
UKPGA_2020_1__LEGV2__CH_00281,80
UKPGA_2020_1__LEGV2__CH_00282,52
UKPGA_2020_1__LEGV2__CH_00283,59
UKPGA_2020_1__LEGV2__CH_00284,88
UKPGA_2020_1__LEGV2__CH_00285,58
UKPGA_2020_1__LEGV2__CH_00286,49
UKPGA_2020_1__LEGV2__CH_00287,42
UKPGA_2020_1__LEGV2__CH_00288,45
UKPGA_2020_1__LEGV2__CH_00289,32
UKPGA_2020_1__LEGV2__CH_00290,47
UKPGA_2020_1__LEGV2__CH_00291,36
UKPGA_2020_1__LEGV2__CH_00292,47
UKPGA_2020_1__LEGV2__CH_00293,38
UKPGA_2020_1__LEGV2__CH_00294,47
UKPGA_2020_1__LEGV2__CH_00295,51
UKPGA_2020_1__LEGV2__CH_00296,32
UKPGA_2020_1__LEGV2__CH_00297,48
UKPGA_2020_1__LEGV2__CH_00298,58
UKPGA_2020_1__LEGV2__CH_00299,39
UKPGA_2020_1__LEGV2__CH_00300,42
UKPGA_2020_1__LEGV2__CH_00301,43
UKPGA_2020_1__LEGV2__CH_00302,52
UKPGA_2020_1__LEGV2__CH_00303,50
UKPGA_2020_1__LEGV2__CH_00304,54
UKPGA_2020_1__LEGV2__CH_00305,46
UKPGA_2020_1__LEGV2__CH_00306,41
UKPGA_2020_1__LEGV2__CH_00307,44
UKPGA_2020_1__LEGV2__CH_00308,47
UKPGA_2020_1__LEGV2__CH_00309,49
UKPGA_2020_1__LEGV2__CH_00310,54
UKPGA_2020_1__LEGV2__CH_00311,37
UKPGA_2020_1__LEGV2__CH_00312,40
UKPGA_2020_1__LEGV2__CH_00313,45
UKPGA_2020_1__LEGV2__CH_00314,42
UKPGA_2020_1__LEGV2__CH_00315,43
UKPGA_2020_1__LEGV2__CH_00316,39
UKPGA_2020_1__LEGV2__CH_00317,48
UKPGA_2020_1__LEGV2__CH_00318,39
UKPGA_2020_1__LEGV2__CH_00319,46
UKPGA_2020_1__LEGV2__CH_00320,50
UKPGA_2020_1__LEGV2__CH_00321,41
UKPGA_2020_1__LEGV2__CH_00338,41
UKPGA_2020_1__LEGV2__CH_00339,60
UKPGA_2020_1__LEGV2__CH_00340,32
UKPGA_2020_1__LEGV2__CH_00341,35
UKPGA_2020_1__LEGV2__CH_00342,40
UKPGA_2020_1__LEGV2__CH_00343,29
UKPGA_2020_1__LEGV2__CH_00344,50
UKPGA_2020_1__LEGV2__CH_00345,36
UKPGA_2020_1__LEGV2__CH_00346,36
UKPGA_2020_1__LEGV2__CH_00347,41
UKPGA_2020_1__LEGV2__CH_00348,34
UKPGA_2020_1__LEGV2__CH_00350,33
UKPGA_2020_1__LEGV2__CH_00352,48
UKPGA_2020_1__LEGV2__CH_00354,65
UKPGA_2020_1__LEGV2__CH_00355,56
UKPGA_2020_1__LEGV2__CH_00356,54
UKPGA_2020_1__LEGV2__CH_00357,47
UKPGA_2020_1__LEGV2__CH_00359,41
UKPGA_2020_1__LEGV2__CH_00368,108
UKPGA_2020_1__LEGV2__CH_00369,106
UKPGA_2020_1__LEGV2__CH_00370,115
UKPGA_2020_1__LEGV2__CH_00371,130
UKPGA_2020_1__LEGV2__CH_00372,51
UKPGA_2020_1__LEGV2__CH_00373,61
UKPGA_2020_1__LEGV2__CH_00374,32
UKPGA_2020_1__LEGV2__CH_00375,34
UKPGA_2020_1__LEGV2__CH_00376,41
UKPGA_2020_1__LEGV2__CH_00377,35
UKPGA_2020_1__LEGV2__CH_00378,46
UKPGA_2020_1__LEGV2__CH_00379,53
UKPGA_2020_1__LEGV2__CH_00380,44
UKPGA_2020_1__LEGV2__CH_00381,52
UKPGA_2020_1__LEGV2__CH_00382,38
UKPGA_2020_1__LEGV2__CH_00384,37
UKPGA_2020_1__LEGV2__CH_00386,46
UKPGA_2020_1__LEGV2__CH_00391,42
UKPGA_2020_1__LEGV2__CH_00393,43
UKPGA_2020_1__LEGV2__CH_00399,37
UKPGA_2020_1__LEGV2__CH_00400,35
UKPGA_2020_1__LEGV2__CH_00403,47
UKPGA_2020_1__LEGV2__CH_00405,48
UKPGA_2020_1__LEGV2__CH_00406,35
UKPGA_2020_1__LEGV2__CH_00407,27
UKPGA_2020_1__LEGV2__CH_00408,71
UKPGA_2020_1__LEGV2__CH_00409,78
UKPGA_2020_1__LEGV2__CH_00410,32
UKPGA_2020_1__LEGV2__CH_00411,39
UKPGA_2020_1__LEGV2__CH_00412,30
UKPGA_2020_1__LEGV2__CH_00413,53
UKPGA_2020_1__LEGV2__CH_00414,57
UKPGA_2020_1__LEGV2__CH_00420,32
UKPGA_2020_1__LEGV2__CH_00421,47
UKPGA_2020_1__LEGV2__CH_00422,101
UKPGA_2020_1__LEGV2__CH_00423,54
UKPGA_2020_1__LEGV2__CH_00424,85
UKPGA_2020_1__LEGV2__CH_00425,50
UKPGA_2020_1__LEGV2__CH_00426,77
UKPGA_2020_1__LEGV2__CH_00427,62
UKPGA_2020_1__LEGV2__CH_00428,43
UKPGA_2020_1__LEGV2__CH_00430,54
UKPGA_2020_1__LEGV2__CH_00431,42
UKPGA_2020_1__LEGV2__CH_00432,98
UKPGA_2020_1__LEGV2__CH_00434,87
UKPGA_2020_1__LEGV2__CH_00435,59
UKPGA_2020_1__LEGV2__CH_00436,41
UKPGA_2020_1__LEGV2__CH_00437,45
UKPGA_2020_1__LEGV2__CH_00438,68
UKPGA_2020_1__LEGV2__CH_00439,40
UKPGA_2020_1__LEGV2__CH_00440,69
UKPGA_2023_54__NODEV1__CH_00001,75
UKPGA_2023_54__NODEV1__CH_00002,129
UKPGA_2023_54__NODEV1__CH_00003,94
UKPGA_2023_54__NODEV1__CH_00004,51
UKPGA_2023_54__NODEV1__CH_00005,111
UKPGA_2023_54__NODEV1__CH_00006,89
UKPGA_2023_54__NODEV1__CH_00007,90
UKPGA_2023_54__NODEV1__CH_00008,77
UKPGA_2023_54__NODEV1__CH_00009,81
UKPGA_2023_54__NODEV1__CH_00010,136
UKPGA_2023_54__NODEV1__CH_00011,67
UKPGA_2023_54__NODEV1__CH_00012,107
UKPGA_2023_54__NODEV1__CH_00013,99
UKPGA_2023_54__NODEV1__CH_00014,95
UKPGA_2023_54__NODEV1__CH_00015,69
UKPGA_2023_54__NODEV1__CH_00016,95
UKPGA_2023_54__NODEV1__CH_00017,51
UKPGA_2023_54__NODEV1__CH_00018,63
UKPGA_2023_54__NODEV1__CH_00019,108
UKPGA_2023_54__NODEV1__CH_00020,101
UKPGA_2023_54__NODEV1__CH_00021,94
UKPGA_2023_54__NODEV1__CH_00022,112
UKPGA_2023_54__NODEV1__CH_00023,151
UKPGA_2023_54__NODEV1__CH_00024,89
UKPGA_2023_54__NODEV1__CH_00025,48
UKPGA_2023_54__NODEV1__CH_00026,74
UKPGA_2023_54__NODEV1__CH_00027,90
UKPGA_2023_54__NODEV1__CH_00028,113
UKPGA_2023_54__NODEV1__CH_00029,73
UKPGA_2023_54__NODEV1__CH_00030,97
UKPGA_2023_54__NODEV1__CH_00031,99
UKPGA_2023_54__NODEV1__CH_00032,69
UKPGA_2023_54__NODEV1__CH_00033,112
UKPGA_2023_54__NODEV1__CH_00034,105
UKPGA_2023_54__NODEV1__CH_00035,73
UKPGA_2023_54__NODEV1__CH_00036,90
UKPGA_2023_54__NODEV1__CH_00037,74
UKPGA_2023_54__NODEV1__CH_00038,72
UKPGA_2023_54__NODEV1__CH_00039,80
UKPGA_2023_54__NODEV1__CH_00040,88
UKPGA_2023_54__NODEV1__CH_00041,87
UKPGA_2023_54__NODEV1__CH_00042,76
UKPGA_2023_54__NODEV1__CH_00043,84
UKPGA_2023_54__NODEV1__CH_00044,59
UKPGA_2023_54__NODEV1__CH_00045,119
UKPGA_2023_54__NODEV1__CH_00046,111
UKPGA_2023_54__NODEV1__CH_00047,77
UKPGA_2023_54__NODEV1__CH_00048,75
UKPGA_2023_54__NODEV1__CH_00049,124
UKPGA_2023_54__NODEV1__CH_00050,86
UKPGA_2023_54__NODEV1__CH_00051,86
UKPGA_2023_54__NODEV1__CH_00052,72
UKPGA_2023_54__NODEV1__CH_00053,91
UKPGA_2023_54__NODEV1__CH_00054,108
UKPGA_2023_54__NODEV1__CH_00055,46
UKPGA_2023_54__NODEV1__CH_00056,147
UKPGA_2023_54__NODEV1__CH_00057,139
UKPGA_2023_54__NODEV1__CH_00058,122
UKPGA_2023_54__NODEV1__CH_00059,86
UKPGA_2023_54__NODEV1__CH_00060,87
UKPGA_2023_54__NODEV1__CH_00061,104
UKPGA_2023_54__NODEV1__CH_00062,106
UKPGA_2023_54__NODEV1__CH_00063,72
UKPGA_2023_54__NODEV1__CH_00064,84
UKPGA_2023_54__NODEV1__CH_00065,112
UKPGA_2023_54__NODEV1__CH_00066,53
UKPGA_2023_54__NODEV1__CH_00067,94
UKPGA_2023_54__NODEV1__CH_00068,114
UKPGA_2023_54__NODEV1__CH_00069,94
UKPGA_2023_54__NODEV1__CH_00070,83
UKPGA_2023_54__NODEV1__CH_00071,90
UKPGA_2023_54__NODEV1__CH_00072,112
UKPGA_2023_54__NODEV1__CH_00073,118
UKPGA_2023_54__NODEV1__CH_00074,142
UKPGA_2023_54__NODEV1__CH_00075,121
UKPGA_2023_54__NODEV1__CH_00076,45
UKPGA_2023_54__NODEV1__CH_00077,84
UKPGA_2023_54__NODEV1__CH_00078,127
UKPGA_2023_54__NODEV1__CH_00079,77
UKPGA_2023_54__NODEV1__CH_00080,79
UKPGA_2023_54__NODEV1__CH_00081,60
UKPGA_2023_54__NODEV1__CH_00082,91
UKPGA_2023_54__NODEV1__CH_00083,65
UKPGA_2023_54__NODEV1__CH_00084,115
UKPGA_2023_54__NODEV1__CH_00085,66
UKPGA_2023_54__NODEV1__CH_00086,105
UKPGA_2023_54__NODEV1__CH_00087,79
UKPGA_2023_54__NODEV1__CH_00088,107
UKPGA_2023_54__NODEV1__CH_00089,42
UKPGA_2023_54__NODEV1__CH_00090,74
UKPGA_2023_54__NODEV1__CH_00091,102
UKPGA_2023_54__NODEV1__CH_00092,66
UKPGA_2023_54__NODEV1__CH_00093,144
UKPGA_2023_54__NODEV1__CH_00094,112
UKPGA_2023_54__NODEV1__CH_00095,70
UKPGA_2023_54__NODEV1__CH_00096,87
UKPGA_2023_54__NODEV1__CH_00097,58
UKPGA_2023_54__NODEV1__CH_00098,80
UKPGA_2023_54__NODEV1__CH_00099,82
UKPGA_2023_54__NODEV1__CH_00100,89
UKPGA_2023_54__NODEV1__CH_00101,52
UKPGA_2023_54__NODEV1__CH_00102,66
UKPGA_2023_54__NODEV1__CH_00103,45
UKPGA_2023_54__NODEV1__CH_00104,86
UKPGA_2023_54__NODEV1__CH_00105,48
UKPGA_2023_54__NODEV1__CH_00106,101
UKPGA_2023_54__NODEV1__CH_00107,88
UKPGA_2023_54__NODEV1__CH_00108,61
UKPGA_2023_54__NODEV1__CH_00109,52
UKPGA_2023_54__NODEV1__CH_00110,77
UKPGA_2023_54__NODEV1__CH_00111,93
UKPGA_2023_54__NODEV1__CH_00112,83
UKPGA_2023_54__NODEV1__CH_00113,43
UKPGA_2023_54__NODEV1__CH_00114,67
UKPGA_2023_54__NODEV1__CH_00115,76
UKPGA_2023_54__NODEV1__CH_00116,57
UKPGA_2023_54__NODEV1__CH_00117,68
UKPGA_2023_54__NODEV1__CH_00118,65
UKPGA_2023_54__NODEV1__CH_00119,79
UKPGA_2023_54__NODEV1__CH_00120,96
UKPGA_2023_54__NODEV1__CH_00121,119
UKPGA_2023_54__NODEV1__CH_00122,103
UKPGA_2023_54__NODEV1__CH_00123,62
UKPGA_2023_54__NODEV1__CH_00124,33
UKPGA_2023_54__NODEV1__CH_00125,46
UKPGA_2023_54__NODEV1__CH_00126,51
UKPGA_2023_54__NODEV1__CH_00127,45
UKPGA_2023_54__NODEV1__CH_00128,67
UKPGA_2023_54__NODEV1__CH_00129,54
UKPGA_2023_54__NODEV1__CH_00130,108
UKPGA_2023_54__NODEV1__CH_00131,105
UKPGA_2023_54__NODEV1__CH_00132,109
UKPGA_2023_54__NODEV1__CH_00133,35
UKPGA_2023_54__NODEV1__CH_00135,91
UKPGA_2023_54__NODEV1__CH_00137,77
UKPGA_2023_54__NODEV1__CH_00138,54
UKPGA_2023_54__NODEV1__CH_00139,47
UKPGA_2023_54__NODEV1__CH_00140,46
UKPGA_2023_54__NODEV1__CH_00141,73
UKPGA_2023_54__NODEV1__CH_00142,39
UKPGA_2023_54__NODEV1__CH_00143,95
UKPGA_2023_54__NODEV1__CH_00144,91
UKPGA_2023_54__NODEV1__CH_00145,73
UKPGA_2023_54__NODEV1__CH_00146,47
UKPGA_2023_54__NODEV1__CH_00147,61
UKPGA_2023_54__NODEV1__CH_00148,80
UKPGA_2023_54__NODEV1__CH_00149,79
UKPGA_2023_54__NODEV1__CH_00150,57
UKPGA_2023_54__NODEV1__CH_00151,31
UKPGA_2023_54__NODEV1__CH_00152,39
UKPGA_2023_54__NODEV1__CH_00153,32
UKPGA_2023_54__NODEV1__CH_00154,36
UKPGA_2023_54__NODEV1__CH_00155,26
UKPGA_2023_54__NODEV1__CH_00156,76
UKPGA_2023_54__NODEV1__CH_00158,76
UKPGA_2023_54__NODEV1__CH_00160,54
UKPGA_2023_54__NODEV1__CH_00161,41
UKPGA_2023_54__NODEV1__CH_00162,46
UKPGA_2023_54__NODEV1__CH_00163,37
UKPGA_2023_54__NODEV1__CH_00164,79
UKPGA_2023_54__NODEV1__CH_00165,44
UKPGA_2023_54__NODEV1__CH_00166,61
UKPGA_2023_54__NODEV1__CH_00167,32
UKPGA_2023_54__NODEV1__CH_00169,43
UKPGA_2023_54__NODEV1__CH_00170,53
UKPGA_2023_54__NODEV1__CH_00171,44
UKPGA_2023_54__NODEV1__CH_00172,41
UKPGA_2023_54__NODEV1__CH_00173,76
UKPGA_2023_54__NODEV1__CH_00174,34
UKPGA_2023_54__NODEV1__CH_00175,51
UKPGA_2023_54__NODEV1__CH_00176,49
UKPGA_2023_54__NODEV1__CH_00177,42
UKPGA_2023_54__NODEV1__CH_00178,62
UKPGA_2023_54__NODEV1__CH_00180,50
UKPGA_2023_54__NODEV1__CH_00181,96
UKPGA_2023_54__NODEV1__CH_00182,66
UKPGA_2023_54__NODEV1__CH_00183,65
UKPGA_2023_54__NODEV1__CH_00184,51
UKPGA_2023_54__NODEV1__CH_00185,46
UKPGA_2023_54__NODEV1__CH_00186,103
UKPGA_2023_54__NODEV1__CH_00187,94
UKPGA_2023_54__NODEV1__CH_00188,105
UKPGA_2023_54__NODEV1__CH_00189,26
UKPGA_2023_54__NODEV1__CH_00190,62
UKPGA_2023_54__NODEV1__CH_00191,28
UKPGA_2023_54__NODEV1__CH_00192,59
UKPGA_2023_54__NODEV1__CH_00204,53
UKPGA_2023_54__NODEV1__CH_00205,38
UKPGA_2023_54__NODEV1__CH_00206,27
UKPGA_2023_54__NODEV1__CH_00207,44
UKPGA_2023_54__NODEV1__CH_00208,35
UKPGA_2023_54__NODEV1__CH_00209,58
UKPGA_2023_54__NODEV1__CH_00210,63
UKPGA_2023_54__NODEV1__CH_00211,54
UKPGA_2023_54__NODEV1__CH_00213,32
UKPGA_2023_54__NODEV1__CH_00214__M,90
UKPGA_2023_54__NODEV1__CH_00216,37
UKPGA_2023_54__NODEV1__CH_00217,30
UKPGA_2023_54__NODEV1__CH_00218,44
UKPGA_2023_54__NODEV1__CH_00219,52
UKPGA_2023_54__NODEV1__CH_00220,53
UKPGA_2023_54__NODEV1__CH_00221,57
UKPGA_2023_54__NODEV1__CH_00222,68
UKPGA_2023_54__NODEV1__CH_00223,35
UKPGA_2023_54__NODEV1__CH_00224,41
UKPGA_2023_54__NODEV1__CH_00225,44
UKPGA_2023_54__NODEV1__CH_00226,53
UKPGA_2023_54__NODEV1__CH_00228,62
UKPGA_2023_54__NODEV1__CH_00229,80
UKPGA_2023_54__NODEV1__CH_00231,42
UKPGA_2023_54__NODEV1__CH_00232,45
UKPGA_2023_54__NODEV1__CH_00233,38
UKPGA_2023_54__NODEV1__CH_00234,29
UKPGA_2023_54__NODEV1__CH_00235,40
UKPGA_2023_54__NODEV1__CH_00236,51
UKPGA_2023_54__NODEV1__CH_00237,41
UKPGA_2023_54__NODEV1__CH_00239,46
UKPGA_2023_54__NODEV1__CH_00240,49
UKPGA_2023_54__NODEV1__CH_00241,45
UKPGA_2023_54__NODEV1__CH_00242,36
UKPGA_2023_54__NODEV1__CH_00243,50
UKPGA_2023_54__NODEV1__CH_00245,45
UKPGA_2023_54__NODEV1__CH_00246,50
UKPGA_2023_54__NODEV1__CH_00247,58
UKPGA_2023_54__NODEV1__CH_00248,42
UKPGA_2023_54__NODEV1__CH_00249,34
UKPGA_2023_54__NODEV1__CH_00250,41
UKPGA_2023_54__NODEV1__CH_00252,53
UKPGA_2023_54__NODEV1__CH_00253,50
UKPGA_2023_54__NODEV1__CH_00255,48
UKPGA_2023_54__NODEV1__CH_00256,60
UKPGA_2023_54__NODEV1__CH_00257,76
UKPGA_2023_54__NODEV1__CH_00258,63
UKPGA_2023_54__NODEV1__CH_00259,64
UKPGA_2023_54__NODEV1__CH_00260,42
UKPGA_2023_54__NODEV1__CH_00261,51
UKPGA_2023_54__NODEV1__CH_00262,60
UKPGA_2023_54__NODEV1__CH_00263,67
UKPGA_2023_54__NODEV1__CH_00264,75
UKPGA_2023_54__NODEV1__CH_00265,51
UKPGA_2023_54__NODEV1__CH_00266,145
UKPGA_2023_54__NODEV1__CH_00267,68
UKPGA_2023_54__NODEV1__CH_00268,69
UKPGA_2023_54__NODEV1__CH_00269,40
UKPGA_2023_54__NODEV1__CH_00270,53
UKPGA_2023_54__NODEV1__CH_00271,58
UKPGA_2023_54__NODEV1__CH_00272,50
UKPGA_2023_54__NODEV1__CH_00273,28
UKPGA_2023_54__NODEV1__CH_00274,45
UKPGA_2023_54__NODEV1__CH_00275,39
UKPGA_2023_54__NODEV1__CH_00276,49
UKPGA_2023_54__NODEV1__CH_00277,60
UKPGA_2023_54__NODEV1__CH_00278,66
UKPGA_2023_54__NODEV1__CH_00279,80
UKPGA_2023_54__NODEV1__CH_00280,80
UKPGA_2023_54__NODEV1__CH_00281,40
UKPGA_2023_54__NODEV1__CH_00282,94
UKPGA_2023_54__NODEV1__CH_00283,62
UKPGA_2023_54__NODEV1__CH_00284,42
UKPGA_2023_54__NODEV1__CH_00285,37
UKPGA_2023_54__NODEV1__CH_00286__M,72
UKPGA_2023_54__NODEV1__CH_00288,60
UKPGA_2023_54__NODEV1__CH_00289,98
UKPGA_2023_54__NODEV1__CH_00290,67
UKPGA_2023_54__NODEV1__CH_00291,39
UKPGA_2023_54__NODEV1__CH_00292,71
UKPGA_2023_54__NODEV1__CH_00293,36
UKPGA_2023_54__NODEV1__CH_00294,29
UKPGA_2023_54__NODEV1__CH_00295,53
UKPGA_2023_54__NODEV1__CH_00299,39
UKPGA_2023_54__NODEV1__CH_00308,48
UKPGA_2023_54__NODEV1__CH_00327,96
UKPGA_2023_54__NODEV1__CH_00329,90
UKPGA_2023_54__NODEV1__CH_00330,83
UKPGA_2023_54__NODEV1__CH_00331,72
UKPGA_2023_54__NODEV1__CH_00332,35
UKPGA_2023_54__NODEV1__CH_00334,62
UKPGA_2023_54__NODEV1__CH_00335,37
UKPGA_2023_54__NODEV1__CH_00336,73
UKPGA_2023_54__NODEV1__CH_00337,52
UKPGA_2023_54__NODEV1__CH_00338,48
UKPGA_2023_54__NODEV1__CH_00339,85
UKPGA_2023_54__NODEV1__CH_00340,62
UKPGA_2023_54__NODEV1__CH_00341,49
UKPGA_2023_54__NODEV1__CH_00342,49
UKPGA_2023_54__NODEV1__CH_00343,55
UKPGA_2023_54__NODEV1__CH_00344,44
UKPGA_2023_54__NODEV1__CH_00345,71
UKPGA_2023_54__NODEV1__CH_00346,33
UKPGA_2023_54__NODEV1__CH_00347,32
UKPGA_2023_54__NODEV1__CH_00348,42
UKPGA_2023_54__NODEV1__CH_00349,59
UKPGA_2025_18__LEGV2__CH_00001,27
UKPGA_2025_18__LEGV2__CH_00002,108
UKPGA_2025_18__LEGV2__CH_00003,36
UKPGA_2025_18__LEGV2__CH_00004,34
UKPGA_2025_18__LEGV2__CH_00005,34
UKPGA_2025_18__LEGV2__CH_00006,55
UKPGA_2025_18__LEGV2__CH_00007,53
UKPGA_2025_18__LEGV2__CH_00008,51
UKPGA_2025_18__LEGV2__CH_00009,45
UKPGA_2025_18__LEGV2__CH_00010,47
UKPGA_2025_18__LEGV2__CH_00011,57
UKPGA_2025_18__LEGV2__CH_00013,47
UKPGA_2025_18__LEGV2__CH_00014,28
UKPGA_2025_18__LEGV2__CH_00015,73
UKPGA_2025_18__LEGV2__CH_00016,29
UKPGA_2025_18__LEGV2__CH_00017,33
UKPGA_2025_18__LEGV2__CH_00018,66
UKPGA_2025_18__LEGV2__CH_00019,38
UKPGA_2025_18__LEGV2__CH_00020,28
UKPGA_2025_18__LEGV2__CH_00021,48
UKPGA_2025_18__LEGV2__CH_00022,47
UKPGA_2025_18__LEGV2__CH_00023,35
UKPGA_2025_18__LEGV2__CH_00024,36
UKPGA_2025_18__LEGV2__CH_00025,36
UKPGA_2025_18__LEGV2__CH_00026,70
UKPGA_2025_18__LEGV2__CH_00028,41
UKPGA_2025_18__LEGV2__CH_00029,39
UKPGA_2025_18__LEGV2__CH_00030,62
UKPGA_2025_18__LEGV2__CH_00031,33
UKPGA_2025_18__LEGV2__CH_00032,38
UKPGA_2025_18__LEGV2__CH_00033,56
UKPGA_2025_18__LEGV2__CH_00034,44
UKPGA_2025_18__LEGV2__CH_00037,34
UKPGA_2025_18__LEGV2__CH_00039,58
UKPGA_2025_18__LEGV2__CH_00041,33
UKPGA_2025_18__LEGV2__CH_00042,35
UKPGA_2025_18__LEGV2__CH_00043,56
UKPGA_2025_18__LEGV2__CH_00044,41
UKPGA_2025_18__LEGV2__CH_00045,28
UKPGA_2025_18__LEGV2__CH_00046,40
UKPGA_2025_18__LEGV2__CH_00047,28
UKPGA_2025_18__LEGV2__CH_00048,50
UKPGA_2025_18__LEGV2__CH_00049,47
UKPGA_2025_18__LEGV2__CH_00050,38
UKPGA_2025_18__LEGV2__CH_00052,30
UKPGA_2025_18__LEGV2__CH_00053,84
UKPGA_2025_18__LEGV2__CH_00054,38
UKPGA_2025_18__LEGV2__CH_00055,34
UKPGA_2025_18__LEGV2__CH_00056,50
UKPGA_2025_18__LEGV2__CH_00057,40
UKPGA_2025_18__LEGV2__CH_00058,53
UKPGA_2025_18__LEGV2__CH_00059,34
UKPGA_2025_18__LEGV2__CH_00060,49
UKPGA_2025_18__LEGV2__CH_00061,53
UKPGA_2025_18__LEGV2__CH_00062,56
UKPGA_2025_18__LEGV2__CH_00063,40
UKPGA_2025_18__LEGV2__CH_00064,39
UKPGA_2025_18__LEGV2__CH_00065,24
UKPGA_2025_18__LEGV2__CH_00066,45
UKPGA_2025_18__LEGV2__CH_00067,20
UKPGA_2025_18__LEGV2__CH_00068,58
UKPGA_2025_18__LEGV2__CH_00069,50
UKPGA_2025_18__LEGV2__CH_00070,55
UKPGA_2025_18__LEGV2__CH_00071,42
UKPGA_2025_18__LEGV2__CH_00072,41
UKPGA_2025_18__LEGV2__CH_00073,37
UKPGA_2025_18__LEGV2__CH_00074,31
UKPGA_2025_18__LEGV2__CH_00075,26
UKPGA_2025_18__LEGV2__CH_00076,63
UKPGA_2025_18__LEGV2__CH_00077,65
UKPGA_2025_18__LEGV2__CH_00078,63
UKPGA_2025_18__LEGV2__CH_00079,29
UKPGA_2025_18__LEGV2__CH_00080,34
UKPGA_2025_18__LEGV2__CH_00081,76
UKPGA_2025_18__LEGV2__CH_00082,62
UKPGA_2025_18__LEGV2__CH_00083,43
UKPGA_2025_18__LEGV2__CH_00084,41
UKPGA_2025_18__LEGV2__CH_00085,29
UKPGA_2025_18__LEGV2__CH_00086,42
UKPGA_2025_18__LEGV2__CH_00087,36
UKPGA_2025_18__LEGV2__CH_00088,38
UKPGA_2025_18__LEGV2__CH_00089,25
UKPGA_2025_18__LEGV2__CH_00090,32
UKPGA_2025_18__LEGV2__CH_00091,36
UKPGA_2025_18__LEGV2__CH_00092,61
UKPGA_2025_18__LEGV2__CH_00093,29
UKPGA_2025_18__LEGV2__CH_00094,44
UKPGA_2025_18__LEGV2__CH_00095,39
UKPGA_2025_18__LEGV2__CH_00096,36
UKPGA_2025_18__LEGV2__CH_00097,44
UKPGA_2025_18__LEGV2__CH_00098,56
UKPGA_2025_18__LEGV2__CH_00099,25
UKPGA_2025_18__LEGV2__CH_00100,41
UKPGA_2025_18__LEGV2__CH_00101,28
UKPGA_2025_18__LEGV2__CH_00102,60
UKPGA_2025_18__LEGV2__CH_00103,27
UKPGA_2025_18__LEGV2__CH_00104,39
UKPGA_2025_18__LEGV2__CH_00105,59
UKPGA_2025_18__LEGV2__CH_00107,40
UKPGA_2025_18__LEGV2__CH_00108,35
UKPGA_2025_18__LEGV2__CH_00109,55
UKPGA_2025_18__LEGV2__CH_00110,54
UKPGA_2025_18__LEGV2__CH_00111,32
UKPGA_2025_18__LEGV2__CH_00112,31
UKPGA_2025_18__LEGV2__CH_00113,42
UKPGA_2025_18__LEGV2__CH_00114,71
UKPGA_2025_18__LEGV2__CH_00115,25
UKPGA_2025_18__LEGV2__CH_00116,47
UKPGA_2025_18__LEGV2__CH_00117,50
UKPGA_2025_18__LEGV2__CH_00118,90
UKPGA_2025_18__LEGV2__CH_00119,32
UKPGA_2025_18__LEGV2__CH_00120,35
UKPGA_2025_18__LEGV2__CH_00121,30
UKPGA_2025_18__LEGV2__CH_00122,44
UKPGA_2025_18__LEGV2__CH_00123,55
UKPGA_2025_18__LEGV2__CH_00124,32
UKPGA_2025_18__LEGV2__CH_00125,36
UKPGA_2025_18__LEGV2__CH_00126,51
UKPGA_2025_18__LEGV2__CH_00127,44
UKPGA_2025_18__LEGV2__CH_00128,36
UKPGA_2025_18__LEGV2__CH_00130,33
UKPGA_2025_18__LEGV2__CH_00131,55
UKPGA_2025_18__LEGV2__CH_00132,70
UKPGA_2025_18__LEGV2__CH_00133,33
UKPGA_2025_18__LEGV2__CH_00134,44
UKPGA_2025_18__LEGV2__CH_00135,26
UKPGA_2025_18__LEGV2__CH_00136,45
UKPGA_2025_18__LEGV2__CH_00137,38
UKPGA_2025_18__LEGV2__CH_00138,48
UKPGA_2025_18__LEGV2__CH_00139,45
UKPGA_2025_18__LEGV2__CH_00140,24
UKPGA_2025_18__LEGV2__CH_00141,40
UKPGA_2025_18__LEGV2__CH_00142,37
UKPGA_2025_18__LEGV2__CH_00143,40
UKPGA_2025_18__LEGV2__CH_00144,51
UKPGA_2025_18__LEGV2__CH_00145,28
UKPGA_2025_18__LEGV2__CH_00146,39
UKPGA_2025_18__LEGV2__CH_00147,44
UKPGA_2025_18__LEGV2__CH_00148,44
UKPGA_2025_18__LEGV2__CH_00149,28
UKPGA_2025_18__LEGV2__CH_00150,44
UKPGA_2025_18__LEGV2__CH_00151,39
UKPGA_2025_18__LEGV2__CH_00152,57
UKPGA_2025_18__LEGV2__CH_00153,35
UKPGA_2025_18__LEGV2__CH_00154,37
UKPGA_2025_18__LEGV2__CH_00155,45
UKPGA_2025_18__LEGV2__CH_00156,39
UKPGA_2025_18__LEGV2__CH_00157,57
UKPGA_2025_18__LEGV2__CH_00159,36
UKPGA_2025_18__LEGV2__CH_00160,26
UKPGA_2025_18__LEGV2__CH_00161,45
UKPGA_2025_18__LEGV2__CH_00162,45
UKPGA_2025_18__LEGV2__CH_00163,46
UKPGA_2025_18__LEGV2__CH_00164,33
UKPGA_2025_18__LEGV2__CH_00165,41
UKPGA_2025_18__LEGV2__CH_00166,30
UKPGA_2025_18__LEGV2__CH_00167,126
UKPGA_2025_18__LEGV2__CH_00168,37
UKPGA_2025_18__LEGV2__CH_00169,71
UKPGA_2025_18__LEGV2__CH_00170,38
UKPGA_2025_18__LEGV2__CH_00173,63
UKPGA_2025_18__LEGV2__CH_00174,60
UKPGA_2025_18__LEGV2__CH_00175,67
UKPGA_2025_18__LEGV2__CH_00176,32
UKPGA_2025_18__LEGV2__CH_00177,39
UKPGA_2025_18__LEGV2__CH_00178,28
UKPGA_2025_18__LEGV2__CH_00179,89
UKPGA_2025_18__LEGV2__CH_00180,72
UKPGA_2025_18__LEGV2__CH_00181,74
UKPGA_2025_18__LEGV2__CH_00182,59
UKPGA_2025_18__LEGV2__CH_00183,62
UKPGA_2025_18__LEGV2__CH_00184,63
UKPGA_2025_18__LEGV2__CH_00185,67
UKPGA_2025_18__LEGV2__CH_00186,67
UKPGA_2025_18__LEGV2__CH_00187,51
UKPGA_2025_18__LEGV2__CH_00188,117
UKPGA_2025_18__LEGV2__CH_00189,52
UKPGA_2025_18__LEGV2__CH_00190,48
UKPGA_2025_18__LEGV2__CH_00191,48
UKPGA_2025_18__LEGV2__CH_00192,81
UKPGA_2025_18__LEGV2__CH_00193,63
UKPGA_2025_18__LEGV2__CH_00194,74
UKPGA_2025_18__LEGV2__CH_00195,63
UKPGA_2025_18__LEGV2__CH_00196,61
UKPGA_2025_18__LEGV2__CH_00197,46
UKPGA_2025_18__LEGV2__CH_00198,46
UKPGA_2025_18__LEGV2__CH_00199,62
UKPGA_2025_18__LEGV2__CH_00200,70
UKPGA_2025_18__LEGV2__CH_00201,36
UKPGA_2025_18__LEGV2__CH_00202,25
UKPGA_2025_18__LEGV2__CH_00203,28
UKPGA_2025_18__LEGV2__CH_00204,42
UKPGA_2025_18__LEGV2__CH_00205,33
UKPGA_2025_18__LEGV2__CH_00206,27
UKPGA_2025_18__LEGV2__CH_00207,35
UKPGA_2025_18__LEGV2__CH_00208,41
UKPGA_2025_18__LEGV2__CH_00209,29
UKPGA_2025_18__LEGV2__CH_00210,33
UKPGA_2025_18__LEGV2__CH_00211,39
UKPGA_2025_18__LEGV2__CH_00212,33
UKPGA_2025_18__LEGV2__CH_00213,41
UKPGA_2025_18__LEGV2__CH_00214,31
UKPGA_2025_18__LEGV2__CH_00215,36
UKPGA_2025_18__LEGV2__CH_00216,35
UKPGA_2025_18__LEGV2__CH_00218,39
UKPGA_2025_18__LEGV2__CH_00219,60
UKPGA_2025_18__LEGV2__CH_00220,26
UKPGA_2025_18__LEGV2__CH_00221,28
UKPGA_2025_18__LEGV2__CH_00222,52
UKPGA_2025_18__LEGV2__CH_00223,28
UKPGA_2025_18__LEGV2__CH_00228,31
UKPGA_2025_18__LEGV2__CH_00229,38
UKPGA_2025_18__LEGV2__CH_00230,34
UKPGA_2025_18__LEGV2__CH_00231,18
UKPGA_2025_18__LEGV2__CH_00232,51
UKPGA_2025_18__LEGV2__CH_00233,28
UKPGA_2025_18__LEGV2__CH_00234,34
UKPGA_2025_18__LEGV2__CH_00235,31
UKPGA_2025_18__LEGV2__CH_00236,51
UKPGA_2025_18__LEGV2__CH_00237,51
UKPGA_2025_18__LEGV2__CH_00238,38
UKPGA_2025_18__LEGV2__CH_00239,27
UKPGA_2025_18__LEGV2__CH_00241,59
UKPGA_2025_18__LEGV2__CH_00242,35
UKPGA_2025_18__LEGV2__CH_00243,42
UKPGA_2025_18__LEGV2__CH_00244,28
UKPGA_2025_18__LEGV2__CH_00245,44
UKPGA_2025_18__LEGV2__CH_00246,41
UKPGA_2025_18__LEGV2__CH_00247,20
UKPGA_2025_18__LEGV2__CH_00248,34
UKPGA_2025_18__LEGV2__CH_00249,56
UKPGA_2025_18__LEGV2__CH_00250,41
UKPGA_2025_18__LEGV2__CH_00251,40
UKPGA_2025_18__LEGV2__CH_00252,31
UKPGA_2025_18__LEGV2__CH_00253,48
UKPGA_2025_18__LEGV2__CH_00254,30
UKPGA_2025_18__LEGV2__CH_00255,52
UKPGA_2025_18__LEGV2__CH_00256,29
UKPGA_2025_18__LEGV2__CH_00258,41
UKPGA_2025_18__LEGV2__CH_00259,33
UKPGA_2025_18__LEGV2__CH_00261,17
UKPGA_2025_18__LEGV2__CH_00264,57
UKPGA_2025_18__LEGV2__CH_00265,69
UKPGA_2025_18__LEGV2__CH_00266,58
UKPGA_2025_18__LEGV2__CH_00267,70
UKPGA_2025_18__LEGV2__CH_00269,72
UKPGA_2025_18__LEGV2__CH_00270,71
UKPGA_2025_18__LEGV2__CH_00271,66
UKPGA_2025_18__LEGV2__CH_00272,49
UKPGA_2025_18__LEGV2__CH_00273,96
UKPGA_2025_18__LEGV2__CH_00274,61
UKPGA_2025_18__LEGV2__CH_00276,63
UKPGA_2025_18__LEGV2__CH_00277,66
UKPGA_2025_18__LEGV2__CH_00278,82
UKPGA_2025_18__LEGV2__CH_00279,93
UKPGA_2025_18__LEGV2__CH_00280,66
UKPGA_2025_18__LEGV2__CH_00281,89
UKPGA_2025_18__LEGV2__CH_00282,93
UKPGA_2025_18__LEGV2__CH_00283,43
UKPGA_2025_18__LEGV2__CH_00284,92
UKPGA_2025_18__LEGV2__CH_00285,74
UKPGA_2025_18__LEGV2__CH_00287,89
UKPGA_2025_18__LEGV2__CH_00288,58
UKPGA_2025_18__LEGV2__CH_00289,86
UKPGA_2025_18__LEGV2__CH_00290,71
UKPGA_2025_18__LEGV2__CH_00291,79
UKPGA_2025_18__LEGV2__CH_00292,70
UKPGA_2025_18__LEGV2__CH_00293,46
UKPGA_2025_18__LEGV2__CH_00294,59
UKPGA_2025_18__LEGV2__CH_00295,63
UKPGA_2025_18__LEGV2__CH_00296,86
UKPGA_2025_18__LEGV2__CH_00297,81
UKPGA_2025_18__LEGV2__CH_00298,54
UKPGA_2025_18__LEGV2__CH_00299,92
UKPGA_2025_18__LEGV2__CH_00300,49
UKPGA_2025_18__LEGV2__CH_00302,102
UKPGA_2025_18__LEGV2__CH_00303,67
UKPGA_2025_18__LEGV2__CH_00304,75
UKPGA_2025_18__LEGV2__CH_00305,45
UKPGA_2025_18__LEGV2__CH_00306,32
UKPGA_2025_18__LEGV2__CH_00307,44
UKPGA_2025_18__LEGV2__CH_00309,69
UKPGA_2025_18__LEGV2__CH_00310,79
UKPGA_2025_18__LEGV2__CH_00311,95
UKPGA_2025_18__LEGV2__CH_00312,41
UKPGA_2025_18__LEGV2__CH_00313,95
UKPGA_2025_18__LEGV2__CH_00314,48
UKPGA_2025_18__LEGV2__CH_00316,89
UKPGA_2025_18__LEGV2__CH_00317,78
UKPGA_2025_18__LEGV2__CH_00318,119
UKPGA_2025_18__LEGV2__CH_00319,74
UKPGA_2025_18__LEGV2__CH_00320,54
UKPGA_2025_18__LEGV2__CH_00321,100
UKPGA_2025_18__LEGV2__CH_00322,63
UKPGA_2025_18__LEGV2__CH_00324,55
UKPGA_2025_18__LEGV2__CH_00325,61
UKPGA_2025_18__LEGV2__CH_00326,41
UKPGA_2025_18__LEGV2__CH_00327,71
UKPGA_2025_18__LEGV2__CH_00328,47
UKPGA_2025_18__LEGV2__CH_00329,46
UKPGA_2025_18__LEGV2__CH_00330,40
UKPGA_2025_18__LEGV2__CH_00331,69
UKPGA_2025_18__LEGV2__CH_00332,35
UKPGA_2025_18__LEGV2__CH_00333,39
UKPGA_2025_18__LEGV2__CH_00336,43
UKPGA_2025_18__LEGV2__CH_00337,89
UKPGA_2025_18__LEGV2__CH_00338,67
UKPGA_2025_18__LEGV2__CH_00339,62
UKPGA_2025_18__LEGV2__CH_00340,92
UKPGA_2025_18__LEGV2__CH_00341,60
UKPGA_2025_18__LEGV2__CH_00342,59
UKPGA_2025_18__LEGV2__CH_00343,76
UKPGA_2025_18__LEGV2__CH_00344,48
UKPGA_2025_18__LEGV2__CH_00345,89
UKPGA_2025_18__LEGV2__CH_00346,62
UKPGA_2025_18__LEGV2__CH_00348,59
UKPGA_2025_18__LEGV2__CH_00349,40
UKPGA_2025_18__LEGV2__CH_00351,38
UKPGA_2025_18__LEGV2__CH_00352,78
UKPGA_2025_18__LEGV2__CH_00353,87
UKPGA_2025_18__LEGV2__CH_00354,53
UKPGA_2025_18__LEGV2__CH_00355,27
UKPGA_2025_18__LEGV2__CH_00356,47
UKPGA_2025_18__LEGV2__CH_00357,44
UKPGA_2025_18__LEGV2__CH_00361,54
UKPGA_2025_18__LEGV2__CH_00362,43
UKPGA_2025_18__LEGV2__CH_00363,40
UKPGA_2025_18__LEGV2__CH_00365,45
UKPGA_2025_18__LEGV2__CH_00366,41
UKPGA_2025_18__LEGV2__CH_00367,44
UKPGA_2025_18__LEGV2__CH_00368,42
UKPGA_2025_18__LEGV2__CH_00370,46
UKPGA_2025_18__LEGV2__CH_00371,32
UKPGA_2025_18__LEGV2__CH_00372,44
UKPGA_2025_18__LEGV2__CH_00373,32
UKPGA_2025_18__LEGV2__CH_00375,46
UKPGA_2025_18__LEGV2__CH_00376,35
UKPGA_2025_18__LEGV2__CH_00378,40
UKPGA_2025_18__LEGV2__CH_00379,42
UKPGA_2025_18__LEGV2__CH_00380,51
UKPGA_2025_18__LEGV2__CH_00381,55
UKPGA_2025_18__LEGV2__CH_00382,64
UKPGA_2025_18__LEGV2__CH_00383,65
UKPGA_2025_18__LEGV2__CH_00385,48
UKPGA_2025_18__LEGV2__CH_00386,101
UKPGA_2025_18__LEGV2__CH_00388,48
UKPGA_2025_18__LEGV2__CH_00389,81
UKPGA_2025_18__LEGV2__CH_00390,62
UKPGA_2025_18__LEGV2__CH_00391,97
UKPGA_2025_18__LEGV2__CH_00392,78
UKPGA_2025_18__LEGV2__CH_00393,39
UKPGA_2025_18__LEGV2__CH_00394,37
UKPGA_2025_18__LEGV2__CH_00395,37
UKPGA_2025_18__LEGV2__CH_00396,27
UKPGA_2025_18__LEGV2__CH_00397,50
UKPGA_2025_18__LEGV2__CH_00399,113
UKPGA_2025_18__LEGV2__CH_00400,51
UKPGA_2025_18__LEGV2__CH_00401,34
UKPGA_2025_18__LEGV2__CH_00402,60
UKPGA_2025_18__LEGV2__CH_00403,30
UKPGA_2025_18__LEGV2__CH_00404,26
UKPGA_2025_18__LEGV2__CH_00405,46
UKPGA_2025_18__LEGV2__CH_00408,61
UKPGA_2025_18__LEGV2__CH_00409,75
UKPGA_2025_18__LEGV2__CH_00410,56
UKPGA_2025_18__LEGV2__CH_00411,88
UKPGA_2025_18__LEGV2__CH_00412,52
UKPGA_2025_18__LEGV2__CH_00413,34
UKPGA_2025_18__LEGV2__CH_00414,52
UKPGA_2025_18__LEGV2__CH_00415,43
UKPGA_2025_18__LEGV2__CH_00416,41
UKPGA_2025_18__LEGV2__CH_00417,50
UKPGA_2025_18__LEGV2__CH_00418,35
UKPGA_2025_18__LEGV2__CH_00419,41
UKPGA_2025_18__LEGV2__CH_00420,44
UKPGA_2025_18__LEGV2__CH_00422,52
UKPGA_2025_18__LEGV2__CH_00425,37
UKPGA_2025_18__LEGV2__CH_00427,41
UKPGA_2025_18__LEGV2__CH_00429,45
UKPGA_2025_18__LEGV2__CH_00430,36
UKPGA_2025_18__LEGV2__CH_00431,37
UKPGA_2025_18__LEGV2__CH_00432,55
UKPGA_2025_18__LEGV2__CH_00433,60
UKPGA_2025_18__LEGV2__CH_00434,59
UKPGA_2025_18__LEGV2__CH_00436,48
UKPGA_2025_18__LEGV2__CH_00437,80
UKPGA_2025_18__LEGV2__CH_00438,64
UKPGA_2025_18__LEGV2__CH_00439,58
UKPGA_2025_18__LEGV2__CH_00440,67
UKPGA_2025_18__LEGV2__CH_00441,54
UKPGA_2025_18__LEGV2__CH_00442,49
UKPGA_2025_18__LEGV2__CH_00443,55
UKPGA_2025_18__LEGV2__CH_00444,68
UKPGA_2025_18__LEGV2__CH_00446,44
UKPGA_2025_18__LEGV2__CH_00447,44
UKPGA_2025_18__LEGV2__CH_00448,45
UKPGA_2025_18__LEGV2__CH_00449,50
UKPGA_2025_18__LEGV2__CH_00450,33
UKPGA_2025_18__LEGV2__CH_00451,57
UKPGA_2025_18__LEGV2__CH_00454,41
UKPGA_2025_18__LEGV2__CH_00455__M,102
UKPGA_2025_18__LEGV2__CH_00457,38
UKPGA_2025_18__LEGV2__CH_00458,45
UKPGA_2025_18__LEGV2__CH_00459,63
UKPGA_2025_18__LEGV2__CH_00460,38
UKPGA_2025_18__LEGV2__CH_00461,45
UKPGA_2025_18__LEGV2__CH_00462,41
UKPGA_2025_18__LEGV2__CH_00464,38
UKPGA_2025_18__LEGV2__CH_00468,56
UKPGA_2025_18__LEGV2__CH_00472,42
UKPGA_2025_18__LEGV2__CH_00473,44
UKPGA_2025_18__LEGV2__CH_00475,54
UKPGA_2025_18__LEGV2__CH_00476,32
UKPGA_2025_18__LEGV2__CH_00477,53
UKPGA_2025_18__LEGV2__CH_00478,52
UKPGA_2025_18__LEGV2__CH_00480,53
UKPGA_2025_18__LEGV2__CH_00482,78
UKPGA_2025_18__LEGV2__CH_00483,43
UKPGA_2025_18__LEGV2__CH_00486,42
UKPGA_2025_18__LEGV2__CH_00487,51
UKPGA_2025_18__LEGV2__CH_00488,48
UKPGA_2025_18__LEGV2__CH_00489,28
UKPGA_2025_18__LEGV2__CH_00490,42
UKPGA_2025_18__LEGV2__CH_00491,31
UKPGA_2025_18__LEGV2__CH_00497,43
UKPGA_2025_18__LEGV2__CH_00498,39
UKPGA_2025_18__LEGV2__CH_00499,67
UKPGA_2025_18__LEGV2__CH_00500,58
UKPGA_2025_18__LEGV2__CH_00501,39
UKPGA_2025_18__LEGV2__CH_00504,33
UKPGA_2025_18__LEGV2__CH_00505,74
UKPGA_2025_18__LEGV2__CH_00506,51
UKPGA_2025_18__LEGV2__CH_00510,88
UKPGA_2025_18__LEGV2__CH_00511,34
UKPGA_2025_18__LEGV2__CH_00512,73
UKPGA_2025_18__LEGV2__CH_00513,59
UKPGA_2025_18__LEGV2__CH_00514,105
UKPGA_2025_18__LEGV2__CH_00515,45
UKPGA_2025_18__LEGV2__CH_00517,39
UKPGA_2025_18__LEGV2__CH_00518,36
UKPGA_2025_18__LEGV2__CH_00519,54
UKPGA_2025_18__LEGV2__CH_00520,33
UKPGA_2025_18__LEGV2__CH_00521,44
UKPGA_2025_18__LEGV2__CH_00522,21
UKPGA_2025_18__LEGV2__CH_00523,35
UKPGA_2025_18__LEGV2__CH_00524,37
UKPGA_2025_18__LEGV2__CH_00525,29
UKPGA_2025_18__LEGV2__CH_00526,28
UKPGA_2025_18__LEGV2__CH_00527,37
UKPGA_2025_18__LEGV2__CH_00528,59
UKPGA_2025_18__LEGV2__CH_00529,31
UKPGA_2025_18__LEGV2__CH_00530,28
UKPGA_2025_18__LEGV2__CH_00531,60
UKPGA_2025_18__LEGV2__CH_00532,46
UKPGA_2025_18__LEGV2__CH_00533,33
UKPGA_2025_18__LEGV2__CH_00534,51
UKPGA_2025_18__LEGV2__CH_00535,33
UKPGA_2025_18__LEGV2__CH_00537,62
UKPGA_2025_18__LEGV2__CH_00538,68
UKPGA_2025_18__LEGV2__CH_00539,85
UKPGA_2025_18__LEGV2__CH_00540,83
UKPGA_2025_18__LEGV2__CH_00541,63
UKPGA_2025_18__LEGV2__CH_00542,90
UKPGA_2025_18__LEGV2__CH_00543,92
UKPGA_2025_18__LEGV2__CH_00545,49
UKPGA_2025_18__LEGV2__CH_00546,38
UKPGA_2025_18__LEGV2__CH_00547,66
UKPGA_2025_18__LEGV2__CH_00548,47
UKPGA_2025_18__LEGV2__CH_00549,61
UKPGA_2025_18__LEGV2__CH_00550,85
UKPGA_2025_18__LEGV2__CH_00551,53
UKPGA_2025_18__LEGV2__CH_00552,50
UKPGA_2025_18__LEGV2__CH_00554,41
UKPGA_2025_18__LEGV2__CH_00555,95
UKPGA_2025_18__LEGV2__CH_00556,75
UKPGA_2025_18__LEGV2__CH_00557,44
UKPGA_2025_18__LEGV2__CH_00558,89
UKPGA_2025_18__LEGV2__CH_00559,44
UKPGA_2025_18__LEGV2__CH_00560,74
UKPGA_2025_18__LEGV2__CH_00561,48
UKPGA_2025_18__LEGV2__CH_00562,31
UKPGA_2025_18__LEGV2__CH_00563,85
UKPGA_2025_18__LEGV2__CH_00564,51
UKPGA_2025_18__LEGV2__CH_00565,42
UKPGA_2025_18__LEGV2__CH_00566,69
UKPGA_2025_18__LEGV2__CH_00567,46
UKPGA_2025_18__LEGV2__CH_00568,40
UKPGA_2025_18__LEGV2__CH_00573,32
UKPGA_2025_18__LEGV2__CH_00574,96
UKPGA_2025_18__LEGV2__CH_00576,33
UKPGA_2025_18__LEGV2__CH_00577,86
UKPGA_2025_18__LEGV2__CH_00578,79
UKPGA_2025_18__LEGV2__CH_00579,76
UKPGA_2025_18__LEGV2__CH_00580,47
UKPGA_2025_18__LEGV2__CH_00581,53
UKPGA_2025_18__LEGV2__CH_00582,39
UKPGA_2025_18__LEGV2__CH_00583,91
UKPGA_2025_18__LEGV2__CH_00584,93
UKPGA_2025_18__LEGV2__CH_00585,43
UKPGA_2025_18__LEGV2__CH_00586,83
UKPGA_2025_18__LEGV2__CH_00587,115
UKPGA_2025_18__LEGV2__CH_00588,24
UKPGA_2025_18__LEGV2__CH_00589,23
UKPGA_2025_18__LEGV2__CH_00590,70
UKPGA_2025_18__LEGV2__CH_00591,33
UKPGA_2025_18__LEGV2__CH_00592,41
UKPGA_2025_18__LEGV2__CH_00593,42
UKPGA_2025_18__LEGV2__CH_00594,95
UKPGA_2025_18__LEGV2__CH_00597,48
UKPGA_2025_18__LEGV2__CH_00598,86
UKPGA_2025_18__LEGV2__CH_00599,78
UKPGA_2025_18__LEGV2__CH_00600,27
UKPGA_2025_18__LEGV2__CH_00601,87
UKPGA_2025_18__LEGV2__CH_00602,61
UKPGA_2025_18__LEGV2__CH_00603,47
UKPGA_2025_18__LEGV2__CH_00604,45
UKPGA_2025_18__LEGV2__CH_00605,50
UKPGA_2025_18__LEGV2__CH_00606,50
UKPGA_2025_18__LEGV2__CH_00607,55
UKPGA_2025_18__LEGV2__CH_00608,31
UKPGA_2025_18__LEGV2__CH_00609,54
UKPGA_2025_18__LEGV2__CH_00611,48
UKPGA_2025_18__LEGV2__CH_00612,40
UKPGA_2025_18__LEGV2__CH_00613,52
UKPGA_2025_18__LEGV2__CH_00614,44
UKPGA_2025_18__LEGV2__CH_00615,68
UKPGA_2025_18__LEGV2__CH_00617,58
UKPGA_2025_18__LEGV2__CH_00618,28
UKPGA_2025_18__LEGV2__CH_00619,56
UKPGA_2025_18__LEGV2__CH_00620,49
UKPGA_2025_18__LEGV2__CH_00621,65
UKPGA_2025_18__LEGV2__CH_00622,41
UKPGA_2025_18__LEGV2__CH_00623,47
UKPGA_2025_18__LEGV2__CH_00624,28
UKPGA_2025_18__LEGV2__CH_00627,61
UKPGA_2025_18__LEGV2__CH_00628,58
UKPGA_2025_18__LEGV2__CH_00629,36
UKPGA_2025_18__LEGV2__CH_00630,51
UKPGA_2025_18__LEGV2__CH_00631,35
UKPGA_2025_18__LEGV2__CH_00632,37
UKPGA_2025_18__LEGV2__CH_00633,71
UKPGA_2025_18__LEGV2__CH_00634,60
UKPGA_2025_18__LEGV2__CH_00635,51
UKPGA_2025_18__LEGV2__CH_00636,65
UKPGA_2025_18__LEGV2__CH_00637,76
UKPGA_2025_18__LEGV2__CH_00638,41
UKPGA_2025_18__LEGV2__CH_00639,27
UKPGA_2025_18__LEGV2__CH_00640,69
UKPGA_2025_18__LEGV2__CH_00641,59
UKPGA_2025_18__LEGV2__CH_00642,41
UKPGA_2025_18__LEGV2__CH_00643,54
UKPGA_2025_18__LEGV2__CH_00644,56
UKPGA_2025_18__LEGV2__CH_00645,71
UKPGA_2025_18__LEGV2__CH_00646,38
UKPGA_2025_18__LEGV2__CH_00647,47
UKPGA_2025_18__LEGV2__CH_00648,47
UKPGA_2025_18__LEGV2__CH_00649,69
UKPGA_2025_18__LEGV2__CH_00650,65
UKPGA_2025_18__LEGV2__CH_00651,75
UKPGA_2025_18__LEGV2__CH_00652,81
UKPGA_2025_18__LEGV2__CH_00653,80
UKPGA_2025_18__LEGV2__CH_00654,76
UKPGA_2025_18__LEGV2__CH_00655,60
UKPGA_2025_18__LEGV2__CH_00656,81
UKPGA_2025_18__LEGV2__CH_00657,68
UKPGA_2025_18__LEGV2__CH_00658,44
UKPGA_2025_18__LEGV2__CH_00660,36
UKPGA_2025_18__LEGV2__CH_00661,53
UKPGA_2025_18__LEGV2__CH_00662,33
UKPGA_2025_18__LEGV2__CH_00663,58
UKPGA_2025_18__LEGV2__CH_00664,33
UKPGA_2025_18__LEGV2__CH_00665,42
UKPGA_2025_18__LEGV2__CH_00666,35
UKPGA_2025_18__LEGV2__CH_00667,37
UKPGA_2025_18__LEGV2__CH_00668,40
UKPGA_2025_18__LEGV2__CH_00669,40
UKPGA_2025_18__LEGV2__CH_00670,38
UKPGA_2025_18__LEGV2__CH_00671,56
UKPGA_2025_18__LEGV2__CH_00672,44
UKPGA_2025_18__LEGV2__CH_00673,33
UKPGA_2025_18__LEGV2__CH_00674,41
UKPGA_2025_18__LEGV2__CH_00675,59
UKPGA_2025_18__LEGV2__CH_00676,35
UKPGA_2025_18__LEGV2__CH_00677,47
UKPGA_2025_18__LEGV2__CH_00678,26
UKPGA_2025_18__LEGV2__CH_00679,29
UKPGA_2025_18__LEGV2__CH_00682,39
UKPGA_2025_18__LEGV2__CH_00683,46
UKPGA_2025_18__LEGV2__CH_00684,40
UKPGA_2025_18__LEGV2__CH_00685,53
UKPGA_2025_18__LEGV2__CH_00686,30
UKPGA_2025_18__LEGV2__CH_00687,47
UKPGA_2025_18__LEGV2__CH_00688,53
UKPGA_2025_18__LEGV2__CH_00689,44
UKPGA_2025_18__LEGV2__CH_00690,50
UKPGA_2025_18__LEGV2__CH_00691,39
UKPGA_2025_18__LEGV2__CH_00692,42
UKPGA_2025_18__LEGV2__CH_00693,38
UKPGA_2025_18__LEGV2__CH_00694,40
UKPGA_2025_18__LEGV2__CH_00695,47
UKPGA_2025_18__LEGV2__CH_00696,127
UKPGA_2025_18__LEGV2__CH_00697,71
UKPGA_2025_18__LEGV2__CH_00698,73
UKPGA_2025_18__LEGV2__CH_00699,30
UKPGA_2025_18__LEGV2__CH_00700,99
UKPGA_2025_18__LEGV2__CH_00701,64
UKPGA_2025_18__LEGV2__CH_00702,68
UKPGA_2025_18__LEGV2__CH_00703,89
UKPGA_2025_18__LEGV2__CH_00704,73
UKPGA_2025_18__LEGV2__CH_00705,44
UKPGA_2025_18__LEGV2__CH_00709,46
UKPGA_2025_18__LEGV2__CH_00710,58
UKPGA_2025_18__LEGV2__CH_00711,54
UKPGA_2025_18__LEGV2__CH_00712,123
UKPGA_2025_18__LEGV2__CH_00713,42
UKPGA_2025_18__LEGV2__CH_00714,82
UKPGA_2025_18__LEGV2__CH_00716,61
UKPGA_2025_18__LEGV2__CH_00723,75
UKPGA_2025_18__LEGV2__CH_00724,50
UKPGA_2025_18__LEGV2__CH_00726,102
UKPGA_2025_18__LEGV2__CH_00727,53
UKPGA_2025_18__LEGV2__CH_00728,65
UKPGA_2025_18__LEGV2__CH_00729,39
UKPGA_2025_18__LEGV2__CH_00730,53
UKPGA_2025_18__LEGV2__CH_00731,88
UKPGA_2025_18__LEGV2__CH_00732,40
UKPGA_2025_18__LEGV2__CH_00733,39
UKPGA_2025_18__LEGV2__CH_00734,48
UKPGA_2025_18__LEGV2__CH_00735,32
UKPGA_2025_18__LEGV2__CH_00737,27
UKPGA_2025_18__LEGV2__CH_00739,43
UKPGA_2025_18__LEGV2__CH_00741,39
UKPGA_2025_18__LEGV2__CH_00742,57
UKPGA_2025_18__LEGV2__CH_00743,55
UKPGA_2025_18__LEGV2__CH_00744,80
UKPGA_2025_18__LEGV2__CH_00745,53
UKPGA_2025_18__LEGV2__CH_00747,70
UKPGA_2025_18__LEGV2__CH_00748,57
UKPGA_2025_18__LEGV2__CH_00749,46
UKPGA_2025_18__LEGV2__CH_00751,52
UKPGA_2025_18__LEGV2__CH_00752,45
UKPGA_2025_18__LEGV2__CH_00753,55
UKPGA_2025_18__LEGV2__CH_00754,41
UKPGA_2025_18__LEGV2__CH_00756,57
UKPGA_2025_18__LEGV2__CH_00757,54
UKPGA_2025_18__LEGV2__CH_00758,49
UKPGA_2025_18__LEGV2__CH_00761,40
UKPGA_2025_18__LEGV2__CH_00762,74
UKPGA_2025_18__LEGV2__CH_00763,90
UKPGA_2025_18__LEGV2__CH_00764,49
UKPGA_2025_18__LEGV2__CH_00766,31
UKPGA_2025_18__LEGV2__CH_00768,72
UKPGA_2025_18__LEGV2__CH_00770,63
UKPGA_2025_18__LEGV2__CH_00771,92
UKPGA_2025_18__LEGV2__CH_00772,86
UKPGA_2025_18__LEGV2__CH_00773,96
UKPGA_2025_18__LEGV2__CH_00774,65
UKPGA_2025_18__LEGV2__CH_00775,53
UKPGA_2025_18__LEGV2__CH_00776,57
UKPGA_2025_18__LEGV2__CH_00778,44
UKPGA_2025_18__LEGV2__CH_00779,32
UKPGA_2025_18__LEGV2__CH_00780,60
UKPGA_2025_18__LEGV2__CH_00781,43
UKPGA_2025_18__LEGV2__CH_00782,94
UKPGA_2025_18__LEGV2__CH_00783,73
UKPGA_2025_18__LEGV2__CH_00785,38
UKPGA_2025_18__LEGV2__CH_00786,39
UKPGA_2025_18__LEGV2__CH_00787,28
UKPGA_2025_18__LEGV2__CH_00788,56
UKPGA_2025_18__LEGV2__CH_00790,47
UKPGA_2025_18__LEGV2__CH_00791,76
UKPGA_2025_18__LEGV2__CH_00792,71
UKPGA_2025_18__LEGV2__CH_00793,49
UKPGA_2025_18__LEGV2__CH_00798,41
UKPGA_2025_18__LEGV2__CH_00799,60
UKPGA_2025_18__LEGV2__CH_00800,50
UKPGA_2025_18__LEGV2__CH_00801,61
UKPGA_2025_18__LEGV2__CH_00802,48
UKPGA_2025_18__LEGV2__CH_00806,50
UKPGA_2025_18__LEGV2__CH_00807,64
UKPGA_2025_18__LEGV2__CH_00808,42
UKPGA_2025_18__LEGV2__CH_00809,51
UKPGA_2025_18__LEGV2__CH_00810,56
UKPGA_2025_18__LEGV2__CH_00811,39
UKPGA_2025_18__LEGV2__CH_00812,32
UKPGA_2025_18__LEGV2__CH_00815,43
UKPGA_2025_18__LEGV2__CH_00816,47
UKPGA_2025_18__LEGV2__CH_00817,38
UKPGA_2025_18__LEGV2__CH_00818,38
UKPGA_2025_18__LEGV2__CH_00820,30
UKPGA_2025_18__LEGV2__CH_00821,45
UKPGA_2025_18__LEGV2__CH_00822,57
UKPGA_2025_18__LEGV2__CH_00823,54
UKPGA_2025_18__LEGV2__CH_00825,37
UKPGA_2025_18__LEGV2__CH_00826,43
UKPGA_2025_18__LEGV2__CH_00827,47
UKPGA_2025_18__LEGV2__CH_00828,60
UKPGA_2025_18__LEGV2__CH_00830,50
UKPGA_2025_18__LEGV2__CH_00831,72
UKPGA_2025_18__LEGV2__CH_00832,51
UKPGA_2025_18__LEGV2__CH_00833,64
UKPGA_2025_18__LEGV2__CH_00836,60
UKPGA_2025_18__LEGV2__CH_00837,70
UKPGA_2025_18__LEGV2__CH_00838,53
UKPGA_2025_18__LEGV2__CH_00841,37
UKPGA_2025_18__LEGV2__CH_00843,62
UKPGA_2025_18__LEGV2__CH_00844,56
UKPGA_2025_18__LEGV2__CH_00845,31
UKPGA_2025_18__LEGV2__CH_00846,40
UKPGA_2025_18__LEGV2__CH_00852,61
UKPGA_2025_18__LEGV2__CH_00854,50
UKPGA_2025_18__LEGV2__CH_00855,37
UKPGA_2025_18__LEGV2__CH_00857,38
UKPGA_2025_18__LEGV2__CH_00858,38
UKPGA_2025_18__LEGV2__CH_00859,50
UKPGA_2025_18__LEGV2__CH_00862,43
UKPGA_2025_18__LEGV2__CH_00863,58
UKPGA_2025_18__LEGV2__CH_00864,35
UKPGA_2025_18__LEGV2__CH_00866,32
UKPGA_2025_18__LEGV2__CH_00867,32
UKPGA_2025_18__LEGV2__CH_00869,50
UKPGA_2025_18__LEGV2__CH_00870,144
UKPGA_2025_18__LEGV2__CH_00871,40
UKPGA_2025_18__LEGV2__CH_00872,64
UKPGA_2025_18__LEGV2__CH_00873,53
UKPGA_2025_18__LEGV2__CH_00874,84
UKPGA_2025_18__LEGV2__CH_00875,74
UKPGA_2025_18__LEGV2__CH_00876,42
UKPGA_2025_18__LEGV2__CH_00877,50
UKPGA_2025_18__LEGV2__CH_00878,89
UKPGA_2025_18__LEGV2__CH_00880,51
UKPGA_2025_18__LEGV2__CH_00881,62
UKPGA_2025_18__LEGV2__CH_00882,49
UKPGA_2025_18__LEGV2__CH_00883,47
UKPGA_2025_18__LEGV2__CH_00884,54
UKPGA_2025_18__LEGV2__CH_00885,46
UKPGA_2025_18__LEGV2__CH_00887,44
UKPGA_2025_18__LEGV2__CH_00888,40
UKPGA_2025_18__LEGV2__CH_00889,48
UKPGA_2025_18__LEGV2__CH_00890,48
UKPGA_2025_18__LEGV2__CH_00891,44
UKPGA_2025_18__LEGV2__CH_00892,41
UKPGA_2025_18__LEGV2__CH_00893,45
UKPGA_2025_18__LEGV2__CH_00894,58
UKPGA_2025_18__LEGV2__CH_00895,51
UKPGA_2025_18__LEGV2__CH_00896,31
UKPGA_2025_18__LEGV2__CH_00897,26
UKPGA_2025_18__LEGV2__CH_00898,37
UKPGA_2025_18__LEGV2__CH_00899,63
UKPGA_2025_18__LEGV2__CH_00901,52
UKPGA_2025_18__LEGV2__CH_00902,63
UKPGA_2025_18__LEGV2__CH_00903,53
UKPGA_2025_18__LEGV2__CH_00904,31
UKPGA_2025_18__LEGV2__CH_00906,35
UKPGA_2025_18__LEGV2__CH_00907,43
UKPGA_2025_18__LEGV2__CH_00908,35
UKPGA_2025_18__LEGV2__CH_00909,30
UKPGA_2025_18__LEGV2__CH_00910,44
UKPGA_2025_18__LEGV2__CH_00911,50
UKPGA_2025_18__LEGV2__CH_00912,28
UKPGA_2025_18__LEGV2__CH_00913,46
UKPGA_2025_18__LEGV2__CH_00914,48
UKPGA_2025_18__LEGV2__CH_00916,33
UKPGA_2025_18__LEGV2__CH_00918,47
UKPGA_2025_18__LEGV2__CH_00921,32
UKPGA_2025_18__LEGV2__CH_00922,41
UKPGA_2025_18__LEGV2__CH_00923,66
UKPGA_2025_18__LEGV2__CH_00924,38
UKPGA_2025_18__LEGV2__CH_00925,34
UKPGA_2025_18__LEGV2__CH_00926,26
UKPGA_2025_18__LEGV2__CH_00927,48
UKPGA_2025_18__LEGV2__CH_00928,41
UKPGA_2025_18__LEGV2__CH_00929,77
UKPGA_2025_18__LEGV2__CH_00930,99
UKPGA_2025_18__LEGV2__CH_00931,62
UKPGA_2025_18__LEGV2__CH_00932,51
UKPGA_2025_18__LEGV2__CH_00933,79
UKPGA_2025_18__LEGV2__CH_00934,53
UKPGA_2025_18__LEGV2__CH_00935,63
UKPGA_2025_18__LEGV2__CH_00936,70
UKPGA_2025_18__LEGV2__CH_00938,99
UKPGA_2025_18__LEGV2__CH_00939,48
UKPGA_2025_18__LEGV2__CH_00940,56
UKPGA_2025_18__LEGV2__CH_00941,62
UKPGA_2025_18__LEGV2__CH_00942,78
UKPGA_2025_18__LEGV2__CH_00943,87
UKPGA_2025_18__LEGV2__CH_00944,49
UKPGA_2025_18__LEGV2__CH_00946,88
UKPGA_2025_18__LEGV2__CH_00947,81
UKPGA_2025_18__LEGV2__CH_00948,66
UKPGA_2025_18__LEGV2__CH_00949,76
UKPGA_2025_18__LEGV2__CH_00950,47
UKPGA_2025_18__LEGV2__CH_00951,52
UKPGA_2025_18__LEGV2__CH_00954,54
UKPGA_2025_18__LEGV2__CH_00956,64
UKPGA_2025_18__LEGV2__CH_00957,51
UKPGA_2025_18__LEGV2__CH_00958,48
UKPGA_2025_18__LEGV2__CH_00959,34
UKPGA_2025_18__LEGV2__CH_00960,49
UKPGA_2025_18__LEGV2__CH_00962,43
UKPGA_2025_18__LEGV2__CH_00963,45
UKPGA_2025_18__LEGV2__CH_00964,125
UKPGA_2025_18__LEGV2__CH_00965,35
UKPGA_2025_18__LEGV2__CH_00966,37
UKPGA_2025_18__LEGV2__CH_00967,85
UKPGA_2025_18__LEGV2__CH_00968,101
UKPGA_2025_18__LEGV2__CH_00969,40
UKPGA_2025_18__LEGV2__CH_00970,87
UKPGA_2025_18__LEGV2__CH_00971,43
UKPGA_2025_18__LEGV2__CH_00972,50
UKPGA_2025_18__LEGV2__CH_00973,57
UKPGA_2025_18__LEGV2__CH_00974,62
UKPGA_2025_18__LEGV2__CH_00975,69
UKPGA_2025_18__LEGV2__CH_00976,33
UKPGA_2025_18__LEGV2__CH_00977,49
UKPGA_2025_18__LEGV2__CH_00978,40
UKPGA_2025_18__LEGV2__CH_00979,90
UKPGA_2025_18__LEGV2__CH_00980,69
UKPGA_2025_18__LEGV2__CH_00982,58
UKPGA_2025_18__LEGV2__CH_00983,94
UKPGA_2025_18__LEGV2__CH_00984,49
UKPGA_2025_18__LEGV2__CH_00986,75
UKPGA_2025_18__LEGV2__CH_00987,40
UKPGA_2025_18__LEGV2__CH_00988,36
UKPGA_2025_18__LEGV2__CH_00989,47
UKPGA_2025_18__LEGV2__CH_00990,107
UKPGA_2025_18__LEGV2__CH_00993,87
UKPGA_2025_18__LEGV2__CH_00994,93
UKPGA_2025_18__LEGV2__CH_00996,99
UKPGA_2025_18__LEGV2__CH_00999,54
UKPGA_2025_18__LEGV2__CH_01000,52
UKPGA_2025_18__LEGV2__CH_01001,71
UKPGA_2025_18__LEGV2__CH_01003,63
UKPGA_2025_18__LEGV2__CH_01004,41
UKPGA_2025_18__LEGV2__CH_01005,90
UKPGA_2025_18__LEGV2__CH_01006,65
UKPGA_2025_18__LEGV2__CH_01014,71
UKPGA_2025_18__LEGV2__CH_01015,45
UKPGA_2025_18__LEGV2__CH_01016,36
UKPGA_2025_18__LEGV2__CH_01017,39
UKPGA_2025_18__LEGV2__CH_01019,57
UKPGA_2025_18__LEGV2__CH_01020,59
UKPGA_2025_18__LEGV2__CH_01021,81
UKPGA_2025_18__LEGV2__CH_01022,38
UKPGA_2025_18__LEGV2__CH_01026,76
UKPGA_2025_18__LEGV2__CH_01027,65
UKPGA_2025_18__LEGV2__CH_01028,68
UKPGA_2025_18__LEGV2__CH_01029,72
UKPGA_2025_18__LEGV2__CH_01030,52
UKPGA_2025_18__LEGV2__CH_01031,81
UKPGA_2025_18__LEGV2__CH_01032,53
UKPGA_2025_18__LEGV2__CH_01033,83
UKPGA_2025_18__LEGV2__CH_01034,57
UKPGA_2025_18__LEGV2__CH_01035,52
UKPGA_2025_18__LEGV2__CH_01036,42
UKPGA_2025_18__LEGV2__CH_01037,23
UKPGA_2025_36__LEGV2__CH_00002,27
UKPGA_2025_36__LEGV2__CH_00003,27
UKPGA_2025_36__LEGV2__CH_00004,67
UKPGA_2025_36__LEGV2__CH_00005,38
UKPGA_2025_36__LEGV2__CH_00006,54
UKPGA_2025_36__LEGV2__CH_00007,28
UKPGA_2025_36__LEGV2__CH_00009,30
UKPGA_2025_36__LEGV2__CH_00010,61
UKPGA_2025_36__LEGV2__CH_00011,64
UKPGA_2025_36__LEGV2__CH_00012,76
UKPGA_2025_36__LEGV2__CH_00013,43
UKPGA_2025_36__LEGV2__CH_00014,40
UKPGA_2025_36__LEGV2__CH_00015,41
UKPGA_2025_36__LEGV2__CH_00016,39
UKPGA_2025_36__LEGV2__CH_00018,53
UKPGA_2025_36__LEGV2__CH_00019,41
UKPGA_2025_36__LEGV2__CH_00020,49
UKPGA_2025_36__LEGV2__CH_00021,50
UKPGA_2025_36__LEGV2__CH_00022,38
UKPGA_2025_36__LEGV2__CH_00023,64
UKPGA_2025_36__LEGV2__CH_00024,68
UKPGA_2025_36__LEGV2__CH_00025,69
UKPGA_2025_36__LEGV2__CH_00026,56
UKPGA_2025_36__LEGV2__CH_00027,37
UKPGA_2025_36__LEGV2__CH_00028,30
UKPGA_2025_36__LEGV2__CH_00029,28
UKPGA_2025_36__LEGV2__CH_00030,49
UKPGA_2025_36__LEGV2__CH_00031,62
UKPGA_2025_36__LEGV2__CH_00032,52
UKPGA_2025_36__LEGV2__CH_00033,43
UKPGA_2025_36__LEGV2__CH_00034,27
UKPGA_2025_36__LEGV2__CH_00035,59
UKPGA_2025_36__LEGV2__CH_00036,43
UKPGA_2025_36__LEGV2__CH_00037,54
UKPGA_2025_36__LEGV2__CH_00038,70
UKPGA_2025_36__LEGV2__CH_00039,44
UKPGA_2025_36__LEGV2__CH_00040,42
UKPGA_2025_36__LEGV2__CH_00041,44
UKPGA_2025_36__LEGV2__CH_00042,46
UKPGA_2025_36__LEGV2__CH_00043,41
UKPGA_2025_36__LEGV2__CH_00044,32
UKPGA_2025_36__LEGV2__CH_00045,50
UKPGA_2025_36__LEGV2__CH_00046,48
UKPGA_2025_36__LEGV2__CH_00047,58
UKPGA_2025_36__LEGV2__CH_00048,30
UKPGA_2025_36__LEGV2__CH_00049,43
UKPGA_2025_36__LEGV2__CH_00050,50
UKPGA_2025_36__LEGV2__CH_00051,80
UKPGA_2025_36__LEGV2__CH_00052,46
UKPGA_2025_36__LEGV2__CH_00053,49
UKPGA_2025_36__LEGV2__CH_00054,45
UKPGA_2025_36__LEGV2__CH_00055,30
UKPGA_2025_36__LEGV2__CH_00056,33
UKPGA_2025_36__LEGV2__CH_00058,49
UKPGA_2025_36__LEGV2__CH_00059,42
UKPGA_2025_36__LEGV2__CH_00060,41
UKPGA_2025_36__LEGV2__CH_00061,62
UKPGA_2025_36__LEGV2__CH_00062,45
UKPGA_2025_36__LEGV2__CH_00063,56
UKPGA_2025_36__LEGV2__CH_00064__M,47
UKPGA_2025_36__LEGV2__CH_00066,53
UKPGA_2025_36__LEGV2__CH_00067,56
UKPGA_2025_36__LEGV2__CH_00068,60
UKPGA_2025_36__LEGV2__CH_00069,54
UKPGA_2025_36__LEGV2__CH_00070,55
UKPGA_2025_36__LEGV2__CH_00071,33
UKPGA_2025_36__LEGV2__CH_00072,33
UKPGA_2025_36__LEGV2__CH_00073,93
UKPGA_2025_36__LEGV2__CH_00074,88
UKPGA_2025_36__LEGV2__CH_00075,30
UKPGA_2025_36__LEGV2__CH_00085,76
UKPGA_2025_36__LEGV2__CH_00091,55
UKPGA_2025_36__LEGV2__CH_00104,66
UKPGA_2025_36__LEGV2__CH_00105,78
UKPGA_2025_36__LEGV2__CH_00106,47
UKPGA_2025_36__LEGV2__CH_00107,30
UKPGA_2025_36__LEGV2__CH_00114,38
UKPGA_2025_36__LEGV2__CH_00120,73
UKPGA_2025_36__LEGV2__CH_00135,62
UKPGA_2025_36__LEGV2__CH_00136,50
UKPGA_2025_36__LEGV2__CH_00137,54
UKPGA_2025_36__LEGV2__CH_00138,63
UKPGA_2025_36__LEGV2__CH_00139,50
UKPGA_2025_36__LEGV2__CH_00140,55
UKPGA_2025_36__LEGV2__CH_00141,45
UKPGA_2025_36__LEGV2__CH_00142,44
UKPGA_2025_36__LEGV2__CH_00143,45
UKPGA_2025_36__LEGV2__CH_00144,35
UKPGA_2025_36__LEGV2__CH_00145,38
UKPGA_2025_36__LEGV2__CH_00146,35
UKPGA_2025_36__LEGV2__CH_00147,38
UKPGA_2025_36__LEGV2__CH_00148,40
UKPGA_2025_36__LEGV2__CH_00149,56
UKPGA_2025_36__LEGV2__CH_00150,31
UKPGA_2025_36__LEGV2__CH_00151,32
UKPGA_2025_36__LEGV2__CH_00152,45
UKPGA_2025_36__LEGV2__CH_00153,35
UKPGA_2025_36__LEGV2__CH_00154,39
UKPGA_2025_36__LEGV2__CH_00155,46
UKPGA_2025_36__LEGV2__CH_00156,47
UKPGA_2025_36__LEGV2__CH_00157,49
UKPGA_2025_36__LEGV2__CH_00158,94
UKPGA_2025_36__LEGV2__CH_00159,41
UKPGA_2025_36__LEGV2__CH_00160,47
UKPGA_2025_36__LEGV2__CH_00161,27
UKPGA_2025_36__LEGV2__CH_00162,34
UKPGA_2025_36__LEGV2__CH_00163,44
UKPGA_2025_36__LEGV2__CH_00164,46
UKPGA_2025_36__LEGV2__CH_00165,53
UKPGA_2025_36__LEGV2__CH_00166,29
UKPGA_2025_36__LEGV2__CH_00167,48
UKPGA_2025_36__LEGV2__CH_00168,38
UKPGA_2025_36__LEGV2__CH_00169,47
UKPGA_2025_36__LEGV2__CH_00170,37
UKPGA_2025_36__LEGV2__CH_00171,44
UKPGA_2025_36__LEGV2__CH_00172,52
UKPGA_2025_36__LEGV2__CH_00173,34
UKPGA_2025_36__LEGV2__CH_00174,49
UKPGA_2025_36__LEGV2__CH_00175,40
UKPGA_2025_36__LEGV2__CH_00176,44
UKPGA_2025_36__LEGV2__CH_00177,62
UKPGA_2025_36__LEGV2__CH_00179,47
UKPGA_2025_36__LEGV2__CH_00180,29
UKPGA_2025_36__LEGV2__CH_00181,63
UKPGA_2025_36__LEGV2__CH_00182,57
UKPGA_2025_36__LEGV2__CH_00183,27
UKPGA_2025_36__LEGV2__CH_00184,39
UKPGA_2025_36__LEGV2__CH_00185,36
UKPGA_2025_36__LEGV2__CH_00193,55
UKPGA_2025_36__LEGV2__CH_00197,59
UKPGA_2025_36__LEGV2__CH_00205,46
UKPGA_2025_36__LEGV2__CH_00207,56
UKPGA_2025_36__LEGV2__CH_00208,58
UKPGA_2025_36__LEGV2__CH_00209,47
UKPGA_2025_36__LEGV2__CH_00210,49
UKPGA_2025_36__LEGV2__CH_00211,32
UKPGA_2025_36__LEGV2__CH_00212,49
UKPGA_2025_36__LEGV2__CH_00213,40
UKPGA_2025_36__LEGV2__CH_00214,40
UKPGA_2025_36__LEGV2__CH_00215,67
UKPGA_2025_36__LEGV2__CH_00216,38
UKPGA_2025_36__LEGV2__CH_00217,36
UKPGA_2025_36__LEGV2__CH_00218,56
UKPGA_2025_36__LEGV2__CH_00219,34
UKPGA_2025_36__LEGV2__CH_00220,39
UKPGA_2025_36__LEGV2__CH_00221,26
UKPGA_2025_36__LEGV2__CH_00222,75
UKPGA_2025_36__LEGV2__CH_00223,45
UKPGA_2025_36__LEGV2__CH_00224,40
UKPGA_2025_36__LEGV2__CH_00225,39
UKPGA_2025_36__LEGV2__CH_00226,38
UKPGA_2025_36__LEGV2__CH_00227,68
UKPGA_2025_36__LEGV2__CH_00228,28
UKPGA_2025_36__LEGV2__CH_00229,33
UKPGA_2025_36__LEGV2__CH_00230,41
UKPGA_2025_36__LEGV2__CH_00231,44
UKPGA_2025_36__LEGV2__CH_00232,83
UKPGA_2025_36__LEGV2__CH_00233,60
UKPGA_2025_36__LEGV2__CH_00234,43
UKPGA_2025_36__LEGV2__CH_00235,37
UKPGA_2025_36__LEGV2__CH_00236,32
UKPGA_2025_36__LEGV2__CH_00237,52
UKPGA_2025_36__LEGV2__CH_00238,45
UKPGA_2025_36__LEGV2__CH_00239,40
UKPGA_2025_36__LEGV2__CH_00240,51
UKPGA_2025_36__LEGV2__CH_00241,35
UKPGA_2025_36__LEGV2__CH_00242,26
UKPGA_2025_36__LEGV2__CH_00243,60
UKPGA_2025_36__LEGV2__CH_00246,49
UKPGA_2025_36__LEGV2__CH_00254,84
UKPGA_2025_36__LEGV2__CH_00256,36
UKPGA_2025_36__LEGV2__CH_00258,51
UKPGA_2025_36__LEGV2__CH_00259,46
UKPGA_2025_36__LEGV2__CH_00260,44
UKPGA_2025_36__LEGV2__CH_00261,27
UKPGA_2025_36__LEGV2__CH_00263,51
UKPGA_2025_36__LEGV2__CH_00265,36
UKPGA_2025_36__LEGV2__CH_00269,86
UKPGA_2025_36__LEGV2__CH_00270,86
UKPGA_2025_36__LEGV2__CH_00271,89
UKPGA_2025_36__LEGV2__CH_00272,35
UKPGA_2025_36__LEGV2__CH_00274,44
UKPGA_2025_36__LEGV2__CH_00275,64
UKPGA_2025_36__LEGV2__CH_00276,27
UKPGA_2025_36__LEGV2__CH_00277,43
UKPGA_2025_36__LEGV2__CH_00278,79
UKPGA_2025_36__LEGV2__CH_00279,31
UKPGA_2025_36__LEGV2__CH_00280,52
UKPGA_2025_36__LEGV2__CH_00281,48
UKPGA_2025_36__LEGV2__CH_00282,60
UKPGA_2025_36__LEGV2__CH_00283,55
UKPGA_2025_36__LEGV2__CH_00284,39
UKPGA_2025_36__LEGV2__CH_00285,82
UKPGA_2025_36__LEGV2__CH_00286,54
UKPGA_2025_36__LEGV2__CH_00287,76
UKPGA_2025_36__LEGV2__CH_00288,79
UKPGA_2025_36__LEGV2__CH_00289,55
UKPGA_2025_36__LEGV2__CH_00290,41
UKPGA_2025_36__LEGV2__CH_00291,37
UKPGA_2025_36__LEGV2__CH_00292,55
UKPGA_2025_36__LEGV2__CH_00293,61
UKPGA_2025_36__LEGV2__CH_00294,45
UKPGA_2025_36__LEGV2__CH_00295,60
UKPGA_2025_36__LEGV2__CH_00296,48
UKPGA_2025_36__LEGV2__CH_00297,49
UKPGA_2025_36__LEGV2__CH_00298,44
UKPGA_2025_36__LEGV2__CH_00299,34
UKPGA_2025_36__LEGV2__CH_00300,60
UKPGA_2025_36__LEGV2__CH_00301,53
UKPGA_2025_36__LEGV2__CH_00302,72
UKPGA_2025_36__LEGV2__CH_00303,39
UKPGA_2025_36__LEGV2__CH_00304,45
UKPGA_2025_36__LEGV2__CH_00305,34
UKPGA_2025_36__LEGV2__CH_00306,35
UKPGA_2025_36__LEGV2__CH_00307,88
UKPGA_2025_36__LEGV2__CH_00308,34
UKPGA_2025_36__LEGV2__CH_00309,30
UKPGA_2025_36__LEGV2__CH_00310,29
UKPGA_2025_36__LEGV2__CH_00313,56
UKPGA_2025_36__LEGV2__CH_00314,79
UKPGA_2025_36__LEGV2__CH_00315,60
UKPGA_2025_36__LEGV2__CH_00316,55
UKPGA_2025_36__LEGV2__CH_00317,71
UKPGA_2025_36__LEGV2__CH_00318,55
UKPGA_2025_36__LEGV2__CH_00319,86
UKPGA_2025_36__LEGV2__CH_00320,46
UKPGA_2025_36__LEGV2__CH_00321,48
UKPGA_2025_36__LEGV2__CH_00322,59
UKPGA_2025_36__LEGV2__CH_00323,72
UKPGA_2025_36__LEGV2__CH_00324,55
UKPGA_2025_36__LEGV2__CH_00325,25
UKPGA_2025_36__LEGV2__CH_00326,50
UKPGA_2025_36__LEGV2__CH_00327,66
UKPGA_2025_36__LEGV2__CH_00328,48
UKPGA_2025_36__LEGV2__CH_00329,74
UKPGA_2025_36__LEGV2__CH_00330,53
UKPGA_2025_36__LEGV2__CH_00331,76
UKPGA_2025_36__LEGV2__CH_00332,62
UKPGA_2025_36__LEGV2__CH_00333,68
UKPGA_2025_36__LEGV2__CH_00334,97
UKPGA_2025_36__LEGV2__CH_00335,93
UKPGA_2025_36__LEGV2__CH_00336,62
UKPGA_2025_36__LEGV2__CH_00337,80
UKPGA_2025_36__LEGV2__CH_00338,151
UKPGA_2025_36__LEGV2__CH_00339,35
UKPGA_2025_36__LEGV2__CH_00340,87
UKPGA_2025_36__LEGV2__CH_00341,51
UKPGA_2025_36__LEGV2__CH_00342,72
UKPGA_2025_36__LEGV2__CH_00343,30
UKPGA_2025_36__LEGV2__CH_00344,68
UKPGA_2025_36__LEGV2__CH_00345,71
UKPGA_2025_36__LEGV2__CH_00346,49
UKPGA_2025_36__LEGV2__CH_00347,55
UKPGA_2025_36__LEGV2__CH_00348,197
UKPGA_2025_36__LEGV2__CH_00349,37
UKPGA_2025_36__LEGV2__CH_00351,46
UKPGA_2025_36__LEGV2__CH_00352,55
UKPGA_2025_36__LEGV2__CH_00353,41
UKPGA_2025_36__LEGV2__CH_00354,48
UKPGA_2025_36__LEGV2__CH_00355,40
UKPGA_2025_36__LEGV2__CH_00356,41
UKPGA_2025_36__LEGV2__CH_00357,65
UKPGA_2025_36__LEGV2__CH_00358,51
UKPGA_2025_36__LEGV2__CH_00359,30
UKPGA_2025_36__LEGV2__CH_00360,79
UKPGA_2025_36__LEGV2__CH_00362,39
UKPGA_2025_36__LEGV2__CH_00363,55
UKPGA_2025_36__LEGV2__CH_00366,47
UKPGA_2025_36__LEGV2__CH_00367,43
UKPGA_2025_36__LEGV2__CH_00369,47
UKPGA_2025_36__LEGV2__CH_00370,59
UKPGA_2025_36__LEGV2__CH_00371,49
UKPGA_2025_36__LEGV2__CH_00372,43
UKPGA_2025_36__LEGV2__CH_00382,51
UKPGA_2025_36__LEGV2__CH_00383,62
UKPGA_2025_36__LEGV2__CH_00384,55
UKPGA_2025_36__LEGV2__CH_00385,55
UKPGA_2025_36__LEGV2__CH_00386,44
UKPGA_2025_36__LEGV2__CH_00387,63
UKPGA_2025_36__LEGV2__CH_00388,41
UKPGA_2025_36__LEGV2__CH_00389,29
UKPGA_2025_36__LEGV2__CH_00390,39
UKPGA_2025_36__LEGV2__CH_00392,39
UKPGA_2025_36__LEGV2__CH_00393,58
UKPGA_2025_36__LEGV2__CH_00394,91
UKPGA_2025_36__LEGV2__CH_00395,55
UKPGA_2025_36__LEGV2__CH_00396,114
UKPGA_2025_36__LEGV2__CH_00399,28
UKPGA_2025_36__LEGV2__CH_00400,36
UKPGA_2025_36__LEGV2__CH_00401,51
UKPGA_2025_36__LEGV2__CH_00402,43
UKPGA_2025_36__LEGV2__CH_00403,52
UKPGA_2025_36__LEGV2__CH_00404,78
UKPGA_2025_36__LEGV2__CH_00405__M,59
UKPGA_2025_36__LEGV2__CH_00407,31
UKPGA_2025_36__LEGV2__CH_00408,52
UKPGA_2025_36__LEGV2__CH_00409,64
UKPGA_2025_36__LEGV2__CH_00410,91
UKPGA_2025_36__LEGV2__CH_00411,55
UKPGA_2025_36__LEGV2__CH_00412,40
UKPGA_2025_36__LEGV2__CH_00413,38
UKPGA_2025_36__LEGV2__CH_00415,67
UKPGA_2025_36__LEGV2__CH_00416,24
UKPGA_2025_36__LEGV2__CH_00417,59
UKPGA_2025_36__LEGV2__CH_00418,33
UKPGA_2025_36__LEGV2__CH_00419,42
UKPGA_2025_36__LEGV2__CH_00420,80
UKPGA_2025_36__LEGV2__CH_00421,82
UKPGA_2025_36__LEGV2__CH_00422,34
UKPGA_2025_36__LEGV2__CH_00423,56
UKPGA_2025_36__LEGV2__CH_00424,52
UKPGA_2025_36__LEGV2__CH_00425,37
UKPGA_2025_36__LEGV2__CH_00426,52
UKPGA_2025_36__LEGV2__CH_00427,36
UKPGA_2025_36__LEGV2__CH_00446,38
UKPGA_2025_36__LEGV2__CH_00447,46
UKPGA_2025_36__LEGV2__CH_00448,20
UKPGA_2025_36__LEGV2__CH_00449,26
UKPGA_2025_36__LEGV2__CH_00450,54
UKPGA_2025_36__LEGV2__CH_00451,31
UKPGA_2025_36__LEGV2__CH_00452,41
UKPGA_2025_36__LEGV2__CH_00453,32
UKPGA_2025_36__LEGV2__CH_00454,47
UKPGA_2025_36__LEGV2__CH_00455,31
UKPGA_2025_36__LEGV2__CH_00456,40
UKPGA_2025_36__LEGV2__CH_00465,36
UKPGA_2025_36__LEGV2__CH_00466,47
UKPGA_2025_36__LEGV2__CH_00467,42
UKPGA_2025_36__LEGV2__CH_00468,38
UKPGA_2025_36__LEGV2__CH_00470,30
UKPGA_2025_36__LEGV2__CH_00471,20
UKPGA_2025_36__LEGV2__CH_00472,41
UKPGA_2025_36__LEGV2__CH_00473,44
UKPGA_2025_36__LEGV2__CH_00474,38
UKPGA_2025_36__LEGV2__CH_00476,49
UKPGA_2025_36__LEGV2__CH_00477,39
UKPGA_2025_36__LEGV2__CH_00478,54
UKPGA_2025_36__LEGV2__CH_00479,59
UKPGA_2025_36__LEGV2__CH_00480,28
UKPGA_2025_36__LEGV2__CH_00481,64
UKPGA_2025_36__LEGV2__CH_00484,87
UKPGA_2025_36__LEGV2__CH_00485,110
UKPGA_2025_36__LEGV2__CH_00486,65
UKPGA_2025_36__LEGV2__CH_00487,77
UKPGA_2025_36__LEGV2__CH_00488,62
UKPGA_2025_36__LEGV2__CH_00489,62
UKPGA_2025_36__LEGV2__CH_00490,46
UKPGA_2025_36__LEGV2__CH_00491,39
UKPGA_2025_36__LEGV2__CH_00492,69
UKPGA_2025_36__LEGV2__CH_00493,64
UKPGA_2025_36__LEGV2__CH_00494,100
UKPGA_2025_36__LEGV2__CH_00495,34
UKPGA_2025_36__LEGV2__CH_00496,56
UKPGA_2025_36__LEGV2__CH_00497,46
UKPGA_2025_36__LEGV2__CH_00499,58
UKPGA_2025_36__LEGV2__CH_00500,56
UKPGA_2025_36__LEGV2__CH_00501,60
UKPGA_2025_36__LEGV2__CH_00502,44
UKPGA_2025_36__LEGV2__CH_00503,25
UKPGA_2025_36__LEGV2__CH_00505,42
UKPGA_2025_36__LEGV2__CH_00506,26
UKPGA_2025_36__LEGV2__CH_00507,26
UKPGA_2025_36__LEGV2__CH_00508,40
UKPGA_2025_36__LEGV2__CH_00509,60
UKPGA_2025_36__LEGV2__CH_00510,89
UKPGA_2025_36__LEGV2__CH_00511,39
UKPGA_2025_36__LEGV2__CH_00513,30
UKPGA_2025_36__LEGV2__CH_00514,39
UKPGA_2025_36__LEGV2__CH_00515,116
UKPGA_2025_36__LEGV2__CH_00516,55
UKPGA_2025_36__LEGV2__CH_00517,62
UKPGA_2025_36__LEGV2__CH_00518,41
UKPGA_2025_36__LEGV2__CH_00519,39
UKPGA_2025_36__LEGV2__CH_00520,33
UKPGA_2025_36__LEGV2__CH_00522,50
UKPGA_2025_36__LEGV2__CH_00523,25
UKPGA_2025_36__LEGV2__CH_00525,39
UKPGA_2025_36__LEGV2__CH_00527,44
UKPGA_2025_36__LEGV2__CH_00530,20
UKPGA_2025_36__LEGV2__CH_00531,30
UKPGA_2025_36__LEGV2__CH_00537,28
UKPGA_2025_36__LEGV2__CH_00538,37
UKPGA_2025_36__LEGV2__CH_00539,26
UKPGA_2025_36__LEGV2__CH_00540,33
UKPGA_2025_36__LEGV2__CH_00541,26
UKPGA_2025_36__LEGV2__CH_00542,35
UKPGA_2025_36__LEGV2__CH_00543,42
UKPGA_2025_36__LEGV2__CH_00544,62
UKPGA_2025_36__LEGV2__CH_00546__M,53
UKPGA_2025_36__LEGV2__CH_00548,51
UKPGA_2025_36__LEGV2__CH_00549,47
UKPGA_2025_36__LEGV2__CH_00550,44
UKPGA_2025_36__LEGV2__CH_00551,46
UKPGA_2025_36__LEGV2__CH_00552,18
UKPGA_2025_36__LEGV2__CH_00554,34
UKPGA_2025_36__LEGV2__CH_00555,66
UKPGA_2025_36__LEGV2__CH_00556,52
UKPGA_2025_36__LEGV2__CH_00557,39
UKPGA_2025_36__LEGV2__CH_00558,62
UKPGA_2025_36__LEGV2__CH_00559,37
UKPGA_2025_36__LEGV2__CH_00562,28
UKPGA_2025_36__LEGV2__CH_00563,28
UKPGA_2025_36__LEGV2__CH_00564,46
UKPGA_2025_36__LEGV2__CH_00565,41
UKPGA_2025_36__LEGV2__CH_00566,22
UKPGA_2025_36__LEGV2__CH_00567,44
UKPGA_2025_36__LEGV2__CH_00568,29
UKPGA_2025_36__LEGV2__CH_00569,36
UKPGA_2025_36__LEGV2__CH_00570,26
UKPGA_2025_36__LEGV2__CH_00571,39
UKPGA_2025_36__LEGV2__CH_00572,35
UKPGA_2025_36__LEGV2__CH_00573,63
UKPGA_2025_36__LEGV2__CH_00574,20
UKPGA_2025_36__LEGV2__CH_00575,29
UKPGA_2025_36__LEGV2__CH_00576,33
UKPGA_2025_36__LEGV2__CH_00577,31
UKPGA_2025_36__LEGV2__CH_00579,37
UKPGA_2025_36__LEGV2__CH_00580,34
UKPGA_2025_36__LEGV2__CH_00581,30
UKPGA_2025_36__LEGV2__CH_00583,49
UKPGA_2025_36__LEGV2__CH_00584,45
UKPGA_2025_36__LEGV2__CH_00585,81
UKPGA_2025_36__LEGV2__CH_00586,31
UKPGA_2025_36__LEGV2__CH_00587,38
UKPGA_2025_36__LEGV2__CH_00588,41
UKPGA_2025_36__LEGV2__CH_00589,43
UKPGA_2025_36__LEGV2__CH_00590,45
UKPGA_2025_36__LEGV2__CH_00591,48
UKPGA_2025_36__LEGV2__CH_00592,43
UKPGA_2025_36__LEGV2__CH_00593,48
UKPGA_2025_36__LEGV2__CH_00594,57
UKPGA_2025_36__LEGV2__CH_00595,36
UKPGA_2025_36__LEGV2__CH_00596,24
UKPGA_2025_36__LEGV2__CH_00597,40
UKPGA_2025_36__LEGV2__CH_00598,37
UKPGA_2025_36__LEGV2__CH_00599,19
UKPGA_2025_36__LEGV2__CH_00600,50
UKPGA_2025_36__LEGV2__CH_00601,52
UKPGA_2025_36__LEGV2__CH_00602,42
UKPGA_2025_36__LEGV2__CH_00603,37
UKPGA_2025_36__LEGV2__CH_00604,47
UKPGA_2025_36__LEGV2__CH_00605,54
UKPGA_2025_36__LEGV2__CH_00606,20
UKPGA_2025_36__LEGV2__CH_00607,28
UKPGA_2025_36__LEGV2__CH_00608,45
UKPGA_2025_36__LEGV2__CH_00609,69
UKPGA_2025_36__LEGV2__CH_00610,35
UKPGA_2025_36__LEGV2__CH_00611,36
UKPGA_2025_36__LEGV2__CH_00613,61
UKPGA_2025_36__LEGV2__CH_00614,59
UKPGA_2025_36__LEGV2__CH_00615,45
UKPGA_2025_36__LEGV2__CH_00617,41
UKPGA_2025_36__LEGV2__CH_00620,27
UKPGA_2025_36__LEGV2__CH_00621,38
UKPGA_2025_36__LEGV2__CH_00626__M,33
UKPGA_2025_36__LEGV2__CH_00628,33
UKPGA_2025_36__LEGV2__CH_00629,29
UKPGA_2025_36__LEGV2__CH_00630,37
UKPGA_2025_36__LEGV2__CH_00631,29
UKPGA_2025_36__LEGV2__CH_00632,44
UKPGA_2025_36__LEGV2__CH_00633,48
UKPGA_2025_36__LEGV2__CH_00634,61
UKPGA_2025_36__LEGV2__CH_00636,56
UKPGA_2025_36__LEGV2__CH_00637,52
UKPGA_2025_36__LEGV2__CH_00638,46
UKPGA_2025_36__LEGV2__CH_00639,37
UKPGA_2025_36__LEGV2__CH_00640,20
UKPGA_2025_36__LEGV2__CH_00642,34
UKPGA_2025_36__LEGV2__CH_00643,68
UKPGA_2025_36__LEGV2__CH_00644,47
UKPGA_2025_36__LEGV2__CH_00645,45
UKPGA_2025_36__LEGV2__CH_00646,62
UKPGA_2025_36__LEGV2__CH_00647,47
UKPGA_2025_36__LEGV2__CH_00648,55
UKPGA_2025_36__LEGV2__CH_00649,44
UKPGA_2025_36__LEGV2__CH_00650,53
UKPGA_2025_36__LEGV2__CH_00651,28
UKPGA_2025_36__LEGV2__CH_00652,47
UKPGA_2025_36__LEGV2__CH_00653,31
UKPGA_2025_36__LEGV2__CH_00654,29
UKPGA_2025_36__LEGV2__CH_00655,35
UKPGA_2025_36__LEGV2__CH_00656,28
UKPGA_2025_36__LEGV2__CH_00657,56
UKPGA_2025_36__LEGV2__CH_00658,37
UKPGA_2025_36__LEGV2__CH_00659,32
UKPGA_2025_36__LEGV2__CH_00660,34
UKPGA_2025_36__LEGV2__CH_00661,25
UKPGA_2025_36__LEGV2__CH_00662,36
UKPGA_2025_36__LEGV2__CH_00663,34
UKPGA_2025_36__LEGV2__CH_00664,20
UKPGA_2025_36__LEGV2__CH_00665,46
UKPGA_2025_36__LEGV2__CH_00666,42
UKPGA_2025_36__LEGV2__CH_00667,57
UKPGA_2025_36__LEGV2__CH_00668,49
UKPGA_2025_36__LEGV2__CH_00669,38
UKPGA_2025_36__LEGV2__CH_00670,33
UKPGA_2025_36__LEGV2__CH_00671,23
UKPGA_2025_36__LEGV2__CH_00672,40
UKPGA_2025_36__LEGV2__CH_00673,46
UKPGA_2025_36__LEGV2__CH_00674,42
UKPGA_2025_36__LEGV2__CH_00675,46
UKPGA_2025_36__LEGV2__CH_00676,42
UKPGA_2025_36__LEGV2__CH_00677,41
UKPGA_2025_36__LEGV2__CH_00678,22
UKPGA_2025_36__LEGV2__CH_00679,37
UKPGA_2025_36__LEGV2__CH_00680,34
UKPGA_2025_36__LEGV2__CH_00681,29
UKPGA_2025_36__LEGV2__CH_00682,39
UKPGA_2025_36__LEGV2__CH_00694,46
UKPGA_2025_36__LEGV2__CH_00695,95
UKPGA_2025_36__LEGV2__CH_00696,103
UKPGA_2025_36__LEGV2__CH_00697,42
UKPGA_2025_36__LEGV2__CH_00698,75
UKPGA_2025_36__LEGV2__CH_00699,54
UKPGA_2025_36__LEGV2__CH_00700,94
UKPGA_2025_36__LEGV2__CH_00701,85
UKPGA_2025_36__LEGV2__CH_00702,66
UKPGA_2025_36__LEGV2__CH_00703,54
UKPGA_2025_36__LEGV2__CH_00704,98
UKPGA_2025_36__LEGV2__CH_00705,72
UKPGA_2025_36__LEGV2__CH_00706,41
UKPGA_2025_36__LEGV2__CH_00707,52
UKPGA_2025_36__LEGV2__CH_00708,40
UKPGA_2025_36__LEGV2__CH_00709,50
UKPGA_2025_36__LEGV2__CH_00710,48
UKPGA_2025_36__LEGV2__CH_00713,36
UKPGA_2025_36__LEGV2__CH_00714,37
UKPGA_2025_36__LEGV2__CH_00715,48
UKPGA_2025_36__LEGV2__CH_00716,36
UKPGA_2025_36__LEGV2__CH_00717,23
UKPGA_2025_36__LEGV2__CH_00718,49
UKPGA_2025_36__LEGV2__CH_00719,68
UKPGA_2025_36__LEGV2__CH_00720,41
UKPGA_2025_36__LEGV2__CH_00721,25
UKPGA_2025_36__LEGV2__CH_00722,34
UKPGA_2025_36__LEGV2__CH_00723,29
UKPGA_2025_36__LEGV2__CH_00724,31
UKPGA_2025_36__LEGV2__CH_00725,44
UKPGA_2025_36__LEGV2__CH_00726,31
UKPGA_2025_36__LEGV2__CH_00727,55
UKPGA_2025_36__LEGV2__CH_00728,23
UKPGA_2025_36__LEGV2__CH_00730,41
UKPGA_2025_36__LEGV2__CH_00731,53
UKPGA_2025_36__LEGV2__CH_00732,39
UKPGA_2025_36__LEGV2__CH_00733,31
UKPGA_2025_36__LEGV2__CH_00734,41
UKPGA_2025_36__LEGV2__CH_00735,36
UKPGA_2025_36__LEGV2__CH_00736,28
UKPGA_2025_36__LEGV2__CH_00737,65
UKPGA_2025_36__LEGV2__CH_00738,49
UKPGA_2025_36__LEGV2__CH_00739,38
UKPGA_2025_36__LEGV2__CH_00740,56
UKPGA_2025_36__LEGV2__CH_00741,34
UKPGA_2025_36__LEGV2__CH_00742,35
UKPGA_2025_36__LEGV2__CH_00743,72
UKPGA_2025_36__LEGV2__CH_00744,63
UKPGA_2025_36__LEGV2__CH_00745,102
UKPGA_2025_36__LEGV2__CH_00746,34
UKPGA_2025_36__LEGV2__CH_00747,54
UKPGA_2025_36__LEGV2__CH_00748,71
UKPGA_2025_36__LEGV2__CH_00749,55
UKPGA_2025_36__LEGV2__CH_00750,61
UKPGA_2025_36__LEGV2__CH_00751,49
UKPGA_2025_36__LEGV2__CH_00752,44
UKPGA_2025_36__LEGV2__CH_00753,48
UKPGA_2025_36__LEGV2__CH_00754,33
UKPGA_2025_36__LEGV2__CH_00755,54
UKPGA_2025_36__LEGV2__CH_00756,61
UKPGA_2025_36__LEGV2__CH_00758,90
UKPGA_2025_36__LEGV2__CH_00759,69
UKPGA_2025_36__LEGV2__CH_00760,86
UKPGA_2025_36__LEGV2__CH_00761,76
UKPGA_2025_36__LEGV2__CH_00762,79
UKPGA_2025_36__LEGV2__CH_00763,66
UKPGA_2025_36__LEGV2__CH_00764,58
UKPGA_2025_36__LEGV2__CH_00765,66
UKPGA_2025_36__LEGV2__CH_00766,63
UKPGA_2025_36__LEGV2__CH_00767,57
UKPGA_2025_36__LEGV2__CH_00768,51
UKPGA_2025_36__LEGV2__CH_00771,64
UKPGA_2025_36__LEGV2__CH_00772,84
UKPGA_2025_36__LEGV2__CH_00773,33
UKPGA_2025_36__LEGV2__CH_00774,41
UKPGA_2025_36__LEGV2__CH_00775,33
UKPGA_2025_36__LEGV2__CH_00776,26
UKPGA_2025_36__LEGV2__CH_00777,72
UKPGA_2025_36__LEGV2__CH_00778,50
UKPGA_2025_36__LEGV2__CH_00780,51
UKPGA_2025_36__LEGV2__CH_00781,36
UKPGA_2025_36__LEGV2__CH_00782,40
UKPGA_2025_36__LEGV2__CH_00783,38
UKPGA_2025_36__LEGV2__CH_00784,42
UKPGA_2025_36__LEGV2__CH_00785,33
UKPGA_2025_36__LEGV2__CH_00786,36
UKPGA_2025_36__LEGV2__CH_00787,46
UKPGA_2025_36__LEGV2__CH_00788,45
UKPGA_2025_36__LEGV2__CH_00789,32
UKPGA_2025_36__LEGV2__CH_00790,37
UKPGA_2025_36__LEGV2__CH_00791,39
UKPGA_2025_36__LEGV2__CH_00793,33
UKPGA_2025_36__LEGV2__CH_00794,41
UKPGA_2025_36__LEGV2__CH_00795,18
UKPGA_2025_36__LEGV2__CH_00796,48
UKPGA_2025_36__LEGV2__CH_00798,23
UKPGA_2025_36__LEGV2__CH_00799,41
UKPGA_2025_36__LEGV2__CH_00800,53
UKPGA_2025_36__LEGV2__CH_00802,30
UKPGA_2025_36__LEGV2__CH_00803,76
UKPGA_2025_36__LEGV2__CH_00804,29
UKPGA_2025_36__LEGV2__CH_00805,19
UKPGA_2025_36__LEGV2__CH_00806,32
UKPGA_2025_36__LEGV2__CH_00807,36
UKPGA_2025_36__LEGV2__CH_00808,35
UKPGA_2025_36__LEGV2__CH_00809,22
UKPGA_2025_36__LEGV2__CH_00810,32
UKPGA_2025_36__LEGV2__CH_00812,28
UKPGA_2025_36__LEGV2__CH_00814,32
UKPGA_2025_36__LEGV2__CH_00815,45
UKPGA_2025_36__LEGV2__CH_00816,32
UKPGA_2025_36__LEGV2__CH_00817,38
UKPGA_2025_36__LEGV2__CH_00818,31
UKPGA_2025_36__LEGV2__CH_00819,28
UKPGA_2025_36__LEGV2__CH_00820,55
UKPGA_2025_36__LEGV2__CH_00821,40
UKPGA_2025_36__LEGV2__CH_00822,35
UKPGA_2025_36__LEGV2__CH_00823,41
UKPGA_2025_36__LEGV2__CH_00824,24
UKPGA_2025_36__LEGV2__CH_00825,61
UKPGA_2025_36__LEGV2__CH_00826,67
UKPGA_2025_36__LEGV2__CH_00827,46
UKPGA_2025_36__LEGV2__CH_00829,44
UKPGA_2025_36__LEGV2__CH_00830,74
UKPGA_2025_36__LEGV2__CH_00831,57
UKPGA_2025_36__LEGV2__CH_00832,57
UKPGA_2025_36__LEGV2__CH_00833,39
UKPGA_2025_36__LEGV2__CH_00834,40
UKPGA_2025_36__LEGV2__CH_00835,56
UKPGA_2025_36__LEGV2__CH_00836,28
UKPGA_2025_36__LEGV2__CH_00837,56
UKPGA_2025_36__LEGV2__CH_00838,40
UKPGA_2025_36__LEGV2__CH_00840,29
UKPGA_2025_36__LEGV2__CH_00841,32
UKPGA_2025_36__LEGV2__CH_00842,59
UKPGA_2025_36__LEGV2__CH_00843,53
UKPGA_2025_36__LEGV2__CH_00844,60
UKPGA_2025_36__LEGV2__CH_00845,37
UKPGA_2025_36__LEGV2__CH_00846,28
UKPGA_2025_36__LEGV2__CH_00847,56
UKPGA_2025_36__LEGV2__CH_00848,33
UKPGA_2025_36__LEGV2__CH_00849,55
UKPGA_2025_36__LEGV2__CH_00850,67
UKPGA_2025_36__LEGV2__CH_00851,39
UKPGA_2025_36__LEGV2__CH_00852,51
UKPGA_2025_36__LEGV2__CH_00854,46
UKPGA_2025_36__LEGV2__CH_00855,37
UKPGA_2025_36__LEGV2__CH_00856,45
UKPGA_2025_36__LEGV2__CH_00857,45
UKPGA_2025_36__LEGV2__CH_00858,33
UKPGA_2025_36__LEGV2__CH_00859,32
UKPGA_2025_36__LEGV2__CH_00860,35
UKPGA_2025_36__LEGV2__CH_00861,29
UKPGA_2025_36__LEGV2__CH_00862,25
UKPGA_2025_36__LEGV2__CH_00863,59
UKPGA_2025_36__LEGV2__CH_00864,32
UKPGA_2025_36__LEGV2__CH_00865,42
UKPGA_2025_36__LEGV2__CH_00866,44
UKPGA_2025_36__LEGV2__CH_00867,48
UKPGA_2025_36__LEGV2__CH_00868,52
UKPGA_2025_36__LEGV2__CH_00869,43
UKPGA_2025_36__LEGV2__CH_00870,29
UKPGA_2025_36__LEGV2__CH_00871,42
UKPGA_2025_36__LEGV2__CH_00873,31
UKPGA_2025_36__LEGV2__CH_00874,48
UKPGA_2025_36__LEGV2__CH_00875,43
UKPGA_2025_36__LEGV2__CH_00876,45
UKPGA_2025_36__LEGV2__CH_00877,63
UKPGA_2025_36__LEGV2__CH_00878,26
UKPGA_2025_36__LEGV2__CH_00880,45
UKPGA_2025_36__LEGV2__CH_00881,36
UKPGA_2025_36__LEGV2__CH_00882,28
UKPGA_2025_36__LEGV2__CH_00883,37
UKPGA_2025_36__LEGV2__CH_00884,36
UKPGA_2025_36__LEGV2__CH_00888,45
UKPGA_2025_36__LEGV2__CH_00889,38
UKPGA_2025_36__LEGV2__CH_00890,45
UKPGA_2025_36__LEGV2__CH_00891,55
UKPGA_2025_36__LEGV2__CH_00892,50
UKPGA_2025_36__LEGV2__CH_00893,43
UKPGA_2025_36__LEGV2__CH_00894,24
UKPGA_2025_36__LEGV2__CH_00895,64
UKPGA_2025_36__LEGV2__CH_00896,41
UKPGA_2025_36__LEGV2__CH_00897,47
UKPGA_2025_36__LEGV2__CH_00898,65
UKPGA_2025_36__LEGV2__CH_00899,58
UKPGA_2025_36__LEGV2__CH_00900,50
UKPGA_2025_36__LEGV2__CH_00901,41
UKPGA_2025_36__LEGV2__CH_00902,39
UKPGA_2025_36__LEGV2__CH_00903,32
UKPGA_2025_36__LEGV2__CH_00904,30
UKPGA_2025_36__LEGV2__CH_00905,38
UKPGA_2025_36__LEGV2__CH_00906,43
UKPGA_2025_36__LEGV2__CH_00907,59
UKPGA_2025_36__LEGV2__CH_00910,39
UKPGA_2025_36__LEGV2__CH_00911,26
UKPGA_2025_36__LEGV2__CH_00914,35
UKPGA_2025_36__LEGV2__CH_00915,53
UKPGA_2025_36__LEGV2__CH_00916,29
UKPGA_2025_36__LEGV2__CH_00917,30
UKPGA_2025_36__LEGV2__CH_00918,55
UKPGA_2025_36__LEGV2__CH_00919,61
UKPGA_2025_36__LEGV2__CH_00920,48
UKPGA_2025_36__LEGV2__CH_00921,58
UKPGA_2025_36__LEGV2__CH_00922,34
UKPGA_2025_36__LEGV2__CH_00923,34
UKPGA_2025_36__LEGV2__CH_00924,43
UKPGA_2025_36__LEGV2__CH_00925,38
UKPGA_2025_36__LEGV2__CH_00926,22
UKPGA_2025_36__LEGV2__CH_00927,74
UKPGA_2025_36__LEGV2__CH_00928,57
UKPGA_2025_36__LEGV2__CH_00929,65
UKPGA_2025_36__LEGV2__CH_00930,76
UKPGA_2025_36__LEGV2__CH_00931,74
UKPGA_2025_36__LEGV2__CH_00932,54
UKPGA_2025_36__LEGV2__CH_00933,81
UKPGA_2025_36__LEGV2__CH_00934,69
UKPGA_2025_36__LEGV2__CH_00935,57
UKPGA_2025_36__LEGV2__CH_00936,55
UKPGA_2025_36__LEGV2__CH_00937,87
UKPGA_2025_36__LEGV2__CH_00938,37
UKPGA_2025_36__LEGV2__CH_00939,38
UKPGA_2025_36__LEGV2__CH_00940,99
UKPGA_2025_36__LEGV2__CH_00941,37
UKPGA_2025_36__LEGV2__CH_00942,31
UKPGA_2025_36__LEGV2__CH_00943,33
UKPGA_2025_36__LEGV2__CH_00944,45
UKPGA_2025_36__LEGV2__CH_00945,36
UKPGA_2025_36__LEGV2__CH_00946,34
UKPGA_2025_36__LEGV2__CH_00947,54
UKPGA_2025_36__LEGV2__CH_00949,48
UKPGA_2025_36__LEGV2__CH_00950,40
UKPGA_2025_36__LEGV2__CH_00951,40
UKPGA_2025_36__LEGV2__CH_00952,40
UKPGA_2025_36__LEGV2__CH_00953,40
UKPGA_2025_36__LEGV2__CH_00954,46
UKPGA_2025_36__LEGV2__CH_00955,32
UKPGA_2025_36__LEGV2__CH_00956,42
UKPGA_2025_36__LEGV2__CH_00958,46
UKPGA_2025_36__LEGV2__CH_00959,33
UKPGA_2025_36__LEGV2__CH_00960,33
UKPGA_2025_36__LEGV2__CH_00961,36
UKPGA_2025_36__LEGV2__CH_00962,48
UKPGA_2025_36__LEGV2__CH_00963,34
UKPGA_2025_36__LEGV2__CH_00964,48
UKPGA_2025_36__LEGV2__CH_00965,43
UKPGA_2025_36__LEGV2__CH_00966,33
UKPGA_2025_36__LEGV2__CH_00967,17
UKPGA_2025_36__LEGV2__CH_00968,34
UKPGA_2025_36__LEGV2__CH_00969,33
UKPGA_2025_36__LEGV2__CH_00970,43
UKPGA_2025_36__LEGV2__CH_00971,30
UKPGA_2025_36__LEGV2__CH_00972,53
UKPGA_2025_36__LEGV2__CH_00973,36
UKPGA_2025_36__LEGV2__CH_00974,59
UKPGA_2025_36__LEGV2__CH_00978,67
UKPGA_2025_36__LEGV2__CH_00979,41
UKPGA_2025_36__LEGV2__CH_00980,116
UKPGA_2025_36__LEGV2__CH_00981,68
UKPGA_2025_36__LEGV2__CH_00982,50
UKPGA_2025_36__LEGV2__CH_00983,69
UKPGA_2025_36__LEGV2__CH_00984,60
UKPGA_2025_36__LEGV2__CH_00985,33
UKPGA_2025_36__LEGV2__CH_00986,43
UKPGA_2025_36__LEGV2__CH_00987,64
UKPGA_2025_36__LEGV2__CH_00988,38
UKPGA_2025_36__LEGV2__CH_00989,90
UKPGA_2025_36__LEGV2__CH_00990,41
UKPGA_2025_36__LEGV2__CH_00991,70
UKPGA_2025_36__LEGV2__CH_00992,104
UKPGA_2025_36__LEGV2__CH_00996,39
UKPGA_2025_36__LEGV2__CH_00997,38
UKPGA_2025_36__LEGV2__CH_00998,60
UKPGA_2025_36__LEGV2__CH_00999,42
UKPGA_2025_36__LEGV2__CH_01000,73
UKPGA_2025_36__LEGV2__CH_01001,48
UKPGA_2025_36__LEGV2__CH_01002,60
UKPGA_2025_36__LEGV2__CH_01003,36
UKPGA_2025_36__LEGV2__CH_01004,35
UKPGA_2025_36__LEGV2__CH_01005,62
UKPGA_2025_36__LEGV2__CH_01006,35
UKPGA_2025_36__LEGV2__CH_01007,50
UKPGA_2025_36__LEGV2__CH_01008,33
UKPGA_2025_36__LEGV2__CH_01009,41
UKPGA_2025_36__LEGV2__CH_01010,51
UKPGA_2025_36__LEGV2__CH_01011,45
UKPGA_2025_36__LEGV2__CH_01012,61
UKPGA_2025_36__LEGV2__CH_01013,71
UKPGA_2025_36__LEGV2__CH_01014,48
UKPGA_2025_36__LEGV2__CH_01015,48
UKPGA_2025_36__LEGV2__CH_01016,30
UKPGA_2025_36__LEGV2__CH_01019,39
UKPGA_2025_36__LEGV2__CH_01020,44
UKPGA_2025_36__LEGV2__CH_01021,34
UKPGA_2025_36__LEGV2__CH_01022,63
UKPGA_2025_36__LEGV2__CH_01023,45
UKPGA_2025_36__LEGV2__CH_01024,66
UKPGA_2025_36__LEGV2__CH_01025,52
UKPGA_2025_36__LEGV2__CH_01026,31
UKPGA_2025_36__LEGV2__CH_01027,57
UKPGA_2025_36__LEGV2__CH_01028,49
UKPGA_2025_36__LEGV2__CH_01029,50
UKPGA_2025_36__LEGV2__CH_01030,39
UKPGA_2025_36__LEGV2__CH_01031,57
UKPGA_2025_36__LEGV2__CH_01032,53
UKPGA_2025_36__LEGV2__CH_01033,28
UKPGA_2025_36__LEGV2__CH_01034,37
UKPGA_2025_36__LEGV2__CH_01035,41
UKPGA_2025_36__LEGV2__CH_01036,45
UKPGA_2025_36__LEGV2__CH_01037,67
UKPGA_2025_36__LEGV2__CH_01038,43
UKPGA_2025_36__LEGV2__CH_01039,55
UKPGA_2025_36__LEGV2__CH_01040,36
UKPGA_2025_36__LEGV2__CH_01041,40
UKPGA_2025_36__LEGV2__CH_01042,42
UKPGA_2025_36__LEGV2__CH_01043,45
UKPGA_2025_36__LEGV2__CH_01044,54
UKPGA_2025_36__LEGV2__CH_01045,44
UKPGA_2025_36__LEGV2__CH_01046,88
UKPGA_2025_36__LEGV2__CH_01047,48
UKPGA_2025_36__LEGV2__CH_01048,45
UKPGA_2025_36__LEGV2__CH_01049,34
UKPGA_2025_36__LEGV2__CH_01050,56
UKPGA_2025_36__LEGV2__CH_01051,34
UKPGA_2025_36__LEGV2__CH_01052,43
UKPGA_2025_36__LEGV2__CH_01054,45
UKPGA_2025_36__LEGV2__CH_01055,66
UKPGA_2025_36__LEGV2__CH_01056,54
UKPGA_2025_36__LEGV2__CH_01057,55
UKPGA_2025_36__LEGV2__CH_01058,60
UKPGA_2025_36__LEGV2__CH_01059,54
UKPGA_2025_36__LEGV2__CH_01060,52
UKPGA_2025_36__LEGV2__CH_01061,43
UKPGA_2025_36__LEGV2__CH_01062,76
UKPGA_2025_36__LEGV2__CH_01063,53
UKPGA_2025_36__LEGV2__CH_01064,50
UKPGA_2025_36__LEGV2__CH_01065,56
UKPGA_2025_36__LEGV2__CH_01066,38
UKPGA_2025_36__LEGV2__CH_01067,46
UKPGA_2025_36__LEGV2__CH_01068,55
UKPGA_2025_36__LEGV2__CH_01069,49
UKPGA_2025_36__LEGV2__CH_01070,57
UKPGA_2025_36__LEGV2__CH_01071,50
UKPGA_2025_36__LEGV2__CH_01072,39
UKPGA_2025_36__LEGV2__CH_01073,39
UKPGA_2025_36__LEGV2__CH_01074,30
UKPGA_2025_36__LEGV2__CH_01075,40
UKPGA_2025_36__LEGV2__CH_01076,32
UKPGA_2025_36__LEGV2__CH_01077,35
UKPGA_2025_36__LEGV2__CH_01078,29
UKPGA_2025_36__LEGV2__CH_01079,33
UKPGA_2025_36__LEGV2__CH_01080,31
UKPGA_2025_36__LEGV2__CH_01081,41
UKPGA_2025_36__LEGV2__CH_01082,26
UKPGA_2025_36__LEGV2__CH_01083,41
UKPGA_2025_36__LEGV2__CH_01084,35
UKPGA_2025_36__LEGV2__CH_01086,44
UKPGA_2025_36__LEGV2__CH_01087,66
UKPGA_2025_36__LEGV2__CH_01088,86
UKPGA_2025_36__LEGV2__CH_01089,57
UKPGA_2025_36__LEGV2__CH_01090,23
UKPGA_2025_36__LEGV2__CH_01091,33
UKPGA_2025_36__LEGV2__CH_01092,41
UKPGA_2025_36__LEGV2__CH_01093,41
UKPGA_2025_36__LEGV2__CH_01094,42
UKPGA_2025_36__LEGV2__CH_01095,63
UKPGA_2025_36__LEGV2__CH_01096,53
UKPGA_2025_36__LEGV2__CH_01097,28
UKPGA_2025_36__LEGV2__CH_01098,37
UKPGA_2025_36__LEGV2__CH_01099,32
UKPGA_2025_36__LEGV2__CH_01100,40
UKPGA_2025_36__LEGV2__CH_01101,49
UKPGA_2025_36__LEGV2__CH_01102,66
UKPGA_2025_36__LEGV2__CH_01103,41
UKPGA_2025_36__LEGV2__CH_01104,34
UKPGA_2025_36__LEGV2__CH_01105,46
UKPGA_2025_36__LEGV2__CH_01106,46
UKPGA_2025_36__LEGV2__CH_01107,52
UKPGA_2025_36__LEGV2__CH_01108,34
UKPGA_2025_36__LEGV2__CH_01109,41
UKPGA_2025_36__LEGV2__CH_01110,32
UKPGA_2025_36__LEGV2__CH_01111,53
UKPGA_2025_36__LEGV2__CH_01113,36
UKPGA_2025_36__LEGV2__CH_01114,33
UKPGA_2025_36__LEGV2__CH_01115,67
UKPGA_2025_36__LEGV2__CH_01117,34
UKPGA_2025_36__LEGV2__CH_01118,38
UKPGA_2025_36__LEGV2__CH_01119,32
UKPGA_2025_36__LEGV2__CH_01121,46
UKPGA_2025_36__LEGV2__CH_01122,37
UKPGA_2025_36__LEGV2__CH_01123,57
UKPGA_2025_36__LEGV2__CH_01124,44
UKPGA_2025_36__LEGV2__CH_01125,31
UKPGA_2025_36__LEGV2__CH_01126,51
UKPGA_2025_36__LEGV2__CH_01127,33
UKPGA_2025_36__LEGV2__CH_01128,58
UKPGA_2025_36__LEGV2__CH_01129,32
UKPGA_2025_36__LEGV2__CH_01130,38
UKPGA_2025_36__LEGV2__CH_01131,72
UKPGA_2025_36__LEGV2__CH_01132,28
UKPGA_2025_36__LEGV2__CH_01133,18
UKPGA_2025_36__LEGV2__CH_01134,64
UKPGA_2025_36__LEGV2__CH_01135,41
UKPGA_2025_36__LEGV2__CH_01136,54
UKPGA_2025_36__LEGV2__CH_01137,48
UKPGA_2025_36__LEGV2__CH_01138,38
UKPGA_2025_36__LEGV2__CH_01139,32
UKPGA_2025_36__LEGV2__CH_01140,31
UKPGA_2025_36__LEGV2__CH_01141,61
UKPGA_2025_36__LEGV2__CH_01142,56
UKPGA_2025_36__LEGV2__CH_01143,45
UKPGA_2025_36__LEGV2__CH_01144,37
UKPGA_2025_36__LEGV2__CH_01145,40
UKPGA_2025_36__LEGV2__CH_01146,76
UKPGA_2025_36__LEGV2__CH_01147,53
UKPGA_2025_36__LEGV2__CH_01148,49
UKPGA_2025_36__LEGV2__CH_01149,58
UKPGA_2025_36__LEGV2__CH_01150,57
UKPGA_2025_36__LEGV2__CH_01151,74
UKPGA_2025_36__LEGV2__CH_01152,56
UKPGA_2025_36__LEGV2__CH_01153,46
UKPGA_2025_36__LEGV2__CH_01154,34
UKPGA_2025_36__LEGV2__CH_01155,30
UKPGA_2025_36__LEGV2__CH_01156,63
UKPGA_2025_36__LEGV2__CH_01157,43
UKPGA_2025_36__LEGV2__CH_01158,65
UKPGA_2025_36__LEGV2__CH_01159,61
UKPGA_2025_36__LEGV2__CH_01160,53
UKPGA_2025_36__LEGV2__CH_01162,53
UKPGA_2025_36__LEGV2__CH_01164,72
UKPGA_2025_36__LEGV2__CH_01165,62
UKPGA_2025_36__LEGV2__CH_01166,56
UKPGA_2025_36__LEGV2__CH_01167,82
UKPGA_2025_36__LEGV2__CH_01168,79
UKPGA_2025_36__LEGV2__CH_01169,71
UKPGA_2025_36__LEGV2__CH_01171,55
UKPGA_2025_36__LEGV2__CH_01172,31
UKPGA_2025_36__LEGV2__CH_01173,57
UKPGA_2025_36__LEGV2__CH_01174,104
UKPGA_2025_36__LEGV2__CH_01176,143
UKPGA_2025_36__LEGV2__CH_01177,77
UKPGA_2025_36__LEGV2__CH_01178,97
UKPGA_2025_36__LEGV2__CH_01179,91
UKPGA_2025_36__LEGV2__CH_01180,85
UKPGA_2025_36__LEGV2__CH_01181,57
UKPGA_2025_36__LEGV2__CH_01182,38
UKPGA_2025_36__LEGV2__CH_01183,51
UKPGA_2025_36__LEGV2__CH_01185,57
UKPGA_2025_36__LEGV2__CH_01186,45
UKPGA_2025_36__LEGV2__CH_01187,45
UKPGA_2025_36__LEGV2__CH_01188,40
UKPGA_2025_36__LEGV2__CH_01189,59
UKPGA_2025_36__LEGV2__CH_01190,76
UKPGA_2025_36__LEGV2__CH_01191,82
UKPGA_2025_36__LEGV2__CH_01192,77
UKPGA_2025_36__LEGV2__CH_01193,44
UKPGA_2025_36__LEGV2__CH_01194,75
UKPGA_2025_36__LEGV2__CH_01195,52
UKPGA_2025_36__LEGV2__CH_01196,58
UKPGA_2025_36__LEGV2__CH_01197,30
UKPGA_2025_36__LEGV2__CH_01198,71
UKPGA_2025_36__LEGV2__CH_01199,48
UKPGA_2025_36__LEGV2__CH_01202,53
UKPGA_2025_36__LEGV2__CH_01203,57
UKPGA_2025_36__LEGV2__CH_01204,42
UKPGA_2025_36__LEGV2__CH_01206,45
UKPGA_2025_36__LEGV2__CH_01208,32
UKPGA_2025_36__LEGV2__CH_01210,53
UKPGA_2025_36__LEGV2__CH_01211,90
UKPGA_2025_36__LEGV2__CH_01212,92
UKPGA_2025_36__LEGV2__CH_01213,25
UKPGA_2025_36__LEGV2__CH_01214,68
UKPGA_2025_36__LEGV2__CH_01215,41
UKPGA_2025_36__LEGV2__CH_01216,61
UKPGA_2025_36__LEGV2__CH_01217,67
UKPGA_2025_36__LEGV2__CH_01218,64
UKPGA_2025_36__LEGV2__CH_01219,92
UKPGA_2025_36__LEGV2__CH_01220,99
UKPGA_2025_36__LEGV2__CH_01221,68
UKPGA_2025_36__LEGV2__CH_01222,67
UKPGA_2025_36__LEGV2__CH_01223,94
UKPGA_2025_36__LEGV2__CH_01224,67
UKPGA_2025_36__LEGV2__CH_01225,58
UKPGA_2025_36__LEGV2__CH_01226,48
UKPGA_2025_36__LEGV2__CH_01227,73
UKPGA_2025_36__LEGV2__CH_01228,57
UKPGA_2025_36__LEGV2__CH_01229,68
UKPGA_2025_36__LEGV2__CH_01230,97
UKPGA_2025_36__LEGV2__CH_01231,58
UKPGA_2025_36__LEGV2__CH_01232,69
UKPGA_2025_36__LEGV2__CH_01233,40
UKPGA_2025_36__LEGV2__CH_01234,62
UKPGA_2025_36__LEGV2__CH_01235,62
UKPGA_2025_36__LEGV2__CH_01236,40
UKPGA_2025_36__LEGV2__CH_01237,96
UKPGA_2025_36__LEGV2__CH_01238,89
UKPGA_2025_36__LEGV2__CH_01239,77
UKPGA_2025_36__LEGV2__CH_01240,59
UKPGA_2025_36__LEGV2__CH_01241,93
UKPGA_2025_36__LEGV2__CH_01242,97
UKPGA_2025_36__LEGV2__CH_01243,57
UKPGA_2025_36__LEGV2__CH_01244,29
UKPGA_2025_36__LEGV2__CH_01245,44
UKPGA_2025_36__LEGV2__CH_01246,53
UKPGA_2025_36__LEGV2__CH_01247,45
UKPGA_2025_36__LEGV2__CH_01248,38
UKPGA_2025_36__LEGV2__CH_01249,40
UKPGA_2025_36__LEGV2__CH_01250,35
UKPGA_2025_36__LEGV2__CH_01251,21
UKPGA_2025_36__LEGV2__CH_01252,22
UKPGA_2025_36__LEGV2__CH_01253,35
UKPGA_2025_36__LEGV2__CH_01254,28
UKPGA_2025_36__LEGV2__CH_01255,39
UKPGA_2025_36__LEGV2__CH_01256,38
UKPGA_2025_36__LEGV2__CH_01257,28
UKPGA_2025_36__LEGV2__CH_01258,26
UKPGA_2025_36__LEGV2__CH_01259,23
UKPGA_2025_36__LEGV2__CH_01260,16
UKPGA_2025_36__LEGV2__CH_01261,35
UKPGA_2025_36__LEGV2__CH_01262,39
UKPGA_2025_36__LEGV2__CH_01264,49
UKPGA_2025_36__LEGV2__CH_01265,28
UKPGA_2025_36__LEGV2__CH_01266,45
UKPGA_2025_36__LEGV2__CH_01267,35
UKPGA_2025_36__LEGV2__CH_01268,40
UKPGA_2025_36__LEGV2__CH_01269,48
UKPGA_2025_36__LEGV2__CH_01270,31
UKPGA_2025_36__LEGV2__CH_01271,48
UKPGA_2025_36__LEGV2__CH_01272,48
UKPGA_2025_36__LEGV2__CH_01273,103
UKPGA_2025_36__LEGV2__CH_01274,42
UKPGA_2025_36__LEGV2__CH_01275,37
UKPGA_2025_36__LEGV2__CH_01276,34
UKPGA_2025_36__LEGV2__CH_01277,34
UKPGA_2025_36__LEGV2__CH_01278,32
UKPGA_2025_36__LEGV2__CH_01279,34
UKPGA_2025_36__LEGV2__CH_01280,27
UKPGA_2025_36__LEGV2__CH_01281,34
UKPGA_2025_36__LEGV2__CH_01282,37
UKPGA_2025_36__LEGV2__CH_01283,20
UKPGA_2025_36__LEGV2__CH_01284,44
UKPGA_2025_36__LEGV2__CH_01285,40
UKPGA_2025_36__LEGV2__CH_01286,32
UKPGA_2025_36__LEGV2__CH_01287,24
UKPGA_2025_36__LEGV2__CH_01288,45
UKPGA_2025_36__LEGV2__CH_01289,44
UKPGA_2025_36__LEGV2__CH_01290,53
UKPGA_2025_36__LEGV2__CH_01291,57
UKPGA_2025_36__LEGV2__CH_01292,28
UKPGA_2025_36__LEGV2__CH_01293,34
UKPGA_2025_36__LEGV2__CH_01294,40
UKPGA_2025_36__LEGV2__CH_01295,45
UKPGA_2025_36__LEGV2__CH_01296,42
UKPGA_2025_36__LEGV2__CH_01297,39
UKPGA_2025_36__LEGV2__CH_01298,35
UKPGA_2025_36__LEGV2__CH_01299,38
UKPGA_2025_36__LEGV2__CH_01302,53
UKPGA_2025_36__LEGV2__CH_01304,54
UKPGA_2025_36__LEGV2__CH_01306,57
UKPGA_2025_36__LEGV2__CH_01307,52
UKPGA_2025_36__LEGV2__CH_01308,47
UKPGA_2025_36__LEGV2__CH_01309,79
UKPGA_2025_36__LEGV2__CH_01310,65
UKPGA_2025_36__LEGV2__CH_01311,76
UKPGA_2025_36__LEGV2__CH_01312,22
UKPGA_2025_36__LEGV2__CH_01313,33
UKPGA_2025_36__LEGV2__CH_01314,33
UKPGA_2025_36__LEGV2__CH_01315,43
UKPGA_2025_36__LEGV2__CH_01316,36
UKPGA_2025_36__LEGV2__CH_01317,35
UKPGA_2025_36__LEGV2__CH_01319,27
UKPGA_2025_36__LEGV2__CH_01320,28
UKPGA_2025_36__LEGV2__CH_01321,48
UKPGA_2025_36__LEGV2__CH_01322,40
UKPGA_2025_36__LEGV2__CH_01323,32
UKPGA_2025_36__LEGV2__CH_01324,51
UKPGA_2025_36__LEGV2__CH_01325,33
UKPGA_2025_36__LEGV2__CH_01326,30
UKPGA_2025_36__LEGV2__CH_01327,35
UKPGA_2025_36__LEGV2__CH_01328,38
UKPGA_2025_36__LEGV2__CH_01329,28
UKPGA_2025_36__LEGV2__CH_01330,39
UKPGA_2025_36__LEGV2__CH_01331,31
UKPGA_2025_36__LEGV2__CH_01333,91
UKPGA_2025_36__LEGV2__CH_01334,65
UKPGA_2025_36__LEGV2__CH_01335,93
UKPGA_2025_36__LEGV2__CH_01336,76
UKPGA_2025_36__LEGV2__CH_01337,48
UKPGA_2025_36__LEGV2__CH_01338,64
UKPGA_2025_36__LEGV2__CH_01340,60
UKPGA_2025_36__LEGV2__CH_01343,60
UKPGA_2025_36__LEGV2__CH_01344,66
UKPGA_2025_36__LEGV2__CH_01345,37
UKPGA_2025_36__LEGV2__CH_01346,103
UKPGA_2025_36__LEGV2__CH_01347,47
UKPGA_2025_36__LEGV2__CH_01350,39
UKPGA_2025_36__LEGV2__CH_01351,125
UKPGA_2025_36__LEGV2__CH_01352,99
UKPGA_2025_36__LEGV2__CH_01353,70
UKPGA_2025_36__LEGV2__CH_01354,46
UKPGA_2025_36__LEGV2__CH_01355,64
UKPGA_2025_36__LEGV2__CH_01356,59
UKPGA_2025_36__LEGV2__CH_01357,84
UKPGA_2025_36__LEGV2__CH_01358,67
UKPGA_2025_36__LEGV2__CH_01359,78
UKPGA_2025_36__LEGV2__CH_01360,68
UKPGA_2025_36__LEGV2__CH_01361,88
UKPGA_2025_36__LEGV2__CH_01362,38
UKPGA_2025_36__LEGV2__CH_01363,31
UKPGA_2025_36__LEGV2__CH_01364,45
UKPGA_2025_36__LEGV2__CH_01366,31
UKPGA_2025_36__LEGV2__CH_01367,33
UKPGA_2025_36__LEGV2__CH_01368,55
UKPGA_2025_36__LEGV2__CH_01369,43
UKPGA_2025_36__LEGV2__CH_01370,44
UKPGA_2025_36__LEGV2__CH_01371,29
UKPGA_2025_36__LEGV2__CH_01372,33
UKPGA_2025_36__LEGV2__CH_01373,54
UKPGA_2025_36__LEGV2__CH_01374,41
UKPGA_2025_36__LEGV2__CH_01375,41
UKPGA_2025_36__LEGV2__CH_01376,41
UKPGA_2025_36__LEGV2__CH_01377,59
UKPGA_2025_36__LEGV2__CH_01378,44
UKPGA_2025_36__LEGV2__CH_01379,38
UKPGA_2025_36__LEGV2__CH_01380,49
UKPGA_2025_36__LEGV2__CH_01381,47
UKPGA_2025_36__LEGV2__CH_01383,95
UKPGA_2025_36__LEGV2__CH_01384,89
UKPGA_2025_36__LEGV2__CH_01385,95
UKPGA_2025_36__LEGV2__CH_01386,90
UKPGA_2025_36__LEGV2__CH_01387,84
UKPGA_2025_36__LEGV2__CH_01388,30
UKPGA_2025_36__LEGV2__CH_01389,60
UKPGA_2025_36__LEGV2__CH_01392,42
UKPGA_2025_36__LEGV2__CH_01393,68
UKPGA_2025_36__LEGV2__CH_01394,56
UKPGA_2025_36__LEGV2__CH_01395,58
UKPGA_2025_36__LEGV2__CH_01396,30
UKPGA_2025_36__LEGV2__CH_01397,80
UKPGA_2025_36__LEGV2__CH_01398,56
UKPGA_2025_36__LEGV2__CH_01399,59
UKPGA_2025_36__LEGV2__CH_01400,53
UKPGA_2025_36__LEGV2__CH_01401,60
UKPGA_2025_36__LEGV2__CH_01403,87
UKPGA_2025_36__LEGV2__CH_01404,127
UKPGA_2025_36__LEGV2__CH_01405,72
UKPGA_2025_36__LEGV2__CH_01406,47
UKPGA_2025_36__LEGV2__CH_01407,58
UKPGA_2025_36__LEGV2__CH_01408,47
UKPGA_2025_36__LEGV2__CH_01409,66
UKPGA_2025_36__LEGV2__CH_01410,75
UKPGA_2025_36__LEGV2__CH_01411,56
UKPGA_2025_36__LEGV2__CH_01412,86
UKPGA_2025_36__LEGV2__CH_01413,55
UKPGA_2025_36__LEGV2__CH_01414,58
UKPGA_2025_36__LEGV2__CH_01415,46
UKPGA_2025_36__LEGV2__CH_01416,54
UKPGA_2025_36__LEGV2__CH_01417,63
UKPGA_2025_36__LEGV2__CH_01418,54
UKPGA_2025_36__LEGV2__CH_01419,48
UKPGA_2025_36__LEGV2__CH_01420,69
UKPGA_2025_36__LEGV2__CH_01421,50
UKPGA_2025_36__LEGV2__CH_01422,61
UKPGA_2025_36__LEGV2__CH_01423,41
UKPGA_2025_36__LEGV2__CH_01424,57
UKPGA_2025_36__LEGV2__CH_01425,94
UKPGA_2025_36__LEGV2__CH_01426,99
UKPGA_2025_36__LEGV2__CH_01427,66
UKPGA_2025_36__LEGV2__CH_01428,83
UKPGA_2025_36__LEGV2__CH_01429,85
UKPGA_2025_36__LEGV2__CH_01430,46
UKPGA_2025_36__LEGV2__CH_01431,38
UKPGA_2025_36__LEGV2__CH_01432,57
UKPGA_2025_36__LEGV2__CH_01436,49
UKPGA_2025_36__LEGV2__CH_01437,25
UKPGA_2025_36__LEGV2__CH_01438,33
UKPGA_2025_36__LEGV2__CH_01440,37
UKPGA_2025_36__LEGV2__CH_01441,28
UKPGA_2025_36__LEGV2__CH_01443,45
UKPGA_2025_36__LEGV2__CH_01445,47
UKPGA_2025_36__LEGV2__CH_01446,45
UKPGA_2025_36__LEGV2__CH_01448,48
UKPGA_2025_36__LEGV2__CH_01451,77
UKPGA_2025_36__LEGV2__CH_01452,80
UKPGA_2025_36__LEGV2__CH_01453,103
UKPGA_2025_36__LEGV2__CH_01454,113
UKPGA_2025_36__LEGV2__CH_01457,60
UKPGA_2025_36__LEGV2__CH_01458,42
UKPGA_2025_36__LEGV2__CH_01459,58
UKPGA_2025_36__LEGV2__CH_01460,65
UKPGA_2025_36__LEGV2__CH_01461,51
UKPGA_2025_36__LEGV2__CH_01464,81
UKPGA_2025_36__LEGV2__CH_01465,94
UKPGA_2025_36__LEGV2__CH_01466,96
UKPGA_2025_36__LEGV2__CH_01467,111
UKPGA_2025_36__LEGV2__CH_01468,89
UKPGA_2025_36__LEGV2__CH_01469,69
UKPGA_2025_36__LEGV2__CH_01470,57
UKPGA_2025_36__LEGV2__CH_01471,36
UKPGA_2025_36__LEGV2__CH_01472,67
UKPGA_2025_36__LEGV2__CH_01474,39
UKPGA_2025_36__LEGV2__CH_01475,34
UKPGA_2025_36__LEGV2__CH_01476,42
UKPGA_2025_36__LEGV2__CH_01477,34
UKPGA_2025_36__LEGV2__CH_01478,35
UKPGA_2025_36__LEGV2__CH_01479,36
UKPGA_2025_36__LEGV2__CH_01480,51
UKPGA_2025_36__LEGV2__CH_01481,51
UKPGA_2025_36__LEGV2__CH_01483,41
UKPGA_2025_36__LEGV2__CH_01484,68
UKPGA_2025_36__LEGV2__CH_01485__M,44
UKPGA_2025_36__LEGV2__CH_01487,33
UKPGA_2025_36__LEGV2__CH_01488,43
UKPGA_2025_36__LEGV2__CH_01489,48
UKPGA_2025_36__LEGV2__CH_01492,116
UKPGA_2025_36__LEGV2__CH_01493,87
UKPGA_2025_36__LEGV2__CH_01494,95
UKPGA_2025_36__LEGV2__CH_01495,79
UKPGA_2025_36__LEGV2__CH_01496,55
UKPGA_2025_36__LEGV2__CH_01497,76
UKPGA_2025_36__LEGV2__CH_01499,57
UKPGA_2025_36__LEGV2__CH_01501,51
UKPGA_2025_36__LEGV2__CH_01502,39
UKPGA_2025_36__LEGV2__CH_01503,22
UKPGA_2025_36__LEGV2__CH_01504,32
UKPGA_2025_36__LEGV2__CH_01507,58
UKPGA_2025_36__LEGV2__CH_01508,77
UKPGA_2025_36__LEGV2__CH_01509,94
UKPGA_2025_36__LEGV2__CH_01510,65
UKPGA_2025_36__LEGV2__CH_01511,65
UKPGA_2025_36__LEGV2__CH_01512,81
UKPGA_2025_36__LEGV2__CH_01513,75
UKPGA_2025_36__LEGV2__CH_01515,82
UKPGA_2025_36__LEGV2__CH_01516,75
UKPGA_2025_36__LEGV2__CH_01517,65
UKPGA_2025_36__LEGV2__CH_01518,53
UKPGA_2025_36__LEGV2__CH_01519,46
UKPGA_2025_36__LEGV2__CH_01520,60
UKPGA_2025_36__LEGV2__CH_01521,55
UKPGA_2025_36__LEGV2__CH_01522,61
UKPGA_2025_36__LEGV2__CH_01523,53
UKPGA_2025_36__LEGV2__CH_01524,47
UKPGA_2025_36__LEGV2__CH_01526,65
UKPGA_2025_36__LEGV2__CH_01527,68
UKPGA_2025_36__LEGV2__CH_01528,44
UKPGA_2025_36__LEGV2__CH_01529,48
UKPGA_2025_36__LEGV2__CH_01530,50
UKPGA_2025_36__LEGV2__CH_01534,30
UKPGA_2025_36__LEGV2__CH_01536,31
UKPGA_2025_36__LEGV2__CH_01551,63
UKPGA_2025_36__LEGV2__CH_01556,51
UKPGA_2025_36__LEGV2__CH_01557,40
UKPGA_2025_36__LEGV2__CH_01559,54
UKPGA_2025_36__LEGV2__CH_01560,62
UKPGA_2025_36__LEGV2__CH_01561,27
UKPGA_2025_36__LEGV2__CH_01565,91
UKPGA_2025_36__LEGV2__CH_01567,43
UKPGA_2025_36__LEGV2__CH_01568,91
UKPGA_2025_36__LEGV2__CH_01570,47
UKPGA_2025_36__LEGV2__CH_01571,45
UKPGA_2025_36__LEGV2__CH_01572,30
UKPGA_2025_36__LEGV2__CH_01573,43
UKPGA_2025_36__LEGV2__CH_01574,72
UKPGA_2025_36__LEGV2__CH_01575,42
UKPGA_2025_36__LEGV2__CH_01576,69
UKPGA_2025_36__LEGV2__CH_01580,50
UKPGA_2025_36__LEGV2__CH_01581,29
UKPGA_2025_36__LEGV2__CH_01582,34
UKPGA_2025_36__LEGV2__CH_01583,45
UKPGA_2025_36__LEGV2__CH_01584,36
UKPGA_2025_36__LEGV2__CH_01585,30
UKPGA_2025_36__LEGV2__CH_01586,35
UKPGA_2025_36__LEGV2__CH_01587,19
UKPGA_2025_36__LEGV2__CH_01588,44
UKPGA_2025_36__LEGV2__CH_01590,34
UKPGA_2025_36__LEGV2__CH_01591,28
UKPGA_2025_36__LEGV2__CH_01598,74
UKPGA_2025_36__LEGV2__CH_01604,40
UKPGA_2025_36__LEGV2__CH_01605,47
UKPGA_2025_36__LEGV2__CH_01606,43
UKPGA_2025_36__LEGV2__CH_01607,53
UKPGA_2025_36__LEGV2__CH_01609,43
UKPGA_2025_36__LEGV2__CH_01610,50
UKPGA_2025_36__LEGV2__CH_01611,45
UKPGA_2025_36__LEGV2__CH_01612,57
UKPGA_2025_36__LEGV2__CH_01613,42
UKPGA_2025_36__LEGV2__CH_01614,55
UKPGA_2025_36__LEGV2__CH_01615,46
UKPGA_2025_36__LEGV2__CH_01616,43
UKPGA_2025_36__LEGV2__CH_01619,32
UKPGA_2025_36__LEGV2__CH_01621,81
UKPGA_2025_36__LEGV2__CH_01622,33
UKPGA_2025_36__LEGV2__CH_01625,49
UKPGA_2025_36__LEGV2__CH_01626,35
UKPGA_2025_36__LEGV2__CH_01627,43
UKPGA_2025_36__LEGV2__CH_01628,47
UKPGA_2025_36__LEGV2__CH_01629,51
UKPGA_2025_36__LEGV2__CH_01630,65
UKPGA_2025_36__LEGV2__CH_01632,35
UKPGA_2025_36__LEGV2__CH_01633,39
UKPGA_2025_36__LEGV2__CH_01634,46
UKPGA_2025_36__LEGV2__CH_01635,52
UKPGA_2025_36__LEGV2__CH_01636,48
UKPGA_2025_36__LEGV2__CH_01637,42
UKPGA_2025_36__LEGV2__CH_01638,40
UKPGA_2025_36__LEGV2__CH_01640,67
UKPGA_2025_36__LEGV2__CH_01642,39
UKPGA_2025_36__LEGV2__CH_01643,64
UKPGA_2025_36__LEGV2__CH_01645,50
UKPGA_2025_36__LEGV2__CH_01649,47
UKPGA_2025_36__LEGV2__CH_01650,51
UKPGA_2025_36__LEGV2__CH_01651,63
UKPGA_2025_36__LEGV2__CH_01652,74
UKPGA_2025_36__LEGV2__CH_01653,53
UKPGA_2025_36__LEGV2__CH_01654,29
UKPGA_2025_36__LEGV2__CH_01655,35
UKPGA_2025_36__LEGV2__CH_01656,33
UKPGA_2025_36__LEGV2__CH_01657,31
UKPGA_2025_36__LEGV2__CH_01658,38
UKPGA_2025_36__LEGV2__CH_01659,47
UKPGA_2025_36__LEGV2__CH_01663,42
UKPGA_2025_36__LEGV2__CH_01665,59
UKPGA_2025_36__LEGV2__CH_01666,52
UKPGA_2025_36__LEGV2__CH_01667,26
UKPGA_2025_36__LEGV2__CH_01668,34
UKPGA_2025_36__LEGV2__CH_01670,61
UKPGA_2025_36__LEGV2__CH_01671,36
UKPGA_2025_36__LEGV2__CH_01672,58
UKPGA_2025_36__LEGV2__CH_01673,55
UKPGA_2025_36__LEGV2__CH_01674,51
UKPGA_2025_36__LEGV2__CH_01677,59
UKPGA_2025_36__LEGV2__CH_01678,50
UKPGA_2025_36__LEGV2__CH_01679,56
UKPGA_2025_36__LEGV2__CH_01681,54
UKPGA_2025_36__LEGV2__CH_01682,50
UKPGA_2025_36__LEGV2__CH_01683,38
UKPGA_2025_36__LEGV2__CH_01684,39
UKPGA_2025_36__LEGV2__CH_01685,41
UKPGA_2025_36__LEGV2__CH_01686,44
UKPGA_2025_36__LEGV2__CH_01687,60
UKPGA_2025_36__LEGV2__CH_01688,40
UKPGA_2025_36__LEGV2__CH_01689,40
UKPGA_2025_36__LEGV2__CH_01690,27
UKPGA_2025_36__LEGV2__CH_01691,56
UKPGA_2025_36__LEGV2__CH_01693,45
UKPGA_2025_36__LEGV2__CH_01694,79
UKPGA_2025_36__LEGV2__CH_01695,65
UKPGA_2025_36__LEGV2__CH_01696,67
UKPGA_2025_36__LEGV2__CH_01697,67
UKPGA_2025_36__LEGV2__CH_01698,74
UKPGA_2025_36__LEGV2__CH_01699,50
UKPGA_2025_36__LEGV2__CH_01700,74
UKPGA_2025_36__LEGV2__CH_01701,55
UKPGA_2025_36__LEGV2__CH_01702,48
UKPGA_2025_36__LEGV2__CH_01703,86
UKPGA_2025_36__LEGV2__CH_01704,87
UKPGA_2025_36__LEGV2__CH_01705,53
UKPGA_2025_36__LEGV2__CH_01706,39
UKPGA_2025_36__LEGV2__CH_01707,51
UKPGA_2025_36__LEGV2__CH_01709,38
UKPGA_2025_36__LEGV2__CH_01710,90
UKPGA_2025_36__LEGV2__CH_01711,46
UKPGA_2025_36__LEGV2__CH_01712,123
UKPGA_2025_36__LEGV2__CH_01713,42
UKPGA_2025_36__LEGV2__CH_01714,52
UKPGA_2025_36__LEGV2__CH_01715,31
UKPGA_2025_36__LEGV2__CH_01716,49
UKPGA_2025_36__LEGV2__CH_01717,69
UKPGA_2025_36__LEGV2__CH_01718,99
UKPGA_2025_36__LEGV2__CH_01719,50
UKPGA_2025_36__LEGV2__CH_01720,57
UKPGA_2025_36__LEGV2__CH_01721,48
UKPGA_2025_36__LEGV2__CH_01722,49
UKPGA_2025_36__LEGV2__CH_01723,35
UKPGA_2025_36__LEGV2__CH_01724,77
UKPGA_2025_36__LEGV2__CH_01725,39
UKPGA_2025_36__LEGV2__CH_01726,22
UKPGA_2025_36__LEGV2__CH_01727,24
UKPGA_2025_36__LEGV2__CH_01728,50
UKSI_2002_1860__LEGV2__CH_00001,40
UKSI_2002_1860__LEGV2__CH_00002,47
UKSI_2002_1860__LEGV2__CH_00003,43
UKSI_2002_1860__LEGV2__CH_00004,96
UKSI_2002_1860__LEGV2__CH_00005,54
UKSI_2002_1860__LEGV2__CH_00006,43
UKSI_2002_1860__LEGV2__CH_00008,46
UKSI_2002_1860__LEGV2__CH_00009,46
UKSI_2002_1860__LEGV2__CH_00010,26
UKSI_2002_1860__LEGV2__CH_00011,29
UKSI_2002_1860__LEGV2__CH_00013,30
UKSI_2002_1860__LEGV2__CH_00014,55
UKSI_2002_1860__LEGV2__CH_00015,52
UKSI_2002_1860__LEGV2__CH_00016,67
UKSI_2002_1860__LEGV2__CH_00017,43
UKSI_2002_1860__LEGV2__CH_00018,35
UKSI_2002_1860__LEGV2__CH_00019,34
UKSI_2002_1860__LEGV2__CH_00020,28
UKSI_2002_1860__LEGV2__CH_00021,30
UKSI_2002_1860__LEGV2__CH_00022,40
UKSI_2002_1860__LEGV2__CH_00023,20
UKSI_2002_1860__LEGV2__CH_00024,26
UKSI_2002_1860__LEGV2__CH_00025,37
UKSI_2002_1860__LEGV2__CH_00026,34
UKSI_2002_1860__LEGV2__CH_00027,41
UKSI_2002_1860__LEGV2__CH_00028,29
UKSI_2002_1860__LEGV2__CH_00029,55
UKSI_2002_1860__LEGV2__CH_00030,22
UKSI_2002_1860__LEGV2__CH_00032,39
UKSI_2002_1860__LEGV2__CH_00034,37
UKSI_2002_1860__LEGV2__CH_00036,36
UKSI_2002_1860__LEGV2__CH_00038,45
UKSI_2002_1860__LEGV2__CH_00039,42
UKSI_2002_1860__LEGV2__CH_00040,42
UKSI_2002_1860__LEGV2__CH_00041,46
UKSI_2002_1860__LEGV2__CH_00042,48
UKSI_2002_1860__LEGV2__CH_00043,49
UKSI_2002_1860__LEGV2__CH_00044,39
UKSI_2002_1860__LEGV2__CH_00046,43
UKSI_2002_1860__LEGV2__CH_00048,56
UKSI_2002_1860__LEGV2__CH_00049,49
UKSI_2002_1860__LEGV2__CH_00050,53
UKSI_2002_1860__LEGV2__CH_00052,66
UKSI_2002_1860__LEGV2__CH_00054,39
UKSI_2002_1860__LEGV2__CH_00055,58
UKSI_2002_1860__LEGV2__CH_00056,50
UKSI_2002_1860__LEGV2__CH_00057,78
UKSI_2002_1860__LEGV2__CH_00058,77
UKSI_2002_1860__LEGV2__CH_00059,53
UKSI_2002_1860__LEGV2__CH_00060,40
UKSI_2002_1860__LEGV2__CH_00062,43
UKSI_2002_1860__LEGV2__CH_00063,58
UKSI_2002_1860__LEGV2__CH_00064,48
UKSI_2002_1860__LEGV2__CH_00066,48
UKSI_2002_1860__LEGV2__CH_00067,39
UKSI_2002_1860__LEGV2__CH_00068,44
UKSI_2002_1860__LEGV2__CH_00069,57
UKSI_2002_1860__LEGV2__CH_00070,59
UKSI_2002_1860__LEGV2__CH_00071,41
UKSI_2002_1860__LEGV2__CH_00073,71
UKSI_2002_1860__LEGV2__CH_00075,57
UKSI_2002_1860__LEGV2__CH_00076,53
UKSI_2002_1860__LEGV2__CH_00077,94
UKSI_2002_1860__LEGV2__CH_00078,81
UKSI_2002_1860__LEGV2__CH_00079,45
UKSI_2002_1860__LEGV2__CH_00082,47
UKSI_2002_1860__LEGV2__CH_00083,41
UKSI_2002_1860__LEGV2__CH_00086,73
UKSI_2002_1860__LEGV2__CH_00087,36
UKSI_2002_1860__LEGV2__CH_00088,22
UKSI_2002_1860__LEGV2__CH_00089,41
UKSI_2002_1860__LEGV2__CH_00091,52
UKSI_2002_1860__LEGV2__CH_00092,58
UKSI_2002_1860__LEGV2__CH_00093,93
UKSI_2002_1860__LEGV2__CH_00094,53
UKSI_2002_1860__LEGV2__CH_00096,48
UKSI_2002_1860__LEGV2__CH_00098,41
UKSI_2015_102__UKSI_2015_102__SEG_0001__CH_001,29
UKSI_2015_102__UKSI_2015_102__SEG_0001__CH_002,67
UKSI_2015_102__UKSI_2015_102__SEG_0001__CH_003,53
UKSI_2015_102__UKSI_2015_102__SEG_0002__CH_001,101
UKSI_2015_102__UKSI_2015_102__SEG_0003__CH_001,63
UKSI_2015_102__UKSI_2015_102__SEG_0004__CH_001,102
UKSI_2015_102__UKSI_2015_102__SEG_0005__CH_001,76
UKSI_2015_102__UKSI_2015_102__SEG_0006__CH_001,131
UKSI_2015_102__UKSI_2015_102__SEG_0006__CH_002,192
UKSI_2015_102__UKSI_2015_102__SEG_0007__CH_001,89
UKSI_2015_102__UKSI_2015_102__SEG_0008__CH_001,58
UKSI_2015_102__UKSI_2015_102__SEG_0009__CH_001,27
UKSI_2015_102__UKSI_2015_102__SEG_0009__CH_002,63
UKSI_2015_102__UKSI_2015_102__SEG_0009__CH_003,38
UKSI_2015_102__UKSI_2015_102__SEG_0010__CH_001,87
UKSI_2015_102__UKSI_2015_102__SEG_0010__CH_002,48
UKSI_2015_102__UKSI_2015_102__SEG_0011__CH_001,35
UKSI_2015_102__UKSI_2015_102__SEG_0012__CH_001,106
UKSI_2015_102__UKSI_2015_102__SEG_0012__CH_002,118
UKSI_2015_102__UKSI_2015_102__SEG_0012__CH_003,82
UKSI_2015_102__UKSI_2015_102__SEG_0013__CH_001,71
UKSI_2015_102__UKSI_2015_102__SEG_0014__CH_001,43
UKSI_2015_102__UKSI_2015_102__SEG_0015__CH_001,98
UKSI_2015_102__UKSI_2015_102__SEG_0016__CH_001,111
UKSI_2015_102__UKSI_2015_102__SEG_0017__CH_001,32
UKSI_2015_102__UKSI_2015_102__SEG_0017__CH_002,92
UKSI_2015_102__UKSI_2015_102__SEG_0018__CH_001,56
UKSI_2015_102__UKSI_2015_102__SEG_0019__CH_001,42
UKSI_2015_102__UKSI_2015_102__SEG_0019__CH_002,45
UKSI_2015_102__UKSI_2015_102__SEG_0019__CH_003,62
UKSI_2015_102__UKSI_2015_102__SEG_0019__CH_004,54
UKSI_2015_102__UKSI_2015_102__SEG_0020__CH_001,76
UKSI_2015_102__UKSI_2015_102__SEG_0021__CH_001,65
UKSI_2015_102__UKSI_2015_102__SEG_0021__CH_002,32
UKSI_2015_102__UKSI_2015_102__SEG_0022__CH_001,120
UKSI_2015_102__UKSI_2015_102__SEG_0022__CH_002,125
UKSI_2015_102__UKSI_2015_102__SEG_0022__CH_003,98
UKSI_2015_102__UKSI_2015_102__SEG_0023__CH_001,41
UKSI_2015_102__UKSI_2015_102__SEG_0024__CH_001,58
UKSI_2015_102__UKSI_2015_102__SEG_0024__CH_002,57
UKSI_2015_102__UKSI_2015_102__SEG_0025__CH_001,53
UKSI_2015_102__UKSI_2015_102__SEG_0026__CH_001,52
UKSI_2015_102__UKSI_2015_102__SEG_0026__CH_002,129
UKSI_2015_102__UKSI_2015_102__SEG_0026__CH_003,72
UKSI_2015_102__UKSI_2015_102__SEG_0027__CH_001,83
UKSI_2015_102__UKSI_2015_102__SEG_0028__CH_001,116
UKSI_2015_102__UKSI_2015_102__SEG_0029__CH_001,127
UKSI_2015_102__UKSI_2015_102__SEG_0029__CH_002,98
UKSI_2015_102__UKSI_2015_102__SEG_0030__CH_001,77
UKSI_2015_102__UKSI_2015_102__SEG_0030__CH_002,72
UKSI_2015_102__UKSI_2015_102__SEG_0030__CH_003,76
UKSI_2015_102__UKSI_2015_102__SEG_0030__CH_004,90
UKSI_2015_102__UKSI_2015_102__SEG_0031__CH_001,110
UKSI_2015_102__UKSI_2015_102__SEG_0031__CH_002,145
UKSI_2015_102__UKSI_2015_102__SEG_0032__CH_001,83
UKSI_2015_102__UKSI_2015_102__SEG_0032__CH_002,77
UKSI_2015_102__UKSI_2015_102__SEG_0032__CH_003,109
UKSI_2015_102__UKSI_2015_102__SEG_0032__CH_004,108
UKSI_2015_102__UKSI_2015_102__SEG_0033__CH_001,70
UKSI_2015_102__UKSI_2015_102__SEG_0033__CH_002,90
UKSI_2015_102__UKSI_2015_102__SEG_0034__CH_001,82
UKSI_2015_102__UKSI_2015_102__SEG_0034__CH_002,68
UKSI_2015_102__UKSI_2015_102__SEG_0034__CH_003,152
UKSI_2015_102__UKSI_2015_102__SEG_0034__CH_004,95
UKSI_2015_102__UKSI_2015_102__SEG_0034__CH_005,56
UKSI_2015_102__UKSI_2015_102__SEG_0035__CH_001,90
UKSI_2015_102__UKSI_2015_102__SEG_0035__CH_002,113
UKSI_2015_102__UKSI_2015_102__SEG_0036__CH_001,87
UKSI_2015_102__UKSI_2015_102__SEG_0036__CH_002,98
UKSI_2015_102__UKSI_2015_102__SEG_0036__CH_003,48
UKSI_2015_102__UKSI_2015_102__SEG_0037__CH_001,60
UKSI_2015_102__UKSI_2015_102__SEG_0037__CH_002,99
UKSI_2015_102__UKSI_2015_102__SEG_0037__CH_003,80
UKSI_2015_102__UKSI_2015_102__SEG_0038__CH_001,77
UKSI_2015_102__UKSI_2015_102__SEG_0039__CH_001,44
UKSI_2015_102__UKSI_2015_102__SEG_0039__CH_002,64
UKSI_2015_102__UKSI_2015_102__SEG_0039__CH_003,72
UKSI_2015_102__UKSI_2015_102__SEG_0040__CH_001,52
UKSI_2015_102__UKSI_2015_102__SEG_0041__CH_001,86
UKSI_2015_102__UKSI_2015_102__SEG_0042__CH_001,82
UKSI_2015_102__UKSI_2015_102__SEG_0042__CH_002,69
UKSI_2015_102__UKSI_2015_102__SEG_0043__CH_001,127
UKSI_2015_102__UKSI_2015_102__SEG_0043__CH_002,51
UKSI_2015_102__UKSI_2015_102__SEG_0044__CH_001,85
UKSI_2015_102__UKSI_2015_102__SEG_0045__CH_001,97
UKSI_2015_102__UKSI_2015_102__SEG_0046__CH_002,89
UKSI_2015_102__UKSI_2015_102__SEG_0046__CH_003,53
UKSI_2015_102__UKSI_2015_102__SEG_0047__CH_001,135
UKSI_2015_102__UKSI_2015_102__SEG_0048__CH_001,125
UKSI_2015_102__UKSI_2015_102__SEG_0049__CH_001,40
UKSI_2015_102__UKSI_2015_102__SEG_0050__CH_001,83
UKSI_2015_102__UKSI_2015_102__SEG_0051__CH_001,64
UKSI_2015_102__UKSI_2015_102__SEG_0052__CH_001__M,58
UKSI_2015_102__UKSI_2015_102__SEG_0052__CH_003,76
UKSI_2015_102__UKSI_2015_102__SEG_0052__CH_004,54
UKSI_2015_102__UKSI_2015_102__SEG_0053__CH_001,107
UKSI_2015_102__UKSI_2015_102__SEG_0054__CH_001,99
UKSI_2015_102__UKSI_2015_102__SEG_0054__CH_002,116
UKSI_2015_102__UKSI_2015_102__SEG_0055__CH_001,108
UKSI_2015_102__UKSI_2015_102__SEG_0055__CH_002,45
UKSI_2015_102__UKSI_2015_102__SEG_0056__CH_001,43
UKSI_2015_102__UKSI_2015_102__SEG_0056__CH_002,61
UKSI_2015_102__UKSI_2015_102__SEG_0056__CH_003,59
UKSI_2015_102__UKSI_2015_102__SEG_0056__CH_004,72
UKSI_2015_102__UKSI_2015_102__SEG_0056__CH_005,48
UKSI_2015_102__UKSI_2015_102__SEG_0057__CH_002,108
UKSI_2015_102__UKSI_2015_102__SEG_0057__CH_003,79
UKSI_2015_102__UKSI_2015_102__SEG_0057__CH_004,69
UKSI_2015_102__UKSI_2015_102__SEG_0057__CH_005,119
UKSI_2015_102__UKSI_2015_102__SEG_0057__CH_006,91
UKSI_2015_102__UKSI_2015_102__SEG_0057__CH_007,69
UKSI_2015_102__UKSI_2015_102__SEG_0058__CH_001,62
UKSI_2015_102__UKSI_2015_102__SEG_0058__CH_002,109
UKSI_2015_102__UKSI_2015_102__SEG_0058__CH_003,69
UKSI_2015_102__UKSI_2015_102__SEG_0059__CH_001,98
UKSI_2015_102__UKSI_2015_102__SEG_0060__CH_001,62
UKSI_2015_102__UKSI_2015_102__SEG_0060__CH_002,70
UKSI_2015_102__UKSI_2015_102__SEG_0060__CH_003,74
UKSI_2015_102__UKSI_2015_102__SEG_0060__CH_004,105
UKSI_2015_102__UKSI_2015_102__SEG_0061__CH_001,44
UKSI_2015_102__UKSI_2015_102__SEG_0062__CH_001,99
UKSI_2015_102__UKSI_2015_102__SEG_0063__CH_001,95
UKSI_2015_102__UKSI_2015_102__SEG_0064__CH_001__M,89
UKSI_2015_102__UKSI_2015_102__SEG_0064__CH_003,84
UKSI_2015_102__UKSI_2015_102__SEG_0065__CH_001,122
UKSI_2015_102__UKSI_2015_102__SEG_0066__CH_001,52
UKSI_2015_102__UKSI_2015_102__SEG_0067__CH_001,68
UKSI_2015_102__UKSI_2015_102__SEG_0067__CH_002,76
UKSI_2015_102__UKSI_2015_102__SEG_0068__CH_001,123
UKSI_2015_102__UKSI_2015_102__SEG_0069__CH_001,101
UKSI_2015_102__UKSI_2015_102__SEG_0070__CH_001,59
UKSI_2015_102__UKSI_2015_102__SEG_0071__CH_001,78
UKSI_2015_102__UKSI_2015_102__SEG_0071__CH_002,61
UKSI_2015_102__UKSI_2015_102__SEG_0072__CH_001,119
UKSI_2015_102__UKSI_2015_102__SEG_0072__CH_002,130
UKSI_2015_102__UKSI_2015_102__SEG_0072__CH_003,33
UKSI_2015_102__UKSI_2015_102__SEG_0073__CH_001,86
UKSI_2015_102__UKSI_2015_102__SEG_0073__CH_002,42
UKSI_2015_102__UKSI_2015_102__SEG_0074__CH_001,28
UKSI_2015_102__UKSI_2015_102__SEG_0075__CH_001,95
UKSI_2015_102__UKSI_2015_102__SEG_0075__CH_002,33
UKSI_2015_102__UKSI_2015_102__SEG_0076__CH_001,34
UKSI_2015_102__UKSI_2015_102__SEG_0076__CH_002,84
UKSI_2015_102__UKSI_2015_102__SEG_0076__CH_003,54
UKSI_2015_102__UKSI_2015_102__SEG_0077__CH_001,87
UKSI_2015_102__UKSI_2015_102__SEG_0077__CH_002,33
UKSI_2015_102__UKSI_2015_102__SEG_0078__CH_001,100
UKSI_2015_102__UKSI_2015_102__SEG_0079__CH_001,64
UKSI_2015_102__UKSI_2015_102__SEG_0079__CH_002,44
UKSI_2015_102__UKSI_2015_102__SEG_0080__CH_001,56
UKSI_2015_102__UKSI_2015_102__SEG_0081__CH_001,48
UKSI_2015_102__UKSI_2015_102__SEG_0082__CH_001,63
UKSI_2015_102__UKSI_2015_102__SEG_0083__CH_001,62
UKSI_2015_102__UKSI_2015_102__SEG_0084__CH_001,152
UKSI_2015_102__UKSI_2015_102__SEG_0084__CH_002,68
UKSI_2015_102__UKSI_2015_102__SEG_0085__CH_001,43
UKSI_2015_102__UKSI_2015_102__SEG_0086__CH_001,97
UKSI_2015_102__UKSI_2015_102__SEG_0086__CH_002,110
UKSI_2015_102__UKSI_2015_102__SEG_0087__CH_001,93
UKSI_2015_102__UKSI_2015_102__SEG_0088__CH_001__M,112
UKSI_2015_102__UKSI_2015_102__SEG_0088__CH_003,46
UKSI_2015_102__UKSI_2015_102__SEG_0089__CH_001,51
UKSI_2015_102__UKSI_2015_102__SEG_0090__CH_001,72
UKSI_2015_102__UKSI_2015_102__SEG_0090__CH_002,62
UKSI_2015_102__UKSI_2015_102__SEG_0091__CH_001,59
UKSI_2015_102__UKSI_2015_102__SEG_0092__CH_001,112
UKSI_2015_102__UKSI_2015_102__SEG_0093__CH_001,99
UKSI_2015_102__UKSI_2015_102__SEG_0094__CH_001,81
UKSI_2015_102__UKSI_2015_102__SEG_0094__CH_002,34
UKSI_2015_102__UKSI_2015_102__SEG_0095__CH_001,63
UKSI_2015_102__UKSI_2015_102__SEG_0096__CH_001,108
UKSI_2015_102__UKSI_2015_102__SEG_0097__CH_001,58
UKSI_2015_102__UKSI_2015_102__SEG_0098__CH_001,73
UKSI_2015_102__UKSI_2015_102__SEG_0099__CH_001,61
UKSI_2015_102__UKSI_2015_102__SEG_0099__CH_002,126
UKSI_2015_102__UKSI_2015_102__SEG_0100__CH_001,98
UKSI_2015_102__UKSI_2015_102__SEG_0100__CH_002,39
UKSI_2015_102__UKSI_2015_102__SEG_0101__CH_001,94
UKSI_2015_102__UKSI_2015_102__SEG_0102__CH_001,101
UKSI_2015_102__UKSI_2015_102__SEG_0102__CH_002,105
UKSI_2015_102__UKSI_2015_102__SEG_0102__CH_003,70
UKSI_2015_102__UKSI_2015_102__SEG_0103__CH_001__M,36
UKSI_2015_102__UKSI_2015_102__SEG_0103__CH_003,63
UKSI_2015_102__UKSI_2015_102__SEG_0103__CH_004,76
UKSI_2015_102__UKSI_2015_102__SEG_0103__CH_005,88
UKSI_2015_102__UKSI_2015_102__SEG_0103__CH_006,42
UKSI_2015_102__UKSI_2015_102__SEG_0104__CH_001,58
UKSI_2015_102__UKSI_2015_102__SEG_0105__CH_001,55
UKSI_2015_102__UKSI_2015_102__SEG_0106__CH_001,84
UKSI_2015_102__UKSI_2015_102__SEG_0106__CH_002,36
UKSI_2015_102__UKSI_2015_102__SEG_0107__CH_001,66
UKSI_2015_102__UKSI_2015_102__SEG_0107__CH_002,32
UKSI_2015_102__UKSI_2015_102__SEG_0108__CH_001,115
UKSI_2015_102__UKSI_2015_102__SEG_0109__CH_001,87
UKSI_2015_102__UKSI_2015_102__SEG_0109__CH_002,41
UKSI_2015_102__UKSI_2015_102__SEG_0110__CH_001,41
UKSI_2015_102__UKSI_2015_102__SEG_0110__CH_002,76
UKSI_2015_102__UKSI_2015_102__SEG_0110__CH_003,85
UKSI_2015_102__UKSI_2015_102__SEG_0111__CH_001,119
UKSI_2015_102__UKSI_2015_102__SEG_0112__CH_001,83
UKSI_2015_102__UKSI_2015_102__SEG_0112__CH_002,61
UKSI_2015_102__UKSI_2015_102__SEG_0113__CH_001,57
UKSI_2015_102__UKSI_2015_102__SEG_0113__CH_002,85
UKSI_2015_102__UKSI_2015_102__SEG_0113__CH_003,104
UKSI_2015_102__UKSI_2015_102__SEG_0113__CH_004,72
UKSI_2015_102__UKSI_2015_102__SEG_0114__CH_002,29
UKSI_2015_102__UKSI_2015_102__SEG_0114__CH_003,37
UKSI_2015_102__UKSI_2015_102__SEG_0115__CH_001,41
UKSI_2015_102__UKSI_2015_102__SEG_0116__CH_001,32
UKSI_2015_102__UKSI_2015_102__SEG_0117__CH_001,43
UKSI_2015_102__UKSI_2015_102__SEG_0118__CH_001,72
UKSI_2015_102__UKSI_2015_102__SEG_0118__CH_002,50
UKSI_2015_102__UKSI_2015_102__SEG_0119__CH_002,26
UKSI_2015_102__UKSI_2015_102__SEG_0119__CH_003,67
UKSI_2015_102__UKSI_2015_102__SEG_0119__CH_004,45
UKSI_2015_102__UKSI_2015_102__SEG_0119__CH_005,56
UKSI_2015_102__UKSI_2015_102__SEG_0119__CH_006,92
UKSI_2015_102__UKSI_2015_102__SEG_0120__CH_001,77
UKSI_2015_102__UKSI_2015_102__SEG_0121__CH_002,50
UKSI_2015_102__UKSI_2015_102__SEG_0122__CH_001,40
UKSI_2015_102__UKSI_2015_102__SEG_0123__CH_001,64
UKSI_2015_102__UKSI_2015_102__SEG_0124__CH_001,109
UKSI_2015_102__UKSI_2015_102__SEG_0125__CH_001,68
UKSI_2015_102__UKSI_2015_102__SEG_0126__CH_001,93
UKSI_2015_102__UKSI_2015_102__SEG_0127__CH_001,114
UKSI_2015_102__UKSI_2015_102__SEG_0128__CH_001,85
UKSI_2015_102__UKSI_2015_102__SEG_0128__CH_002,105
UKSI_2018_625__LEGV2__CH_00001,48
UKSI_2018_625__LEGV2__CH_00002,68
UKSI_2018_625__LEGV2__CH_00003,51
UKSI_2018_625__LEGV2__CH_00004,43
UKSI_2018_625__LEGV2__CH_00005,87
UKSI_2018_625__LEGV2__CH_00006,51
UKSI_2018_625__LEGV2__CH_00007,68
UKSI_2018_625__LEGV2__CH_00008,36
UKSI_2018_625__LEGV2__CH_00009,57
UKSI_2018_625__LEGV2__CH_00010,41
UKSI_2018_625__LEGV2__CH_00011,50
UKSI_2019_419__LEGV2__CH_00001,60
UKSI_2019_419__LEGV2__CH_00002,44
UKSI_2019_419__LEGV2__CH_00005,89
UKSI_2019_419__LEGV2__CH_00006,57
UKSI_2019_419__LEGV2__CH_00008,48
UKSI_2019_419__LEGV2__CH_00010,31
UKSI_2019_419__LEGV2__CH_00012,119
UKSI_2019_419__LEGV2__CH_00013,39
UKSI_2019_419__LEGV2__CH_00014,40
UKSI_2019_419__LEGV2__CH_00015,39
UKSI_2019_419__LEGV2__CH_00016,111
UKSI_2019_419__LEGV2__CH_00017,57
UKSI_2019_419__LEGV2__CH_00018,42
UKSI_2019_419__LEGV2__CH_00019,65
UKSI_2019_419__LEGV2__CH_00020,35
UKSI_2019_419__LEGV2__CH_00021,64
UKSI_2019_419__LEGV2__CH_00022,29
UKSI_2019_419__LEGV2__CH_00023,72
UKSI_2019_419__LEGV2__CH_00024,35
UKSI_2019_419__LEGV2__CH_00026,72
UKSI_2019_419__LEGV2__CH_00027,37
UKSI_2019_419__LEGV2__CH_00028,49
UKSI_2019_419__LEGV2__CH_00029,33
UKSI_2019_419__LEGV2__CH_00030,46
UKSI_2019_419__LEGV2__CH_00031,46
UKSI_2019_419__LEGV2__CH_00032,59
UKSI_2019_419__LEGV2__CH_00033,51
UKSI_2019_419__LEGV2__CH_00035,48
UKSI_2019_419__LEGV2__CH_00037,43
UKSI_2019_419__LEGV2__CH_00038,54
UKSI_2019_419__LEGV2__CH_00039,43
UKSI_2019_419__LEGV2__CH_00040,49
UKSI_2019_419__LEGV2__CH_00041,29
UKSI_2019_419__LEGV2__CH_00042,55
UKSI_2019_419__LEGV2__CH_00043,48
UKSI_2019_419__LEGV2__CH_00044,86
UKSI_2019_419__LEGV2__CH_00046,46
UKSI_2019_419__LEGV2__CH_00047,49
UKSI_2019_419__LEGV2__CH_00049,41
UKSI_2019_419__LEGV2__CH_00051,83
UKSI_2019_419__LEGV2__CH_00052,68
UKSI_2019_419__LEGV2__CH_00053,90
UKSI_2019_419__LEGV2__CH_00054,58
UKSI_2019_419__LEGV2__CH_00055,41
UKSI_2019_419__LEGV2__CH_00057,53
UKSI_2019_419__LEGV2__CH_00058,75
UKSI_2019_419__LEGV2__CH_00059,60
UKSI_2019_419__LEGV2__CH_00060,53
UKSI_2019_419__LEGV2__CH_00061,76
UKSI_2019_419__LEGV2__CH_00062,53
UKSI_2019_419__LEGV2__CH_00063,87
UKSI_2019_419__LEGV2__CH_00064,62
UKSI_2019_419__LEGV2__CH_00066,70
UKSI_2019_419__LEGV2__CH_00067,36
UKSI_2019_419__LEGV2__CH_00070,59
UKSI_2019_419__LEGV2__CH_00071,62
UKSI_2019_419__LEGV2__CH_00077,78
UKSI_2019_419__LEGV2__CH_00078,60
UKSI_2019_419__LEGV2__CH_00079,36
UKSI_2019_419__LEGV2__CH_00080,45
UKSI_2019_419__LEGV2__CH_00081,39
UKSI_2019_419__LEGV2__CH_00082,37
UKSI_2019_419__LEGV2__CH_00083,52
UKSI_2019_419__LEGV2__CH_00084,33
UKSI_2019_419__LEGV2__CH_00085,72
UKSI_2019_419__LEGV2__CH_00086,36
UKSI_2019_419__LEGV2__CH_00090,108
UKSI_2019_419__LEGV2__CH_00091,40
UKSI_2019_419__LEGV2__CH_00093,54
UKSI_2019_419__LEGV2__CH_00094,27
UKSI_2019_419__LEGV2__CH_00095,52
UKSI_2019_419__LEGV2__CH_00096,40
UKSI_2019_419__LEGV2__CH_00100,50
UKSI_2019_419__LEGV2__CH_00105,60
UKSI_2019_419__LEGV2__CH_00106,46
UKSI_2019_419__LEGV2__CH_00107,31
UKSI_2019_419__LEGV2__CH_00112,36
UKSI_2019_419__LEGV2__CH_00114,32
UKSI_2019_419__LEGV2__CH_00116,77
UKSI_2019_419__LEGV2__CH_00117,47
UKSI_2019_419__LEGV2__CH_00118,63
UKSI_2019_419__LEGV2__CH_00122,51
UKSI_2019_419__LEGV2__CH_00125,32
UKSI_2019_419__LEGV2__CH_00126,43
UKSI_2019_419__LEGV2__CH_00129,43
UKSI_2019_419__LEGV2__CH_00131,70
UKSI_2019_419__LEGV2__CH_00132,54
UKSI_2019_419__LEGV2__CH_00134,57
UKSI_2019_419__LEGV2__CH_00136,59
UKSI_2019_419__LEGV2__CH_00137,80
UKSI_2019_419__LEGV2__CH_00138,52
UKSI_2019_419__LEGV2__CH_00140,39
UKSI_2019_419__LEGV2__CH_00141,47
UKSI_2019_419__LEGV2__CH_00142,44
UKSI_2019_419__LEGV2__CH_00143,44
UKSI_2019_419__LEGV2__CH_00144,39
UKSI_2019_419__LEGV2__CH_00145,42
UKSI_2019_419__LEGV2__CH_00146__M,42
UKSI_2019_419__LEGV2__CH_00149,35
UKSI_2019_419__LEGV2__CH_00150,52
UKSI_2019_419__LEGV2__CH_00151,65
UKSI_2019_419__LEGV2__CH_00152,51
UKSI_2019_419__LEGV2__CH_00154,60
UKSI_2019_419__LEGV2__CH_00158,71
UKSI_2019_419__LEGV2__CH_00159,101
UKSI_2019_419__LEGV2__CH_00160,85
UKSI_2019_419__LEGV2__CH_00166,59
UKSI_2019_419__LEGV2__CH_00169,87
UKSI_2019_419__LEGV2__CH_00177,40
UKSI_2019_419__LEGV2__CH_00179,55
UKSI_2019_419__LEGV2__CH_00194,46
UKSI_2019_419__LEGV2__CH_00196,74
UKSI_2019_419__LEGV2__CH_00199,49
UKSI_2019_419__LEGV2__CH_00203,75
UKSI_2019_419__LEGV2__CH_00204,57
UKSI_2019_419__LEGV2__CH_00205,64
UKSI_2019_419__LEGV2__CH_00208,52
UKSI_2019_419__LEGV2__CH_00209,45
UKSI_2019_419__LEGV2__CH_00210,64
UKSI_2019_419__LEGV2__CH_00211,40
UKSI_2019_419__LEGV2__CH_00212,27
UKSI_2019_419__LEGV2__CH_00213,44
UKSI_2019_419__LEGV2__CH_00215,61
UKSI_2019_419__LEGV2__CH_00217,41
UKSI_2019_419__LEGV2__CH_00218,39
UKSI_2019_419__LEGV2__CH_00219,68
UKSI_2019_419__LEGV2__CH_00220,32
UKSI_2019_419__LEGV2__CH_00221,40
UKSI_2019_419__LEGV2__CH_00222,48
UKSI_2019_419__LEGV2__CH_00223,39
UKSI_2019_419__LEGV2__CH_00224,36
UKSI_2019_419__LEGV2__CH_00225,24
UKSI_2019_419__LEGV2__CH_00226,52
UKSI_2019_419__LEGV2__CH_00229,63
UKSI_2019_419__LEGV2__CH_00231__M,46
UKSI_2019_419__LEGV2__CH_00233,45
UKSI_2019_419__LEGV2__CH_00234,47
UKSI_2019_419__LEGV2__CH_00235,46
UKSI_2019_419__LEGV2__CH_00236,71
UKSI_2019_419__LEGV2__CH_00237,33
UKSI_2019_419__LEGV2__CH_00238,62
UKSI_2019_419__LEGV2__CH_00239,40
UKSI_2019_419__LEGV2__CH_00240,46
UKSI_2019_419__LEGV2__CH_00241,38
UKSI_2019_419__LEGV2__CH_00242,37
UKSI_2019_419__LEGV2__CH_00244,36
UKSI_2019_419__LEGV2__CH_00246,60
UKSI_2019_419__LEGV2__CH_00248,54
UKSI_2019_419__LEGV2__CH_00249,40
UKSI_2019_419__LEGV2__CH_00250,47
UKSI_2019_419__LEGV2__CH_00251,56
UKSI_2019_419__LEGV2__CH_00254,66
UKSI_2019_419__LEGV2__CH_00255,35
UKSI_2019_419__LEGV2__CH_00256,38
UKSI_2019_419__LEGV2__CH_00257,43
UKSI_2019_419__LEGV2__CH_00258,50
UKSI_2019_419__LEGV2__CH_00259,45
UKSI_2019_419__LEGV2__CH_00260,40
UKSI_2019_419__LEGV2__CH_00261,27
UKSI_2019_419__LEGV2__CH_00262,30
UKSI_2019_419__LEGV2__CH_00263,35
UKSI_2019_419__LEGV2__CH_00264,26
UKSI_2019_419__LEGV2__CH_00265,38
UKSI_2019_419__LEGV2__CH_00266,66
UKSI_2019_419__LEGV2__CH_00267,50
UKSI_2019_419__LEGV2__CH_00268,32
UKSI_2019_419__LEGV2__CH_00271,39
UKSI_2019_419__LEGV2__CH_00272,57
UKSI_2019_419__LEGV2__CH_00273,43
UKSI_2019_419__LEGV2__CH_00274,65
UKSI_2019_419__LEGV2__CH_00275,91
UKSI_2019_419__LEGV2__CH_00276,41
UKSI_2019_419__LEGV2__CH_00277,95
UKSI_2019_419__LEGV2__CH_00278,52
UKSI_2019_419__LEGV2__CH_00279,65
UKSI_2019_419__LEGV2__CH_00280,47
UKSI_2019_419__LEGV2__CH_00283,59
UKSI_2019_419__LEGV2__CH_00285,50
UKSI_2019_419__LEGV2__CH_00286,50
UKSI_2019_419__LEGV2__CH_00288,35
UKSI_2019_419__LEGV2__CH_00291,73
UKSI_2019_419__LEGV2__CH_00292,36
UKSI_2019_419__LEGV2__CH_00293,25
UKSI_2019_419__LEGV2__CH_00294,38
UKSI_2019_419__LEGV2__CH_00295,28
UKSI_2019_419__LEGV2__CH_00296,56
UKSI_2019_419__LEGV2__CH_00297,30
UKSI_2019_419__LEGV2__CH_00298__M,71
UKSI_2019_419__LEGV2__CH_00300,25
UKSI_2019_419__LEGV2__CH_00301,58
UKSI_2019_419__LEGV2__CH_00302,54
UKSI_2019_419__LEGV2__CH_00304,46
UKSI_2019_419__LEGV2__CH_00306,43
UKSI_2019_419__LEGV2__CH_00307,58
UKSI_2019_419__LEGV2__CH_00309,44
UKSI_2019_419__LEGV2__CH_00310,43
UKSI_2019_419__LEGV2__CH_00311,40
UKSI_2019_419__LEGV2__CH_00312,46
UKSI_2019_419__LEGV2__CH_00313,47
UKSI_2019_419__LEGV2__CH_00315,46
UKSI_2019_419__LEGV2__CH_00316,50
UKSI_2019_419__LEGV2__CH_00317,40
UKSI_2019_419__LEGV2__CH_00318,66
UKSI_2019_419__LEGV2__CH_00319,47
UKSI_2019_419__LEGV2__CH_00320,71
UKSI_2019_419__LEGV2__CH_00321,53
UKSI_2019_419__LEGV2__CH_00322,71
UKSI_2019_419__LEGV2__CH_00323,63
UKSI_2019_419__LEGV2__CH_00324,45
UKSI_2019_419__LEGV2__CH_00325,56
UKSI_2019_419__LEGV2__CH_00326,63
UKSI_2019_419__LEGV2__CH_00327,74
UKSI_2019_419__LEGV2__CH_00328,60
UKSI_2019_419__LEGV2__CH_00329,33
UKSI_2019_419__LEGV2__CH_00330,43
UKSI_2019_419__LEGV2__CH_00332,52
UKSI_2019_419__LEGV2__CH_00333,46
UKSI_2019_419__LEGV2__CH_00336,42
UKSI_2019_419__LEGV2__CH_00337,59
UKSI_2019_419__LEGV2__CH_00339,52
UKSI_2019_419__LEGV2__CH_00340,47
UKSI_2019_419__LEGV2__CH_00341,54
UKSI_2019_419__LEGV2__CH_00342,39
UKSI_2019_419__LEGV2__CH_00343,48
UKSI_2019_419__LEGV2__CH_00344,47
UKSI_2019_419__LEGV2__CH_00346,52
UKSI_2019_419__LEGV2__CH_00347,49
UKSI_2019_419__LEGV2__CH_00349,55
UKSI_2019_419__LEGV2__CH_00350,43
UKSI_2019_419__LEGV2__CH_00353,73
UKSI_2019_419__LEGV2__CH_00354,50
UKSI_2019_419__LEGV2__CH_00357,60
UKSI_2019_419__LEGV2__CH_00358,25
UKSI_2019_419__LEGV2__CH_00359,53
UKSI_2019_419__LEGV2__CH_00360,48
UKSI_2019_419__LEGV2__CH_00361,71
UKSI_2019_419__LEGV2__CH_00362,58
UKSI_2019_419__LEGV2__CH_00363,64
UKSI_2019_419__LEGV2__CH_00364,58
UKSI_2019_419__LEGV2__CH_00365,37
UKSI_2019_419__LEGV2__CH_00366,51
UKSI_2019_419__LEGV2__CH_00367,58
UKSI_2019_419__LEGV2__CH_00369,52
UKSI_2019_419__LEGV2__CH_00371,56
UKSI_2019_419__LEGV2__CH_00373,57
UKSI_2019_419__LEGV2__CH_00374,38
UKSI_2019_419__LEGV2__CH_00375,56
UKSI_2019_419__LEGV2__CH_00376,37
UKSI_2019_419__LEGV2__CH_00377,53
UKSI_2019_419__LEGV2__CH_00378,66
UKSI_2019_419__LEGV2__CH_00379,51
UKSI_2019_419__LEGV2__CH_00381,63
UKSI_2019_419__LEGV2__CH_00382,31
UKSI_2019_419__LEGV2__CH_00383,26
UKSI_2019_419__LEGV2__CH_00386,41
UKSI_2019_419__LEGV2__CH_00387,60
UKSI_2019_419__LEGV2__CH_00388,35
UKSI_2019_419__LEGV2__CH_00389,48
UKSI_2019_419__LEGV2__CH_00390,44
UKSI_2019_419__LEGV2__CH_00391,33
UKSI_2019_419__LEGV2__CH_00392,65
UKSI_2019_419__LEGV2__CH_00394,55
UKSI_2019_419__LEGV2__CH_00395,43
UKSI_2019_419__LEGV2__CH_00396,48
UKSI_2019_419__LEGV2__CH_00397,57
UKSI_2019_419__LEGV2__CH_00398,48
UKSI_2019_419__LEGV2__CH_00400,66
UKSI_2019_419__LEGV2__CH_00401,48
UKSI_2019_419__LEGV2__CH_00402,45
UKSI_2019_419__LEGV2__CH_00403,48
UKSI_2019_419__LEGV2__CH_00407,42
UKSI_2019_419__LEGV2__CH_00408,36
UKSI_2019_419__LEGV2__CH_00410,35
UKSI_2019_419__LEGV2__CH_00411,98
UKSI_2019_419__LEGV2__CH_00412,41
UKSI_2019_419__LEGV2__CH_00413,57
UKSI_2019_419__LEGV2__CH_00415,59
UKSI_2019_419__LEGV2__CH_00416,22
UKSI_2024_692__NODEV1__CH_00001,44
UKSI_2024_692__NODEV1__CH_00002,44
UKSI_2024_692__NODEV1__CH_00003,60
UKSI_2024_692__NODEV1__CH_00004,145
UKSI_2024_692__NODEV1__CH_00005,82
UKSI_2024_692__NODEV1__CH_00006,105
UKSI_2024_692__NODEV1__CH_00007,87
UKSI_2024_692__NODEV1__CH_00008,79
UKSI_2024_692__NODEV1__CH_00009,89
UKSI_2024_692__NODEV1__CH_00010,62
UKSI_2024_692__NODEV1__CH_00011,98
UKSI_2024_692__NODEV1__CH_00012,81
UKSI_2024_692__NODEV1__CH_00013,62
UKSI_2024_692__NODEV1__CH_00014,82
UKSI_2024_692__NODEV1__CH_00015,60
UKSI_2024_692__NODEV1__CH_00016,120
UKSI_2024_692__NODEV1__CH_00017,78
UKSI_2024_692__NODEV1__CH_00018,158
UKSI_2024_692__NODEV1__CH_00019,105
UKSI_2024_692__NODEV1__CH_00020,80
UKSI_2024_692__NODEV1__CH_00021,93
UKSI_2024_692__NODEV1__CH_00022,121
UKSI_2024_692__NODEV1__CH_00023,31
UKSI_2024_692__NODEV1__CH_00024,107
UKSI_2024_692__NODEV1__CH_00025,154
UKSI_2024_692__NODEV1__CH_00026,128
UKSI_2024_692__NODEV1__CH_00027,117
UKSI_2024_692__NODEV1__CH_00028,97
UKSI_2024_692__NODEV1__CH_00029,90
UKSI_2024_692__NODEV1__CH_00030,102
UKSI_2024_692__NODEV1__CH_00031,89
UKSI_2024_692__NODEV1__CH_00032,117
UKSI_2024_692__NODEV1__CH_00033,79
UKSI_2024_692__NODEV1__CH_00034,114
UKSI_2024_692__NODEV1__CH_00035,99
UKSI_2024_692__NODEV1__CH_00036,116
UKSI_2024_692__NODEV1__CH_00037,75
UKSI_2024_692__NODEV1__CH_00038,59
UKSI_2024_692__NODEV1__CH_00039,148
UKSI_2024_692__NODEV1__CH_00040,112
UKSI_2024_692__NODEV1__CH_00041,119
UKSI_2024_692__NODEV1__CH_00042,113
UKSI_2024_692__NODEV1__CH_00043,139
UKSI_2024_692__NODEV1__CH_00044,83
UKSI_2024_692__NODEV1__CH_00045,95
UKSI_2024_692__NODEV1__CH_00046,91
UKSI_2024_692__NODEV1__CH_00047,113
UKSI_2024_692__NODEV1__CH_00048,82
UKSI_2024_692__NODEV1__CH_00049,88
UKSI_2024_692__NODEV1__CH_00050,86
UKSI_2024_692__NODEV1__CH_00052,67
UKSI_2024_692__NODEV1__CH_00053,58
UKSI_2024_692__NODEV1__CH_00054,55
UKSI_2024_692__NODEV1__CH_00055,92
UKSI_2024_692__NODEV1__CH_00056,84
UKSI_2024_692__NODEV1__CH_00058,77
UKSI_2024_692__NODEV1__CH_00059,53
UKSI_2024_692__NODEV1__CH_00060,38
UKSI_2024_692__NODEV1__CH_00061,104
UKSI_2024_692__NODEV1__CH_00062,69
UKSI_2024_692__NODEV1__CH_00063,77
UKSI_2024_716__NODEV1__CH_00001,80
UKSI_2024_716__NODEV1__CH_00002,38
UKSI_2024_716__NODEV1__CH_00003,91
UKSI_2024_716__NODEV1__CH_00004,86
UKSI_2024_716__NODEV1__CH_00005,86
UKSI_2024_716__NODEV1__CH_00006,95
UKSI_2024_716__NODEV1__CH_00007,68
UKSI_2024_716__NODEV1__CH_00008,134
UKSI_2024_716__NODEV1__CH_00009,73
UKSI_2024_959__NODEV1__CH_00001,60
UKSI_2024_959__NODEV1__CH_00002,97
UKSI_2025_163__LEGV2__CH_00001,39
UKSI_2025_163__LEGV2__CH_00002,31
UKSI_2025_163__LEGV2__CH_00003,42
UKSI_2025_163__LEGV2__CH_00004,35
UKSI_2025_163__LEGV2__CH_00005,39
UKSI_2025_163__LEGV2__CH_00006,31
UKSI_2025_163__LEGV2__CH_00008,43
UKSI_2025_163__LEGV2__CH_00009,76
UKSI_2025_163__LEGV2__CH_00010,56
UKSI_2025_163__LEGV2__CH_00011,61
UKSI_2025_163__LEGV2__CH_00012,49
UKSI_2025_163__LEGV2__CH_00013,63
UKSI_2025_163__LEGV2__CH_00014,53
UKSI_2025_163__LEGV2__CH_00015,76
UKSI_2025_163__LEGV2__CH_00016,80
UKSI_2025_163__LEGV2__CH_00017,48
UKSI_2025_163__LEGV2__CH_00018,73
UKSI_2025_163__LEGV2__CH_00019,77
UKSI_2025_163__LEGV2__CH_00020,107
UKSI_2025_163__LEGV2__CH_00021,126
UKSI_2025_163__LEGV2__CH_00024,41
UKSI_2025_163__LEGV2__CH_00025,66
UKSI_2025_163__LEGV2__CH_00027,38
UKSI_2025_163__LEGV2__CH_00028,76
UKSI_2025_163__LEGV2__CH_00029,44
UKSI_2025_163__LEGV2__CH_00030,59
UKSI_2025_163__LEGV2__CH_00031,75
UKSI_2025_163__LEGV2__CH_00032,71
UKSI_2025_163__LEGV2__CH_00033,65
UKSI_2025_163__LEGV2__CH_00034,47
UKSI_2025_163__LEGV2__CH_00035,79
UKSI_2025_163__LEGV2__CH_00036,80
UKSI_2025_163__LEGV2__CH_00037,71
UKSI_2025_163__LEGV2__CH_00038__M,72
UKSI_2025_163__LEGV2__CH_00040,43
UKSI_2025_163__LEGV2__CH_00041,52
UKSI_2025_163__LEGV2__CH_00042,86
UKSI_2025_163__LEGV2__CH_00043,84
UKSI_2025_163__LEGV2__CH_00044,79
UKSI_2025_163__LEGV2__CH_00045,67
UKSI_2025_163__LEGV2__CH_00046,53
UKSI_2025_163__LEGV2__CH_00047,48
UKSI_2025_163__LEGV2__CH_00048,47
UKSI_2025_163__LEGV2__CH_00049,69
UKSI_2025_163__LEGV2__CH_00050,41
UKSI_2025_163__LEGV2__CH_00051,91
UKSI_2025_163__LEGV2__CH_00052,54
UKSI_2025_163__LEGV2__CH_00053,44
UKSI_2025_163__LEGV2__CH_00054,60
UKSI_2025_163__LEGV2__CH_00055,100
UKSI_2025_163__LEGV2__CH_00056,48
UKSI_2025_163__LEGV2__CH_00057,49
UKSI_2025_163__LEGV2__CH_00058,58
UKSI_2025_163__LEGV2__CH_00059,107
UKSI_2025_163__LEGV2__CH_00060,48
UKSI_2025_163__LEGV2__CH_00061,47
UKSI_2025_163__LEGV2__CH_00062,66
UKSI_2025_163__LEGV2__CH_00063,82
UKSI_2025_163__LEGV2__CH_00064,99
UKSI_2025_163__LEGV2__CH_00065,95
UKSI_2025_163__LEGV2__CH_00066,117
UKSI_2025_163__LEGV2__CH_00067,60
UKSI_2025_163__LEGV2__CH_00068,105
UKSI_2025_163__LEGV2__CH_00069,96
UKSI_2025_163__LEGV2__CH_00070,58
UKSI_2025_163__LEGV2__CH_00071,71
UKSI_2025_163__LEGV2__CH_00072,93
UKSI_2025_163__LEGV2__CH_00073,57
UKSI_2025_163__LEGV2__CH_00074,56
UKSI_2025_163__LEGV2__CH_00077,49
UKSI_2025_163__LEGV2__CH_00080,61
UKSI_2025_163__LEGV2__CH_00081,46
UKSI_2025_163__LEGV2__CH_00082,67
UKSI_2025_163__LEGV2__CH_00083,54
UKSI_2025_163__LEGV2__CH_00084,64
UKSI_2025_163__LEGV2__CH_00085,40
UKSI_2025_163__LEGV2__CH_00086,126
UKSI_2025_163__LEGV2__CH_00087,34
UKSI_2025_163__LEGV2__CH_00088,47
UKSI_2025_163__LEGV2__CH_00089,99
UKSI_2025_163__LEGV2__CH_00090,79
UKSI_2025_163__LEGV2__CH_00091,105
UKSI_2025_163__LEGV2__CH_00093,64
UKSI_2025_163__LEGV2__CH_00094,48
UKSI_2025_163__LEGV2__CH_00095,40
UKSI_2025_163__LEGV2__CH_00096,58
UKSI_2025_163__LEGV2__CH_00097,35
UKSI_2025_163__LEGV2__CH_00098,78
UKSI_2025_163__LEGV2__CH_00099,58
UKSI_2025_163__LEGV2__CH_00100,50
UKSI_2025_163__LEGV2__CH_00103,54
UKSI_2025_163__LEGV2__CH_00104,51
UKSI_2025_163__LEGV2__CH_00105,53
UKSI_2025_163__LEGV2__CH_00106,70
UKSI_2025_163__LEGV2__CH_00107,69
UKSI_2025_163__LEGV2__CH_00108,74
UKSI_2025_163__LEGV2__CH_00111,52
UKSI_2025_163__LEGV2__CH_00113,93
UKSI_2025_163__LEGV2__CH_00115,65
UKSI_2025_163__LEGV2__CH_00117,56
UKSI_2025_163__LEGV2__CH_00119,63
UKSI_2025_163__LEGV2__CH_00120,26
UKSI_2025_163__LEGV2__CH_00121,51
UKSI_2025_163__LEGV2__CH_00123,115
UKSI_2025_163__LEGV2__CH_00124,36
UKSI_2025_163__LEGV2__CH_00125,73
UKSI_2025_163__LEGV2__CH_00126,41
UKSI_2025_163__LEGV2__CH_00127,86
UKSI_2025_163__LEGV2__CH_00128,53
UKSI_2025_163__LEGV2__CH_00129,97
UKSI_2025_163__LEGV2__CH_00130,69
UKSI_2025_163__LEGV2__CH_00131,51
UKSI_2025_163__LEGV2__CH_00132,43
UKSI_2025_163__LEGV2__CH_00133,61
UKSI_2025_163__LEGV2__CH_00134,94
UKSI_2025_163__LEGV2__CH_00135,48
UKSI_2025_163__LEGV2__CH_00136,28
UKSI_2025_163__LEGV2__CH_00137,44
UKSI_2025_163__LEGV2__CH_00138,55
UKSI_2025_163__LEGV2__CH_00139,63
UKSI_2025_163__LEGV2__CH_00140,38
UKSI_2025_163__LEGV2__CH_00141,25
UKSI_2025_163__LEGV2__CH_00142,87
UKSI_2025_163__LEGV2__CH_00143,103
UKSI_2026_82__LEGV2__CH_00001,39
UKSI_2026_82__LEGV2__CH_00002,57
UKSI_2026_82__LEGV2__CH_00003,110
UKSI_2026_82__LEGV2__CH_00004,34
UKSI_2026_82__LEGV2__CH_00005,50
UKSI_2026_82__LEGV2__CH_00006,54
UKSI_2026_82__LEGV2__CH_00007,36
UKSI_2026_82__LEGV2__CH_00008,27
UKSI_2026_82__LEGV2__CH_00009,44
UKSI_2026_82__LEGV2__CH_00010,43
UKSI_2026_82__LEGV2__CH_00011,45
UKSI_2026_82__LEGV2__CH_00012,84
UKSI_2026_82__LEGV2__CH_00013,50
a00abe9efea9d289aba7e80b__a00abe9efea9d289aba7e80b__SEG_0001__CH_001,73
a00abe9efea9d289aba7e80b__a00abe9efea9d289aba7e80b__SEG_0001__CH_002,62
a0c63f147bc31f7a8b945faa__a0c63f147bc31f7a8b945faa__SEG_0001__CH_001,64
a0c63f147bc31f7a8b945faa__a0c63f147bc31f7a8b945faa__SEG_0001__CH_002,49
a0c63f147bc31f7a8b945faa__a0c63f147bc31f7a8b945faa__SEG_0001__CH_003,54
a0c63f147bc31f7a8b945faa__a0c63f147bc31f7a8b945faa__SEG_0001__CH_004,64
a0c63f147bc31f7a8b945faa__a0c63f147bc31f7a8b945faa__SEG_0001__CH_005,82
a0c63f147bc31f7a8b945faa__a0c63f147bc31f7a8b945faa__SEG_0001__CH_006,54
a0c63f147bc31f7a8b945faa__a0c63f147bc31f7a8b945faa__SEG_0001__CH_007,52
a1019be78da2f0e20f6b4108__a1019be78da2f0e20f6b4108__SEG_0001__CH_001,100
a1019be78da2f0e20f6b4108__a1019be78da2f0e20f6b4108__SEG_0001__CH_002,139
a1019be78da2f0e20f6b4108__a1019be78da2f0e20f6b4108__SEG_0001__CH_003,167
a1019be78da2f0e20f6b4108__a1019be78da2f0e20f6b4108__SEG_0001__CH_004,86
a1153fec4f1526ae505a64a0__a1153fec4f1526ae505a64a0__SEG_0001__CH_001,108
a1153fec4f1526ae505a64a0__a1153fec4f1526ae505a64a0__SEG_0001__CH_002,166
a1153fec4f1526ae505a64a0__a1153fec4f1526ae505a64a0__SEG_0001__CH_003,122
a1153fec4f1526ae505a64a0__a1153fec4f1526ae505a64a0__SEG_0001__CH_004,149
a1153fec4f1526ae505a64a0__a1153fec4f1526ae505a64a0__SEG_0001__CH_005,96
a1354f8d5e5501457caaa417__a1354f8d5e5501457caaa417__SEG_0001__CH_001,104
a1354f8d5e5501457caaa417__a1354f8d5e5501457caaa417__SEG_0001__CH_002,140
a1354f8d5e5501457caaa417__a1354f8d5e5501457caaa417__SEG_0001__CH_003,113
a14ac82b7c1899d98143213e__a14ac82b7c1899d98143213e__SEG_0001__CH_001,116
a14ac82b7c1899d98143213e__a14ac82b7c1899d98143213e__SEG_0001__CH_002,167
a15347d692f2bfc8ce57616d__a15347d692f2bfc8ce57616d__SEG_0001__CH_001,61
a15347d692f2bfc8ce57616d__a15347d692f2bfc8ce57616d__SEG_0001__CH_002,55
a19dddfb6b7fbd02a09c0742__a19dddfb6b7fbd02a09c0742__SEG_0001__CH_001,85
a1a9daeaa7c94959db8039eb__a1a9daeaa7c94959db8039eb__SEG_0001__CH_002,88
a1d86a105bd13aabe17f88bf__a1d86a105bd13aabe17f88bf__SEG_0001__CH_001,137
a1e548bee45e7180a3159f25__PDFV2__CH_0002,96
a1e548bee45e7180a3159f25__PDFV2__CH_0005,93
a1e548bee45e7180a3159f25__PDFV2__CH_0006,97
a1e548bee45e7180a3159f25__PDFV2__CH_0012,102
a1e548bee45e7180a3159f25__PDFV2__CH_0013,91
a1e548bee45e7180a3159f25__PDFV2__CH_0014,111
a1e548bee45e7180a3159f25__PDFV2__CH_0015,157
a1e548bee45e7180a3159f25__PDFV2__CH_0016,126
a23311e22491d5140f7921d2__PDFV2__CH_0003,109
a23311e22491d5140f7921d2__PDFV2__CH_0004,91
a23311e22491d5140f7921d2__PDFV2__CH_0006,85
a23311e22491d5140f7921d2__PDFV2__CH_0007,87
a23311e22491d5140f7921d2__PDFV2__CH_0008,128
a255e457ea4d9ea7238c59a4__a255e457ea4d9ea7238c59a4__SEG_0001__CH_001,72
a255e457ea4d9ea7238c59a4__a255e457ea4d9ea7238c59a4__SEG_0001__CH_002,86
a255e457ea4d9ea7238c59a4__a255e457ea4d9ea7238c59a4__SEG_0001__CH_003,99
a255e457ea4d9ea7238c59a4__a255e457ea4d9ea7238c59a4__SEG_0002__CH_001,89
a255e457ea4d9ea7238c59a4__a255e457ea4d9ea7238c59a4__SEG_0002__CH_002__M,76
a2590f405a81d1aed805f4c1__a2590f405a81d1aed805f4c1__SEG_0001__CH_001,54
a2b0100c8fbb8aef5ff341ee__PDFV2__CH_0004,106
a2b0100c8fbb8aef5ff341ee__PDFV2__CH_0009,99
a2b0100c8fbb8aef5ff341ee__PDFV2__CH_0010,87
a2b0100c8fbb8aef5ff341ee__PDFV2__CH_0011,104
a2b0100c8fbb8aef5ff341ee__PDFV2__CH_0012,67
a2b0100c8fbb8aef5ff341ee__PDFV2__CH_0013,108
a2b0100c8fbb8aef5ff341ee__PDFV2__CH_0014,105
a2b0100c8fbb8aef5ff341ee__PDFV2__CH_0015,76
a2b0100c8fbb8aef5ff341ee__PDFV2__CH_0016,60
a2b0100c8fbb8aef5ff341ee__PDFV2__CH_0017,98
a2b0100c8fbb8aef5ff341ee__PDFV2__CH_0018,98
a2b0100c8fbb8aef5ff341ee__PDFV2__CH_0019,55
a2b0100c8fbb8aef5ff341ee__PDFV2__CH_0020,62
a2b0100c8fbb8aef5ff341ee__PDFV2__CH_0021,65
a2b0100c8fbb8aef5ff341ee__PDFV2__CH_0022,58
a31bf40b4b98b8bdbf382370__a31bf40b4b98b8bdbf382370__SEG_0001__CH_001,75
a31bf40b4b98b8bdbf382370__a31bf40b4b98b8bdbf382370__SEG_0001__CH_002,105
a31bf40b4b98b8bdbf382370__a31bf40b4b98b8bdbf382370__SEG_0001__CH_003,100
a31bf40b4b98b8bdbf382370__a31bf40b4b98b8bdbf382370__SEG_0001__CH_004,78
a31e80ac4fd7fc7c90891f10__a31e80ac4fd7fc7c90891f10__SEG_0001__CH_001,96
a31e80ac4fd7fc7c90891f10__a31e80ac4fd7fc7c90891f10__SEG_0001__CH_002,78
a31e80ac4fd7fc7c90891f10__a31e80ac4fd7fc7c90891f10__SEG_0001__CH_003,68
a31e80ac4fd7fc7c90891f10__a31e80ac4fd7fc7c90891f10__SEG_0001__CH_004,101
a32f860b197395d3d386e053__a32f860b197395d3d386e053__SEG_0001__CH_001,76
a32f860b197395d3d386e053__a32f860b197395d3d386e053__SEG_0001__CH_002,68
a36c9ca37031d676e7311d57__PDFV2__CH_0001,111
a36c9ca37031d676e7311d57__PDFV2__CH_0002,81
a36c9ca37031d676e7311d57__PDFV2__CH_0003,106
a36c9ca37031d676e7311d57__PDFV2__CH_0004__M,117
a36c9ca37031d676e7311d57__PDFV2__CH_0006,131
a36c9ca37031d676e7311d57__PDFV2__CH_0007,129
a36c9ca37031d676e7311d57__PDFV2__CH_0008,95
a36c9ca37031d676e7311d57__PDFV2__CH_0009,125
a36c9ca37031d676e7311d57__PDFV2__CH_0010,97
a36c9ca37031d676e7311d57__PDFV2__CH_0011,130
a37cf5f4427936a59daa9154__a37cf5f4427936a59daa9154__SEG_0001__CH_001,70
a37cf5f4427936a59daa9154__a37cf5f4427936a59daa9154__SEG_0001__CH_002,89
a37cf5f4427936a59daa9154__a37cf5f4427936a59daa9154__SEG_0001__CH_004,169
a3e826a610457d82ebb9e6f2__a3e826a610457d82ebb9e6f2__SEG_0001__CH_001,77
a482830905ffeb51ef2e443a__a482830905ffeb51ef2e443a__SEG_0001__CH_001,96
a482830905ffeb51ef2e443a__a482830905ffeb51ef2e443a__SEG_0001__CH_002,80
a482830905ffeb51ef2e443a__a482830905ffeb51ef2e443a__SEG_0001__CH_003,73
a4981305aa7c2cef9e30d7e2__PDFV2__CH_0001,62
a4981305aa7c2cef9e30d7e2__PDFV2__CH_0002,101
a4981305aa7c2cef9e30d7e2__PDFV2__CH_0003,81
a4981305aa7c2cef9e30d7e2__PDFV2__CH_0004,67
a4981305aa7c2cef9e30d7e2__PDFV2__CH_0005,94
a49b33ce5d3c786431f2ee9f__a49b33ce5d3c786431f2ee9f__SEG_0001__CH_001,99
a49b33ce5d3c786431f2ee9f__a49b33ce5d3c786431f2ee9f__SEG_0001__CH_002,68
a49e91fb1e719f9c9c54a5ce__a49e91fb1e719f9c9c54a5ce__SEG_0001__CH_001,130
a49e91fb1e719f9c9c54a5ce__a49e91fb1e719f9c9c54a5ce__SEG_0001__CH_002,50
a4ada9e719b2df7b822ad6c4__PDFV2__CH_0002,82
a4ada9e719b2df7b822ad6c4__PDFV2__CH_0003,45
a5126366563e4aea35868128__PDFV2__CH_0005,46
a5126366563e4aea35868128__PDFV2__CH_0006,77
a5126366563e4aea35868128__PDFV2__CH_0007,107
a531f6a1fce8d067f4927028__PDFV2__CH_0001,104
a531f6a1fce8d067f4927028__PDFV2__CH_0002,95
a564da3aea87a71d920dfb9f__a564da3aea87a71d920dfb9f__SEG_0001__CH_001,77
a57dd5676f441ff3fdeb0a10__PDFV2__CH_0001,96
a57dd5676f441ff3fdeb0a10__PDFV2__CH_0002,91
a57dd5676f441ff3fdeb0a10__PDFV2__CH_0003,60
a57fe06256db3b3cca8b54b7__PDFV2__CH_0004,54
a57fe06256db3b3cca8b54b7__PDFV2__CH_0005,63
a57fe06256db3b3cca8b54b7__PDFV2__CH_0007,63
a57fe06256db3b3cca8b54b7__PDFV2__CH_0008,102
a57fe06256db3b3cca8b54b7__PDFV2__CH_0009,98
a57fe06256db3b3cca8b54b7__PDFV2__CH_0011,92
a57fe06256db3b3cca8b54b7__PDFV2__CH_0012,121
a57fe06256db3b3cca8b54b7__PDFV2__CH_0013__M,99
a57fe06256db3b3cca8b54b7__PDFV2__CH_0015,77
a57fe06256db3b3cca8b54b7__PDFV2__CH_0016,137
a57fe06256db3b3cca8b54b7__PDFV2__CH_0017,70
a57fe06256db3b3cca8b54b7__PDFV2__CH_0018,77
a57fe06256db3b3cca8b54b7__PDFV2__CH_0019,92
a57fe06256db3b3cca8b54b7__PDFV2__CH_0021,90
a57fe06256db3b3cca8b54b7__PDFV2__CH_0022,87
a57fe06256db3b3cca8b54b7__PDFV2__CH_0023__M,148
a57fe06256db3b3cca8b54b7__PDFV2__CH_0025,115
a57fe06256db3b3cca8b54b7__PDFV2__CH_0026,141
a57fe06256db3b3cca8b54b7__PDFV2__CH_0027,81
a57fe06256db3b3cca8b54b7__PDFV2__CH_0028,61
a57fe06256db3b3cca8b54b7__PDFV2__CH_0029,69
a57fe06256db3b3cca8b54b7__PDFV2__CH_0030,97
a57fe06256db3b3cca8b54b7__PDFV2__CH_0031,88
a57fe06256db3b3cca8b54b7__PDFV2__CH_0032,91
a57fe06256db3b3cca8b54b7__PDFV2__CH_0035,71
a57fe06256db3b3cca8b54b7__PDFV2__CH_0036,92
a57fe06256db3b3cca8b54b7__PDFV2__CH_0037,96
a57fe06256db3b3cca8b54b7__PDFV2__CH_0038__M,73
a57fe06256db3b3cca8b54b7__PDFV2__CH_0040__M,112
a57fe06256db3b3cca8b54b7__PDFV2__CH_0042,99
a57fe06256db3b3cca8b54b7__PDFV2__CH_0043,106
a57fe06256db3b3cca8b54b7__PDFV2__CH_0044,108
a57fe06256db3b3cca8b54b7__PDFV2__CH_0045,81
a57fe06256db3b3cca8b54b7__PDFV2__CH_0046,103
a57fe06256db3b3cca8b54b7__PDFV2__CH_0049,64
a57fe06256db3b3cca8b54b7__PDFV2__CH_0050,107
a589e8d848ac777e18d8de91__a589e8d848ac777e18d8de91__SEG_0001__CH_001,90
a5ebde1ff7f9615ff202b732__a5ebde1ff7f9615ff202b732__SEG_0001__CH_001,71
a5ebde1ff7f9615ff202b732__a5ebde1ff7f9615ff202b732__SEG_0001__CH_002,75
a5ebde1ff7f9615ff202b732__a5ebde1ff7f9615ff202b732__SEG_0001__CH_003,121
a5ebde1ff7f9615ff202b732__a5ebde1ff7f9615ff202b732__SEG_0001__CH_004,91
a5ebde1ff7f9615ff202b732__a5ebde1ff7f9615ff202b732__SEG_0001__CH_005,59
a5ebde1ff7f9615ff202b732__a5ebde1ff7f9615ff202b732__SEG_0002__CH_001,127
a5ebde1ff7f9615ff202b732__a5ebde1ff7f9615ff202b732__SEG_0002__CH_002,160
a5edeaf86fd2552e2d2ce39e__a5edeaf86fd2552e2d2ce39e__SEG_0001__CH_001,91
a5edeaf86fd2552e2d2ce39e__a5edeaf86fd2552e2d2ce39e__SEG_0001__CH_002,60
a5edeaf86fd2552e2d2ce39e__a5edeaf86fd2552e2d2ce39e__SEG_0001__CH_003,90
a5edeaf86fd2552e2d2ce39e__a5edeaf86fd2552e2d2ce39e__SEG_0001__CH_005,84
a5edeaf86fd2552e2d2ce39e__a5edeaf86fd2552e2d2ce39e__SEG_0001__CH_006,80
a632d65c48d6fbbaa71577c4__PDFV2__CH_0001,72
a632d65c48d6fbbaa71577c4__PDFV2__CH_0002,93
a632d65c48d6fbbaa71577c4__PDFV2__CH_0003,89
a632d65c48d6fbbaa71577c4__PDFV2__CH_0005,64
a632d65c48d6fbbaa71577c4__PDFV2__CH_0006,83
a6e7c9be6e4e1e2b63b54fdb__a6e7c9be6e4e1e2b63b54fdb__SEG_0001__CH_001,67
a6f76de409b594e578f2d11b__PDFV2__CH_0001,65
a6f76de409b594e578f2d11b__PDFV2__CH_0002,78
a6f76de409b594e578f2d11b__PDFV2__CH_0003,61
a6f76de409b594e578f2d11b__PDFV2__CH_0004,59
a6f76de409b594e578f2d11b__PDFV2__CH_0005,92
a6f76de409b594e578f2d11b__PDFV2__CH_0006,57
a6f76de409b594e578f2d11b__PDFV2__CH_0007,76
a6f76de409b594e578f2d11b__PDFV2__CH_0008,83
a6f76de409b594e578f2d11b__PDFV2__CH_0009,79
a6f76de409b594e578f2d11b__PDFV2__CH_0010,84
a6f76de409b594e578f2d11b__PDFV2__CH_0011,79
a6f76de409b594e578f2d11b__PDFV2__CH_0012,64
a6f76de409b594e578f2d11b__PDFV2__CH_0013,59
a6f76de409b594e578f2d11b__PDFV2__CH_0014,80
a6f76de409b594e578f2d11b__PDFV2__CH_0015,65
a6f76de409b594e578f2d11b__PDFV2__CH_0016,65
a6f76de409b594e578f2d11b__PDFV2__CH_0017,95
a6f76de409b594e578f2d11b__PDFV2__CH_0018,70
a6f76de409b594e578f2d11b__PDFV2__CH_0020,111
a6f76de409b594e578f2d11b__PDFV2__CH_0021,84
a6f76de409b594e578f2d11b__PDFV2__CH_0022,76
a6f76de409b594e578f2d11b__PDFV2__CH_0023,115
a6f76de409b594e578f2d11b__PDFV2__CH_0024,81
a6f76de409b594e578f2d11b__PDFV2__CH_0025,87
a6f76de409b594e578f2d11b__PDFV2__CH_0026__M,97
a6f76de409b594e578f2d11b__PDFV2__CH_0028,65
a6f76de409b594e578f2d11b__PDFV2__CH_0029,99
a6f76de409b594e578f2d11b__PDFV2__CH_0030,80
a728de4c7cf57df43a2a939a__a728de4c7cf57df43a2a939a__SEG_0001__CH_001,91
a728de4c7cf57df43a2a939a__a728de4c7cf57df43a2a939a__SEG_0001__CH_002,58
a7fc9a0229f90c8b0e1b5a54__a7fc9a0229f90c8b0e1b5a54__SEG_0001__CH_001,85
a7fc9a0229f90c8b0e1b5a54__a7fc9a0229f90c8b0e1b5a54__SEG_0001__CH_002,85
a880028eb0086d976f7cf4fe__a880028eb0086d976f7cf4fe__SEG_0001__CH_001,76
a880028eb0086d976f7cf4fe__a880028eb0086d976f7cf4fe__SEG_0001__CH_002,70
a8db9932e670732d81198212__PDFV2__CH_0001,73
a8db9932e670732d81198212__PDFV2__CH_0002,117
a8db9932e670732d81198212__PDFV2__CH_0003,93
a962bf26baea65fe7077cb16__a962bf26baea65fe7077cb16__SEG_0001__CH_001,69
a962bf26baea65fe7077cb16__a962bf26baea65fe7077cb16__SEG_0001__CH_002,58
a962bf26baea65fe7077cb16__a962bf26baea65fe7077cb16__SEG_0001__CH_003,107
a962bf26baea65fe7077cb16__a962bf26baea65fe7077cb16__SEG_0001__CH_004,56
a962bf26baea65fe7077cb16__a962bf26baea65fe7077cb16__SEG_0001__CH_005,65
a962bf26baea65fe7077cb16__a962bf26baea65fe7077cb16__SEG_0001__CH_006,128
a962bf26baea65fe7077cb16__a962bf26baea65fe7077cb16__SEG_0001__CH_007,65
a9675cef1e4b627701d92d2a__a9675cef1e4b627701d92d2a__SEG_0001__CH_002,76
a9675cef1e4b627701d92d2a__a9675cef1e4b627701d92d2a__SEG_0001__CH_003,45
a9bbcad6c7f6ff39b998a552__a9bbcad6c7f6ff39b998a552__SEG_0001__CH_001,77
a9bbcad6c7f6ff39b998a552__a9bbcad6c7f6ff39b998a552__SEG_0001__CH_002,127
a9bbcad6c7f6ff39b998a552__a9bbcad6c7f6ff39b998a552__SEG_0001__CH_003,90
a9bbcad6c7f6ff39b998a552__a9bbcad6c7f6ff39b998a552__SEG_0001__CH_004,127
a9bbcad6c7f6ff39b998a552__a9bbcad6c7f6ff39b998a552__SEG_0001__CH_005,64
a9e5a6b4dfeedffe2d66639d__a9e5a6b4dfeedffe2d66639d__SEG_0001__CH_001,100
a9eb86efd27a4f5965b03df8__PDFV2__CH_0001,77
a9eb86efd27a4f5965b03df8__PDFV2__CH_0002,101
aa0202f462088e0ec12b683d__aa0202f462088e0ec12b683d__SEG_0001__CH_001,93
aa0202f462088e0ec12b683d__aa0202f462088e0ec12b683d__SEG_0001__CH_002,65
aa0202f462088e0ec12b683d__aa0202f462088e0ec12b683d__SEG_0001__CH_003,80
aa4a3b56cb2e2d69e1543db0__PDFV2__CH_0001,76
aa4a3b56cb2e2d69e1543db0__PDFV2__CH_0002,121
aa4a3b56cb2e2d69e1543db0__PDFV2__CH_0003,83
aa4a3b56cb2e2d69e1543db0__PDFV2__CH_0004,123
aa4a3b56cb2e2d69e1543db0__PDFV2__CH_0005,125
aa4a3b56cb2e2d69e1543db0__PDFV2__CH_0006,109
aa4a3b56cb2e2d69e1543db0__PDFV2__CH_0007__M,95
aa4a3b56cb2e2d69e1543db0__PDFV2__CH_0009__M,81
aa4a3b56cb2e2d69e1543db0__PDFV2__CH_0012,81
aa4a3b56cb2e2d69e1543db0__PDFV2__CH_0013,111
aa4a3b56cb2e2d69e1543db0__PDFV2__CH_0014,104
aa4a3b56cb2e2d69e1543db0__PDFV2__CH_0015,61
aa4a3b56cb2e2d69e1543db0__PDFV2__CH_0016,66
aa4a3b56cb2e2d69e1543db0__PDFV2__CH_0017,112
aa4a3b56cb2e2d69e1543db0__PDFV2__CH_0018,72
aa4a3b56cb2e2d69e1543db0__PDFV2__CH_0019,60
aa4a3b56cb2e2d69e1543db0__PDFV2__CH_0020,52
aa4a3b56cb2e2d69e1543db0__PDFV2__CH_0021,51
aa4a3b56cb2e2d69e1543db0__PDFV2__CH_0022,47
aa4a3b56cb2e2d69e1543db0__PDFV2__CH_0023,35
aa4a3b56cb2e2d69e1543db0__PDFV2__CH_0025,61
aa4a3b56cb2e2d69e1543db0__PDFV2__CH_0028,47
aa4a3b56cb2e2d69e1543db0__PDFV2__CH_0029,100
aa4a3b56cb2e2d69e1543db0__PDFV2__CH_0030,117
aa4a3b56cb2e2d69e1543db0__PDFV2__CH_0031,89
aa4a3b56cb2e2d69e1543db0__PDFV2__CH_0032__M,123
aa4a3b56cb2e2d69e1543db0__PDFV2__CH_0034,85
aa4a3b56cb2e2d69e1543db0__PDFV2__CH_0035,67
aa4a3b56cb2e2d69e1543db0__PDFV2__CH_0036,31
aa66c03e6047da5798d30f6e__aa66c03e6047da5798d30f6e__SEG_0001__CH_001,88
aa66c03e6047da5798d30f6e__aa66c03e6047da5798d30f6e__SEG_0001__CH_002,130
aa66c03e6047da5798d30f6e__aa66c03e6047da5798d30f6e__SEG_0001__CH_003,95
aa66c03e6047da5798d30f6e__aa66c03e6047da5798d30f6e__SEG_0002__CH_001,75
aaab2888c0a61deaad14a69f__aaab2888c0a61deaad14a69f__SEG_0001__CH_001,94
ab1186a51120f2d128d12978__ab1186a51120f2d128d12978__SEG_0001__CH_001,65
ab2bb6ac97b27cb0884e2dde__ab2bb6ac97b27cb0884e2dde__SEG_0001__CH_001,90
ab2bb6ac97b27cb0884e2dde__ab2bb6ac97b27cb0884e2dde__SEG_0002__CH_001,28
ab3addb5dac061db1236ac72__ab3addb5dac061db1236ac72__SEG_0001__CH_002,135
ab3addb5dac061db1236ac72__ab3addb5dac061db1236ac72__SEG_0001__CH_003,153
ab3addb5dac061db1236ac72__ab3addb5dac061db1236ac72__SEG_0001__CH_004,83
ab3addb5dac061db1236ac72__ab3addb5dac061db1236ac72__SEG_0002__CH_002,137
ab3addb5dac061db1236ac72__ab3addb5dac061db1236ac72__SEG_0002__CH_003,85
ab98d574677b1b94984dfd44__PDFV2__CH_0002,119
ab98d574677b1b94984dfd44__PDFV2__CH_0003,63
ab98d574677b1b94984dfd44__PDFV2__CH_0004,92
ab98d574677b1b94984dfd44__PDFV2__CH_0005,75
ab98d574677b1b94984dfd44__PDFV2__CH_0007,86
ab98d574677b1b94984dfd44__PDFV2__CH_0008,84
ab98d574677b1b94984dfd44__PDFV2__CH_0009,99
ac689b0a01e55a46a88b2575__ac689b0a01e55a46a88b2575__SEG_0001__CH_001,60
ac689b0a01e55a46a88b2575__ac689b0a01e55a46a88b2575__SEG_0001__CH_002,92
ac75e138934a8eb9a66b2163__PDFV2__CH_0003,67
ac75e138934a8eb9a66b2163__PDFV2__CH_0004,83
ac75e138934a8eb9a66b2163__PDFV2__CH_0005,102
ac75e138934a8eb9a66b2163__PDFV2__CH_0006,103
ac75e138934a8eb9a66b2163__PDFV2__CH_0007,69
ac75e138934a8eb9a66b2163__PDFV2__CH_0008,97
ac75e138934a8eb9a66b2163__PDFV2__CH_0010,94
ac75e138934a8eb9a66b2163__PDFV2__CH_0011,112
ac75e138934a8eb9a66b2163__PDFV2__CH_0012,108
ac75e138934a8eb9a66b2163__PDFV2__CH_0013,94
ac75e138934a8eb9a66b2163__PDFV2__CH_0014,118
ac75e138934a8eb9a66b2163__PDFV2__CH_0015,82
ac75e138934a8eb9a66b2163__PDFV2__CH_0017,84
ac75e138934a8eb9a66b2163__PDFV2__CH_0020__M,115
ac75e138934a8eb9a66b2163__PDFV2__CH_0023,116
ac75e138934a8eb9a66b2163__PDFV2__CH_0024,106
ac75e138934a8eb9a66b2163__PDFV2__CH_0025,40
ac75e138934a8eb9a66b2163__PDFV2__CH_0026,110
ac75e138934a8eb9a66b2163__PDFV2__CH_0027,87
ac75e138934a8eb9a66b2163__PDFV2__CH_0029,103
acc00d81097836d20a9dd13e__acc00d81097836d20a9dd13e__SEG_0001__CH_003,35
ad2328c675e5cf814912ef72__ad2328c675e5cf814912ef72__SEG_0001__CH_001,83
ad2328c675e5cf814912ef72__ad2328c675e5cf814912ef72__SEG_0001__CH_002,58
ad2328c675e5cf814912ef72__ad2328c675e5cf814912ef72__SEG_0001__CH_003,97
ad238eec26ae739a6d589528__ad238eec26ae739a6d589528__SEG_0001__CH_002,71
ad3a39d43fd58b730564e9a8__ad3a39d43fd58b730564e9a8__SEG_0001__CH_001,70
ad3a39d43fd58b730564e9a8__ad3a39d43fd58b730564e9a8__SEG_0001__CH_002,77
ad3a39d43fd58b730564e9a8__ad3a39d43fd58b730564e9a8__SEG_0001__CH_003,108
ad3a39d43fd58b730564e9a8__ad3a39d43fd58b730564e9a8__SEG_0001__CH_004,108
ad3a39d43fd58b730564e9a8__ad3a39d43fd58b730564e9a8__SEG_0002__CH_001,88
ad3a39d43fd58b730564e9a8__ad3a39d43fd58b730564e9a8__SEG_0002__CH_002,73
ad3a39d43fd58b730564e9a8__ad3a39d43fd58b730564e9a8__SEG_0002__CH_003,133
ad3a39d43fd58b730564e9a8__ad3a39d43fd58b730564e9a8__SEG_0003__CH_001,97
ad3a39d43fd58b730564e9a8__ad3a39d43fd58b730564e9a8__SEG_0003__CH_002,83
ad56b7b384728742cc681456__PDFV2__CH_0001,77
ad56b7b384728742cc681456__PDFV2__CH_0002,92
ad56b7b384728742cc681456__PDFV2__CH_0003,99
ad891b6b683b7b8dcdaa7a81__ad891b6b683b7b8dcdaa7a81__SEG_0001__CH_001,83
ad891b6b683b7b8dcdaa7a81__ad891b6b683b7b8dcdaa7a81__SEG_0001__CH_002,103
ad891b6b683b7b8dcdaa7a81__ad891b6b683b7b8dcdaa7a81__SEG_0001__CH_003,57
adf16e9c8c90e6e47e7d4f25__adf16e9c8c90e6e47e7d4f25__SEG_0001__CH_001,91
adf16e9c8c90e6e47e7d4f25__adf16e9c8c90e6e47e7d4f25__SEG_0001__CH_002,82
ae069edf8524b6dbb3296f81__PDFV2__CH_0001,66
ae069edf8524b6dbb3296f81__PDFV2__CH_0003,49
ae069edf8524b6dbb3296f81__PDFV2__CH_0004,77
ae069edf8524b6dbb3296f81__PDFV2__CH_0005,67
ae20b2821a20ba6e4d3dd3f1__ae20b2821a20ba6e4d3dd3f1__SEG_0001__CH_002,108
ae285919cfb3171447ececa6__ae285919cfb3171447ececa6__SEG_0001__CH_001,67
ae285919cfb3171447ececa6__ae285919cfb3171447ececa6__SEG_0001__CH_002,36
ae58fec35b46c8396ef73c26__ae58fec35b46c8396ef73c26__SEG_0001__CH_001,54
ae58fec35b46c8396ef73c26__ae58fec35b46c8396ef73c26__SEG_0001__CH_002,66
ae5d048a95e60157dd53f18d__ae5d048a95e60157dd53f18d__SEG_0001__CH_001,63
ae5d048a95e60157dd53f18d__ae5d048a95e60157dd53f18d__SEG_0001__CH_002,57
ae6215d9e010dc98ffed399c__ae6215d9e010dc98ffed399c__SEG_0001__CH_001,88
ae6215d9e010dc98ffed399c__ae6215d9e010dc98ffed399c__SEG_0001__CH_002,86
ae706fcfd04578c1dafdd0b7__ae706fcfd04578c1dafdd0b7__SEG_0001__CH_002,183
ae706fcfd04578c1dafdd0b7__ae706fcfd04578c1dafdd0b7__SEG_0001__CH_003,160
aee2487b3cb6cd6c549f2b2e__aee2487b3cb6cd6c549f2b2e__SEG_0001__CH_001,77
aeff26a7e49bb8aaf375237c__PDFV2__CH_0001,80
aeff26a7e49bb8aaf375237c__PDFV2__CH_0002,153
aeff26a7e49bb8aaf375237c__PDFV2__CH_0003,97
aeff26a7e49bb8aaf375237c__PDFV2__CH_0004,91
aeff26a7e49bb8aaf375237c__PDFV2__CH_0005,107
aeff26a7e49bb8aaf375237c__PDFV2__CH_0006,101
aeff26a7e49bb8aaf375237c__PDFV2__CH_0007,91
aeff26a7e49bb8aaf375237c__PDFV2__CH_0008,70
aeff26a7e49bb8aaf375237c__PDFV2__CH_0009,109
aeff26a7e49bb8aaf375237c__PDFV2__CH_0010,109
aeff26a7e49bb8aaf375237c__PDFV2__CH_0011,69
aeff26a7e49bb8aaf375237c__PDFV2__CH_0012,62
af3cb9c7c48ca4cd989565ee__af3cb9c7c48ca4cd989565ee__SEG_0001__CH_001,59
af3cb9c7c48ca4cd989565ee__af3cb9c7c48ca4cd989565ee__SEG_0001__CH_002,61
af3cb9c7c48ca4cd989565ee__af3cb9c7c48ca4cd989565ee__SEG_0001__CH_003,42
af3cb9c7c48ca4cd989565ee__af3cb9c7c48ca4cd989565ee__SEG_0001__CH_005,95
af3cb9c7c48ca4cd989565ee__af3cb9c7c48ca4cd989565ee__SEG_0001__CH_006,116
af3cb9c7c48ca4cd989565ee__af3cb9c7c48ca4cd989565ee__SEG_0001__CH_007,77
af3cb9c7c48ca4cd989565ee__af3cb9c7c48ca4cd989565ee__SEG_0001__CH_008,93
af3cb9c7c48ca4cd989565ee__af3cb9c7c48ca4cd989565ee__SEG_0001__CH_009,100
af3cb9c7c48ca4cd989565ee__af3cb9c7c48ca4cd989565ee__SEG_0001__CH_010,77
af62b9795ee8200904125d47__af62b9795ee8200904125d47__SEG_0001__CH_002,52
af62b9795ee8200904125d47__af62b9795ee8200904125d47__SEG_0001__CH_003,65
af62b9795ee8200904125d47__af62b9795ee8200904125d47__SEG_0001__CH_004,67
af62b9795ee8200904125d47__af62b9795ee8200904125d47__SEG_0001__CH_005,100
af62b9795ee8200904125d47__af62b9795ee8200904125d47__SEG_0001__CH_006,157
af735943edc761eac5ed9aa8__af735943edc761eac5ed9aa8__SEG_0001__CH_001,96
af735943edc761eac5ed9aa8__af735943edc761eac5ed9aa8__SEG_0001__CH_002,96
af735943edc761eac5ed9aa8__af735943edc761eac5ed9aa8__SEG_0001__CH_003,127
af735943edc761eac5ed9aa8__af735943edc761eac5ed9aa8__SEG_0001__CH_004,104
af7d6672c159eaefa1fb9aaf__af7d6672c159eaefa1fb9aaf__SEG_0001__CH_001,69
afbcdb3cffd3814044a47565__afbcdb3cffd3814044a47565__SEG_0001__CH_002,111
afbcdb3cffd3814044a47565__afbcdb3cffd3814044a47565__SEG_0001__CH_003,95
afbcdb3cffd3814044a47565__afbcdb3cffd3814044a47565__SEG_0001__CH_004,103
afbcdb3cffd3814044a47565__afbcdb3cffd3814044a47565__SEG_0001__CH_005,63
afd14d3196d5ffdb01a8e5cf__afd14d3196d5ffdb01a8e5cf__SEG_0001__CH_001,52
afd14d3196d5ffdb01a8e5cf__afd14d3196d5ffdb01a8e5cf__SEG_0001__CH_002,48
b0312d3894d43358dc6c343b__b0312d3894d43358dc6c343b__SEG_0001__CH_001,57
b0312d3894d43358dc6c343b__b0312d3894d43358dc6c343b__SEG_0001__CH_002,78
b0312d3894d43358dc6c343b__b0312d3894d43358dc6c343b__SEG_0001__CH_003,65
b07a927b6fdaaf18bfdf18db__PDFV2__CH_0001__M,109
b07a927b6fdaaf18bfdf18db__PDFV2__CH_0003,77
b07a927b6fdaaf18bfdf18db__PDFV2__CH_0005,63
b07a927b6fdaaf18bfdf18db__PDFV2__CH_0009,87
b07a927b6fdaaf18bfdf18db__PDFV2__CH_0010,79
b0ab7c4e154777024db6ebcc__b0ab7c4e154777024db6ebcc__SEG_0001__CH_001,39
b0ae16bccb50fcb2cb1fceed__b0ae16bccb50fcb2cb1fceed__SEG_0001__CH_001,90
b0ae16bccb50fcb2cb1fceed__b0ae16bccb50fcb2cb1fceed__SEG_0001__CH_002,109
b1a7e99f680e68cb1d0184a9__b1a7e99f680e68cb1d0184a9__SEG_0001__CH_003,144
b1a7e99f680e68cb1d0184a9__b1a7e99f680e68cb1d0184a9__SEG_0001__CH_004,106
b1a7e99f680e68cb1d0184a9__b1a7e99f680e68cb1d0184a9__SEG_0001__CH_005,129
b1a7e99f680e68cb1d0184a9__b1a7e99f680e68cb1d0184a9__SEG_0001__CH_006,115
b1bd18762b768ffdf9bee130__PDFV2__CH_0001,84
b1bd18762b768ffdf9bee130__PDFV2__CH_0002,59
b1d261ada5892e2bcebb961d__PDFV2__CH_0001,74
b1d261ada5892e2bcebb961d__PDFV2__CH_0002,101
b1d261ada5892e2bcebb961d__PDFV2__CH_0003,80
b1d261ada5892e2bcebb961d__PDFV2__CH_0004,106
b1d261ada5892e2bcebb961d__PDFV2__CH_0005,110
b2987cf2a1329b84abcbe152__b2987cf2a1329b84abcbe152__SEG_0001__CH_002,72
b2987cf2a1329b84abcbe152__b2987cf2a1329b84abcbe152__SEG_0001__CH_003,114
b2987cf2a1329b84abcbe152__b2987cf2a1329b84abcbe152__SEG_0001__CH_004,162
b2987cf2a1329b84abcbe152__b2987cf2a1329b84abcbe152__SEG_0001__CH_005,77
b2aa2a6f8e21929688cdc377__PDFV2__CH_0001,48
b2aa2a6f8e21929688cdc377__PDFV2__CH_0002,77
b2aa2a6f8e21929688cdc377__PDFV2__CH_0003,71
b2aa2a6f8e21929688cdc377__PDFV2__CH_0004,49
b2aa2a6f8e21929688cdc377__PDFV2__CH_0005,59
b2aa2a6f8e21929688cdc377__PDFV2__CH_0006,55
b2aa2a6f8e21929688cdc377__PDFV2__CH_0007,52
b2aa2a6f8e21929688cdc377__PDFV2__CH_0008,65
b2aa2a6f8e21929688cdc377__PDFV2__CH_0009,68
b2aa2a6f8e21929688cdc377__PDFV2__CH_0010,46
b2aa2a6f8e21929688cdc377__PDFV2__CH_0013,114
b2aa2a6f8e21929688cdc377__PDFV2__CH_0014,89
b2aa2a6f8e21929688cdc377__PDFV2__CH_0015,91
b2aa2a6f8e21929688cdc377__PDFV2__CH_0016,69
b2aa2a6f8e21929688cdc377__PDFV2__CH_0017,82
b2ab9e21a228943ed87cd157__b2ab9e21a228943ed87cd157__SEG_0001__CH_001,90
b2ab9e21a228943ed87cd157__b2ab9e21a228943ed87cd157__SEG_0001__CH_002,121
b2ab9e21a228943ed87cd157__b2ab9e21a228943ed87cd157__SEG_0001__CH_003,105
b2b102686fa73683b00d8f93__b2b102686fa73683b00d8f93__SEG_0001__CH_001,68
b353150f1b71066b658f4ebd__b353150f1b71066b658f4ebd__SEG_0001__CH_001,76
b353150f1b71066b658f4ebd__b353150f1b71066b658f4ebd__SEG_0001__CH_002,106
b353150f1b71066b658f4ebd__b353150f1b71066b658f4ebd__SEG_0001__CH_003__S1,69
b353150f1b71066b658f4ebd__b353150f1b71066b658f4ebd__SEG_0001__CH_003__S2,101
b353150f1b71066b658f4ebd__b353150f1b71066b658f4ebd__SEG_0001__CH_003__S3,96
b353150f1b71066b658f4ebd__b353150f1b71066b658f4ebd__SEG_0001__CH_003__S4,90
b353150f1b71066b658f4ebd__b353150f1b71066b658f4ebd__SEG_0001__CH_004,148
b353150f1b71066b658f4ebd__b353150f1b71066b658f4ebd__SEG_0002__CH_001__S1,61
b353150f1b71066b658f4ebd__b353150f1b71066b658f4ebd__SEG_0002__CH_001__S2,139
b353150f1b71066b658f4ebd__b353150f1b71066b658f4ebd__SEG_0002__CH_001__S3,112
b353150f1b71066b658f4ebd__b353150f1b71066b658f4ebd__SEG_0003__CH_001,117
b353150f1b71066b658f4ebd__b353150f1b71066b658f4ebd__SEG_0003__CH_002,132
b36d00cf48bf8b124cee03e7__PDFV2__CH_0001,75
b36d00cf48bf8b124cee03e7__PDFV2__CH_0002,71
b36d00cf48bf8b124cee03e7__PDFV2__CH_0003,81
b36d00cf48bf8b124cee03e7__PDFV2__CH_0004,37
b39e63a7ef15036319461916__PDFV2__CH_0001,91
b39e63a7ef15036319461916__PDFV2__CH_0002,84
b39e63a7ef15036319461916__PDFV2__CH_0003,149
b39e63a7ef15036319461916__PDFV2__CH_0004,100
b39e63a7ef15036319461916__PDFV2__CH_0005,70
b39e63a7ef15036319461916__PDFV2__CH_0006,47
b39e63a7ef15036319461916__PDFV2__CH_0007,81
b39e63a7ef15036319461916__PDFV2__CH_0008,43
b39e63a7ef15036319461916__PDFV2__CH_0009,62
b39e63a7ef15036319461916__PDFV2__CH_0010,49
b39e63a7ef15036319461916__PDFV2__CH_0011,99
b39e63a7ef15036319461916__PDFV2__CH_0012,61
b3a0ee1b90f150de6e869fe3__PDFV2__CH_0004,51
b3aaf4f5b105fc11d5af7dde__b3aaf4f5b105fc11d5af7dde__SEG_0001__CH_002,68
b3aaf4f5b105fc11d5af7dde__b3aaf4f5b105fc11d5af7dde__SEG_0001__CH_003,42
b3aaf4f5b105fc11d5af7dde__b3aaf4f5b105fc11d5af7dde__SEG_0001__CH_005,118
b3af95ff75213a9a9e0eee9a__b3af95ff75213a9a9e0eee9a__SEG_0001__CH_001,75
b3af95ff75213a9a9e0eee9a__b3af95ff75213a9a9e0eee9a__SEG_0001__CH_002,52
b3b9571e9709926aa167a85a__b3b9571e9709926aa167a85a__SEG_0001__CH_001,68
b3b9571e9709926aa167a85a__b3b9571e9709926aa167a85a__SEG_0001__CH_002,75
b3cd842814413feedae1fc78__PDFV2__CH_0001,88
b3cd842814413feedae1fc78__PDFV2__CH_0002,109
b3cd842814413feedae1fc78__PDFV2__CH_0003,110
b3cd842814413feedae1fc78__PDFV2__CH_0004,64
b3cd842814413feedae1fc78__PDFV2__CH_0006,104
b3cd842814413feedae1fc78__PDFV2__CH_0007,67
b3cd842814413feedae1fc78__PDFV2__CH_0009,58
b43a28e5234c21006bb9f9f5__b43a28e5234c21006bb9f9f5__SEG_0001__CH_001,80
b45b7c470e3adf5d1d747d46__b45b7c470e3adf5d1d747d46__SEG_0001__CH_001,40
b48d9fa8ea76c3acad264568__b48d9fa8ea76c3acad264568__SEG_0001__CH_001,122
b4b710d8d5de48e2bfb4bd9d__b4b710d8d5de48e2bfb4bd9d__SEG_0001__CH_001,89
b4b710d8d5de48e2bfb4bd9d__b4b710d8d5de48e2bfb4bd9d__SEG_0001__CH_002,97
b4b710d8d5de48e2bfb4bd9d__b4b710d8d5de48e2bfb4bd9d__SEG_0001__CH_003,96
b50452ba58913c579030e490__b50452ba58913c579030e490__SEG_0001__CH_001,61
b50452ba58913c579030e490__b50452ba58913c579030e490__SEG_0001__CH_002,44
b507997c72874d40a532bfe7__b507997c72874d40a532bfe7__SEG_0001__CH_001,91
b507997c72874d40a532bfe7__b507997c72874d40a532bfe7__SEG_0001__CH_002,92
b554b8c25b2c23916eb0a84f__b554b8c25b2c23916eb0a84f__SEG_0001__CH_001,120
b554b8c25b2c23916eb0a84f__b554b8c25b2c23916eb0a84f__SEG_0001__CH_002,109
b554b8c25b2c23916eb0a84f__b554b8c25b2c23916eb0a84f__SEG_0001__CH_003,84
b554b8c25b2c23916eb0a84f__b554b8c25b2c23916eb0a84f__SEG_0001__CH_004,81
b554b8c25b2c23916eb0a84f__b554b8c25b2c23916eb0a84f__SEG_0002__CH_001,121
b554b8c25b2c23916eb0a84f__b554b8c25b2c23916eb0a84f__SEG_0002__CH_002,87
b574435c957f84a1232c7fd7__PDFV2__CH_0001,79
b574435c957f84a1232c7fd7__PDFV2__CH_0002,118
b66e34b5409ca721cd7e7cd9__b66e34b5409ca721cd7e7cd9__SEG_0001__CH_001,106
b66e34b5409ca721cd7e7cd9__b66e34b5409ca721cd7e7cd9__SEG_0001__CH_002,79
b66e34b5409ca721cd7e7cd9__b66e34b5409ca721cd7e7cd9__SEG_0001__CH_003,84
b68ea298e8741f802964589f__b68ea298e8741f802964589f__SEG_0001__CH_001,53
b68ea298e8741f802964589f__b68ea298e8741f802964589f__SEG_0001__CH_002,117
b68ea298e8741f802964589f__b68ea298e8741f802964589f__SEG_0002__CH_001,107
b68ea298e8741f802964589f__b68ea298e8741f802964589f__SEG_0002__CH_002,132
b68ea298e8741f802964589f__b68ea298e8741f802964589f__SEG_0002__CH_003,117
b68ea298e8741f802964589f__b68ea298e8741f802964589f__SEG_0003__CH_001,122
b68ea298e8741f802964589f__b68ea298e8741f802964589f__SEG_0003__CH_002,104
b68ea298e8741f802964589f__b68ea298e8741f802964589f__SEG_0004__CH_001,110
b68ea298e8741f802964589f__b68ea298e8741f802964589f__SEG_0004__CH_002,68
b68ea298e8741f802964589f__b68ea298e8741f802964589f__SEG_0004__CH_003,49
b6f73cbe540b795dbece0016__PDFV2__CH_0001,115
b6f73cbe540b795dbece0016__PDFV2__CH_0002,107
b6f73cbe540b795dbece0016__PDFV2__CH_0003,84
b6f73cbe540b795dbece0016__PDFV2__CH_0004,72
b6f73cbe540b795dbece0016__PDFV2__CH_0005,96
b6f73cbe540b795dbece0016__PDFV2__CH_0006,140
b71c45d0f86b80e17c671ca8__b71c45d0f86b80e17c671ca8__SEG_0001__CH_001,91
b7f6893a95b0550289119d34__PDFV2__CH_0001,66
b7f6893a95b0550289119d34__PDFV2__CH_0003,74
b7f6893a95b0550289119d34__PDFV2__CH_0004,99
b7f6893a95b0550289119d34__PDFV2__CH_0005,59
b7f6893a95b0550289119d34__PDFV2__CH_0006,90
b7f6893a95b0550289119d34__PDFV2__CH_0007,85
b7f6893a95b0550289119d34__PDFV2__CH_0008,85
b7f6893a95b0550289119d34__PDFV2__CH_0009,106
b7f6893a95b0550289119d34__PDFV2__CH_0010,89
b7f6893a95b0550289119d34__PDFV2__CH_0011,59
b7f6893a95b0550289119d34__PDFV2__CH_0012,64
b7f6893a95b0550289119d34__PDFV2__CH_0013,65
b7f6893a95b0550289119d34__PDFV2__CH_0014,50
b7f6893a95b0550289119d34__PDFV2__CH_0015,83
b7f6893a95b0550289119d34__PDFV2__CH_0016,57
b7f6893a95b0550289119d34__PDFV2__CH_0019,74
b7f6893a95b0550289119d34__PDFV2__CH_0020,78
b7f6893a95b0550289119d34__PDFV2__CH_0021,81
b7f6893a95b0550289119d34__PDFV2__CH_0022,69
b7f6893a95b0550289119d34__PDFV2__CH_0023,86
b7f6893a95b0550289119d34__PDFV2__CH_0024,83
b7f6893a95b0550289119d34__PDFV2__CH_0025,87
b7f6893a95b0550289119d34__PDFV2__CH_0026,35
b7f6893a95b0550289119d34__PDFV2__CH_0027,100
b7f6893a95b0550289119d34__PDFV2__CH_0028,76
b7f6893a95b0550289119d34__PDFV2__CH_0029,91
b7f6893a95b0550289119d34__PDFV2__CH_0030,87
b7f6893a95b0550289119d34__PDFV2__CH_0031,98
b7f6893a95b0550289119d34__PDFV2__CH_0032,85
b7f6893a95b0550289119d34__PDFV2__CH_0033,81
b7f6893a95b0550289119d34__PDFV2__CH_0034,80
b7f6893a95b0550289119d34__PDFV2__CH_0035,117
b7f6893a95b0550289119d34__PDFV2__CH_0036,73
b7f6893a95b0550289119d34__PDFV2__CH_0037,71
b7f6893a95b0550289119d34__PDFV2__CH_0038,96
b7f6893a95b0550289119d34__PDFV2__CH_0039,117
b7f6893a95b0550289119d34__PDFV2__CH_0040,67
b8011fe282130190f3d6adfe__b8011fe282130190f3d6adfe__SEG_0001__CH_001,55
b8011fe282130190f3d6adfe__b8011fe282130190f3d6adfe__SEG_0001__CH_002,54
b8011fe282130190f3d6adfe__b8011fe282130190f3d6adfe__SEG_0001__CH_003,46
b8011fe282130190f3d6adfe__b8011fe282130190f3d6adfe__SEG_0001__CH_004,111
b8011fe282130190f3d6adfe__b8011fe282130190f3d6adfe__SEG_0001__CH_005,88
b85321d333e3f9b85ffe3ca8__PDFV2__CH_0001,75
b85321d333e3f9b85ffe3ca8__PDFV2__CH_0002,67
b85321d333e3f9b85ffe3ca8__PDFV2__CH_0003,68
b85321d333e3f9b85ffe3ca8__PDFV2__CH_0004,60
b85321d333e3f9b85ffe3ca8__PDFV2__CH_0005,87
b85321d333e3f9b85ffe3ca8__PDFV2__CH_0006,76
b85321d333e3f9b85ffe3ca8__PDFV2__CH_0007,112
b85321d333e3f9b85ffe3ca8__PDFV2__CH_0008,85
b85321d333e3f9b85ffe3ca8__PDFV2__CH_0009,99
b85321d333e3f9b85ffe3ca8__PDFV2__CH_0010,70
b85321d333e3f9b85ffe3ca8__PDFV2__CH_0011,127
b85321d333e3f9b85ffe3ca8__PDFV2__CH_0012,94
b85321d333e3f9b85ffe3ca8__PDFV2__CH_0013,110
b85321d333e3f9b85ffe3ca8__PDFV2__CH_0014,102
b87ba2bec54f905f49e4f171__PDFV2__CH_0001,82
b87ba2bec54f905f49e4f171__PDFV2__CH_0002,101
b87ba2bec54f905f49e4f171__PDFV2__CH_0003,112
b87ba2bec54f905f49e4f171__PDFV2__CH_0004,83
b87ba2bec54f905f49e4f171__PDFV2__CH_0005__M,99
b87ba2bec54f905f49e4f171__PDFV2__CH_0007,90
b912da6cbd604a2d66c9ad05__b912da6cbd604a2d66c9ad05__SEG_0001__CH_001,131
b912da6cbd604a2d66c9ad05__b912da6cbd604a2d66c9ad05__SEG_0001__CH_002,102
b91988106820a9af4ce84bde__b91988106820a9af4ce84bde__SEG_0001__CH_001,65
b91988106820a9af4ce84bde__b91988106820a9af4ce84bde__SEG_0001__CH_002,46
b93467f2c174ae24d6bf8361__b93467f2c174ae24d6bf8361__SEG_0001__CH_001,53
b9d63602421706172c5d851e__b9d63602421706172c5d851e__SEG_0001__CH_001,58
b9d63602421706172c5d851e__b9d63602421706172c5d851e__SEG_0001__CH_002,75
b9e80db9bdaa8c902af69d91__PDFV2__CH_0005,97
b9e80db9bdaa8c902af69d91__PDFV2__CH_0008,55
b9e80db9bdaa8c902af69d91__PDFV2__CH_0010,124
b9e80db9bdaa8c902af69d91__PDFV2__CH_0011,60
b9e80db9bdaa8c902af69d91__PDFV2__CH_0012,64
b9e80db9bdaa8c902af69d91__PDFV2__CH_0014,60
b9e80db9bdaa8c902af69d91__PDFV2__CH_0017,67
b9e80db9bdaa8c902af69d91__PDFV2__CH_0020,77
b9e80db9bdaa8c902af69d91__PDFV2__CH_0021,95
b9e80db9bdaa8c902af69d91__PDFV2__CH_0022,79
ba3514eef69ea1d70799d9a9__ba3514eef69ea1d70799d9a9__SEG_0001__CH_002,70
ba3514eef69ea1d70799d9a9__ba3514eef69ea1d70799d9a9__SEG_0001__CH_005,114
ba3514eef69ea1d70799d9a9__ba3514eef69ea1d70799d9a9__SEG_0001__CH_006,104
ba3514eef69ea1d70799d9a9__ba3514eef69ea1d70799d9a9__SEG_0001__CH_007,87
ba3514eef69ea1d70799d9a9__ba3514eef69ea1d70799d9a9__SEG_0001__CH_008,104
ba3514eef69ea1d70799d9a9__ba3514eef69ea1d70799d9a9__SEG_0001__CH_009,66
ba5eb7a51404651e34e1ec75__ba5eb7a51404651e34e1ec75__SEG_0001__CH_001,62
ba5eb7a51404651e34e1ec75__ba5eb7a51404651e34e1ec75__SEG_0001__CH_002,53
ba5eb7a51404651e34e1ec75__ba5eb7a51404651e34e1ec75__SEG_0001__CH_003,63
ba8e99908cba2166759ae6a4__ba8e99908cba2166759ae6a4__SEG_0001__CH_001,94
ba8e99908cba2166759ae6a4__ba8e99908cba2166759ae6a4__SEG_0001__CH_002,72
ba8e99908cba2166759ae6a4__ba8e99908cba2166759ae6a4__SEG_0001__CH_003,71
badb46ca816c39bdfbb47df7__badb46ca816c39bdfbb47df7__SEG_0001__CH_002,51
badb46ca816c39bdfbb47df7__badb46ca816c39bdfbb47df7__SEG_0001__CH_003,102
bb36a57708e3a4d7dde64a65__bb36a57708e3a4d7dde64a65__SEG_0001__CH_001,68
bb477439c82f1e0bdb859ab5__bb477439c82f1e0bdb859ab5__SEG_0001__CH_001,42
bb9c829e1d1513a12ac678f1__bb9c829e1d1513a12ac678f1__SEG_0001__CH_002,64
bb9e3cbbe19ceea2f02686e7__bb9e3cbbe19ceea2f02686e7__SEG_0001__CH_002,59
bb9e3cbbe19ceea2f02686e7__bb9e3cbbe19ceea2f02686e7__SEG_0001__CH_004,78
bb9e3cbbe19ceea2f02686e7__bb9e3cbbe19ceea2f02686e7__SEG_0001__CH_005,90
bbc77a7388fa5636ae1083bc__bbc77a7388fa5636ae1083bc__SEG_0001__CH_001,95
bbc77a7388fa5636ae1083bc__bbc77a7388fa5636ae1083bc__SEG_0001__CH_002,107
bbc77a7388fa5636ae1083bc__bbc77a7388fa5636ae1083bc__SEG_0001__CH_003,93
bbd7de8435c3dcd13e47b50a__bbd7de8435c3dcd13e47b50a__SEG_0001__CH_001,69
bbd7de8435c3dcd13e47b50a__bbd7de8435c3dcd13e47b50a__SEG_0001__CH_002,62
bbeea340f811ed38e36d779d__bbeea340f811ed38e36d779d__SEG_0001__CH_001,90
bbf19afae917bf51b1ce0617__bbf19afae917bf51b1ce0617__SEG_0001__CH_001,90
bbfd96135237aed2c6d51c45__bbfd96135237aed2c6d51c45__SEG_0001__CH_001,68
bbfd96135237aed2c6d51c45__bbfd96135237aed2c6d51c45__SEG_0001__CH_002,70
bbfd96135237aed2c6d51c45__bbfd96135237aed2c6d51c45__SEG_0001__CH_003,83
bbfd96135237aed2c6d51c45__bbfd96135237aed2c6d51c45__SEG_0001__CH_004,94
bc1b60b0e18e48503bd4b024__bc1b60b0e18e48503bd4b024__SEG_0001__CH_001,44
bc44d6456a37bf37dbff0b38__bc44d6456a37bf37dbff0b38__SEG_0001__CH_001,80
bc44d6456a37bf37dbff0b38__bc44d6456a37bf37dbff0b38__SEG_0002__CH_001,67
bc44d6456a37bf37dbff0b38__bc44d6456a37bf37dbff0b38__SEG_0002__CH_002,83
bc44d6456a37bf37dbff0b38__bc44d6456a37bf37dbff0b38__SEG_0002__CH_003,136
bc44d6456a37bf37dbff0b38__bc44d6456a37bf37dbff0b38__SEG_0002__CH_004,119
bc44d6456a37bf37dbff0b38__bc44d6456a37bf37dbff0b38__SEG_0002__CH_005,109
bc44d6456a37bf37dbff0b38__bc44d6456a37bf37dbff0b38__SEG_0002__CH_006,92
bc4c5dbd9dfdd2a0465693a6__bc4c5dbd9dfdd2a0465693a6__SEG_0001__CH_001,64
bc58bf990ef00398a2b6617b__bc58bf990ef00398a2b6617b__SEG_0001__CH_001,61
bc58bf990ef00398a2b6617b__bc58bf990ef00398a2b6617b__SEG_0001__CH_002,64
bc58bf990ef00398a2b6617b__bc58bf990ef00398a2b6617b__SEG_0001__CH_003,129
bc58bf990ef00398a2b6617b__bc58bf990ef00398a2b6617b__SEG_0001__CH_004,89
bc58bf990ef00398a2b6617b__bc58bf990ef00398a2b6617b__SEG_0001__CH_005,99
bc58bf990ef00398a2b6617b__bc58bf990ef00398a2b6617b__SEG_0001__CH_006,79
bc76fce34cd80a45c53468e4__PDFV2__CH_0006,110
bc76fce34cd80a45c53468e4__PDFV2__CH_0018,57
bc76fce34cd80a45c53468e4__PDFV2__CH_0019,109
bc76fce34cd80a45c53468e4__PDFV2__CH_0020,78
bc76fce34cd80a45c53468e4__PDFV2__CH_0021,82
bcbe16d1aa9f82de76318de3__bcbe16d1aa9f82de76318de3__SEG_0001__CH_001,56
bcfdda302b248dea10fae453__bcfdda302b248dea10fae453__SEG_0001__CH_005,180
bcfdda302b248dea10fae453__bcfdda302b248dea10fae453__SEG_0001__CH_006,101
bd02eb12dcaccff04b226fa3__bd02eb12dcaccff04b226fa3__SEG_0001__CH_001,86
bd0683f42ac2f601cae63f5f__bd0683f42ac2f601cae63f5f__SEG_0001__CH_001,85
bd0f790f789ef691baf61727__bd0f790f789ef691baf61727__SEG_0001__CH_001,49
bd0f790f789ef691baf61727__bd0f790f789ef691baf61727__SEG_0001__CH_002,55
bd98a130648245e72418eafa__bd98a130648245e72418eafa__SEG_0001__CH_001,91
bd98a130648245e72418eafa__bd98a130648245e72418eafa__SEG_0001__CH_002,93
bd98a130648245e72418eafa__bd98a130648245e72418eafa__SEG_0001__CH_003,149
bd98a130648245e72418eafa__bd98a130648245e72418eafa__SEG_0001__CH_004,108
bd9db6fd672959efafe0c81c__bd9db6fd672959efafe0c81c__SEG_0001__CH_001,66
bd9db6fd672959efafe0c81c__bd9db6fd672959efafe0c81c__SEG_0001__CH_002,72
bd9db6fd672959efafe0c81c__bd9db6fd672959efafe0c81c__SEG_0001__CH_003,104
bda311dddf13d236d4a5ed6b__bda311dddf13d236d4a5ed6b__SEG_0001__CH_001,49
bdbb0e36cf30c73b52275da5__PDFV2__CH_0001,71
bdbb0e36cf30c73b52275da5__PDFV2__CH_0002,122
bdbb0e36cf30c73b52275da5__PDFV2__CH_0003,112
bdbb0e36cf30c73b52275da5__PDFV2__CH_0004,103
bdbb0e36cf30c73b52275da5__PDFV2__CH_0005,105
bdbb0e36cf30c73b52275da5__PDFV2__CH_0006,95
bdbb0e36cf30c73b52275da5__PDFV2__CH_0007__M,131
bdbb0e36cf30c73b52275da5__PDFV2__CH_0009,102
bdbb0e36cf30c73b52275da5__PDFV2__CH_0010,105
bdbb0e36cf30c73b52275da5__PDFV2__CH_0012,105
bdbb0e36cf30c73b52275da5__PDFV2__CH_0013,76
bdbb0e36cf30c73b52275da5__PDFV2__CH_0014,104
bdbb0e36cf30c73b52275da5__PDFV2__CH_0015,98
bdbb0e36cf30c73b52275da5__PDFV2__CH_0016,90
bdbb0e36cf30c73b52275da5__PDFV2__CH_0017,119
bdbb0e36cf30c73b52275da5__PDFV2__CH_0018,83
bdbb0e36cf30c73b52275da5__PDFV2__CH_0019,90
bdbb0e36cf30c73b52275da5__PDFV2__CH_0020,104
bdbb0e36cf30c73b52275da5__PDFV2__CH_0021,73
bdbb0e36cf30c73b52275da5__PDFV2__CH_0022,80
bdbb0e36cf30c73b52275da5__PDFV2__CH_0023,101
bdbb0e36cf30c73b52275da5__PDFV2__CH_0024,49
be0de55bfa3e8042a42a3f3f__be0de55bfa3e8042a42a3f3f__SEG_0001__CH_003,143
be0de55bfa3e8042a42a3f3f__be0de55bfa3e8042a42a3f3f__SEG_0001__CH_004,156
be0de55bfa3e8042a42a3f3f__be0de55bfa3e8042a42a3f3f__SEG_0001__CH_005,131
be0de55bfa3e8042a42a3f3f__be0de55bfa3e8042a42a3f3f__SEG_0001__CH_006,54
be1e556eda431bf7320bd312__PDFV2__CH_0001,65
be1e556eda431bf7320bd312__PDFV2__CH_0002,103
be1e556eda431bf7320bd312__PDFV2__CH_0003,117
be1e556eda431bf7320bd312__PDFV2__CH_0004,88
be1e556eda431bf7320bd312__PDFV2__CH_0005,95
be1e556eda431bf7320bd312__PDFV2__CH_0006,132
be1e556eda431bf7320bd312__PDFV2__CH_0007,55
be1e556eda431bf7320bd312__PDFV2__CH_0008,84
be1e556eda431bf7320bd312__PDFV2__CH_0009,83
be1e556eda431bf7320bd312__PDFV2__CH_0010,69
be1e556eda431bf7320bd312__PDFV2__CH_0011,97
be1e556eda431bf7320bd312__PDFV2__CH_0012,92
be1e556eda431bf7320bd312__PDFV2__CH_0013,38
be1e556eda431bf7320bd312__PDFV2__CH_0014,104
be1e556eda431bf7320bd312__PDFV2__CH_0015,90
be1e556eda431bf7320bd312__PDFV2__CH_0016,88
be1e556eda431bf7320bd312__PDFV2__CH_0017,99
be1e556eda431bf7320bd312__PDFV2__CH_0018,71
be1e556eda431bf7320bd312__PDFV2__CH_0019,74
be1e556eda431bf7320bd312__PDFV2__CH_0020,84
be1e556eda431bf7320bd312__PDFV2__CH_0021,75
be1e556eda431bf7320bd312__PDFV2__CH_0022,95
be1e556eda431bf7320bd312__PDFV2__CH_0023,102
be1e556eda431bf7320bd312__PDFV2__CH_0024,124
be1e556eda431bf7320bd312__PDFV2__CH_0025,113
be1e556eda431bf7320bd312__PDFV2__CH_0026,78
be1e556eda431bf7320bd312__PDFV2__CH_0027,104
be1e556eda431bf7320bd312__PDFV2__CH_0028__M,102
be1e556eda431bf7320bd312__PDFV2__CH_0030,71
be1e556eda431bf7320bd312__PDFV2__CH_0031,77
be1e556eda431bf7320bd312__PDFV2__CH_0033,69
be1e556eda431bf7320bd312__PDFV2__CH_0034,86
be1e556eda431bf7320bd312__PDFV2__CH_0035,76
be1e556eda431bf7320bd312__PDFV2__CH_0036,111
be1e556eda431bf7320bd312__PDFV2__CH_0037,117
be1e556eda431bf7320bd312__PDFV2__CH_0038,74
be1e556eda431bf7320bd312__PDFV2__CH_0039,99
be1e556eda431bf7320bd312__PDFV2__CH_0040,106
be29cabf9909da1e14f8e47d__be29cabf9909da1e14f8e47d__SEG_0001__CH_002,121
be29cabf9909da1e14f8e47d__be29cabf9909da1e14f8e47d__SEG_0001__CH_003,104
be29cabf9909da1e14f8e47d__be29cabf9909da1e14f8e47d__SEG_0002__CH_001,85
be29cabf9909da1e14f8e47d__be29cabf9909da1e14f8e47d__SEG_0002__CH_002,96
be3abaf48bfed2948353047a__be3abaf48bfed2948353047a__SEG_0001__CH_001,62
be8fa49624cc37f0853029b6__be8fa49624cc37f0853029b6__SEG_0001__CH_001,43
bec0a5f0ef0b300f05991758__bec0a5f0ef0b300f05991758__SEG_0001__CH_001,119
bec0a5f0ef0b300f05991758__bec0a5f0ef0b300f05991758__SEG_0001__CH_002,127
bf11a9e49976a60792adccfb__PDFV2__CH_0001,91
bf11a9e49976a60792adccfb__PDFV2__CH_0002,81
bf11a9e49976a60792adccfb__PDFV2__CH_0003,57
bf11a9e49976a60792adccfb__PDFV2__CH_0004,108
bf11a9e49976a60792adccfb__PDFV2__CH_0005,39
bf11a9e49976a60792adccfb__PDFV2__CH_0007,63
bf11a9e49976a60792adccfb__PDFV2__CH_0008,40
bf11a9e49976a60792adccfb__PDFV2__CH_0009,42
bf9de3dfe887d46de90c060a__bf9de3dfe887d46de90c060a__SEG_0001__CH_001,76
bfab6abebcd1c6324162ec0d__PDFV2__CH_0001,51
bfab6abebcd1c6324162ec0d__PDFV2__CH_0002,78
bfab6abebcd1c6324162ec0d__PDFV2__CH_0003,107
bfab6abebcd1c6324162ec0d__PDFV2__CH_0004,100
bfaeed58134d26bdbe3e4f3d__PDFV2__CH_0001__M,88
bfaeed58134d26bdbe3e4f3d__PDFV2__CH_0003,96
bfaeed58134d26bdbe3e4f3d__PDFV2__CH_0004,125
bfaeed58134d26bdbe3e4f3d__PDFV2__CH_0005,219
bfaeed58134d26bdbe3e4f3d__PDFV2__CH_0006,100
bfaeed58134d26bdbe3e4f3d__PDFV2__CH_0007,96
bfaeed58134d26bdbe3e4f3d__PDFV2__CH_0008,122
bfaeed58134d26bdbe3e4f3d__PDFV2__CH_0009,118
bfaeed58134d26bdbe3e4f3d__PDFV2__CH_0010,116
bfaeed58134d26bdbe3e4f3d__PDFV2__CH_0011,116
bfaeed58134d26bdbe3e4f3d__PDFV2__CH_0012,37
bfaeed58134d26bdbe3e4f3d__PDFV2__CH_0013,72
bfaeed58134d26bdbe3e4f3d__PDFV2__CH_0014,96
bfaeed58134d26bdbe3e4f3d__PDFV2__CH_0015,98
bfaeed58134d26bdbe3e4f3d__PDFV2__CH_0016,74
bfaeed58134d26bdbe3e4f3d__PDFV2__CH_0017,63
bfaeed58134d26bdbe3e4f3d__PDFV2__CH_0018,81
bfaeed58134d26bdbe3e4f3d__PDFV2__CH_0019,97
bfaeed58134d26bdbe3e4f3d__PDFV2__CH_0020,96
bfaeed58134d26bdbe3e4f3d__PDFV2__CH_0022__M,94
bfaeed58134d26bdbe3e4f3d__PDFV2__CH_0024,83
bfaeed58134d26bdbe3e4f3d__PDFV2__CH_0026,122
bfaeed58134d26bdbe3e4f3d__PDFV2__CH_0027,58
bfaeed58134d26bdbe3e4f3d__PDFV2__CH_0029,89
bfaeed58134d26bdbe3e4f3d__PDFV2__CH_0030,76
bfaeed58134d26bdbe3e4f3d__PDFV2__CH_0031,71
bfaeed58134d26bdbe3e4f3d__PDFV2__CH_0032,125
bfaeed58134d26bdbe3e4f3d__PDFV2__CH_0033,104
bfaeed58134d26bdbe3e4f3d__PDFV2__CH_0034,106
bfaeed58134d26bdbe3e4f3d__PDFV2__CH_0035,68
bfaeed58134d26bdbe3e4f3d__PDFV2__CH_0036,64
bfaeed58134d26bdbe3e4f3d__PDFV2__CH_0037,113
bfaeed58134d26bdbe3e4f3d__PDFV2__CH_0038,108
bfaeed58134d26bdbe3e4f3d__PDFV2__CH_0039,104
bfaeed58134d26bdbe3e4f3d__PDFV2__CH_0041,109
bfaeed58134d26bdbe3e4f3d__PDFV2__CH_0042,130
bfaeed58134d26bdbe3e4f3d__PDFV2__CH_0043,182
c013e17be4c9e69e4c33b9d5__c013e17be4c9e69e4c33b9d5__SEG_0001__CH_002,48
c0395066e3e6297abf6c9a9e__PDFV2__CH_0001,56
c0395066e3e6297abf6c9a9e__PDFV2__CH_0002,75
c0395066e3e6297abf6c9a9e__PDFV2__CH_0003,75
c0395066e3e6297abf6c9a9e__PDFV2__CH_0004,69
c0395066e3e6297abf6c9a9e__PDFV2__CH_0005,140
c0395066e3e6297abf6c9a9e__PDFV2__CH_0006,84
c0395066e3e6297abf6c9a9e__PDFV2__CH_0007,63
c0395066e3e6297abf6c9a9e__PDFV2__CH_0008,91
c0395066e3e6297abf6c9a9e__PDFV2__CH_0009,118
c0395066e3e6297abf6c9a9e__PDFV2__CH_0011,104
c0395066e3e6297abf6c9a9e__PDFV2__CH_0012,76
c0395066e3e6297abf6c9a9e__PDFV2__CH_0013,86
c0395066e3e6297abf6c9a9e__PDFV2__CH_0014,59
c0395066e3e6297abf6c9a9e__PDFV2__CH_0015,75
c0395066e3e6297abf6c9a9e__PDFV2__CH_0016,80
c0395066e3e6297abf6c9a9e__PDFV2__CH_0017,103
c0395066e3e6297abf6c9a9e__PDFV2__CH_0018,69
c0395066e3e6297abf6c9a9e__PDFV2__CH_0019,94
c0395066e3e6297abf6c9a9e__PDFV2__CH_0020,112
c0395066e3e6297abf6c9a9e__PDFV2__CH_0021,85
c0395066e3e6297abf6c9a9e__PDFV2__CH_0022,81
c0395066e3e6297abf6c9a9e__PDFV2__CH_0023,93
c0395066e3e6297abf6c9a9e__PDFV2__CH_0024,61
c0395066e3e6297abf6c9a9e__PDFV2__CH_0026,35
c0c26f82b891b0197f6a86c9__c0c26f82b891b0197f6a86c9__SEG_0001__CH_001,123
c0c26f82b891b0197f6a86c9__c0c26f82b891b0197f6a86c9__SEG_0001__CH_002,104
c0c26f82b891b0197f6a86c9__c0c26f82b891b0197f6a86c9__SEG_0001__CH_003,154
c0c26f82b891b0197f6a86c9__c0c26f82b891b0197f6a86c9__SEG_0001__CH_004,102
c0c26f82b891b0197f6a86c9__c0c26f82b891b0197f6a86c9__SEG_0001__CH_005,59
c0fd351ff68cbb4ea2d3ebcd__c0fd351ff68cbb4ea2d3ebcd__SEG_0001__CH_002,91
c15bb03dc82f0e4f8a23c807__c15bb03dc82f0e4f8a23c807__SEG_0001__CH_001,75
c15bb03dc82f0e4f8a23c807__c15bb03dc82f0e4f8a23c807__SEG_0001__CH_002,70
c15bb03dc82f0e4f8a23c807__c15bb03dc82f0e4f8a23c807__SEG_0001__CH_003,74
c15bb03dc82f0e4f8a23c807__c15bb03dc82f0e4f8a23c807__SEG_0001__CH_004__M,103
c15bb03dc82f0e4f8a23c807__c15bb03dc82f0e4f8a23c807__SEG_0001__CH_006,98
c15bb03dc82f0e4f8a23c807__c15bb03dc82f0e4f8a23c807__SEG_0001__CH_007,90
c15bb03dc82f0e4f8a23c807__c15bb03dc82f0e4f8a23c807__SEG_0001__CH_008,77
c15bb03dc82f0e4f8a23c807__c15bb03dc82f0e4f8a23c807__SEG_0001__CH_009,66
c15bb03dc82f0e4f8a23c807__c15bb03dc82f0e4f8a23c807__SEG_0001__CH_010,93
c15bb03dc82f0e4f8a23c807__c15bb03dc82f0e4f8a23c807__SEG_0001__CH_011,68
c15bb03dc82f0e4f8a23c807__c15bb03dc82f0e4f8a23c807__SEG_0002__CH_001,60
c15bb03dc82f0e4f8a23c807__c15bb03dc82f0e4f8a23c807__SEG_0002__CH_002,63
c15bb03dc82f0e4f8a23c807__c15bb03dc82f0e4f8a23c807__SEG_0002__CH_003,49
c2167298e3d6ae4025d08b8e__c2167298e3d6ae4025d08b8e__SEG_0001__CH_001,98
c236a700d17300e2eb017b8f__c236a700d17300e2eb017b8f__SEG_0001__CH_001,134
c236a700d17300e2eb017b8f__c236a700d17300e2eb017b8f__SEG_0001__CH_002,165
c2a80d517e617edbf0128961__c2a80d517e617edbf0128961__SEG_0001__CH_001,113
c2c022d9f4b021b9a85c378a__c2c022d9f4b021b9a85c378a__SEG_0001__CH_002,87
c2c022d9f4b021b9a85c378a__c2c022d9f4b021b9a85c378a__SEG_0001__CH_003,79
c2c022d9f4b021b9a85c378a__c2c022d9f4b021b9a85c378a__SEG_0001__CH_004,101
c2d53ee70dfbe06bab367c1a__c2d53ee70dfbe06bab367c1a__SEG_0001__CH_001,70
c2d53ee70dfbe06bab367c1a__c2d53ee70dfbe06bab367c1a__SEG_0001__CH_002,58
c317fa690016caa011d22903__c317fa690016caa011d22903__SEG_0001__CH_001,84
c33570a3ff034817e7b1ee73__c33570a3ff034817e7b1ee73__SEG_0001__CH_001,120
c33e3c3ea2abe3f17873252b__c33e3c3ea2abe3f17873252b__SEG_0001__CH_001,64
c35498efe38e6c659e035252__c35498efe38e6c659e035252__SEG_0001__CH_001,68
c35498efe38e6c659e035252__c35498efe38e6c659e035252__SEG_0001__CH_002,82
c35498efe38e6c659e035252__c35498efe38e6c659e035252__SEG_0001__CH_003,108
c35498efe38e6c659e035252__c35498efe38e6c659e035252__SEG_0001__CH_004,80
c35498efe38e6c659e035252__c35498efe38e6c659e035252__SEG_0002__CH_001,79
c41b1f274887f1e37fe00580__c41b1f274887f1e37fe00580__SEG_0001__CH_001,64
c41b1f274887f1e37fe00580__c41b1f274887f1e37fe00580__SEG_0001__CH_002,101
c41b1f274887f1e37fe00580__c41b1f274887f1e37fe00580__SEG_0001__CH_003,130
c41b1f274887f1e37fe00580__c41b1f274887f1e37fe00580__SEG_0001__CH_004,66
c41b1f274887f1e37fe00580__c41b1f274887f1e37fe00580__SEG_0001__CH_005,104
c41b1f274887f1e37fe00580__c41b1f274887f1e37fe00580__SEG_0001__CH_006,85
c41b1f274887f1e37fe00580__c41b1f274887f1e37fe00580__SEG_0001__CH_007,122
c4212b817d32b073ffc4a09d__c4212b817d32b073ffc4a09d__SEG_0001__CH_001,54
c4212b817d32b073ffc4a09d__c4212b817d32b073ffc4a09d__SEG_0001__CH_003,84
c4212b817d32b073ffc4a09d__c4212b817d32b073ffc4a09d__SEG_0001__CH_004,127
c4212b817d32b073ffc4a09d__c4212b817d32b073ffc4a09d__SEG_0001__CH_005,71
c4212b817d32b073ffc4a09d__c4212b817d32b073ffc4a09d__SEG_0001__CH_006,126
c43a8766ec240b30330a8bf5__c43a8766ec240b30330a8bf5__SEG_0001__CH_002,88
c43a8766ec240b30330a8bf5__c43a8766ec240b30330a8bf5__SEG_0001__CH_003,44
c4722ff315542688ba9d6620__c4722ff315542688ba9d6620__SEG_0001__CH_001,72
c4ab571924e66f9724da23ff__c4ab571924e66f9724da23ff__SEG_0001__CH_001,93
c4ae70dd87fec985c4f7a836__c4ae70dd87fec985c4f7a836__SEG_0001__CH_001,88
c4e5ca64fde5ef6499664a1c__c4e5ca64fde5ef6499664a1c__SEG_0001__CH_001,90
c4e5ca64fde5ef6499664a1c__c4e5ca64fde5ef6499664a1c__SEG_0001__CH_002,115
c4e5ca64fde5ef6499664a1c__c4e5ca64fde5ef6499664a1c__SEG_0001__CH_003,104
c4e5ca64fde5ef6499664a1c__c4e5ca64fde5ef6499664a1c__SEG_0002__CH_001,98
c4f10b54c52c4973207a3dba__c4f10b54c52c4973207a3dba__SEG_0001__CH_001,46
c53b469f712d2c1004db00ea__c53b469f712d2c1004db00ea__SEG_0001__CH_001,101
c53b469f712d2c1004db00ea__c53b469f712d2c1004db00ea__SEG_0001__CH_002,135
c55059323528171b1cff3a42__c55059323528171b1cff3a42__SEG_0001__CH_001,85
c5d155704c13e54971689abc__c5d155704c13e54971689abc__SEG_0001__CH_001,100
c5d155704c13e54971689abc__c5d155704c13e54971689abc__SEG_0001__CH_002,89
c60160a56bd1aa5b952d19ea__c60160a56bd1aa5b952d19ea__SEG_0001__CH_001,81
c65df5ba1035a2cdf5a31203__c65df5ba1035a2cdf5a31203__SEG_0001__CH_001,69
c65df5ba1035a2cdf5a31203__c65df5ba1035a2cdf5a31203__SEG_0001__CH_002,82
c67d51cbbdca2e93194617ce__c67d51cbbdca2e93194617ce__SEG_0001__CH_001,111
c67d51cbbdca2e93194617ce__c67d51cbbdca2e93194617ce__SEG_0001__CH_002,141
c69b5f915811a2c02af63f09__PDFV2__CH_0001,72
c69b5f915811a2c02af63f09__PDFV2__CH_0002,63
c69b5f915811a2c02af63f09__PDFV2__CH_0003,87
c69b5f915811a2c02af63f09__PDFV2__CH_0004,62
c69b5f915811a2c02af63f09__PDFV2__CH_0005,73
c69b5f915811a2c02af63f09__PDFV2__CH_0006,114
c69b5f915811a2c02af63f09__PDFV2__CH_0007,150
c69b5f915811a2c02af63f09__PDFV2__CH_0009,91
c69b5f915811a2c02af63f09__PDFV2__CH_0010,74
c69b5f915811a2c02af63f09__PDFV2__CH_0011,63
c69b5f915811a2c02af63f09__PDFV2__CH_0012,90
c69b5f915811a2c02af63f09__PDFV2__CH_0013,89
c69b5f915811a2c02af63f09__PDFV2__CH_0014,76
c69b5f915811a2c02af63f09__PDFV2__CH_0015,83
c69b5f915811a2c02af63f09__PDFV2__CH_0016,76
c69b5f915811a2c02af63f09__PDFV2__CH_0017,105
c69b5f915811a2c02af63f09__PDFV2__CH_0018,99
c69b5f915811a2c02af63f09__PDFV2__CH_0019,92
c69b5f915811a2c02af63f09__PDFV2__CH_0020,84
c69b5f915811a2c02af63f09__PDFV2__CH_0021__M,87
c69b5f915811a2c02af63f09__PDFV2__CH_0023,106
c69b5f915811a2c02af63f09__PDFV2__CH_0024,71
c69b5f915811a2c02af63f09__PDFV2__CH_0025,105
c69b5f915811a2c02af63f09__PDFV2__CH_0026,143
c69b5f915811a2c02af63f09__PDFV2__CH_0027,82
c77c147ed529d31ae546f56b__c77c147ed529d31ae546f56b__SEG_0001__CH_003,75
c77ecd8d57a17f91049d6710__c77ecd8d57a17f91049d6710__SEG_0001__CH_001,79
c77ecd8d57a17f91049d6710__c77ecd8d57a17f91049d6710__SEG_0001__CH_002,52
c77ecd8d57a17f91049d6710__c77ecd8d57a17f91049d6710__SEG_0001__CH_003,122
c78eb2c2eaee3c25ada6eddc__c78eb2c2eaee3c25ada6eddc__SEG_0001__CH_001,152
c78eb2c2eaee3c25ada6eddc__c78eb2c2eaee3c25ada6eddc__SEG_0001__CH_002,177
c78eb2c2eaee3c25ada6eddc__c78eb2c2eaee3c25ada6eddc__SEG_0001__CH_003,79
c79de62dc7bbb1d67bdcda39__PDFV2__CH_0001,82
c7c53f17217d364a9dab2927__PDFV2__CH_0001,79
c7c53f17217d364a9dab2927__PDFV2__CH_0002,90
c7c53f17217d364a9dab2927__PDFV2__CH_0003,91
c7c53f17217d364a9dab2927__PDFV2__CH_0004,86
c7c53f17217d364a9dab2927__PDFV2__CH_0006,61
c7c8ceda74f570d5c9dd8b01__c7c8ceda74f570d5c9dd8b01__SEG_0001__CH_001,74
c7c8ceda74f570d5c9dd8b01__c7c8ceda74f570d5c9dd8b01__SEG_0001__CH_002,114
c7c8ceda74f570d5c9dd8b01__c7c8ceda74f570d5c9dd8b01__SEG_0001__CH_003,62
c8544a0dc611bfeab45f5f15__PDFV2__CH_0001,98
c8544a0dc611bfeab45f5f15__PDFV2__CH_0002,90
c8544a0dc611bfeab45f5f15__PDFV2__CH_0003__M,116
c8544a0dc611bfeab45f5f15__PDFV2__CH_0005,90
c8544a0dc611bfeab45f5f15__PDFV2__CH_0006,86
c8544a0dc611bfeab45f5f15__PDFV2__CH_0007,118
c8544a0dc611bfeab45f5f15__PDFV2__CH_0008,52
c8544a0dc611bfeab45f5f15__PDFV2__CH_0009,82
c8544a0dc611bfeab45f5f15__PDFV2__CH_0010,102
c8544a0dc611bfeab45f5f15__PDFV2__CH_0011,77
c8544a0dc611bfeab45f5f15__PDFV2__CH_0012,67
c8544a0dc611bfeab45f5f15__PDFV2__CH_0013,94
c8544a0dc611bfeab45f5f15__PDFV2__CH_0014,80
c8544a0dc611bfeab45f5f15__PDFV2__CH_0015__M,153
c8544a0dc611bfeab45f5f15__PDFV2__CH_0018__M,82
c8544a0dc611bfeab45f5f15__PDFV2__CH_0021,78
c8544a0dc611bfeab45f5f15__PDFV2__CH_0023,41
c8544a0dc611bfeab45f5f15__PDFV2__CH_0025,46
c8544a0dc611bfeab45f5f15__PDFV2__CH_0027,94
c8544a0dc611bfeab45f5f15__PDFV2__CH_0028,106
c8544a0dc611bfeab45f5f15__PDFV2__CH_0029,83
c8544a0dc611bfeab45f5f15__PDFV2__CH_0030,101
c867c54df7d20c0d0b0928a3__PDFV2__CH_0001,43
c867c54df7d20c0d0b0928a3__PDFV2__CH_0002,85
c867c54df7d20c0d0b0928a3__PDFV2__CH_0003,78
c867c54df7d20c0d0b0928a3__PDFV2__CH_0004,89
c867c54df7d20c0d0b0928a3__PDFV2__CH_0005,65
c867c54df7d20c0d0b0928a3__PDFV2__CH_0006,65
c867c54df7d20c0d0b0928a3__PDFV2__CH_0007,61
c867c54df7d20c0d0b0928a3__PDFV2__CH_0009,59
c896cde9355ff9487628fb74__c896cde9355ff9487628fb74__SEG_0001__CH_001,45
c8a3b41d10dfb9c040b26425__PDFV2__CH_0001,76
c8a3b41d10dfb9c040b26425__PDFV2__CH_0002,60
c8a3b41d10dfb9c040b26425__PDFV2__CH_0003,131
c8a3b41d10dfb9c040b26425__PDFV2__CH_0004,31
c8a3b41d10dfb9c040b26425__PDFV2__CH_0005,81
c8a3b41d10dfb9c040b26425__PDFV2__CH_0006,111
c8a3b41d10dfb9c040b26425__PDFV2__CH_0007,84
c8d7d93a98f4ee4d8aa7abac__PDFV2__CH_0001,84
c8d7d93a98f4ee4d8aa7abac__PDFV2__CH_0003,86
c8d7d93a98f4ee4d8aa7abac__PDFV2__CH_0004,75
c8d7d93a98f4ee4d8aa7abac__PDFV2__CH_0005,47
c8d7d93a98f4ee4d8aa7abac__PDFV2__CH_0006,60
c8d7d93a98f4ee4d8aa7abac__PDFV2__CH_0007,93
c8d7d93a98f4ee4d8aa7abac__PDFV2__CH_0008,74
c929682195914f1332830172__PDFV2__CH_0003,117
c929682195914f1332830172__PDFV2__CH_0005,89
c940304cee01b20787ac5c5f__c940304cee01b20787ac5c5f__SEG_0001__CH_001,73
c940304cee01b20787ac5c5f__c940304cee01b20787ac5c5f__SEG_0001__CH_002,62
ca25801ff9590d36b4d867e5__ca25801ff9590d36b4d867e5__SEG_0001__CH_001,72
ca25801ff9590d36b4d867e5__ca25801ff9590d36b4d867e5__SEG_0001__CH_002,63
ca28e50c2d09121cd8e57ad3__ca28e50c2d09121cd8e57ad3__SEG_0001__CH_003,66
ca28e50c2d09121cd8e57ad3__ca28e50c2d09121cd8e57ad3__SEG_0001__CH_004,155
ca28e50c2d09121cd8e57ad3__ca28e50c2d09121cd8e57ad3__SEG_0001__CH_005,136
ca28e50c2d09121cd8e57ad3__ca28e50c2d09121cd8e57ad3__SEG_0001__CH_006,100
ca28e50c2d09121cd8e57ad3__ca28e50c2d09121cd8e57ad3__SEG_0001__CH_007,154
ca28e50c2d09121cd8e57ad3__ca28e50c2d09121cd8e57ad3__SEG_0002__CH_001,91
ca28e50c2d09121cd8e57ad3__ca28e50c2d09121cd8e57ad3__SEG_0002__CH_002,63
ca28e50c2d09121cd8e57ad3__ca28e50c2d09121cd8e57ad3__SEG_0002__CH_003,114
ca28e50c2d09121cd8e57ad3__ca28e50c2d09121cd8e57ad3__SEG_0002__CH_004,89
ca28e50c2d09121cd8e57ad3__ca28e50c2d09121cd8e57ad3__SEG_0002__CH_005,88
ca28e50c2d09121cd8e57ad3__ca28e50c2d09121cd8e57ad3__SEG_0002__CH_006,161
ca28e50c2d09121cd8e57ad3__ca28e50c2d09121cd8e57ad3__SEG_0002__CH_007,119
ca28e50c2d09121cd8e57ad3__ca28e50c2d09121cd8e57ad3__SEG_0002__CH_008,131
ca28e50c2d09121cd8e57ad3__ca28e50c2d09121cd8e57ad3__SEG_0002__CH_009,170
ca43089c30987e41ec350e21__ca43089c30987e41ec350e21__SEG_0001__CH_001__M,101
ca6794823b7862ce59dfc408__ca6794823b7862ce59dfc408__SEG_0001__CH_001,78
ca6794823b7862ce59dfc408__ca6794823b7862ce59dfc408__SEG_0001__CH_002,50
cc085b8266b63c26509fc1b9__cc085b8266b63c26509fc1b9__SEG_0001__CH_001,82
cc17b47a8ab896dbcfa11d14__PDFV2__CH_0001,79
cc17b47a8ab896dbcfa11d14__PDFV2__CH_0002,122
cc17b47a8ab896dbcfa11d14__PDFV2__CH_0003,97
cc17b47a8ab896dbcfa11d14__PDFV2__CH_0004,90
cc17b47a8ab896dbcfa11d14__PDFV2__CH_0005,104
cc17b47a8ab896dbcfa11d14__PDFV2__CH_0006,112
cc17b47a8ab896dbcfa11d14__PDFV2__CH_0007,42
cca5cb44d7d1d7c6ef01183f__PDFV2__CH_0002,180
ccbbaf48a8d473b0ca3f38a0__ccbbaf48a8d473b0ca3f38a0__SEG_0001__CH_001,49
ccc14088214d96fa94cf03d2__ccc14088214d96fa94cf03d2__SEG_0001__CH_001,87
ccefb3e5e8fb4c83749322b3__PDFV2__CH_0001,56
ccefb3e5e8fb4c83749322b3__PDFV2__CH_0002,99
ccefb3e5e8fb4c83749322b3__PDFV2__CH_0004,109
ccf3d731ad06bbebd543a514__PDFV2__CH_0001,77
ccf3d731ad06bbebd543a514__PDFV2__CH_0002,81
ccf3d731ad06bbebd543a514__PDFV2__CH_0003,74
ccf3d731ad06bbebd543a514__PDFV2__CH_0004,107
ccf3d731ad06bbebd543a514__PDFV2__CH_0005,73
ccf3d731ad06bbebd543a514__PDFV2__CH_0006,41
ccf3d731ad06bbebd543a514__PDFV2__CH_0007,95
ccf3d731ad06bbebd543a514__PDFV2__CH_0009,102
ccf3d731ad06bbebd543a514__PDFV2__CH_0010,48
ccf3d731ad06bbebd543a514__PDFV2__CH_0011,60
ccf3d731ad06bbebd543a514__PDFV2__CH_0012,68
ccf3d731ad06bbebd543a514__PDFV2__CH_0013,91
ccf3d731ad06bbebd543a514__PDFV2__CH_0014,105
ccf3d731ad06bbebd543a514__PDFV2__CH_0015,82
ccf3d731ad06bbebd543a514__PDFV2__CH_0016,112
ccf3d731ad06bbebd543a514__PDFV2__CH_0017,80
ccf3d731ad06bbebd543a514__PDFV2__CH_0018,81
ccf3d731ad06bbebd543a514__PDFV2__CH_0019,114
ccf3d731ad06bbebd543a514__PDFV2__CH_0020,96
ccf3d731ad06bbebd543a514__PDFV2__CH_0021,107
ccf3d731ad06bbebd543a514__PDFV2__CH_0022,70
ccf3d731ad06bbebd543a514__PDFV2__CH_0023,121
ccf3d731ad06bbebd543a514__PDFV2__CH_0024,107
ccf3d731ad06bbebd543a514__PDFV2__CH_0025,73
ccf3d731ad06bbebd543a514__PDFV2__CH_0026,48
ccf3d731ad06bbebd543a514__PDFV2__CH_0027,82
cd0fcd9bf872c59005efcb97__cd0fcd9bf872c59005efcb97__SEG_0001__CH_001,142
cd0fcd9bf872c59005efcb97__cd0fcd9bf872c59005efcb97__SEG_0001__CH_002,119
cd16111fc8b1ae0df4707454__cd16111fc8b1ae0df4707454__SEG_0001__CH_002,108
cd16111fc8b1ae0df4707454__cd16111fc8b1ae0df4707454__SEG_0001__CH_003,107
cd16111fc8b1ae0df4707454__cd16111fc8b1ae0df4707454__SEG_0002__CH_001,109
cd3b9b0da7bad318e2b6c3c4__cd3b9b0da7bad318e2b6c3c4__SEG_0001__CH_001,89
cdc611d286c0ae9ebf767c4a__cdc611d286c0ae9ebf767c4a__SEG_0001__CH_001,56
cdc611d286c0ae9ebf767c4a__cdc611d286c0ae9ebf767c4a__SEG_0001__CH_002,74
cdc611d286c0ae9ebf767c4a__cdc611d286c0ae9ebf767c4a__SEG_0001__CH_003,76
cdc611d286c0ae9ebf767c4a__cdc611d286c0ae9ebf767c4a__SEG_0001__CH_004,52
cdc611d286c0ae9ebf767c4a__cdc611d286c0ae9ebf767c4a__SEG_0001__CH_005,64
cdf981b9a9fab568f594c17e__PDFV2__CH_0002,65
cdf981b9a9fab568f594c17e__PDFV2__CH_0003,55
cdf981b9a9fab568f594c17e__PDFV2__CH_0004,47
ce1dd362cd5582d3a70d2e03__PDFV2__CH_0001,81
ce1dd362cd5582d3a70d2e03__PDFV2__CH_0002,151
cea6d095d9bc499026f5734c__cea6d095d9bc499026f5734c__SEG_0001__CH_001,80
cea6d095d9bc499026f5734c__cea6d095d9bc499026f5734c__SEG_0001__CH_002,168
cea6d095d9bc499026f5734c__cea6d095d9bc499026f5734c__SEG_0001__CH_003,120
cee98b6f13de7ea134a6b740__cee98b6f13de7ea134a6b740__SEG_0001__CH_001,62
ceeb16a04d1740cba0c5bc2b__ceeb16a04d1740cba0c5bc2b__SEG_0001__CH_001,101
ceeb16a04d1740cba0c5bc2b__ceeb16a04d1740cba0c5bc2b__SEG_0001__CH_002,98
cef0faa1722e1095eb0e77b1__PDFV2__CH_0003,69
cef0faa1722e1095eb0e77b1__PDFV2__CH_0005,84
cef0faa1722e1095eb0e77b1__PDFV2__CH_0008,72
cef0faa1722e1095eb0e77b1__PDFV2__CH_0009,60
cef0faa1722e1095eb0e77b1__PDFV2__CH_0010,84
cef0faa1722e1095eb0e77b1__PDFV2__CH_0011,91
cef0faa1722e1095eb0e77b1__PDFV2__CH_0012,86
cef0faa1722e1095eb0e77b1__PDFV2__CH_0013,64
cef0faa1722e1095eb0e77b1__PDFV2__CH_0014,60
cef0faa1722e1095eb0e77b1__PDFV2__CH_0015,72
cef0faa1722e1095eb0e77b1__PDFV2__CH_0016,105
cef0faa1722e1095eb0e77b1__PDFV2__CH_0017,105
cef0faa1722e1095eb0e77b1__PDFV2__CH_0018,75
cef0faa1722e1095eb0e77b1__PDFV2__CH_0019,89
cef0faa1722e1095eb0e77b1__PDFV2__CH_0020,99
cefbebb9846a75f219095092__cefbebb9846a75f219095092__SEG_0001__CH_001,111
cefbebb9846a75f219095092__cefbebb9846a75f219095092__SEG_0001__CH_002,102
cefbebb9846a75f219095092__cefbebb9846a75f219095092__SEG_0001__CH_003,115
cf377e6690bd58cc2599d777__cf377e6690bd58cc2599d777__SEG_0001__CH_001,43
cf42c404891fc3b0198c1c93__PDFV2__CH_0001,77
cfe96dd2739f5297cdca9273__PDFV2__CH_0001,62
cfe96dd2739f5297cdca9273__PDFV2__CH_0002,87
cfe96dd2739f5297cdca9273__PDFV2__CH_0003,61
cfe96dd2739f5297cdca9273__PDFV2__CH_0004,83
cfe96dd2739f5297cdca9273__PDFV2__CH_0005,39
cfe96dd2739f5297cdca9273__PDFV2__CH_0006,86
cfe96dd2739f5297cdca9273__PDFV2__CH_0007,67
cfe96dd2739f5297cdca9273__PDFV2__CH_0009,103
cfe96dd2739f5297cdca9273__PDFV2__CH_0010__M,103
cfe96dd2739f5297cdca9273__PDFV2__CH_0012,91
cfe96dd2739f5297cdca9273__PDFV2__CH_0013__M,109
cfe96dd2739f5297cdca9273__PDFV2__CH_0015,83
cfe96dd2739f5297cdca9273__PDFV2__CH_0016,118
cfe96dd2739f5297cdca9273__PDFV2__CH_0017,113
cfe96dd2739f5297cdca9273__PDFV2__CH_0018,93
cfe96dd2739f5297cdca9273__PDFV2__CH_0019,95
cfe96dd2739f5297cdca9273__PDFV2__CH_0020,75
cfe96dd2739f5297cdca9273__PDFV2__CH_0021,79
d00090939260ac598c894d13__d00090939260ac598c894d13__SEG_0001__CH_001,83
d00090939260ac598c894d13__d00090939260ac598c894d13__SEG_0001__CH_002,54
d01db66ba827b88f7558a888__PDFV2__CH_0001,63
d01db66ba827b88f7558a888__PDFV2__CH_0002,95
d01db66ba827b88f7558a888__PDFV2__CH_0003,108
d01db66ba827b88f7558a888__PDFV2__CH_0004,56
d01db66ba827b88f7558a888__PDFV2__CH_0005,125
d01db66ba827b88f7558a888__PDFV2__CH_0006,98
d01db66ba827b88f7558a888__PDFV2__CH_0007,84
d01db66ba827b88f7558a888__PDFV2__CH_0008,123
d01db66ba827b88f7558a888__PDFV2__CH_0009,84
d01db66ba827b88f7558a888__PDFV2__CH_0010,99
d01db66ba827b88f7558a888__PDFV2__CH_0011,133
d01db66ba827b88f7558a888__PDFV2__CH_0012,86
d0e52702711e06a790bb200f__d0e52702711e06a790bb200f__SEG_0001__CH_001,82
d0e52702711e06a790bb200f__d0e52702711e06a790bb200f__SEG_0001__CH_002,129
d0e52702711e06a790bb200f__d0e52702711e06a790bb200f__SEG_0001__CH_003,82
d0e52702711e06a790bb200f__d0e52702711e06a790bb200f__SEG_0001__CH_004,103
d0e52702711e06a790bb200f__d0e52702711e06a790bb200f__SEG_0001__CH_005,94
d0e52702711e06a790bb200f__d0e52702711e06a790bb200f__SEG_0002__CH_002,90
d0e52702711e06a790bb200f__d0e52702711e06a790bb200f__SEG_0002__CH_003,88
d0e52702711e06a790bb200f__d0e52702711e06a790bb200f__SEG_0002__CH_004,81
d0fe502156bb004356805feb__d0fe502156bb004356805feb__SEG_0001__CH_001,63
d1039dbf83ac482439cab814__PDFV2__CH_0001,53
d1090e7bb681643daa56e53e__PDFV2__CH_0001,99
d1090e7bb681643daa56e53e__PDFV2__CH_0002,92
d1090e7bb681643daa56e53e__PDFV2__CH_0003,109
d13cd9c98868e504af3034e6__d13cd9c98868e504af3034e6__SEG_0001__CH_001,98
d13cd9c98868e504af3034e6__d13cd9c98868e504af3034e6__SEG_0001__CH_002,75
d18dd13bfba2943038c70c63__PDFV2__CH_0001,77
d18dd13bfba2943038c70c63__PDFV2__CH_0002,54
d18dd13bfba2943038c70c63__PDFV2__CH_0004,121
d18dd13bfba2943038c70c63__PDFV2__CH_0005,85
d265d75216271e8dad43072a__PDFV2__CH_0001,147
d265d75216271e8dad43072a__PDFV2__CH_0002,76
d265d75216271e8dad43072a__PDFV2__CH_0003,110
d265d75216271e8dad43072a__PDFV2__CH_0004,101
d265d75216271e8dad43072a__PDFV2__CH_0005,92
d265d75216271e8dad43072a__PDFV2__CH_0006,72
d265d75216271e8dad43072a__PDFV2__CH_0007,111
d265d75216271e8dad43072a__PDFV2__CH_0008,95
d265d75216271e8dad43072a__PDFV2__CH_0009,94
d265d75216271e8dad43072a__PDFV2__CH_0010,103
d265d75216271e8dad43072a__PDFV2__CH_0011,116
d265d75216271e8dad43072a__PDFV2__CH_0012,87
d265d75216271e8dad43072a__PDFV2__CH_0013,68
d265d75216271e8dad43072a__PDFV2__CH_0014,101
d265d75216271e8dad43072a__PDFV2__CH_0015,91
d265d75216271e8dad43072a__PDFV2__CH_0016,76
d265d75216271e8dad43072a__PDFV2__CH_0017,102
d265d75216271e8dad43072a__PDFV2__CH_0018,67
d265d75216271e8dad43072a__PDFV2__CH_0019,55
d265d75216271e8dad43072a__PDFV2__CH_0020,57
d265d75216271e8dad43072a__PDFV2__CH_0021,121
d265d75216271e8dad43072a__PDFV2__CH_0022,92
d265d75216271e8dad43072a__PDFV2__CH_0023,72
d265d75216271e8dad43072a__PDFV2__CH_0024,79
d265d75216271e8dad43072a__PDFV2__CH_0025,63
d265d75216271e8dad43072a__PDFV2__CH_0026,66
d265d75216271e8dad43072a__PDFV2__CH_0027,78
d265d75216271e8dad43072a__PDFV2__CH_0028,82
d265d75216271e8dad43072a__PDFV2__CH_0029,118
d265d75216271e8dad43072a__PDFV2__CH_0030,83
d265d75216271e8dad43072a__PDFV2__CH_0031,79
d265d75216271e8dad43072a__PDFV2__CH_0032,53
d265d75216271e8dad43072a__PDFV2__CH_0033,100
d265d75216271e8dad43072a__PDFV2__CH_0034,80
d265d75216271e8dad43072a__PDFV2__CH_0035,93
d265d75216271e8dad43072a__PDFV2__CH_0036,85
d265d75216271e8dad43072a__PDFV2__CH_0037,125
d265d75216271e8dad43072a__PDFV2__CH_0038,29
d265d75216271e8dad43072a__PDFV2__CH_0039,56
d265d75216271e8dad43072a__PDFV2__CH_0042,49
d265d75216271e8dad43072a__PDFV2__CH_0044,50
d265d75216271e8dad43072a__PDFV2__CH_0045,54
d265d75216271e8dad43072a__PDFV2__CH_0046,28
d265d75216271e8dad43072a__PDFV2__CH_0048,42
d265d75216271e8dad43072a__PDFV2__CH_0050,72
d265d75216271e8dad43072a__PDFV2__CH_0052,48
d265d75216271e8dad43072a__PDFV2__CH_0053,70
d265d75216271e8dad43072a__PDFV2__CH_0054,40
d265d75216271e8dad43072a__PDFV2__CH_0055,56
d265d75216271e8dad43072a__PDFV2__CH_0056,95
d265d75216271e8dad43072a__PDFV2__CH_0057,65
d265d75216271e8dad43072a__PDFV2__CH_0058,96
d26a928d9d2e37362e269c8a__d26a928d9d2e37362e269c8a__SEG_0001__CH_001,77
d27a892ff1c47bdadae2365b__PDFV2__CH_0001,88
d27a892ff1c47bdadae2365b__PDFV2__CH_0002,78
d27a892ff1c47bdadae2365b__PDFV2__CH_0003,74
d27a892ff1c47bdadae2365b__PDFV2__CH_0004,86
d27a892ff1c47bdadae2365b__PDFV2__CH_0005,70
d27a892ff1c47bdadae2365b__PDFV2__CH_0006,83
d27a892ff1c47bdadae2365b__PDFV2__CH_0007,95
d27a892ff1c47bdadae2365b__PDFV2__CH_0008,88
d27a892ff1c47bdadae2365b__PDFV2__CH_0009,96
d2abadff0875c131ff3d2dde__d2abadff0875c131ff3d2dde__SEG_0001__CH_001,91
d2abadff0875c131ff3d2dde__d2abadff0875c131ff3d2dde__SEG_0001__CH_002,133
d2abadff0875c131ff3d2dde__d2abadff0875c131ff3d2dde__SEG_0001__CH_003,73
d2c786ee2a1f8c0de0e11d75__d2c786ee2a1f8c0de0e11d75__SEG_0001__CH_001,76
d2c786ee2a1f8c0de0e11d75__d2c786ee2a1f8c0de0e11d75__SEG_0001__CH_002,86
d2d3374ace2416973096c2ea__d2d3374ace2416973096c2ea__SEG_0001__CH_001,55
d2d3374ace2416973096c2ea__d2d3374ace2416973096c2ea__SEG_0001__CH_002,58
d2d3374ace2416973096c2ea__d2d3374ace2416973096c2ea__SEG_0001__CH_003,75
d2d3374ace2416973096c2ea__d2d3374ace2416973096c2ea__SEG_0001__CH_004,88
d31963b48b10855856ea8842__d31963b48b10855856ea8842__SEG_0001__CH_001,74
d31963b48b10855856ea8842__d31963b48b10855856ea8842__SEG_0001__CH_002,57
d357310d57b41dd52a15c2ae__PDFV2__CH_0001,80
d357310d57b41dd52a15c2ae__PDFV2__CH_0002,79
d357310d57b41dd52a15c2ae__PDFV2__CH_0003,107
d357310d57b41dd52a15c2ae__PDFV2__CH_0004,107
d357310d57b41dd52a15c2ae__PDFV2__CH_0005,115
d357310d57b41dd52a15c2ae__PDFV2__CH_0006,132
d357310d57b41dd52a15c2ae__PDFV2__CH_0007,128
d357310d57b41dd52a15c2ae__PDFV2__CH_0008,141
d3aadeb3d196b2415ca2ffae__PDFV2__CH_0001,110
d3aadeb3d196b2415ca2ffae__PDFV2__CH_0002,85
d3aadeb3d196b2415ca2ffae__PDFV2__CH_0003,154
d3aadeb3d196b2415ca2ffae__PDFV2__CH_0004,167
d3aadeb3d196b2415ca2ffae__PDFV2__CH_0005,106
d3aadeb3d196b2415ca2ffae__PDFV2__CH_0006,109
d3aadeb3d196b2415ca2ffae__PDFV2__CH_0007,101
d3aadeb3d196b2415ca2ffae__PDFV2__CH_0008,84
d3aadeb3d196b2415ca2ffae__PDFV2__CH_0009,75
d3aadeb3d196b2415ca2ffae__PDFV2__CH_0010,83
d3aadeb3d196b2415ca2ffae__PDFV2__CH_0011,72
d3aadeb3d196b2415ca2ffae__PDFV2__CH_0012,85
d3aadeb3d196b2415ca2ffae__PDFV2__CH_0013,146
d4096663774298c3756f80f5__d4096663774298c3756f80f5__SEG_0001__CH_001,95
d44872d59a33289707091211__d44872d59a33289707091211__SEG_0001__CH_001,109
d44872d59a33289707091211__d44872d59a33289707091211__SEG_0001__CH_002,98
d44872d59a33289707091211__d44872d59a33289707091211__SEG_0001__CH_003,135
d44872d59a33289707091211__d44872d59a33289707091211__SEG_0001__CH_004,71
d44f9fc4a5056b9a9a3a1e9a__PDFV2__CH_0001,139
d44f9fc4a5056b9a9a3a1e9a__PDFV2__CH_0006,108
d44f9fc4a5056b9a9a3a1e9a__PDFV2__CH_0007,108
d44f9fc4a5056b9a9a3a1e9a__PDFV2__CH_0008,80
d44f9fc4a5056b9a9a3a1e9a__PDFV2__CH_0009,95
d44f9fc4a5056b9a9a3a1e9a__PDFV2__CH_0010,97
d44f9fc4a5056b9a9a3a1e9a__PDFV2__CH_0011,85
d44f9fc4a5056b9a9a3a1e9a__PDFV2__CH_0012,94
d44f9fc4a5056b9a9a3a1e9a__PDFV2__CH_0013,94
d44f9fc4a5056b9a9a3a1e9a__PDFV2__CH_0014,155
d44f9fc4a5056b9a9a3a1e9a__PDFV2__CH_0015,123
d44f9fc4a5056b9a9a3a1e9a__PDFV2__CH_0016,112
d44f9fc4a5056b9a9a3a1e9a__PDFV2__CH_0017,92
d44f9fc4a5056b9a9a3a1e9a__PDFV2__CH_0018,108
d44f9fc4a5056b9a9a3a1e9a__PDFV2__CH_0019,88
d44f9fc4a5056b9a9a3a1e9a__PDFV2__CH_0020,125
d44f9fc4a5056b9a9a3a1e9a__PDFV2__CH_0021,99
d44f9fc4a5056b9a9a3a1e9a__PDFV2__CH_0022,107
d47fea63ec2cadfdf58f98cb__PDFV2__CH_0001,117
d47fea63ec2cadfdf58f98cb__PDFV2__CH_0002,107
d47fea63ec2cadfdf58f98cb__PDFV2__CH_0003,90
d47fea63ec2cadfdf58f98cb__PDFV2__CH_0004,97
d4b68b6a6f6351304c6c3357__d4b68b6a6f6351304c6c3357__SEG_0001__CH_001,82
d4ba14a996aff80a13d927fe__PDFV2__CH_0001,66
d4ba14a996aff80a13d927fe__PDFV2__CH_0002,82
d4ba14a996aff80a13d927fe__PDFV2__CH_0003,118
d4ba14a996aff80a13d927fe__PDFV2__CH_0004,140
d4ba14a996aff80a13d927fe__PDFV2__CH_0005,119
d4bd0c56bbe1493db6a6ea8f__PDFV2__CH_0001,57
d4bd0c56bbe1493db6a6ea8f__PDFV2__CH_0002,76
d4c83ad64dcbd1e1edc065d3__d4c83ad64dcbd1e1edc065d3__SEG_0001__CH_001,80
d4efda1e9011fb451520acc5__d4efda1e9011fb451520acc5__SEG_0001__CH_002,86
d5ba02c0719f811068f58a9e__PDFV2__CH_0001,77
d5ba02c0719f811068f58a9e__PDFV2__CH_0004,135
d5ba02c0719f811068f58a9e__PDFV2__CH_0005,105
d5ba02c0719f811068f58a9e__PDFV2__CH_0006,55
d5ba02c0719f811068f58a9e__PDFV2__CH_0007,23
d5ba02c0719f811068f58a9e__PDFV2__CH_0008,81
d5ba02c0719f811068f58a9e__PDFV2__CH_0009,49
d5ba02c0719f811068f58a9e__PDFV2__CH_0010,26
d5ba02c0719f811068f58a9e__PDFV2__CH_0011,32
d5ba02c0719f811068f58a9e__PDFV2__CH_0012,102
d5ba02c0719f811068f58a9e__PDFV2__CH_0013,90
d5ba02c0719f811068f58a9e__PDFV2__CH_0014,73
d5ba02c0719f811068f58a9e__PDFV2__CH_0015,124
d5ba02c0719f811068f58a9e__PDFV2__CH_0016,65
d5ba02c0719f811068f58a9e__PDFV2__CH_0017,84
d5ba02c0719f811068f58a9e__PDFV2__CH_0018,89
d5ba02c0719f811068f58a9e__PDFV2__CH_0019,94
d5ba02c0719f811068f58a9e__PDFV2__CH_0020,76
d5ba02c0719f811068f58a9e__PDFV2__CH_0021,69
d5ba02c0719f811068f58a9e__PDFV2__CH_0022,71
d5ba02c0719f811068f58a9e__PDFV2__CH_0023,92
d5ba02c0719f811068f58a9e__PDFV2__CH_0024,45
d5ba02c0719f811068f58a9e__PDFV2__CH_0025,82
d5ba02c0719f811068f58a9e__PDFV2__CH_0026,62
d5ba02c0719f811068f58a9e__PDFV2__CH_0027,40
d5ba02c0719f811068f58a9e__PDFV2__CH_0028,77
d5ba02c0719f811068f58a9e__PDFV2__CH_0029,54
d5ba02c0719f811068f58a9e__PDFV2__CH_0030,48
d5ba02c0719f811068f58a9e__PDFV2__CH_0031,59
d5ba02c0719f811068f58a9e__PDFV2__CH_0032,49
d5ccda2e14007e122d3268ce__d5ccda2e14007e122d3268ce__SEG_0001__CH_001,88
d61868f1e6e7f32e4be397b4__d61868f1e6e7f32e4be397b4__SEG_0001__CH_001,220
d61868f1e6e7f32e4be397b4__d61868f1e6e7f32e4be397b4__SEG_0001__CH_002,87
d61868f1e6e7f32e4be397b4__d61868f1e6e7f32e4be397b4__SEG_0001__CH_003,99
d61868f1e6e7f32e4be397b4__d61868f1e6e7f32e4be397b4__SEG_0001__CH_004,172
d61868f1e6e7f32e4be397b4__d61868f1e6e7f32e4be397b4__SEG_0001__CH_005,127
d61868f1e6e7f32e4be397b4__d61868f1e6e7f32e4be397b4__SEG_0001__CH_006,120
d61868f1e6e7f32e4be397b4__d61868f1e6e7f32e4be397b4__SEG_0001__CH_007,157
d61868f1e6e7f32e4be397b4__d61868f1e6e7f32e4be397b4__SEG_0002__CH_001,125
d61868f1e6e7f32e4be397b4__d61868f1e6e7f32e4be397b4__SEG_0002__CH_004,58
d62e98855a45ab930eedb043__d62e98855a45ab930eedb043__SEG_0001__CH_001,81
d6adc984c03fb3b5d82dc612__d6adc984c03fb3b5d82dc612__SEG_0001__CH_002,109
d6adc984c03fb3b5d82dc612__d6adc984c03fb3b5d82dc612__SEG_0001__CH_004,76
d6adc984c03fb3b5d82dc612__d6adc984c03fb3b5d82dc612__SEG_0001__CH_005,122
d6b866a0c0aa207426af08f9__PDFV2__CH_0002,113
d6b866a0c0aa207426af08f9__PDFV2__CH_0004,89
d6b866a0c0aa207426af08f9__PDFV2__CH_0005,98
d6b866a0c0aa207426af08f9__PDFV2__CH_0007,135
d6c15fa70db7010e5cd22369__d6c15fa70db7010e5cd22369__SEG_0001__CH_001,134
d6c15fa70db7010e5cd22369__d6c15fa70db7010e5cd22369__SEG_0002__CH_001,142
d6c15fa70db7010e5cd22369__d6c15fa70db7010e5cd22369__SEG_0002__CH_002,73
d6c15fa70db7010e5cd22369__d6c15fa70db7010e5cd22369__SEG_0002__CH_003,128
d6c15fa70db7010e5cd22369__d6c15fa70db7010e5cd22369__SEG_0003__CH_001,74
d6c15fa70db7010e5cd22369__d6c15fa70db7010e5cd22369__SEG_0003__CH_002,155
d6c15fa70db7010e5cd22369__d6c15fa70db7010e5cd22369__SEG_0004__CH_001,60
d6e048d8927c67ee497b8ba0__PDFV2__CH_0001,85
d6e048d8927c67ee497b8ba0__PDFV2__CH_0002,85
d6e048d8927c67ee497b8ba0__PDFV2__CH_0003,71
d73b7b0ad5f83cb6b3b92b3a__d73b7b0ad5f83cb6b3b92b3a__SEG_0001__CH_001,87
d7811e732a670ae83be21937__d7811e732a670ae83be21937__SEG_0001__CH_001,56
d7811e732a670ae83be21937__d7811e732a670ae83be21937__SEG_0001__CH_002,44
d782f5ea3fe9f9e2d9fb717e__d782f5ea3fe9f9e2d9fb717e__SEG_0001__CH_001,79
d782f5ea3fe9f9e2d9fb717e__d782f5ea3fe9f9e2d9fb717e__SEG_0001__CH_002,95
d79d92116c617c233242c2cb__PDFV2__CH_0001,77
d79d92116c617c233242c2cb__PDFV2__CH_0002,54
d79d92116c617c233242c2cb__PDFV2__CH_0003,79
d79d92116c617c233242c2cb__PDFV2__CH_0004,85
d79d92116c617c233242c2cb__PDFV2__CH_0005,93
d79d92116c617c233242c2cb__PDFV2__CH_0006,35
d79d92116c617c233242c2cb__PDFV2__CH_0007,91
d79d92116c617c233242c2cb__PDFV2__CH_0008,100
d7cf0c4a3c060125c0d6272e__d7cf0c4a3c060125c0d6272e__SEG_0001__CH_001,28
d7cf0c4a3c060125c0d6272e__d7cf0c4a3c060125c0d6272e__SEG_0001__CH_002,71
d7cf0c4a3c060125c0d6272e__d7cf0c4a3c060125c0d6272e__SEG_0001__CH_003,81
d7cf0c4a3c060125c0d6272e__d7cf0c4a3c060125c0d6272e__SEG_0001__CH_004,67
d7ed4462ab8f41cc0a97a837__d7ed4462ab8f41cc0a97a837__SEG_0001__CH_001,129
d7ed4462ab8f41cc0a97a837__d7ed4462ab8f41cc0a97a837__SEG_0001__CH_002,88
d7ed4462ab8f41cc0a97a837__d7ed4462ab8f41cc0a97a837__SEG_0001__CH_003,78
d7ed4462ab8f41cc0a97a837__d7ed4462ab8f41cc0a97a837__SEG_0001__CH_004,98
d7ed4462ab8f41cc0a97a837__d7ed4462ab8f41cc0a97a837__SEG_0001__CH_005,94
d7ed4462ab8f41cc0a97a837__d7ed4462ab8f41cc0a97a837__SEG_0001__CH_006,66
d7f5a4994375bf9bd374ba02__d7f5a4994375bf9bd374ba02__SEG_0001__CH_002,93
d8661b1b2388066dc573a590__d8661b1b2388066dc573a590__SEG_0001__CH_001,90
d87c48ca499b8483f6a5124f__d87c48ca499b8483f6a5124f__SEG_0001__CH_001,117
d87c48ca499b8483f6a5124f__d87c48ca499b8483f6a5124f__SEG_0001__CH_002,57
d88694ee43ede2bdc2f1e7b8__d88694ee43ede2bdc2f1e7b8__SEG_0001__CH_001,98
d88694ee43ede2bdc2f1e7b8__d88694ee43ede2bdc2f1e7b8__SEG_0001__CH_003,94
d88694ee43ede2bdc2f1e7b8__d88694ee43ede2bdc2f1e7b8__SEG_0001__CH_004,87
d88694ee43ede2bdc2f1e7b8__d88694ee43ede2bdc2f1e7b8__SEG_0001__CH_005,121
d88694ee43ede2bdc2f1e7b8__d88694ee43ede2bdc2f1e7b8__SEG_0001__CH_006,118
d88694ee43ede2bdc2f1e7b8__d88694ee43ede2bdc2f1e7b8__SEG_0001__CH_007,89
d88694ee43ede2bdc2f1e7b8__d88694ee43ede2bdc2f1e7b8__SEG_0002__CH_001,68
d88694ee43ede2bdc2f1e7b8__d88694ee43ede2bdc2f1e7b8__SEG_0002__CH_002,117
d89722884ace8baa8a6f6f1a__d89722884ace8baa8a6f6f1a__SEG_0001__CH_001,106
d89722884ace8baa8a6f6f1a__d89722884ace8baa8a6f6f1a__SEG_0001__CH_002,49
d8e41b08b16e4c85bb749793__d8e41b08b16e4c85bb749793__SEG_0001__CH_001,71
d8e41b08b16e4c85bb749793__d8e41b08b16e4c85bb749793__SEG_0001__CH_002,93
d8e41b08b16e4c85bb749793__d8e41b08b16e4c85bb749793__SEG_0001__CH_003,89
d8e41b08b16e4c85bb749793__d8e41b08b16e4c85bb749793__SEG_0001__CH_004,74
d9247a7550599c2c9f6c6977__PDFV2__CH_0003,59
d9247a7550599c2c9f6c6977__PDFV2__CH_0004,104
d9247a7550599c2c9f6c6977__PDFV2__CH_0005,78
d93643fea961290ac250b969__PDFV2__CH_0001,58
d93643fea961290ac250b969__PDFV2__CH_0002,88
d93643fea961290ac250b969__PDFV2__CH_0003,100
d93643fea961290ac250b969__PDFV2__CH_0004,54
d93e12ad2fbad92e75947107__d93e12ad2fbad92e75947107__SEG_0001__CH_001,71
d93fa8fb16f18602a6cd453a__d93fa8fb16f18602a6cd453a__SEG_0001__CH_001,65
d93fa8fb16f18602a6cd453a__d93fa8fb16f18602a6cd453a__SEG_0001__CH_002,93
d93fa8fb16f18602a6cd453a__d93fa8fb16f18602a6cd453a__SEG_0001__CH_003,118
d93fa8fb16f18602a6cd453a__d93fa8fb16f18602a6cd453a__SEG_0002__CH_001,113
d97cbf9283da5d813cdd8f47__d97cbf9283da5d813cdd8f47__SEG_0001__CH_003,54
d98df8855ef77e8144c80e0f__d98df8855ef77e8144c80e0f__SEG_0001__CH_001,92
d98df8855ef77e8144c80e0f__d98df8855ef77e8144c80e0f__SEG_0001__CH_002,78
d98df8855ef77e8144c80e0f__d98df8855ef77e8144c80e0f__SEG_0001__CH_003,103
d9c61fefe7a341de4c252bf8__PDFV2__CH_0001,62
d9c61fefe7a341de4c252bf8__PDFV2__CH_0002,70
d9c61fefe7a341de4c252bf8__PDFV2__CH_0003,60
d9c61fefe7a341de4c252bf8__PDFV2__CH_0005,83
d9c61fefe7a341de4c252bf8__PDFV2__CH_0006,65
d9c61fefe7a341de4c252bf8__PDFV2__CH_0008,116
d9c61fefe7a341de4c252bf8__PDFV2__CH_0009,98
d9c61fefe7a341de4c252bf8__PDFV2__CH_0010,81
d9c61fefe7a341de4c252bf8__PDFV2__CH_0011,91
d9c61fefe7a341de4c252bf8__PDFV2__CH_0012,81
d9c61fefe7a341de4c252bf8__PDFV2__CH_0013,110
d9c61fefe7a341de4c252bf8__PDFV2__CH_0014,73
d9c61fefe7a341de4c252bf8__PDFV2__CH_0015,106
d9c61fefe7a341de4c252bf8__PDFV2__CH_0016,61
d9c61fefe7a341de4c252bf8__PDFV2__CH_0017,114
d9c61fefe7a341de4c252bf8__PDFV2__CH_0018,91
d9c61fefe7a341de4c252bf8__PDFV2__CH_0019,86
d9c61fefe7a341de4c252bf8__PDFV2__CH_0020,117
d9c61fefe7a341de4c252bf8__PDFV2__CH_0021,87
d9c61fefe7a341de4c252bf8__PDFV2__CH_0022,84
d9c61fefe7a341de4c252bf8__PDFV2__CH_0023,108
d9c61fefe7a341de4c252bf8__PDFV2__CH_0024,49
d9c61fefe7a341de4c252bf8__PDFV2__CH_0026,89
d9c61fefe7a341de4c252bf8__PDFV2__CH_0027,84
d9c61fefe7a341de4c252bf8__PDFV2__CH_0029,43
d9c61fefe7a341de4c252bf8__PDFV2__CH_0031,59
d9c61fefe7a341de4c252bf8__PDFV2__CH_0032,80
d9c90ba80645a911017ee558__PDFV2__CH_0004,63
d9c90ba80645a911017ee558__PDFV2__CH_0005,93
d9c90ba80645a911017ee558__PDFV2__CH_0006,80
d9c90ba80645a911017ee558__PDFV2__CH_0008,88
d9c90ba80645a911017ee558__PDFV2__CH_0009,98
d9c90ba80645a911017ee558__PDFV2__CH_0010,69
d9c90ba80645a911017ee558__PDFV2__CH_0011,49
d9c90ba80645a911017ee558__PDFV2__CH_0012,80
d9c90ba80645a911017ee558__PDFV2__CH_0013,67
d9c90ba80645a911017ee558__PDFV2__CH_0014,50
d9c90ba80645a911017ee558__PDFV2__CH_0015,108
d9c90ba80645a911017ee558__PDFV2__CH_0016,83
d9c90ba80645a911017ee558__PDFV2__CH_0017,76
d9c90ba80645a911017ee558__PDFV2__CH_0018,99
d9c90ba80645a911017ee558__PDFV2__CH_0019,47
d9c90ba80645a911017ee558__PDFV2__CH_0020,51
d9c90ba80645a911017ee558__PDFV2__CH_0021,60
d9c90ba80645a911017ee558__PDFV2__CH_0022,94
d9c90ba80645a911017ee558__PDFV2__CH_0023,85
d9c90ba80645a911017ee558__PDFV2__CH_0024,51
d9c90ba80645a911017ee558__PDFV2__CH_0025,76
d9c90ba80645a911017ee558__PDFV2__CH_0026,85
d9c90ba80645a911017ee558__PDFV2__CH_0027,83
d9c90ba80645a911017ee558__PDFV2__CH_0028,92
d9c90ba80645a911017ee558__PDFV2__CH_0029,103
d9c90ba80645a911017ee558__PDFV2__CH_0030,70
d9c90ba80645a911017ee558__PDFV2__CH_0031,134
d9c90ba80645a911017ee558__PDFV2__CH_0032,83
d9c90ba80645a911017ee558__PDFV2__CH_0033,82
d9efcdf0f2327edeff1d38ca__d9efcdf0f2327edeff1d38ca__SEG_0001__CH_001,72
d9efcdf0f2327edeff1d38ca__d9efcdf0f2327edeff1d38ca__SEG_0001__CH_002,78
d9f56bea67cd3c2e20fbb13b__d9f56bea67cd3c2e20fbb13b__SEG_0001__CH_002,94
d9f56bea67cd3c2e20fbb13b__d9f56bea67cd3c2e20fbb13b__SEG_0001__CH_003,211
d9f56bea67cd3c2e20fbb13b__d9f56bea67cd3c2e20fbb13b__SEG_0001__CH_004,119
da6fcf4361da18ef125f3918__PDFV2__CH_0001,70
da6fcf4361da18ef125f3918__PDFV2__CH_0002,84
da6fcf4361da18ef125f3918__PDFV2__CH_0003,110
da6fcf4361da18ef125f3918__PDFV2__CH_0004,68
da6fcf4361da18ef125f3918__PDFV2__CH_0005,75
da6fcf4361da18ef125f3918__PDFV2__CH_0006,87
da6fcf4361da18ef125f3918__PDFV2__CH_0008,83
da6fcf4361da18ef125f3918__PDFV2__CH_0009,90
da6fcf4361da18ef125f3918__PDFV2__CH_0010,70
da6fcf4361da18ef125f3918__PDFV2__CH_0011,153
da6fcf4361da18ef125f3918__PDFV2__CH_0013,89
da6fcf4361da18ef125f3918__PDFV2__CH_0014__M,98
da6fcf4361da18ef125f3918__PDFV2__CH_0016,91
da6fcf4361da18ef125f3918__PDFV2__CH_0017,87
da6fcf4361da18ef125f3918__PDFV2__CH_0018,72
da6fcf4361da18ef125f3918__PDFV2__CH_0019,58
da6fcf4361da18ef125f3918__PDFV2__CH_0020,72
da6fcf4361da18ef125f3918__PDFV2__CH_0021,55
da6fcf4361da18ef125f3918__PDFV2__CH_0022,67
da6fcf4361da18ef125f3918__PDFV2__CH_0023,106
da6fcf4361da18ef125f3918__PDFV2__CH_0024,110
da6fcf4361da18ef125f3918__PDFV2__CH_0025,79
da6fcf4361da18ef125f3918__PDFV2__CH_0026,53
da6fcf4361da18ef125f3918__PDFV2__CH_0027,66
da6fcf4361da18ef125f3918__PDFV2__CH_0028,67
da6fcf4361da18ef125f3918__PDFV2__CH_0029,62
da7b12d3131e1641266c9808__da7b12d3131e1641266c9808__SEG_0001__CH_001,60
da7cd260f095002094e1797d__da7cd260f095002094e1797d__SEG_0001__CH_001,60
daa5eea69158c34869fe4d11__daa5eea69158c34869fe4d11__SEG_0001__CH_002,95
daa5eea69158c34869fe4d11__daa5eea69158c34869fe4d11__SEG_0001__CH_003,91
daaffd1492f2625374b7738f__daaffd1492f2625374b7738f__SEG_0001__CH_002,86
daaffd1492f2625374b7738f__daaffd1492f2625374b7738f__SEG_0001__CH_003,103
daaffd1492f2625374b7738f__daaffd1492f2625374b7738f__SEG_0001__CH_004,54
dac3467ae145d829470cdeee__dac3467ae145d829470cdeee__SEG_0001__CH_001,57
dac3467ae145d829470cdeee__dac3467ae145d829470cdeee__SEG_0001__CH_002,61
dae0c8a5033d8750cf11a51b__dae0c8a5033d8750cf11a51b__SEG_0001__CH_001,77
dae0c8a5033d8750cf11a51b__dae0c8a5033d8750cf11a51b__SEG_0001__CH_002,105
dae0c8a5033d8750cf11a51b__dae0c8a5033d8750cf11a51b__SEG_0001__CH_003,91
dae0c8a5033d8750cf11a51b__dae0c8a5033d8750cf11a51b__SEG_0001__CH_004,84
dae0c8a5033d8750cf11a51b__dae0c8a5033d8750cf11a51b__SEG_0001__CH_005,85
dae0c8a5033d8750cf11a51b__dae0c8a5033d8750cf11a51b__SEG_0001__CH_006,128
dae0c8a5033d8750cf11a51b__dae0c8a5033d8750cf11a51b__SEG_0001__CH_007,138
dae0c8a5033d8750cf11a51b__dae0c8a5033d8750cf11a51b__SEG_0001__CH_008,118
dae0c8a5033d8750cf11a51b__dae0c8a5033d8750cf11a51b__SEG_0002__CH_001,124
dae0c8a5033d8750cf11a51b__dae0c8a5033d8750cf11a51b__SEG_0002__CH_002,67
dae0c8a5033d8750cf11a51b__dae0c8a5033d8750cf11a51b__SEG_0002__CH_003,99
daff1342575681b298a4609d__PDFV2__CH_0001,81
daff1342575681b298a4609d__PDFV2__CH_0002,110
daff1342575681b298a4609d__PDFV2__CH_0004,128
daff1342575681b298a4609d__PDFV2__CH_0005__M,105
daff1342575681b298a4609d__PDFV2__CH_0007,120
daff1342575681b298a4609d__PDFV2__CH_0008,103
daff1342575681b298a4609d__PDFV2__CH_0009__M,121
daff1342575681b298a4609d__PDFV2__CH_0011,48
daff1342575681b298a4609d__PDFV2__CH_0013,57
daff1342575681b298a4609d__PDFV2__CH_0014,86
daff1342575681b298a4609d__PDFV2__CH_0017,83
daff1342575681b298a4609d__PDFV2__CH_0018,75
daff1342575681b298a4609d__PDFV2__CH_0019,107
daff1342575681b298a4609d__PDFV2__CH_0020,138
daff1342575681b298a4609d__PDFV2__CH_0021,113
db493fa15925d31b6a361eaf__db493fa15925d31b6a361eaf__SEG_0001__CH_001__M,80
db493fa15925d31b6a361eaf__db493fa15925d31b6a361eaf__SEG_0001__CH_003,57
db493fa15925d31b6a361eaf__db493fa15925d31b6a361eaf__SEG_0001__CH_004,52
db5afc1831dc829b175e7b24__db5afc1831dc829b175e7b24__SEG_0001__CH_001,76
dbd1decc26f098852959a1d3__dbd1decc26f098852959a1d3__SEG_0001__CH_001,44
dc0d8c2b8978a7e66fa64fe2__dc0d8c2b8978a7e66fa64fe2__SEG_0001__CH_001,67
dc0d8c2b8978a7e66fa64fe2__dc0d8c2b8978a7e66fa64fe2__SEG_0001__CH_002,108
dc0d8c2b8978a7e66fa64fe2__dc0d8c2b8978a7e66fa64fe2__SEG_0001__CH_003,122
dc22f0e1ba0bb6cdb6bec76d__PDFV2__CH_0007__M,227
dc22f0e1ba0bb6cdb6bec76d__PDFV2__CH_0010,77
dc22f0e1ba0bb6cdb6bec76d__PDFV2__CH_0011__M,80
dc22f0e1ba0bb6cdb6bec76d__PDFV2__CH_0013,54
dc22f0e1ba0bb6cdb6bec76d__PDFV2__CH_0014,84
dc22f0e1ba0bb6cdb6bec76d__PDFV2__CH_0019,84
dc22f0e1ba0bb6cdb6bec76d__PDFV2__CH_0020__M,56
dc22f0e1ba0bb6cdb6bec76d__PDFV2__CH_0025__M,105
dca2188127b26587626d5007__dca2188127b26587626d5007__SEG_0001__CH_001,70
dcf7f741a3ab71cf3cb60d26__dcf7f741a3ab71cf3cb60d26__SEG_0001__CH_001,71
dcf7f741a3ab71cf3cb60d26__dcf7f741a3ab71cf3cb60d26__SEG_0001__CH_002,39
dd57d4f485ef7f2a34ebefb0__dd57d4f485ef7f2a34ebefb0__SEG_0001__CH_001,117
dd58c3281bbd321135a59321__dd58c3281bbd321135a59321__SEG_0001__CH_001,136
dd58c3281bbd321135a59321__dd58c3281bbd321135a59321__SEG_0001__CH_002,101
dd58c3281bbd321135a59321__dd58c3281bbd321135a59321__SEG_0001__CH_003,132
dd58c3281bbd321135a59321__dd58c3281bbd321135a59321__SEG_0001__CH_004,122
dd58c3281bbd321135a59321__dd58c3281bbd321135a59321__SEG_0001__CH_005,108
dd58c3281bbd321135a59321__dd58c3281bbd321135a59321__SEG_0002__CH_001,91
dd58c3281bbd321135a59321__dd58c3281bbd321135a59321__SEG_0002__CH_002__S1,96
dd58c3281bbd321135a59321__dd58c3281bbd321135a59321__SEG_0002__CH_002__S2,108
dd58c3281bbd321135a59321__dd58c3281bbd321135a59321__SEG_0002__CH_003,83
dd58c3281bbd321135a59321__dd58c3281bbd321135a59321__SEG_0003__CH_001,82
dd58c3281bbd321135a59321__dd58c3281bbd321135a59321__SEG_0003__CH_002,138
dd58c3281bbd321135a59321__dd58c3281bbd321135a59321__SEG_0003__CH_003,182
dd58c3281bbd321135a59321__dd58c3281bbd321135a59321__SEG_0003__CH_005,95
dd6c19100273715fd5bd7e6f__PDFV2__CH_0001,107
dd6c19100273715fd5bd7e6f__PDFV2__CH_0003,85
dd6c19100273715fd5bd7e6f__PDFV2__CH_0004,82
dd753ee3cae574f7e7444fc7__dd753ee3cae574f7e7444fc7__SEG_0001__CH_001,111
dd9ef07c045ce151ab62a4e3__PDFV2__CH_0001,59
dd9ef07c045ce151ab62a4e3__PDFV2__CH_0002,63
dd9ef07c045ce151ab62a4e3__PDFV2__CH_0003,86
dd9ef07c045ce151ab62a4e3__PDFV2__CH_0004,83
dd9ef07c045ce151ab62a4e3__PDFV2__CH_0005,63
dd9ef07c045ce151ab62a4e3__PDFV2__CH_0006,62
dd9ef07c045ce151ab62a4e3__PDFV2__CH_0007,67
dd9ef07c045ce151ab62a4e3__PDFV2__CH_0008,85
dd9ef07c045ce151ab62a4e3__PDFV2__CH_0009__M,68
dd9ef07c045ce151ab62a4e3__PDFV2__CH_0011,68
dd9ef07c045ce151ab62a4e3__PDFV2__CH_0012,97
ddf5b956f071f3ecce60f9e5__ddf5b956f071f3ecce60f9e5__SEG_0001__CH_002,100
de66a176ba73f3c7097f731c__de66a176ba73f3c7097f731c__SEG_0001__CH_002,93
de66a176ba73f3c7097f731c__de66a176ba73f3c7097f731c__SEG_0001__CH_003,84
de66a176ba73f3c7097f731c__de66a176ba73f3c7097f731c__SEG_0001__CH_006,109
de90f9017a0f588790d793da__de90f9017a0f588790d793da__SEG_0001__CH_001,118
de90f9017a0f588790d793da__de90f9017a0f588790d793da__SEG_0001__CH_002,103
de90f9017a0f588790d793da__de90f9017a0f588790d793da__SEG_0001__CH_003,80
def7e659ade4d3a310dcc715__def7e659ade4d3a310dcc715__SEG_0001__CH_001,110
def7e659ade4d3a310dcc715__def7e659ade4d3a310dcc715__SEG_0001__CH_002,97
def7e659ade4d3a310dcc715__def7e659ade4d3a310dcc715__SEG_0001__CH_003,114
def7e659ade4d3a310dcc715__def7e659ade4d3a310dcc715__SEG_0002__CH_002,75
def7e659ade4d3a310dcc715__def7e659ade4d3a310dcc715__SEG_0002__CH_003,88
def7e659ade4d3a310dcc715__def7e659ade4d3a310dcc715__SEG_0002__CH_004,84
def7e659ade4d3a310dcc715__def7e659ade4d3a310dcc715__SEG_0002__CH_005,70
def7e659ade4d3a310dcc715__def7e659ade4d3a310dcc715__SEG_0002__CH_006,93
def7e659ade4d3a310dcc715__def7e659ade4d3a310dcc715__SEG_0002__CH_007,102
def7e659ade4d3a310dcc715__def7e659ade4d3a310dcc715__SEG_0003__CH_001,88
def7e659ade4d3a310dcc715__def7e659ade4d3a310dcc715__SEG_0003__CH_002,94
def7e659ade4d3a310dcc715__def7e659ade4d3a310dcc715__SEG_0003__CH_003,57
def7e659ade4d3a310dcc715__def7e659ade4d3a310dcc715__SEG_0003__CH_004,212
def7e659ade4d3a310dcc715__def7e659ade4d3a310dcc715__SEG_0003__CH_005,134
df049350d31bd7d6a1fe0c9a__df049350d31bd7d6a1fe0c9a__SEG_0001__CH_001,64
df049350d31bd7d6a1fe0c9a__df049350d31bd7d6a1fe0c9a__SEG_0001__CH_002__M,85
df049350d31bd7d6a1fe0c9a__df049350d31bd7d6a1fe0c9a__SEG_0001__CH_004,96
df049350d31bd7d6a1fe0c9a__df049350d31bd7d6a1fe0c9a__SEG_0001__CH_005,109
df167a772c1efb506475b5e9__df167a772c1efb506475b5e9__SEG_0001__CH_001,100
df167a772c1efb506475b5e9__df167a772c1efb506475b5e9__SEG_0001__CH_002,91
df167a772c1efb506475b5e9__df167a772c1efb506475b5e9__SEG_0001__CH_003,49
df54000f6047f1d77185f70b__df54000f6047f1d77185f70b__SEG_0001__CH_002,65
df54000f6047f1d77185f70b__df54000f6047f1d77185f70b__SEG_0001__CH_003,56
df54000f6047f1d77185f70b__df54000f6047f1d77185f70b__SEG_0001__CH_004,84
df54000f6047f1d77185f70b__df54000f6047f1d77185f70b__SEG_0001__CH_005,130
df54000f6047f1d77185f70b__df54000f6047f1d77185f70b__SEG_0001__CH_006,132
df54000f6047f1d77185f70b__df54000f6047f1d77185f70b__SEG_0001__CH_007,104
df54000f6047f1d77185f70b__df54000f6047f1d77185f70b__SEG_0001__CH_008,116
df54000f6047f1d77185f70b__df54000f6047f1d77185f70b__SEG_0001__CH_009,64
df54000f6047f1d77185f70b__df54000f6047f1d77185f70b__SEG_0002__CH_003,87
df54000f6047f1d77185f70b__df54000f6047f1d77185f70b__SEG_0002__CH_004,78
df54000f6047f1d77185f70b__df54000f6047f1d77185f70b__SEG_0003__CH_001,60
df54000f6047f1d77185f70b__df54000f6047f1d77185f70b__SEG_0003__CH_002,108
e04569ba996236e1ee2e587c__e04569ba996236e1ee2e587c__SEG_0001__CH_001,82
e04569ba996236e1ee2e587c__e04569ba996236e1ee2e587c__SEG_0001__CH_002,85
e04569ba996236e1ee2e587c__e04569ba996236e1ee2e587c__SEG_0001__CH_003,52
e083fac58214b949c7766eb0__e083fac58214b949c7766eb0__SEG_0001__CH_002,51
e083fac58214b949c7766eb0__e083fac58214b949c7766eb0__SEG_0001__CH_003,54
e083fac58214b949c7766eb0__e083fac58214b949c7766eb0__SEG_0001__CH_004,47
e083fac58214b949c7766eb0__e083fac58214b949c7766eb0__SEG_0001__CH_006,89
e083fac58214b949c7766eb0__e083fac58214b949c7766eb0__SEG_0001__CH_007__M,102
e083fac58214b949c7766eb0__e083fac58214b949c7766eb0__SEG_0001__CH_009,66
e083fac58214b949c7766eb0__e083fac58214b949c7766eb0__SEG_0001__CH_010,78
e083fac58214b949c7766eb0__e083fac58214b949c7766eb0__SEG_0001__CH_012,57
e08daed576e901f266bb90c4__e08daed576e901f266bb90c4__SEG_0001__CH_001,91
e08daed576e901f266bb90c4__e08daed576e901f266bb90c4__SEG_0001__CH_002,67
e0cb422ee52a2ca7d0651847__e0cb422ee52a2ca7d0651847__SEG_0001__CH_001,61
e0cb80cf3f6b30274176b21c__e0cb80cf3f6b30274176b21c__SEG_0001__CH_001,77
e0cb80cf3f6b30274176b21c__e0cb80cf3f6b30274176b21c__SEG_0001__CH_002,157
e0cb80cf3f6b30274176b21c__e0cb80cf3f6b30274176b21c__SEG_0001__CH_003,156
e0cb80cf3f6b30274176b21c__e0cb80cf3f6b30274176b21c__SEG_0001__CH_004,106
e0cb80cf3f6b30274176b21c__e0cb80cf3f6b30274176b21c__SEG_0001__CH_005,57
e0df67122b447a4245d9800a__e0df67122b447a4245d9800a__SEG_0001__CH_001,69
e1361db826576649f9bbee49__e1361db826576649f9bbee49__SEG_0001__CH_001,70
e1361db826576649f9bbee49__e1361db826576649f9bbee49__SEG_0001__CH_002,71
e1361db826576649f9bbee49__e1361db826576649f9bbee49__SEG_0001__CH_003,67
e169f98ea46beea8e4f3bf99__e169f98ea46beea8e4f3bf99__SEG_0001__CH_001,71
e169f98ea46beea8e4f3bf99__e169f98ea46beea8e4f3bf99__SEG_0001__CH_002,51
e25bd9601995130e5fce1e81__e25bd9601995130e5fce1e81__SEG_0001__CH_002,51
e25bd9601995130e5fce1e81__e25bd9601995130e5fce1e81__SEG_0001__CH_004,40
e25bd9601995130e5fce1e81__e25bd9601995130e5fce1e81__SEG_0001__CH_006,54
e25bd9601995130e5fce1e81__e25bd9601995130e5fce1e81__SEG_0001__CH_007,87
e2827ab273b1bc09b1dfdec8__e2827ab273b1bc09b1dfdec8__SEG_0001__CH_001,89
e2827ab273b1bc09b1dfdec8__e2827ab273b1bc09b1dfdec8__SEG_0001__CH_002,108
e28925cd52c30aee6dca9f1e__e28925cd52c30aee6dca9f1e__SEG_0001__CH_001,117
e28925cd52c30aee6dca9f1e__e28925cd52c30aee6dca9f1e__SEG_0001__CH_002,118
e29f525b33855ddaa79cea8c__e29f525b33855ddaa79cea8c__SEG_0001__CH_001,84
e29f525b33855ddaa79cea8c__e29f525b33855ddaa79cea8c__SEG_0001__CH_002,67
e29f525b33855ddaa79cea8c__e29f525b33855ddaa79cea8c__SEG_0001__CH_003,105
e29f525b33855ddaa79cea8c__e29f525b33855ddaa79cea8c__SEG_0001__CH_004,121
e2b7e62251d742419f1c3b43__PDFV2__CH_0001,81
e2b7e62251d742419f1c3b43__PDFV2__CH_0002,143
e2b7e62251d742419f1c3b43__PDFV2__CH_0003,122
e2b7e62251d742419f1c3b43__PDFV2__CH_0004,97
e2d2f149ca3b57d22eaa1301__e2d2f149ca3b57d22eaa1301__SEG_0001__CH_001,57
e2d9502ff5df1a79ebff675c__e2d9502ff5df1a79ebff675c__SEG_0001__CH_002,101
e2ff9310ae7516ab101d807f__e2ff9310ae7516ab101d807f__SEG_0001__CH_001,102
e33eecff0eb535ab505f5436__e33eecff0eb535ab505f5436__SEG_0001__CH_002__M,81
e348a17ebd8c65235c94bf3c__e348a17ebd8c65235c94bf3c__SEG_0001__CH_001,93
e348a17ebd8c65235c94bf3c__e348a17ebd8c65235c94bf3c__SEG_0001__CH_002,60
e348a17ebd8c65235c94bf3c__e348a17ebd8c65235c94bf3c__SEG_0001__CH_003,39
e3b237d700b49bc88e54d2ea__e3b237d700b49bc88e54d2ea__SEG_0001__CH_001,73
e3d39f28eb9293bfcebbca20__e3d39f28eb9293bfcebbca20__SEG_0001__CH_001__M,102
e3de576cf3df9087ffc0d790__e3de576cf3df9087ffc0d790__SEG_0001__CH_002,62
e3de576cf3df9087ffc0d790__e3de576cf3df9087ffc0d790__SEG_0001__CH_003,82
e499b714ce9c9152b723937e__e499b714ce9c9152b723937e__SEG_0001__CH_002,116
e4b5c6cd600604a768b0d40b__e4b5c6cd600604a768b0d40b__SEG_0001__CH_001,37
e4b5c6cd600604a768b0d40b__e4b5c6cd600604a768b0d40b__SEG_0001__CH_003,68
e4dc4e1b8ec50aba33c880a5__e4dc4e1b8ec50aba33c880a5__SEG_0001__CH_001__M,78
e4dc4e1b8ec50aba33c880a5__e4dc4e1b8ec50aba33c880a5__SEG_0001__CH_003,107
e4dc4e1b8ec50aba33c880a5__e4dc4e1b8ec50aba33c880a5__SEG_0001__CH_004,64
e4dc4e1b8ec50aba33c880a5__e4dc4e1b8ec50aba33c880a5__SEG_0001__CH_005,79
e4f69008de40977acf709eca__PDFV2__CH_0002,88
e4f69008de40977acf709eca__PDFV2__CH_0003,97
e4f69008de40977acf709eca__PDFV2__CH_0004,102
e4f69008de40977acf709eca__PDFV2__CH_0005,72
e4f69008de40977acf709eca__PDFV2__CH_0006,91
e4f69008de40977acf709eca__PDFV2__CH_0007,103
e4f69008de40977acf709eca__PDFV2__CH_0008,77
e4f69008de40977acf709eca__PDFV2__CH_0009,82
e4f69008de40977acf709eca__PDFV2__CH_0010,77
e4f69008de40977acf709eca__PDFV2__CH_0011,73
e4f69008de40977acf709eca__PDFV2__CH_0012,69
e4f69008de40977acf709eca__PDFV2__CH_0013,102
e4f69008de40977acf709eca__PDFV2__CH_0014,82
e4f69008de40977acf709eca__PDFV2__CH_0015,84
e4f69008de40977acf709eca__PDFV2__CH_0016,106
e4f69008de40977acf709eca__PDFV2__CH_0017__M,109
e4f69008de40977acf709eca__PDFV2__CH_0019,87
e56e063ccc0c4e0d8a5297dd__PDFV2__CH_0001,63
e56e063ccc0c4e0d8a5297dd__PDFV2__CH_0002,104
e5715173aaa59bdc624a68c1__PDFV2__CH_0001,70
e5715173aaa59bdc624a68c1__PDFV2__CH_0002,98
e5715173aaa59bdc624a68c1__PDFV2__CH_0003,75
e5715173aaa59bdc624a68c1__PDFV2__CH_0004,74
e5715173aaa59bdc624a68c1__PDFV2__CH_0005,142
e5715173aaa59bdc624a68c1__PDFV2__CH_0006,77
e5715173aaa59bdc624a68c1__PDFV2__CH_0007,65
e5715173aaa59bdc624a68c1__PDFV2__CH_0008,77
e5715173aaa59bdc624a68c1__PDFV2__CH_0009,42
e5715173aaa59bdc624a68c1__PDFV2__CH_0010,99
e5715173aaa59bdc624a68c1__PDFV2__CH_0011,112
e5715173aaa59bdc624a68c1__PDFV2__CH_0012,72
e5715173aaa59bdc624a68c1__PDFV2__CH_0013,79
e5715173aaa59bdc624a68c1__PDFV2__CH_0014,93
e58c1112aa46b83f98512134__e58c1112aa46b83f98512134__SEG_0001__CH_001,154
e58c1112aa46b83f98512134__e58c1112aa46b83f98512134__SEG_0001__CH_002,82
e5919c5f0e702a5368dc92ad__e5919c5f0e702a5368dc92ad__SEG_0001__CH_001,72
e5919c5f0e702a5368dc92ad__e5919c5f0e702a5368dc92ad__SEG_0001__CH_002,97
e5919c5f0e702a5368dc92ad__e5919c5f0e702a5368dc92ad__SEG_0001__CH_003,55
e5b6b3baa49426bbc93680a2__e5b6b3baa49426bbc93680a2__SEG_0001__CH_002,163
e6839be15a1cfe529b8ae5cb__e6839be15a1cfe529b8ae5cb__SEG_0002__CH_001__S1,124
e6839be15a1cfe529b8ae5cb__e6839be15a1cfe529b8ae5cb__SEG_0002__CH_001__S2,90
e6839be15a1cfe529b8ae5cb__e6839be15a1cfe529b8ae5cb__SEG_0002__CH_001__S3,82
e6839be15a1cfe529b8ae5cb__e6839be15a1cfe529b8ae5cb__SEG_0002__CH_001__S4,100
e6839be15a1cfe529b8ae5cb__e6839be15a1cfe529b8ae5cb__SEG_0002__CH_001__S5,117
e6839be15a1cfe529b8ae5cb__e6839be15a1cfe529b8ae5cb__SEG_0002__CH_001__S6,79
e6839be15a1cfe529b8ae5cb__e6839be15a1cfe529b8ae5cb__SEG_0002__CH_001__S7,132
e6d5219e2182ae5178dc4291__PDFV2__CH_0002,94
e6d5219e2182ae5178dc4291__PDFV2__CH_0003,141
e6d5219e2182ae5178dc4291__PDFV2__CH_0004,96
e6d5219e2182ae5178dc4291__PDFV2__CH_0005,85
e6d5219e2182ae5178dc4291__PDFV2__CH_0006,82
e6d5219e2182ae5178dc4291__PDFV2__CH_0008,116
e6d5219e2182ae5178dc4291__PDFV2__CH_0009,219
e6d5219e2182ae5178dc4291__PDFV2__CH_0010,89
e6d5219e2182ae5178dc4291__PDFV2__CH_0011,128
e6d5219e2182ae5178dc4291__PDFV2__CH_0012,52
e6d5219e2182ae5178dc4291__PDFV2__CH_0013__M,92
e7a5effac1466958d0b464e9__e7a5effac1466958d0b464e9__SEG_0001__CH_001,120
e7a5effac1466958d0b464e9__e7a5effac1466958d0b464e9__SEG_0001__CH_002,107
e7a5effac1466958d0b464e9__e7a5effac1466958d0b464e9__SEG_0001__CH_003,127
e7a5effac1466958d0b464e9__e7a5effac1466958d0b464e9__SEG_0001__CH_004,95
e7a5effac1466958d0b464e9__e7a5effac1466958d0b464e9__SEG_0001__CH_005,159
e7ea7de05e1fa7659a524e67__e7ea7de05e1fa7659a524e67__SEG_0001__CH_001,100
e7ea7de05e1fa7659a524e67__e7ea7de05e1fa7659a524e67__SEG_0001__CH_002,90
e7ea7de05e1fa7659a524e67__e7ea7de05e1fa7659a524e67__SEG_0001__CH_003,62
e808253f04d26bc99c263f2e__e808253f04d26bc99c263f2e__SEG_0001__CH_001,83
e808253f04d26bc99c263f2e__e808253f04d26bc99c263f2e__SEG_0001__CH_002,137
e808253f04d26bc99c263f2e__e808253f04d26bc99c263f2e__SEG_0001__CH_003,84
e839fb6b9aab04092a14a4e0__e839fb6b9aab04092a14a4e0__SEG_0001__CH_001,51
e85b4f5010695283b0bb2143__e85b4f5010695283b0bb2143__SEG_0001__CH_001,37
e85b4f5010695283b0bb2143__e85b4f5010695283b0bb2143__SEG_0001__CH_002,97
e85b4f5010695283b0bb2143__e85b4f5010695283b0bb2143__SEG_0001__CH_005,46
e85b4f5010695283b0bb2143__e85b4f5010695283b0bb2143__SEG_0001__CH_006,101
e86ef7cef8d3476cc0c217eb__e86ef7cef8d3476cc0c217eb__SEG_0001__CH_001,89
e86ef7cef8d3476cc0c217eb__e86ef7cef8d3476cc0c217eb__SEG_0001__CH_002,87
e8710c5bc8b8071a650a7b2e__e8710c5bc8b8071a650a7b2e__SEG_0001__CH_001,93
e8ab2af2e7efc2a8e3458cc3__e8ab2af2e7efc2a8e3458cc3__SEG_0001__CH_002,78
e8ab2af2e7efc2a8e3458cc3__e8ab2af2e7efc2a8e3458cc3__SEG_0001__CH_003,118
e8b5465528b79c6d8874058f__PDFV2__CH_0001,55
e8b5465528b79c6d8874058f__PDFV2__CH_0002,67
e8d913f018d131cc5a1c2b39__e8d913f018d131cc5a1c2b39__SEG_0001__CH_001,84
e948574da0b998cc26144af5__e948574da0b998cc26144af5__SEG_0001__CH_001,101
e948574da0b998cc26144af5__e948574da0b998cc26144af5__SEG_0001__CH_002,51
e9492fa2f86edc35239e8a37__PDFV2__CH_0001,75
e9492fa2f86edc35239e8a37__PDFV2__CH_0002,64
e9492fa2f86edc35239e8a37__PDFV2__CH_0003,95
e9492fa2f86edc35239e8a37__PDFV2__CH_0004,67
e95def8be7dfd81b9f4442ab__e95def8be7dfd81b9f4442ab__SEG_0001__CH_002,68
e9c0c45c3cca7fa9670f4b52__e9c0c45c3cca7fa9670f4b52__SEG_0001__CH_002,106
e9c0c45c3cca7fa9670f4b52__e9c0c45c3cca7fa9670f4b52__SEG_0001__CH_003,78
e9c0c45c3cca7fa9670f4b52__e9c0c45c3cca7fa9670f4b52__SEG_0001__CH_004,112
e9c0c45c3cca7fa9670f4b52__e9c0c45c3cca7fa9670f4b52__SEG_0001__CH_005,136
e9c0c45c3cca7fa9670f4b52__e9c0c45c3cca7fa9670f4b52__SEG_0001__CH_006,49
e9c0c45c3cca7fa9670f4b52__e9c0c45c3cca7fa9670f4b52__SEG_0001__CH_007,81
e9c0c45c3cca7fa9670f4b52__e9c0c45c3cca7fa9670f4b52__SEG_0001__CH_008,119
e9c0c45c3cca7fa9670f4b52__e9c0c45c3cca7fa9670f4b52__SEG_0001__CH_009,87
eaea23a047eebaa209a6dedb__eaea23a047eebaa209a6dedb__SEG_0001__CH_002,85
eaea23a047eebaa209a6dedb__eaea23a047eebaa209a6dedb__SEG_0001__CH_003,81
eaea23a047eebaa209a6dedb__eaea23a047eebaa209a6dedb__SEG_0001__CH_004,117
eb38a872b24bdc6e310b3a5a__eb38a872b24bdc6e310b3a5a__SEG_0001__CH_001,89
eb38a872b24bdc6e310b3a5a__eb38a872b24bdc6e310b3a5a__SEG_0001__CH_002,96
eb38a872b24bdc6e310b3a5a__eb38a872b24bdc6e310b3a5a__SEG_0001__CH_003,95
eb38a872b24bdc6e310b3a5a__eb38a872b24bdc6e310b3a5a__SEG_0001__CH_004,127
eb38a872b24bdc6e310b3a5a__eb38a872b24bdc6e310b3a5a__SEG_0001__CH_005,109
eb38a872b24bdc6e310b3a5a__eb38a872b24bdc6e310b3a5a__SEG_0001__CH_006,83
ebc3ce5a303c35dfc5455463__PDFV2__CH_0002,98
ebc3ce5a303c35dfc5455463__PDFV2__CH_0003,106
ebc3ce5a303c35dfc5455463__PDFV2__CH_0004,79
ebc3ce5a303c35dfc5455463__PDFV2__CH_0005,71
ebc3ce5a303c35dfc5455463__PDFV2__CH_0006,92
ebc3ce5a303c35dfc5455463__PDFV2__CH_0007,99
ebc3ce5a303c35dfc5455463__PDFV2__CH_0008,94
ebc3ce5a303c35dfc5455463__PDFV2__CH_0009,104
ebc3ce5a303c35dfc5455463__PDFV2__CH_0011,79
ebed6a582ad2da02488146cb__ebed6a582ad2da02488146cb__SEG_0001__CH_001,64
ec06edddee2c7fc0423b716d__PDFV2__CH_0005,55
ec06edddee2c7fc0423b716d__PDFV2__CH_0010,98
ec06edddee2c7fc0423b716d__PDFV2__CH_0011,57
ec348f26892dbc7509cde4d5__PDFV2__CH_0001,81
ec348f26892dbc7509cde4d5__PDFV2__CH_0003,123
ecaaa18fdb7b55b1173ec753__ecaaa18fdb7b55b1173ec753__SEG_0001__CH_001,119
ecaaa18fdb7b55b1173ec753__ecaaa18fdb7b55b1173ec753__SEG_0001__CH_002,95
ecaaa18fdb7b55b1173ec753__ecaaa18fdb7b55b1173ec753__SEG_0001__CH_003,79
ed1315ffccc0e32751fca736__ed1315ffccc0e32751fca736__SEG_0001__CH_001,99
ed1315ffccc0e32751fca736__ed1315ffccc0e32751fca736__SEG_0001__CH_002,75
ed3145093dabbd70a9234f1a__ed3145093dabbd70a9234f1a__SEG_0001__CH_001,58
ed3145093dabbd70a9234f1a__ed3145093dabbd70a9234f1a__SEG_0001__CH_002,148
ed3145093dabbd70a9234f1a__ed3145093dabbd70a9234f1a__SEG_0001__CH_003,108
ed3145093dabbd70a9234f1a__ed3145093dabbd70a9234f1a__SEG_0002__CH_001,198
ed58ec74c4013b9543b195f7__ed58ec74c4013b9543b195f7__SEG_0001__CH_001,61
eda4a409f229b97f8c17c882__eda4a409f229b97f8c17c882__SEG_0001__CH_001,111
eda4a409f229b97f8c17c882__eda4a409f229b97f8c17c882__SEG_0001__CH_002,125
edc20b9acb7be3e54d0452c3__PDFV2__CH_0009,85
edc20b9acb7be3e54d0452c3__PDFV2__CH_0010,71
edc20b9acb7be3e54d0452c3__PDFV2__CH_0011,92
edc20b9acb7be3e54d0452c3__PDFV2__CH_0012,77
edc20b9acb7be3e54d0452c3__PDFV2__CH_0013,82
edc20b9acb7be3e54d0452c3__PDFV2__CH_0015,75
edc20b9acb7be3e54d0452c3__PDFV2__CH_0017,101
edc20b9acb7be3e54d0452c3__PDFV2__CH_0018,103
edc20b9acb7be3e54d0452c3__PDFV2__CH_0019,83
edc20b9acb7be3e54d0452c3__PDFV2__CH_0020,76
edc20b9acb7be3e54d0452c3__PDFV2__CH_0021,92
edc20b9acb7be3e54d0452c3__PDFV2__CH_0022,98
edc20b9acb7be3e54d0452c3__PDFV2__CH_0023,98
edc20b9acb7be3e54d0452c3__PDFV2__CH_0025,59
edc20b9acb7be3e54d0452c3__PDFV2__CH_0026,57
edc20b9acb7be3e54d0452c3__PDFV2__CH_0027,80
edc20b9acb7be3e54d0452c3__PDFV2__CH_0028,121
edc20b9acb7be3e54d0452c3__PDFV2__CH_0029,57
edc20b9acb7be3e54d0452c3__PDFV2__CH_0030,87
edc20b9acb7be3e54d0452c3__PDFV2__CH_0031,84
edc20b9acb7be3e54d0452c3__PDFV2__CH_0032,105
edc20b9acb7be3e54d0452c3__PDFV2__CH_0033,123
edc20b9acb7be3e54d0452c3__PDFV2__CH_0034,70
edc20b9acb7be3e54d0452c3__PDFV2__CH_0035,97
edc20b9acb7be3e54d0452c3__PDFV2__CH_0036,79
edc20b9acb7be3e54d0452c3__PDFV2__CH_0037,78
edc20b9acb7be3e54d0452c3__PDFV2__CH_0038,78
edc20b9acb7be3e54d0452c3__PDFV2__CH_0039,65
edc20b9acb7be3e54d0452c3__PDFV2__CH_0040,65
edc20b9acb7be3e54d0452c3__PDFV2__CH_0041,93
edc20b9acb7be3e54d0452c3__PDFV2__CH_0042,79
edc20b9acb7be3e54d0452c3__PDFV2__CH_0043,74
edc20b9acb7be3e54d0452c3__PDFV2__CH_0044,65
edc20b9acb7be3e54d0452c3__PDFV2__CH_0045,96
edc20b9acb7be3e54d0452c3__PDFV2__CH_0046,100
edc20b9acb7be3e54d0452c3__PDFV2__CH_0047,110
edc20b9acb7be3e54d0452c3__PDFV2__CH_0048,73
edc20b9acb7be3e54d0452c3__PDFV2__CH_0049,82
edc20b9acb7be3e54d0452c3__PDFV2__CH_0050,77
edc20b9acb7be3e54d0452c3__PDFV2__CH_0051,60
edc20b9acb7be3e54d0452c3__PDFV2__CH_0052,59
edc20b9acb7be3e54d0452c3__PDFV2__CH_0054,61
edc20b9acb7be3e54d0452c3__PDFV2__CH_0055,72
edc20b9acb7be3e54d0452c3__PDFV2__CH_0057,90
edc20b9acb7be3e54d0452c3__PDFV2__CH_0058,86
edc20b9acb7be3e54d0452c3__PDFV2__CH_0059,72
edc20b9acb7be3e54d0452c3__PDFV2__CH_0060,113
edc20b9acb7be3e54d0452c3__PDFV2__CH_0061,122
edc20b9acb7be3e54d0452c3__PDFV2__CH_0062,61
edc20b9acb7be3e54d0452c3__PDFV2__CH_0063,94
edc20b9acb7be3e54d0452c3__PDFV2__CH_0064,81
edc20b9acb7be3e54d0452c3__PDFV2__CH_0065,75
edc20b9acb7be3e54d0452c3__PDFV2__CH_0066,77
edc20b9acb7be3e54d0452c3__PDFV2__CH_0067,81
edc20b9acb7be3e54d0452c3__PDFV2__CH_0068,76
edc20b9acb7be3e54d0452c3__PDFV2__CH_0069,80
edc20b9acb7be3e54d0452c3__PDFV2__CH_0070,98
edc20b9acb7be3e54d0452c3__PDFV2__CH_0071,99
edc20b9acb7be3e54d0452c3__PDFV2__CH_0072,83
edc20b9acb7be3e54d0452c3__PDFV2__CH_0073,93
edc20b9acb7be3e54d0452c3__PDFV2__CH_0074,90
edc20b9acb7be3e54d0452c3__PDFV2__CH_0075,103
edc20b9acb7be3e54d0452c3__PDFV2__CH_0076,106
edc20b9acb7be3e54d0452c3__PDFV2__CH_0078,90
edc20b9acb7be3e54d0452c3__PDFV2__CH_0079,112
edc20b9acb7be3e54d0452c3__PDFV2__CH_0080,114
edc20b9acb7be3e54d0452c3__PDFV2__CH_0081,83
edc20b9acb7be3e54d0452c3__PDFV2__CH_0082,92
edc20b9acb7be3e54d0452c3__PDFV2__CH_0083,103
edc20b9acb7be3e54d0452c3__PDFV2__CH_0084,90
edc20b9acb7be3e54d0452c3__PDFV2__CH_0085,86
edc20b9acb7be3e54d0452c3__PDFV2__CH_0086,108
edc20b9acb7be3e54d0452c3__PDFV2__CH_0087,65
edc20b9acb7be3e54d0452c3__PDFV2__CH_0088,94
edc20b9acb7be3e54d0452c3__PDFV2__CH_0089,87
edc20b9acb7be3e54d0452c3__PDFV2__CH_0090,81
edc20b9acb7be3e54d0452c3__PDFV2__CH_0091,107
edc20b9acb7be3e54d0452c3__PDFV2__CH_0093,68
edc20b9acb7be3e54d0452c3__PDFV2__CH_0094,91
edc20b9acb7be3e54d0452c3__PDFV2__CH_0095,81
edc20b9acb7be3e54d0452c3__PDFV2__CH_0096,75
edc20b9acb7be3e54d0452c3__PDFV2__CH_0097,89
edc20b9acb7be3e54d0452c3__PDFV2__CH_0098,109
edc20b9acb7be3e54d0452c3__PDFV2__CH_0099,90
edc20b9acb7be3e54d0452c3__PDFV2__CH_0100,85
edc20b9acb7be3e54d0452c3__PDFV2__CH_0101,117
edc20b9acb7be3e54d0452c3__PDFV2__CH_0102,83
edc20b9acb7be3e54d0452c3__PDFV2__CH_0103,92
edc20b9acb7be3e54d0452c3__PDFV2__CH_0104,79
edc20b9acb7be3e54d0452c3__PDFV2__CH_0105,87
edc20b9acb7be3e54d0452c3__PDFV2__CH_0106,122
edc20b9acb7be3e54d0452c3__PDFV2__CH_0107,119
edc20b9acb7be3e54d0452c3__PDFV2__CH_0108,75
edc20b9acb7be3e54d0452c3__PDFV2__CH_0110,98
edc20b9acb7be3e54d0452c3__PDFV2__CH_0111__M,101
edc20b9acb7be3e54d0452c3__PDFV2__CH_0113,115
edc20b9acb7be3e54d0452c3__PDFV2__CH_0114,91
edc20b9acb7be3e54d0452c3__PDFV2__CH_0115,65
edc20b9acb7be3e54d0452c3__PDFV2__CH_0116,65
edc20b9acb7be3e54d0452c3__PDFV2__CH_0117,104
edc20b9acb7be3e54d0452c3__PDFV2__CH_0118,102
edc20b9acb7be3e54d0452c3__PDFV2__CH_0119,93
edc20b9acb7be3e54d0452c3__PDFV2__CH_0120,99
edc20b9acb7be3e54d0452c3__PDFV2__CH_0121,58
edc20b9acb7be3e54d0452c3__PDFV2__CH_0123,99
edeeb4c5c1a7fd68e4286b1b__edeeb4c5c1a7fd68e4286b1b__SEG_0001__CH_001,84
edeeb4c5c1a7fd68e4286b1b__edeeb4c5c1a7fd68e4286b1b__SEG_0001__CH_002,67
edeeb4c5c1a7fd68e4286b1b__edeeb4c5c1a7fd68e4286b1b__SEG_0001__CH_003,93
ee08a189ef5670d66ca473b4__ee08a189ef5670d66ca473b4__SEG_0001__CH_001,114
ee32b56679c19b54352aa232__ee32b56679c19b54352aa232__SEG_0001__CH_001,110
ee32b56679c19b54352aa232__ee32b56679c19b54352aa232__SEG_0001__CH_002,113
ee35b332a689e3d83de33cf3__ee35b332a689e3d83de33cf3__SEG_0001__CH_002,93
ee35b332a689e3d83de33cf3__ee35b332a689e3d83de33cf3__SEG_0001__CH_003,118
ee35b332a689e3d83de33cf3__ee35b332a689e3d83de33cf3__SEG_0001__CH_004,97
ee35b332a689e3d83de33cf3__ee35b332a689e3d83de33cf3__SEG_0001__CH_005,75
ee982e0b344a9d6460e05141__PDFV2__CH_0001,107
ee982e0b344a9d6460e05141__PDFV2__CH_0002,116
ee982e0b344a9d6460e05141__PDFV2__CH_0003,94
ee982e0b344a9d6460e05141__PDFV2__CH_0010,73
ee982e0b344a9d6460e05141__PDFV2__CH_0013,152
ee982e0b344a9d6460e05141__PDFV2__CH_0015,100
ef8fa4bf66060d2dce536fcf__ef8fa4bf66060d2dce536fcf__SEG_0001__CH_001,69
efae25bc29f9baa0d6f6c534__efae25bc29f9baa0d6f6c534__SEG_0001__CH_001,59
efae25bc29f9baa0d6f6c534__efae25bc29f9baa0d6f6c534__SEG_0001__CH_002,136
efae25bc29f9baa0d6f6c534__efae25bc29f9baa0d6f6c534__SEG_0001__CH_003,97
efae25bc29f9baa0d6f6c534__efae25bc29f9baa0d6f6c534__SEG_0001__CH_004,153
efae25bc29f9baa0d6f6c534__efae25bc29f9baa0d6f6c534__SEG_0002__CH_001,107
efb981f239d94d46ee039963__efb981f239d94d46ee039963__SEG_0001__CH_001,103
efb981f239d94d46ee039963__efb981f239d94d46ee039963__SEG_0001__CH_002,88
eff8a2784cd3d1d7aaa8f411__PDFV2__CH_0001,69
eff8a2784cd3d1d7aaa8f411__PDFV2__CH_0002,86
eff8a2784cd3d1d7aaa8f411__PDFV2__CH_0003,88
eff8a2784cd3d1d7aaa8f411__PDFV2__CH_0004,85
eff8a2784cd3d1d7aaa8f411__PDFV2__CH_0005,113
eff8a2784cd3d1d7aaa8f411__PDFV2__CH_0006,99
eff8a2784cd3d1d7aaa8f411__PDFV2__CH_0007,66
eff8a2784cd3d1d7aaa8f411__PDFV2__CH_0008,89
eff8a2784cd3d1d7aaa8f411__PDFV2__CH_0009,106
eff8a2784cd3d1d7aaa8f411__PDFV2__CH_0010,130
eff8a2784cd3d1d7aaa8f411__PDFV2__CH_0011,204
eff8a2784cd3d1d7aaa8f411__PDFV2__CH_0012,101
eff8a2784cd3d1d7aaa8f411__PDFV2__CH_0013,93
eff8a2784cd3d1d7aaa8f411__PDFV2__CH_0014,144
eff8a2784cd3d1d7aaa8f411__PDFV2__CH_0015,80
eff8a2784cd3d1d7aaa8f411__PDFV2__CH_0016,94
eff8a2784cd3d1d7aaa8f411__PDFV2__CH_0017,58
eff8a2784cd3d1d7aaa8f411__PDFV2__CH_0018,87
eff8a2784cd3d1d7aaa8f411__PDFV2__CH_0019,94
eff8a2784cd3d1d7aaa8f411__PDFV2__CH_0020,39
eff8a2784cd3d1d7aaa8f411__PDFV2__CH_0021,70
eff8a2784cd3d1d7aaa8f411__PDFV2__CH_0022__M,150
eff8a2784cd3d1d7aaa8f411__PDFV2__CH_0024,98
eff8a2784cd3d1d7aaa8f411__PDFV2__CH_0025,87
eff8a2784cd3d1d7aaa8f411__PDFV2__CH_0026,139
eff8a2784cd3d1d7aaa8f411__PDFV2__CH_0027,68
eff8a2784cd3d1d7aaa8f411__PDFV2__CH_0028,100
eff8a2784cd3d1d7aaa8f411__PDFV2__CH_0029,95
f02625edbe6c7ff5eee8e276__f02625edbe6c7ff5eee8e276__SEG_0001__CH_001,104
f03f8118fb26d9bc77934a33__f03f8118fb26d9bc77934a33__SEG_0001__CH_001,95
f054461bf2c480adf04ef776__PDFV2__CH_0003,100
f054461bf2c480adf04ef776__PDFV2__CH_0004,81
f054461bf2c480adf04ef776__PDFV2__CH_0005,109
f054461bf2c480adf04ef776__PDFV2__CH_0006,108
f0a0f4a85ae27b12a35e7062__f0a0f4a85ae27b12a35e7062__SEG_0001__CH_001,134
f0a0f4a85ae27b12a35e7062__f0a0f4a85ae27b12a35e7062__SEG_0001__CH_002,89
f0a4ed3fbcea187df44a98a3__f0a4ed3fbcea187df44a98a3__SEG_0001__CH_001,48
f1144564525067e12ff9acb7__f1144564525067e12ff9acb7__SEG_0001__CH_001,132
f1144564525067e12ff9acb7__f1144564525067e12ff9acb7__SEG_0001__CH_002,131
f1144564525067e12ff9acb7__f1144564525067e12ff9acb7__SEG_0002__CH_001,34
f1144564525067e12ff9acb7__f1144564525067e12ff9acb7__SEG_0002__CH_002,110
f1144564525067e12ff9acb7__f1144564525067e12ff9acb7__SEG_0002__CH_004,82
f1144564525067e12ff9acb7__f1144564525067e12ff9acb7__SEG_0002__CH_005,76
f1144564525067e12ff9acb7__f1144564525067e12ff9acb7__SEG_0002__CH_006,96
f1144564525067e12ff9acb7__f1144564525067e12ff9acb7__SEG_0003__CH_001,82
f1144564525067e12ff9acb7__f1144564525067e12ff9acb7__SEG_0003__CH_002,111
f1144564525067e12ff9acb7__f1144564525067e12ff9acb7__SEG_0003__CH_003,152
f1144564525067e12ff9acb7__f1144564525067e12ff9acb7__SEG_0004__CH_001,128
f1144564525067e12ff9acb7__f1144564525067e12ff9acb7__SEG_0004__CH_002,74
f1144564525067e12ff9acb7__f1144564525067e12ff9acb7__SEG_0004__CH_003,74
f1144564525067e12ff9acb7__f1144564525067e12ff9acb7__SEG_0004__CH_004,121
f1144564525067e12ff9acb7__f1144564525067e12ff9acb7__SEG_0005__CH_001,158
f1144564525067e12ff9acb7__f1144564525067e12ff9acb7__SEG_0005__CH_002,144
f11a333bb769eb542d1cf8c8__f11a333bb769eb542d1cf8c8__SEG_0001__CH_001,117
f11a333bb769eb542d1cf8c8__f11a333bb769eb542d1cf8c8__SEG_0001__CH_002,98
f11a333bb769eb542d1cf8c8__f11a333bb769eb542d1cf8c8__SEG_0001__CH_003,101
f11a333bb769eb542d1cf8c8__f11a333bb769eb542d1cf8c8__SEG_0001__CH_004,76
f11a333bb769eb542d1cf8c8__f11a333bb769eb542d1cf8c8__SEG_0002__CH_002,71
f11a333bb769eb542d1cf8c8__f11a333bb769eb542d1cf8c8__SEG_0002__CH_003,50
f11daaee15a45edde28fd32d__f11daaee15a45edde28fd32d__SEG_0001__CH_001,100
f12db94e11555ed43c908637__f12db94e11555ed43c908637__SEG_0001__CH_003,74
f12db94e11555ed43c908637__f12db94e11555ed43c908637__SEG_0001__CH_004,85
f12db94e11555ed43c908637__f12db94e11555ed43c908637__SEG_0001__CH_005,56
f15f378545cf183f95e77fda__f15f378545cf183f95e77fda__SEG_0001__CH_001,84
f1c0407ecf3f05113a0cbf52__f1c0407ecf3f05113a0cbf52__SEG_0001__CH_001,77
f1c0407ecf3f05113a0cbf52__f1c0407ecf3f05113a0cbf52__SEG_0001__CH_002,36
f1f9663ff3c6724f3e6dce6a__PDFV2__CH_0001,67
f1f9663ff3c6724f3e6dce6a__PDFV2__CH_0003,79
f1f9663ff3c6724f3e6dce6a__PDFV2__CH_0004,105
f1f9663ff3c6724f3e6dce6a__PDFV2__CH_0006,66
f1f9663ff3c6724f3e6dce6a__PDFV2__CH_0007,83
f1f9663ff3c6724f3e6dce6a__PDFV2__CH_0008,89
f1f9663ff3c6724f3e6dce6a__PDFV2__CH_0009,85
f1f9663ff3c6724f3e6dce6a__PDFV2__CH_0010,76
f1f9663ff3c6724f3e6dce6a__PDFV2__CH_0011,94
f1f9663ff3c6724f3e6dce6a__PDFV2__CH_0012,75
f1f9663ff3c6724f3e6dce6a__PDFV2__CH_0013__M,99
f1f9663ff3c6724f3e6dce6a__PDFV2__CH_0017,91
f1f9663ff3c6724f3e6dce6a__PDFV2__CH_0018,121
f1f9663ff3c6724f3e6dce6a__PDFV2__CH_0019,83
f1f9663ff3c6724f3e6dce6a__PDFV2__CH_0020,86
f1f9663ff3c6724f3e6dce6a__PDFV2__CH_0021,89
f1f9663ff3c6724f3e6dce6a__PDFV2__CH_0022,58
f1f9663ff3c6724f3e6dce6a__PDFV2__CH_0023,64
f1f9663ff3c6724f3e6dce6a__PDFV2__CH_0024,93
f1f9663ff3c6724f3e6dce6a__PDFV2__CH_0026,73
f1f9663ff3c6724f3e6dce6a__PDFV2__CH_0027,78
f1f9663ff3c6724f3e6dce6a__PDFV2__CH_0028,105
f1f9663ff3c6724f3e6dce6a__PDFV2__CH_0029,84
f1f9663ff3c6724f3e6dce6a__PDFV2__CH_0030,90
f1f9663ff3c6724f3e6dce6a__PDFV2__CH_0031,82
f1f9663ff3c6724f3e6dce6a__PDFV2__CH_0032,85
f1f9663ff3c6724f3e6dce6a__PDFV2__CH_0033,85
f1f9663ff3c6724f3e6dce6a__PDFV2__CH_0034,100
f1f9663ff3c6724f3e6dce6a__PDFV2__CH_0036,80
f1f9663ff3c6724f3e6dce6a__PDFV2__CH_0037,66
f1f9663ff3c6724f3e6dce6a__PDFV2__CH_0038,108
f1f9663ff3c6724f3e6dce6a__PDFV2__CH_0039,95
f1f9663ff3c6724f3e6dce6a__PDFV2__CH_0040,48
f1f9663ff3c6724f3e6dce6a__PDFV2__CH_0041,75
f1f9663ff3c6724f3e6dce6a__PDFV2__CH_0043,74
f1f9663ff3c6724f3e6dce6a__PDFV2__CH_0044,101
f1f9663ff3c6724f3e6dce6a__PDFV2__CH_0045,90
f1f9663ff3c6724f3e6dce6a__PDFV2__CH_0046,110
f1f9663ff3c6724f3e6dce6a__PDFV2__CH_0047,77
f1f9663ff3c6724f3e6dce6a__PDFV2__CH_0048,85
f1f9663ff3c6724f3e6dce6a__PDFV2__CH_0049,86
f1f9663ff3c6724f3e6dce6a__PDFV2__CH_0050,52
f1f9663ff3c6724f3e6dce6a__PDFV2__CH_0051,94
f1f9663ff3c6724f3e6dce6a__PDFV2__CH_0058,86
f1f9663ff3c6724f3e6dce6a__PDFV2__CH_0059,74
f1f9663ff3c6724f3e6dce6a__PDFV2__CH_0060,64
f1f9663ff3c6724f3e6dce6a__PDFV2__CH_0061,82
f1f9663ff3c6724f3e6dce6a__PDFV2__CH_0062,81
f1f9663ff3c6724f3e6dce6a__PDFV2__CH_0065,90
f246e5090a7765891730798d__PDFV2__CH_0003,88
f246e5090a7765891730798d__PDFV2__CH_0004,79
f246e5090a7765891730798d__PDFV2__CH_0005,100
f246e5090a7765891730798d__PDFV2__CH_0006,77
f246e5090a7765891730798d__PDFV2__CH_0007,89
f246e5090a7765891730798d__PDFV2__CH_0008,73
f26f3349318fb57201f01468__f26f3349318fb57201f01468__SEG_0001__CH_001,134
f3308bce13839692008d212b__f3308bce13839692008d212b__SEG_0001__CH_001,71
f33b1dea4c468f2dead0703c__f33b1dea4c468f2dead0703c__SEG_0001__CH_001,84
f36b2f036deaeb10460bc199__f36b2f036deaeb10460bc199__SEG_0001__CH_002,45
f36c0ff84a05579e86f75e47__f36c0ff84a05579e86f75e47__SEG_0001__CH_001,107
f36c0ff84a05579e86f75e47__f36c0ff84a05579e86f75e47__SEG_0001__CH_002,82
f3858e4bdd89a9ba48dbb191__f3858e4bdd89a9ba48dbb191__SEG_0001__CH_001,90
f3d75f56a44379f62a2caa3d__f3d75f56a44379f62a2caa3d__SEG_0001__CH_001,53
f41921f65b20c551b2c65ca4__f41921f65b20c551b2c65ca4__SEG_0001__CH_001,50
f41921f65b20c551b2c65ca4__f41921f65b20c551b2c65ca4__SEG_0001__CH_002,54
f42f8074541a4e647abf32c1__PDFV2__CH_0003,74
f42f8074541a4e647abf32c1__PDFV2__CH_0005,62
f42f8074541a4e647abf32c1__PDFV2__CH_0007,74
f42f8074541a4e647abf32c1__PDFV2__CH_0008,126
f42f8074541a4e647abf32c1__PDFV2__CH_0009,67
f42f8074541a4e647abf32c1__PDFV2__CH_0010,84
f42f8074541a4e647abf32c1__PDFV2__CH_0012,69
f42f8074541a4e647abf32c1__PDFV2__CH_0013,66
f42f8074541a4e647abf32c1__PDFV2__CH_0014,72
f42f8074541a4e647abf32c1__PDFV2__CH_0015,68
f42f8074541a4e647abf32c1__PDFV2__CH_0016,62
f42f8074541a4e647abf32c1__PDFV2__CH_0018,81
f42f8074541a4e647abf32c1__PDFV2__CH_0019__M,108
f42f8074541a4e647abf32c1__PDFV2__CH_0021,63
f42f8074541a4e647abf32c1__PDFV2__CH_0023,99
f42f8074541a4e647abf32c1__PDFV2__CH_0024,71
f42f8074541a4e647abf32c1__PDFV2__CH_0025__M,96
f42f8074541a4e647abf32c1__PDFV2__CH_0027,57
f42f8074541a4e647abf32c1__PDFV2__CH_0028,75
f42f8074541a4e647abf32c1__PDFV2__CH_0029,75
f42f8074541a4e647abf32c1__PDFV2__CH_0030,78
f42f8074541a4e647abf32c1__PDFV2__CH_0032__M,105
f42f8074541a4e647abf32c1__PDFV2__CH_0034,78
f42f8074541a4e647abf32c1__PDFV2__CH_0036,103
f42f8074541a4e647abf32c1__PDFV2__CH_0037__M,114
f42f8074541a4e647abf32c1__PDFV2__CH_0039,108
f42f8074541a4e647abf32c1__PDFV2__CH_0040,104
f42f8074541a4e647abf32c1__PDFV2__CH_0041,96
f42f8074541a4e647abf32c1__PDFV2__CH_0043,60
f42f8074541a4e647abf32c1__PDFV2__CH_0044,82
f42f8074541a4e647abf32c1__PDFV2__CH_0045,67
f42f8074541a4e647abf32c1__PDFV2__CH_0054,46
f42f8074541a4e647abf32c1__PDFV2__CH_0056,65
f42f8074541a4e647abf32c1__PDFV2__CH_0057__M,89
f42f8074541a4e647abf32c1__PDFV2__CH_0060,86
f4dea177acd0ea4cca767416__f4dea177acd0ea4cca767416__SEG_0001__CH_003,83
f4dea177acd0ea4cca767416__f4dea177acd0ea4cca767416__SEG_0001__CH_004,58
f4dea177acd0ea4cca767416__f4dea177acd0ea4cca767416__SEG_0001__CH_005,69
f4e3e22a5d9a7e42396490fb__f4e3e22a5d9a7e42396490fb__SEG_0001__CH_002,55
f4e3e22a5d9a7e42396490fb__f4e3e22a5d9a7e42396490fb__SEG_0001__CH_003,58
f56a62f928963c78d65e4138__f56a62f928963c78d65e4138__SEG_0001__CH_001,138
f56a62f928963c78d65e4138__f56a62f928963c78d65e4138__SEG_0001__CH_002,58
f590dc16d74ced5d0c918742__f590dc16d74ced5d0c918742__SEG_0001__CH_001,68
f590dc16d74ced5d0c918742__f590dc16d74ced5d0c918742__SEG_0001__CH_002,100
f5986b1d41209e6eaa7ef4df__f5986b1d41209e6eaa7ef4df__SEG_0001__CH_002,107
f5986b1d41209e6eaa7ef4df__f5986b1d41209e6eaa7ef4df__SEG_0001__CH_003,86
f5986b1d41209e6eaa7ef4df__f5986b1d41209e6eaa7ef4df__SEG_0001__CH_004,100
f5986b1d41209e6eaa7ef4df__f5986b1d41209e6eaa7ef4df__SEG_0002__CH_001,139
f5986b1d41209e6eaa7ef4df__f5986b1d41209e6eaa7ef4df__SEG_0002__CH_002,98
f5b49c2dede1cdb3c0454c3a__f5b49c2dede1cdb3c0454c3a__SEG_0001__CH_003,161
f5b49c2dede1cdb3c0454c3a__f5b49c2dede1cdb3c0454c3a__SEG_0002__CH_001,91
f5b49c2dede1cdb3c0454c3a__f5b49c2dede1cdb3c0454c3a__SEG_0002__CH_004,97
f5b49c2dede1cdb3c0454c3a__f5b49c2dede1cdb3c0454c3a__SEG_0002__CH_005,117
f5b49c2dede1cdb3c0454c3a__f5b49c2dede1cdb3c0454c3a__SEG_0003__CH_001,61
f5b49c2dede1cdb3c0454c3a__f5b49c2dede1cdb3c0454c3a__SEG_0003__CH_002,61
f5b49c2dede1cdb3c0454c3a__f5b49c2dede1cdb3c0454c3a__SEG_0003__CH_003,52
f5b49c2dede1cdb3c0454c3a__f5b49c2dede1cdb3c0454c3a__SEG_0003__CH_004,114
f5b49c2dede1cdb3c0454c3a__f5b49c2dede1cdb3c0454c3a__SEG_0003__CH_005,65
f5b49c2dede1cdb3c0454c3a__f5b49c2dede1cdb3c0454c3a__SEG_0003__CH_007,76
f5b49c2dede1cdb3c0454c3a__f5b49c2dede1cdb3c0454c3a__SEG_0003__CH_008,111
f5b49c2dede1cdb3c0454c3a__f5b49c2dede1cdb3c0454c3a__SEG_0004__CH_001,74
f5b49c2dede1cdb3c0454c3a__f5b49c2dede1cdb3c0454c3a__SEG_0004__CH_002,91
f5b49c2dede1cdb3c0454c3a__f5b49c2dede1cdb3c0454c3a__SEG_0004__CH_003,116
f5b49c2dede1cdb3c0454c3a__f5b49c2dede1cdb3c0454c3a__SEG_0005__CH_001,110
f5b49c2dede1cdb3c0454c3a__f5b49c2dede1cdb3c0454c3a__SEG_0005__CH_002,96
f5b49c2dede1cdb3c0454c3a__f5b49c2dede1cdb3c0454c3a__SEG_0005__CH_003,70
f5b49c2dede1cdb3c0454c3a__f5b49c2dede1cdb3c0454c3a__SEG_0005__CH_004,101
f5b49c2dede1cdb3c0454c3a__f5b49c2dede1cdb3c0454c3a__SEG_0005__CH_005,87
f5b49c2dede1cdb3c0454c3a__f5b49c2dede1cdb3c0454c3a__SEG_0006__CH_001,80
f5b49c2dede1cdb3c0454c3a__f5b49c2dede1cdb3c0454c3a__SEG_0006__CH_002,98
f5b49c2dede1cdb3c0454c3a__f5b49c2dede1cdb3c0454c3a__SEG_0006__CH_003,95
f5b49c2dede1cdb3c0454c3a__f5b49c2dede1cdb3c0454c3a__SEG_0006__CH_004,70
f5b49c2dede1cdb3c0454c3a__f5b49c2dede1cdb3c0454c3a__SEG_0006__CH_005,91
f5b49c2dede1cdb3c0454c3a__f5b49c2dede1cdb3c0454c3a__SEG_0006__CH_006,59
f5b49c2dede1cdb3c0454c3a__f5b49c2dede1cdb3c0454c3a__SEG_0007__CH_001,93
f5b49c2dede1cdb3c0454c3a__f5b49c2dede1cdb3c0454c3a__SEG_0007__CH_002,102
f5b49c2dede1cdb3c0454c3a__f5b49c2dede1cdb3c0454c3a__SEG_0007__CH_003,84
f5b49c2dede1cdb3c0454c3a__f5b49c2dede1cdb3c0454c3a__SEG_0008__CH_001,95
f5b49c2dede1cdb3c0454c3a__f5b49c2dede1cdb3c0454c3a__SEG_0008__CH_002,75
f5b49c2dede1cdb3c0454c3a__f5b49c2dede1cdb3c0454c3a__SEG_0008__CH_003,81
f5b49c2dede1cdb3c0454c3a__f5b49c2dede1cdb3c0454c3a__SEG_0008__CH_004,204
f5b49c2dede1cdb3c0454c3a__f5b49c2dede1cdb3c0454c3a__SEG_0008__CH_005,90
f5b49c2dede1cdb3c0454c3a__f5b49c2dede1cdb3c0454c3a__SEG_0009__CH_001,74
f5b49c2dede1cdb3c0454c3a__f5b49c2dede1cdb3c0454c3a__SEG_0009__CH_002,138
f5b49c2dede1cdb3c0454c3a__f5b49c2dede1cdb3c0454c3a__SEG_0009__CH_003,91
f5b49c2dede1cdb3c0454c3a__f5b49c2dede1cdb3c0454c3a__SEG_0010__CH_001,115
f5d8e115084f9921afa29b0f__PDFV2__CH_0001,73
f5d8e115084f9921afa29b0f__PDFV2__CH_0002,70
f5d8e115084f9921afa29b0f__PDFV2__CH_0003,106
f5d8e115084f9921afa29b0f__PDFV2__CH_0005,132
f5d8e115084f9921afa29b0f__PDFV2__CH_0006,66
f5d8e115084f9921afa29b0f__PDFV2__CH_0007,97
f5d8e115084f9921afa29b0f__PDFV2__CH_0008,73
f5d8e115084f9921afa29b0f__PDFV2__CH_0009,76
f5d8e115084f9921afa29b0f__PDFV2__CH_0010,79
f5d8e115084f9921afa29b0f__PDFV2__CH_0011,54
f5d8e115084f9921afa29b0f__PDFV2__CH_0012,38
f5d8e115084f9921afa29b0f__PDFV2__CH_0013,52
f5d8e115084f9921afa29b0f__PDFV2__CH_0014,57
f5d8e115084f9921afa29b0f__PDFV2__CH_0016,98
f5d8e115084f9921afa29b0f__PDFV2__CH_0017,81
f5d8e115084f9921afa29b0f__PDFV2__CH_0018,89
f5d8e115084f9921afa29b0f__PDFV2__CH_0019,57
f5d8e115084f9921afa29b0f__PDFV2__CH_0020,76
f5d8e115084f9921afa29b0f__PDFV2__CH_0021,105
f5ed51684a22d9745b5c0590__PDFV2__CH_0001,41
f5ed51684a22d9745b5c0590__PDFV2__CH_0002,81
f5ed51684a22d9745b5c0590__PDFV2__CH_0003,98
f5ed51684a22d9745b5c0590__PDFV2__CH_0004,66
f5ed51684a22d9745b5c0590__PDFV2__CH_0005,103
f5ed51684a22d9745b5c0590__PDFV2__CH_0006,65
f5ed51684a22d9745b5c0590__PDFV2__CH_0007,57
f5ed51684a22d9745b5c0590__PDFV2__CH_0008,50
f5ed51684a22d9745b5c0590__PDFV2__CH_0009,66
f5ed51684a22d9745b5c0590__PDFV2__CH_0010,81
f5ed51684a22d9745b5c0590__PDFV2__CH_0011,65
f5ed51684a22d9745b5c0590__PDFV2__CH_0012,52
f5ed51684a22d9745b5c0590__PDFV2__CH_0013,71
f5ed51684a22d9745b5c0590__PDFV2__CH_0014,60
f5ed51684a22d9745b5c0590__PDFV2__CH_0015,86
f5ed51684a22d9745b5c0590__PDFV2__CH_0016,52
f5ed51684a22d9745b5c0590__PDFV2__CH_0017,51
f5ed51684a22d9745b5c0590__PDFV2__CH_0018,42
f5ed51684a22d9745b5c0590__PDFV2__CH_0019,76
f5ed51684a22d9745b5c0590__PDFV2__CH_0020,67
f5ed51684a22d9745b5c0590__PDFV2__CH_0021,67
f71e9a415024428a495365d4__PDFV2__CH_0001,106
f71e9a415024428a495365d4__PDFV2__CH_0003,75
f71e9a415024428a495365d4__PDFV2__CH_0006,133
f71e9a415024428a495365d4__PDFV2__CH_0008,65
f75a915ddc652954444805d9__f75a915ddc652954444805d9__SEG_0001__CH_001,89
f75a915ddc652954444805d9__f75a915ddc652954444805d9__SEG_0001__CH_002,61
f78fcb33f64bf509a64c50e2__f78fcb33f64bf509a64c50e2__SEG_0001__CH_001,130
f78fcb33f64bf509a64c50e2__f78fcb33f64bf509a64c50e2__SEG_0002__CH_001,44
f78fcb33f64bf509a64c50e2__f78fcb33f64bf509a64c50e2__SEG_0002__CH_002,33
f78fcb33f64bf509a64c50e2__f78fcb33f64bf509a64c50e2__SEG_0002__CH_003,102
f79c145bc65bb74fd2e55a24__f79c145bc65bb74fd2e55a24__SEG_0001__CH_001,116
f79c145bc65bb74fd2e55a24__f79c145bc65bb74fd2e55a24__SEG_0001__CH_002,123
f7a1620a63962d3bb773dfe9__f7a1620a63962d3bb773dfe9__SEG_0001__CH_001,64
f7a1620a63962d3bb773dfe9__f7a1620a63962d3bb773dfe9__SEG_0001__CH_002,94
f7bd831e9cfc4c07a17318e8__PDFV2__CH_0001,79
f7bd831e9cfc4c07a17318e8__PDFV2__CH_0002,92
f7bd831e9cfc4c07a17318e8__PDFV2__CH_0003,108
f7bd831e9cfc4c07a17318e8__PDFV2__CH_0004,104
f7bd831e9cfc4c07a17318e8__PDFV2__CH_0005,90
f7bd831e9cfc4c07a17318e8__PDFV2__CH_0006,87
f7bd831e9cfc4c07a17318e8__PDFV2__CH_0007,70
f7bd831e9cfc4c07a17318e8__PDFV2__CH_0008,106
f7bed91a19a4599fae27166f__PDFV2__CH_0001,95
f7bed91a19a4599fae27166f__PDFV2__CH_0002,126
f7bed91a19a4599fae27166f__PDFV2__CH_0003,118
f7bed91a19a4599fae27166f__PDFV2__CH_0004,93
f7bed91a19a4599fae27166f__PDFV2__CH_0005,75
f80ab1235eb5609110019524__f80ab1235eb5609110019524__SEG_0001__CH_001__M,77
f81fd0337f0f67accfe27c7a__f81fd0337f0f67accfe27c7a__SEG_0001__CH_002,93
f81fd0337f0f67accfe27c7a__f81fd0337f0f67accfe27c7a__SEG_0001__CH_003,99
f81fd0337f0f67accfe27c7a__f81fd0337f0f67accfe27c7a__SEG_0001__CH_004,96
f81fd0337f0f67accfe27c7a__f81fd0337f0f67accfe27c7a__SEG_0001__CH_005,76
f81fd0337f0f67accfe27c7a__f81fd0337f0f67accfe27c7a__SEG_0001__CH_006,136
f81fd0337f0f67accfe27c7a__f81fd0337f0f67accfe27c7a__SEG_0001__CH_007,61
f83e74cfad7a03bf271793a9__f83e74cfad7a03bf271793a9__SEG_0001__CH_001,92
f83e74cfad7a03bf271793a9__f83e74cfad7a03bf271793a9__SEG_0001__CH_002,113
f83e74cfad7a03bf271793a9__f83e74cfad7a03bf271793a9__SEG_0001__CH_003,100
f851851f982d2baeee57d9d1__PDFV2__CH_0002,115
f851851f982d2baeee57d9d1__PDFV2__CH_0003,63
f851851f982d2baeee57d9d1__PDFV2__CH_0004,89
f851851f982d2baeee57d9d1__PDFV2__CH_0005,91
f851851f982d2baeee57d9d1__PDFV2__CH_0006,78
f85e8b129b865e5d245ff877__PDFV2__CH_0001,70
f85e8b129b865e5d245ff877__PDFV2__CH_0002,88
f85e8b129b865e5d245ff877__PDFV2__CH_0004,95
f85e8b129b865e5d245ff877__PDFV2__CH_0005__M,92
f85e8b129b865e5d245ff877__PDFV2__CH_0007,114
f85e8b129b865e5d245ff877__PDFV2__CH_0008,84
f85e8b129b865e5d245ff877__PDFV2__CH_0009__M,124
f85e8b129b865e5d245ff877__PDFV2__CH_0011,100
f85e8b129b865e5d245ff877__PDFV2__CH_0012,113
f85e8b129b865e5d245ff877__PDFV2__CH_0013,109
f85e8b129b865e5d245ff877__PDFV2__CH_0014,67
f85e8b129b865e5d245ff877__PDFV2__CH_0015,82
f85e8b129b865e5d245ff877__PDFV2__CH_0016,106
f85e8b129b865e5d245ff877__PDFV2__CH_0017,128
f85e8b129b865e5d245ff877__PDFV2__CH_0018,89
f85e8b129b865e5d245ff877__PDFV2__CH_0019,72
f85e8b129b865e5d245ff877__PDFV2__CH_0021,69
f85e8b129b865e5d245ff877__PDFV2__CH_0022__M,100
f85e8b129b865e5d245ff877__PDFV2__CH_0024,73
f85e8b129b865e5d245ff877__PDFV2__CH_0025,137
f85e8b129b865e5d245ff877__PDFV2__CH_0026,108
f85e8b129b865e5d245ff877__PDFV2__CH_0027__M,95
f85e8b129b865e5d245ff877__PDFV2__CH_0029,59
f85e8b129b865e5d245ff877__PDFV2__CH_0030,99
f85e8b129b865e5d245ff877__PDFV2__CH_0031,97
f85e8b129b865e5d245ff877__PDFV2__CH_0032,152
f85e8b129b865e5d245ff877__PDFV2__CH_0035,80
f85e8b129b865e5d245ff877__PDFV2__CH_0036,74
f85e8b129b865e5d245ff877__PDFV2__CH_0037,73
f85e8b129b865e5d245ff877__PDFV2__CH_0038,101
f85e8b129b865e5d245ff877__PDFV2__CH_0039,80
f85e8b129b865e5d245ff877__PDFV2__CH_0040,101
f85e8b129b865e5d245ff877__PDFV2__CH_0041,87
f85e8b129b865e5d245ff877__PDFV2__CH_0042,83
f85e8b129b865e5d245ff877__PDFV2__CH_0043,93
f85e8b129b865e5d245ff877__PDFV2__CH_0044,107
f85e8b129b865e5d245ff877__PDFV2__CH_0045,46
f85e8b129b865e5d245ff877__PDFV2__CH_0046,58
f85e8b129b865e5d245ff877__PDFV2__CH_0047,68
f85e8b129b865e5d245ff877__PDFV2__CH_0048,97
f85e8b129b865e5d245ff877__PDFV2__CH_0050,82
f85e8b129b865e5d245ff877__PDFV2__CH_0051,74
f85e8b129b865e5d245ff877__PDFV2__CH_0052,89
f85e8b129b865e5d245ff877__PDFV2__CH_0053,64
f85e8b129b865e5d245ff877__PDFV2__CH_0054,93
f85e8b129b865e5d245ff877__PDFV2__CH_0055,75
f85e8b129b865e5d245ff877__PDFV2__CH_0056,57
f85e8b129b865e5d245ff877__PDFV2__CH_0057,95
f85e8b129b865e5d245ff877__PDFV2__CH_0058,94
f85e8b129b865e5d245ff877__PDFV2__CH_0059,97
f85e8b129b865e5d245ff877__PDFV2__CH_0060,91
f85e8b129b865e5d245ff877__PDFV2__CH_0061,74
f85e8b129b865e5d245ff877__PDFV2__CH_0062,74
f85e8b129b865e5d245ff877__PDFV2__CH_0063,97
f85e8b129b865e5d245ff877__PDFV2__CH_0064,83
f85e8b129b865e5d245ff877__PDFV2__CH_0065,82
f85e8b129b865e5d245ff877__PDFV2__CH_0066,64
f85e8b129b865e5d245ff877__PDFV2__CH_0067,56
f85e8b129b865e5d245ff877__PDFV2__CH_0068,89
f85e8b129b865e5d245ff877__PDFV2__CH_0069,65
f85e8b129b865e5d245ff877__PDFV2__CH_0070,62
f863f84e055618a3276a4128__f863f84e055618a3276a4128__SEG_0001__CH_002,86
f8c2e8baebe638307a24dc39__f8c2e8baebe638307a24dc39__SEG_0001__CH_001,28
f8c55ff8173fc6a557b182e4__f8c55ff8173fc6a557b182e4__SEG_0001__CH_001,50
f8c55ff8173fc6a557b182e4__f8c55ff8173fc6a557b182e4__SEG_0001__CH_002,94
f8c55ff8173fc6a557b182e4__f8c55ff8173fc6a557b182e4__SEG_0001__CH_003,45
f8c55ff8173fc6a557b182e4__f8c55ff8173fc6a557b182e4__SEG_0001__CH_004,117
f8c55ff8173fc6a557b182e4__f8c55ff8173fc6a557b182e4__SEG_0001__CH_005,68
f8c55ff8173fc6a557b182e4__f8c55ff8173fc6a557b182e4__SEG_0001__CH_006,111
f8c55ff8173fc6a557b182e4__f8c55ff8173fc6a557b182e4__SEG_0001__CH_007,109
f8c55ff8173fc6a557b182e4__f8c55ff8173fc6a557b182e4__SEG_0001__CH_008,112
f8c55ff8173fc6a557b182e4__f8c55ff8173fc6a557b182e4__SEG_0002__CH_001,64
f8c55ff8173fc6a557b182e4__f8c55ff8173fc6a557b182e4__SEG_0002__CH_002,111
f8c55ff8173fc6a557b182e4__f8c55ff8173fc6a557b182e4__SEG_0002__CH_003,101
f8d82ce1dcb25c36d04e73b7__PDFV2__CH_0005,73
f8e623b9e1c192fdeaf178e2__f8e623b9e1c192fdeaf178e2__SEG_0001__CH_001,59
f8e623b9e1c192fdeaf178e2__f8e623b9e1c192fdeaf178e2__SEG_0001__CH_002,71
f90ae58287970f090548e717__f90ae58287970f090548e717__SEG_0001__CH_001,88
f90ae58287970f090548e717__f90ae58287970f090548e717__SEG_0001__CH_002,91
f95738f53194d07542371054__f95738f53194d07542371054__SEG_0001__CH_001,58
f95738f53194d07542371054__f95738f53194d07542371054__SEG_0001__CH_002,64
f97356deb977e7e7e6ac319e__PDFV2__CH_0001,86
f97356deb977e7e7e6ac319e__PDFV2__CH_0002,96
f97356deb977e7e7e6ac319e__PDFV2__CH_0003,67
f97356deb977e7e7e6ac319e__PDFV2__CH_0004,43
f97356deb977e7e7e6ac319e__PDFV2__CH_0005,109
f97356deb977e7e7e6ac319e__PDFV2__CH_0006,101
f97356deb977e7e7e6ac319e__PDFV2__CH_0007,53
f97356deb977e7e7e6ac319e__PDFV2__CH_0008,112
f97356deb977e7e7e6ac319e__PDFV2__CH_0009,85
f97356deb977e7e7e6ac319e__PDFV2__CH_0010,108
f97356deb977e7e7e6ac319e__PDFV2__CH_0011,76
f97356deb977e7e7e6ac319e__PDFV2__CH_0012,56
f97356deb977e7e7e6ac319e__PDFV2__CH_0013,60
f97356deb977e7e7e6ac319e__PDFV2__CH_0014,101
f97356deb977e7e7e6ac319e__PDFV2__CH_0015,103
f97356deb977e7e7e6ac319e__PDFV2__CH_0016,110
f97356deb977e7e7e6ac319e__PDFV2__CH_0017,126
f97356deb977e7e7e6ac319e__PDFV2__CH_0018,57
f974083943d37d26687007d1__f974083943d37d26687007d1__SEG_0001__CH_001,132
f9843f7b305517b5f1f2474a__f9843f7b305517b5f1f2474a__SEG_0001__CH_001,59
f98f9c9ca4de97058a11841f__f98f9c9ca4de97058a11841f__SEG_0001__CH_001,128
f98f9c9ca4de97058a11841f__f98f9c9ca4de97058a11841f__SEG_0001__CH_002,124
f98f9c9ca4de97058a11841f__f98f9c9ca4de97058a11841f__SEG_0002__CH_001,104
f98f9c9ca4de97058a11841f__f98f9c9ca4de97058a11841f__SEG_0002__CH_002,95
f98f9c9ca4de97058a11841f__f98f9c9ca4de97058a11841f__SEG_0002__CH_003,90
fa467b3e570da726c1397f10__fa467b3e570da726c1397f10__SEG_0001__CH_001,56
fa467b3e570da726c1397f10__fa467b3e570da726c1397f10__SEG_0001__CH_002,75
fa467b3e570da726c1397f10__fa467b3e570da726c1397f10__SEG_0001__CH_003,36
fa92f1904403b37ea8eddef3__fa92f1904403b37ea8eddef3__SEG_0001__CH_001,52
fa92f1904403b37ea8eddef3__fa92f1904403b37ea8eddef3__SEG_0001__CH_002,45
fae4d51948b588014b9e0d55__fae4d51948b588014b9e0d55__SEG_0001__CH_002,65
faf16bc38d61ba8b76fa5d37__faf16bc38d61ba8b76fa5d37__SEG_0001__CH_001,78
fb2afaf4765890573c6675d8__fb2afaf4765890573c6675d8__SEG_0001__CH_001,70
fb32a8464dd649c716a86c62__PDFV2__CH_0001,70
fb32a8464dd649c716a86c62__PDFV2__CH_0002,71
fb32a8464dd649c716a86c62__PDFV2__CH_0003,88
fb32a8464dd649c716a86c62__PDFV2__CH_0004,104
fb32a8464dd649c716a86c62__PDFV2__CH_0005,113
fb32a8464dd649c716a86c62__PDFV2__CH_0006,150
fb32a8464dd649c716a86c62__PDFV2__CH_0007,48
fb32a8464dd649c716a86c62__PDFV2__CH_0008,84
fb32a8464dd649c716a86c62__PDFV2__CH_0009,74
fb32a8464dd649c716a86c62__PDFV2__CH_0010,94
fb32a8464dd649c716a86c62__PDFV2__CH_0011,84
fb32a8464dd649c716a86c62__PDFV2__CH_0012,81
fb32a8464dd649c716a86c62__PDFV2__CH_0013,81
fb32a8464dd649c716a86c62__PDFV2__CH_0014,91
fb32a8464dd649c716a86c62__PDFV2__CH_0015,56
fc48165bcc0ae66c6121c591__PDFV2__CH_0001,54
fc48165bcc0ae66c6121c591__PDFV2__CH_0002,77
fc48165bcc0ae66c6121c591__PDFV2__CH_0003,93
fce6a1953e3801fe894cf9e7__PDFV2__CH_0001,96
fce6a1953e3801fe894cf9e7__PDFV2__CH_0002,64
fce6a1953e3801fe894cf9e7__PDFV2__CH_0003,51
fce6a1953e3801fe894cf9e7__PDFV2__CH_0004,71
fce6a1953e3801fe894cf9e7__PDFV2__CH_0005,74
fce6a1953e3801fe894cf9e7__PDFV2__CH_0006,59
fce6a1953e3801fe894cf9e7__PDFV2__CH_0008,91
fce6a1953e3801fe894cf9e7__PDFV2__CH_0009,115
fce6a1953e3801fe894cf9e7__PDFV2__CH_0010,104
fce6a1953e3801fe894cf9e7__PDFV2__CH_0012,83
fce6a1953e3801fe894cf9e7__PDFV2__CH_0013,155
fce6a1953e3801fe894cf9e7__PDFV2__CH_0014,96
fce6a1953e3801fe894cf9e7__PDFV2__CH_0015,73
fd42bfeb906c3e4572f3375e__PDFV2__CH_0003,87
fd42bfeb906c3e4572f3375e__PDFV2__CH_0004,92
fd42bfeb906c3e4572f3375e__PDFV2__CH_0005,83
fd42bfeb906c3e4572f3375e__PDFV2__CH_0007,102
fd42bfeb906c3e4572f3375e__PDFV2__CH_0008,84
fd42bfeb906c3e4572f3375e__PDFV2__CH_0009,98
fd42bfeb906c3e4572f3375e__PDFV2__CH_0010,104
fd42bfeb906c3e4572f3375e__PDFV2__CH_0011,54
fd42bfeb906c3e4572f3375e__PDFV2__CH_0012,131
fd42bfeb906c3e4572f3375e__PDFV2__CH_0013,103
fd42bfeb906c3e4572f3375e__PDFV2__CH_0014,92
fd42bfeb906c3e4572f3375e__PDFV2__CH_0015,51
fd42bfeb906c3e4572f3375e__PDFV2__CH_0016,106
fd42bfeb906c3e4572f3375e__PDFV2__CH_0017,96
fd42bfeb906c3e4572f3375e__PDFV2__CH_0018,144
fd42bfeb906c3e4572f3375e__PDFV2__CH_0019,89
fd42bfeb906c3e4572f3375e__PDFV2__CH_0020,74
fd42bfeb906c3e4572f3375e__PDFV2__CH_0021,80
fd42bfeb906c3e4572f3375e__PDFV2__CH_0022,81
fd42bfeb906c3e4572f3375e__PDFV2__CH_0023,73
fd42bfeb906c3e4572f3375e__PDFV2__CH_0024,73
fd42bfeb906c3e4572f3375e__PDFV2__CH_0025,53
fd42bfeb906c3e4572f3375e__PDFV2__CH_0026,86
fd42bfeb906c3e4572f3375e__PDFV2__CH_0027,75
fd42bfeb906c3e4572f3375e__PDFV2__CH_0028,124
fd42bfeb906c3e4572f3375e__PDFV2__CH_0029,93
fd42bfeb906c3e4572f3375e__PDFV2__CH_0030,49
fd42bfeb906c3e4572f3375e__PDFV2__CH_0031,68
fd42bfeb906c3e4572f3375e__PDFV2__CH_0032,103
fddc5f7fb6517484666ac92d__fddc5f7fb6517484666ac92d__SEG_0001__CH_001,39
fddc5f7fb6517484666ac92d__fddc5f7fb6517484666ac92d__SEG_0001__CH_002,147
fddc5f7fb6517484666ac92d__fddc5f7fb6517484666ac92d__SEG_0001__CH_003,68
fe4a9a503e4671f69c2f65c5__fe4a9a503e4671f69c2f65c5__SEG_0001__CH_001,123
feab52f9d8cdee4de5322993__PDFV2__CH_0001,58
feab52f9d8cdee4de5322993__PDFV2__CH_0002,73
feab52f9d8cdee4de5322993__PDFV2__CH_0003,90
fec670ea392dfa0e800f5c07__PDFV2__CH_0001,51
fec670ea392dfa0e800f5c07__PDFV2__CH_0002,107
fec670ea392dfa0e800f5c07__PDFV2__CH_0003,57
ff085e2900ac2d98e64864aa__ff085e2900ac2d98e64864aa__SEG_0001__CH_001,91
ff2d8f8687cda3cc5d02cb8a__ff2d8f8687cda3cc5d02cb8a__SEG_0001__CH_001,106
ffcfda2c5f7c703734035dbc__PDFV2__CH_0001,75
ffcfda2c5f7c703734035dbc__PDFV2__CH_0002,84
ffcfda2c5f7c703734035dbc__PDFV2__CH_0003,106
ffcfda2c5f7c703734035dbc__PDFV2__CH_0004,64
fffb38fead73610b96aa1805__fffb38fead73610b96aa1805__SEG_0001__CH_001,100
