chunk_id,n_tokens
000bef7c524d3f68cea91ff4__000bef7c524d3f68cea91ff4__SEG_0001__CH_001,126
000bef7c524d3f68cea91ff4__000bef7c524d3f68cea91ff4__SEG_0001__CH_002,83
0024b37dbd426e80374e7ab7__0024b37dbd426e80374e7ab7__SEG_0001__CH_002,95
009488ade324bce4b091710f__PDFV2__CH_0001,108
009488ade324bce4b091710f__PDFV2__CH_0011,159
009488ade324bce4b091710f__PDFV2__CH_0012,136
009488ade324bce4b091710f__PDFV2__CH_0013,123
009488ade324bce4b091710f__PDFV2__CH_0014,160
009488ade324bce4b091710f__PDFV2__CH_0015,133
009488ade324bce4b091710f__PDFV2__CH_0016,141
009488ade324bce4b091710f__PDFV2__CH_0017,113
009488ade324bce4b091710f__PDFV2__CH_0018,106
009488ade324bce4b091710f__PDFV2__CH_0020,137
009488ade324bce4b091710f__PDFV2__CH_0021,136
009488ade324bce4b091710f__PDFV2__CH_0022,157
009488ade324bce4b091710f__PDFV2__CH_0023,154
009488ade324bce4b091710f__PDFV2__CH_0024,103
009488ade324bce4b091710f__PDFV2__CH_0025,136
009488ade324bce4b091710f__PDFV2__CH_0026,161
009488ade324bce4b091710f__PDFV2__CH_0027,135
009488ade324bce4b091710f__PDFV2__CH_0028,133
009488ade324bce4b091710f__PDFV2__CH_0029,179
009488ade324bce4b091710f__PDFV2__CH_0030,163
009488ade324bce4b091710f__PDFV2__CH_0031,132
009488ade324bce4b091710f__PDFV2__CH_0032,140
009488ade324bce4b091710f__PDFV2__CH_0033,138
009488ade324bce4b091710f__PDFV2__CH_0034,127
009488ade324bce4b091710f__PDFV2__CH_0035,113
009488ade324bce4b091710f__PDFV2__CH_0036,151
009488ade324bce4b091710f__PDFV2__CH_0037,171
009488ade324bce4b091710f__PDFV2__CH_0038,106
009488ade324bce4b091710f__PDFV2__CH_0039,94
009488ade324bce4b091710f__PDFV2__CH_0040,107
009488ade324bce4b091710f__PDFV2__CH_0041,142
009488ade324bce4b091710f__PDFV2__CH_0042,144
009488ade324bce4b091710f__PDFV2__CH_0043,164
009488ade324bce4b091710f__PDFV2__CH_0044,128
009488ade324bce4b091710f__PDFV2__CH_0045,101
009488ade324bce4b091710f__PDFV2__CH_0046,184
009488ade324bce4b091710f__PDFV2__CH_0047,156
009488ade324bce4b091710f__PDFV2__CH_0048,119
009488ade324bce4b091710f__PDFV2__CH_0049,94
009488ade324bce4b091710f__PDFV2__CH_0050,139
009488ade324bce4b091710f__PDFV2__CH_0051,131
009488ade324bce4b091710f__PDFV2__CH_0052,138
009488ade324bce4b091710f__PDFV2__CH_0053,92
009488ade324bce4b091710f__PDFV2__CH_0054,94
009488ade324bce4b091710f__PDFV2__CH_0055,113
009488ade324bce4b091710f__PDFV2__CH_0056,128
009488ade324bce4b091710f__PDFV2__CH_0057,113
009488ade324bce4b091710f__PDFV2__CH_0058,111
009488ade324bce4b091710f__PDFV2__CH_0059,127
009488ade324bce4b091710f__PDFV2__CH_0060,119
009488ade324bce4b091710f__PDFV2__CH_0061,100
009488ade324bce4b091710f__PDFV2__CH_0062,152
009488ade324bce4b091710f__PDFV2__CH_0063,160
009488ade324bce4b091710f__PDFV2__CH_0064,141
009488ade324bce4b091710f__PDFV2__CH_0065,109
009488ade324bce4b091710f__PDFV2__CH_0066,123
009488ade324bce4b091710f__PDFV2__CH_0067,115
009488ade324bce4b091710f__PDFV2__CH_0068,139
009488ade324bce4b091710f__PDFV2__CH_0069,119
009488ade324bce4b091710f__PDFV2__CH_0070,96
009488ade324bce4b091710f__PDFV2__CH_0071,92
009488ade324bce4b091710f__PDFV2__CH_0072,90
009488ade324bce4b091710f__PDFV2__CH_0073,81
009488ade324bce4b091710f__PDFV2__CH_0074,143
009488ade324bce4b091710f__PDFV2__CH_0075,83
009488ade324bce4b091710f__PDFV2__CH_0076,121
009488ade324bce4b091710f__PDFV2__CH_0077,76
009488ade324bce4b091710f__PDFV2__CH_0078,111
009488ade324bce4b091710f__PDFV2__CH_0080,125
009488ade324bce4b091710f__PDFV2__CH_0081,132
009488ade324bce4b091710f__PDFV2__CH_0082,129
009488ade324bce4b091710f__PDFV2__CH_0083,118
009488ade324bce4b091710f__PDFV2__CH_0084,109
009488ade324bce4b091710f__PDFV2__CH_0085,177
009488ade324bce4b091710f__PDFV2__CH_0086,132
009488ade324bce4b091710f__PDFV2__CH_0087,162
009488ade324bce4b091710f__PDFV2__CH_0088,78
009488ade324bce4b091710f__PDFV2__CH_0089,113
009488ade324bce4b091710f__PDFV2__CH_0090,85
009488ade324bce4b091710f__PDFV2__CH_0091,117
009488ade324bce4b091710f__PDFV2__CH_0092,106
009488ade324bce4b091710f__PDFV2__CH_0093,122
009488ade324bce4b091710f__PDFV2__CH_0094__M,133
009488ade324bce4b091710f__PDFV2__CH_0096,108
009488ade324bce4b091710f__PDFV2__CH_0097,119
009488ade324bce4b091710f__PDFV2__CH_0098,126
009488ade324bce4b091710f__PDFV2__CH_0099,98
009488ade324bce4b091710f__PDFV2__CH_0100,133
009488ade324bce4b091710f__PDFV2__CH_0101,153
009488ade324bce4b091710f__PDFV2__CH_0102,105
009488ade324bce4b091710f__PDFV2__CH_0103,89
009488ade324bce4b091710f__PDFV2__CH_0104,107
009488ade324bce4b091710f__PDFV2__CH_0105,108
009488ade324bce4b091710f__PDFV2__CH_0106,88
009488ade324bce4b091710f__PDFV2__CH_0107,116
009488ade324bce4b091710f__PDFV2__CH_0108,99
009488ade324bce4b091710f__PDFV2__CH_0109,91
009488ade324bce4b091710f__PDFV2__CH_0110,180
009488ade324bce4b091710f__PDFV2__CH_0111,73
009488ade324bce4b091710f__PDFV2__CH_0112,89
009488ade324bce4b091710f__PDFV2__CH_0113,98
009488ade324bce4b091710f__PDFV2__CH_0114,124
009488ade324bce4b091710f__PDFV2__CH_0115,116
009488ade324bce4b091710f__PDFV2__CH_0116,125
009488ade324bce4b091710f__PDFV2__CH_0117__M,127
009488ade324bce4b091710f__PDFV2__CH_0119,115
009488ade324bce4b091710f__PDFV2__CH_0120,125
009488ade324bce4b091710f__PDFV2__CH_0121,111
009488ade324bce4b091710f__PDFV2__CH_0122,114
009488ade324bce4b091710f__PDFV2__CH_0123,132
009488ade324bce4b091710f__PDFV2__CH_0124,146
009488ade324bce4b091710f__PDFV2__CH_0125,119
009488ade324bce4b091710f__PDFV2__CH_0126,166
009488ade324bce4b091710f__PDFV2__CH_0127__M,125
009488ade324bce4b091710f__PDFV2__CH_0129,109
009488ade324bce4b091710f__PDFV2__CH_0130,84
009488ade324bce4b091710f__PDFV2__CH_0131,110
009488ade324bce4b091710f__PDFV2__CH_0132,143
009488ade324bce4b091710f__PDFV2__CH_0133,109
009488ade324bce4b091710f__PDFV2__CH_0134,142
009488ade324bce4b091710f__PDFV2__CH_0135,114
009488ade324bce4b091710f__PDFV2__CH_0136,115
009488ade324bce4b091710f__PDFV2__CH_0137,99
009488ade324bce4b091710f__PDFV2__CH_0138,119
009488ade324bce4b091710f__PDFV2__CH_0139,95
009488ade324bce4b091710f__PDFV2__CH_0140,108
009488ade324bce4b091710f__PDFV2__CH_0141,103
009488ade324bce4b091710f__PDFV2__CH_0142,107
009488ade324bce4b091710f__PDFV2__CH_0143,112
009488ade324bce4b091710f__PDFV2__CH_0144,152
009488ade324bce4b091710f__PDFV2__CH_0145,134
009488ade324bce4b091710f__PDFV2__CH_0146,125
009488ade324bce4b091710f__PDFV2__CH_0147,136
009488ade324bce4b091710f__PDFV2__CH_0148,141
009488ade324bce4b091710f__PDFV2__CH_0149,125
009488ade324bce4b091710f__PDFV2__CH_0150,96
009488ade324bce4b091710f__PDFV2__CH_0151,87
009488ade324bce4b091710f__PDFV2__CH_0152,120
009488ade324bce4b091710f__PDFV2__CH_0153__M,190
009488ade324bce4b091710f__PDFV2__CH_0155__M,144
009488ade324bce4b091710f__PDFV2__CH_0162,119
009488ade324bce4b091710f__PDFV2__CH_0163,138
009488ade324bce4b091710f__PDFV2__CH_0164,138
009488ade324bce4b091710f__PDFV2__CH_0165,130
009488ade324bce4b091710f__PDFV2__CH_0167,110
009488ade324bce4b091710f__PDFV2__CH_0168,81
009488ade324bce4b091710f__PDFV2__CH_0169,106
009488ade324bce4b091710f__PDFV2__CH_0170,99
009488ade324bce4b091710f__PDFV2__CH_0171,139
009488ade324bce4b091710f__PDFV2__CH_0172,107
009488ade324bce4b091710f__PDFV2__CH_0173,112
009488ade324bce4b091710f__PDFV2__CH_0174,157
009488ade324bce4b091710f__PDFV2__CH_0175,122
009488ade324bce4b091710f__PDFV2__CH_0176,145
009488ade324bce4b091710f__PDFV2__CH_0177,132
009488ade324bce4b091710f__PDFV2__CH_0178,127
009488ade324bce4b091710f__PDFV2__CH_0179,91
009488ade324bce4b091710f__PDFV2__CH_0180,92
009488ade324bce4b091710f__PDFV2__CH_0181,125
009488ade324bce4b091710f__PDFV2__CH_0182,111
009488ade324bce4b091710f__PDFV2__CH_0183,143
009488ade324bce4b091710f__PDFV2__CH_0184,89
009488ade324bce4b091710f__PDFV2__CH_0185,72
009488ade324bce4b091710f__PDFV2__CH_0186,123
009488ade324bce4b091710f__PDFV2__CH_0187,126
009488ade324bce4b091710f__PDFV2__CH_0188,123
009488ade324bce4b091710f__PDFV2__CH_0189,118
009488ade324bce4b091710f__PDFV2__CH_0190,86
009488ade324bce4b091710f__PDFV2__CH_0191__M,160
009488ade324bce4b091710f__PDFV2__CH_0193,161
009488ade324bce4b091710f__PDFV2__CH_0194,149
009488ade324bce4b091710f__PDFV2__CH_0195,104
009488ade324bce4b091710f__PDFV2__CH_0196,123
009488ade324bce4b091710f__PDFV2__CH_0197,110
009488ade324bce4b091710f__PDFV2__CH_0198,130
009488ade324bce4b091710f__PDFV2__CH_0199,135
009488ade324bce4b091710f__PDFV2__CH_0200,134
009488ade324bce4b091710f__PDFV2__CH_0201,115
009488ade324bce4b091710f__PDFV2__CH_0202,192
009488ade324bce4b091710f__PDFV2__CH_0203,149
009488ade324bce4b091710f__PDFV2__CH_0204,86
009488ade324bce4b091710f__PDFV2__CH_0205,120
009488ade324bce4b091710f__PDFV2__CH_0206,133
00cbd86266790c11f5bdfea4__00cbd86266790c11f5bdfea4__SEG_0001__CH_001,86
00cbd86266790c11f5bdfea4__00cbd86266790c11f5bdfea4__SEG_0001__CH_002,77
01356ec0c08055e146391178__PDFV2__CH_0001,107
01356ec0c08055e146391178__PDFV2__CH_0002,139
01356ec0c08055e146391178__PDFV2__CH_0003,129
014156c5846332bdd1f27a2e__PDFV2__CH_0002,155
014156c5846332bdd1f27a2e__PDFV2__CH_0006,83
014156c5846332bdd1f27a2e__PDFV2__CH_0007,140
014156c5846332bdd1f27a2e__PDFV2__CH_0008,117
0174a180553f8969eef68270__PDFV2__CH_0004,147
0174a180553f8969eef68270__PDFV2__CH_0005,110
0174a180553f8969eef68270__PDFV2__CH_0006,176
0174a180553f8969eef68270__PDFV2__CH_0007,111
0174a180553f8969eef68270__PDFV2__CH_0008,119
0174a180553f8969eef68270__PDFV2__CH_0009,118
0174a180553f8969eef68270__PDFV2__CH_0010,116
0174a180553f8969eef68270__PDFV2__CH_0011,146
0174a180553f8969eef68270__PDFV2__CH_0012,100
0174a180553f8969eef68270__PDFV2__CH_0013,131
0174a180553f8969eef68270__PDFV2__CH_0014,136
0174a180553f8969eef68270__PDFV2__CH_0016,155
0174a180553f8969eef68270__PDFV2__CH_0017,131
0174a180553f8969eef68270__PDFV2__CH_0018,85
0174a180553f8969eef68270__PDFV2__CH_0019,161
0174a180553f8969eef68270__PDFV2__CH_0020,132
0174a180553f8969eef68270__PDFV2__CH_0021,145
0174a180553f8969eef68270__PDFV2__CH_0022,96
0174a180553f8969eef68270__PDFV2__CH_0023,127
0174a180553f8969eef68270__PDFV2__CH_0024,155
0174a180553f8969eef68270__PDFV2__CH_0025,89
0174a180553f8969eef68270__PDFV2__CH_0026,95
0174a180553f8969eef68270__PDFV2__CH_0027,111
0174a180553f8969eef68270__PDFV2__CH_0028,88
0174a180553f8969eef68270__PDFV2__CH_0029,106
0174a180553f8969eef68270__PDFV2__CH_0030,139
0174a180553f8969eef68270__PDFV2__CH_0031,112
0174a180553f8969eef68270__PDFV2__CH_0032,120
0174a180553f8969eef68270__PDFV2__CH_0033,119
0174a180553f8969eef68270__PDFV2__CH_0034,125
0174a180553f8969eef68270__PDFV2__CH_0035,127
0174a180553f8969eef68270__PDFV2__CH_0036,121
0174a180553f8969eef68270__PDFV2__CH_0038,89
0174a180553f8969eef68270__PDFV2__CH_0039,94
0174a180553f8969eef68270__PDFV2__CH_0040__M,84
0174a180553f8969eef68270__PDFV2__CH_0042__M,109
0174a180553f8969eef68270__PDFV2__CH_0044,110
0174a180553f8969eef68270__PDFV2__CH_0045,81
0174a180553f8969eef68270__PDFV2__CH_0046,96
0174a180553f8969eef68270__PDFV2__CH_0047,130
0174a180553f8969eef68270__PDFV2__CH_0048,87
0174a180553f8969eef68270__PDFV2__CH_0049,87
0174a180553f8969eef68270__PDFV2__CH_0056,119
0174a180553f8969eef68270__PDFV2__CH_0058,141
0174a180553f8969eef68270__PDFV2__CH_0060,101
0174a180553f8969eef68270__PDFV2__CH_0061__M,98
0174a180553f8969eef68270__PDFV2__CH_0063,87
0174a180553f8969eef68270__PDFV2__CH_0064,135
0174a180553f8969eef68270__PDFV2__CH_0065,93
0174a180553f8969eef68270__PDFV2__CH_0067,110
0174a180553f8969eef68270__PDFV2__CH_0068,101
0174a180553f8969eef68270__PDFV2__CH_0069,107
0174a180553f8969eef68270__PDFV2__CH_0073,73
0174a180553f8969eef68270__PDFV2__CH_0075,119
0174a180553f8969eef68270__PDFV2__CH_0076,126
0174a180553f8969eef68270__PDFV2__CH_0078,113
0174a180553f8969eef68270__PDFV2__CH_0079,101
0174a180553f8969eef68270__PDFV2__CH_0080,101
0174a180553f8969eef68270__PDFV2__CH_0081,108
0174a180553f8969eef68270__PDFV2__CH_0082__M,146
0174a180553f8969eef68270__PDFV2__CH_0085,125
0174a180553f8969eef68270__PDFV2__CH_0086,137
0174a180553f8969eef68270__PDFV2__CH_0087,109
0174a180553f8969eef68270__PDFV2__CH_0088,93
0174a180553f8969eef68270__PDFV2__CH_0089,108
0174a180553f8969eef68270__PDFV2__CH_0090,159
0174a180553f8969eef68270__PDFV2__CH_0091,115
0174a180553f8969eef68270__PDFV2__CH_0092,82
0193d9ef463c0c0947be1a68__0193d9ef463c0c0947be1a68__SEG_0001__CH_001,114
0193d9ef463c0c0947be1a68__0193d9ef463c0c0947be1a68__SEG_0001__CH_002,91
020bf0985044b00328a6dfe0__020bf0985044b00328a6dfe0__SEG_0001__CH_001,75
020bf0985044b00328a6dfe0__020bf0985044b00328a6dfe0__SEG_0001__CH_002,125
020bf0985044b00328a6dfe0__020bf0985044b00328a6dfe0__SEG_0001__CH_003,86
020bf0985044b00328a6dfe0__020bf0985044b00328a6dfe0__SEG_0001__CH_004,97
020bf0985044b00328a6dfe0__020bf0985044b00328a6dfe0__SEG_0001__CH_005,109
0232023af6bb5928fee0c23f__0232023af6bb5928fee0c23f__SEG_0001__CH_001,89
0244c58b5c4b9a81f4e755f0__PDFV2__CH_0001__M,146
025aac40120ecf9b2114efdb__PDFV2__CH_0001,83
025aac40120ecf9b2114efdb__PDFV2__CH_0002,127
025aac40120ecf9b2114efdb__PDFV2__CH_0003,123
025aac40120ecf9b2114efdb__PDFV2__CH_0004,133
025aac40120ecf9b2114efdb__PDFV2__CH_0005,83
025aac40120ecf9b2114efdb__PDFV2__CH_0006,150
025aac40120ecf9b2114efdb__PDFV2__CH_0007,128
025aac40120ecf9b2114efdb__PDFV2__CH_0008,136
02882e2d58109e13cba4f10e__02882e2d58109e13cba4f10e__SEG_0001__CH_001,118
02cd28b83e8750c05f795a0e__PDFV2__CH_0001__M,134
02cd28b83e8750c05f795a0e__PDFV2__CH_0003,136
0318be1d17a8ce450b9b1051__0318be1d17a8ce450b9b1051__SEG_0001__CH_001,132
0318be1d17a8ce450b9b1051__0318be1d17a8ce450b9b1051__SEG_0001__CH_002,96
0395ae880c6255ac8484eb1c__0395ae880c6255ac8484eb1c__SEG_0001__CH_001,88
03b56aace697cb2fd3a9b856__03b56aace697cb2fd3a9b856__SEG_0001__CH_001,109
03c02ea1f587c2a1f61cb44e__PDFV2__CH_0001,124
03c02ea1f587c2a1f61cb44e__PDFV2__CH_0002,152
03c02ea1f587c2a1f61cb44e__PDFV2__CH_0003,115
0413b97ffbfb0a2ad09a7418__0413b97ffbfb0a2ad09a7418__SEG_0001__CH_001,118
0413b97ffbfb0a2ad09a7418__0413b97ffbfb0a2ad09a7418__SEG_0001__CH_002,146
0413b97ffbfb0a2ad09a7418__0413b97ffbfb0a2ad09a7418__SEG_0001__CH_003,133
0413b97ffbfb0a2ad09a7418__0413b97ffbfb0a2ad09a7418__SEG_0001__CH_004,186
0445e9531d5e850d7a19ac55__PDFV2__CH_0001,126
0445e9531d5e850d7a19ac55__PDFV2__CH_0002,129
0445e9531d5e850d7a19ac55__PDFV2__CH_0003,149
0445e9531d5e850d7a19ac55__PDFV2__CH_0004,131
0445e9531d5e850d7a19ac55__PDFV2__CH_0005,146
0445e9531d5e850d7a19ac55__PDFV2__CH_0006,91
0445e9531d5e850d7a19ac55__PDFV2__CH_0007,108
0445e9531d5e850d7a19ac55__PDFV2__CH_0008,132
0445e9531d5e850d7a19ac55__PDFV2__CH_0010,140
0445e9531d5e850d7a19ac55__PDFV2__CH_0011,106
0458bf8f6e543d8058af08b8__0458bf8f6e543d8058af08b8__SEG_0001__CH_001,107
0458bf8f6e543d8058af08b8__0458bf8f6e543d8058af08b8__SEG_0001__CH_002,103
0458bf8f6e543d8058af08b8__0458bf8f6e543d8058af08b8__SEG_0001__CH_003,120
0458bf8f6e543d8058af08b8__0458bf8f6e543d8058af08b8__SEG_0001__CH_004,135
0458bf8f6e543d8058af08b8__0458bf8f6e543d8058af08b8__SEG_0001__CH_005,155
0458bf8f6e543d8058af08b8__0458bf8f6e543d8058af08b8__SEG_0001__CH_006,160
0458bf8f6e543d8058af08b8__0458bf8f6e543d8058af08b8__SEG_0001__CH_007,144
0458bf8f6e543d8058af08b8__0458bf8f6e543d8058af08b8__SEG_0001__CH_008,154
04666b9c54d86afffc0df6d5__04666b9c54d86afffc0df6d5__SEG_0001__CH_001,133
04666b9c54d86afffc0df6d5__04666b9c54d86afffc0df6d5__SEG_0001__CH_002,131
04666b9c54d86afffc0df6d5__04666b9c54d86afffc0df6d5__SEG_0001__CH_003,150
04666b9c54d86afffc0df6d5__04666b9c54d86afffc0df6d5__SEG_0001__CH_004,143
04666b9c54d86afffc0df6d5__04666b9c54d86afffc0df6d5__SEG_0001__CH_005,151
04666b9c54d86afffc0df6d5__04666b9c54d86afffc0df6d5__SEG_0002__CH_001,85
04666b9c54d86afffc0df6d5__04666b9c54d86afffc0df6d5__SEG_0002__CH_003,74
0473494c7939cd407687698f__0473494c7939cd407687698f__SEG_0001__CH_001,112
047d163bea1643c86f46fa5e__047d163bea1643c86f46fa5e__SEG_0001__CH_001,132
047d163bea1643c86f46fa5e__047d163bea1643c86f46fa5e__SEG_0001__CH_002,90
048029752e1a57d1e65f4f1c__048029752e1a57d1e65f4f1c__SEG_0001__CH_001,143
048029752e1a57d1e65f4f1c__048029752e1a57d1e65f4f1c__SEG_0001__CH_002,144
04ac92b43dde6ffc1a586639__04ac92b43dde6ffc1a586639__SEG_0001__CH_002,141
04ac92b43dde6ffc1a586639__04ac92b43dde6ffc1a586639__SEG_0001__CH_003,130
04ac92b43dde6ffc1a586639__04ac92b43dde6ffc1a586639__SEG_0001__CH_004,93
04ac92b43dde6ffc1a586639__04ac92b43dde6ffc1a586639__SEG_0001__CH_005,115
058209b85611b82a4d3a86ea__058209b85611b82a4d3a86ea__SEG_0001__CH_002,152
05829a0f4e9f0f1d8ccca035__05829a0f4e9f0f1d8ccca035__SEG_0001__CH_001,97
05829a0f4e9f0f1d8ccca035__05829a0f4e9f0f1d8ccca035__SEG_0001__CH_002,80
05829a0f4e9f0f1d8ccca035__05829a0f4e9f0f1d8ccca035__SEG_0001__CH_003__M,115
05da07eff38d56f646c65fbf__05da07eff38d56f646c65fbf__SEG_0001__CH_001,107
05da07eff38d56f646c65fbf__05da07eff38d56f646c65fbf__SEG_0001__CH_002,104
06122e9cf402cb4dcc961707__06122e9cf402cb4dcc961707__SEG_0001__CH_001,145
06122e9cf402cb4dcc961707__06122e9cf402cb4dcc961707__SEG_0001__CH_002,155
06122e9cf402cb4dcc961707__06122e9cf402cb4dcc961707__SEG_0001__CH_003,114
06122e9cf402cb4dcc961707__06122e9cf402cb4dcc961707__SEG_0001__CH_004,141
06122e9cf402cb4dcc961707__06122e9cf402cb4dcc961707__SEG_0001__CH_005,144
06122e9cf402cb4dcc961707__06122e9cf402cb4dcc961707__SEG_0001__CH_006,141
06122e9cf402cb4dcc961707__06122e9cf402cb4dcc961707__SEG_0002__CH_001__S1,182
06122e9cf402cb4dcc961707__06122e9cf402cb4dcc961707__SEG_0002__CH_001__S2,171
062f5bff4f370385100a1e07__062f5bff4f370385100a1e07__SEG_0001__CH_001,131
062f5bff4f370385100a1e07__062f5bff4f370385100a1e07__SEG_0001__CH_002,151
062f5bff4f370385100a1e07__062f5bff4f370385100a1e07__SEG_0001__CH_003,121
063f610c0baf0017d859ecfc__063f610c0baf0017d859ecfc__SEG_0001__CH_001,104
063f610c0baf0017d859ecfc__063f610c0baf0017d859ecfc__SEG_0001__CH_002,91
0644a75f15e70c1214628a77__0644a75f15e70c1214628a77__SEG_0001__CH_002,133
0644a75f15e70c1214628a77__0644a75f15e70c1214628a77__SEG_0001__CH_003,94
06cd7f1fa2401eee1bc3057f__06cd7f1fa2401eee1bc3057f__SEG_0001__CH_001,99
06e848e64793cb222f63b7e5__06e848e64793cb222f63b7e5__SEG_0001__CH_001,76
06e848e64793cb222f63b7e5__06e848e64793cb222f63b7e5__SEG_0001__CH_002,119
06e848e64793cb222f63b7e5__06e848e64793cb222f63b7e5__SEG_0001__CH_003,86
071f87cb2958be165a94bb8b__071f87cb2958be165a94bb8b__SEG_0001__CH_001,124
071f87cb2958be165a94bb8b__071f87cb2958be165a94bb8b__SEG_0001__CH_003,204
071f87cb2958be165a94bb8b__071f87cb2958be165a94bb8b__SEG_0001__CH_004,153
071f87cb2958be165a94bb8b__071f87cb2958be165a94bb8b__SEG_0002__CH_001,194
071f87cb2958be165a94bb8b__071f87cb2958be165a94bb8b__SEG_0002__CH_002,128
071f87cb2958be165a94bb8b__071f87cb2958be165a94bb8b__SEG_0002__CH_003,136
071f87cb2958be165a94bb8b__071f87cb2958be165a94bb8b__SEG_0002__CH_004,186
071f87cb2958be165a94bb8b__071f87cb2958be165a94bb8b__SEG_0003__CH_001,112
071f87cb2958be165a94bb8b__071f87cb2958be165a94bb8b__SEG_0003__CH_002,116
071f87cb2958be165a94bb8b__071f87cb2958be165a94bb8b__SEG_0003__CH_003,126
071f87cb2958be165a94bb8b__071f87cb2958be165a94bb8b__SEG_0003__CH_004,158
071f87cb2958be165a94bb8b__071f87cb2958be165a94bb8b__SEG_0003__CH_005,227
071f87cb2958be165a94bb8b__071f87cb2958be165a94bb8b__SEG_0003__CH_006,148
071f87cb2958be165a94bb8b__071f87cb2958be165a94bb8b__SEG_0003__CH_007,123
071f87cb2958be165a94bb8b__071f87cb2958be165a94bb8b__SEG_0003__CH_008,135
071f87cb2958be165a94bb8b__071f87cb2958be165a94bb8b__SEG_0004__CH_001,124
071f87cb2958be165a94bb8b__071f87cb2958be165a94bb8b__SEG_0004__CH_002,142
071f87cb2958be165a94bb8b__071f87cb2958be165a94bb8b__SEG_0004__CH_003,132
071f87cb2958be165a94bb8b__071f87cb2958be165a94bb8b__SEG_0004__CH_004,176
071f87cb2958be165a94bb8b__071f87cb2958be165a94bb8b__SEG_0005__CH_001,138
073f241525a2d23d637ef2b6__PDFV2__CH_0001,101
073f241525a2d23d637ef2b6__PDFV2__CH_0002,123
077f46537db4ddd43596857e__PDFV2__CH_0003,102
077f46537db4ddd43596857e__PDFV2__CH_0004,106
077f46537db4ddd43596857e__PDFV2__CH_0005,125
077f46537db4ddd43596857e__PDFV2__CH_0006,114
077f46537db4ddd43596857e__PDFV2__CH_0007,116
077f46537db4ddd43596857e__PDFV2__CH_0008,134
077f46537db4ddd43596857e__PDFV2__CH_0009,120
077f46537db4ddd43596857e__PDFV2__CH_0010,127
077f46537db4ddd43596857e__PDFV2__CH_0011,109
077f46537db4ddd43596857e__PDFV2__CH_0012,103
077f46537db4ddd43596857e__PDFV2__CH_0013,103
077f46537db4ddd43596857e__PDFV2__CH_0014,136
077f46537db4ddd43596857e__PDFV2__CH_0015,133
077f46537db4ddd43596857e__PDFV2__CH_0016,153
077f46537db4ddd43596857e__PDFV2__CH_0017,128
077f46537db4ddd43596857e__PDFV2__CH_0018,133
077f46537db4ddd43596857e__PDFV2__CH_0019,103
077f46537db4ddd43596857e__PDFV2__CH_0020,105
077f46537db4ddd43596857e__PDFV2__CH_0021,123
077f46537db4ddd43596857e__PDFV2__CH_0022,123
077f46537db4ddd43596857e__PDFV2__CH_0023,123
077f46537db4ddd43596857e__PDFV2__CH_0024,114
077f46537db4ddd43596857e__PDFV2__CH_0025,81
077f46537db4ddd43596857e__PDFV2__CH_0026,168
077f46537db4ddd43596857e__PDFV2__CH_0027,114
077f46537db4ddd43596857e__PDFV2__CH_0028,98
077f46537db4ddd43596857e__PDFV2__CH_0029,128
077f46537db4ddd43596857e__PDFV2__CH_0030__M,141
077f46537db4ddd43596857e__PDFV2__CH_0032,129
07bee3722228d9e565c727af__PDFV2__CH_0001,134
07bee3722228d9e565c727af__PDFV2__CH_0002,128
07bee3722228d9e565c727af__PDFV2__CH_0003,119
07bee3722228d9e565c727af__PDFV2__CH_0004,158
07bee3722228d9e565c727af__PDFV2__CH_0005,136
07bee3722228d9e565c727af__PDFV2__CH_0006,141
07bee3722228d9e565c727af__PDFV2__CH_0007,132
07bee3722228d9e565c727af__PDFV2__CH_0008,146
07bee3722228d9e565c727af__PDFV2__CH_0009,130
080038aaabbed7695b38c8f3__080038aaabbed7695b38c8f3__SEG_0001__CH_001,121
080038aaabbed7695b38c8f3__080038aaabbed7695b38c8f3__SEG_0001__CH_002,66
083a00e1c81697dfd59569c6__083a00e1c81697dfd59569c6__SEG_0001__CH_001,91
083a00e1c81697dfd59569c6__083a00e1c81697dfd59569c6__SEG_0001__CH_002,99
08434ad6ac7d16073bb83106__PDFV2__CH_0001,118
0852b327d4206b88451b52d3__0852b327d4206b88451b52d3__SEG_0001__CH_001,94
0852b327d4206b88451b52d3__0852b327d4206b88451b52d3__SEG_0001__CH_002,78
08681476190b3238c61db20b__08681476190b3238c61db20b__SEG_0001__CH_001,126
08681476190b3238c61db20b__08681476190b3238c61db20b__SEG_0001__CH_002,124
08a992a58c2d234d20e923a4__08a992a58c2d234d20e923a4__SEG_0001__CH_001,93
08a992a58c2d234d20e923a4__08a992a58c2d234d20e923a4__SEG_0001__CH_002,182
08a992a58c2d234d20e923a4__08a992a58c2d234d20e923a4__SEG_0001__CH_003,200
08a992a58c2d234d20e923a4__08a992a58c2d234d20e923a4__SEG_0001__CH_004,180
08ab2638192dd2de3b82f7df__08ab2638192dd2de3b82f7df__SEG_0001__CH_001,117
08ab2638192dd2de3b82f7df__08ab2638192dd2de3b82f7df__SEG_0001__CH_002,129
08ab2638192dd2de3b82f7df__08ab2638192dd2de3b82f7df__SEG_0001__CH_003,137
08ab2638192dd2de3b82f7df__08ab2638192dd2de3b82f7df__SEG_0001__CH_004,132
08ab2638192dd2de3b82f7df__08ab2638192dd2de3b82f7df__SEG_0001__CH_005,130
08ab2638192dd2de3b82f7df__08ab2638192dd2de3b82f7df__SEG_0001__CH_006,139
08abe8b6bf5cd979b62a45bd__PDFV2__CH_0001,135
08abe8b6bf5cd979b62a45bd__PDFV2__CH_0002,144
08abe8b6bf5cd979b62a45bd__PDFV2__CH_0003,128
08abe8b6bf5cd979b62a45bd__PDFV2__CH_0004,113
08b89e530c329442ffabc36d__PDFV2__CH_0001,127
08b89e530c329442ffabc36d__PDFV2__CH_0002,138
08b89e530c329442ffabc36d__PDFV2__CH_0006,112
08b89e530c329442ffabc36d__PDFV2__CH_0010__M,156
091a6c01560f4b5ceb747419__091a6c01560f4b5ceb747419__SEG_0001__CH_001,162
091faf8fce48e2dd8621a2c7__PDFV2__CH_0001,99
091faf8fce48e2dd8621a2c7__PDFV2__CH_0002,125
091faf8fce48e2dd8621a2c7__PDFV2__CH_0003,98
091faf8fce48e2dd8621a2c7__PDFV2__CH_0004,111
091faf8fce48e2dd8621a2c7__PDFV2__CH_0005,139
091faf8fce48e2dd8621a2c7__PDFV2__CH_0006,129
091faf8fce48e2dd8621a2c7__PDFV2__CH_0007,100
091faf8fce48e2dd8621a2c7__PDFV2__CH_0008,115
091faf8fce48e2dd8621a2c7__PDFV2__CH_0009,91
091faf8fce48e2dd8621a2c7__PDFV2__CH_0010,99
092c7476170e5dd5e8ffa0b7__092c7476170e5dd5e8ffa0b7__SEG_0001__CH_001,73
092c7476170e5dd5e8ffa0b7__092c7476170e5dd5e8ffa0b7__SEG_0001__CH_002,62
092c7476170e5dd5e8ffa0b7__092c7476170e5dd5e8ffa0b7__SEG_0001__CH_003,128
092c7476170e5dd5e8ffa0b7__092c7476170e5dd5e8ffa0b7__SEG_0001__CH_004,147
092c7476170e5dd5e8ffa0b7__092c7476170e5dd5e8ffa0b7__SEG_0001__CH_005,128
092c7476170e5dd5e8ffa0b7__092c7476170e5dd5e8ffa0b7__SEG_0001__CH_006,117
097a512f99ffc4187a0ab752__097a512f99ffc4187a0ab752__SEG_0001__CH_001,123
097a512f99ffc4187a0ab752__097a512f99ffc4187a0ab752__SEG_0001__CH_002,75
09a1c32d70bf64112b85d3a9__09a1c32d70bf64112b85d3a9__SEG_0001__CH_002,84
09ae20380f0468accea2b82e__09ae20380f0468accea2b82e__SEG_0001__CH_001,106
09cc1395c6a211a3db34e174__09cc1395c6a211a3db34e174__SEG_0001__CH_001,139
09cc1395c6a211a3db34e174__09cc1395c6a211a3db34e174__SEG_0001__CH_002,148
09df18c5dfac1e7e88a07363__09df18c5dfac1e7e88a07363__SEG_0001__CH_001,107
09df18c5dfac1e7e88a07363__09df18c5dfac1e7e88a07363__SEG_0001__CH_002,105
09df18c5dfac1e7e88a07363__09df18c5dfac1e7e88a07363__SEG_0001__CH_003,95
09df18c5dfac1e7e88a07363__09df18c5dfac1e7e88a07363__SEG_0001__CH_004,133
09fb40bc4a3523780c4ea4dd__PDFV2__CH_0001,109
09fb40bc4a3523780c4ea4dd__PDFV2__CH_0002,86
09fb40bc4a3523780c4ea4dd__PDFV2__CH_0003,129
09fb40bc4a3523780c4ea4dd__PDFV2__CH_0004,94
09fb40bc4a3523780c4ea4dd__PDFV2__CH_0005,135
09fb40bc4a3523780c4ea4dd__PDFV2__CH_0006,137
09fb40bc4a3523780c4ea4dd__PDFV2__CH_0007,189
09fb40bc4a3523780c4ea4dd__PDFV2__CH_0008,144
09fb40bc4a3523780c4ea4dd__PDFV2__CH_0009,158
09fb40bc4a3523780c4ea4dd__PDFV2__CH_0010,122
0a0fabb6ad43aa9853933592__0a0fabb6ad43aa9853933592__SEG_0001__CH_002,82
0a0fabb6ad43aa9853933592__0a0fabb6ad43aa9853933592__SEG_0001__CH_003,93
0a1ef6d0a684400a6e513606__0a1ef6d0a684400a6e513606__SEG_0001__CH_001,106
0a1ef6d0a684400a6e513606__0a1ef6d0a684400a6e513606__SEG_0001__CH_002,121
0a1ef6d0a684400a6e513606__0a1ef6d0a684400a6e513606__SEG_0001__CH_003,155
0a1ef6d0a684400a6e513606__0a1ef6d0a684400a6e513606__SEG_0001__CH_004,119
0a1ef6d0a684400a6e513606__0a1ef6d0a684400a6e513606__SEG_0001__CH_005,175
0a1ef6d0a684400a6e513606__0a1ef6d0a684400a6e513606__SEG_0001__CH_006,114
0a77f5545238bb80d9a9df16__0a77f5545238bb80d9a9df16__SEG_0001__CH_001,141
0a77f5545238bb80d9a9df16__0a77f5545238bb80d9a9df16__SEG_0001__CH_002,130
0a77f5545238bb80d9a9df16__0a77f5545238bb80d9a9df16__SEG_0001__CH_003,160
0a77f5545238bb80d9a9df16__0a77f5545238bb80d9a9df16__SEG_0001__CH_004,161
0a77f5545238bb80d9a9df16__0a77f5545238bb80d9a9df16__SEG_0001__CH_005,350
0a77f5545238bb80d9a9df16__0a77f5545238bb80d9a9df16__SEG_0002__CH_001,223
0a77f5545238bb80d9a9df16__0a77f5545238bb80d9a9df16__SEG_0002__CH_002,160
0a77f5545238bb80d9a9df16__0a77f5545238bb80d9a9df16__SEG_0002__CH_003,153
0a9913cc394040c5e2fff2b9__0a9913cc394040c5e2fff2b9__SEG_0001__CH_001,145
0a9913cc394040c5e2fff2b9__0a9913cc394040c5e2fff2b9__SEG_0001__CH_002,148
0aa7c0ddfba7c00dc2a19f06__0aa7c0ddfba7c00dc2a19f06__SEG_0001__CH_001,127
0aa7c0ddfba7c00dc2a19f06__0aa7c0ddfba7c00dc2a19f06__SEG_0001__CH_002,117
0aa7c0ddfba7c00dc2a19f06__0aa7c0ddfba7c00dc2a19f06__SEG_0001__CH_003,68
0b08e3e318b967832fe69103__PDFV2__CH_0001,117
0b08e3e318b967832fe69103__PDFV2__CH_0002,145
0b08e3e318b967832fe69103__PDFV2__CH_0003,134
0b08e3e318b967832fe69103__PDFV2__CH_0004,126
0b08e3e318b967832fe69103__PDFV2__CH_0005,122
0b08e3e318b967832fe69103__PDFV2__CH_0006,130
0b08e3e318b967832fe69103__PDFV2__CH_0007,125
0b08e3e318b967832fe69103__PDFV2__CH_0008,130
0b08e3e318b967832fe69103__PDFV2__CH_0009,141
0b08e3e318b967832fe69103__PDFV2__CH_0010,169
0b1a7f04f25bf74cdc8cdae2__0b1a7f04f25bf74cdc8cdae2__SEG_0001__CH_001,124
0b4f83693099ebc73ef2bbf6__PDFV2__CH_0001,109
0b4f83693099ebc73ef2bbf6__PDFV2__CH_0002,126
0b4f83693099ebc73ef2bbf6__PDFV2__CH_0003,121
0b4f83693099ebc73ef2bbf6__PDFV2__CH_0004,114
0b6df71ce0ec03b8faaddc51__0b6df71ce0ec03b8faaddc51__SEG_0001__CH_001,103
0b6df71ce0ec03b8faaddc51__0b6df71ce0ec03b8faaddc51__SEG_0001__CH_002,74
0b7f1fdfd6940a04b11da78a__0b7f1fdfd6940a04b11da78a__SEG_0001__CH_003,126
0b7f1fdfd6940a04b11da78a__0b7f1fdfd6940a04b11da78a__SEG_0001__CH_004,207
0b7f1fdfd6940a04b11da78a__0b7f1fdfd6940a04b11da78a__SEG_0002__CH_003,139
0b7f1fdfd6940a04b11da78a__0b7f1fdfd6940a04b11da78a__SEG_0002__CH_004,160
0b7f1fdfd6940a04b11da78a__0b7f1fdfd6940a04b11da78a__SEG_0003__CH_001,118
0b7f1fdfd6940a04b11da78a__0b7f1fdfd6940a04b11da78a__SEG_0003__CH_002,134
0b7f1fdfd6940a04b11da78a__0b7f1fdfd6940a04b11da78a__SEG_0003__CH_003,125
0b7f1fdfd6940a04b11da78a__0b7f1fdfd6940a04b11da78a__SEG_0004__CH_001,122
0b7f1fdfd6940a04b11da78a__0b7f1fdfd6940a04b11da78a__SEG_0004__CH_002,174
0b7f1fdfd6940a04b11da78a__0b7f1fdfd6940a04b11da78a__SEG_0005__CH_001,113
0b7f1fdfd6940a04b11da78a__0b7f1fdfd6940a04b11da78a__SEG_0005__CH_002,116
0b7f1fdfd6940a04b11da78a__0b7f1fdfd6940a04b11da78a__SEG_0005__CH_003,163
0b7f1fdfd6940a04b11da78a__0b7f1fdfd6940a04b11da78a__SEG_0005__CH_004,106
0b7f1fdfd6940a04b11da78a__0b7f1fdfd6940a04b11da78a__SEG_0006__CH_001,120
0b7f1fdfd6940a04b11da78a__0b7f1fdfd6940a04b11da78a__SEG_0006__CH_002,123
0b7f1fdfd6940a04b11da78a__0b7f1fdfd6940a04b11da78a__SEG_0006__CH_003,124
0b7f1fdfd6940a04b11da78a__0b7f1fdfd6940a04b11da78a__SEG_0006__CH_004,172
0b7f1fdfd6940a04b11da78a__0b7f1fdfd6940a04b11da78a__SEG_0007__CH_002,148
0b7f1fdfd6940a04b11da78a__0b7f1fdfd6940a04b11da78a__SEG_0007__CH_004,159
0b7f1fdfd6940a04b11da78a__0b7f1fdfd6940a04b11da78a__SEG_0007__CH_005,159
0b7f1fdfd6940a04b11da78a__0b7f1fdfd6940a04b11da78a__SEG_0007__CH_006,208
0b7f1fdfd6940a04b11da78a__0b7f1fdfd6940a04b11da78a__SEG_0007__CH_007,179
0b7f1fdfd6940a04b11da78a__0b7f1fdfd6940a04b11da78a__SEG_0008__CH_001,126
0b7f1fdfd6940a04b11da78a__0b7f1fdfd6940a04b11da78a__SEG_0008__CH_002,180
0b7f1fdfd6940a04b11da78a__0b7f1fdfd6940a04b11da78a__SEG_0008__CH_003,113
0b7f1fdfd6940a04b11da78a__0b7f1fdfd6940a04b11da78a__SEG_0009__CH_001,166
0b7f1fdfd6940a04b11da78a__0b7f1fdfd6940a04b11da78a__SEG_0009__CH_002,140
0b7f1fdfd6940a04b11da78a__0b7f1fdfd6940a04b11da78a__SEG_0009__CH_004,143
0b7f1fdfd6940a04b11da78a__0b7f1fdfd6940a04b11da78a__SEG_0010__CH_001,112
0b7f1fdfd6940a04b11da78a__0b7f1fdfd6940a04b11da78a__SEG_0010__CH_002,122
0b7f1fdfd6940a04b11da78a__0b7f1fdfd6940a04b11da78a__SEG_0010__CH_003,111
0b7f1fdfd6940a04b11da78a__0b7f1fdfd6940a04b11da78a__SEG_0010__CH_004,124
0b86435654eb48c5e534c82b__0b86435654eb48c5e534c82b__SEG_0001__CH_002,103
0b967853c6334ad3312d0a6a__0b967853c6334ad3312d0a6a__SEG_0001__CH_001,71
0bb182b1b5a42c36a0999bcd__0bb182b1b5a42c36a0999bcd__SEG_0001__CH_001,127
0bb182b1b5a42c36a0999bcd__0bb182b1b5a42c36a0999bcd__SEG_0001__CH_002,163
0bb182b1b5a42c36a0999bcd__0bb182b1b5a42c36a0999bcd__SEG_0001__CH_003,125
0bb182b1b5a42c36a0999bcd__0bb182b1b5a42c36a0999bcd__SEG_0002__CH_001,109
0bb182b1b5a42c36a0999bcd__0bb182b1b5a42c36a0999bcd__SEG_0002__CH_002,132
0bbd7476215f90dffd7e8a5e__0bbd7476215f90dffd7e8a5e__SEG_0001__CH_001__M,113
0bbd7476215f90dffd7e8a5e__0bbd7476215f90dffd7e8a5e__SEG_0001__CH_004,109
0bd2be1599e39b541d995e83__PDFV2__CH_0001,103
0c3452bafd4c7adbef69866c__0c3452bafd4c7adbef69866c__SEG_0001__CH_002,127
0c3452bafd4c7adbef69866c__0c3452bafd4c7adbef69866c__SEG_0001__CH_003,108
0c3452bafd4c7adbef69866c__0c3452bafd4c7adbef69866c__SEG_0001__CH_004,168
0c3452bafd4c7adbef69866c__0c3452bafd4c7adbef69866c__SEG_0001__CH_005__M,144
0c3452bafd4c7adbef69866c__0c3452bafd4c7adbef69866c__SEG_0001__CH_007,125
0c3452bafd4c7adbef69866c__0c3452bafd4c7adbef69866c__SEG_0001__CH_008,133
0c3452bafd4c7adbef69866c__0c3452bafd4c7adbef69866c__SEG_0001__CH_009,151
0c3452bafd4c7adbef69866c__0c3452bafd4c7adbef69866c__SEG_0002__CH_001,143
0c3452bafd4c7adbef69866c__0c3452bafd4c7adbef69866c__SEG_0002__CH_002,155
0c41580c76dcfc4d5f93cc8b__0c41580c76dcfc4d5f93cc8b__SEG_0001__CH_001,80
0c42ac05c0eef7cdeefc3119__PDFV2__CH_0003,169
0c42ac05c0eef7cdeefc3119__PDFV2__CH_0004,117
0c4387fa6155b7f3d1befc26__0c4387fa6155b7f3d1befc26__SEG_0001__CH_001,122
0ca2bfea6ba357d9000d5870__PDFV2__CH_0001,95
0ca2bfea6ba357d9000d5870__PDFV2__CH_0002,102
0ca2bfea6ba357d9000d5870__PDFV2__CH_0003,152
0ca2bfea6ba357d9000d5870__PDFV2__CH_0004,108
0ca2bfea6ba357d9000d5870__PDFV2__CH_0005,97
0ca2bfea6ba357d9000d5870__PDFV2__CH_0006,124
0ca2bfea6ba357d9000d5870__PDFV2__CH_0007,132
0ca2bfea6ba357d9000d5870__PDFV2__CH_0008,110
0ca2bfea6ba357d9000d5870__PDFV2__CH_0009,145
0ca2bfea6ba357d9000d5870__PDFV2__CH_0010,97
0ca2bfea6ba357d9000d5870__PDFV2__CH_0011,148
0ca2bfea6ba357d9000d5870__PDFV2__CH_0012,125
0ca2bfea6ba357d9000d5870__PDFV2__CH_0013,99
0ca2bfea6ba357d9000d5870__PDFV2__CH_0014,89
0ca2bfea6ba357d9000d5870__PDFV2__CH_0015,88
0ca2bfea6ba357d9000d5870__PDFV2__CH_0016,98
0ca2bfea6ba357d9000d5870__PDFV2__CH_0017,111
0ca2bfea6ba357d9000d5870__PDFV2__CH_0018,122
0ca2bfea6ba357d9000d5870__PDFV2__CH_0019,149
0ca2bfea6ba357d9000d5870__PDFV2__CH_0020,143
0ca2bfea6ba357d9000d5870__PDFV2__CH_0021,108
0ca2bfea6ba357d9000d5870__PDFV2__CH_0022,127
0cf7ef14c38bfdb0405f4a4c__PDFV2__CH_0002,107
0cf7ef14c38bfdb0405f4a4c__PDFV2__CH_0003,122
0cf7ef14c38bfdb0405f4a4c__PDFV2__CH_0005,156
0d04032a02dde1b44429e7e4__0d04032a02dde1b44429e7e4__SEG_0001__CH_001,81
0d5bf1902c9fcdf7194ee25b__0d5bf1902c9fcdf7194ee25b__SEG_0001__CH_002,98
0d5bf1902c9fcdf7194ee25b__0d5bf1902c9fcdf7194ee25b__SEG_0001__CH_003,73
0d9926998d544c855a0799bd__0d9926998d544c855a0799bd__SEG_0001__CH_001,136
0dc9a7f2f8e3d4da44e74893__0dc9a7f2f8e3d4da44e74893__SEG_0001__CH_001,124
0dc9a7f2f8e3d4da44e74893__0dc9a7f2f8e3d4da44e74893__SEG_0001__CH_002,80
0dfedbaf21ec379d7bde2858__0dfedbaf21ec379d7bde2858__SEG_0001__CH_001,126
0dfedbaf21ec379d7bde2858__0dfedbaf21ec379d7bde2858__SEG_0001__CH_002,116
0dfedbaf21ec379d7bde2858__0dfedbaf21ec379d7bde2858__SEG_0001__CH_003,113
0dfedbaf21ec379d7bde2858__0dfedbaf21ec379d7bde2858__SEG_0001__CH_004,125
0dfedbaf21ec379d7bde2858__0dfedbaf21ec379d7bde2858__SEG_0001__CH_005,146
0dfedbaf21ec379d7bde2858__0dfedbaf21ec379d7bde2858__SEG_0001__CH_006,128
0dfedbaf21ec379d7bde2858__0dfedbaf21ec379d7bde2858__SEG_0001__CH_007,128
0dfedbaf21ec379d7bde2858__0dfedbaf21ec379d7bde2858__SEG_0001__CH_008,163
0dfedbaf21ec379d7bde2858__0dfedbaf21ec379d7bde2858__SEG_0001__CH_009,133
0dfedbaf21ec379d7bde2858__0dfedbaf21ec379d7bde2858__SEG_0002__CH_001,118
0e0d97d979cd20495b2fc758__0e0d97d979cd20495b2fc758__SEG_0001__CH_001,83
0e908a7c323604d118207005__0e908a7c323604d118207005__SEG_0001__CH_001,101
0ebd60291e46561ba7d85de5__PDFV2__CH_0002__M,113
0ebd60291e46561ba7d85de5__PDFV2__CH_0004,117
0ebd60291e46561ba7d85de5__PDFV2__CH_0005,74
0f0eb853f854df3b03f49a8c__0f0eb853f854df3b03f49a8c__SEG_0001__CH_002,110
0f0eb853f854df3b03f49a8c__0f0eb853f854df3b03f49a8c__SEG_0001__CH_003,159
0f0eb853f854df3b03f49a8c__0f0eb853f854df3b03f49a8c__SEG_0001__CH_004,134
0f0eb853f854df3b03f49a8c__0f0eb853f854df3b03f49a8c__SEG_0001__CH_005,124
0f0eb853f854df3b03f49a8c__0f0eb853f854df3b03f49a8c__SEG_0001__CH_006,182
0f0eb853f854df3b03f49a8c__0f0eb853f854df3b03f49a8c__SEG_0001__CH_007,134
0f0eb853f854df3b03f49a8c__0f0eb853f854df3b03f49a8c__SEG_0001__CH_008,177
0f0eb853f854df3b03f49a8c__0f0eb853f854df3b03f49a8c__SEG_0001__CH_009,163
0f0eb853f854df3b03f49a8c__0f0eb853f854df3b03f49a8c__SEG_0002__CH_001,153
0f0eb853f854df3b03f49a8c__0f0eb853f854df3b03f49a8c__SEG_0002__CH_002,170
0f90f538e0457f5259eb88b4__0f90f538e0457f5259eb88b4__SEG_0001__CH_001,88
0fc74a11664334d196832392__PDFV2__CH_0011,107
0fc74a11664334d196832392__PDFV2__CH_0014,112
0fc74a11664334d196832392__PDFV2__CH_0015,141
0fc74a11664334d196832392__PDFV2__CH_0016,130
0fc74a11664334d196832392__PDFV2__CH_0017,139
0fc74a11664334d196832392__PDFV2__CH_0018,137
0fc74a11664334d196832392__PDFV2__CH_0019,168
0fc74a11664334d196832392__PDFV2__CH_0020,96
0fc74a11664334d196832392__PDFV2__CH_0021,104
0fc74a11664334d196832392__PDFV2__CH_0022,126
0fc74a11664334d196832392__PDFV2__CH_0023,127
0fc74a11664334d196832392__PDFV2__CH_0024,90
0fc74a11664334d196832392__PDFV2__CH_0025,118
0fc74a11664334d196832392__PDFV2__CH_0026,114
0fc74a11664334d196832392__PDFV2__CH_0027,86
0fc74a11664334d196832392__PDFV2__CH_0028__M,104
0fc74a11664334d196832392__PDFV2__CH_0030,139
0fc74a11664334d196832392__PDFV2__CH_0031,107
0fc74a11664334d196832392__PDFV2__CH_0032,102
0fc74a11664334d196832392__PDFV2__CH_0033,146
0fc74a11664334d196832392__PDFV2__CH_0034,121
0fc74a11664334d196832392__PDFV2__CH_0035,152
0fc74a11664334d196832392__PDFV2__CH_0036,140
0fc74a11664334d196832392__PDFV2__CH_0037,140
0fc74a11664334d196832392__PDFV2__CH_0038,127
0fc74a11664334d196832392__PDFV2__CH_0039,123
0fc74a11664334d196832392__PDFV2__CH_0040,125
0fc74a11664334d196832392__PDFV2__CH_0041,133
0fc74a11664334d196832392__PDFV2__CH_0042,107
0fc74a11664334d196832392__PDFV2__CH_0043,110
0fc74a11664334d196832392__PDFV2__CH_0044,93
0fc74a11664334d196832392__PDFV2__CH_0045,112
0fc74a11664334d196832392__PDFV2__CH_0046,114
0fc74a11664334d196832392__PDFV2__CH_0047,178
0fc74a11664334d196832392__PDFV2__CH_0048,101
0fc74a11664334d196832392__PDFV2__CH_0049,85
0fc74a11664334d196832392__PDFV2__CH_0050,113
0fc74a11664334d196832392__PDFV2__CH_0051,145
0fc74a11664334d196832392__PDFV2__CH_0052,127
0fc74a11664334d196832392__PDFV2__CH_0053,169
0fc74a11664334d196832392__PDFV2__CH_0054,108
0fc74a11664334d196832392__PDFV2__CH_0055,106
0fc74a11664334d196832392__PDFV2__CH_0056,144
0fc74a11664334d196832392__PDFV2__CH_0057,161
0fc74a11664334d196832392__PDFV2__CH_0058,153
0fc74a11664334d196832392__PDFV2__CH_0059,119
0fc74a11664334d196832392__PDFV2__CH_0060,106
0fc74a11664334d196832392__PDFV2__CH_0061,141
0fc74a11664334d196832392__PDFV2__CH_0062,111
0fc74a11664334d196832392__PDFV2__CH_0063,117
0fc74a11664334d196832392__PDFV2__CH_0064,107
0fc74a11664334d196832392__PDFV2__CH_0065,111
0fc74a11664334d196832392__PDFV2__CH_0066,125
0fc74a11664334d196832392__PDFV2__CH_0067,111
0fc74a11664334d196832392__PDFV2__CH_0068,158
0fc74a11664334d196832392__PDFV2__CH_0069,104
0fc74a11664334d196832392__PDFV2__CH_0070,108
0fc74a11664334d196832392__PDFV2__CH_0071,70
0fc74a11664334d196832392__PDFV2__CH_0072,103
0fc74a11664334d196832392__PDFV2__CH_0073,108
0fc74a11664334d196832392__PDFV2__CH_0074,119
0fc74a11664334d196832392__PDFV2__CH_0075,113
0fc74a11664334d196832392__PDFV2__CH_0076__M,133
0fc74a11664334d196832392__PDFV2__CH_0078,90
0fc74a11664334d196832392__PDFV2__CH_0079,152
0fc74a11664334d196832392__PDFV2__CH_0080,139
0fc74a11664334d196832392__PDFV2__CH_0081,160
0fc74a11664334d196832392__PDFV2__CH_0082,142
0fc74a11664334d196832392__PDFV2__CH_0083,113
0fc74a11664334d196832392__PDFV2__CH_0084,103
0fc74a11664334d196832392__PDFV2__CH_0085,114
0fc74a11664334d196832392__PDFV2__CH_0086,81
0fc74a11664334d196832392__PDFV2__CH_0087,159
0fc74a11664334d196832392__PDFV2__CH_0088,108
0fc74a11664334d196832392__PDFV2__CH_0089,82
0fc74a11664334d196832392__PDFV2__CH_0090,126
0fc74a11664334d196832392__PDFV2__CH_0091,94
0fc74a11664334d196832392__PDFV2__CH_0092,99
0fc74a11664334d196832392__PDFV2__CH_0093,119
0fc74a11664334d196832392__PDFV2__CH_0094,176
0fc74a11664334d196832392__PDFV2__CH_0095,127
0fc74a11664334d196832392__PDFV2__CH_0096,142
0fc74a11664334d196832392__PDFV2__CH_0097,103
0fc74a11664334d196832392__PDFV2__CH_0098,133
0fc74a11664334d196832392__PDFV2__CH_0099,111
0fc74a11664334d196832392__PDFV2__CH_0100,172
0fc74a11664334d196832392__PDFV2__CH_0101,111
0fc74a11664334d196832392__PDFV2__CH_0102,110
0fc74a11664334d196832392__PDFV2__CH_0103,143
0fc74a11664334d196832392__PDFV2__CH_0104,175
0fc74a11664334d196832392__PDFV2__CH_0105,107
0fc74a11664334d196832392__PDFV2__CH_0106,133
0fc74a11664334d196832392__PDFV2__CH_0107,99
0fc74a11664334d196832392__PDFV2__CH_0108,102
0fc74a11664334d196832392__PDFV2__CH_0109,101
0fc74a11664334d196832392__PDFV2__CH_0110,83
0fc74a11664334d196832392__PDFV2__CH_0111,79
0fc74a11664334d196832392__PDFV2__CH_0112,114
0fc74a11664334d196832392__PDFV2__CH_0113,126
0fc74a11664334d196832392__PDFV2__CH_0114,138
0fc74a11664334d196832392__PDFV2__CH_0115,131
0fc74a11664334d196832392__PDFV2__CH_0116,122
0fc74a11664334d196832392__PDFV2__CH_0117,97
0fc74a11664334d196832392__PDFV2__CH_0118,130
0fc74a11664334d196832392__PDFV2__CH_0119,131
0fc74a11664334d196832392__PDFV2__CH_0120,125
0fc74a11664334d196832392__PDFV2__CH_0121,118
0fc74a11664334d196832392__PDFV2__CH_0122,105
0fc74a11664334d196832392__PDFV2__CH_0123,120
0fc74a11664334d196832392__PDFV2__CH_0124,87
0fc74a11664334d196832392__PDFV2__CH_0125,93
0fc74a11664334d196832392__PDFV2__CH_0126,110
0fc74a11664334d196832392__PDFV2__CH_0127,114
0fc74a11664334d196832392__PDFV2__CH_0128,107
0fc74a11664334d196832392__PDFV2__CH_0129,103
0fc74a11664334d196832392__PDFV2__CH_0130,121
0fc74a11664334d196832392__PDFV2__CH_0131,99
0fc74a11664334d196832392__PDFV2__CH_0132,123
0fc74a11664334d196832392__PDFV2__CH_0133,105
0fc74a11664334d196832392__PDFV2__CH_0134,102
0fc74a11664334d196832392__PDFV2__CH_0135,63
0fc74a11664334d196832392__PDFV2__CH_0136,107
0fc74a11664334d196832392__PDFV2__CH_0137,123
0fc74a11664334d196832392__PDFV2__CH_0138__M,127
0fc74a11664334d196832392__PDFV2__CH_0140,148
0fc74a11664334d196832392__PDFV2__CH_0141,132
0fc74a11664334d196832392__PDFV2__CH_0142,113
0fc74a11664334d196832392__PDFV2__CH_0143,175
0fc74a11664334d196832392__PDFV2__CH_0144,129
0fc74a11664334d196832392__PDFV2__CH_0145,104
0fc74a11664334d196832392__PDFV2__CH_0146,166
0fc74a11664334d196832392__PDFV2__CH_0147,126
0fc74a11664334d196832392__PDFV2__CH_0148,147
0fc74a11664334d196832392__PDFV2__CH_0149,73
0fc74a11664334d196832392__PDFV2__CH_0150,104
0fc74a11664334d196832392__PDFV2__CH_0151__M,123
0fc74a11664334d196832392__PDFV2__CH_0153,109
0fc74a11664334d196832392__PDFV2__CH_0154,102
0fc74a11664334d196832392__PDFV2__CH_0155,97
0fc74a11664334d196832392__PDFV2__CH_0156,124
0fc74a11664334d196832392__PDFV2__CH_0157,117
0fc74a11664334d196832392__PDFV2__CH_0158,137
0fc74a11664334d196832392__PDFV2__CH_0159,100
0fc74a11664334d196832392__PDFV2__CH_0160,143
0fc74a11664334d196832392__PDFV2__CH_0161,186
0fc74a11664334d196832392__PDFV2__CH_0162,105
0fc74a11664334d196832392__PDFV2__CH_0163,102
0fc74a11664334d196832392__PDFV2__CH_0164__M,112
0fc74a11664334d196832392__PDFV2__CH_0166,150
0fc74a11664334d196832392__PDFV2__CH_0167,121
0fc74a11664334d196832392__PDFV2__CH_0168,95
0fc74a11664334d196832392__PDFV2__CH_0169,137
0fc74a11664334d196832392__PDFV2__CH_0170,84
0fc74a11664334d196832392__PDFV2__CH_0171,119
0fc74a11664334d196832392__PDFV2__CH_0172,139
0fc74a11664334d196832392__PDFV2__CH_0173,106
0fc74a11664334d196832392__PDFV2__CH_0174,82
0fc74a11664334d196832392__PDFV2__CH_0175,119
0fc74a11664334d196832392__PDFV2__CH_0176,111
0fc74a11664334d196832392__PDFV2__CH_0177,118
0fc74a11664334d196832392__PDFV2__CH_0178,130
0fc74a11664334d196832392__PDFV2__CH_0179,114
0fc74a11664334d196832392__PDFV2__CH_0180,135
0fc74a11664334d196832392__PDFV2__CH_0181,143
0fc74a11664334d196832392__PDFV2__CH_0182,121
0fc74a11664334d196832392__PDFV2__CH_0183,179
0fc74a11664334d196832392__PDFV2__CH_0184,144
0fc74a11664334d196832392__PDFV2__CH_0185,138
0fc74a11664334d196832392__PDFV2__CH_0186,150
0fc74a11664334d196832392__PDFV2__CH_0187,140
0fc74a11664334d196832392__PDFV2__CH_0188,121
0fc74a11664334d196832392__PDFV2__CH_0189,162
0fc74a11664334d196832392__PDFV2__CH_0190,102
0fc74a11664334d196832392__PDFV2__CH_0191,145
0fc74a11664334d196832392__PDFV2__CH_0192,131
0fc74a11664334d196832392__PDFV2__CH_0193,129
0fc74a11664334d196832392__PDFV2__CH_0194,104
0fc74a11664334d196832392__PDFV2__CH_0195,126
0fc74a11664334d196832392__PDFV2__CH_0196,148
0fc74a11664334d196832392__PDFV2__CH_0197,99
0fc74a11664334d196832392__PDFV2__CH_0198,147
0fc74a11664334d196832392__PDFV2__CH_0199,107
0fc74a11664334d196832392__PDFV2__CH_0200,102
0fc74a11664334d196832392__PDFV2__CH_0201,87
0fc74a11664334d196832392__PDFV2__CH_0202,101
0fc74a11664334d196832392__PDFV2__CH_0203,107
0fc74a11664334d196832392__PDFV2__CH_0204,123
0fc74a11664334d196832392__PDFV2__CH_0205,122
0fc74a11664334d196832392__PDFV2__CH_0206,117
0fc74a11664334d196832392__PDFV2__CH_0207,111
0fc74a11664334d196832392__PDFV2__CH_0208__M,159
0fc74a11664334d196832392__PDFV2__CH_0210,96
0fc74a11664334d196832392__PDFV2__CH_0211,84
0fc74a11664334d196832392__PDFV2__CH_0212,106
0fc74a11664334d196832392__PDFV2__CH_0213,153
0fc74a11664334d196832392__PDFV2__CH_0214,120
0fc74a11664334d196832392__PDFV2__CH_0215,89
0fc74a11664334d196832392__PDFV2__CH_0216,113
0fc74a11664334d196832392__PDFV2__CH_0217,72
0fc74a11664334d196832392__PDFV2__CH_0218,112
0fc74a11664334d196832392__PDFV2__CH_0219__M,130
0fc74a11664334d196832392__PDFV2__CH_0222__M,130
0fc74a11664334d196832392__PDFV2__CH_0224,136
0fc74a11664334d196832392__PDFV2__CH_0225,129
0fc74a11664334d196832392__PDFV2__CH_0226,123
0fc74a11664334d196832392__PDFV2__CH_0227,132
0fc74a11664334d196832392__PDFV2__CH_0228,137
0fc74a11664334d196832392__PDFV2__CH_0229,129
0fc74a11664334d196832392__PDFV2__CH_0230,117
0fc74a11664334d196832392__PDFV2__CH_0231,105
0fc74a11664334d196832392__PDFV2__CH_0232,116
0fc74a11664334d196832392__PDFV2__CH_0233,110
0fc74a11664334d196832392__PDFV2__CH_0234,152
0fc74a11664334d196832392__PDFV2__CH_0236,105
0fc74a11664334d196832392__PDFV2__CH_0237,68
0fc74a11664334d196832392__PDFV2__CH_0238,76
0fc74a11664334d196832392__PDFV2__CH_0239,110
0fc74a11664334d196832392__PDFV2__CH_0240,152
0fc74a11664334d196832392__PDFV2__CH_0241,159
0fc74a11664334d196832392__PDFV2__CH_0242,135
0fc74a11664334d196832392__PDFV2__CH_0243,183
0fc74a11664334d196832392__PDFV2__CH_0244,147
0fc74a11664334d196832392__PDFV2__CH_0245,131
0fc74a11664334d196832392__PDFV2__CH_0246,111
0fc74a11664334d196832392__PDFV2__CH_0249,139
0fc74a11664334d196832392__PDFV2__CH_0255,89
0fc74a11664334d196832392__PDFV2__CH_0256,146
0fc74a11664334d196832392__PDFV2__CH_0257,127
0fc74a11664334d196832392__PDFV2__CH_0258,99
0fc74a11664334d196832392__PDFV2__CH_0259,122
0fc74a11664334d196832392__PDFV2__CH_0260,102
0fc74a11664334d196832392__PDFV2__CH_0261,118
0fc74a11664334d196832392__PDFV2__CH_0262,124
0fc74a11664334d196832392__PDFV2__CH_0263,162
0fc74a11664334d196832392__PDFV2__CH_0264,89
0fc74a11664334d196832392__PDFV2__CH_0265,110
0fc74a11664334d196832392__PDFV2__CH_0266,122
0fc74a11664334d196832392__PDFV2__CH_0267,139
0fc74a11664334d196832392__PDFV2__CH_0268,134
0fc74a11664334d196832392__PDFV2__CH_0269,105
0fc74a11664334d196832392__PDFV2__CH_0270,106
0fc74a11664334d196832392__PDFV2__CH_0271,110
0fc74a11664334d196832392__PDFV2__CH_0272,96
0fc74a11664334d196832392__PDFV2__CH_0273,98
0fc74a11664334d196832392__PDFV2__CH_0274,100
0fc74a11664334d196832392__PDFV2__CH_0275,91
0fc74a11664334d196832392__PDFV2__CH_0276,122
0fc74a11664334d196832392__PDFV2__CH_0277,74
0fc74a11664334d196832392__PDFV2__CH_0279,138
0fc74a11664334d196832392__PDFV2__CH_0280,159
0fc74a11664334d196832392__PDFV2__CH_0281,127
0fc74a11664334d196832392__PDFV2__CH_0282,81
0fc74a11664334d196832392__PDFV2__CH_0283,163
0fc74a11664334d196832392__PDFV2__CH_0284,125
0fc74a11664334d196832392__PDFV2__CH_0285,155
0fc74a11664334d196832392__PDFV2__CH_0286,89
0fc74a11664334d196832392__PDFV2__CH_0287,99
0fc74a11664334d196832392__PDFV2__CH_0288,126
0fc74a11664334d196832392__PDFV2__CH_0289,111
0fc74a11664334d196832392__PDFV2__CH_0290,115
0fc74a11664334d196832392__PDFV2__CH_0291,123
0fc74a11664334d196832392__PDFV2__CH_0292,113
0fc74a11664334d196832392__PDFV2__CH_0293,107
100b1455458bc9f9fc27ce4e__100b1455458bc9f9fc27ce4e__SEG_0001__CH_001,108
100b1455458bc9f9fc27ce4e__100b1455458bc9f9fc27ce4e__SEG_0001__CH_002,198
100b1455458bc9f9fc27ce4e__100b1455458bc9f9fc27ce4e__SEG_0001__CH_003,168
100b1455458bc9f9fc27ce4e__100b1455458bc9f9fc27ce4e__SEG_0001__CH_004,157
101c3495ebf7ef87d7fa59b5__101c3495ebf7ef87d7fa59b5__SEG_0001__CH_001,144
101c3495ebf7ef87d7fa59b5__101c3495ebf7ef87d7fa59b5__SEG_0001__CH_002,124
101c3495ebf7ef87d7fa59b5__101c3495ebf7ef87d7fa59b5__SEG_0001__CH_003,130
10451ea26542b0ddfe0511b7__10451ea26542b0ddfe0511b7__SEG_0001__CH_001,134
10451ea26542b0ddfe0511b7__10451ea26542b0ddfe0511b7__SEG_0001__CH_002,132
10451ea26542b0ddfe0511b7__10451ea26542b0ddfe0511b7__SEG_0001__CH_003,208
10451ea26542b0ddfe0511b7__10451ea26542b0ddfe0511b7__SEG_0001__CH_004,117
10a4c17721d16750f8102c4f__PDFV2__CH_0001,144
10a4c17721d16750f8102c4f__PDFV2__CH_0003,113
10a4c17721d16750f8102c4f__PDFV2__CH_0004,137
10a4c17721d16750f8102c4f__PDFV2__CH_0006,160
10a4c17721d16750f8102c4f__PDFV2__CH_0007,112
10a4c17721d16750f8102c4f__PDFV2__CH_0008,156
10a4c17721d16750f8102c4f__PDFV2__CH_0009,149
10a4c17721d16750f8102c4f__PDFV2__CH_0010,135
10a4c17721d16750f8102c4f__PDFV2__CH_0011,133
10a4c17721d16750f8102c4f__PDFV2__CH_0012,143
10a4c17721d16750f8102c4f__PDFV2__CH_0013,168
10a4c17721d16750f8102c4f__PDFV2__CH_0014,124
10a4c17721d16750f8102c4f__PDFV2__CH_0015,151
10a4c17721d16750f8102c4f__PDFV2__CH_0016,135
10a4c17721d16750f8102c4f__PDFV2__CH_0017,163
10a4c17721d16750f8102c4f__PDFV2__CH_0018,124
10a4c17721d16750f8102c4f__PDFV2__CH_0019,130
10a4c17721d16750f8102c4f__PDFV2__CH_0020,99
10a4c17721d16750f8102c4f__PDFV2__CH_0021,132
10a4c17721d16750f8102c4f__PDFV2__CH_0022,106
10a4c17721d16750f8102c4f__PDFV2__CH_0023,162
10a4c17721d16750f8102c4f__PDFV2__CH_0024,141
10a4c17721d16750f8102c4f__PDFV2__CH_0025,139
10a4c17721d16750f8102c4f__PDFV2__CH_0026,153
10a4c17721d16750f8102c4f__PDFV2__CH_0027,101
10a4c17721d16750f8102c4f__PDFV2__CH_0028,183
10a4c17721d16750f8102c4f__PDFV2__CH_0029,164
10a4c17721d16750f8102c4f__PDFV2__CH_0030,117
10a4c17721d16750f8102c4f__PDFV2__CH_0031,127
10a4c17721d16750f8102c4f__PDFV2__CH_0032,141
10a4c17721d16750f8102c4f__PDFV2__CH_0033,157
10a4c17721d16750f8102c4f__PDFV2__CH_0034,150
10a4c17721d16750f8102c4f__PDFV2__CH_0035,169
10a4c17721d16750f8102c4f__PDFV2__CH_0036,126
10a4c17721d16750f8102c4f__PDFV2__CH_0037,125
10a4c17721d16750f8102c4f__PDFV2__CH_0038,118
10a4c17721d16750f8102c4f__PDFV2__CH_0039,129
10a4c17721d16750f8102c4f__PDFV2__CH_0040,126
10a4c17721d16750f8102c4f__PDFV2__CH_0041,133
10a4c17721d16750f8102c4f__PDFV2__CH_0042,142
10a4c17721d16750f8102c4f__PDFV2__CH_0043,140
10a4c17721d16750f8102c4f__PDFV2__CH_0044,113
10a4c17721d16750f8102c4f__PDFV2__CH_0045,108
10a4c17721d16750f8102c4f__PDFV2__CH_0046,104
10a4c17721d16750f8102c4f__PDFV2__CH_0047,131
10a4c17721d16750f8102c4f__PDFV2__CH_0048,115
10a4c17721d16750f8102c4f__PDFV2__CH_0049,160
10a4c17721d16750f8102c4f__PDFV2__CH_0050,118
10a4c17721d16750f8102c4f__PDFV2__CH_0051,134
10a4c17721d16750f8102c4f__PDFV2__CH_0052,105
10a4c17721d16750f8102c4f__PDFV2__CH_0053,73
10a4c17721d16750f8102c4f__PDFV2__CH_0054,128
10a4c17721d16750f8102c4f__PDFV2__CH_0055,145
10a4c17721d16750f8102c4f__PDFV2__CH_0056__M,147
10a4c17721d16750f8102c4f__PDFV2__CH_0058,157
10a4c17721d16750f8102c4f__PDFV2__CH_0059,97
10a4c17721d16750f8102c4f__PDFV2__CH_0060,124
10a4c17721d16750f8102c4f__PDFV2__CH_0061,137
10a4c17721d16750f8102c4f__PDFV2__CH_0062,139
10a4c17721d16750f8102c4f__PDFV2__CH_0063,116
10a4c17721d16750f8102c4f__PDFV2__CH_0064,122
10c2b7a45924aacb63e8a0cc__10c2b7a45924aacb63e8a0cc__SEG_0001__CH_001,102
10c2b7a45924aacb63e8a0cc__10c2b7a45924aacb63e8a0cc__SEG_0001__CH_002,96
10c2b7a45924aacb63e8a0cc__10c2b7a45924aacb63e8a0cc__SEG_0001__CH_003,178
10c2b7a45924aacb63e8a0cc__10c2b7a45924aacb63e8a0cc__SEG_0001__CH_004,138
10c2b7a45924aacb63e8a0cc__10c2b7a45924aacb63e8a0cc__SEG_0001__CH_005,135
10c2b7a45924aacb63e8a0cc__10c2b7a45924aacb63e8a0cc__SEG_0001__CH_006,113
10e167f116cfbbd12080f0d3__10e167f116cfbbd12080f0d3__SEG_0001__CH_001,96
1126590a2e697394ded57aad__1126590a2e697394ded57aad__SEG_0001__CH_001,119
1145464cee7b29d18d71661f__1145464cee7b29d18d71661f__SEG_0001__CH_001,115
1145464cee7b29d18d71661f__1145464cee7b29d18d71661f__SEG_0001__CH_002,107
1145464cee7b29d18d71661f__1145464cee7b29d18d71661f__SEG_0001__CH_003,117
1145464cee7b29d18d71661f__1145464cee7b29d18d71661f__SEG_0001__CH_004,148
1145464cee7b29d18d71661f__1145464cee7b29d18d71661f__SEG_0001__CH_005,122
11482bf29627588c6b035703__PDFV2__CH_0001,159
11482bf29627588c6b035703__PDFV2__CH_0002,134
11482bf29627588c6b035703__PDFV2__CH_0003,140
11482bf29627588c6b035703__PDFV2__CH_0004,150
11482bf29627588c6b035703__PDFV2__CH_0005,145
11482bf29627588c6b035703__PDFV2__CH_0006,138
11cc2ce38eef4729efc37e7b__PDFV2__CH_0001,100
11cc2ce38eef4729efc37e7b__PDFV2__CH_0002,151
11cc2ce38eef4729efc37e7b__PDFV2__CH_0003,112
11cc2ce38eef4729efc37e7b__PDFV2__CH_0004,133
11cc2ce38eef4729efc37e7b__PDFV2__CH_0005,196
11cc2ce38eef4729efc37e7b__PDFV2__CH_0006,157
11cc2ce38eef4729efc37e7b__PDFV2__CH_0007,156
11d06579f96cb8ab859876c3__PDFV2__CH_0001,149
11d06579f96cb8ab859876c3__PDFV2__CH_0002,164
11d06579f96cb8ab859876c3__PDFV2__CH_0003,178
11d06579f96cb8ab859876c3__PDFV2__CH_0004,168
11d06579f96cb8ab859876c3__PDFV2__CH_0005,145
11d06579f96cb8ab859876c3__PDFV2__CH_0006,155
11d06579f96cb8ab859876c3__PDFV2__CH_0007,151
11d06579f96cb8ab859876c3__PDFV2__CH_0008,144
11d06579f96cb8ab859876c3__PDFV2__CH_0009,133
121c03c689104ea598bdd02e__PDFV2__CH_0002,101
121c03c689104ea598bdd02e__PDFV2__CH_0003,130
121c03c689104ea598bdd02e__PDFV2__CH_0004,124
121c03c689104ea598bdd02e__PDFV2__CH_0006,141
121c03c689104ea598bdd02e__PDFV2__CH_0007,122
128d788f7d1205da6e937516__128d788f7d1205da6e937516__SEG_0001__CH_001,140
128d788f7d1205da6e937516__128d788f7d1205da6e937516__SEG_0001__CH_002,115
128d788f7d1205da6e937516__128d788f7d1205da6e937516__SEG_0001__CH_003,181
128d788f7d1205da6e937516__128d788f7d1205da6e937516__SEG_0001__CH_004,175
129227d444030cff228f3fef__129227d444030cff228f3fef__SEG_0001__CH_001,141
129227d444030cff228f3fef__129227d444030cff228f3fef__SEG_0001__CH_002,105
129227d444030cff228f3fef__129227d444030cff228f3fef__SEG_0001__CH_003,154
129227d444030cff228f3fef__129227d444030cff228f3fef__SEG_0001__CH_004,168
129227d444030cff228f3fef__129227d444030cff228f3fef__SEG_0001__CH_005,124
129227d444030cff228f3fef__129227d444030cff228f3fef__SEG_0001__CH_006,90
1298f7aa3d8e0dfac4913d31__1298f7aa3d8e0dfac4913d31__SEG_0001__CH_001,149
1298f7aa3d8e0dfac4913d31__1298f7aa3d8e0dfac4913d31__SEG_0001__CH_002,131
1298f7aa3d8e0dfac4913d31__1298f7aa3d8e0dfac4913d31__SEG_0001__CH_003,127
12ce7ce3ef2a4642d64fafd6__12ce7ce3ef2a4642d64fafd6__SEG_0001__CH_001,138
12ce7ce3ef2a4642d64fafd6__12ce7ce3ef2a4642d64fafd6__SEG_0001__CH_002,122
12d7013911bdb4ffc5ac578f__PDFV2__CH_0001,131
12d7013911bdb4ffc5ac578f__PDFV2__CH_0002,153
12d7013911bdb4ffc5ac578f__PDFV2__CH_0003,149
12d7013911bdb4ffc5ac578f__PDFV2__CH_0004,158
12d7013911bdb4ffc5ac578f__PDFV2__CH_0005,134
12d7013911bdb4ffc5ac578f__PDFV2__CH_0006,117
12d7013911bdb4ffc5ac578f__PDFV2__CH_0007,137
12d7013911bdb4ffc5ac578f__PDFV2__CH_0008,155
12d7013911bdb4ffc5ac578f__PDFV2__CH_0009,151
12d7013911bdb4ffc5ac578f__PDFV2__CH_0010,196
12dd867a3dd794ae74b9f2c3__12dd867a3dd794ae74b9f2c3__SEG_0001__CH_001,120
12dd867a3dd794ae74b9f2c3__12dd867a3dd794ae74b9f2c3__SEG_0001__CH_002,99
1361a3cae921ef8ee62ba7d6__1361a3cae921ef8ee62ba7d6__SEG_0001__CH_001,163
1361a3cae921ef8ee62ba7d6__1361a3cae921ef8ee62ba7d6__SEG_0001__CH_002,165
1361a3cae921ef8ee62ba7d6__1361a3cae921ef8ee62ba7d6__SEG_0001__CH_003,110
13deaad96b7551395ff63642__13deaad96b7551395ff63642__SEG_0001__CH_001,86
14bc854c2951315fa326cba6__14bc854c2951315fa326cba6__SEG_0001__CH_002,100
14bc854c2951315fa326cba6__14bc854c2951315fa326cba6__SEG_0001__CH_003,135
14bc854c2951315fa326cba6__14bc854c2951315fa326cba6__SEG_0001__CH_004,158
14bc854c2951315fa326cba6__14bc854c2951315fa326cba6__SEG_0001__CH_005,136
14bc854c2951315fa326cba6__14bc854c2951315fa326cba6__SEG_0001__CH_006,133
14bc854c2951315fa326cba6__14bc854c2951315fa326cba6__SEG_0001__CH_007,125
14bc854c2951315fa326cba6__14bc854c2951315fa326cba6__SEG_0001__CH_008,141
14bc854c2951315fa326cba6__14bc854c2951315fa326cba6__SEG_0001__CH_009,116
14f9dda41e796def7d0b2835__14f9dda41e796def7d0b2835__SEG_0001__CH_001,119
14f9dda41e796def7d0b2835__14f9dda41e796def7d0b2835__SEG_0001__CH_002,102
15305317c4ebf066a76b2a47__PDFV2__CH_0002,80
15305317c4ebf066a76b2a47__PDFV2__CH_0003,136
15305317c4ebf066a76b2a47__PDFV2__CH_0004,111
15305317c4ebf066a76b2a47__PDFV2__CH_0005,103
15305317c4ebf066a76b2a47__PDFV2__CH_0006,140
15305317c4ebf066a76b2a47__PDFV2__CH_0007,185
15305317c4ebf066a76b2a47__PDFV2__CH_0008,101
15305317c4ebf066a76b2a47__PDFV2__CH_0009__M,126
15305317c4ebf066a76b2a47__PDFV2__CH_0011,160
15305317c4ebf066a76b2a47__PDFV2__CH_0012,139
15305317c4ebf066a76b2a47__PDFV2__CH_0013,175
15305317c4ebf066a76b2a47__PDFV2__CH_0014,105
15305317c4ebf066a76b2a47__PDFV2__CH_0015,106
15305317c4ebf066a76b2a47__PDFV2__CH_0016,130
15305317c4ebf066a76b2a47__PDFV2__CH_0017,215
15305317c4ebf066a76b2a47__PDFV2__CH_0018,80
154e4510f6a2178638dda495__PDFV2__CH_0002,112
154e4510f6a2178638dda495__PDFV2__CH_0005,94
15a21c04ad77ed3797afb706__PDFV2__CH_0002,152
15a21c04ad77ed3797afb706__PDFV2__CH_0003,126
15b2dc4688fdb13b608d8fe6__PDFV2__CH_0005,107
15b2dc4688fdb13b608d8fe6__PDFV2__CH_0006,130
15b2dc4688fdb13b608d8fe6__PDFV2__CH_0007,87
15b2dc4688fdb13b608d8fe6__PDFV2__CH_0009,84
15b2dc4688fdb13b608d8fe6__PDFV2__CH_0010,140
15b2dc4688fdb13b608d8fe6__PDFV2__CH_0011,86
15b2dc4688fdb13b608d8fe6__PDFV2__CH_0012,97
15b2dc4688fdb13b608d8fe6__PDFV2__CH_0013,108
15b2dc4688fdb13b608d8fe6__PDFV2__CH_0014,138
15b2dc4688fdb13b608d8fe6__PDFV2__CH_0017,125
15b2dc4688fdb13b608d8fe6__PDFV2__CH_0019,109
15b2dc4688fdb13b608d8fe6__PDFV2__CH_0020__M,142
15b2dc4688fdb13b608d8fe6__PDFV2__CH_0025,139
15b2dc4688fdb13b608d8fe6__PDFV2__CH_0028,89
15b2dc4688fdb13b608d8fe6__PDFV2__CH_0038,77
15b2dc4688fdb13b608d8fe6__PDFV2__CH_0039,113
15b2dc4688fdb13b608d8fe6__PDFV2__CH_0040,90
15b2dc4688fdb13b608d8fe6__PDFV2__CH_0041,78
15b2dc4688fdb13b608d8fe6__PDFV2__CH_0042,93
15b2dc4688fdb13b608d8fe6__PDFV2__CH_0049,117
15b2dc4688fdb13b608d8fe6__PDFV2__CH_0056,64
15b2dc4688fdb13b608d8fe6__PDFV2__CH_0058,103
15b2dc4688fdb13b608d8fe6__PDFV2__CH_0059__M,94
15b2dc4688fdb13b608d8fe6__PDFV2__CH_0062,108
15b2dc4688fdb13b608d8fe6__PDFV2__CH_0063,110
15b2dc4688fdb13b608d8fe6__PDFV2__CH_0064,86
15c3ffbda2c2d35c0268f41e__15c3ffbda2c2d35c0268f41e__SEG_0001__CH_002,118
15c3ffbda2c2d35c0268f41e__15c3ffbda2c2d35c0268f41e__SEG_0001__CH_003,199
15c3ffbda2c2d35c0268f41e__15c3ffbda2c2d35c0268f41e__SEG_0001__CH_004,120
15c89556221fd6d0e94f70ed__15c89556221fd6d0e94f70ed__SEG_0001__CH_001,125
15cb5980920e22ad58a98e1a__15cb5980920e22ad58a98e1a__SEG_0001__CH_001,146
15cb5980920e22ad58a98e1a__15cb5980920e22ad58a98e1a__SEG_0001__CH_002,139
15cb5980920e22ad58a98e1a__15cb5980920e22ad58a98e1a__SEG_0001__CH_003,126
15fc5bbf1a5e1ae0af6ccf9c__15fc5bbf1a5e1ae0af6ccf9c__SEG_0001__CH_001,112
15fc5bbf1a5e1ae0af6ccf9c__15fc5bbf1a5e1ae0af6ccf9c__SEG_0001__CH_002,122
16033821862348bc294f4b4f__16033821862348bc294f4b4f__SEG_0001__CH_001,68
163d3a549366bd3d90610477__163d3a549366bd3d90610477__SEG_0001__CH_001,158
163d3a549366bd3d90610477__163d3a549366bd3d90610477__SEG_0001__CH_002,136
163f9ef45d0d774ba7bac2ac__163f9ef45d0d774ba7bac2ac__SEG_0001__CH_002,115
163f9ef45d0d774ba7bac2ac__163f9ef45d0d774ba7bac2ac__SEG_0001__CH_003,115
165aea398b68b5b0dca75db7__165aea398b68b5b0dca75db7__SEG_0001__CH_001,108
165aea398b68b5b0dca75db7__165aea398b68b5b0dca75db7__SEG_0001__CH_002,78
1679f2bf64884c1319459c78__1679f2bf64884c1319459c78__SEG_0001__CH_001,111
1679f2bf64884c1319459c78__1679f2bf64884c1319459c78__SEG_0001__CH_002,149
1679f2bf64884c1319459c78__1679f2bf64884c1319459c78__SEG_0001__CH_003,168
1679f2bf64884c1319459c78__1679f2bf64884c1319459c78__SEG_0001__CH_004,123
1679f2bf64884c1319459c78__1679f2bf64884c1319459c78__SEG_0001__CH_005,101
1679f2bf64884c1319459c78__1679f2bf64884c1319459c78__SEG_0002__CH_001__S1,131
1679f2bf64884c1319459c78__1679f2bf64884c1319459c78__SEG_0002__CH_001__S2,102
1679f2bf64884c1319459c78__1679f2bf64884c1319459c78__SEG_0002__CH_001__S3,103
1679f2bf64884c1319459c78__1679f2bf64884c1319459c78__SEG_0002__CH_001__S4,127
1679f2bf64884c1319459c78__1679f2bf64884c1319459c78__SEG_0002__CH_001__S5,105
1679f2bf64884c1319459c78__1679f2bf64884c1319459c78__SEG_0002__CH_001__S6,100
1679f2bf64884c1319459c78__1679f2bf64884c1319459c78__SEG_0002__CH_001__S7,113
168f00bcc71674a73a5d8fce__168f00bcc71674a73a5d8fce__SEG_0001__CH_001,82
168f00bcc71674a73a5d8fce__168f00bcc71674a73a5d8fce__SEG_0001__CH_002,115
168f00bcc71674a73a5d8fce__168f00bcc71674a73a5d8fce__SEG_0001__CH_003,70
168f00bcc71674a73a5d8fce__168f00bcc71674a73a5d8fce__SEG_0001__CH_004,71
16cffa92d1bb22fbf3b1529a__16cffa92d1bb22fbf3b1529a__SEG_0001__CH_001,80
16f701c049020aad33dd5b01__16f701c049020aad33dd5b01__SEG_0001__CH_001,121
16f984ef0531490e31beac21__16f984ef0531490e31beac21__SEG_0001__CH_002,115
170987c4580d6969bbc96fba__170987c4580d6969bbc96fba__SEG_0001__CH_001,89
170987c4580d6969bbc96fba__170987c4580d6969bbc96fba__SEG_0001__CH_002,101
170987c4580d6969bbc96fba__170987c4580d6969bbc96fba__SEG_0001__CH_003,79
17101ae18c70151e2298e9e1__17101ae18c70151e2298e9e1__SEG_0001__CH_001,104
17101ae18c70151e2298e9e1__17101ae18c70151e2298e9e1__SEG_0001__CH_002,114
173c9ba541dc6bc51cb9ee0c__173c9ba541dc6bc51cb9ee0c__SEG_0001__CH_003,122
173c9ba541dc6bc51cb9ee0c__173c9ba541dc6bc51cb9ee0c__SEG_0001__CH_004,148
173c9ba541dc6bc51cb9ee0c__173c9ba541dc6bc51cb9ee0c__SEG_0001__CH_005,106
17b2603348a097bba8311ea5__17b2603348a097bba8311ea5__SEG_0001__CH_001,156
17b2603348a097bba8311ea5__17b2603348a097bba8311ea5__SEG_0001__CH_002,89
17b2603348a097bba8311ea5__17b2603348a097bba8311ea5__SEG_0001__CH_003,106
17b2603348a097bba8311ea5__17b2603348a097bba8311ea5__SEG_0001__CH_004,142
17b391cf4bc1a479ae5cb433__17b391cf4bc1a479ae5cb433__SEG_0001__CH_001,88
17e92aa41c3845a6813f1f88__PDFV2__CH_0001,120
17e92aa41c3845a6813f1f88__PDFV2__CH_0002,140
17e92aa41c3845a6813f1f88__PDFV2__CH_0003,118
17e92aa41c3845a6813f1f88__PDFV2__CH_0004,81
17e92aa41c3845a6813f1f88__PDFV2__CH_0005,131
17e92aa41c3845a6813f1f88__PDFV2__CH_0006,110
17e92aa41c3845a6813f1f88__PDFV2__CH_0007,130
17e92aa41c3845a6813f1f88__PDFV2__CH_0008,103
17e92aa41c3845a6813f1f88__PDFV2__CH_0009,103
17e92aa41c3845a6813f1f88__PDFV2__CH_0010,130
17e92aa41c3845a6813f1f88__PDFV2__CH_0011,117
17e92aa41c3845a6813f1f88__PDFV2__CH_0012,154
17e92aa41c3845a6813f1f88__PDFV2__CH_0013,116
17e92aa41c3845a6813f1f88__PDFV2__CH_0014,137
17e92aa41c3845a6813f1f88__PDFV2__CH_0015,119
17e92aa41c3845a6813f1f88__PDFV2__CH_0016,116
17ead4b854d9c970e49c7609__17ead4b854d9c970e49c7609__SEG_0001__CH_001,190
17ead4b854d9c970e49c7609__17ead4b854d9c970e49c7609__SEG_0001__CH_002,187
17ee13070cdafbbca6f278d8__17ee13070cdafbbca6f278d8__SEG_0001__CH_001,69
17ee13070cdafbbca6f278d8__17ee13070cdafbbca6f278d8__SEG_0001__CH_002,118
189281c860e912849277860d__189281c860e912849277860d__SEG_0001__CH_001,142
189281c860e912849277860d__189281c860e912849277860d__SEG_0001__CH_002,180
189281c860e912849277860d__189281c860e912849277860d__SEG_0001__CH_003,103
18a5b1d8eba69633d47b9de9__18a5b1d8eba69633d47b9de9__SEG_0001__CH_001,131
18a5b1d8eba69633d47b9de9__18a5b1d8eba69633d47b9de9__SEG_0001__CH_002,136
18b29b8d00f8b9a5c001ecf9__PDFV2__CH_0001,96
18beb2260957eba4e17a3fc8__18beb2260957eba4e17a3fc8__SEG_0001__CH_001,107
18beb2260957eba4e17a3fc8__18beb2260957eba4e17a3fc8__SEG_0001__CH_002,108
191cccc74f673deaf4594394__191cccc74f673deaf4594394__SEG_0001__CH_001,116
191cccc74f673deaf4594394__191cccc74f673deaf4594394__SEG_0001__CH_002,89
1934429c9498f7847b2c8d93__1934429c9498f7847b2c8d93__SEG_0001__CH_001__M,118
1934429c9498f7847b2c8d93__1934429c9498f7847b2c8d93__SEG_0001__CH_003,121
1934429c9498f7847b2c8d93__1934429c9498f7847b2c8d93__SEG_0001__CH_004,158
1934429c9498f7847b2c8d93__1934429c9498f7847b2c8d93__SEG_0001__CH_005,152
1943682c988f7744c205ea18__PDFV2__CH_0015,91
1943682c988f7744c205ea18__PDFV2__CH_0016,113
1943682c988f7744c205ea18__PDFV2__CH_0017,113
1943682c988f7744c205ea18__PDFV2__CH_0018,135
1943682c988f7744c205ea18__PDFV2__CH_0019,124
1943682c988f7744c205ea18__PDFV2__CH_0020,144
1943682c988f7744c205ea18__PDFV2__CH_0021,120
1943682c988f7744c205ea18__PDFV2__CH_0022,88
1943682c988f7744c205ea18__PDFV2__CH_0024,88
1943682c988f7744c205ea18__PDFV2__CH_0025,129
1943682c988f7744c205ea18__PDFV2__CH_0026,128
1943682c988f7744c205ea18__PDFV2__CH_0027,107
1943682c988f7744c205ea18__PDFV2__CH_0028,93
1943682c988f7744c205ea18__PDFV2__CH_0029,83
1943682c988f7744c205ea18__PDFV2__CH_0030,131
1943682c988f7744c205ea18__PDFV2__CH_0031,94
1943682c988f7744c205ea18__PDFV2__CH_0032,143
1943682c988f7744c205ea18__PDFV2__CH_0033,189
1943682c988f7744c205ea18__PDFV2__CH_0034,144
1943682c988f7744c205ea18__PDFV2__CH_0035,149
1943682c988f7744c205ea18__PDFV2__CH_0037,123
1943682c988f7744c205ea18__PDFV2__CH_0038,143
1943682c988f7744c205ea18__PDFV2__CH_0039,103
1943682c988f7744c205ea18__PDFV2__CH_0040,123
1943682c988f7744c205ea18__PDFV2__CH_0041,141
1943682c988f7744c205ea18__PDFV2__CH_0042,139
1943682c988f7744c205ea18__PDFV2__CH_0043,121
1943682c988f7744c205ea18__PDFV2__CH_0044,183
1943682c988f7744c205ea18__PDFV2__CH_0045,145
1943682c988f7744c205ea18__PDFV2__CH_0046,123
1943682c988f7744c205ea18__PDFV2__CH_0047,103
1943682c988f7744c205ea18__PDFV2__CH_0049,87
1943682c988f7744c205ea18__PDFV2__CH_0050,90
1943682c988f7744c205ea18__PDFV2__CH_0052,76
1943682c988f7744c205ea18__PDFV2__CH_0055,88
1943682c988f7744c205ea18__PDFV2__CH_0058,99
1943682c988f7744c205ea18__PDFV2__CH_0059,117
1943682c988f7744c205ea18__PDFV2__CH_0060,182
1943682c988f7744c205ea18__PDFV2__CH_0061,123
1943682c988f7744c205ea18__PDFV2__CH_0063,127
1943682c988f7744c205ea18__PDFV2__CH_0065,104
1943682c988f7744c205ea18__PDFV2__CH_0067,101
1943682c988f7744c205ea18__PDFV2__CH_0068,88
1943682c988f7744c205ea18__PDFV2__CH_0069,92
1943682c988f7744c205ea18__PDFV2__CH_0070,131
1943682c988f7744c205ea18__PDFV2__CH_0072,154
1943682c988f7744c205ea18__PDFV2__CH_0073,153
1943682c988f7744c205ea18__PDFV2__CH_0074,154
1943682c988f7744c205ea18__PDFV2__CH_0075,114
1943682c988f7744c205ea18__PDFV2__CH_0076,132
1943682c988f7744c205ea18__PDFV2__CH_0078,109
1943682c988f7744c205ea18__PDFV2__CH_0080,150
1943682c988f7744c205ea18__PDFV2__CH_0081,107
1943682c988f7744c205ea18__PDFV2__CH_0083__M,117
1943682c988f7744c205ea18__PDFV2__CH_0085,82
1943682c988f7744c205ea18__PDFV2__CH_0086,144
1943682c988f7744c205ea18__PDFV2__CH_0087,94
1943682c988f7744c205ea18__PDFV2__CH_0089,69
1943682c988f7744c205ea18__PDFV2__CH_0090,125
1943682c988f7744c205ea18__PDFV2__CH_0092,137
1943682c988f7744c205ea18__PDFV2__CH_0093,120
1943682c988f7744c205ea18__PDFV2__CH_0094,109
1943682c988f7744c205ea18__PDFV2__CH_0095,154
1943682c988f7744c205ea18__PDFV2__CH_0099,141
1943682c988f7744c205ea18__PDFV2__CH_0101,105
1943682c988f7744c205ea18__PDFV2__CH_0102,145
1943682c988f7744c205ea18__PDFV2__CH_0104,121
1943682c988f7744c205ea18__PDFV2__CH_0112,116
1943682c988f7744c205ea18__PDFV2__CH_0128,105
1943682c988f7744c205ea18__PDFV2__CH_0130,130
1943682c988f7744c205ea18__PDFV2__CH_0131,130
1943682c988f7744c205ea18__PDFV2__CH_0132,129
1943682c988f7744c205ea18__PDFV2__CH_0133,120
1943682c988f7744c205ea18__PDFV2__CH_0137,111
1943682c988f7744c205ea18__PDFV2__CH_0139,96
1943682c988f7744c205ea18__PDFV2__CH_0143,111
1943682c988f7744c205ea18__PDFV2__CH_0145,88
1943682c988f7744c205ea18__PDFV2__CH_0146,111
1943682c988f7744c205ea18__PDFV2__CH_0148,142
1943682c988f7744c205ea18__PDFV2__CH_0149,135
1943682c988f7744c205ea18__PDFV2__CH_0150,108
1943682c988f7744c205ea18__PDFV2__CH_0151,178
1943682c988f7744c205ea18__PDFV2__CH_0153,100
1943682c988f7744c205ea18__PDFV2__CH_0154,125
1943682c988f7744c205ea18__PDFV2__CH_0155,136
1943682c988f7744c205ea18__PDFV2__CH_0156,108
1943682c988f7744c205ea18__PDFV2__CH_0157,112
1943682c988f7744c205ea18__PDFV2__CH_0158,103
1943682c988f7744c205ea18__PDFV2__CH_0159,134
1943682c988f7744c205ea18__PDFV2__CH_0160,125
1943682c988f7744c205ea18__PDFV2__CH_0161,114
1943682c988f7744c205ea18__PDFV2__CH_0162,103
1943682c988f7744c205ea18__PDFV2__CH_0164,108
1943682c988f7744c205ea18__PDFV2__CH_0168,121
1943682c988f7744c205ea18__PDFV2__CH_0169,119
1943682c988f7744c205ea18__PDFV2__CH_0170,182
1943682c988f7744c205ea18__PDFV2__CH_0171,130
1943682c988f7744c205ea18__PDFV2__CH_0172__M,122
1943682c988f7744c205ea18__PDFV2__CH_0176,141
1943682c988f7744c205ea18__PDFV2__CH_0180,97
1943682c988f7744c205ea18__PDFV2__CH_0182,139
1943682c988f7744c205ea18__PDFV2__CH_0183,137
1943682c988f7744c205ea18__PDFV2__CH_0184,187
1943682c988f7744c205ea18__PDFV2__CH_0185,142
1943682c988f7744c205ea18__PDFV2__CH_0186,135
1943682c988f7744c205ea18__PDFV2__CH_0187,136
1943682c988f7744c205ea18__PDFV2__CH_0188,175
1943682c988f7744c205ea18__PDFV2__CH_0189,107
1943682c988f7744c205ea18__PDFV2__CH_0190,111
1943682c988f7744c205ea18__PDFV2__CH_0191,156
1943682c988f7744c205ea18__PDFV2__CH_0192,116
1943682c988f7744c205ea18__PDFV2__CH_0193,127
1943682c988f7744c205ea18__PDFV2__CH_0194,131
1943682c988f7744c205ea18__PDFV2__CH_0195,145
1943682c988f7744c205ea18__PDFV2__CH_0196,95
1943682c988f7744c205ea18__PDFV2__CH_0197,136
1943682c988f7744c205ea18__PDFV2__CH_0198,112
1943682c988f7744c205ea18__PDFV2__CH_0199,120
1943682c988f7744c205ea18__PDFV2__CH_0200,86
1943682c988f7744c205ea18__PDFV2__CH_0201,119
1943682c988f7744c205ea18__PDFV2__CH_0202,133
1943682c988f7744c205ea18__PDFV2__CH_0203,176
1943682c988f7744c205ea18__PDFV2__CH_0204,111
1943682c988f7744c205ea18__PDFV2__CH_0205,82
1943682c988f7744c205ea18__PDFV2__CH_0206,138
1943682c988f7744c205ea18__PDFV2__CH_0207,131
1943682c988f7744c205ea18__PDFV2__CH_0208,114
1943682c988f7744c205ea18__PDFV2__CH_0209,101
1943682c988f7744c205ea18__PDFV2__CH_0210,114
1943682c988f7744c205ea18__PDFV2__CH_0211,151
1943682c988f7744c205ea18__PDFV2__CH_0215,104
1943682c988f7744c205ea18__PDFV2__CH_0216,111
1943682c988f7744c205ea18__PDFV2__CH_0218,109
1943682c988f7744c205ea18__PDFV2__CH_0219,132
1943682c988f7744c205ea18__PDFV2__CH_0220,115
1943682c988f7744c205ea18__PDFV2__CH_0221,110
1943682c988f7744c205ea18__PDFV2__CH_0222,95
1943682c988f7744c205ea18__PDFV2__CH_0223,124
1943682c988f7744c205ea18__PDFV2__CH_0225,100
1943682c988f7744c205ea18__PDFV2__CH_0226,110
1943682c988f7744c205ea18__PDFV2__CH_0227,108
1943682c988f7744c205ea18__PDFV2__CH_0232,93
1943682c988f7744c205ea18__PDFV2__CH_0233,134
1943682c988f7744c205ea18__PDFV2__CH_0234,126
1943682c988f7744c205ea18__PDFV2__CH_0235,119
1943682c988f7744c205ea18__PDFV2__CH_0236,107
1943682c988f7744c205ea18__PDFV2__CH_0237__M,148
1943682c988f7744c205ea18__PDFV2__CH_0241__M,197
1943682c988f7744c205ea18__PDFV2__CH_0244__M,163
1943682c988f7744c205ea18__PDFV2__CH_0247,102
1943682c988f7744c205ea18__PDFV2__CH_0248,129
1943682c988f7744c205ea18__PDFV2__CH_0249,75
1943682c988f7744c205ea18__PDFV2__CH_0250__M,189
1943682c988f7744c205ea18__PDFV2__CH_0253,119
1943682c988f7744c205ea18__PDFV2__CH_0254,98
1943682c988f7744c205ea18__PDFV2__CH_0255,113
1943682c988f7744c205ea18__PDFV2__CH_0256__M,120
1943682c988f7744c205ea18__PDFV2__CH_0258,130
1943682c988f7744c205ea18__PDFV2__CH_0259,152
1943682c988f7744c205ea18__PDFV2__CH_0260,143
1943682c988f7744c205ea18__PDFV2__CH_0261,149
1943682c988f7744c205ea18__PDFV2__CH_0262,130
1943682c988f7744c205ea18__PDFV2__CH_0263,148
1943682c988f7744c205ea18__PDFV2__CH_0264,130
1943682c988f7744c205ea18__PDFV2__CH_0265,115
1943682c988f7744c205ea18__PDFV2__CH_0266,125
1943682c988f7744c205ea18__PDFV2__CH_0267__M,124
1943682c988f7744c205ea18__PDFV2__CH_0269,122
1943682c988f7744c205ea18__PDFV2__CH_0270,128
1943682c988f7744c205ea18__PDFV2__CH_0271,117
1943682c988f7744c205ea18__PDFV2__CH_0272,86
1943682c988f7744c205ea18__PDFV2__CH_0274,133
1943682c988f7744c205ea18__PDFV2__CH_0275,135
1943682c988f7744c205ea18__PDFV2__CH_0277,125
1943682c988f7744c205ea18__PDFV2__CH_0278,109
1943682c988f7744c205ea18__PDFV2__CH_0279,155
1943682c988f7744c205ea18__PDFV2__CH_0280,124
1943682c988f7744c205ea18__PDFV2__CH_0281,170
1943682c988f7744c205ea18__PDFV2__CH_0282,116
1943682c988f7744c205ea18__PDFV2__CH_0283,160
1943682c988f7744c205ea18__PDFV2__CH_0284,109
1943682c988f7744c205ea18__PDFV2__CH_0285,112
1943682c988f7744c205ea18__PDFV2__CH_0286,136
1943682c988f7744c205ea18__PDFV2__CH_0287,120
1943682c988f7744c205ea18__PDFV2__CH_0288,108
1943682c988f7744c205ea18__PDFV2__CH_0289__M,169
1943682c988f7744c205ea18__PDFV2__CH_0292,87
1943682c988f7744c205ea18__PDFV2__CH_0294,139
1943682c988f7744c205ea18__PDFV2__CH_0295,131
1943682c988f7744c205ea18__PDFV2__CH_0296,125
1943682c988f7744c205ea18__PDFV2__CH_0297,143
1943682c988f7744c205ea18__PDFV2__CH_0298,112
1943682c988f7744c205ea18__PDFV2__CH_0299,168
1943682c988f7744c205ea18__PDFV2__CH_0300,137
1943682c988f7744c205ea18__PDFV2__CH_0301,155
1943682c988f7744c205ea18__PDFV2__CH_0302,140
1943682c988f7744c205ea18__PDFV2__CH_0303__M,147
1943682c988f7744c205ea18__PDFV2__CH_0305,196
1943682c988f7744c205ea18__PDFV2__CH_0306,138
1943682c988f7744c205ea18__PDFV2__CH_0307,104
1943682c988f7744c205ea18__PDFV2__CH_0308,136
1943682c988f7744c205ea18__PDFV2__CH_0309,195
1943682c988f7744c205ea18__PDFV2__CH_0310,95
1943682c988f7744c205ea18__PDFV2__CH_0312,91
1943682c988f7744c205ea18__PDFV2__CH_0313,105
1943682c988f7744c205ea18__PDFV2__CH_0314,97
1943682c988f7744c205ea18__PDFV2__CH_0316,99
1943682c988f7744c205ea18__PDFV2__CH_0320,134
1943682c988f7744c205ea18__PDFV2__CH_0321,119
1943682c988f7744c205ea18__PDFV2__CH_0322,99
1943682c988f7744c205ea18__PDFV2__CH_0323,127
1943682c988f7744c205ea18__PDFV2__CH_0324,168
1943682c988f7744c205ea18__PDFV2__CH_0325,144
1943682c988f7744c205ea18__PDFV2__CH_0326,112
1943682c988f7744c205ea18__PDFV2__CH_0327,150
1943682c988f7744c205ea18__PDFV2__CH_0328,120
1943682c988f7744c205ea18__PDFV2__CH_0329__M,128
1943682c988f7744c205ea18__PDFV2__CH_0333__M,133
1943682c988f7744c205ea18__PDFV2__CH_0335,94
1943682c988f7744c205ea18__PDFV2__CH_0336,120
1943682c988f7744c205ea18__PDFV2__CH_0337__M,205
1943682c988f7744c205ea18__PDFV2__CH_0339,127
1943682c988f7744c205ea18__PDFV2__CH_0340,120
1943682c988f7744c205ea18__PDFV2__CH_0341__M,153
1943682c988f7744c205ea18__PDFV2__CH_0345__M,170
1943682c988f7744c205ea18__PDFV2__CH_0348,104
1943682c988f7744c205ea18__PDFV2__CH_0349,100
1943682c988f7744c205ea18__PDFV2__CH_0350,71
1943682c988f7744c205ea18__PDFV2__CH_0351,73
1943682c988f7744c205ea18__PDFV2__CH_0352,127
1943682c988f7744c205ea18__PDFV2__CH_0353,102
1943682c988f7744c205ea18__PDFV2__CH_0354,150
1943682c988f7744c205ea18__PDFV2__CH_0355__M,120
1943682c988f7744c205ea18__PDFV2__CH_0357,112
1943682c988f7744c205ea18__PDFV2__CH_0359,93
1943682c988f7744c205ea18__PDFV2__CH_0360,139
1943682c988f7744c205ea18__PDFV2__CH_0361,132
1943682c988f7744c205ea18__PDFV2__CH_0362,119
1943682c988f7744c205ea18__PDFV2__CH_0363,99
1943682c988f7744c205ea18__PDFV2__CH_0364,138
1943682c988f7744c205ea18__PDFV2__CH_0365,170
1943682c988f7744c205ea18__PDFV2__CH_0366,143
1943682c988f7744c205ea18__PDFV2__CH_0367,152
1943682c988f7744c205ea18__PDFV2__CH_0368,130
1943682c988f7744c205ea18__PDFV2__CH_0369,104
1943682c988f7744c205ea18__PDFV2__CH_0370__M,154
1943682c988f7744c205ea18__PDFV2__CH_0372,123
1943682c988f7744c205ea18__PDFV2__CH_0373,132
1943682c988f7744c205ea18__PDFV2__CH_0374,144
1943682c988f7744c205ea18__PDFV2__CH_0375,134
1943682c988f7744c205ea18__PDFV2__CH_0376,120
1943682c988f7744c205ea18__PDFV2__CH_0377,158
1943682c988f7744c205ea18__PDFV2__CH_0378,115
1943682c988f7744c205ea18__PDFV2__CH_0380,143
1943682c988f7744c205ea18__PDFV2__CH_0381,132
1943682c988f7744c205ea18__PDFV2__CH_0382,125
1943682c988f7744c205ea18__PDFV2__CH_0383,192
1943682c988f7744c205ea18__PDFV2__CH_0384,154
1943682c988f7744c205ea18__PDFV2__CH_0385,102
1943682c988f7744c205ea18__PDFV2__CH_0386,117
1943682c988f7744c205ea18__PDFV2__CH_0387,139
1943682c988f7744c205ea18__PDFV2__CH_0390,132
1943682c988f7744c205ea18__PDFV2__CH_0391,145
1943682c988f7744c205ea18__PDFV2__CH_0392,171
1943682c988f7744c205ea18__PDFV2__CH_0393,99
1943682c988f7744c205ea18__PDFV2__CH_0394,87
1943682c988f7744c205ea18__PDFV2__CH_0395,76
1943682c988f7744c205ea18__PDFV2__CH_0396,106
1943682c988f7744c205ea18__PDFV2__CH_0397,173
1943682c988f7744c205ea18__PDFV2__CH_0402,123
1943682c988f7744c205ea18__PDFV2__CH_0403,111
1943682c988f7744c205ea18__PDFV2__CH_0404,173
1943682c988f7744c205ea18__PDFV2__CH_0405,128
1943682c988f7744c205ea18__PDFV2__CH_0406,133
1943682c988f7744c205ea18__PDFV2__CH_0407,107
1943682c988f7744c205ea18__PDFV2__CH_0408,176
1943682c988f7744c205ea18__PDFV2__CH_0409,110
1943682c988f7744c205ea18__PDFV2__CH_0410,124
1943682c988f7744c205ea18__PDFV2__CH_0411,103
1943682c988f7744c205ea18__PDFV2__CH_0412,159
1943682c988f7744c205ea18__PDFV2__CH_0413,120
1943682c988f7744c205ea18__PDFV2__CH_0414,161
1943682c988f7744c205ea18__PDFV2__CH_0415,138
1943682c988f7744c205ea18__PDFV2__CH_0416,116
1943682c988f7744c205ea18__PDFV2__CH_0417,123
1943682c988f7744c205ea18__PDFV2__CH_0418,103
1943682c988f7744c205ea18__PDFV2__CH_0419,112
1943682c988f7744c205ea18__PDFV2__CH_0420,105
1943682c988f7744c205ea18__PDFV2__CH_0421,130
1943682c988f7744c205ea18__PDFV2__CH_0422,106
1943682c988f7744c205ea18__PDFV2__CH_0423,96
1943682c988f7744c205ea18__PDFV2__CH_0426,121
1943682c988f7744c205ea18__PDFV2__CH_0429,132
1943682c988f7744c205ea18__PDFV2__CH_0430,107
1943682c988f7744c205ea18__PDFV2__CH_0435,150
1943682c988f7744c205ea18__PDFV2__CH_0436,137
1943682c988f7744c205ea18__PDFV2__CH_0437,86
1943682c988f7744c205ea18__PDFV2__CH_0438,78
1943682c988f7744c205ea18__PDFV2__CH_0439,130
1943682c988f7744c205ea18__PDFV2__CH_0440,131
1943682c988f7744c205ea18__PDFV2__CH_0441,138
1943682c988f7744c205ea18__PDFV2__CH_0442,146
1943682c988f7744c205ea18__PDFV2__CH_0443,113
1943682c988f7744c205ea18__PDFV2__CH_0444,133
1943682c988f7744c205ea18__PDFV2__CH_0445,75
1943682c988f7744c205ea18__PDFV2__CH_0446,121
1943682c988f7744c205ea18__PDFV2__CH_0447__M,164
1943682c988f7744c205ea18__PDFV2__CH_0449,128
1943682c988f7744c205ea18__PDFV2__CH_0450,150
1943682c988f7744c205ea18__PDFV2__CH_0451,126
1943682c988f7744c205ea18__PDFV2__CH_0452,135
1943682c988f7744c205ea18__PDFV2__CH_0453,136
1943682c988f7744c205ea18__PDFV2__CH_0454,145
1943682c988f7744c205ea18__PDFV2__CH_0455,145
1943682c988f7744c205ea18__PDFV2__CH_0456,123
1943682c988f7744c205ea18__PDFV2__CH_0457,129
1943682c988f7744c205ea18__PDFV2__CH_0458,100
1943682c988f7744c205ea18__PDFV2__CH_0459,150
1943682c988f7744c205ea18__PDFV2__CH_0460,103
1943682c988f7744c205ea18__PDFV2__CH_0461,128
1943682c988f7744c205ea18__PDFV2__CH_0465,112
1943682c988f7744c205ea18__PDFV2__CH_0466,150
1943682c988f7744c205ea18__PDFV2__CH_0467,183
1943682c988f7744c205ea18__PDFV2__CH_0469,99
1943682c988f7744c205ea18__PDFV2__CH_0470,161
1943682c988f7744c205ea18__PDFV2__CH_0471,121
1943682c988f7744c205ea18__PDFV2__CH_0472,97
1943682c988f7744c205ea18__PDFV2__CH_0473,135
1943682c988f7744c205ea18__PDFV2__CH_0474,97
1943682c988f7744c205ea18__PDFV2__CH_0475,96
1943682c988f7744c205ea18__PDFV2__CH_0476,128
1943682c988f7744c205ea18__PDFV2__CH_0477__M,129
1943682c988f7744c205ea18__PDFV2__CH_0479__M,141
1943682c988f7744c205ea18__PDFV2__CH_0481,130
1943682c988f7744c205ea18__PDFV2__CH_0482,134
1943682c988f7744c205ea18__PDFV2__CH_0483,103
1943682c988f7744c205ea18__PDFV2__CH_0484,98
1943682c988f7744c205ea18__PDFV2__CH_0485,142
1943682c988f7744c205ea18__PDFV2__CH_0486,125
1943682c988f7744c205ea18__PDFV2__CH_0487,123
1943682c988f7744c205ea18__PDFV2__CH_0488,120
1943682c988f7744c205ea18__PDFV2__CH_0489,110
1943682c988f7744c205ea18__PDFV2__CH_0490,100
1943682c988f7744c205ea18__PDFV2__CH_0491,139
1943682c988f7744c205ea18__PDFV2__CH_0492,99
1943682c988f7744c205ea18__PDFV2__CH_0493,114
1943682c988f7744c205ea18__PDFV2__CH_0494,122
1943682c988f7744c205ea18__PDFV2__CH_0495,115
1943682c988f7744c205ea18__PDFV2__CH_0496,115
1943682c988f7744c205ea18__PDFV2__CH_0497,124
1943682c988f7744c205ea18__PDFV2__CH_0498,125
1943682c988f7744c205ea18__PDFV2__CH_0499,113
1943682c988f7744c205ea18__PDFV2__CH_0500,171
1943682c988f7744c205ea18__PDFV2__CH_0501,107
1943682c988f7744c205ea18__PDFV2__CH_0502,130
1943682c988f7744c205ea18__PDFV2__CH_0503,95
1943682c988f7744c205ea18__PDFV2__CH_0504,115
1943682c988f7744c205ea18__PDFV2__CH_0505,94
1943682c988f7744c205ea18__PDFV2__CH_0506,88
1943682c988f7744c205ea18__PDFV2__CH_0507,73
1943682c988f7744c205ea18__PDFV2__CH_0508,113
1943682c988f7744c205ea18__PDFV2__CH_0509,114
1943682c988f7744c205ea18__PDFV2__CH_0510,190
1943682c988f7744c205ea18__PDFV2__CH_0511,126
1943682c988f7744c205ea18__PDFV2__CH_0512,118
1943682c988f7744c205ea18__PDFV2__CH_0513,125
1943682c988f7744c205ea18__PDFV2__CH_0514,183
1943682c988f7744c205ea18__PDFV2__CH_0515,142
1943682c988f7744c205ea18__PDFV2__CH_0516,147
1943682c988f7744c205ea18__PDFV2__CH_0517,129
1943682c988f7744c205ea18__PDFV2__CH_0524__M,150
1943682c988f7744c205ea18__PDFV2__CH_0526,134
1943682c988f7744c205ea18__PDFV2__CH_0527,117
1943682c988f7744c205ea18__PDFV2__CH_0528,87
1943682c988f7744c205ea18__PDFV2__CH_0529,81
1943682c988f7744c205ea18__PDFV2__CH_0530,137
1943682c988f7744c205ea18__PDFV2__CH_0531,125
1943682c988f7744c205ea18__PDFV2__CH_0532,93
1943682c988f7744c205ea18__PDFV2__CH_0533,120
1943682c988f7744c205ea18__PDFV2__CH_0534,130
1943682c988f7744c205ea18__PDFV2__CH_0539,113
1943682c988f7744c205ea18__PDFV2__CH_0540,128
1943682c988f7744c205ea18__PDFV2__CH_0541,105
1943682c988f7744c205ea18__PDFV2__CH_0542,115
1943682c988f7744c205ea18__PDFV2__CH_0543,117
1943682c988f7744c205ea18__PDFV2__CH_0544,104
1943682c988f7744c205ea18__PDFV2__CH_0545,118
1943682c988f7744c205ea18__PDFV2__CH_0546,97
1943682c988f7744c205ea18__PDFV2__CH_0547,155
1943682c988f7744c205ea18__PDFV2__CH_0548,133
1943682c988f7744c205ea18__PDFV2__CH_0549,133
1943682c988f7744c205ea18__PDFV2__CH_0550,102
1943682c988f7744c205ea18__PDFV2__CH_0557,121
1943682c988f7744c205ea18__PDFV2__CH_0560,141
1943682c988f7744c205ea18__PDFV2__CH_0561,122
1943682c988f7744c205ea18__PDFV2__CH_0562,143
1943682c988f7744c205ea18__PDFV2__CH_0563,143
1943682c988f7744c205ea18__PDFV2__CH_0564,125
1943682c988f7744c205ea18__PDFV2__CH_0565,78
1943682c988f7744c205ea18__PDFV2__CH_0566__M,130
1943682c988f7744c205ea18__PDFV2__CH_0568,130
1943682c988f7744c205ea18__PDFV2__CH_0569,114
1943682c988f7744c205ea18__PDFV2__CH_0571__M,131
1943682c988f7744c205ea18__PDFV2__CH_0573,143
1943682c988f7744c205ea18__PDFV2__CH_0574,152
1943682c988f7744c205ea18__PDFV2__CH_0575,119
1943682c988f7744c205ea18__PDFV2__CH_0576,108
1943682c988f7744c205ea18__PDFV2__CH_0577,101
1943682c988f7744c205ea18__PDFV2__CH_0580,122
1943682c988f7744c205ea18__PDFV2__CH_0581,170
1943682c988f7744c205ea18__PDFV2__CH_0582,130
1943682c988f7744c205ea18__PDFV2__CH_0583,129
1943682c988f7744c205ea18__PDFV2__CH_0584,122
1943682c988f7744c205ea18__PDFV2__CH_0585,127
1943682c988f7744c205ea18__PDFV2__CH_0586,161
1943682c988f7744c205ea18__PDFV2__CH_0587,106
1943682c988f7744c205ea18__PDFV2__CH_0588,97
1943682c988f7744c205ea18__PDFV2__CH_0589,121
1943682c988f7744c205ea18__PDFV2__CH_0590,129
1943682c988f7744c205ea18__PDFV2__CH_0591,185
1943682c988f7744c205ea18__PDFV2__CH_0592,115
1943682c988f7744c205ea18__PDFV2__CH_0593,102
1943682c988f7744c205ea18__PDFV2__CH_0596,112
1943682c988f7744c205ea18__PDFV2__CH_0603,144
1943682c988f7744c205ea18__PDFV2__CH_0604,109
1943682c988f7744c205ea18__PDFV2__CH_0605,136
1943682c988f7744c205ea18__PDFV2__CH_0606,180
1943682c988f7744c205ea18__PDFV2__CH_0607__M,141
1943682c988f7744c205ea18__PDFV2__CH_0609,148
1943682c988f7744c205ea18__PDFV2__CH_0610,108
1943682c988f7744c205ea18__PDFV2__CH_0611,125
1943682c988f7744c205ea18__PDFV2__CH_0612,97
1943682c988f7744c205ea18__PDFV2__CH_0613,114
1943682c988f7744c205ea18__PDFV2__CH_0614,89
1943682c988f7744c205ea18__PDFV2__CH_0616,93
1943682c988f7744c205ea18__PDFV2__CH_0617,118
1943682c988f7744c205ea18__PDFV2__CH_0618,117
1943682c988f7744c205ea18__PDFV2__CH_0622,138
1943682c988f7744c205ea18__PDFV2__CH_0623,146
1943682c988f7744c205ea18__PDFV2__CH_0624,125
1943682c988f7744c205ea18__PDFV2__CH_0625,147
1943682c988f7744c205ea18__PDFV2__CH_0626,130
1943682c988f7744c205ea18__PDFV2__CH_0627,117
1943682c988f7744c205ea18__PDFV2__CH_0628,135
1943682c988f7744c205ea18__PDFV2__CH_0630,120
1943682c988f7744c205ea18__PDFV2__CH_0631,133
1943682c988f7744c205ea18__PDFV2__CH_0632,129
1943682c988f7744c205ea18__PDFV2__CH_0633,125
1943682c988f7744c205ea18__PDFV2__CH_0634,147
1943682c988f7744c205ea18__PDFV2__CH_0635,126
1943682c988f7744c205ea18__PDFV2__CH_0636,123
1943682c988f7744c205ea18__PDFV2__CH_0637,153
1943682c988f7744c205ea18__PDFV2__CH_0638,136
1943682c988f7744c205ea18__PDFV2__CH_0639,215
1943682c988f7744c205ea18__PDFV2__CH_0640,58
1943682c988f7744c205ea18__PDFV2__CH_0641,96
1943682c988f7744c205ea18__PDFV2__CH_0649,117
1943682c988f7744c205ea18__PDFV2__CH_0652,119
1943682c988f7744c205ea18__PDFV2__CH_0660,118
1943682c988f7744c205ea18__PDFV2__CH_0661__M,109
1943682c988f7744c205ea18__PDFV2__CH_0663,166
1943682c988f7744c205ea18__PDFV2__CH_0664,126
1943682c988f7744c205ea18__PDFV2__CH_0665,97
1943682c988f7744c205ea18__PDFV2__CH_0666,134
1943682c988f7744c205ea18__PDFV2__CH_0667,171
1943682c988f7744c205ea18__PDFV2__CH_0668,137
1943682c988f7744c205ea18__PDFV2__CH_0669,117
1943682c988f7744c205ea18__PDFV2__CH_0670,101
1943682c988f7744c205ea18__PDFV2__CH_0671,88
1943682c988f7744c205ea18__PDFV2__CH_0672,133
1943682c988f7744c205ea18__PDFV2__CH_0673__M,143
1943682c988f7744c205ea18__PDFV2__CH_0678,143
1943682c988f7744c205ea18__PDFV2__CH_0679,96
1943682c988f7744c205ea18__PDFV2__CH_0682,91
1943682c988f7744c205ea18__PDFV2__CH_0683,84
1943682c988f7744c205ea18__PDFV2__CH_0684,127
1943682c988f7744c205ea18__PDFV2__CH_0687,92
1943682c988f7744c205ea18__PDFV2__CH_0688,119
1943682c988f7744c205ea18__PDFV2__CH_0690,86
1943682c988f7744c205ea18__PDFV2__CH_0694,135
1943682c988f7744c205ea18__PDFV2__CH_0700,96
1943682c988f7744c205ea18__PDFV2__CH_0701,138
1943682c988f7744c205ea18__PDFV2__CH_0702,114
1943682c988f7744c205ea18__PDFV2__CH_0703,118
1943682c988f7744c205ea18__PDFV2__CH_0704,139
1943682c988f7744c205ea18__PDFV2__CH_0705,124
1943682c988f7744c205ea18__PDFV2__CH_0706,119
1943682c988f7744c205ea18__PDFV2__CH_0707,110
1943682c988f7744c205ea18__PDFV2__CH_0708,128
1943682c988f7744c205ea18__PDFV2__CH_0709,116
1943682c988f7744c205ea18__PDFV2__CH_0710,125
1943682c988f7744c205ea18__PDFV2__CH_0711,106
1943682c988f7744c205ea18__PDFV2__CH_0712,93
1943682c988f7744c205ea18__PDFV2__CH_0714,99
195a99ec51cfff3159964165__PDFV2__CH_0004,91
195a99ec51cfff3159964165__PDFV2__CH_0005,103
195a99ec51cfff3159964165__PDFV2__CH_0006,96
195a99ec51cfff3159964165__PDFV2__CH_0007,106
195a99ec51cfff3159964165__PDFV2__CH_0008,111
195a99ec51cfff3159964165__PDFV2__CH_0009,76
195a99ec51cfff3159964165__PDFV2__CH_0010,85
195a99ec51cfff3159964165__PDFV2__CH_0011,117
195a99ec51cfff3159964165__PDFV2__CH_0012,153
195a99ec51cfff3159964165__PDFV2__CH_0013,133
195a99ec51cfff3159964165__PDFV2__CH_0014,109
195a99ec51cfff3159964165__PDFV2__CH_0015,132
195a99ec51cfff3159964165__PDFV2__CH_0016,174
195a99ec51cfff3159964165__PDFV2__CH_0017,125
195a99ec51cfff3159964165__PDFV2__CH_0018,129
195a99ec51cfff3159964165__PDFV2__CH_0019,136
195a99ec51cfff3159964165__PDFV2__CH_0021,117
195a99ec51cfff3159964165__PDFV2__CH_0022,113
195a99ec51cfff3159964165__PDFV2__CH_0023,104
195a99ec51cfff3159964165__PDFV2__CH_0024,110
195a99ec51cfff3159964165__PDFV2__CH_0025,129
195a99ec51cfff3159964165__PDFV2__CH_0026,88
195a99ec51cfff3159964165__PDFV2__CH_0027,109
195a99ec51cfff3159964165__PDFV2__CH_0028,124
195a99ec51cfff3159964165__PDFV2__CH_0029,114
195a99ec51cfff3159964165__PDFV2__CH_0030,145
195a99ec51cfff3159964165__PDFV2__CH_0031,119
195a99ec51cfff3159964165__PDFV2__CH_0032,138
195a99ec51cfff3159964165__PDFV2__CH_0033,118
195a99ec51cfff3159964165__PDFV2__CH_0034,127
195a99ec51cfff3159964165__PDFV2__CH_0035,122
195a99ec51cfff3159964165__PDFV2__CH_0036,116
195a99ec51cfff3159964165__PDFV2__CH_0037,117
195a99ec51cfff3159964165__PDFV2__CH_0038,155
195a99ec51cfff3159964165__PDFV2__CH_0039,117
195a99ec51cfff3159964165__PDFV2__CH_0040,129
195a99ec51cfff3159964165__PDFV2__CH_0041,130
195a99ec51cfff3159964165__PDFV2__CH_0042,82
195a99ec51cfff3159964165__PDFV2__CH_0043,128
195a99ec51cfff3159964165__PDFV2__CH_0044,127
195a99ec51cfff3159964165__PDFV2__CH_0045,141
195a99ec51cfff3159964165__PDFV2__CH_0046,157
195a99ec51cfff3159964165__PDFV2__CH_0047,131
195a99ec51cfff3159964165__PDFV2__CH_0048,116
195a99ec51cfff3159964165__PDFV2__CH_0049,122
195a99ec51cfff3159964165__PDFV2__CH_0050,139
195a99ec51cfff3159964165__PDFV2__CH_0051,115
195a99ec51cfff3159964165__PDFV2__CH_0052,143
195a99ec51cfff3159964165__PDFV2__CH_0053,165
195a99ec51cfff3159964165__PDFV2__CH_0054,120
195a99ec51cfff3159964165__PDFV2__CH_0055,147
195a99ec51cfff3159964165__PDFV2__CH_0058,120
195a99ec51cfff3159964165__PDFV2__CH_0059,118
195a99ec51cfff3159964165__PDFV2__CH_0060,139
195a99ec51cfff3159964165__PDFV2__CH_0062,140
195a99ec51cfff3159964165__PDFV2__CH_0063,132
195a99ec51cfff3159964165__PDFV2__CH_0064,160
195a99ec51cfff3159964165__PDFV2__CH_0065__M,144
195a99ec51cfff3159964165__PDFV2__CH_0067,123
195a99ec51cfff3159964165__PDFV2__CH_0068,134
195a99ec51cfff3159964165__PDFV2__CH_0069,126
195a99ec51cfff3159964165__PDFV2__CH_0070,116
195a99ec51cfff3159964165__PDFV2__CH_0072,105
195a99ec51cfff3159964165__PDFV2__CH_0073,125
195a99ec51cfff3159964165__PDFV2__CH_0074,180
195a99ec51cfff3159964165__PDFV2__CH_0075,74
19a0aa3ab48be0427b3c885b__19a0aa3ab48be0427b3c885b__SEG_0001__CH_001,108
19a0aa3ab48be0427b3c885b__19a0aa3ab48be0427b3c885b__SEG_0001__CH_002,148
19cd7850b37b67074986b1ba__19cd7850b37b67074986b1ba__SEG_0001__CH_001,97
19cd7850b37b67074986b1ba__19cd7850b37b67074986b1ba__SEG_0001__CH_003,131
19cd7850b37b67074986b1ba__19cd7850b37b67074986b1ba__SEG_0001__CH_004,126
19cd7850b37b67074986b1ba__19cd7850b37b67074986b1ba__SEG_0001__CH_005,130
19cd7850b37b67074986b1ba__19cd7850b37b67074986b1ba__SEG_0001__CH_006,124
19cd7850b37b67074986b1ba__19cd7850b37b67074986b1ba__SEG_0001__CH_007,127
19cd7850b37b67074986b1ba__19cd7850b37b67074986b1ba__SEG_0001__CH_008,149
19cd7850b37b67074986b1ba__19cd7850b37b67074986b1ba__SEG_0001__CH_009,139
19fe60c8ffa2462d830d43de__19fe60c8ffa2462d830d43de__SEG_0001__CH_002,120
19fe60c8ffa2462d830d43de__19fe60c8ffa2462d830d43de__SEG_0001__CH_003,77
1a0b74ff4fa75af0a3f98f2d__1a0b74ff4fa75af0a3f98f2d__SEG_0001__CH_001,133
1a2b7b96d07f90a04255b802__PDFV2__CH_0003,162
1a2b7b96d07f90a04255b802__PDFV2__CH_0004,138
1a2b7b96d07f90a04255b802__PDFV2__CH_0006,109
1a2b7b96d07f90a04255b802__PDFV2__CH_0007,142
1a2b7b96d07f90a04255b802__PDFV2__CH_0008__M,138
1a2b7b96d07f90a04255b802__PDFV2__CH_0010,125
1a2b7b96d07f90a04255b802__PDFV2__CH_0011,112
1a2b7b96d07f90a04255b802__PDFV2__CH_0012,114
1a2b7b96d07f90a04255b802__PDFV2__CH_0013,143
1a2b7b96d07f90a04255b802__PDFV2__CH_0014,106
1a2b7b96d07f90a04255b802__PDFV2__CH_0015,111
1a2b7b96d07f90a04255b802__PDFV2__CH_0016__M,126
1a2b7b96d07f90a04255b802__PDFV2__CH_0018,106
1a2b7b96d07f90a04255b802__PDFV2__CH_0019,115
1a2b7b96d07f90a04255b802__PDFV2__CH_0020,101
1a2b7b96d07f90a04255b802__PDFV2__CH_0022,134
1a2b7b96d07f90a04255b802__PDFV2__CH_0023,133
1a2b7b96d07f90a04255b802__PDFV2__CH_0024,144
1a2b7b96d07f90a04255b802__PDFV2__CH_0025,138
1a2b7b96d07f90a04255b802__PDFV2__CH_0026,150
1a2b7b96d07f90a04255b802__PDFV2__CH_0027,142
1a2b7b96d07f90a04255b802__PDFV2__CH_0028,154
1a2b7b96d07f90a04255b802__PDFV2__CH_0029,130
1a2b7b96d07f90a04255b802__PDFV2__CH_0030,124
1a2b7b96d07f90a04255b802__PDFV2__CH_0032,133
1a2b7b96d07f90a04255b802__PDFV2__CH_0033,108
1a2b7b96d07f90a04255b802__PDFV2__CH_0034,143
1a2b7b96d07f90a04255b802__PDFV2__CH_0035,119
1a2b7b96d07f90a04255b802__PDFV2__CH_0036,121
1a2b7b96d07f90a04255b802__PDFV2__CH_0037,124
1a2b7b96d07f90a04255b802__PDFV2__CH_0038,117
1a2b7b96d07f90a04255b802__PDFV2__CH_0039,142
1a2b7b96d07f90a04255b802__PDFV2__CH_0040,152
1a2b7b96d07f90a04255b802__PDFV2__CH_0041,131
1a2b7b96d07f90a04255b802__PDFV2__CH_0042,103
1a2b7b96d07f90a04255b802__PDFV2__CH_0043,150
1a2b7b96d07f90a04255b802__PDFV2__CH_0045,138
1a2b7b96d07f90a04255b802__PDFV2__CH_0046,105
1a2b7b96d07f90a04255b802__PDFV2__CH_0047,117
1a2b7b96d07f90a04255b802__PDFV2__CH_0048,102
1a2b7b96d07f90a04255b802__PDFV2__CH_0049,97
1a2b7b96d07f90a04255b802__PDFV2__CH_0050,142
1a2b7b96d07f90a04255b802__PDFV2__CH_0051,101
1a2b7b96d07f90a04255b802__PDFV2__CH_0052,99
1a2b7b96d07f90a04255b802__PDFV2__CH_0053,127
1a2b7b96d07f90a04255b802__PDFV2__CH_0054,92
1a2b7b96d07f90a04255b802__PDFV2__CH_0055,138
1a2b7b96d07f90a04255b802__PDFV2__CH_0056__M,94
1a2b7b96d07f90a04255b802__PDFV2__CH_0058,105
1a2b7b96d07f90a04255b802__PDFV2__CH_0059,141
1a2b7b96d07f90a04255b802__PDFV2__CH_0060,92
1a2b7b96d07f90a04255b802__PDFV2__CH_0061,85
1a2b7b96d07f90a04255b802__PDFV2__CH_0062,175
1a2b7b96d07f90a04255b802__PDFV2__CH_0063,106
1a2b7b96d07f90a04255b802__PDFV2__CH_0064,115
1a2b7b96d07f90a04255b802__PDFV2__CH_0065,147
1a2b7b96d07f90a04255b802__PDFV2__CH_0066,138
1a2b7b96d07f90a04255b802__PDFV2__CH_0067,120
1a2b7b96d07f90a04255b802__PDFV2__CH_0068,97
1a2b7b96d07f90a04255b802__PDFV2__CH_0069,122
1a2b7b96d07f90a04255b802__PDFV2__CH_0070,119
1a2b7b96d07f90a04255b802__PDFV2__CH_0071,98
1a2b7b96d07f90a04255b802__PDFV2__CH_0072,125
1a2b7b96d07f90a04255b802__PDFV2__CH_0073,134
1a2b7b96d07f90a04255b802__PDFV2__CH_0074,114
1a2b7b96d07f90a04255b802__PDFV2__CH_0075,130
1a2b7b96d07f90a04255b802__PDFV2__CH_0076,107
1a2b7b96d07f90a04255b802__PDFV2__CH_0077,102
1a2b7b96d07f90a04255b802__PDFV2__CH_0078,125
1a2b7b96d07f90a04255b802__PDFV2__CH_0079,101
1a2b7b96d07f90a04255b802__PDFV2__CH_0080,103
1a2b7b96d07f90a04255b802__PDFV2__CH_0081__M,148
1a2b7b96d07f90a04255b802__PDFV2__CH_0083,89
1a2b7b96d07f90a04255b802__PDFV2__CH_0084,140
1a2b7b96d07f90a04255b802__PDFV2__CH_0086,130
1a2b7b96d07f90a04255b802__PDFV2__CH_0087,87
1a2b7b96d07f90a04255b802__PDFV2__CH_0088,133
1a2b7b96d07f90a04255b802__PDFV2__CH_0089,90
1a2b7b96d07f90a04255b802__PDFV2__CH_0090,84
1a2b7b96d07f90a04255b802__PDFV2__CH_0091,124
1a2b7b96d07f90a04255b802__PDFV2__CH_0092,113
1a2b7b96d07f90a04255b802__PDFV2__CH_0093,145
1a2b7b96d07f90a04255b802__PDFV2__CH_0094,171
1a2b7b96d07f90a04255b802__PDFV2__CH_0095,115
1a2b7b96d07f90a04255b802__PDFV2__CH_0096,115
1a2b7b96d07f90a04255b802__PDFV2__CH_0097,93
1a2b7b96d07f90a04255b802__PDFV2__CH_0098__M,106
1a2b7b96d07f90a04255b802__PDFV2__CH_0100,112
1a2b7b96d07f90a04255b802__PDFV2__CH_0101,121
1a2b7b96d07f90a04255b802__PDFV2__CH_0102,103
1a2b7b96d07f90a04255b802__PDFV2__CH_0103__M,153
1a2b7b96d07f90a04255b802__PDFV2__CH_0105,111
1a2b7b96d07f90a04255b802__PDFV2__CH_0106,137
1a2b7b96d07f90a04255b802__PDFV2__CH_0107,97
1a2b7b96d07f90a04255b802__PDFV2__CH_0108,90
1a2b7b96d07f90a04255b802__PDFV2__CH_0109,106
1a2b7b96d07f90a04255b802__PDFV2__CH_0110,169
1a2b7b96d07f90a04255b802__PDFV2__CH_0111,129
1a5e801ab667fbdf60778af5__PDFV2__CH_0001,118
1a5e801ab667fbdf60778af5__PDFV2__CH_0002,124
1a5e801ab667fbdf60778af5__PDFV2__CH_0003,138
1a5e801ab667fbdf60778af5__PDFV2__CH_0004,148
1a5e801ab667fbdf60778af5__PDFV2__CH_0005,156
1a5e801ab667fbdf60778af5__PDFV2__CH_0006,75
1a818dd0b7b3bce9ea66653d__1a818dd0b7b3bce9ea66653d__SEG_0001__CH_001,101
1a818dd0b7b3bce9ea66653d__1a818dd0b7b3bce9ea66653d__SEG_0001__CH_002,105
1a818dd0b7b3bce9ea66653d__1a818dd0b7b3bce9ea66653d__SEG_0001__CH_003,79
1a9030ce837a3d5c61b80299__1a9030ce837a3d5c61b80299__SEG_0001__CH_001,97
1a9030ce837a3d5c61b80299__1a9030ce837a3d5c61b80299__SEG_0001__CH_002,98
1a9030ce837a3d5c61b80299__1a9030ce837a3d5c61b80299__SEG_0001__CH_003,122
1a9030ce837a3d5c61b80299__1a9030ce837a3d5c61b80299__SEG_0001__CH_005,103
1a9030ce837a3d5c61b80299__1a9030ce837a3d5c61b80299__SEG_0001__CH_006,108
1a909569a4a042993017800b__1a909569a4a042993017800b__SEG_0001__CH_002,144
1a909569a4a042993017800b__1a909569a4a042993017800b__SEG_0001__CH_003,128
1a909569a4a042993017800b__1a909569a4a042993017800b__SEG_0001__CH_004,116
1ae1ed374d2f36919362c6f0__1ae1ed374d2f36919362c6f0__SEG_0001__CH_001,94
1ae1ed374d2f36919362c6f0__1ae1ed374d2f36919362c6f0__SEG_0001__CH_002,105
1ae1ed374d2f36919362c6f0__1ae1ed374d2f36919362c6f0__SEG_0001__CH_003,112
1b18e86b5b8c7bcda9a757fe__1b18e86b5b8c7bcda9a757fe__SEG_0001__CH_001,157
1b18e86b5b8c7bcda9a757fe__1b18e86b5b8c7bcda9a757fe__SEG_0001__CH_002,119
1b18e86b5b8c7bcda9a757fe__1b18e86b5b8c7bcda9a757fe__SEG_0001__CH_003,203
1b18e86b5b8c7bcda9a757fe__1b18e86b5b8c7bcda9a757fe__SEG_0001__CH_004,120
1b380cf5ff07d4f27510a4c7__1b380cf5ff07d4f27510a4c7__SEG_0001__CH_001,137
1b380cf5ff07d4f27510a4c7__1b380cf5ff07d4f27510a4c7__SEG_0001__CH_002,69
1b456ff98ae9df6db6f63adb__1b456ff98ae9df6db6f63adb__SEG_0001__CH_001,131
1b456ff98ae9df6db6f63adb__1b456ff98ae9df6db6f63adb__SEG_0001__CH_002,92
1b456ff98ae9df6db6f63adb__1b456ff98ae9df6db6f63adb__SEG_0001__CH_003,144
1b456ff98ae9df6db6f63adb__1b456ff98ae9df6db6f63adb__SEG_0001__CH_004,79
1babe306152310b6d4a986cd__1babe306152310b6d4a986cd__SEG_0001__CH_002,98
1badeee0ab325a87a1786a38__1badeee0ab325a87a1786a38__SEG_0001__CH_001,135
1badeee0ab325a87a1786a38__1badeee0ab325a87a1786a38__SEG_0001__CH_002,119
1bbd17dc2ff0f8c7823e2bf0__1bbd17dc2ff0f8c7823e2bf0__SEG_0001__CH_001,114
1bbd17dc2ff0f8c7823e2bf0__1bbd17dc2ff0f8c7823e2bf0__SEG_0001__CH_002,94
1bcc0e08db2d894524cff484__PDFV2__CH_0001,124
1bcc0e08db2d894524cff484__PDFV2__CH_0002,109
1bcc0e08db2d894524cff484__PDFV2__CH_0003,86
1bcc0e08db2d894524cff484__PDFV2__CH_0004,104
1bccb28e8cfa67ae19929533__PDFV2__CH_0001,130
1bccb28e8cfa67ae19929533__PDFV2__CH_0002,132
1be0755402f1390f9d35646a__PDFV2__CH_0001,128
1be0755402f1390f9d35646a__PDFV2__CH_0002,77
1be0755402f1390f9d35646a__PDFV2__CH_0003,133
1be0755402f1390f9d35646a__PDFV2__CH_0004,114
1cdc0644df7c7101ea1a119c__PDFV2__CH_0001,138
1cdc0644df7c7101ea1a119c__PDFV2__CH_0002,183
1cdc0644df7c7101ea1a119c__PDFV2__CH_0003,135
1cdc0644df7c7101ea1a119c__PDFV2__CH_0004,147
1cdc0644df7c7101ea1a119c__PDFV2__CH_0005,120
1cdc0644df7c7101ea1a119c__PDFV2__CH_0006,109
1cdc0644df7c7101ea1a119c__PDFV2__CH_0007,116
1cdc0644df7c7101ea1a119c__PDFV2__CH_0008,101
1cdc0644df7c7101ea1a119c__PDFV2__CH_0009,106
1cdc0644df7c7101ea1a119c__PDFV2__CH_0010,92
1cdc0644df7c7101ea1a119c__PDFV2__CH_0011,110
1cdc0644df7c7101ea1a119c__PDFV2__CH_0013,133
1cdc0644df7c7101ea1a119c__PDFV2__CH_0014,109
1cdc0644df7c7101ea1a119c__PDFV2__CH_0015,103
1cdc0644df7c7101ea1a119c__PDFV2__CH_0016,134
1cdc0644df7c7101ea1a119c__PDFV2__CH_0017,145
1cdc0644df7c7101ea1a119c__PDFV2__CH_0018,153
1cdc0644df7c7101ea1a119c__PDFV2__CH_0019,260
1cdc0644df7c7101ea1a119c__PDFV2__CH_0020,136
1cdc0644df7c7101ea1a119c__PDFV2__CH_0021,115
1cebbb9e8210e8ea664d7c7b__PDFV2__CH_0001,75
1cebbb9e8210e8ea664d7c7b__PDFV2__CH_0002,119
1cebbb9e8210e8ea664d7c7b__PDFV2__CH_0003,119
1cebbb9e8210e8ea664d7c7b__PDFV2__CH_0005,91
1cebbb9e8210e8ea664d7c7b__PDFV2__CH_0006,129
1cebbb9e8210e8ea664d7c7b__PDFV2__CH_0007,126
1cebbb9e8210e8ea664d7c7b__PDFV2__CH_0008,99
1cebbb9e8210e8ea664d7c7b__PDFV2__CH_0009,104
1cf52a90c7601894fa2c8054__PDFV2__CH_0005,142
1cf52a90c7601894fa2c8054__PDFV2__CH_0006,94
1cf52a90c7601894fa2c8054__PDFV2__CH_0007,109
1cf52a90c7601894fa2c8054__PDFV2__CH_0008,109
1cf52a90c7601894fa2c8054__PDFV2__CH_0012,125
1cf52a90c7601894fa2c8054__PDFV2__CH_0013,109
1d2b8dc27efc8acad84a1fc5__PDFV2__CH_0001,94
1d2b8dc27efc8acad84a1fc5__PDFV2__CH_0002,160
1d2b8dc27efc8acad84a1fc5__PDFV2__CH_0003,133
1d2b8dc27efc8acad84a1fc5__PDFV2__CH_0004,98
1d2b8dc27efc8acad84a1fc5__PDFV2__CH_0005,119
1d2b8dc27efc8acad84a1fc5__PDFV2__CH_0006,105
1d2b8dc27efc8acad84a1fc5__PDFV2__CH_0007,120
1d8f64230fb7f418b16a46ba__1d8f64230fb7f418b16a46ba__SEG_0001__CH_002,132
1d8f64230fb7f418b16a46ba__1d8f64230fb7f418b16a46ba__SEG_0001__CH_003,128
1d8f64230fb7f418b16a46ba__1d8f64230fb7f418b16a46ba__SEG_0001__CH_004,159
1d8f64230fb7f418b16a46ba__1d8f64230fb7f418b16a46ba__SEG_0001__CH_005,124
1db32f2d2f0d65b6b46a9328__PDFV2__CH_0001,129
1db32f2d2f0d65b6b46a9328__PDFV2__CH_0002,115
1db32f2d2f0d65b6b46a9328__PDFV2__CH_0003,95
1db32f2d2f0d65b6b46a9328__PDFV2__CH_0004,119
1db32f2d2f0d65b6b46a9328__PDFV2__CH_0005__M,92
1db32f2d2f0d65b6b46a9328__PDFV2__CH_0007,95
1db32f2d2f0d65b6b46a9328__PDFV2__CH_0008,134
1db32f2d2f0d65b6b46a9328__PDFV2__CH_0009,195
1db32f2d2f0d65b6b46a9328__PDFV2__CH_0010,153
1db32f2d2f0d65b6b46a9328__PDFV2__CH_0011,159
1db54b68a6a44897f5c749ce__PDFV2__CH_0001,133
1db54b68a6a44897f5c749ce__PDFV2__CH_0003,111
1db54b68a6a44897f5c749ce__PDFV2__CH_0004,164
1db54b68a6a44897f5c749ce__PDFV2__CH_0005,103
1db54b68a6a44897f5c749ce__PDFV2__CH_0006,150
1db54b68a6a44897f5c749ce__PDFV2__CH_0007,147
1db54b68a6a44897f5c749ce__PDFV2__CH_0008,134
1db54b68a6a44897f5c749ce__PDFV2__CH_0009,108
1db54b68a6a44897f5c749ce__PDFV2__CH_0010,98
1db54b68a6a44897f5c749ce__PDFV2__CH_0011,137
1db54b68a6a44897f5c749ce__PDFV2__CH_0012,137
1db54b68a6a44897f5c749ce__PDFV2__CH_0013,101
1db54b68a6a44897f5c749ce__PDFV2__CH_0015,98
1db54b68a6a44897f5c749ce__PDFV2__CH_0016,173
1db54b68a6a44897f5c749ce__PDFV2__CH_0017,81
1db54b68a6a44897f5c749ce__PDFV2__CH_0018,135
1db54b68a6a44897f5c749ce__PDFV2__CH_0019,114
1db54b68a6a44897f5c749ce__PDFV2__CH_0020,162
1db54b68a6a44897f5c749ce__PDFV2__CH_0021,118
1db54b68a6a44897f5c749ce__PDFV2__CH_0022,142
1db54b68a6a44897f5c749ce__PDFV2__CH_0023,121
1db54b68a6a44897f5c749ce__PDFV2__CH_0024,166
1db54b68a6a44897f5c749ce__PDFV2__CH_0025,127
1db54b68a6a44897f5c749ce__PDFV2__CH_0026,129
1db54b68a6a44897f5c749ce__PDFV2__CH_0027,144
1db54b68a6a44897f5c749ce__PDFV2__CH_0028,137
1db54b68a6a44897f5c749ce__PDFV2__CH_0029,104
1db54b68a6a44897f5c749ce__PDFV2__CH_0030,158
1db54b68a6a44897f5c749ce__PDFV2__CH_0031,207
1db54b68a6a44897f5c749ce__PDFV2__CH_0032,165
1db54b68a6a44897f5c749ce__PDFV2__CH_0033,107
1db54b68a6a44897f5c749ce__PDFV2__CH_0034,102
1db54b68a6a44897f5c749ce__PDFV2__CH_0035,99
1db54b68a6a44897f5c749ce__PDFV2__CH_0036,158
1db54b68a6a44897f5c749ce__PDFV2__CH_0037,158
1db54b68a6a44897f5c749ce__PDFV2__CH_0038,96
1db54b68a6a44897f5c749ce__PDFV2__CH_0039,96
1db54b68a6a44897f5c749ce__PDFV2__CH_0041,133
1db54b68a6a44897f5c749ce__PDFV2__CH_0042,94
1db54b68a6a44897f5c749ce__PDFV2__CH_0044,133
1db54b68a6a44897f5c749ce__PDFV2__CH_0045,123
1db54b68a6a44897f5c749ce__PDFV2__CH_0046,142
1db54b68a6a44897f5c749ce__PDFV2__CH_0047,150
1db54b68a6a44897f5c749ce__PDFV2__CH_0049,145
1db54b68a6a44897f5c749ce__PDFV2__CH_0050,172
1db54b68a6a44897f5c749ce__PDFV2__CH_0051,138
1db54b68a6a44897f5c749ce__PDFV2__CH_0052,102
1db54b68a6a44897f5c749ce__PDFV2__CH_0053,147
1db54b68a6a44897f5c749ce__PDFV2__CH_0054,154
1db54b68a6a44897f5c749ce__PDFV2__CH_0055,153
1db54b68a6a44897f5c749ce__PDFV2__CH_0057__M,124
1db54b68a6a44897f5c749ce__PDFV2__CH_0059,139
1db54b68a6a44897f5c749ce__PDFV2__CH_0060,175
1db54b68a6a44897f5c749ce__PDFV2__CH_0061,154
1db54b68a6a44897f5c749ce__PDFV2__CH_0062,127
1db54b68a6a44897f5c749ce__PDFV2__CH_0064,120
1db54b68a6a44897f5c749ce__PDFV2__CH_0066,134
1db54b68a6a44897f5c749ce__PDFV2__CH_0067,110
1dd7d4f26525eccc6d16a7ed__PDFV2__CH_0002,109
1dd7d4f26525eccc6d16a7ed__PDFV2__CH_0003,129
1dd7d4f26525eccc6d16a7ed__PDFV2__CH_0004,151
1dd7d4f26525eccc6d16a7ed__PDFV2__CH_0005,100
1dd7d4f26525eccc6d16a7ed__PDFV2__CH_0006,127
1dd7d4f26525eccc6d16a7ed__PDFV2__CH_0007,127
1dd7d4f26525eccc6d16a7ed__PDFV2__CH_0008,127
1dd7d4f26525eccc6d16a7ed__PDFV2__CH_0009,117
1dd7d4f26525eccc6d16a7ed__PDFV2__CH_0010,150
1dd7d4f26525eccc6d16a7ed__PDFV2__CH_0011,128
1dd7d4f26525eccc6d16a7ed__PDFV2__CH_0012,127
1dd7d4f26525eccc6d16a7ed__PDFV2__CH_0013,136
1dd7d4f26525eccc6d16a7ed__PDFV2__CH_0014,109
1dd7d4f26525eccc6d16a7ed__PDFV2__CH_0015,120
1dd7d4f26525eccc6d16a7ed__PDFV2__CH_0016,123
1dd7d4f26525eccc6d16a7ed__PDFV2__CH_0017,104
1dd7d4f26525eccc6d16a7ed__PDFV2__CH_0018,131
1dd7d4f26525eccc6d16a7ed__PDFV2__CH_0019,85
1dd7d4f26525eccc6d16a7ed__PDFV2__CH_0020,157
1dd7d4f26525eccc6d16a7ed__PDFV2__CH_0021,101
1dd7d4f26525eccc6d16a7ed__PDFV2__CH_0022,124
1dd7d4f26525eccc6d16a7ed__PDFV2__CH_0023,110
1dd7d4f26525eccc6d16a7ed__PDFV2__CH_0024,128
1dd7d4f26525eccc6d16a7ed__PDFV2__CH_0025,115
1dd7d4f26525eccc6d16a7ed__PDFV2__CH_0026,146
1dd7d4f26525eccc6d16a7ed__PDFV2__CH_0027,127
1dd7d4f26525eccc6d16a7ed__PDFV2__CH_0028,150
1dd7d4f26525eccc6d16a7ed__PDFV2__CH_0029,137
1dd7d4f26525eccc6d16a7ed__PDFV2__CH_0030,126
1dd7d4f26525eccc6d16a7ed__PDFV2__CH_0032,104
1dd7d4f26525eccc6d16a7ed__PDFV2__CH_0033,105
1dd7d4f26525eccc6d16a7ed__PDFV2__CH_0034,134
1dd7d4f26525eccc6d16a7ed__PDFV2__CH_0035,78
1dd7d4f26525eccc6d16a7ed__PDFV2__CH_0036,118
1dd7d4f26525eccc6d16a7ed__PDFV2__CH_0037,105
1dd7d4f26525eccc6d16a7ed__PDFV2__CH_0038,125
1dd7d4f26525eccc6d16a7ed__PDFV2__CH_0039,104
1dd7d4f26525eccc6d16a7ed__PDFV2__CH_0040,122
1dd7d4f26525eccc6d16a7ed__PDFV2__CH_0041,130
1dd7d4f26525eccc6d16a7ed__PDFV2__CH_0042,100
1dd7d4f26525eccc6d16a7ed__PDFV2__CH_0043,105
1dd7d4f26525eccc6d16a7ed__PDFV2__CH_0044,113
1e5830ea1ee82e0c1437e626__1e5830ea1ee82e0c1437e626__SEG_0001__CH_001,94
1e5830ea1ee82e0c1437e626__1e5830ea1ee82e0c1437e626__SEG_0001__CH_002,155
1e5830ea1ee82e0c1437e626__1e5830ea1ee82e0c1437e626__SEG_0001__CH_004,103
1e5830ea1ee82e0c1437e626__1e5830ea1ee82e0c1437e626__SEG_0001__CH_005,108
1e5830ea1ee82e0c1437e626__1e5830ea1ee82e0c1437e626__SEG_0001__CH_006,95
1e5830ea1ee82e0c1437e626__1e5830ea1ee82e0c1437e626__SEG_0001__CH_009,93
1e5830ea1ee82e0c1437e626__1e5830ea1ee82e0c1437e626__SEG_0001__CH_010,119
1e5830ea1ee82e0c1437e626__1e5830ea1ee82e0c1437e626__SEG_0001__CH_011,128
1eeaa3026f7519f5c05bb069__1eeaa3026f7519f5c05bb069__SEG_0001__CH_001,167
1eeaa3026f7519f5c05bb069__1eeaa3026f7519f5c05bb069__SEG_0001__CH_002,156
1eeaa3026f7519f5c05bb069__1eeaa3026f7519f5c05bb069__SEG_0002__CH_001,139
1eeaa3026f7519f5c05bb069__1eeaa3026f7519f5c05bb069__SEG_0002__CH_002,162
1f54a7dd5d8939c1939c7280__1f54a7dd5d8939c1939c7280__SEG_0001__CH_001,109
1f6d43de6bf1851c1890bbc6__PDFV2__CH_0004,101
1f6d43de6bf1851c1890bbc6__PDFV2__CH_0005,100
1f6d43de6bf1851c1890bbc6__PDFV2__CH_0006,98
1f6d43de6bf1851c1890bbc6__PDFV2__CH_0007,95
1f6d43de6bf1851c1890bbc6__PDFV2__CH_0008,139
1f6d43de6bf1851c1890bbc6__PDFV2__CH_0009,116
1f6d43de6bf1851c1890bbc6__PDFV2__CH_0010,109
1f6d43de6bf1851c1890bbc6__PDFV2__CH_0011,124
1f6d43de6bf1851c1890bbc6__PDFV2__CH_0012,102
1f6d43de6bf1851c1890bbc6__PDFV2__CH_0013,137
1f6d43de6bf1851c1890bbc6__PDFV2__CH_0014,121
1f6d43de6bf1851c1890bbc6__PDFV2__CH_0015,120
1f6d43de6bf1851c1890bbc6__PDFV2__CH_0016,108
1f6d43de6bf1851c1890bbc6__PDFV2__CH_0017,131
1f6d43de6bf1851c1890bbc6__PDFV2__CH_0018,115
1f6d43de6bf1851c1890bbc6__PDFV2__CH_0019__M,134
1f6d43de6bf1851c1890bbc6__PDFV2__CH_0021,126
1f6d43de6bf1851c1890bbc6__PDFV2__CH_0022,135
1f6d43de6bf1851c1890bbc6__PDFV2__CH_0023,135
1f6d43de6bf1851c1890bbc6__PDFV2__CH_0024,128
1f6d43de6bf1851c1890bbc6__PDFV2__CH_0025,119
1f6d43de6bf1851c1890bbc6__PDFV2__CH_0026,93
1f6d43de6bf1851c1890bbc6__PDFV2__CH_0027,110
1f6d43de6bf1851c1890bbc6__PDFV2__CH_0028,128
1f6d43de6bf1851c1890bbc6__PDFV2__CH_0029,99
1f6d43de6bf1851c1890bbc6__PDFV2__CH_0030,127
1f6d43de6bf1851c1890bbc6__PDFV2__CH_0031,95
1f6d43de6bf1851c1890bbc6__PDFV2__CH_0032,111
1f6d43de6bf1851c1890bbc6__PDFV2__CH_0033,90
1f6d43de6bf1851c1890bbc6__PDFV2__CH_0034,178
1f6d43de6bf1851c1890bbc6__PDFV2__CH_0035,104
1f6d43de6bf1851c1890bbc6__PDFV2__CH_0036,157
1f81e3446744a4a412f4d407__PDFV2__CH_0001,117
1f81e3446744a4a412f4d407__PDFV2__CH_0002,192
1f81e3446744a4a412f4d407__PDFV2__CH_0003,123
1f81e3446744a4a412f4d407__PDFV2__CH_0004,147
1f81e3446744a4a412f4d407__PDFV2__CH_0005,109
1f81e3446744a4a412f4d407__PDFV2__CH_0006,97
1f81e3446744a4a412f4d407__PDFV2__CH_0007,123
1f81e3446744a4a412f4d407__PDFV2__CH_0010,98
1f81e3446744a4a412f4d407__PDFV2__CH_0011,99
1f81e3446744a4a412f4d407__PDFV2__CH_0012,152
1f81e3446744a4a412f4d407__PDFV2__CH_0013,73
1f81e3446744a4a412f4d407__PDFV2__CH_0015,131
1f81e3446744a4a412f4d407__PDFV2__CH_0016,132
1f81e3446744a4a412f4d407__PDFV2__CH_0017,123
1f81e3446744a4a412f4d407__PDFV2__CH_0018,104
1f81e3446744a4a412f4d407__PDFV2__CH_0019,102
1f81e3446744a4a412f4d407__PDFV2__CH_0020,100
1f81e3446744a4a412f4d407__PDFV2__CH_0021,108
1f81e3446744a4a412f4d407__PDFV2__CH_0022,156
1f81e3446744a4a412f4d407__PDFV2__CH_0023,121
1f81e3446744a4a412f4d407__PDFV2__CH_0024,98
1f81e3446744a4a412f4d407__PDFV2__CH_0025,126
1f81e3446744a4a412f4d407__PDFV2__CH_0026,94
1f81e3446744a4a412f4d407__PDFV2__CH_0027,202
1f81e3446744a4a412f4d407__PDFV2__CH_0028,149
1f81e3446744a4a412f4d407__PDFV2__CH_0029,102
1f9ca494bf49c82a68235a64__1f9ca494bf49c82a68235a64__SEG_0001__CH_001,104
2001271a175f4bf8cdb99953__2001271a175f4bf8cdb99953__SEG_0001__CH_001,75
200a88e602d16026b4bbb29a__PDFV2__CH_0001,107
200a88e602d16026b4bbb29a__PDFV2__CH_0002,122
200a88e602d16026b4bbb29a__PDFV2__CH_0003,133
200a88e602d16026b4bbb29a__PDFV2__CH_0004,110
200a88e602d16026b4bbb29a__PDFV2__CH_0005,100
200a88e602d16026b4bbb29a__PDFV2__CH_0009,120
200d9976df62f0a3a0033aa0__200d9976df62f0a3a0033aa0__SEG_0001__CH_001,116
200d9976df62f0a3a0033aa0__200d9976df62f0a3a0033aa0__SEG_0001__CH_002,126
204913846c333b5a2e076159__204913846c333b5a2e076159__SEG_0001__CH_001,242
204913846c333b5a2e076159__204913846c333b5a2e076159__SEG_0001__CH_002,166
205eeab6c1f6b19f4ba61512__PDFV2__CH_0001,133
205eeab6c1f6b19f4ba61512__PDFV2__CH_0002,116
205eeab6c1f6b19f4ba61512__PDFV2__CH_0003,128
205eeab6c1f6b19f4ba61512__PDFV2__CH_0004,78
205eeab6c1f6b19f4ba61512__PDFV2__CH_0005,100
205eeab6c1f6b19f4ba61512__PDFV2__CH_0006,157
205eeab6c1f6b19f4ba61512__PDFV2__CH_0007,133
205eeab6c1f6b19f4ba61512__PDFV2__CH_0008,122
205eeab6c1f6b19f4ba61512__PDFV2__CH_0009,126
205eeab6c1f6b19f4ba61512__PDFV2__CH_0010,90
205eeab6c1f6b19f4ba61512__PDFV2__CH_0011,176
20a4f72eb1c1d676b8322e8d__20a4f72eb1c1d676b8322e8d__SEG_0001__CH_001,115
20a4f72eb1c1d676b8322e8d__20a4f72eb1c1d676b8322e8d__SEG_0001__CH_002,118
20a4f72eb1c1d676b8322e8d__20a4f72eb1c1d676b8322e8d__SEG_0001__CH_003,110
20a4f72eb1c1d676b8322e8d__20a4f72eb1c1d676b8322e8d__SEG_0001__CH_004,129
20a4f72eb1c1d676b8322e8d__20a4f72eb1c1d676b8322e8d__SEG_0001__CH_005,128
20a4f72eb1c1d676b8322e8d__20a4f72eb1c1d676b8322e8d__SEG_0001__CH_006,108
20a4f72eb1c1d676b8322e8d__20a4f72eb1c1d676b8322e8d__SEG_0001__CH_007,121
20f901bd8ff7fbbd8354e354__20f901bd8ff7fbbd8354e354__SEG_0001__CH_002,104
20f901bd8ff7fbbd8354e354__20f901bd8ff7fbbd8354e354__SEG_0001__CH_003,135
20fa1f639a39aa38cd3104fa__20fa1f639a39aa38cd3104fa__SEG_0001__CH_001,77
2107870904767d5d52470b4e__2107870904767d5d52470b4e__SEG_0001__CH_001,95
2107870904767d5d52470b4e__2107870904767d5d52470b4e__SEG_0001__CH_002,93
2107870904767d5d52470b4e__2107870904767d5d52470b4e__SEG_0001__CH_003,69
2107870904767d5d52470b4e__2107870904767d5d52470b4e__SEG_0001__CH_004,79
2107870904767d5d52470b4e__2107870904767d5d52470b4e__SEG_0001__CH_005,122
2107870904767d5d52470b4e__2107870904767d5d52470b4e__SEG_0001__CH_006,105
211e51ad9e08a7c8f567cf9a__211e51ad9e08a7c8f567cf9a__SEG_0001__CH_001,130
211e51ad9e08a7c8f567cf9a__211e51ad9e08a7c8f567cf9a__SEG_0001__CH_002,104
211e51ad9e08a7c8f567cf9a__211e51ad9e08a7c8f567cf9a__SEG_0001__CH_004,136
211e51ad9e08a7c8f567cf9a__211e51ad9e08a7c8f567cf9a__SEG_0001__CH_005,156
211e51ad9e08a7c8f567cf9a__211e51ad9e08a7c8f567cf9a__SEG_0001__CH_006,144
2158694c31625b4f9d38f5ce__2158694c31625b4f9d38f5ce__SEG_0001__CH_001,141
218da206325ea16902d28d81__218da206325ea16902d28d81__SEG_0001__CH_001,104
218da206325ea16902d28d81__218da206325ea16902d28d81__SEG_0001__CH_002,134
218da206325ea16902d28d81__218da206325ea16902d28d81__SEG_0001__CH_003,103
218da206325ea16902d28d81__218da206325ea16902d28d81__SEG_0001__CH_004,120
21bc7deb22db5047827c6590__PDFV2__CH_0001,86
21bc7deb22db5047827c6590__PDFV2__CH_0002,99
21bc7deb22db5047827c6590__PDFV2__CH_0003,86
2206a9a9eec40cce3431efcf__PDFV2__CH_0002,92
2206a9a9eec40cce3431efcf__PDFV2__CH_0003,118
2206a9a9eec40cce3431efcf__PDFV2__CH_0005,111
2206a9a9eec40cce3431efcf__PDFV2__CH_0007,118
2206a9a9eec40cce3431efcf__PDFV2__CH_0008,103
2206a9a9eec40cce3431efcf__PDFV2__CH_0009,102
2206a9a9eec40cce3431efcf__PDFV2__CH_0010,116
2206a9a9eec40cce3431efcf__PDFV2__CH_0011,121
2206a9a9eec40cce3431efcf__PDFV2__CH_0012,124
2206a9a9eec40cce3431efcf__PDFV2__CH_0014,128
2206a9a9eec40cce3431efcf__PDFV2__CH_0015,142
2206a9a9eec40cce3431efcf__PDFV2__CH_0016,99
2206a9a9eec40cce3431efcf__PDFV2__CH_0017,109
2206a9a9eec40cce3431efcf__PDFV2__CH_0018,124
2206a9a9eec40cce3431efcf__PDFV2__CH_0019,128
2206a9a9eec40cce3431efcf__PDFV2__CH_0020,138
2206a9a9eec40cce3431efcf__PDFV2__CH_0021,126
2206a9a9eec40cce3431efcf__PDFV2__CH_0022,122
2206a9a9eec40cce3431efcf__PDFV2__CH_0023,108
2206a9a9eec40cce3431efcf__PDFV2__CH_0024,90
2206a9a9eec40cce3431efcf__PDFV2__CH_0025,111
2206a9a9eec40cce3431efcf__PDFV2__CH_0026,115
2206a9a9eec40cce3431efcf__PDFV2__CH_0027,128
2206a9a9eec40cce3431efcf__PDFV2__CH_0028,126
2206a9a9eec40cce3431efcf__PDFV2__CH_0029,116
2206a9a9eec40cce3431efcf__PDFV2__CH_0030,150
2206a9a9eec40cce3431efcf__PDFV2__CH_0032,112
2206a9a9eec40cce3431efcf__PDFV2__CH_0033,95
2206a9a9eec40cce3431efcf__PDFV2__CH_0034,146
2206a9a9eec40cce3431efcf__PDFV2__CH_0035,131
2206a9a9eec40cce3431efcf__PDFV2__CH_0036,137
2206a9a9eec40cce3431efcf__PDFV2__CH_0037,124
2206a9a9eec40cce3431efcf__PDFV2__CH_0038,102
2206a9a9eec40cce3431efcf__PDFV2__CH_0039,122
2206a9a9eec40cce3431efcf__PDFV2__CH_0040,132
2206a9a9eec40cce3431efcf__PDFV2__CH_0041,117
2206a9a9eec40cce3431efcf__PDFV2__CH_0042,117
2206a9a9eec40cce3431efcf__PDFV2__CH_0043,135
2206a9a9eec40cce3431efcf__PDFV2__CH_0044,124
2206a9a9eec40cce3431efcf__PDFV2__CH_0045,113
2206a9a9eec40cce3431efcf__PDFV2__CH_0046,94
2206a9a9eec40cce3431efcf__PDFV2__CH_0047,121
2206a9a9eec40cce3431efcf__PDFV2__CH_0048,108
2206a9a9eec40cce3431efcf__PDFV2__CH_0049,125
2206a9a9eec40cce3431efcf__PDFV2__CH_0050,126
2206a9a9eec40cce3431efcf__PDFV2__CH_0051,92
2206a9a9eec40cce3431efcf__PDFV2__CH_0052,97
2206a9a9eec40cce3431efcf__PDFV2__CH_0053,135
2206a9a9eec40cce3431efcf__PDFV2__CH_0054,117
2206a9a9eec40cce3431efcf__PDFV2__CH_0055,115
2206a9a9eec40cce3431efcf__PDFV2__CH_0056,98
2206a9a9eec40cce3431efcf__PDFV2__CH_0057,101
222f147f70b8187ad7c6a6f5__PDFV2__CH_0001,136
222f147f70b8187ad7c6a6f5__PDFV2__CH_0002,157
222f147f70b8187ad7c6a6f5__PDFV2__CH_0003,118
222f147f70b8187ad7c6a6f5__PDFV2__CH_0004,109
222f147f70b8187ad7c6a6f5__PDFV2__CH_0005,151
222f147f70b8187ad7c6a6f5__PDFV2__CH_0006,139
224f451e0e968d88e14640c8__224f451e0e968d88e14640c8__SEG_0001__CH_001,100
224f451e0e968d88e14640c8__224f451e0e968d88e14640c8__SEG_0001__CH_002,64
2298a3b6851317ba51fa4241__2298a3b6851317ba51fa4241__SEG_0001__CH_001,117
22b03860e80b6bbe8a43c305__22b03860e80b6bbe8a43c305__SEG_0001__CH_001,96
22b03860e80b6bbe8a43c305__22b03860e80b6bbe8a43c305__SEG_0001__CH_002,80
22b2d032c564483a7b9cdaa1__22b2d032c564483a7b9cdaa1__SEG_0001__CH_002,114
22b2d032c564483a7b9cdaa1__22b2d032c564483a7b9cdaa1__SEG_0001__CH_003,157
22b2d032c564483a7b9cdaa1__22b2d032c564483a7b9cdaa1__SEG_0001__CH_004,126
22b2d032c564483a7b9cdaa1__22b2d032c564483a7b9cdaa1__SEG_0001__CH_005,145
22b2d032c564483a7b9cdaa1__22b2d032c564483a7b9cdaa1__SEG_0001__CH_006,99
22b2d032c564483a7b9cdaa1__22b2d032c564483a7b9cdaa1__SEG_0002__CH_001,132
22b2d032c564483a7b9cdaa1__22b2d032c564483a7b9cdaa1__SEG_0003__CH_001,119
22b2d032c564483a7b9cdaa1__22b2d032c564483a7b9cdaa1__SEG_0003__CH_002,106
22b2d032c564483a7b9cdaa1__22b2d032c564483a7b9cdaa1__SEG_0003__CH_003,134
22b2d032c564483a7b9cdaa1__22b2d032c564483a7b9cdaa1__SEG_0003__CH_004,122
22b2d032c564483a7b9cdaa1__22b2d032c564483a7b9cdaa1__SEG_0004__CH_001,111
22b2d032c564483a7b9cdaa1__22b2d032c564483a7b9cdaa1__SEG_0004__CH_002,147
22b2d032c564483a7b9cdaa1__22b2d032c564483a7b9cdaa1__SEG_0005__CH_001,116
22b2d032c564483a7b9cdaa1__22b2d032c564483a7b9cdaa1__SEG_0005__CH_002,248
22b2d032c564483a7b9cdaa1__22b2d032c564483a7b9cdaa1__SEG_0005__CH_003,116
22b2d032c564483a7b9cdaa1__22b2d032c564483a7b9cdaa1__SEG_0006__CH_001,110
22b2d032c564483a7b9cdaa1__22b2d032c564483a7b9cdaa1__SEG_0007__CH_001,137
22b2d032c564483a7b9cdaa1__22b2d032c564483a7b9cdaa1__SEG_0007__CH_002,144
22b2d032c564483a7b9cdaa1__22b2d032c564483a7b9cdaa1__SEG_0007__CH_003,119
22ee6c5061b84cb8261a6d57__22ee6c5061b84cb8261a6d57__SEG_0001__CH_001,104
22ee6c5061b84cb8261a6d57__22ee6c5061b84cb8261a6d57__SEG_0001__CH_002,104
22ee6c5061b84cb8261a6d57__22ee6c5061b84cb8261a6d57__SEG_0001__CH_003,106
22ee6c5061b84cb8261a6d57__22ee6c5061b84cb8261a6d57__SEG_0001__CH_004,102
230b6813b5193d2cec7ff99b__PDFV2__CH_0003,126
230b6813b5193d2cec7ff99b__PDFV2__CH_0007,129
230b6813b5193d2cec7ff99b__PDFV2__CH_0008,142
2364b4e7b540c915fbef9174__PDFV2__CH_0001,90
2364b4e7b540c915fbef9174__PDFV2__CH_0004,113
2364b4e7b540c915fbef9174__PDFV2__CH_0005,121
2364b4e7b540c915fbef9174__PDFV2__CH_0006,90
2364b4e7b540c915fbef9174__PDFV2__CH_0007,104
2364b4e7b540c915fbef9174__PDFV2__CH_0008__M,114
2364b4e7b540c915fbef9174__PDFV2__CH_0010,117
2364b4e7b540c915fbef9174__PDFV2__CH_0011,108
2364b4e7b540c915fbef9174__PDFV2__CH_0012,112
2364b4e7b540c915fbef9174__PDFV2__CH_0013,125
2364b4e7b540c915fbef9174__PDFV2__CH_0014,136
2364b4e7b540c915fbef9174__PDFV2__CH_0015,165
2364b4e7b540c915fbef9174__PDFV2__CH_0016,92
2364b4e7b540c915fbef9174__PDFV2__CH_0017,152
2364b4e7b540c915fbef9174__PDFV2__CH_0018,93
2364b4e7b540c915fbef9174__PDFV2__CH_0020,134
2372aee90f9a0ad97e1f43a9__PDFV2__CH_0001,97
2372aee90f9a0ad97e1f43a9__PDFV2__CH_0002,104
2372aee90f9a0ad97e1f43a9__PDFV2__CH_0003,187
2372aee90f9a0ad97e1f43a9__PDFV2__CH_0004,124
2372aee90f9a0ad97e1f43a9__PDFV2__CH_0005,90
2372aee90f9a0ad97e1f43a9__PDFV2__CH_0006,131
2372aee90f9a0ad97e1f43a9__PDFV2__CH_0007,129
2372aee90f9a0ad97e1f43a9__PDFV2__CH_0008,90
2372aee90f9a0ad97e1f43a9__PDFV2__CH_0009,73
2372aee90f9a0ad97e1f43a9__PDFV2__CH_0012,123
2372aee90f9a0ad97e1f43a9__PDFV2__CH_0014,136
2390b5c13b6faaf46c1fa183__PDFV2__CH_0001,111
2390b5c13b6faaf46c1fa183__PDFV2__CH_0002,103
2390b5c13b6faaf46c1fa183__PDFV2__CH_0003,111
2390b5c13b6faaf46c1fa183__PDFV2__CH_0004,93
2390b5c13b6faaf46c1fa183__PDFV2__CH_0005,116
2390b5c13b6faaf46c1fa183__PDFV2__CH_0006,115
2390b5c13b6faaf46c1fa183__PDFV2__CH_0007,92
2390b5c13b6faaf46c1fa183__PDFV2__CH_0008,126
2390b5c13b6faaf46c1fa183__PDFV2__CH_0009,77
23a730c8e783d13edfd96e21__23a730c8e783d13edfd96e21__SEG_0001__CH_002,123
23a730c8e783d13edfd96e21__23a730c8e783d13edfd96e21__SEG_0001__CH_003,129
23a730c8e783d13edfd96e21__23a730c8e783d13edfd96e21__SEG_0001__CH_004,121
23c384b8a9c6e61b5e815754__23c384b8a9c6e61b5e815754__SEG_0001__CH_002,145
23c384b8a9c6e61b5e815754__23c384b8a9c6e61b5e815754__SEG_0001__CH_003,113
23cee8ec0fac8124b6ad7c25__23cee8ec0fac8124b6ad7c25__SEG_0001__CH_003,95
23cee8ec0fac8124b6ad7c25__23cee8ec0fac8124b6ad7c25__SEG_0001__CH_004,69
23cee8ec0fac8124b6ad7c25__23cee8ec0fac8124b6ad7c25__SEG_0001__CH_005,84
23cee8ec0fac8124b6ad7c25__23cee8ec0fac8124b6ad7c25__SEG_0001__CH_006,120
23d5c8e726d5fdb2e29d8ce2__23d5c8e726d5fdb2e29d8ce2__SEG_0001__CH_001,96
23d5c8e726d5fdb2e29d8ce2__23d5c8e726d5fdb2e29d8ce2__SEG_0001__CH_002,87
23dbd90b80e05ef54171fa7e__23dbd90b80e05ef54171fa7e__SEG_0001__CH_001,113
23dbd90b80e05ef54171fa7e__23dbd90b80e05ef54171fa7e__SEG_0001__CH_002,62
23dbd90b80e05ef54171fa7e__23dbd90b80e05ef54171fa7e__SEG_0001__CH_003,111
23dbd90b80e05ef54171fa7e__23dbd90b80e05ef54171fa7e__SEG_0001__CH_004,82
23dbd90b80e05ef54171fa7e__23dbd90b80e05ef54171fa7e__SEG_0001__CH_005,110
23dbd90b80e05ef54171fa7e__23dbd90b80e05ef54171fa7e__SEG_0001__CH_006,128
23dbd90b80e05ef54171fa7e__23dbd90b80e05ef54171fa7e__SEG_0001__CH_007,165
23dbd90b80e05ef54171fa7e__23dbd90b80e05ef54171fa7e__SEG_0001__CH_008,145
23dbd90b80e05ef54171fa7e__23dbd90b80e05ef54171fa7e__SEG_0001__CH_009,109
23dbd90b80e05ef54171fa7e__23dbd90b80e05ef54171fa7e__SEG_0002__CH_001,122
23dbd90b80e05ef54171fa7e__23dbd90b80e05ef54171fa7e__SEG_0002__CH_002,162
23dbd90b80e05ef54171fa7e__23dbd90b80e05ef54171fa7e__SEG_0002__CH_003,116
23f2ce1c9fb5ed27ca769f13__23f2ce1c9fb5ed27ca769f13__SEG_0001__CH_001,141
23f2ce1c9fb5ed27ca769f13__23f2ce1c9fb5ed27ca769f13__SEG_0001__CH_002,157
23f2ce1c9fb5ed27ca769f13__23f2ce1c9fb5ed27ca769f13__SEG_0001__CH_003,122
2413fd65ec2fb2a5878c2e3a__2413fd65ec2fb2a5878c2e3a__SEG_0001__CH_001,116
246aa371e896fc3aef5a3359__246aa371e896fc3aef5a3359__SEG_0001__CH_001,89
246aa371e896fc3aef5a3359__246aa371e896fc3aef5a3359__SEG_0001__CH_002,108
246aa371e896fc3aef5a3359__246aa371e896fc3aef5a3359__SEG_0001__CH_003,131
246aa371e896fc3aef5a3359__246aa371e896fc3aef5a3359__SEG_0001__CH_004,136
246aa371e896fc3aef5a3359__246aa371e896fc3aef5a3359__SEG_0001__CH_005,121
246aa371e896fc3aef5a3359__246aa371e896fc3aef5a3359__SEG_0001__CH_006,138
246aa371e896fc3aef5a3359__246aa371e896fc3aef5a3359__SEG_0001__CH_007,139
248146127a4da7ee6fe771f9__248146127a4da7ee6fe771f9__SEG_0001__CH_001,95
248146127a4da7ee6fe771f9__248146127a4da7ee6fe771f9__SEG_0001__CH_002,85
248146127a4da7ee6fe771f9__248146127a4da7ee6fe771f9__SEG_0001__CH_003,115
24d51cf876d7664908c818d2__24d51cf876d7664908c818d2__SEG_0001__CH_002,126
252c1a5a795870ec76315c51__252c1a5a795870ec76315c51__SEG_0001__CH_001,112
252c1a5a795870ec76315c51__252c1a5a795870ec76315c51__SEG_0001__CH_002,132
254668714c8398022929604b__254668714c8398022929604b__SEG_0001__CH_001,105
254668714c8398022929604b__254668714c8398022929604b__SEG_0001__CH_002,73
25629efab9e2eef52b80ce79__25629efab9e2eef52b80ce79__SEG_0001__CH_001,117
25629efab9e2eef52b80ce79__25629efab9e2eef52b80ce79__SEG_0001__CH_002,196
25629efab9e2eef52b80ce79__25629efab9e2eef52b80ce79__SEG_0001__CH_003,169
25629efab9e2eef52b80ce79__25629efab9e2eef52b80ce79__SEG_0001__CH_004,136
2580b801e49cfb847ea8e847__2580b801e49cfb847ea8e847__SEG_0001__CH_001,113
2580b801e49cfb847ea8e847__2580b801e49cfb847ea8e847__SEG_0001__CH_002,109
2580b801e49cfb847ea8e847__2580b801e49cfb847ea8e847__SEG_0001__CH_003,126
2580b801e49cfb847ea8e847__2580b801e49cfb847ea8e847__SEG_0001__CH_004,148
258bb7b2a7ca8b95ac777c0c__258bb7b2a7ca8b95ac777c0c__SEG_0001__CH_002,77
25950396dbe362cc85e3a06d__25950396dbe362cc85e3a06d__SEG_0001__CH_001,110
25950396dbe362cc85e3a06d__25950396dbe362cc85e3a06d__SEG_0001__CH_002,137
25950396dbe362cc85e3a06d__25950396dbe362cc85e3a06d__SEG_0001__CH_003,113
25950396dbe362cc85e3a06d__25950396dbe362cc85e3a06d__SEG_0001__CH_004,131
25950396dbe362cc85e3a06d__25950396dbe362cc85e3a06d__SEG_0001__CH_005,146
25950396dbe362cc85e3a06d__25950396dbe362cc85e3a06d__SEG_0002__CH_001,167
25950396dbe362cc85e3a06d__25950396dbe362cc85e3a06d__SEG_0002__CH_002,125
262f17a18535a13f6180f23d__262f17a18535a13f6180f23d__SEG_0001__CH_001,146
262f17a18535a13f6180f23d__262f17a18535a13f6180f23d__SEG_0002__CH_001,150
262f17a18535a13f6180f23d__262f17a18535a13f6180f23d__SEG_0002__CH_002,176
262f17a18535a13f6180f23d__262f17a18535a13f6180f23d__SEG_0002__CH_003,141
265a3fe8f7237daa6da21768__PDFV2__CH_0001,108
265a3fe8f7237daa6da21768__PDFV2__CH_0002,159
265a3fe8f7237daa6da21768__PDFV2__CH_0004,98
265a3fe8f7237daa6da21768__PDFV2__CH_0005,131
265a3fe8f7237daa6da21768__PDFV2__CH_0006,170
265a3fe8f7237daa6da21768__PDFV2__CH_0007,106
265a3fe8f7237daa6da21768__PDFV2__CH_0008,164
265a3fe8f7237daa6da21768__PDFV2__CH_0009,140
265a3fe8f7237daa6da21768__PDFV2__CH_0010__M,201
265a3fe8f7237daa6da21768__PDFV2__CH_0012,152
265a3fe8f7237daa6da21768__PDFV2__CH_0013,136
265a3fe8f7237daa6da21768__PDFV2__CH_0014,103
2697e8a692cf491938475436__2697e8a692cf491938475436__SEG_0001__CH_001,90
2697e8a692cf491938475436__2697e8a692cf491938475436__SEG_0001__CH_002,96
2697e8a692cf491938475436__2697e8a692cf491938475436__SEG_0001__CH_003,106
2697e8a692cf491938475436__2697e8a692cf491938475436__SEG_0001__CH_004,87
26aaf3d203295cfea6ecbd68__PDFV2__CH_0001,128
26aaf3d203295cfea6ecbd68__PDFV2__CH_0002,95
26aaf3d203295cfea6ecbd68__PDFV2__CH_0003,155
26aaf3d203295cfea6ecbd68__PDFV2__CH_0004,106
26aaf3d203295cfea6ecbd68__PDFV2__CH_0005,109
26ba02ec059c8139cceb8e32__PDFV2__CH_0001,122
26ba02ec059c8139cceb8e32__PDFV2__CH_0002,139
26ba02ec059c8139cceb8e32__PDFV2__CH_0003,120
26ba02ec059c8139cceb8e32__PDFV2__CH_0004,94
26ba02ec059c8139cceb8e32__PDFV2__CH_0005,123
26c7b4c095ae1572fab0b108__26c7b4c095ae1572fab0b108__SEG_0001__CH_001,138
26c7b4c095ae1572fab0b108__26c7b4c095ae1572fab0b108__SEG_0001__CH_002,122
26c7b4c095ae1572fab0b108__26c7b4c095ae1572fab0b108__SEG_0001__CH_003,181
26c7b4c095ae1572fab0b108__26c7b4c095ae1572fab0b108__SEG_0002__CH_001,161
26c7b4c095ae1572fab0b108__26c7b4c095ae1572fab0b108__SEG_0003__CH_001,152
26c7b4c095ae1572fab0b108__26c7b4c095ae1572fab0b108__SEG_0003__CH_002,129
27919be236dcc29094f7e274__27919be236dcc29094f7e274__SEG_0001__CH_001,97
27919be236dcc29094f7e274__27919be236dcc29094f7e274__SEG_0001__CH_002,159
27919be236dcc29094f7e274__27919be236dcc29094f7e274__SEG_0001__CH_003,130
27919be236dcc29094f7e274__27919be236dcc29094f7e274__SEG_0001__CH_004,149
27919be236dcc29094f7e274__27919be236dcc29094f7e274__SEG_0001__CH_005,167
27930b17d93b1b6aa66fafc6__27930b17d93b1b6aa66fafc6__SEG_0001__CH_001,157
27fc12c62155821b2caa525a__27fc12c62155821b2caa525a__SEG_0001__CH_001,134
27fc12c62155821b2caa525a__27fc12c62155821b2caa525a__SEG_0001__CH_002,147
27fc12c62155821b2caa525a__27fc12c62155821b2caa525a__SEG_0001__CH_003__S1,171
27fc12c62155821b2caa525a__27fc12c62155821b2caa525a__SEG_0001__CH_003__S2,123
27fc12c62155821b2caa525a__27fc12c62155821b2caa525a__SEG_0001__CH_004,145
27fc12c62155821b2caa525a__27fc12c62155821b2caa525a__SEG_0002__CH_001,130
27fc12c62155821b2caa525a__27fc12c62155821b2caa525a__SEG_0002__CH_002,141
27fc12c62155821b2caa525a__27fc12c62155821b2caa525a__SEG_0002__CH_003,212
280e1c3948aeabdee057fc77__280e1c3948aeabdee057fc77__SEG_0001__CH_001,107
286eca6148f207c1c2af80e7__286eca6148f207c1c2af80e7__SEG_0001__CH_001,117
286eca6148f207c1c2af80e7__286eca6148f207c1c2af80e7__SEG_0001__CH_002,169
286eca6148f207c1c2af80e7__286eca6148f207c1c2af80e7__SEG_0001__CH_003,160
287842eaf3cf056371b2a310__PDFV2__CH_0001,119
287842eaf3cf056371b2a310__PDFV2__CH_0002,129
287842eaf3cf056371b2a310__PDFV2__CH_0003,114
287842eaf3cf056371b2a310__PDFV2__CH_0004,127
287842eaf3cf056371b2a310__PDFV2__CH_0005,150
287842eaf3cf056371b2a310__PDFV2__CH_0006,156
287842eaf3cf056371b2a310__PDFV2__CH_0007,153
287842eaf3cf056371b2a310__PDFV2__CH_0008,117
287842eaf3cf056371b2a310__PDFV2__CH_0009,113
28a89fa1dbe54333ac675383__28a89fa1dbe54333ac675383__SEG_0001__CH_001,106
28a89fa1dbe54333ac675383__28a89fa1dbe54333ac675383__SEG_0001__CH_002,139
28afdc2c9b9efde6071d5fa9__28afdc2c9b9efde6071d5fa9__SEG_0001__CH_002,124
28afdc2c9b9efde6071d5fa9__28afdc2c9b9efde6071d5fa9__SEG_0001__CH_003,122
28afdc2c9b9efde6071d5fa9__28afdc2c9b9efde6071d5fa9__SEG_0001__CH_004,139
28afdc2c9b9efde6071d5fa9__28afdc2c9b9efde6071d5fa9__SEG_0001__CH_005,153
28afdc2c9b9efde6071d5fa9__28afdc2c9b9efde6071d5fa9__SEG_0002__CH_001,169
28afdc2c9b9efde6071d5fa9__28afdc2c9b9efde6071d5fa9__SEG_0002__CH_002,169
28afdc2c9b9efde6071d5fa9__28afdc2c9b9efde6071d5fa9__SEG_0002__CH_003,163
28afdc2c9b9efde6071d5fa9__28afdc2c9b9efde6071d5fa9__SEG_0002__CH_004,136
28afdc2c9b9efde6071d5fa9__28afdc2c9b9efde6071d5fa9__SEG_0002__CH_005,125
28afdc2c9b9efde6071d5fa9__28afdc2c9b9efde6071d5fa9__SEG_0003__CH_001,168
28afdc2c9b9efde6071d5fa9__28afdc2c9b9efde6071d5fa9__SEG_0003__CH_002,169
28afdc2c9b9efde6071d5fa9__28afdc2c9b9efde6071d5fa9__SEG_0004__CH_001__S1,151
28afdc2c9b9efde6071d5fa9__28afdc2c9b9efde6071d5fa9__SEG_0004__CH_001__S2,157
28afdc2c9b9efde6071d5fa9__28afdc2c9b9efde6071d5fa9__SEG_0004__CH_001__S3,94
28afdc2c9b9efde6071d5fa9__28afdc2c9b9efde6071d5fa9__SEG_0004__CH_001__S4,170
28afdc2c9b9efde6071d5fa9__28afdc2c9b9efde6071d5fa9__SEG_0005__CH_001,163
28afdc2c9b9efde6071d5fa9__28afdc2c9b9efde6071d5fa9__SEG_0006__CH_001,155
28afdc2c9b9efde6071d5fa9__28afdc2c9b9efde6071d5fa9__SEG_0006__CH_002,121
28afdc2c9b9efde6071d5fa9__28afdc2c9b9efde6071d5fa9__SEG_0006__CH_003,178
28afdc2c9b9efde6071d5fa9__28afdc2c9b9efde6071d5fa9__SEG_0006__CH_004,146
28d756140b87da58ce54fabb__28d756140b87da58ce54fabb__SEG_0001__CH_001,137
28d756140b87da58ce54fabb__28d756140b87da58ce54fabb__SEG_0001__CH_002,170
28d756140b87da58ce54fabb__28d756140b87da58ce54fabb__SEG_0001__CH_003,82
28e931d118dc021465af1434__PDFV2__CH_0001,126
28e931d118dc021465af1434__PDFV2__CH_0002,121
290b2d5ee8424c2e2bca4e41__290b2d5ee8424c2e2bca4e41__SEG_0001__CH_001,78
290b2d5ee8424c2e2bca4e41__290b2d5ee8424c2e2bca4e41__SEG_0001__CH_002,147
290b2d5ee8424c2e2bca4e41__290b2d5ee8424c2e2bca4e41__SEG_0001__CH_003,110
2911daf04c6e1bad7154c468__2911daf04c6e1bad7154c468__SEG_0001__CH_001,141
2911daf04c6e1bad7154c468__2911daf04c6e1bad7154c468__SEG_0001__CH_002,145
2942b7f00607d4967e6290b4__2942b7f00607d4967e6290b4__SEG_0001__CH_001,146
2942b7f00607d4967e6290b4__2942b7f00607d4967e6290b4__SEG_0001__CH_002,181
2942b7f00607d4967e6290b4__2942b7f00607d4967e6290b4__SEG_0001__CH_003,156
2942b7f00607d4967e6290b4__2942b7f00607d4967e6290b4__SEG_0002__CH_001,183
2942b7f00607d4967e6290b4__2942b7f00607d4967e6290b4__SEG_0002__CH_002,184
2942b7f00607d4967e6290b4__2942b7f00607d4967e6290b4__SEG_0002__CH_003,162
296db352fa045e04c95f3e71__296db352fa045e04c95f3e71__SEG_0001__CH_001,83
298d3ad07f06a32bc222e786__298d3ad07f06a32bc222e786__SEG_0001__CH_001,77
298d3ad07f06a32bc222e786__298d3ad07f06a32bc222e786__SEG_0001__CH_002,82
29a47687de95620e8c6d5e9e__PDFV2__CH_0001,89
29a47687de95620e8c6d5e9e__PDFV2__CH_0002,101
29a47687de95620e8c6d5e9e__PDFV2__CH_0003,156
29a47687de95620e8c6d5e9e__PDFV2__CH_0004,111
29a47687de95620e8c6d5e9e__PDFV2__CH_0005,122
29e4a314195b5320a26229c3__29e4a314195b5320a26229c3__SEG_0001__CH_001,114
29f6537750624580e0ad446a__29f6537750624580e0ad446a__SEG_0001__CH_001,122
29f6537750624580e0ad446a__29f6537750624580e0ad446a__SEG_0001__CH_002,93
29f6537750624580e0ad446a__29f6537750624580e0ad446a__SEG_0001__CH_003,60
29f6537750624580e0ad446a__29f6537750624580e0ad446a__SEG_0001__CH_004,76
2a19a331ed9fd7c210623caa__2a19a331ed9fd7c210623caa__SEG_0001__CH_003,137
2a3c95c40afad2ecdeb6df08__2a3c95c40afad2ecdeb6df08__SEG_0001__CH_001,99
2a3c95c40afad2ecdeb6df08__2a3c95c40afad2ecdeb6df08__SEG_0001__CH_002,124
2a657590685c2b09dcc58c70__PDFV2__CH_0001,119
2a657590685c2b09dcc58c70__PDFV2__CH_0002,111
2a657590685c2b09dcc58c70__PDFV2__CH_0004,120
2a772e44211f9c92b1866b34__2a772e44211f9c92b1866b34__SEG_0001__CH_001,163
2a7f4a9e30f42d160e83e115__2a7f4a9e30f42d160e83e115__SEG_0001__CH_001,152
2a7f4a9e30f42d160e83e115__2a7f4a9e30f42d160e83e115__SEG_0001__CH_002,135
2a7f4a9e30f42d160e83e115__2a7f4a9e30f42d160e83e115__SEG_0001__CH_003,132
2a7f4a9e30f42d160e83e115__2a7f4a9e30f42d160e83e115__SEG_0001__CH_004,132
2a7f4a9e30f42d160e83e115__2a7f4a9e30f42d160e83e115__SEG_0001__CH_005,190
2a936aa2c140146cc6205608__PDFV2__CH_0001,124
2a936aa2c140146cc6205608__PDFV2__CH_0002,132
2a936aa2c140146cc6205608__PDFV2__CH_0003,88
2adac9386388c2979c6659b1__2adac9386388c2979c6659b1__SEG_0001__CH_001,99
2adac9386388c2979c6659b1__2adac9386388c2979c6659b1__SEG_0001__CH_002,98
2adac9386388c2979c6659b1__2adac9386388c2979c6659b1__SEG_0001__CH_003,81
2adac9386388c2979c6659b1__2adac9386388c2979c6659b1__SEG_0001__CH_004,119
2adac9386388c2979c6659b1__2adac9386388c2979c6659b1__SEG_0001__CH_005,112
2adac9386388c2979c6659b1__2adac9386388c2979c6659b1__SEG_0001__CH_006,105
2b038847a7a335cd1e0fd3b4__2b038847a7a335cd1e0fd3b4__SEG_0001__CH_001,103
2b038847a7a335cd1e0fd3b4__2b038847a7a335cd1e0fd3b4__SEG_0001__CH_002,131
2b038847a7a335cd1e0fd3b4__2b038847a7a335cd1e0fd3b4__SEG_0001__CH_003,110
2b038847a7a335cd1e0fd3b4__2b038847a7a335cd1e0fd3b4__SEG_0001__CH_004,111
2b21a8f184e5e786e6953a65__PDFV2__CH_0001,95
2b21a8f184e5e786e6953a65__PDFV2__CH_0002,124
2b21a8f184e5e786e6953a65__PDFV2__CH_0003,116
2b21a8f184e5e786e6953a65__PDFV2__CH_0004,96
2b21a8f184e5e786e6953a65__PDFV2__CH_0005,111
2b21a8f184e5e786e6953a65__PDFV2__CH_0006,109
2b21a8f184e5e786e6953a65__PDFV2__CH_0007,144
2b21a8f184e5e786e6953a65__PDFV2__CH_0008,107
2b21a8f184e5e786e6953a65__PDFV2__CH_0009,132
2b21a8f184e5e786e6953a65__PDFV2__CH_0010,140
2b21a8f184e5e786e6953a65__PDFV2__CH_0011,109
2b21a8f184e5e786e6953a65__PDFV2__CH_0012,129
2b21a8f184e5e786e6953a65__PDFV2__CH_0013,135
2b21a8f184e5e786e6953a65__PDFV2__CH_0014,146
2b21a8f184e5e786e6953a65__PDFV2__CH_0015,113
2b21a8f184e5e786e6953a65__PDFV2__CH_0016,120
2b21a8f184e5e786e6953a65__PDFV2__CH_0017,79
2b21a8f184e5e786e6953a65__PDFV2__CH_0019,104
2b21a8f184e5e786e6953a65__PDFV2__CH_0021__M,106
2b2bbce5898a21ce52ac2a9a__2b2bbce5898a21ce52ac2a9a__SEG_0001__CH_001,132
2b2bbce5898a21ce52ac2a9a__2b2bbce5898a21ce52ac2a9a__SEG_0001__CH_002,85
2b723def112f8b6628cd73fc__2b723def112f8b6628cd73fc__SEG_0001__CH_001,111
2b7f0be7e2b1f6d7ec739622__PDFV2__CH_0001,100
2b7f0be7e2b1f6d7ec739622__PDFV2__CH_0002,125
2b7f0be7e2b1f6d7ec739622__PDFV2__CH_0003,123
2b7f0be7e2b1f6d7ec739622__PDFV2__CH_0004,119
2b7f0be7e2b1f6d7ec739622__PDFV2__CH_0005,83
2b7f0be7e2b1f6d7ec739622__PDFV2__CH_0006,120
2b7f0be7e2b1f6d7ec739622__PDFV2__CH_0007,120
2b7f0be7e2b1f6d7ec739622__PDFV2__CH_0008,98
2b7f0be7e2b1f6d7ec739622__PDFV2__CH_0009,126
2b7f0be7e2b1f6d7ec739622__PDFV2__CH_0010,157
2b7f0be7e2b1f6d7ec739622__PDFV2__CH_0011,115
2b7f0be7e2b1f6d7ec739622__PDFV2__CH_0012,151
2b7f0be7e2b1f6d7ec739622__PDFV2__CH_0013,107
2b7f0be7e2b1f6d7ec739622__PDFV2__CH_0015,140
2b7f0be7e2b1f6d7ec739622__PDFV2__CH_0016,130
2b7f0be7e2b1f6d7ec739622__PDFV2__CH_0017,157
2b7f0be7e2b1f6d7ec739622__PDFV2__CH_0018,89
2b7f0be7e2b1f6d7ec739622__PDFV2__CH_0019,111
2b7f0be7e2b1f6d7ec739622__PDFV2__CH_0020,135
2b7f0be7e2b1f6d7ec739622__PDFV2__CH_0021,109
2b7f0be7e2b1f6d7ec739622__PDFV2__CH_0022,133
2b7f0be7e2b1f6d7ec739622__PDFV2__CH_0023,122
2bd8dd8bc0bcab1bc4af434c__PDFV2__CH_0001,113
2bd8dd8bc0bcab1bc4af434c__PDFV2__CH_0002,104
2c0057570a0b45110c6572fe__2c0057570a0b45110c6572fe__SEG_0001__CH_001,123
2c09ac8657750b8c99798ceb__PDFV2__CH_0001,110
2c09ac8657750b8c99798ceb__PDFV2__CH_0002,163
2c09ac8657750b8c99798ceb__PDFV2__CH_0003,163
2c09ac8657750b8c99798ceb__PDFV2__CH_0004,128
2c09ac8657750b8c99798ceb__PDFV2__CH_0005,100
2c09ac8657750b8c99798ceb__PDFV2__CH_0006,113
2c09ac8657750b8c99798ceb__PDFV2__CH_0007,169
2c09ac8657750b8c99798ceb__PDFV2__CH_0008,97
2c09ac8657750b8c99798ceb__PDFV2__CH_0009__M,149
2c09ac8657750b8c99798ceb__PDFV2__CH_0011,118
2c09ac8657750b8c99798ceb__PDFV2__CH_0012,106
2c09ac8657750b8c99798ceb__PDFV2__CH_0013,129
2c09ac8657750b8c99798ceb__PDFV2__CH_0014,200
2c09ac8657750b8c99798ceb__PDFV2__CH_0015,225
2c09ac8657750b8c99798ceb__PDFV2__CH_0017,90
2c21d91dc59342628daa4330__2c21d91dc59342628daa4330__SEG_0001__CH_001,147
2c21d91dc59342628daa4330__2c21d91dc59342628daa4330__SEG_0001__CH_002,92
2c26e895c6510a780eed4bbc__2c26e895c6510a780eed4bbc__SEG_0001__CH_001,94
2c26e895c6510a780eed4bbc__2c26e895c6510a780eed4bbc__SEG_0001__CH_003,131
2c3ef43f2d4aaeab054226ec__2c3ef43f2d4aaeab054226ec__SEG_0001__CH_001,120
2c3ef43f2d4aaeab054226ec__2c3ef43f2d4aaeab054226ec__SEG_0001__CH_002,145
2c3ef43f2d4aaeab054226ec__2c3ef43f2d4aaeab054226ec__SEG_0001__CH_003,125
2c3ef43f2d4aaeab054226ec__2c3ef43f2d4aaeab054226ec__SEG_0001__CH_004,121
2c3ef43f2d4aaeab054226ec__2c3ef43f2d4aaeab054226ec__SEG_0002__CH_002,141
2c622b2cc01e9af8663478ce__2c622b2cc01e9af8663478ce__SEG_0001__CH_001,110
2c622b2cc01e9af8663478ce__2c622b2cc01e9af8663478ce__SEG_0001__CH_002,128
2c6e9c7d22ec2aa1cb35dbc0__PDFV2__CH_0002,107
2c6e9c7d22ec2aa1cb35dbc0__PDFV2__CH_0003,95
2c6e9c7d22ec2aa1cb35dbc0__PDFV2__CH_0004,129
2c6e9c7d22ec2aa1cb35dbc0__PDFV2__CH_0005,109
2c6e9c7d22ec2aa1cb35dbc0__PDFV2__CH_0006,84
2c6e9c7d22ec2aa1cb35dbc0__PDFV2__CH_0007,84
2c6e9c7d22ec2aa1cb35dbc0__PDFV2__CH_0008,93
2c6e9c7d22ec2aa1cb35dbc0__PDFV2__CH_0009,98
2c6e9c7d22ec2aa1cb35dbc0__PDFV2__CH_0010,101
2c6e9c7d22ec2aa1cb35dbc0__PDFV2__CH_0011,112
2c6e9c7d22ec2aa1cb35dbc0__PDFV2__CH_0012,101
2c6e9c7d22ec2aa1cb35dbc0__PDFV2__CH_0013,106
2c6e9c7d22ec2aa1cb35dbc0__PDFV2__CH_0014,100
2c8337c7b343578c6f695087__2c8337c7b343578c6f695087__SEG_0001__CH_001,79
2cc720047766a5458ffb2956__2cc720047766a5458ffb2956__SEG_0001__CH_001,96
2cc720047766a5458ffb2956__2cc720047766a5458ffb2956__SEG_0001__CH_002,126
2cc720047766a5458ffb2956__2cc720047766a5458ffb2956__SEG_0001__CH_003,150
2cc720047766a5458ffb2956__2cc720047766a5458ffb2956__SEG_0002__CH_001,147
2cc720047766a5458ffb2956__2cc720047766a5458ffb2956__SEG_0002__CH_002,151
2cc720047766a5458ffb2956__2cc720047766a5458ffb2956__SEG_0002__CH_003,144
2cc720047766a5458ffb2956__2cc720047766a5458ffb2956__SEG_0003__CH_001,130
2cc720047766a5458ffb2956__2cc720047766a5458ffb2956__SEG_0003__CH_003,132
2cc720047766a5458ffb2956__2cc720047766a5458ffb2956__SEG_0004__CH_001,132
2cc720047766a5458ffb2956__2cc720047766a5458ffb2956__SEG_0004__CH_002,142
2cc720047766a5458ffb2956__2cc720047766a5458ffb2956__SEG_0004__CH_003,182
2d2afdcf47ce51d7c592559b__2d2afdcf47ce51d7c592559b__SEG_0001__CH_001,124
2d2afdcf47ce51d7c592559b__2d2afdcf47ce51d7c592559b__SEG_0001__CH_003,130
2d2afdcf47ce51d7c592559b__2d2afdcf47ce51d7c592559b__SEG_0001__CH_004,160
2d2afdcf47ce51d7c592559b__2d2afdcf47ce51d7c592559b__SEG_0001__CH_005,130
2d2afdcf47ce51d7c592559b__2d2afdcf47ce51d7c592559b__SEG_0001__CH_006,185
2d2afdcf47ce51d7c592559b__2d2afdcf47ce51d7c592559b__SEG_0001__CH_007,121
2dbb5b5256d56625330fe291__2dbb5b5256d56625330fe291__SEG_0001__CH_001,202
2dbb5b5256d56625330fe291__2dbb5b5256d56625330fe291__SEG_0001__CH_002,89
2e0a70ed15d819d94b0c39a6__2e0a70ed15d819d94b0c39a6__SEG_0001__CH_001,87
2e714db0c9aefb41bccd6051__2e714db0c9aefb41bccd6051__SEG_0001__CH_001,94
2e714db0c9aefb41bccd6051__2e714db0c9aefb41bccd6051__SEG_0001__CH_002,133
2e714db0c9aefb41bccd6051__2e714db0c9aefb41bccd6051__SEG_0001__CH_003__M,139
2e714db0c9aefb41bccd6051__2e714db0c9aefb41bccd6051__SEG_0001__CH_005,195
2e714db0c9aefb41bccd6051__2e714db0c9aefb41bccd6051__SEG_0001__CH_006,149
2eb6bb94923cddae3031ea6d__2eb6bb94923cddae3031ea6d__SEG_0001__CH_001,125
2eb6bb94923cddae3031ea6d__2eb6bb94923cddae3031ea6d__SEG_0001__CH_002,142
2eb6bb94923cddae3031ea6d__2eb6bb94923cddae3031ea6d__SEG_0001__CH_003,137
2eb6bb94923cddae3031ea6d__2eb6bb94923cddae3031ea6d__SEG_0002__CH_001,103
2eb6bb94923cddae3031ea6d__2eb6bb94923cddae3031ea6d__SEG_0002__CH_002,187
2eb6bb94923cddae3031ea6d__2eb6bb94923cddae3031ea6d__SEG_0002__CH_003,146
2eb6bb94923cddae3031ea6d__2eb6bb94923cddae3031ea6d__SEG_0002__CH_004,129
2eb6bb94923cddae3031ea6d__2eb6bb94923cddae3031ea6d__SEG_0003__CH_001,152
2eb6bb94923cddae3031ea6d__2eb6bb94923cddae3031ea6d__SEG_0003__CH_002,187
2eb6bb94923cddae3031ea6d__2eb6bb94923cddae3031ea6d__SEG_0003__CH_003,159
2eb6bb94923cddae3031ea6d__2eb6bb94923cddae3031ea6d__SEG_0004__CH_001,133
2eb6bb94923cddae3031ea6d__2eb6bb94923cddae3031ea6d__SEG_0004__CH_002,157
2eb6bb94923cddae3031ea6d__2eb6bb94923cddae3031ea6d__SEG_0004__CH_003,179
2eb6bb94923cddae3031ea6d__2eb6bb94923cddae3031ea6d__SEG_0005__CH_001,114
2eb74dada34856d0f6add8ed__2eb74dada34856d0f6add8ed__SEG_0001__CH_001,126
2eb74dada34856d0f6add8ed__2eb74dada34856d0f6add8ed__SEG_0001__CH_002,146
2ec528ece4d15b9ebe8c35d3__2ec528ece4d15b9ebe8c35d3__SEG_0001__CH_001,102
2ec528ece4d15b9ebe8c35d3__2ec528ece4d15b9ebe8c35d3__SEG_0001__CH_002,101
2ec528ece4d15b9ebe8c35d3__2ec528ece4d15b9ebe8c35d3__SEG_0001__CH_003,103
2ec528ece4d15b9ebe8c35d3__2ec528ece4d15b9ebe8c35d3__SEG_0001__CH_004,130
2ec528ece4d15b9ebe8c35d3__2ec528ece4d15b9ebe8c35d3__SEG_0001__CH_005,124
2ec528ece4d15b9ebe8c35d3__2ec528ece4d15b9ebe8c35d3__SEG_0001__CH_006,65
2ed03f828aac963e4893fd0d__PDFV2__CH_0002,109
2ed03f828aac963e4893fd0d__PDFV2__CH_0003,137
2ed03f828aac963e4893fd0d__PDFV2__CH_0004,73
2ed03f828aac963e4893fd0d__PDFV2__CH_0005,114
2ed03f828aac963e4893fd0d__PDFV2__CH_0006,95
2ed03f828aac963e4893fd0d__PDFV2__CH_0009,88
2ed03f828aac963e4893fd0d__PDFV2__CH_0010,87
2ed03f828aac963e4893fd0d__PDFV2__CH_0011,90
2ed03f828aac963e4893fd0d__PDFV2__CH_0012,76
2ed03f828aac963e4893fd0d__PDFV2__CH_0013,129
2ed03f828aac963e4893fd0d__PDFV2__CH_0014,71
2ed03f828aac963e4893fd0d__PDFV2__CH_0015__M,102
2ed03f828aac963e4893fd0d__PDFV2__CH_0017,108
2ed03f828aac963e4893fd0d__PDFV2__CH_0018,119
2ed03f828aac963e4893fd0d__PDFV2__CH_0019,125
2ed03f828aac963e4893fd0d__PDFV2__CH_0021,160
2ef5e4f8391f3f4657e11e8f__2ef5e4f8391f3f4657e11e8f__SEG_0001__CH_001,115
2ef5e4f8391f3f4657e11e8f__2ef5e4f8391f3f4657e11e8f__SEG_0001__CH_002,108
2ef5e4f8391f3f4657e11e8f__2ef5e4f8391f3f4657e11e8f__SEG_0001__CH_003,241
2ef5e4f8391f3f4657e11e8f__2ef5e4f8391f3f4657e11e8f__SEG_0001__CH_004,123
2efbbf2e18e13ae0009fde4a__PDFV2__CH_0001,95
2efbbf2e18e13ae0009fde4a__PDFV2__CH_0002,115
2efbbf2e18e13ae0009fde4a__PDFV2__CH_0003,104
2efbbf2e18e13ae0009fde4a__PDFV2__CH_0004,151
2efbbf2e18e13ae0009fde4a__PDFV2__CH_0005,117
2efbbf2e18e13ae0009fde4a__PDFV2__CH_0006,140
2efbbf2e18e13ae0009fde4a__PDFV2__CH_0007,105
2efbbf2e18e13ae0009fde4a__PDFV2__CH_0008,112
2efbbf2e18e13ae0009fde4a__PDFV2__CH_0009,126
2efbbf2e18e13ae0009fde4a__PDFV2__CH_0010,159
2efbbf2e18e13ae0009fde4a__PDFV2__CH_0011,70
2efbbf2e18e13ae0009fde4a__PDFV2__CH_0012,75
2efbbf2e18e13ae0009fde4a__PDFV2__CH_0013,79
2efbbf2e18e13ae0009fde4a__PDFV2__CH_0014,86
2efbbf2e18e13ae0009fde4a__PDFV2__CH_0017,98
2efbbf2e18e13ae0009fde4a__PDFV2__CH_0018,72
2efbbf2e18e13ae0009fde4a__PDFV2__CH_0019,73
2efbbf2e18e13ae0009fde4a__PDFV2__CH_0020,84
2efd63695e2db276042ec1e0__PDFV2__CH_0001,114
2efd63695e2db276042ec1e0__PDFV2__CH_0002,106
2efd63695e2db276042ec1e0__PDFV2__CH_0003,100
2efd63695e2db276042ec1e0__PDFV2__CH_0004,86
2f6c14106433e4348058261c__2f6c14106433e4348058261c__SEG_0001__CH_002,133
2f6c14106433e4348058261c__2f6c14106433e4348058261c__SEG_0001__CH_003,140
2f6f5f4e6bb5fbab4fb89e84__2f6f5f4e6bb5fbab4fb89e84__SEG_0001__CH_001,93
2fa3cf6617c00e4a370c25c2__2fa3cf6617c00e4a370c25c2__SEG_0001__CH_001,75
2ffef5eb8a4f80451ae956e8__2ffef5eb8a4f80451ae956e8__SEG_0001__CH_001,134
2ffef5eb8a4f80451ae956e8__2ffef5eb8a4f80451ae956e8__SEG_0001__CH_002,83
30153636a72a629611bdeda5__PDFV2__CH_0001,98
30153636a72a629611bdeda5__PDFV2__CH_0002,175
302bc509d04b563140ebbb8c__PDFV2__CH_0001,118
302bc509d04b563140ebbb8c__PDFV2__CH_0002,112
3081c4f2003d22562dd8a750__PDFV2__CH_0001,105
3081c4f2003d22562dd8a750__PDFV2__CH_0002,127
3081c4f2003d22562dd8a750__PDFV2__CH_0003,114
3081c4f2003d22562dd8a750__PDFV2__CH_0004,147
3081c4f2003d22562dd8a750__PDFV2__CH_0005,107
3085ce98d0bad07dd96fab99__PDFV2__CH_0001,84
30910c2d1142d7f24701a7f4__30910c2d1142d7f24701a7f4__SEG_0001__CH_001,94
30910c2d1142d7f24701a7f4__30910c2d1142d7f24701a7f4__SEG_0001__CH_002,67
30910c2d1142d7f24701a7f4__30910c2d1142d7f24701a7f4__SEG_0001__CH_003,73
30910c2d1142d7f24701a7f4__30910c2d1142d7f24701a7f4__SEG_0001__CH_004,71
30910c2d1142d7f24701a7f4__30910c2d1142d7f24701a7f4__SEG_0001__CH_006,51
30910c2d1142d7f24701a7f4__30910c2d1142d7f24701a7f4__SEG_0001__CH_007,81
30910c2d1142d7f24701a7f4__30910c2d1142d7f24701a7f4__SEG_0001__CH_009,93
30f8967cb97952d364e855d3__PDFV2__CH_0001,102
30f8967cb97952d364e855d3__PDFV2__CH_0002,129
30f8967cb97952d364e855d3__PDFV2__CH_0003,115
30ff390f17e1f19824187631__30ff390f17e1f19824187631__SEG_0001__CH_001,97
311caa23ea5bd82500915c59__311caa23ea5bd82500915c59__SEG_0001__CH_001,100
311e546cd6dfd1732f042039__311e546cd6dfd1732f042039__SEG_0001__CH_001,129
311e546cd6dfd1732f042039__311e546cd6dfd1732f042039__SEG_0001__CH_002,115
311e546cd6dfd1732f042039__311e546cd6dfd1732f042039__SEG_0001__CH_003,79
312f0e2238da940f4e1ffc5d__312f0e2238da940f4e1ffc5d__SEG_0001__CH_001,102
312f0e2238da940f4e1ffc5d__312f0e2238da940f4e1ffc5d__SEG_0001__CH_002,143
312f0e2238da940f4e1ffc5d__312f0e2238da940f4e1ffc5d__SEG_0001__CH_003,142
312f0e2238da940f4e1ffc5d__312f0e2238da940f4e1ffc5d__SEG_0001__CH_004,131
312f0e2238da940f4e1ffc5d__312f0e2238da940f4e1ffc5d__SEG_0001__CH_005,143
316a05e48cb1036b0d31a634__316a05e48cb1036b0d31a634__SEG_0001__CH_001,125
316a05e48cb1036b0d31a634__316a05e48cb1036b0d31a634__SEG_0001__CH_002,132
316a05e48cb1036b0d31a634__316a05e48cb1036b0d31a634__SEG_0001__CH_003,172
316a05e48cb1036b0d31a634__316a05e48cb1036b0d31a634__SEG_0001__CH_004,126
316a05e48cb1036b0d31a634__316a05e48cb1036b0d31a634__SEG_0002__CH_001,121
316a05e48cb1036b0d31a634__316a05e48cb1036b0d31a634__SEG_0002__CH_002,121
317c97ac2aa63ab168aef2a9__PDFV2__CH_0001,110
317c97ac2aa63ab168aef2a9__PDFV2__CH_0002,145
317c97ac2aa63ab168aef2a9__PDFV2__CH_0003,146
317c97ac2aa63ab168aef2a9__PDFV2__CH_0004,165
317c97ac2aa63ab168aef2a9__PDFV2__CH_0006,178
317c97ac2aa63ab168aef2a9__PDFV2__CH_0007,184
317c97ac2aa63ab168aef2a9__PDFV2__CH_0008,155
31878a6b6b2478062047d79c__PDFV2__CH_0001,86
31878a6b6b2478062047d79c__PDFV2__CH_0002,166
319a078d52abafa6b4cc6880__319a078d52abafa6b4cc6880__SEG_0001__CH_001,137
319a078d52abafa6b4cc6880__319a078d52abafa6b4cc6880__SEG_0001__CH_002,133
319a078d52abafa6b4cc6880__319a078d52abafa6b4cc6880__SEG_0001__CH_003,202
319a078d52abafa6b4cc6880__319a078d52abafa6b4cc6880__SEG_0001__CH_004,114
319a078d52abafa6b4cc6880__319a078d52abafa6b4cc6880__SEG_0001__CH_005,162
319a078d52abafa6b4cc6880__319a078d52abafa6b4cc6880__SEG_0002__CH_001,103
319a078d52abafa6b4cc6880__319a078d52abafa6b4cc6880__SEG_0002__CH_002,128
319a078d52abafa6b4cc6880__319a078d52abafa6b4cc6880__SEG_0002__CH_003,137
319f21ba4b64af1d6eda9fc7__319f21ba4b64af1d6eda9fc7__SEG_0001__CH_001,90
31ca16d020f684ad0a47c16f__31ca16d020f684ad0a47c16f__SEG_0001__CH_001,102
31ca16d020f684ad0a47c16f__31ca16d020f684ad0a47c16f__SEG_0001__CH_002,92
321a36f112ef6865f7bb95bc__321a36f112ef6865f7bb95bc__SEG_0001__CH_001,76
321a36f112ef6865f7bb95bc__321a36f112ef6865f7bb95bc__SEG_0001__CH_002,126
327900f33bf205546ad59efe__327900f33bf205546ad59efe__SEG_0001__CH_002,72
327a69efbcc55a187d49bc84__327a69efbcc55a187d49bc84__SEG_0001__CH_001,101
327a69efbcc55a187d49bc84__327a69efbcc55a187d49bc84__SEG_0001__CH_002,130
327a69efbcc55a187d49bc84__327a69efbcc55a187d49bc84__SEG_0001__CH_003,116
327a69efbcc55a187d49bc84__327a69efbcc55a187d49bc84__SEG_0001__CH_004,147
327a69efbcc55a187d49bc84__327a69efbcc55a187d49bc84__SEG_0001__CH_005,151
327a69efbcc55a187d49bc84__327a69efbcc55a187d49bc84__SEG_0001__CH_006,154
327a69efbcc55a187d49bc84__327a69efbcc55a187d49bc84__SEG_0002__CH_001,160
327a69efbcc55a187d49bc84__327a69efbcc55a187d49bc84__SEG_0002__CH_002,109
32ac51bfac255d0d91807e78__32ac51bfac255d0d91807e78__SEG_0001__CH_001,124
32e11aeac697f670e75c2558__32e11aeac697f670e75c2558__SEG_0001__CH_001,83
32e11aeac697f670e75c2558__32e11aeac697f670e75c2558__SEG_0001__CH_002,183
32e11aeac697f670e75c2558__32e11aeac697f670e75c2558__SEG_0001__CH_003,155
32e11aeac697f670e75c2558__32e11aeac697f670e75c2558__SEG_0001__CH_004,191
32f5f7141293a65e95ef5218__PDFV2__CH_0001,122
32f5f7141293a65e95ef5218__PDFV2__CH_0002,155
32f5f7141293a65e95ef5218__PDFV2__CH_0003,120
32fcf4309b06a9dd3543d25b__32fcf4309b06a9dd3543d25b__SEG_0001__CH_001,113
32fcf4309b06a9dd3543d25b__32fcf4309b06a9dd3543d25b__SEG_0001__CH_002,80
32fcf4309b06a9dd3543d25b__32fcf4309b06a9dd3543d25b__SEG_0001__CH_004,117
32fcf4309b06a9dd3543d25b__32fcf4309b06a9dd3543d25b__SEG_0001__CH_005,126
332e6d12a084079da2e61144__332e6d12a084079da2e61144__SEG_0001__CH_001,65
333969bda424243390c92718__333969bda424243390c92718__SEG_0001__CH_001,133
33806c9fc16f5ce6967863ce__PDFV2__CH_0001,104
33806c9fc16f5ce6967863ce__PDFV2__CH_0002,99
33806c9fc16f5ce6967863ce__PDFV2__CH_0003,129
33806c9fc16f5ce6967863ce__PDFV2__CH_0004,125
33806c9fc16f5ce6967863ce__PDFV2__CH_0005,119
33806c9fc16f5ce6967863ce__PDFV2__CH_0006,78
33806c9fc16f5ce6967863ce__PDFV2__CH_0007,129
33806c9fc16f5ce6967863ce__PDFV2__CH_0008,128
33806c9fc16f5ce6967863ce__PDFV2__CH_0009,112
33806c9fc16f5ce6967863ce__PDFV2__CH_0010,122
33806c9fc16f5ce6967863ce__PDFV2__CH_0011,75
338bc4b190e8e71f1c95713e__338bc4b190e8e71f1c95713e__SEG_0001__CH_001,126
338bc4b190e8e71f1c95713e__338bc4b190e8e71f1c95713e__SEG_0001__CH_002,135
33f7588628e52722e6b42826__33f7588628e52722e6b42826__SEG_0001__CH_001,144
33f7588628e52722e6b42826__33f7588628e52722e6b42826__SEG_0001__CH_002,71
3467e311195fd00c537262bd__PDFV2__CH_0001,88
3467e311195fd00c537262bd__PDFV2__CH_0002,111
3467e311195fd00c537262bd__PDFV2__CH_0003,142
3467e311195fd00c537262bd__PDFV2__CH_0005,116
3467e311195fd00c537262bd__PDFV2__CH_0006,135
3467e311195fd00c537262bd__PDFV2__CH_0007,69
3467e311195fd00c537262bd__PDFV2__CH_0008,112
3467e311195fd00c537262bd__PDFV2__CH_0009,91
3467e311195fd00c537262bd__PDFV2__CH_0010,122
3467e311195fd00c537262bd__PDFV2__CH_0011__M,148
3467e311195fd00c537262bd__PDFV2__CH_0013,105
3467e311195fd00c537262bd__PDFV2__CH_0014,137
3467e311195fd00c537262bd__PDFV2__CH_0015__M,190
348cf2f16a6ef4f869127d3c__PDFV2__CH_0001,127
348cf2f16a6ef4f869127d3c__PDFV2__CH_0002,115
348cf2f16a6ef4f869127d3c__PDFV2__CH_0003,112
348cf2f16a6ef4f869127d3c__PDFV2__CH_0004,79
348cf2f16a6ef4f869127d3c__PDFV2__CH_0005,116
348cf2f16a6ef4f869127d3c__PDFV2__CH_0006,151
348cf2f16a6ef4f869127d3c__PDFV2__CH_0007,112
348cf2f16a6ef4f869127d3c__PDFV2__CH_0008,119
348cf2f16a6ef4f869127d3c__PDFV2__CH_0009,118
348cf2f16a6ef4f869127d3c__PDFV2__CH_0010,145
348cf2f16a6ef4f869127d3c__PDFV2__CH_0011,93
348cf2f16a6ef4f869127d3c__PDFV2__CH_0012,118
348cf2f16a6ef4f869127d3c__PDFV2__CH_0013,97
348cf2f16a6ef4f869127d3c__PDFV2__CH_0014,116
348cf2f16a6ef4f869127d3c__PDFV2__CH_0015,84
348cf2f16a6ef4f869127d3c__PDFV2__CH_0016,110
348cf2f16a6ef4f869127d3c__PDFV2__CH_0017,136
34b1845b35fd2874dc61e1cf__PDFV2__CH_0003,104
34b1845b35fd2874dc61e1cf__PDFV2__CH_0004,109
34b1845b35fd2874dc61e1cf__PDFV2__CH_0007,143
34b1845b35fd2874dc61e1cf__PDFV2__CH_0008,107
34b1845b35fd2874dc61e1cf__PDFV2__CH_0009,185
34b1845b35fd2874dc61e1cf__PDFV2__CH_0010,124
34b1845b35fd2874dc61e1cf__PDFV2__CH_0011,132
34b1845b35fd2874dc61e1cf__PDFV2__CH_0012,138
34b1845b35fd2874dc61e1cf__PDFV2__CH_0013,139
34b1845b35fd2874dc61e1cf__PDFV2__CH_0014,112
34b1845b35fd2874dc61e1cf__PDFV2__CH_0015,103
34b1845b35fd2874dc61e1cf__PDFV2__CH_0016,144
34b1845b35fd2874dc61e1cf__PDFV2__CH_0017,132
34b1845b35fd2874dc61e1cf__PDFV2__CH_0018,105
34b1845b35fd2874dc61e1cf__PDFV2__CH_0019,142
34b1845b35fd2874dc61e1cf__PDFV2__CH_0020,118
34b1845b35fd2874dc61e1cf__PDFV2__CH_0021,130
34b1845b35fd2874dc61e1cf__PDFV2__CH_0022,139
34b1845b35fd2874dc61e1cf__PDFV2__CH_0023,143
34b1845b35fd2874dc61e1cf__PDFV2__CH_0024,152
34b1845b35fd2874dc61e1cf__PDFV2__CH_0025,154
34b1845b35fd2874dc61e1cf__PDFV2__CH_0026,113
34b1845b35fd2874dc61e1cf__PDFV2__CH_0027,104
34b1845b35fd2874dc61e1cf__PDFV2__CH_0028,157
34b1845b35fd2874dc61e1cf__PDFV2__CH_0029,135
34b1845b35fd2874dc61e1cf__PDFV2__CH_0030,104
34b1845b35fd2874dc61e1cf__PDFV2__CH_0031,105
34b1845b35fd2874dc61e1cf__PDFV2__CH_0032,112
34b1845b35fd2874dc61e1cf__PDFV2__CH_0033,106
34b1845b35fd2874dc61e1cf__PDFV2__CH_0034,156
34b1845b35fd2874dc61e1cf__PDFV2__CH_0035,125
34b1845b35fd2874dc61e1cf__PDFV2__CH_0036,115
34b1845b35fd2874dc61e1cf__PDFV2__CH_0037,106
34b1845b35fd2874dc61e1cf__PDFV2__CH_0038,128
34b1845b35fd2874dc61e1cf__PDFV2__CH_0039,117
34b1845b35fd2874dc61e1cf__PDFV2__CH_0040,119
34b1845b35fd2874dc61e1cf__PDFV2__CH_0041,146
34b1845b35fd2874dc61e1cf__PDFV2__CH_0042,114
34b1845b35fd2874dc61e1cf__PDFV2__CH_0043,124
34b1845b35fd2874dc61e1cf__PDFV2__CH_0044,117
34b1845b35fd2874dc61e1cf__PDFV2__CH_0046,125
34b1845b35fd2874dc61e1cf__PDFV2__CH_0047,131
34b1845b35fd2874dc61e1cf__PDFV2__CH_0048,127
34b1845b35fd2874dc61e1cf__PDFV2__CH_0049,124
34b1845b35fd2874dc61e1cf__PDFV2__CH_0050,160
34b1845b35fd2874dc61e1cf__PDFV2__CH_0051,111
34b1845b35fd2874dc61e1cf__PDFV2__CH_0053,134
34b1845b35fd2874dc61e1cf__PDFV2__CH_0054,110
34b1845b35fd2874dc61e1cf__PDFV2__CH_0055,105
34b1845b35fd2874dc61e1cf__PDFV2__CH_0056,109
34b1845b35fd2874dc61e1cf__PDFV2__CH_0059,113
34d26b6d644bf39244cfe964__34d26b6d644bf39244cfe964__SEG_0001__CH_001,82
34d26b6d644bf39244cfe964__34d26b6d644bf39244cfe964__SEG_0001__CH_002,90
34d26b6d644bf39244cfe964__34d26b6d644bf39244cfe964__SEG_0001__CH_003,117
34d26b6d644bf39244cfe964__34d26b6d644bf39244cfe964__SEG_0001__CH_004,132
34d26b6d644bf39244cfe964__34d26b6d644bf39244cfe964__SEG_0001__CH_005,147
352bf8380b58fd2765643224__PDFV2__CH_0001,95
352bf8380b58fd2765643224__PDFV2__CH_0002,95
353b69ab3ad3d48bfdfc42ea__PDFV2__CH_0001,136
353b69ab3ad3d48bfdfc42ea__PDFV2__CH_0002,149
353b69ab3ad3d48bfdfc42ea__PDFV2__CH_0003,111
353b69ab3ad3d48bfdfc42ea__PDFV2__CH_0004,127
353b69ab3ad3d48bfdfc42ea__PDFV2__CH_0005,104
354f7cb47cc37ad71d24404a__354f7cb47cc37ad71d24404a__SEG_0001__CH_001,121
354f7cb47cc37ad71d24404a__354f7cb47cc37ad71d24404a__SEG_0001__CH_002,117
354f7cb47cc37ad71d24404a__354f7cb47cc37ad71d24404a__SEG_0001__CH_003,107
354f7cb47cc37ad71d24404a__354f7cb47cc37ad71d24404a__SEG_0001__CH_004,142
35535610b3a4d8092d3140fc__35535610b3a4d8092d3140fc__SEG_0001__CH_001,94
35535610b3a4d8092d3140fc__35535610b3a4d8092d3140fc__SEG_0001__CH_002,125
35535610b3a4d8092d3140fc__35535610b3a4d8092d3140fc__SEG_0001__CH_003,156
35535610b3a4d8092d3140fc__35535610b3a4d8092d3140fc__SEG_0001__CH_004,114
35535610b3a4d8092d3140fc__35535610b3a4d8092d3140fc__SEG_0001__CH_005,91
3554428ff8d3c1858d246969__3554428ff8d3c1858d246969__SEG_0001__CH_001,110
3554428ff8d3c1858d246969__3554428ff8d3c1858d246969__SEG_0001__CH_002,128
3554428ff8d3c1858d246969__3554428ff8d3c1858d246969__SEG_0002__CH_001,151
3582e8bba7a0e874ce9a2592__PDFV2__CH_0001,78
3582e8bba7a0e874ce9a2592__PDFV2__CH_0002,71
3582e8bba7a0e874ce9a2592__PDFV2__CH_0003,133
3582e8bba7a0e874ce9a2592__PDFV2__CH_0004,112
3582e8bba7a0e874ce9a2592__PDFV2__CH_0005,122
3582e8bba7a0e874ce9a2592__PDFV2__CH_0006,112
3582e8bba7a0e874ce9a2592__PDFV2__CH_0007,86
35e333fb28203510767bcf76__35e333fb28203510767bcf76__SEG_0001__CH_001,80
35e333fb28203510767bcf76__35e333fb28203510767bcf76__SEG_0001__CH_002,89
3609c120a3e11b18e2707e62__3609c120a3e11b18e2707e62__SEG_0001__CH_001,90
3609c120a3e11b18e2707e62__3609c120a3e11b18e2707e62__SEG_0001__CH_002,161
3609c120a3e11b18e2707e62__3609c120a3e11b18e2707e62__SEG_0001__CH_003,123
3609c120a3e11b18e2707e62__3609c120a3e11b18e2707e62__SEG_0001__CH_004,100
360cef4d30740456be8a1e7f__360cef4d30740456be8a1e7f__SEG_0001__CH_001,123
360cef4d30740456be8a1e7f__360cef4d30740456be8a1e7f__SEG_0001__CH_002,113
361a557f541e995ff62144fe__361a557f541e995ff62144fe__SEG_0001__CH_001,123
361a557f541e995ff62144fe__361a557f541e995ff62144fe__SEG_0001__CH_002,150
36228f881bf04d9d7c78b620__36228f881bf04d9d7c78b620__SEG_0001__CH_002,149
3630e6b8a4335c18be1b188e__PDFV2__CH_0001,110
3630e6b8a4335c18be1b188e__PDFV2__CH_0002,95
3630e6b8a4335c18be1b188e__PDFV2__CH_0003,132
36320624e6635ec24a01b98e__36320624e6635ec24a01b98e__SEG_0001__CH_002,160
36320624e6635ec24a01b98e__36320624e6635ec24a01b98e__SEG_0001__CH_003,94
36320624e6635ec24a01b98e__36320624e6635ec24a01b98e__SEG_0001__CH_004,118
3649a24c631407d99cddc396__3649a24c631407d99cddc396__SEG_0001__CH_001,105
3649a24c631407d99cddc396__3649a24c631407d99cddc396__SEG_0001__CH_002,135
3649a24c631407d99cddc396__3649a24c631407d99cddc396__SEG_0001__CH_003,170
36600b7dfd5d078bdf36c9b3__36600b7dfd5d078bdf36c9b3__SEG_0001__CH_001,146
36600b7dfd5d078bdf36c9b3__36600b7dfd5d078bdf36c9b3__SEG_0001__CH_002,102
36600b7dfd5d078bdf36c9b3__36600b7dfd5d078bdf36c9b3__SEG_0001__CH_004,139
36600b7dfd5d078bdf36c9b3__36600b7dfd5d078bdf36c9b3__SEG_0001__CH_005,151
36600b7dfd5d078bdf36c9b3__36600b7dfd5d078bdf36c9b3__SEG_0002__CH_001,145
36600b7dfd5d078bdf36c9b3__36600b7dfd5d078bdf36c9b3__SEG_0002__CH_002,178
36600b7dfd5d078bdf36c9b3__36600b7dfd5d078bdf36c9b3__SEG_0002__CH_003,170
36600b7dfd5d078bdf36c9b3__36600b7dfd5d078bdf36c9b3__SEG_0003__CH_001,120
36600b7dfd5d078bdf36c9b3__36600b7dfd5d078bdf36c9b3__SEG_0003__CH_002,134
36600b7dfd5d078bdf36c9b3__36600b7dfd5d078bdf36c9b3__SEG_0004__CH_001,148
36600b7dfd5d078bdf36c9b3__36600b7dfd5d078bdf36c9b3__SEG_0004__CH_002,132
36600b7dfd5d078bdf36c9b3__36600b7dfd5d078bdf36c9b3__SEG_0004__CH_003,148
36600b7dfd5d078bdf36c9b3__36600b7dfd5d078bdf36c9b3__SEG_0005__CH_001,117
36600b7dfd5d078bdf36c9b3__36600b7dfd5d078bdf36c9b3__SEG_0005__CH_002,131
36600b7dfd5d078bdf36c9b3__36600b7dfd5d078bdf36c9b3__SEG_0005__CH_003,123
36600b7dfd5d078bdf36c9b3__36600b7dfd5d078bdf36c9b3__SEG_0005__CH_004,148
36600b7dfd5d078bdf36c9b3__36600b7dfd5d078bdf36c9b3__SEG_0006__CH_001,145
36b11d7355bdc9e1c194eaf9__36b11d7355bdc9e1c194eaf9__SEG_0001__CH_001,119
36b11d7355bdc9e1c194eaf9__36b11d7355bdc9e1c194eaf9__SEG_0001__CH_002,142
36b11d7355bdc9e1c194eaf9__36b11d7355bdc9e1c194eaf9__SEG_0001__CH_003,123
36b11d7355bdc9e1c194eaf9__36b11d7355bdc9e1c194eaf9__SEG_0001__CH_004,146
36f4f7ec897ea8d33abcf071__36f4f7ec897ea8d33abcf071__SEG_0001__CH_001,108
36f4f7ec897ea8d33abcf071__36f4f7ec897ea8d33abcf071__SEG_0001__CH_002,87
372e25918c9f5456bdc5fb21__372e25918c9f5456bdc5fb21__SEG_0001__CH_001,100
372e25918c9f5456bdc5fb21__372e25918c9f5456bdc5fb21__SEG_0001__CH_002,85
372e25918c9f5456bdc5fb21__372e25918c9f5456bdc5fb21__SEG_0001__CH_003,105
377b3ceccfdeada16e679618__377b3ceccfdeada16e679618__SEG_0001__CH_001,123
377b3ceccfdeada16e679618__377b3ceccfdeada16e679618__SEG_0001__CH_002,120
377b3ceccfdeada16e679618__377b3ceccfdeada16e679618__SEG_0001__CH_003,125
377b3ceccfdeada16e679618__377b3ceccfdeada16e679618__SEG_0001__CH_004,149
377b3ceccfdeada16e679618__377b3ceccfdeada16e679618__SEG_0001__CH_006,183
377b3ceccfdeada16e679618__377b3ceccfdeada16e679618__SEG_0001__CH_007,113
377b3ceccfdeada16e679618__377b3ceccfdeada16e679618__SEG_0002__CH_001,135
377b3ceccfdeada16e679618__377b3ceccfdeada16e679618__SEG_0002__CH_002,128
377b3ceccfdeada16e679618__377b3ceccfdeada16e679618__SEG_0002__CH_003,165
377b3ceccfdeada16e679618__377b3ceccfdeada16e679618__SEG_0003__CH_001,127
377b3ceccfdeada16e679618__377b3ceccfdeada16e679618__SEG_0003__CH_002,177
377b3ceccfdeada16e679618__377b3ceccfdeada16e679618__SEG_0004__CH_001,115
377b3ceccfdeada16e679618__377b3ceccfdeada16e679618__SEG_0004__CH_002,119
377b3ceccfdeada16e679618__377b3ceccfdeada16e679618__SEG_0004__CH_003,232
377b3ceccfdeada16e679618__377b3ceccfdeada16e679618__SEG_0004__CH_004,197
377b3ceccfdeada16e679618__377b3ceccfdeada16e679618__SEG_0005__CH_001,146
377b3ceccfdeada16e679618__377b3ceccfdeada16e679618__SEG_0005__CH_002,118
377cefe9ab7accadad91f578__377cefe9ab7accadad91f578__SEG_0001__CH_001,129
377cefe9ab7accadad91f578__377cefe9ab7accadad91f578__SEG_0001__CH_002,108
377cefe9ab7accadad91f578__377cefe9ab7accadad91f578__SEG_0001__CH_003,143
377cefe9ab7accadad91f578__377cefe9ab7accadad91f578__SEG_0001__CH_004,229
377cefe9ab7accadad91f578__377cefe9ab7accadad91f578__SEG_0001__CH_005,151
377cefe9ab7accadad91f578__377cefe9ab7accadad91f578__SEG_0001__CH_006,164
377cefe9ab7accadad91f578__377cefe9ab7accadad91f578__SEG_0001__CH_007,112
377cefe9ab7accadad91f578__377cefe9ab7accadad91f578__SEG_0001__CH_008,163
37c3d88b43ad1efd428169dd__PDFV2__CH_0001,108
37c3d88b43ad1efd428169dd__PDFV2__CH_0002,118
37c3d88b43ad1efd428169dd__PDFV2__CH_0003,135
37c3d88b43ad1efd428169dd__PDFV2__CH_0004,130
37c3d88b43ad1efd428169dd__PDFV2__CH_0005,133
37f6dc994a51b1261a182233__37f6dc994a51b1261a182233__SEG_0001__CH_002,109
38272880fb6c962bf4fec9cc__38272880fb6c962bf4fec9cc__SEG_0001__CH_001,111
38275835aaf61c29c963bbb0__38275835aaf61c29c963bbb0__SEG_0001__CH_001,88
38275835aaf61c29c963bbb0__38275835aaf61c29c963bbb0__SEG_0001__CH_002,127
38275835aaf61c29c963bbb0__38275835aaf61c29c963bbb0__SEG_0001__CH_003,137
38275835aaf61c29c963bbb0__38275835aaf61c29c963bbb0__SEG_0001__CH_004__S1,178
38275835aaf61c29c963bbb0__38275835aaf61c29c963bbb0__SEG_0001__CH_004__S2,125
38275835aaf61c29c963bbb0__38275835aaf61c29c963bbb0__SEG_0001__CH_004__S3,179
38275835aaf61c29c963bbb0__38275835aaf61c29c963bbb0__SEG_0001__CH_004__S4,151
38275835aaf61c29c963bbb0__38275835aaf61c29c963bbb0__SEG_0001__CH_005,132
38275835aaf61c29c963bbb0__38275835aaf61c29c963bbb0__SEG_0001__CH_006,187
38275835aaf61c29c963bbb0__38275835aaf61c29c963bbb0__SEG_0002__CH_001,100
38275835aaf61c29c963bbb0__38275835aaf61c29c963bbb0__SEG_0002__CH_002,154
38275835aaf61c29c963bbb0__38275835aaf61c29c963bbb0__SEG_0002__CH_003,88
38275835aaf61c29c963bbb0__38275835aaf61c29c963bbb0__SEG_0002__CH_004,128
38275835aaf61c29c963bbb0__38275835aaf61c29c963bbb0__SEG_0002__CH_005,165
38275835aaf61c29c963bbb0__38275835aaf61c29c963bbb0__SEG_0002__CH_006,159
389c24a4cec412c2a534c8ca__389c24a4cec412c2a534c8ca__SEG_0001__CH_001,104
390fa8e4c15adc49f3b2ddde__PDFV2__CH_0001,108
390fa8e4c15adc49f3b2ddde__PDFV2__CH_0002,135
390fa8e4c15adc49f3b2ddde__PDFV2__CH_0003,127
390fa8e4c15adc49f3b2ddde__PDFV2__CH_0004,134
390fa8e4c15adc49f3b2ddde__PDFV2__CH_0005,120
390fa8e4c15adc49f3b2ddde__PDFV2__CH_0006,104
390fa8e4c15adc49f3b2ddde__PDFV2__CH_0007,117
390fa8e4c15adc49f3b2ddde__PDFV2__CH_0008,104
391d7bc720a63c09319a4cee__391d7bc720a63c09319a4cee__SEG_0001__CH_001,106
391d7bc720a63c09319a4cee__391d7bc720a63c09319a4cee__SEG_0001__CH_002,138
391d7bc720a63c09319a4cee__391d7bc720a63c09319a4cee__SEG_0001__CH_003,120
3a1023ee13689a1d4d155cf8__3a1023ee13689a1d4d155cf8__SEG_0001__CH_001,110
3a1023ee13689a1d4d155cf8__3a1023ee13689a1d4d155cf8__SEG_0001__CH_002,119
3a1023ee13689a1d4d155cf8__3a1023ee13689a1d4d155cf8__SEG_0001__CH_003,78
3a1023ee13689a1d4d155cf8__3a1023ee13689a1d4d155cf8__SEG_0001__CH_004,126
3a215c8005533fd9e16c3c6f__3a215c8005533fd9e16c3c6f__SEG_0001__CH_001,107
3a53f52343e4e4770e753085__3a53f52343e4e4770e753085__SEG_0001__CH_002,93
3a53f52343e4e4770e753085__3a53f52343e4e4770e753085__SEG_0001__CH_003,113
3a53f52343e4e4770e753085__3a53f52343e4e4770e753085__SEG_0001__CH_004,135
3a53f52343e4e4770e753085__3a53f52343e4e4770e753085__SEG_0001__CH_005,111
3a53f52343e4e4770e753085__3a53f52343e4e4770e753085__SEG_0001__CH_006,118
3a53f52343e4e4770e753085__3a53f52343e4e4770e753085__SEG_0001__CH_007,96
3b00ab6bd77c0dfe464bb0bd__3b00ab6bd77c0dfe464bb0bd__SEG_0001__CH_002,93
3b2b3142d2c1792fd5736e72__3b2b3142d2c1792fd5736e72__SEG_0001__CH_001,123
3b2b3142d2c1792fd5736e72__3b2b3142d2c1792fd5736e72__SEG_0001__CH_002,93
3b8c58b79b9972b2152156cd__PDFV2__CH_0001,105
3b8c58b79b9972b2152156cd__PDFV2__CH_0002,106
3b8c58b79b9972b2152156cd__PDFV2__CH_0003,135
3b8c58b79b9972b2152156cd__PDFV2__CH_0004,128
3b8c58b79b9972b2152156cd__PDFV2__CH_0005,117
3b8c58b79b9972b2152156cd__PDFV2__CH_0006,123
3b8c58b79b9972b2152156cd__PDFV2__CH_0007,133
3b8c58b79b9972b2152156cd__PDFV2__CH_0008,120
3b8c58b79b9972b2152156cd__PDFV2__CH_0009,145
3b8c58b79b9972b2152156cd__PDFV2__CH_0010__M,122
3bb7b603978425c49f51c8ed__3bb7b603978425c49f51c8ed__SEG_0001__CH_001,135
3bb7b603978425c49f51c8ed__3bb7b603978425c49f51c8ed__SEG_0001__CH_002,71
3be575c25fb2bc5b69a5d187__PDFV2__CH_0002,152
3c2b86e28c7739a3589106e7__3c2b86e28c7739a3589106e7__SEG_0001__CH_001,117
3c2b86e28c7739a3589106e7__3c2b86e28c7739a3589106e7__SEG_0001__CH_002,147
3c2b86e28c7739a3589106e7__3c2b86e28c7739a3589106e7__SEG_0001__CH_004,85
3c2b86e28c7739a3589106e7__3c2b86e28c7739a3589106e7__SEG_0001__CH_005,156
3c7c183048e693165eea8df7__3c7c183048e693165eea8df7__SEG_0001__CH_002,84
3c7c183048e693165eea8df7__3c7c183048e693165eea8df7__SEG_0001__CH_003,124
3c7fdc9eb00a1090618e505f__PDFV2__CH_0004,98
3c7fdc9eb00a1090618e505f__PDFV2__CH_0007__M,121
3c7fdc9eb00a1090618e505f__PDFV2__CH_0010,110
3c7fdc9eb00a1090618e505f__PDFV2__CH_0012,130
3c9915e0e2cb9f295d1ee886__3c9915e0e2cb9f295d1ee886__SEG_0001__CH_001,137
3c9915e0e2cb9f295d1ee886__3c9915e0e2cb9f295d1ee886__SEG_0001__CH_002,205
3c9915e0e2cb9f295d1ee886__3c9915e0e2cb9f295d1ee886__SEG_0001__CH_003,165
3c9915e0e2cb9f295d1ee886__3c9915e0e2cb9f295d1ee886__SEG_0002__CH_001,213
3ccb8593f98571b9bb56470f__PDFV2__CH_0003,124
3d1483a3663b3e3e9401c930__PDFV2__CH_0002,125
3d1483a3663b3e3e9401c930__PDFV2__CH_0003,120
3d1483a3663b3e3e9401c930__PDFV2__CH_0004,168
3d1483a3663b3e3e9401c930__PDFV2__CH_0005,119
3d1483a3663b3e3e9401c930__PDFV2__CH_0006,175
3d1483a3663b3e3e9401c930__PDFV2__CH_0007,139
3d1483a3663b3e3e9401c930__PDFV2__CH_0008,136
3d1483a3663b3e3e9401c930__PDFV2__CH_0009,151
3d1483a3663b3e3e9401c930__PDFV2__CH_0010,111
3d1483a3663b3e3e9401c930__PDFV2__CH_0011,117
3d1483a3663b3e3e9401c930__PDFV2__CH_0012,107
3d1bc3178e977fb616c67761__3d1bc3178e977fb616c67761__SEG_0001__CH_001,117
3d2b26ab5eb722047d1e5471__PDFV2__CH_0001,121
3d2b26ab5eb722047d1e5471__PDFV2__CH_0002,116
3d2b26ab5eb722047d1e5471__PDFV2__CH_0003,120
3d2b26ab5eb722047d1e5471__PDFV2__CH_0004,121
3d2b26ab5eb722047d1e5471__PDFV2__CH_0005,123
3d2b26ab5eb722047d1e5471__PDFV2__CH_0006,109
3d2b26ab5eb722047d1e5471__PDFV2__CH_0007,108
3d2b26ab5eb722047d1e5471__PDFV2__CH_0008,128
3d2b26ab5eb722047d1e5471__PDFV2__CH_0009,117
3d2b26ab5eb722047d1e5471__PDFV2__CH_0010,100
3d2b26ab5eb722047d1e5471__PDFV2__CH_0011__M,147
3d2b26ab5eb722047d1e5471__PDFV2__CH_0013,136
3d2b26ab5eb722047d1e5471__PDFV2__CH_0014,159
3d2b26ab5eb722047d1e5471__PDFV2__CH_0015,134
3d2b26ab5eb722047d1e5471__PDFV2__CH_0016,101
3d2b26ab5eb722047d1e5471__PDFV2__CH_0017,117
3d2b26ab5eb722047d1e5471__PDFV2__CH_0020,88
3d2b26ab5eb722047d1e5471__PDFV2__CH_0021,100
3d5cb2b0c2c54df820a10b62__3d5cb2b0c2c54df820a10b62__SEG_0001__CH_001,135
3d7664edc5fc9c9e688d2e51__3d7664edc5fc9c9e688d2e51__SEG_0001__CH_001,133
3d7664edc5fc9c9e688d2e51__3d7664edc5fc9c9e688d2e51__SEG_0001__CH_002,124
3d7664edc5fc9c9e688d2e51__3d7664edc5fc9c9e688d2e51__SEG_0001__CH_003,92
3d8258188ee567cfbb8a0173__PDFV2__CH_0001,133
3d8258188ee567cfbb8a0173__PDFV2__CH_0002,123
3d8258188ee567cfbb8a0173__PDFV2__CH_0003,129
3d8258188ee567cfbb8a0173__PDFV2__CH_0004,97
3d8258188ee567cfbb8a0173__PDFV2__CH_0005,177
3d8258188ee567cfbb8a0173__PDFV2__CH_0006,114
3d8258188ee567cfbb8a0173__PDFV2__CH_0007,140
3d8258188ee567cfbb8a0173__PDFV2__CH_0008,115
3d8258188ee567cfbb8a0173__PDFV2__CH_0009,136
3d8258188ee567cfbb8a0173__PDFV2__CH_0010,102
3d8258188ee567cfbb8a0173__PDFV2__CH_0011,155
3d8258188ee567cfbb8a0173__PDFV2__CH_0012,98
3da17f2492750892a0a0e618__3da17f2492750892a0a0e618__SEG_0001__CH_001,119
3da17f2492750892a0a0e618__3da17f2492750892a0a0e618__SEG_0001__CH_002,119
3da17f2492750892a0a0e618__3da17f2492750892a0a0e618__SEG_0001__CH_003,131
3da17f2492750892a0a0e618__3da17f2492750892a0a0e618__SEG_0002__CH_001,72
3da17f2492750892a0a0e618__3da17f2492750892a0a0e618__SEG_0002__CH_002,84
3da17f2492750892a0a0e618__3da17f2492750892a0a0e618__SEG_0002__CH_003,73
3dbb39f2f8dc6645c34ec496__3dbb39f2f8dc6645c34ec496__SEG_0001__CH_001,72
3dbb39f2f8dc6645c34ec496__3dbb39f2f8dc6645c34ec496__SEG_0001__CH_002,176
3dbb39f2f8dc6645c34ec496__3dbb39f2f8dc6645c34ec496__SEG_0001__CH_003,94
3dbb39f2f8dc6645c34ec496__3dbb39f2f8dc6645c34ec496__SEG_0001__CH_004,130
3dbb39f2f8dc6645c34ec496__3dbb39f2f8dc6645c34ec496__SEG_0001__CH_005,215
3dbb39f2f8dc6645c34ec496__3dbb39f2f8dc6645c34ec496__SEG_0001__CH_006,79
3e093782591167636620c64a__PDFV2__CH_0001,98
3e093782591167636620c64a__PDFV2__CH_0003,149
3e093782591167636620c64a__PDFV2__CH_0004,142
3e093782591167636620c64a__PDFV2__CH_0005,119
3e093782591167636620c64a__PDFV2__CH_0006,110
3e093782591167636620c64a__PDFV2__CH_0007,120
3e093782591167636620c64a__PDFV2__CH_0008,106
3e093782591167636620c64a__PDFV2__CH_0009,93
3e093782591167636620c64a__PDFV2__CH_0010,108
3e093782591167636620c64a__PDFV2__CH_0011,122
3e093782591167636620c64a__PDFV2__CH_0012,114
3e093782591167636620c64a__PDFV2__CH_0013,138
3e093782591167636620c64a__PDFV2__CH_0014,96
3e0f800aef10a6b7f6e9a8ad__3e0f800aef10a6b7f6e9a8ad__SEG_0001__CH_001,123
3e0f800aef10a6b7f6e9a8ad__3e0f800aef10a6b7f6e9a8ad__SEG_0001__CH_002,124
3e378e8148a2b291ce35f5e3__3e378e8148a2b291ce35f5e3__SEG_0001__CH_001,138
3e378e8148a2b291ce35f5e3__3e378e8148a2b291ce35f5e3__SEG_0001__CH_002,101
3e437eba69e1f9333eacbd92__3e437eba69e1f9333eacbd92__SEG_0001__CH_001,109
3e88768c41424540f7563aa7__3e88768c41424540f7563aa7__SEG_0001__CH_001,96
3e88768c41424540f7563aa7__3e88768c41424540f7563aa7__SEG_0001__CH_002,130
3e88768c41424540f7563aa7__3e88768c41424540f7563aa7__SEG_0001__CH_003,92
3e88768c41424540f7563aa7__3e88768c41424540f7563aa7__SEG_0001__CH_004,89
3e88768c41424540f7563aa7__3e88768c41424540f7563aa7__SEG_0001__CH_005,102
3e88768c41424540f7563aa7__3e88768c41424540f7563aa7__SEG_0001__CH_008,112
3e8a87d22106f571c96035bc__PDFV2__CH_0001,87
3e8a87d22106f571c96035bc__PDFV2__CH_0002,101
3e8a87d22106f571c96035bc__PDFV2__CH_0003,101
3e8a87d22106f571c96035bc__PDFV2__CH_0004,99
3e8a87d22106f571c96035bc__PDFV2__CH_0005,137
3e8a87d22106f571c96035bc__PDFV2__CH_0006,101
3ea4540ad5a4eeabfe2ed459__3ea4540ad5a4eeabfe2ed459__SEG_0001__CH_001,107
3ea4540ad5a4eeabfe2ed459__3ea4540ad5a4eeabfe2ed459__SEG_0001__CH_002,188
3ea4540ad5a4eeabfe2ed459__3ea4540ad5a4eeabfe2ed459__SEG_0001__CH_003,191
3ea4540ad5a4eeabfe2ed459__3ea4540ad5a4eeabfe2ed459__SEG_0001__CH_004,164
3ea536da835e800dda2d7f43__PDFV2__CH_0002,123
3ea536da835e800dda2d7f43__PDFV2__CH_0003,101
3ea536da835e800dda2d7f43__PDFV2__CH_0004,96
3ea536da835e800dda2d7f43__PDFV2__CH_0005,109
3ea536da835e800dda2d7f43__PDFV2__CH_0006,117
3ea536da835e800dda2d7f43__PDFV2__CH_0007,125
3ea536da835e800dda2d7f43__PDFV2__CH_0008,130
3ea536da835e800dda2d7f43__PDFV2__CH_0009,110
3ea536da835e800dda2d7f43__PDFV2__CH_0010,116
3ea536da835e800dda2d7f43__PDFV2__CH_0011,104
3ea536da835e800dda2d7f43__PDFV2__CH_0012,164
3ea536da835e800dda2d7f43__PDFV2__CH_0013,107
3ea536da835e800dda2d7f43__PDFV2__CH_0014,135
3ea536da835e800dda2d7f43__PDFV2__CH_0015,93
3ea536da835e800dda2d7f43__PDFV2__CH_0016,120
3ea536da835e800dda2d7f43__PDFV2__CH_0017,112
3ea536da835e800dda2d7f43__PDFV2__CH_0018,101
3ea536da835e800dda2d7f43__PDFV2__CH_0019__M,136
3ea536da835e800dda2d7f43__PDFV2__CH_0021,136
3ea536da835e800dda2d7f43__PDFV2__CH_0022,97
3ea536da835e800dda2d7f43__PDFV2__CH_0023,92
3ea536da835e800dda2d7f43__PDFV2__CH_0024,151
3ea536da835e800dda2d7f43__PDFV2__CH_0025,132
3ea536da835e800dda2d7f43__PDFV2__CH_0026,116
3ea536da835e800dda2d7f43__PDFV2__CH_0027,116
3ea536da835e800dda2d7f43__PDFV2__CH_0028,118
3ea536da835e800dda2d7f43__PDFV2__CH_0029,86
3ea536da835e800dda2d7f43__PDFV2__CH_0030,110
3ea536da835e800dda2d7f43__PDFV2__CH_0031,115
3ea536da835e800dda2d7f43__PDFV2__CH_0032,110
3ea536da835e800dda2d7f43__PDFV2__CH_0033,120
3ea536da835e800dda2d7f43__PDFV2__CH_0034,158
3ea536da835e800dda2d7f43__PDFV2__CH_0035,104
3ea536da835e800dda2d7f43__PDFV2__CH_0036,101
3ea536da835e800dda2d7f43__PDFV2__CH_0037,115
3ea536da835e800dda2d7f43__PDFV2__CH_0038,102
3ea536da835e800dda2d7f43__PDFV2__CH_0039,96
3ea536da835e800dda2d7f43__PDFV2__CH_0040,101
3ea536da835e800dda2d7f43__PDFV2__CH_0041,135
3eb18c63403455442da8f9d6__3eb18c63403455442da8f9d6__SEG_0001__CH_001,97
3eb18c63403455442da8f9d6__3eb18c63403455442da8f9d6__SEG_0001__CH_002,133
3eb18c63403455442da8f9d6__3eb18c63403455442da8f9d6__SEG_0001__CH_003,230
3eb18c63403455442da8f9d6__3eb18c63403455442da8f9d6__SEG_0001__CH_004,121
3eb18c63403455442da8f9d6__3eb18c63403455442da8f9d6__SEG_0001__CH_005,117
3ed55fb900ba4ef986dcfa58__PDFV2__CH_0001,109
3ed55fb900ba4ef986dcfa58__PDFV2__CH_0003,71
3ed55fb900ba4ef986dcfa58__PDFV2__CH_0004,111
3f1d4b5e49e0cee3b5a7ba5a__3f1d4b5e49e0cee3b5a7ba5a__SEG_0001__CH_005,122
3f525a74f9758956a0ff56e5__PDFV2__CH_0003,145
3f80a32378d3ed6824c26330__3f80a32378d3ed6824c26330__SEG_0001__CH_001,111
3f80a32378d3ed6824c26330__3f80a32378d3ed6824c26330__SEG_0001__CH_002,108
3fb9663fbadbd0b081c5e359__3fb9663fbadbd0b081c5e359__SEG_0001__CH_001,151
3fb9663fbadbd0b081c5e359__3fb9663fbadbd0b081c5e359__SEG_0001__CH_002,139
3fb9663fbadbd0b081c5e359__3fb9663fbadbd0b081c5e359__SEG_0001__CH_003,207
4037f211cb5224d455e660a3__4037f211cb5224d455e660a3__SEG_0001__CH_001,167
40cbde9b34ee4644caa571fa__PDFV2__CH_0001,86
40cbde9b34ee4644caa571fa__PDFV2__CH_0002,113
40cbde9b34ee4644caa571fa__PDFV2__CH_0003,144
40cbde9b34ee4644caa571fa__PDFV2__CH_0004,100
40cbde9b34ee4644caa571fa__PDFV2__CH_0005,153
40cbde9b34ee4644caa571fa__PDFV2__CH_0006,120
417e6543ab4b3e8a49c02b5d__417e6543ab4b3e8a49c02b5d__SEG_0001__CH_001,89
417e6543ab4b3e8a49c02b5d__417e6543ab4b3e8a49c02b5d__SEG_0001__CH_002,111
417e6543ab4b3e8a49c02b5d__417e6543ab4b3e8a49c02b5d__SEG_0001__CH_003,97
417e6543ab4b3e8a49c02b5d__417e6543ab4b3e8a49c02b5d__SEG_0001__CH_004,124
417e6543ab4b3e8a49c02b5d__417e6543ab4b3e8a49c02b5d__SEG_0001__CH_005,117
419f1ed27dcc398af35bf251__PDFV2__CH_0001,113
419f1ed27dcc398af35bf251__PDFV2__CH_0002,105
419f1ed27dcc398af35bf251__PDFV2__CH_0003,103
419f1ed27dcc398af35bf251__PDFV2__CH_0004,117
419f1ed27dcc398af35bf251__PDFV2__CH_0005,132
41adda5d3c53ed5bb6992df9__41adda5d3c53ed5bb6992df9__SEG_0001__CH_001,112
41adda5d3c53ed5bb6992df9__41adda5d3c53ed5bb6992df9__SEG_0001__CH_002,89
41bc85cbfb9d0d942781c57d__41bc85cbfb9d0d942781c57d__SEG_0001__CH_001,101
41fb106e8b4b2312fa9550d2__PDFV2__CH_0001,91
41fb106e8b4b2312fa9550d2__PDFV2__CH_0002,108
41fb106e8b4b2312fa9550d2__PDFV2__CH_0003,144
41fb106e8b4b2312fa9550d2__PDFV2__CH_0004,101
41fb106e8b4b2312fa9550d2__PDFV2__CH_0005,97
41fb106e8b4b2312fa9550d2__PDFV2__CH_0006,116
41fb106e8b4b2312fa9550d2__PDFV2__CH_0007,131
41fb106e8b4b2312fa9550d2__PDFV2__CH_0008__M,128
41fb106e8b4b2312fa9550d2__PDFV2__CH_0010,121
41fb106e8b4b2312fa9550d2__PDFV2__CH_0011,109
41fb106e8b4b2312fa9550d2__PDFV2__CH_0012,132
41fb106e8b4b2312fa9550d2__PDFV2__CH_0013,130
41fb106e8b4b2312fa9550d2__PDFV2__CH_0014,151
41fb106e8b4b2312fa9550d2__PDFV2__CH_0015,194
41fb106e8b4b2312fa9550d2__PDFV2__CH_0016,113
41fb106e8b4b2312fa9550d2__PDFV2__CH_0017,162
41fb106e8b4b2312fa9550d2__PDFV2__CH_0018,210
4211ca876c887cd72a14b7d9__4211ca876c887cd72a14b7d9__SEG_0001__CH_001,100
4211ca876c887cd72a14b7d9__4211ca876c887cd72a14b7d9__SEG_0001__CH_002,103
4215275c794fec597ceb78ad__PDFV2__CH_0002,107
4215275c794fec597ceb78ad__PDFV2__CH_0007,127
4251f906de514ec77c7b30ba__4251f906de514ec77c7b30ba__SEG_0001__CH_001,83
425fe6b4b1a88b4c3e5cd509__PDFV2__CH_0011,83
425fe6b4b1a88b4c3e5cd509__PDFV2__CH_0012,76
425fe6b4b1a88b4c3e5cd509__PDFV2__CH_0013,98
425fe6b4b1a88b4c3e5cd509__PDFV2__CH_0014,80
425fe6b4b1a88b4c3e5cd509__PDFV2__CH_0015,92
425fe6b4b1a88b4c3e5cd509__PDFV2__CH_0016,79
425fe6b4b1a88b4c3e5cd509__PDFV2__CH_0017,88
425fe6b4b1a88b4c3e5cd509__PDFV2__CH_0018__M,98
425fe6b4b1a88b4c3e5cd509__PDFV2__CH_0020,83
425fe6b4b1a88b4c3e5cd509__PDFV2__CH_0021,95
425fe6b4b1a88b4c3e5cd509__PDFV2__CH_0022,93
425fe6b4b1a88b4c3e5cd509__PDFV2__CH_0023,90
425fe6b4b1a88b4c3e5cd509__PDFV2__CH_0024,96
425fe6b4b1a88b4c3e5cd509__PDFV2__CH_0025,83
425fe6b4b1a88b4c3e5cd509__PDFV2__CH_0026,54
425fe6b4b1a88b4c3e5cd509__PDFV2__CH_0027,108
425fe6b4b1a88b4c3e5cd509__PDFV2__CH_0028,104
425fe6b4b1a88b4c3e5cd509__PDFV2__CH_0029,80
425fe6b4b1a88b4c3e5cd509__PDFV2__CH_0031__M,147
425fe6b4b1a88b4c3e5cd509__PDFV2__CH_0035,90
425fe6b4b1a88b4c3e5cd509__PDFV2__CH_0036,96
425fe6b4b1a88b4c3e5cd509__PDFV2__CH_0037,108
425fe6b4b1a88b4c3e5cd509__PDFV2__CH_0038,110
425fe6b4b1a88b4c3e5cd509__PDFV2__CH_0039,109
425fe6b4b1a88b4c3e5cd509__PDFV2__CH_0040,116
425fe6b4b1a88b4c3e5cd509__PDFV2__CH_0041,73
425fe6b4b1a88b4c3e5cd509__PDFV2__CH_0042,126
425fe6b4b1a88b4c3e5cd509__PDFV2__CH_0043__M,136
425fe6b4b1a88b4c3e5cd509__PDFV2__CH_0045,121
425fe6b4b1a88b4c3e5cd509__PDFV2__CH_0046,113
425fe6b4b1a88b4c3e5cd509__PDFV2__CH_0047,118
425fe6b4b1a88b4c3e5cd509__PDFV2__CH_0048,126
425fe6b4b1a88b4c3e5cd509__PDFV2__CH_0049,108
425fe6b4b1a88b4c3e5cd509__PDFV2__CH_0050,132
425fe6b4b1a88b4c3e5cd509__PDFV2__CH_0051,94
425fe6b4b1a88b4c3e5cd509__PDFV2__CH_0052__M,124
425fe6b4b1a88b4c3e5cd509__PDFV2__CH_0054,185
425fe6b4b1a88b4c3e5cd509__PDFV2__CH_0055,123
425fe6b4b1a88b4c3e5cd509__PDFV2__CH_0056,101
425fe6b4b1a88b4c3e5cd509__PDFV2__CH_0057,135
425fe6b4b1a88b4c3e5cd509__PDFV2__CH_0058,123
425fe6b4b1a88b4c3e5cd509__PDFV2__CH_0059__M,97
425fe6b4b1a88b4c3e5cd509__PDFV2__CH_0061,77
425fe6b4b1a88b4c3e5cd509__PDFV2__CH_0062,75
425fe6b4b1a88b4c3e5cd509__PDFV2__CH_0063,89
425fe6b4b1a88b4c3e5cd509__PDFV2__CH_0064,117
425fe6b4b1a88b4c3e5cd509__PDFV2__CH_0065__M,126
425fe6b4b1a88b4c3e5cd509__PDFV2__CH_0067,97
425fe6b4b1a88b4c3e5cd509__PDFV2__CH_0068,97
425fe6b4b1a88b4c3e5cd509__PDFV2__CH_0069,90
425fe6b4b1a88b4c3e5cd509__PDFV2__CH_0070,131
425fe6b4b1a88b4c3e5cd509__PDFV2__CH_0071,120
425fe6b4b1a88b4c3e5cd509__PDFV2__CH_0072,105
425fe6b4b1a88b4c3e5cd509__PDFV2__CH_0073,129
425fe6b4b1a88b4c3e5cd509__PDFV2__CH_0074,104
425fe6b4b1a88b4c3e5cd509__PDFV2__CH_0075,80
425fe6b4b1a88b4c3e5cd509__PDFV2__CH_0076,74
425fe6b4b1a88b4c3e5cd509__PDFV2__CH_0077,102
425fe6b4b1a88b4c3e5cd509__PDFV2__CH_0078,100
425fe6b4b1a88b4c3e5cd509__PDFV2__CH_0079,136
425fe6b4b1a88b4c3e5cd509__PDFV2__CH_0080,134
425fe6b4b1a88b4c3e5cd509__PDFV2__CH_0081,102
425fe6b4b1a88b4c3e5cd509__PDFV2__CH_0082,63
425fe6b4b1a88b4c3e5cd509__PDFV2__CH_0083,132
425fe6b4b1a88b4c3e5cd509__PDFV2__CH_0084,104
425fe6b4b1a88b4c3e5cd509__PDFV2__CH_0085,94
425fe6b4b1a88b4c3e5cd509__PDFV2__CH_0086,109
425fe6b4b1a88b4c3e5cd509__PDFV2__CH_0087,115
425fe6b4b1a88b4c3e5cd509__PDFV2__CH_0088,139
425fe6b4b1a88b4c3e5cd509__PDFV2__CH_0089,83
425fe6b4b1a88b4c3e5cd509__PDFV2__CH_0090,120
425fe6b4b1a88b4c3e5cd509__PDFV2__CH_0091,116
425fe6b4b1a88b4c3e5cd509__PDFV2__CH_0092,91
425fe6b4b1a88b4c3e5cd509__PDFV2__CH_0093,110
425fe6b4b1a88b4c3e5cd509__PDFV2__CH_0094,81
425fe6b4b1a88b4c3e5cd509__PDFV2__CH_0095,124
425fe6b4b1a88b4c3e5cd509__PDFV2__CH_0096,79
425fe6b4b1a88b4c3e5cd509__PDFV2__CH_0097,173
425fe6b4b1a88b4c3e5cd509__PDFV2__CH_0098,74
425fe6b4b1a88b4c3e5cd509__PDFV2__CH_0099,120
425fe6b4b1a88b4c3e5cd509__PDFV2__CH_0100,117
425fe6b4b1a88b4c3e5cd509__PDFV2__CH_0101__M,116
425fe6b4b1a88b4c3e5cd509__PDFV2__CH_0103,124
425fe6b4b1a88b4c3e5cd509__PDFV2__CH_0104,154
425fe6b4b1a88b4c3e5cd509__PDFV2__CH_0105,142
425fe6b4b1a88b4c3e5cd509__PDFV2__CH_0106,99
425fe6b4b1a88b4c3e5cd509__PDFV2__CH_0107,132
425fe6b4b1a88b4c3e5cd509__PDFV2__CH_0108,90
425fe6b4b1a88b4c3e5cd509__PDFV2__CH_0109,117
425fe6b4b1a88b4c3e5cd509__PDFV2__CH_0110,103
425fe6b4b1a88b4c3e5cd509__PDFV2__CH_0111,127
425fe6b4b1a88b4c3e5cd509__PDFV2__CH_0112,112
425fe6b4b1a88b4c3e5cd509__PDFV2__CH_0113,95
425fe6b4b1a88b4c3e5cd509__PDFV2__CH_0114,99
425fe6b4b1a88b4c3e5cd509__PDFV2__CH_0115,97
425fe6b4b1a88b4c3e5cd509__PDFV2__CH_0116,119
425fe6b4b1a88b4c3e5cd509__PDFV2__CH_0117,116
425fe6b4b1a88b4c3e5cd509__PDFV2__CH_0118,108
425fe6b4b1a88b4c3e5cd509__PDFV2__CH_0119,111
425fe6b4b1a88b4c3e5cd509__PDFV2__CH_0120,108
425fe6b4b1a88b4c3e5cd509__PDFV2__CH_0121__M,173
425fe6b4b1a88b4c3e5cd509__PDFV2__CH_0124,122
425fe6b4b1a88b4c3e5cd509__PDFV2__CH_0125,123
425fe6b4b1a88b4c3e5cd509__PDFV2__CH_0126,123
425fe6b4b1a88b4c3e5cd509__PDFV2__CH_0127,74
425fe6b4b1a88b4c3e5cd509__PDFV2__CH_0128,127
425fe6b4b1a88b4c3e5cd509__PDFV2__CH_0129,99
425fe6b4b1a88b4c3e5cd509__PDFV2__CH_0130,84
425fe6b4b1a88b4c3e5cd509__PDFV2__CH_0131,121
425fe6b4b1a88b4c3e5cd509__PDFV2__CH_0132,115
425fe6b4b1a88b4c3e5cd509__PDFV2__CH_0133,89
425fe6b4b1a88b4c3e5cd509__PDFV2__CH_0134,100
425fe6b4b1a88b4c3e5cd509__PDFV2__CH_0135,88
425fe6b4b1a88b4c3e5cd509__PDFV2__CH_0136,74
425fe6b4b1a88b4c3e5cd509__PDFV2__CH_0137__M,117
425fe6b4b1a88b4c3e5cd509__PDFV2__CH_0139__M,124
425fe6b4b1a88b4c3e5cd509__PDFV2__CH_0141__M,126
425fe6b4b1a88b4c3e5cd509__PDFV2__CH_0144,71
425fe6b4b1a88b4c3e5cd509__PDFV2__CH_0145,112
425fe6b4b1a88b4c3e5cd509__PDFV2__CH_0146,85
425fe6b4b1a88b4c3e5cd509__PDFV2__CH_0147,95
425fe6b4b1a88b4c3e5cd509__PDFV2__CH_0148,109
425fe6b4b1a88b4c3e5cd509__PDFV2__CH_0149,97
425fe6b4b1a88b4c3e5cd509__PDFV2__CH_0150,104
425fe6b4b1a88b4c3e5cd509__PDFV2__CH_0151,101
425fe6b4b1a88b4c3e5cd509__PDFV2__CH_0152,96
425fe6b4b1a88b4c3e5cd509__PDFV2__CH_0153,83
425fe6b4b1a88b4c3e5cd509__PDFV2__CH_0154__M,114
425fe6b4b1a88b4c3e5cd509__PDFV2__CH_0156,113
425fe6b4b1a88b4c3e5cd509__PDFV2__CH_0157,114
425fe6b4b1a88b4c3e5cd509__PDFV2__CH_0158,75
425fe6b4b1a88b4c3e5cd509__PDFV2__CH_0159,69
425fe6b4b1a88b4c3e5cd509__PDFV2__CH_0160,72
425fe6b4b1a88b4c3e5cd509__PDFV2__CH_0161,98
425fe6b4b1a88b4c3e5cd509__PDFV2__CH_0162,77
425fe6b4b1a88b4c3e5cd509__PDFV2__CH_0163,93
425fe6b4b1a88b4c3e5cd509__PDFV2__CH_0164__M,131
425fe6b4b1a88b4c3e5cd509__PDFV2__CH_0167,101
425fe6b4b1a88b4c3e5cd509__PDFV2__CH_0168,85
425fe6b4b1a88b4c3e5cd509__PDFV2__CH_0169,83
425fe6b4b1a88b4c3e5cd509__PDFV2__CH_0170,100
425fe6b4b1a88b4c3e5cd509__PDFV2__CH_0171,94
425fe6b4b1a88b4c3e5cd509__PDFV2__CH_0172,82
425fe6b4b1a88b4c3e5cd509__PDFV2__CH_0173__M,108
425fe6b4b1a88b4c3e5cd509__PDFV2__CH_0175,80
425fe6b4b1a88b4c3e5cd509__PDFV2__CH_0176,75
425fe6b4b1a88b4c3e5cd509__PDFV2__CH_0177,123
425fe6b4b1a88b4c3e5cd509__PDFV2__CH_0178__M,105
425fe6b4b1a88b4c3e5cd509__PDFV2__CH_0180__M,109
425fe6b4b1a88b4c3e5cd509__PDFV2__CH_0183__M,135
425fe6b4b1a88b4c3e5cd509__PDFV2__CH_0185,114
425fe6b4b1a88b4c3e5cd509__PDFV2__CH_0186__M,109
425fe6b4b1a88b4c3e5cd509__PDFV2__CH_0188,94
425fe6b4b1a88b4c3e5cd509__PDFV2__CH_0189,95
425fe6b4b1a88b4c3e5cd509__PDFV2__CH_0190,105
425fe6b4b1a88b4c3e5cd509__PDFV2__CH_0191,69
425fe6b4b1a88b4c3e5cd509__PDFV2__CH_0192,118
425fe6b4b1a88b4c3e5cd509__PDFV2__CH_0193__M,123
425fe6b4b1a88b4c3e5cd509__PDFV2__CH_0195,84
425fe6b4b1a88b4c3e5cd509__PDFV2__CH_0196,124
425fe6b4b1a88b4c3e5cd509__PDFV2__CH_0197,115
425fe6b4b1a88b4c3e5cd509__PDFV2__CH_0198,75
425fe6b4b1a88b4c3e5cd509__PDFV2__CH_0199,108
425fe6b4b1a88b4c3e5cd509__PDFV2__CH_0200,62
425fe6b4b1a88b4c3e5cd509__PDFV2__CH_0201,72
425fe6b4b1a88b4c3e5cd509__PDFV2__CH_0202,70
425fe6b4b1a88b4c3e5cd509__PDFV2__CH_0203,103
425fe6b4b1a88b4c3e5cd509__PDFV2__CH_0204,81
425fe6b4b1a88b4c3e5cd509__PDFV2__CH_0205__M,118
425fe6b4b1a88b4c3e5cd509__PDFV2__CH_0207,112
425fe6b4b1a88b4c3e5cd509__PDFV2__CH_0208__M,161
425fe6b4b1a88b4c3e5cd509__PDFV2__CH_0212,102
425fe6b4b1a88b4c3e5cd509__PDFV2__CH_0213,105
425fe6b4b1a88b4c3e5cd509__PDFV2__CH_0214,111
425fe6b4b1a88b4c3e5cd509__PDFV2__CH_0215__M,121
425fe6b4b1a88b4c3e5cd509__PDFV2__CH_0217__M,104
425fe6b4b1a88b4c3e5cd509__PDFV2__CH_0219__M,123
425fe6b4b1a88b4c3e5cd509__PDFV2__CH_0221,81
425fe6b4b1a88b4c3e5cd509__PDFV2__CH_0222,113
425fe6b4b1a88b4c3e5cd509__PDFV2__CH_0223,95
425fe6b4b1a88b4c3e5cd509__PDFV2__CH_0224,143
425fe6b4b1a88b4c3e5cd509__PDFV2__CH_0225,96
425fe6b4b1a88b4c3e5cd509__PDFV2__CH_0226,87
425fe6b4b1a88b4c3e5cd509__PDFV2__CH_0227,113
425fe6b4b1a88b4c3e5cd509__PDFV2__CH_0228,68
425fe6b4b1a88b4c3e5cd509__PDFV2__CH_0229,94
425fe6b4b1a88b4c3e5cd509__PDFV2__CH_0230,82
425fe6b4b1a88b4c3e5cd509__PDFV2__CH_0231,91
425fe6b4b1a88b4c3e5cd509__PDFV2__CH_0232,113
425fe6b4b1a88b4c3e5cd509__PDFV2__CH_0233,103
425fe6b4b1a88b4c3e5cd509__PDFV2__CH_0234,98
425fe6b4b1a88b4c3e5cd509__PDFV2__CH_0235__M,135
425fe6b4b1a88b4c3e5cd509__PDFV2__CH_0237,93
425fe6b4b1a88b4c3e5cd509__PDFV2__CH_0238,70
425fe6b4b1a88b4c3e5cd509__PDFV2__CH_0239,93
425fe6b4b1a88b4c3e5cd509__PDFV2__CH_0240,104
425fe6b4b1a88b4c3e5cd509__PDFV2__CH_0241,85
425fe6b4b1a88b4c3e5cd509__PDFV2__CH_0242,62
425fe6b4b1a88b4c3e5cd509__PDFV2__CH_0243__M,140
425fe6b4b1a88b4c3e5cd509__PDFV2__CH_0246,111
425fe6b4b1a88b4c3e5cd509__PDFV2__CH_0247,122
425fe6b4b1a88b4c3e5cd509__PDFV2__CH_0248,91
425fe6b4b1a88b4c3e5cd509__PDFV2__CH_0249,98
425fe6b4b1a88b4c3e5cd509__PDFV2__CH_0250,67
425fe6b4b1a88b4c3e5cd509__PDFV2__CH_0251,118
425fe6b4b1a88b4c3e5cd509__PDFV2__CH_0252,110
425fe6b4b1a88b4c3e5cd509__PDFV2__CH_0253,102
425fe6b4b1a88b4c3e5cd509__PDFV2__CH_0254,88
425fe6b4b1a88b4c3e5cd509__PDFV2__CH_0255,87
425fe6b4b1a88b4c3e5cd509__PDFV2__CH_0256,82
425fe6b4b1a88b4c3e5cd509__PDFV2__CH_0257,125
425fe6b4b1a88b4c3e5cd509__PDFV2__CH_0258,108
425fe6b4b1a88b4c3e5cd509__PDFV2__CH_0259,56
425fe6b4b1a88b4c3e5cd509__PDFV2__CH_0260,88
425fe6b4b1a88b4c3e5cd509__PDFV2__CH_0261,82
425fe6b4b1a88b4c3e5cd509__PDFV2__CH_0262,61
425fe6b4b1a88b4c3e5cd509__PDFV2__CH_0263,123
425fe6b4b1a88b4c3e5cd509__PDFV2__CH_0264,51
425fe6b4b1a88b4c3e5cd509__PDFV2__CH_0265__M,108
425fe6b4b1a88b4c3e5cd509__PDFV2__CH_0267__M,147
425fe6b4b1a88b4c3e5cd509__PDFV2__CH_0272,113
425fe6b4b1a88b4c3e5cd509__PDFV2__CH_0273,160
425fe6b4b1a88b4c3e5cd509__PDFV2__CH_0274,85
425fe6b4b1a88b4c3e5cd509__PDFV2__CH_0275__M,177
425fe6b4b1a88b4c3e5cd509__PDFV2__CH_0281__M,121
425fe6b4b1a88b4c3e5cd509__PDFV2__CH_0284,139
425fe6b4b1a88b4c3e5cd509__PDFV2__CH_0285,77
425fe6b4b1a88b4c3e5cd509__PDFV2__CH_0286__M,122
425fe6b4b1a88b4c3e5cd509__PDFV2__CH_0288,124
425fe6b4b1a88b4c3e5cd509__PDFV2__CH_0289,90
425fe6b4b1a88b4c3e5cd509__PDFV2__CH_0290,118
425fe6b4b1a88b4c3e5cd509__PDFV2__CH_0291,84
425fe6b4b1a88b4c3e5cd509__PDFV2__CH_0292__M,109
425fe6b4b1a88b4c3e5cd509__PDFV2__CH_0294,108
425fe6b4b1a88b4c3e5cd509__PDFV2__CH_0295,97
425fe6b4b1a88b4c3e5cd509__PDFV2__CH_0296,89
425fe6b4b1a88b4c3e5cd509__PDFV2__CH_0297,96
425fe6b4b1a88b4c3e5cd509__PDFV2__CH_0298,125
425fe6b4b1a88b4c3e5cd509__PDFV2__CH_0299,111
425fe6b4b1a88b4c3e5cd509__PDFV2__CH_0300,103
425fe6b4b1a88b4c3e5cd509__PDFV2__CH_0301__M,130
425fe6b4b1a88b4c3e5cd509__PDFV2__CH_0303,118
425fe6b4b1a88b4c3e5cd509__PDFV2__CH_0304,130
425fe6b4b1a88b4c3e5cd509__PDFV2__CH_0305,88
425fe6b4b1a88b4c3e5cd509__PDFV2__CH_0306,118
425fe6b4b1a88b4c3e5cd509__PDFV2__CH_0308,61
425fe6b4b1a88b4c3e5cd509__PDFV2__CH_0309,76
425fe6b4b1a88b4c3e5cd509__PDFV2__CH_0310,105
425fe6b4b1a88b4c3e5cd509__PDFV2__CH_0311__M,139
425fe6b4b1a88b4c3e5cd509__PDFV2__CH_0313,96
425fe6b4b1a88b4c3e5cd509__PDFV2__CH_0314,76
425fe6b4b1a88b4c3e5cd509__PDFV2__CH_0315,79
425fe6b4b1a88b4c3e5cd509__PDFV2__CH_0316,113
425fe6b4b1a88b4c3e5cd509__PDFV2__CH_0317,81
425fe6b4b1a88b4c3e5cd509__PDFV2__CH_0318,62
425fe6b4b1a88b4c3e5cd509__PDFV2__CH_0319,75
425fe6b4b1a88b4c3e5cd509__PDFV2__CH_0320,99
425fe6b4b1a88b4c3e5cd509__PDFV2__CH_0321,127
425fe6b4b1a88b4c3e5cd509__PDFV2__CH_0322,81
425fe6b4b1a88b4c3e5cd509__PDFV2__CH_0323,89
425fe6b4b1a88b4c3e5cd509__PDFV2__CH_0324,80
425fe6b4b1a88b4c3e5cd509__PDFV2__CH_0325,104
425fe6b4b1a88b4c3e5cd509__PDFV2__CH_0326,125
425fe6b4b1a88b4c3e5cd509__PDFV2__CH_0327,107
425fe6b4b1a88b4c3e5cd509__PDFV2__CH_0328,92
425fe6b4b1a88b4c3e5cd509__PDFV2__CH_0329,112
425fe6b4b1a88b4c3e5cd509__PDFV2__CH_0330,79
425fe6b4b1a88b4c3e5cd509__PDFV2__CH_0331,99
425fe6b4b1a88b4c3e5cd509__PDFV2__CH_0332,70
425fe6b4b1a88b4c3e5cd509__PDFV2__CH_0333,89
425fe6b4b1a88b4c3e5cd509__PDFV2__CH_0334,109
425fe6b4b1a88b4c3e5cd509__PDFV2__CH_0335,80
425fe6b4b1a88b4c3e5cd509__PDFV2__CH_0336,84
425fe6b4b1a88b4c3e5cd509__PDFV2__CH_0337,59
425fe6b4b1a88b4c3e5cd509__PDFV2__CH_0338,107
425fe6b4b1a88b4c3e5cd509__PDFV2__CH_0339,85
425fe6b4b1a88b4c3e5cd509__PDFV2__CH_0340,108
425fe6b4b1a88b4c3e5cd509__PDFV2__CH_0341,92
425fe6b4b1a88b4c3e5cd509__PDFV2__CH_0342,77
425fe6b4b1a88b4c3e5cd509__PDFV2__CH_0343,87
425fe6b4b1a88b4c3e5cd509__PDFV2__CH_0344,150
425fe6b4b1a88b4c3e5cd509__PDFV2__CH_0345,145
425fe6b4b1a88b4c3e5cd509__PDFV2__CH_0346,104
425fe6b4b1a88b4c3e5cd509__PDFV2__CH_0347,74
425fe6b4b1a88b4c3e5cd509__PDFV2__CH_0348,83
425fe6b4b1a88b4c3e5cd509__PDFV2__CH_0349,77
425fe6b4b1a88b4c3e5cd509__PDFV2__CH_0350,75
425fe6b4b1a88b4c3e5cd509__PDFV2__CH_0351,92
425fe6b4b1a88b4c3e5cd509__PDFV2__CH_0352,120
425fe6b4b1a88b4c3e5cd509__PDFV2__CH_0353,75
425fe6b4b1a88b4c3e5cd509__PDFV2__CH_0354,91
425fe6b4b1a88b4c3e5cd509__PDFV2__CH_0355,103
425fe6b4b1a88b4c3e5cd509__PDFV2__CH_0356,112
425fe6b4b1a88b4c3e5cd509__PDFV2__CH_0357,97
425fe6b4b1a88b4c3e5cd509__PDFV2__CH_0358,97
425fe6b4b1a88b4c3e5cd509__PDFV2__CH_0359,100
425fe6b4b1a88b4c3e5cd509__PDFV2__CH_0360,93
425fe6b4b1a88b4c3e5cd509__PDFV2__CH_0361,133
425fe6b4b1a88b4c3e5cd509__PDFV2__CH_0362,66
425fe6b4b1a88b4c3e5cd509__PDFV2__CH_0363,92
425fe6b4b1a88b4c3e5cd509__PDFV2__CH_0364,87
425fe6b4b1a88b4c3e5cd509__PDFV2__CH_0365,116
425fe6b4b1a88b4c3e5cd509__PDFV2__CH_0366,131
425fe6b4b1a88b4c3e5cd509__PDFV2__CH_0367,114
425fe6b4b1a88b4c3e5cd509__PDFV2__CH_0368,86
425fe6b4b1a88b4c3e5cd509__PDFV2__CH_0369,112
425fe6b4b1a88b4c3e5cd509__PDFV2__CH_0370,132
425fe6b4b1a88b4c3e5cd509__PDFV2__CH_0371,103
425fe6b4b1a88b4c3e5cd509__PDFV2__CH_0372,103
425fe6b4b1a88b4c3e5cd509__PDFV2__CH_0373__M,113
425fe6b4b1a88b4c3e5cd509__PDFV2__CH_0375,86
425fe6b4b1a88b4c3e5cd509__PDFV2__CH_0376,91
425fe6b4b1a88b4c3e5cd509__PDFV2__CH_0377,133
425fe6b4b1a88b4c3e5cd509__PDFV2__CH_0378,124
425fe6b4b1a88b4c3e5cd509__PDFV2__CH_0379,80
425fe6b4b1a88b4c3e5cd509__PDFV2__CH_0380__M,80
425fe6b4b1a88b4c3e5cd509__PDFV2__CH_0382,93
425fe6b4b1a88b4c3e5cd509__PDFV2__CH_0384,115
425fe6b4b1a88b4c3e5cd509__PDFV2__CH_0385,96
425fe6b4b1a88b4c3e5cd509__PDFV2__CH_0386,70
425fe6b4b1a88b4c3e5cd509__PDFV2__CH_0387,88
425fe6b4b1a88b4c3e5cd509__PDFV2__CH_0388,77
425fe6b4b1a88b4c3e5cd509__PDFV2__CH_0389,66
425fe6b4b1a88b4c3e5cd509__PDFV2__CH_0390,66
425fe6b4b1a88b4c3e5cd509__PDFV2__CH_0391,64
425fe6b4b1a88b4c3e5cd509__PDFV2__CH_0392,77
425fe6b4b1a88b4c3e5cd509__PDFV2__CH_0393,148
425fe6b4b1a88b4c3e5cd509__PDFV2__CH_0394,119
425fe6b4b1a88b4c3e5cd509__PDFV2__CH_0395,91
425fe6b4b1a88b4c3e5cd509__PDFV2__CH_0396,92
425fe6b4b1a88b4c3e5cd509__PDFV2__CH_0397,76
425fe6b4b1a88b4c3e5cd509__PDFV2__CH_0398,88
425fe6b4b1a88b4c3e5cd509__PDFV2__CH_0399,98
425fe6b4b1a88b4c3e5cd509__PDFV2__CH_0400,95
425fe6b4b1a88b4c3e5cd509__PDFV2__CH_0401,109
425fe6b4b1a88b4c3e5cd509__PDFV2__CH_0402,106
425fe6b4b1a88b4c3e5cd509__PDFV2__CH_0403,86
425fe6b4b1a88b4c3e5cd509__PDFV2__CH_0404,91
425fe6b4b1a88b4c3e5cd509__PDFV2__CH_0405,97
425fe6b4b1a88b4c3e5cd509__PDFV2__CH_0406__M,95
425fe6b4b1a88b4c3e5cd509__PDFV2__CH_0408__M,110
425fe6b4b1a88b4c3e5cd509__PDFV2__CH_0410,76
425fe6b4b1a88b4c3e5cd509__PDFV2__CH_0411,70
425fe6b4b1a88b4c3e5cd509__PDFV2__CH_0412__M,162
425fe6b4b1a88b4c3e5cd509__PDFV2__CH_0414,105
425fe6b4b1a88b4c3e5cd509__PDFV2__CH_0415,75
425fe6b4b1a88b4c3e5cd509__PDFV2__CH_0416,88
425fe6b4b1a88b4c3e5cd509__PDFV2__CH_0417,118
425fe6b4b1a88b4c3e5cd509__PDFV2__CH_0418,117
425fe6b4b1a88b4c3e5cd509__PDFV2__CH_0419,98
425fe6b4b1a88b4c3e5cd509__PDFV2__CH_0420,114
425fe6b4b1a88b4c3e5cd509__PDFV2__CH_0421,99
425fe6b4b1a88b4c3e5cd509__PDFV2__CH_0422,84
425fe6b4b1a88b4c3e5cd509__PDFV2__CH_0423,115
425fe6b4b1a88b4c3e5cd509__PDFV2__CH_0424,83
425fe6b4b1a88b4c3e5cd509__PDFV2__CH_0425__M,81
425fe6b4b1a88b4c3e5cd509__PDFV2__CH_0427__M,125
425fe6b4b1a88b4c3e5cd509__PDFV2__CH_0429,122
425fe6b4b1a88b4c3e5cd509__PDFV2__CH_0430,120
425fe6b4b1a88b4c3e5cd509__PDFV2__CH_0431,101
425fe6b4b1a88b4c3e5cd509__PDFV2__CH_0432,107
425fe6b4b1a88b4c3e5cd509__PDFV2__CH_0433,112
425fe6b4b1a88b4c3e5cd509__PDFV2__CH_0434,103
425fe6b4b1a88b4c3e5cd509__PDFV2__CH_0435,106
425fe6b4b1a88b4c3e5cd509__PDFV2__CH_0436,134
425fe6b4b1a88b4c3e5cd509__PDFV2__CH_0437,120
425fe6b4b1a88b4c3e5cd509__PDFV2__CH_0438,101
425fe6b4b1a88b4c3e5cd509__PDFV2__CH_0439,103
425fe6b4b1a88b4c3e5cd509__PDFV2__CH_0440,132
425fe6b4b1a88b4c3e5cd509__PDFV2__CH_0441,78
425fe6b4b1a88b4c3e5cd509__PDFV2__CH_0442,104
425fe6b4b1a88b4c3e5cd509__PDFV2__CH_0443,102
425fe6b4b1a88b4c3e5cd509__PDFV2__CH_0444,98
425fe6b4b1a88b4c3e5cd509__PDFV2__CH_0445,75
425fe6b4b1a88b4c3e5cd509__PDFV2__CH_0446,78
425fe6b4b1a88b4c3e5cd509__PDFV2__CH_0447,57
425fe6b4b1a88b4c3e5cd509__PDFV2__CH_0448,71
425fe6b4b1a88b4c3e5cd509__PDFV2__CH_0449,80
425fe6b4b1a88b4c3e5cd509__PDFV2__CH_0450,67
425fe6b4b1a88b4c3e5cd509__PDFV2__CH_0451,82
425fe6b4b1a88b4c3e5cd509__PDFV2__CH_0452,85
425fe6b4b1a88b4c3e5cd509__PDFV2__CH_0453,76
425fe6b4b1a88b4c3e5cd509__PDFV2__CH_0454,92
425fe6b4b1a88b4c3e5cd509__PDFV2__CH_0455,85
425fe6b4b1a88b4c3e5cd509__PDFV2__CH_0456,65
425fe6b4b1a88b4c3e5cd509__PDFV2__CH_0457,76
425fe6b4b1a88b4c3e5cd509__PDFV2__CH_0458,89
425fe6b4b1a88b4c3e5cd509__PDFV2__CH_0459,81
425fe6b4b1a88b4c3e5cd509__PDFV2__CH_0460__M,94
425fe6b4b1a88b4c3e5cd509__PDFV2__CH_0462,107
425fe6b4b1a88b4c3e5cd509__PDFV2__CH_0463,81
425fe6b4b1a88b4c3e5cd509__PDFV2__CH_0464,91
425fe6b4b1a88b4c3e5cd509__PDFV2__CH_0465,108
425fe6b4b1a88b4c3e5cd509__PDFV2__CH_0466,89
425fe6b4b1a88b4c3e5cd509__PDFV2__CH_0467,102
425fe6b4b1a88b4c3e5cd509__PDFV2__CH_0468,75
425fe6b4b1a88b4c3e5cd509__PDFV2__CH_0469,80
425fe6b4b1a88b4c3e5cd509__PDFV2__CH_0470,87
425fe6b4b1a88b4c3e5cd509__PDFV2__CH_0471,114
425fe6b4b1a88b4c3e5cd509__PDFV2__CH_0472__M,95
425fe6b4b1a88b4c3e5cd509__PDFV2__CH_0474,76
425fe6b4b1a88b4c3e5cd509__PDFV2__CH_0475,110
425fe6b4b1a88b4c3e5cd509__PDFV2__CH_0476,100
425fe6b4b1a88b4c3e5cd509__PDFV2__CH_0477,90
425fe6b4b1a88b4c3e5cd509__PDFV2__CH_0478,95
425fe6b4b1a88b4c3e5cd509__PDFV2__CH_0479,79
425fe6b4b1a88b4c3e5cd509__PDFV2__CH_0480,104
425fe6b4b1a88b4c3e5cd509__PDFV2__CH_0481,100
425fe6b4b1a88b4c3e5cd509__PDFV2__CH_0482,134
425fe6b4b1a88b4c3e5cd509__PDFV2__CH_0483,117
425fe6b4b1a88b4c3e5cd509__PDFV2__CH_0484__M,138
425fe6b4b1a88b4c3e5cd509__PDFV2__CH_0486,108
425fe6b4b1a88b4c3e5cd509__PDFV2__CH_0487,134
425fe6b4b1a88b4c3e5cd509__PDFV2__CH_0488,152
425fe6b4b1a88b4c3e5cd509__PDFV2__CH_0489,142
425fe6b4b1a88b4c3e5cd509__PDFV2__CH_0490,125
425fe6b4b1a88b4c3e5cd509__PDFV2__CH_0491,89
425fe6b4b1a88b4c3e5cd509__PDFV2__CH_0492,78
425fe6b4b1a88b4c3e5cd509__PDFV2__CH_0493,90
425fe6b4b1a88b4c3e5cd509__PDFV2__CH_0494,69
425fe6b4b1a88b4c3e5cd509__PDFV2__CH_0495,88
425fe6b4b1a88b4c3e5cd509__PDFV2__CH_0496,100
425fe6b4b1a88b4c3e5cd509__PDFV2__CH_0497__M,104
425fe6b4b1a88b4c3e5cd509__PDFV2__CH_0499,91
425fe6b4b1a88b4c3e5cd509__PDFV2__CH_0500,77
425fe6b4b1a88b4c3e5cd509__PDFV2__CH_0501,87
425fe6b4b1a88b4c3e5cd509__PDFV2__CH_0502,72
425fe6b4b1a88b4c3e5cd509__PDFV2__CH_0503,84
425fe6b4b1a88b4c3e5cd509__PDFV2__CH_0504,105
425fe6b4b1a88b4c3e5cd509__PDFV2__CH_0505,89
425fe6b4b1a88b4c3e5cd509__PDFV2__CH_0506__M,138
425fe6b4b1a88b4c3e5cd509__PDFV2__CH_0509,97
425fe6b4b1a88b4c3e5cd509__PDFV2__CH_0510,104
425fe6b4b1a88b4c3e5cd509__PDFV2__CH_0511,75
425fe6b4b1a88b4c3e5cd509__PDFV2__CH_0512,152
425fe6b4b1a88b4c3e5cd509__PDFV2__CH_0513,134
425fe6b4b1a88b4c3e5cd509__PDFV2__CH_0514,152
425fe6b4b1a88b4c3e5cd509__PDFV2__CH_0515,148
425fe6b4b1a88b4c3e5cd509__PDFV2__CH_0516,96
425fe6b4b1a88b4c3e5cd509__PDFV2__CH_0517__M,164
425fe6b4b1a88b4c3e5cd509__PDFV2__CH_0519,101
425fe6b4b1a88b4c3e5cd509__PDFV2__CH_0520,123
425fe6b4b1a88b4c3e5cd509__PDFV2__CH_0521,103
425fe6b4b1a88b4c3e5cd509__PDFV2__CH_0522,118
425fe6b4b1a88b4c3e5cd509__PDFV2__CH_0523,77
425fe6b4b1a88b4c3e5cd509__PDFV2__CH_0524,106
425fe6b4b1a88b4c3e5cd509__PDFV2__CH_0525,82
425fe6b4b1a88b4c3e5cd509__PDFV2__CH_0526,90
425fe6b4b1a88b4c3e5cd509__PDFV2__CH_0527,89
425fe6b4b1a88b4c3e5cd509__PDFV2__CH_0528,114
425fe6b4b1a88b4c3e5cd509__PDFV2__CH_0529,123
425fe6b4b1a88b4c3e5cd509__PDFV2__CH_0530,156
425fe6b4b1a88b4c3e5cd509__PDFV2__CH_0531,122
425fe6b4b1a88b4c3e5cd509__PDFV2__CH_0532,126
425fe6b4b1a88b4c3e5cd509__PDFV2__CH_0533,112
425fe6b4b1a88b4c3e5cd509__PDFV2__CH_0534,106
425fe6b4b1a88b4c3e5cd509__PDFV2__CH_0535,99
425fe6b4b1a88b4c3e5cd509__PDFV2__CH_0536,85
425fe6b4b1a88b4c3e5cd509__PDFV2__CH_0537,93
425fe6b4b1a88b4c3e5cd509__PDFV2__CH_0538,122
425fe6b4b1a88b4c3e5cd509__PDFV2__CH_0539,122
425fe6b4b1a88b4c3e5cd509__PDFV2__CH_0540,107
425fe6b4b1a88b4c3e5cd509__PDFV2__CH_0541,91
425fe6b4b1a88b4c3e5cd509__PDFV2__CH_0542,108
425fe6b4b1a88b4c3e5cd509__PDFV2__CH_0543,111
425fe6b4b1a88b4c3e5cd509__PDFV2__CH_0544,121
425fe6b4b1a88b4c3e5cd509__PDFV2__CH_0545,108
425fe6b4b1a88b4c3e5cd509__PDFV2__CH_0546,87
425fe6b4b1a88b4c3e5cd509__PDFV2__CH_0547,104
425fe6b4b1a88b4c3e5cd509__PDFV2__CH_0548,109
425fe6b4b1a88b4c3e5cd509__PDFV2__CH_0549,118
425fe6b4b1a88b4c3e5cd509__PDFV2__CH_0550,100
425fe6b4b1a88b4c3e5cd509__PDFV2__CH_0551,91
425fe6b4b1a88b4c3e5cd509__PDFV2__CH_0552,104
425fe6b4b1a88b4c3e5cd509__PDFV2__CH_0553,75
425fe6b4b1a88b4c3e5cd509__PDFV2__CH_0554,97
425fe6b4b1a88b4c3e5cd509__PDFV2__CH_0555,152
425fe6b4b1a88b4c3e5cd509__PDFV2__CH_0556,114
425fe6b4b1a88b4c3e5cd509__PDFV2__CH_0557,117
425fe6b4b1a88b4c3e5cd509__PDFV2__CH_0558,128
425fe6b4b1a88b4c3e5cd509__PDFV2__CH_0559,101
425fe6b4b1a88b4c3e5cd509__PDFV2__CH_0560__M,194
425fe6b4b1a88b4c3e5cd509__PDFV2__CH_0563,88
425fe6b4b1a88b4c3e5cd509__PDFV2__CH_0564,88
425fe6b4b1a88b4c3e5cd509__PDFV2__CH_0565,98
425fe6b4b1a88b4c3e5cd509__PDFV2__CH_0566,108
425fe6b4b1a88b4c3e5cd509__PDFV2__CH_0567,93
425fe6b4b1a88b4c3e5cd509__PDFV2__CH_0568,109
425fe6b4b1a88b4c3e5cd509__PDFV2__CH_0569,130
425fe6b4b1a88b4c3e5cd509__PDFV2__CH_0570,98
425fe6b4b1a88b4c3e5cd509__PDFV2__CH_0571,100
425fe6b4b1a88b4c3e5cd509__PDFV2__CH_0572__M,128
425fe6b4b1a88b4c3e5cd509__PDFV2__CH_0575__M,149
425fe6b4b1a88b4c3e5cd509__PDFV2__CH_0577,75
425fe6b4b1a88b4c3e5cd509__PDFV2__CH_0578,90
425fe6b4b1a88b4c3e5cd509__PDFV2__CH_0579,95
425fe6b4b1a88b4c3e5cd509__PDFV2__CH_0580,143
425fe6b4b1a88b4c3e5cd509__PDFV2__CH_0581,128
425fe6b4b1a88b4c3e5cd509__PDFV2__CH_0582,162
425fe6b4b1a88b4c3e5cd509__PDFV2__CH_0583,121
425fe6b4b1a88b4c3e5cd509__PDFV2__CH_0584,118
425fe6b4b1a88b4c3e5cd509__PDFV2__CH_0585,111
425fe6b4b1a88b4c3e5cd509__PDFV2__CH_0586,100
425fe6b4b1a88b4c3e5cd509__PDFV2__CH_0587,87
425fe6b4b1a88b4c3e5cd509__PDFV2__CH_0588,128
425fe6b4b1a88b4c3e5cd509__PDFV2__CH_0589,92
425fe6b4b1a88b4c3e5cd509__PDFV2__CH_0590,119
425fe6b4b1a88b4c3e5cd509__PDFV2__CH_0591,154
425fe6b4b1a88b4c3e5cd509__PDFV2__CH_0592,103
425fe6b4b1a88b4c3e5cd509__PDFV2__CH_0593,137
425fe6b4b1a88b4c3e5cd509__PDFV2__CH_0594__M,172
425fe6b4b1a88b4c3e5cd509__PDFV2__CH_0596__M,175
425fe6b4b1a88b4c3e5cd509__PDFV2__CH_0598,144
425fe6b4b1a88b4c3e5cd509__PDFV2__CH_0599,121
425fe6b4b1a88b4c3e5cd509__PDFV2__CH_0600,87
425fe6b4b1a88b4c3e5cd509__PDFV2__CH_0601,93
425fe6b4b1a88b4c3e5cd509__PDFV2__CH_0602,139
425fe6b4b1a88b4c3e5cd509__PDFV2__CH_0603,147
425fe6b4b1a88b4c3e5cd509__PDFV2__CH_0604,142
425fe6b4b1a88b4c3e5cd509__PDFV2__CH_0605,130
425fe6b4b1a88b4c3e5cd509__PDFV2__CH_0606,101
425fe6b4b1a88b4c3e5cd509__PDFV2__CH_0607,98
425fe6b4b1a88b4c3e5cd509__PDFV2__CH_0608,109
425fe6b4b1a88b4c3e5cd509__PDFV2__CH_0609,117
425fe6b4b1a88b4c3e5cd509__PDFV2__CH_0610,120
425fe6b4b1a88b4c3e5cd509__PDFV2__CH_0611,94
425fe6b4b1a88b4c3e5cd509__PDFV2__CH_0612,106
425fe6b4b1a88b4c3e5cd509__PDFV2__CH_0613,104
425fe6b4b1a88b4c3e5cd509__PDFV2__CH_0614,101
425fe6b4b1a88b4c3e5cd509__PDFV2__CH_0615,116
425fe6b4b1a88b4c3e5cd509__PDFV2__CH_0616,80
425fe6b4b1a88b4c3e5cd509__PDFV2__CH_0617,85
425fe6b4b1a88b4c3e5cd509__PDFV2__CH_0618,184
425fe6b4b1a88b4c3e5cd509__PDFV2__CH_0619,117
425fe6b4b1a88b4c3e5cd509__PDFV2__CH_0620,94
425fe6b4b1a88b4c3e5cd509__PDFV2__CH_0621,120
425fe6b4b1a88b4c3e5cd509__PDFV2__CH_0622,98
425fe6b4b1a88b4c3e5cd509__PDFV2__CH_0623,73
425fe6b4b1a88b4c3e5cd509__PDFV2__CH_0624,80
425fe6b4b1a88b4c3e5cd509__PDFV2__CH_0625,126
425fe6b4b1a88b4c3e5cd509__PDFV2__CH_0626,78
425fe6b4b1a88b4c3e5cd509__PDFV2__CH_0627,65
425fe6b4b1a88b4c3e5cd509__PDFV2__CH_0628,81
425fe6b4b1a88b4c3e5cd509__PDFV2__CH_0629,100
425fe6b4b1a88b4c3e5cd509__PDFV2__CH_0630,69
425fe6b4b1a88b4c3e5cd509__PDFV2__CH_0631,84
425fe6b4b1a88b4c3e5cd509__PDFV2__CH_0632,88
425fe6b4b1a88b4c3e5cd509__PDFV2__CH_0633,102
425fe6b4b1a88b4c3e5cd509__PDFV2__CH_0634,145
425fe6b4b1a88b4c3e5cd509__PDFV2__CH_0635,128
425fe6b4b1a88b4c3e5cd509__PDFV2__CH_0636,114
425fe6b4b1a88b4c3e5cd509__PDFV2__CH_0637,87
425fe6b4b1a88b4c3e5cd509__PDFV2__CH_0638,90
425fe6b4b1a88b4c3e5cd509__PDFV2__CH_0639,59
425fe6b4b1a88b4c3e5cd509__PDFV2__CH_0640,127
425fe6b4b1a88b4c3e5cd509__PDFV2__CH_0641,126
425fe6b4b1a88b4c3e5cd509__PDFV2__CH_0642,130
425fe6b4b1a88b4c3e5cd509__PDFV2__CH_0644,72
425fe6b4b1a88b4c3e5cd509__PDFV2__CH_0645,90
425fe6b4b1a88b4c3e5cd509__PDFV2__CH_0646,151
425fe6b4b1a88b4c3e5cd509__PDFV2__CH_0647,78
425fe6b4b1a88b4c3e5cd509__PDFV2__CH_0648,112
425fe6b4b1a88b4c3e5cd509__PDFV2__CH_0649,102
425fe6b4b1a88b4c3e5cd509__PDFV2__CH_0650,113
425fe6b4b1a88b4c3e5cd509__PDFV2__CH_0651,111
425fe6b4b1a88b4c3e5cd509__PDFV2__CH_0652,101
425fe6b4b1a88b4c3e5cd509__PDFV2__CH_0653,81
425fe6b4b1a88b4c3e5cd509__PDFV2__CH_0654,88
425fe6b4b1a88b4c3e5cd509__PDFV2__CH_0655,124
425fe6b4b1a88b4c3e5cd509__PDFV2__CH_0656,138
425fe6b4b1a88b4c3e5cd509__PDFV2__CH_0657,93
425fe6b4b1a88b4c3e5cd509__PDFV2__CH_0658,122
425fe6b4b1a88b4c3e5cd509__PDFV2__CH_0659,122
425fe6b4b1a88b4c3e5cd509__PDFV2__CH_0660,108
425fe6b4b1a88b4c3e5cd509__PDFV2__CH_0661,113
425fe6b4b1a88b4c3e5cd509__PDFV2__CH_0662,58
425fe6b4b1a88b4c3e5cd509__PDFV2__CH_0663,81
425fe6b4b1a88b4c3e5cd509__PDFV2__CH_0664,73
425fe6b4b1a88b4c3e5cd509__PDFV2__CH_0665,57
425fe6b4b1a88b4c3e5cd509__PDFV2__CH_0667,80
425fe6b4b1a88b4c3e5cd509__PDFV2__CH_0668,74
425fe6b4b1a88b4c3e5cd509__PDFV2__CH_0669,70
425fe6b4b1a88b4c3e5cd509__PDFV2__CH_0670,86
425fe6b4b1a88b4c3e5cd509__PDFV2__CH_0671,77
425fe6b4b1a88b4c3e5cd509__PDFV2__CH_0672,75
425fe6b4b1a88b4c3e5cd509__PDFV2__CH_0673__M,123
425fe6b4b1a88b4c3e5cd509__PDFV2__CH_0675__M,207
425fe6b4b1a88b4c3e5cd509__PDFV2__CH_0677,101
425fe6b4b1a88b4c3e5cd509__PDFV2__CH_0678,109
425fe6b4b1a88b4c3e5cd509__PDFV2__CH_0679,147
425fe6b4b1a88b4c3e5cd509__PDFV2__CH_0680,113
425fe6b4b1a88b4c3e5cd509__PDFV2__CH_0681,120
425fe6b4b1a88b4c3e5cd509__PDFV2__CH_0682,151
425fe6b4b1a88b4c3e5cd509__PDFV2__CH_0683,88
425fe6b4b1a88b4c3e5cd509__PDFV2__CH_0684,110
425fe6b4b1a88b4c3e5cd509__PDFV2__CH_0685,98
425fe6b4b1a88b4c3e5cd509__PDFV2__CH_0686,98
425fe6b4b1a88b4c3e5cd509__PDFV2__CH_0687,138
425fe6b4b1a88b4c3e5cd509__PDFV2__CH_0688,95
425fe6b4b1a88b4c3e5cd509__PDFV2__CH_0689,138
425fe6b4b1a88b4c3e5cd509__PDFV2__CH_0690,99
425fe6b4b1a88b4c3e5cd509__PDFV2__CH_0691,114
425fe6b4b1a88b4c3e5cd509__PDFV2__CH_0692,103
425fe6b4b1a88b4c3e5cd509__PDFV2__CH_0693,99
425fe6b4b1a88b4c3e5cd509__PDFV2__CH_0694,129
425fe6b4b1a88b4c3e5cd509__PDFV2__CH_0695,115
425fe6b4b1a88b4c3e5cd509__PDFV2__CH_0696,108
425fe6b4b1a88b4c3e5cd509__PDFV2__CH_0697,136
425fe6b4b1a88b4c3e5cd509__PDFV2__CH_0698,56
425fe6b4b1a88b4c3e5cd509__PDFV2__CH_0699,116
425fe6b4b1a88b4c3e5cd509__PDFV2__CH_0700,94
425fe6b4b1a88b4c3e5cd509__PDFV2__CH_0701,121
425fe6b4b1a88b4c3e5cd509__PDFV2__CH_0702,95
425fe6b4b1a88b4c3e5cd509__PDFV2__CH_0703,89
425fe6b4b1a88b4c3e5cd509__PDFV2__CH_0704__M,92
425fe6b4b1a88b4c3e5cd509__PDFV2__CH_0706,113
425fe6b4b1a88b4c3e5cd509__PDFV2__CH_0707,106
425fe6b4b1a88b4c3e5cd509__PDFV2__CH_0708,90
425fe6b4b1a88b4c3e5cd509__PDFV2__CH_0709,86
425fe6b4b1a88b4c3e5cd509__PDFV2__CH_0710,125
425fe6b4b1a88b4c3e5cd509__PDFV2__CH_0711,122
425fe6b4b1a88b4c3e5cd509__PDFV2__CH_0712,87
425fe6b4b1a88b4c3e5cd509__PDFV2__CH_0713,97
425fe6b4b1a88b4c3e5cd509__PDFV2__CH_0714__M,209
425fe6b4b1a88b4c3e5cd509__PDFV2__CH_0716,123
425fe6b4b1a88b4c3e5cd509__PDFV2__CH_0717__M,107
425fe6b4b1a88b4c3e5cd509__PDFV2__CH_0719,113
425fe6b4b1a88b4c3e5cd509__PDFV2__CH_0720,105
425fe6b4b1a88b4c3e5cd509__PDFV2__CH_0722__M,219
425fe6b4b1a88b4c3e5cd509__PDFV2__CH_0724,100
425fe6b4b1a88b4c3e5cd509__PDFV2__CH_0725,147
425fe6b4b1a88b4c3e5cd509__PDFV2__CH_0726,109
425fe6b4b1a88b4c3e5cd509__PDFV2__CH_0727,75
425fe6b4b1a88b4c3e5cd509__PDFV2__CH_0728,86
425fe6b4b1a88b4c3e5cd509__PDFV2__CH_0729,100
425fe6b4b1a88b4c3e5cd509__PDFV2__CH_0730,106
425fe6b4b1a88b4c3e5cd509__PDFV2__CH_0731,110
425fe6b4b1a88b4c3e5cd509__PDFV2__CH_0732,110
425fe6b4b1a88b4c3e5cd509__PDFV2__CH_0733,77
425fe6b4b1a88b4c3e5cd509__PDFV2__CH_0734,106
425fe6b4b1a88b4c3e5cd509__PDFV2__CH_0735__M,185
425fe6b4b1a88b4c3e5cd509__PDFV2__CH_0737,116
425fe6b4b1a88b4c3e5cd509__PDFV2__CH_0738,101
425fe6b4b1a88b4c3e5cd509__PDFV2__CH_0739,103
425fe6b4b1a88b4c3e5cd509__PDFV2__CH_0740,81
425fe6b4b1a88b4c3e5cd509__PDFV2__CH_0741,74
425fe6b4b1a88b4c3e5cd509__PDFV2__CH_0742,126
425fe6b4b1a88b4c3e5cd509__PDFV2__CH_0743,139
425fe6b4b1a88b4c3e5cd509__PDFV2__CH_0744,104
425fe6b4b1a88b4c3e5cd509__PDFV2__CH_0745,118
425fe6b4b1a88b4c3e5cd509__PDFV2__CH_0746,95
425fe6b4b1a88b4c3e5cd509__PDFV2__CH_0747,127
425fe6b4b1a88b4c3e5cd509__PDFV2__CH_0748,120
425fe6b4b1a88b4c3e5cd509__PDFV2__CH_0749,116
425fe6b4b1a88b4c3e5cd509__PDFV2__CH_0750,122
425fe6b4b1a88b4c3e5cd509__PDFV2__CH_0751,126
425fe6b4b1a88b4c3e5cd509__PDFV2__CH_0752,106
425fe6b4b1a88b4c3e5cd509__PDFV2__CH_0753,83
425fe6b4b1a88b4c3e5cd509__PDFV2__CH_0754,96
425fe6b4b1a88b4c3e5cd509__PDFV2__CH_0755,102
425fe6b4b1a88b4c3e5cd509__PDFV2__CH_0756,138
425fe6b4b1a88b4c3e5cd509__PDFV2__CH_0757,105
425fe6b4b1a88b4c3e5cd509__PDFV2__CH_0758,106
425fe6b4b1a88b4c3e5cd509__PDFV2__CH_0759,108
425fe6b4b1a88b4c3e5cd509__PDFV2__CH_0760,58
425fe6b4b1a88b4c3e5cd509__PDFV2__CH_0761,114
425fe6b4b1a88b4c3e5cd509__PDFV2__CH_0762,125
425fe6b4b1a88b4c3e5cd509__PDFV2__CH_0763,90
425fe6b4b1a88b4c3e5cd509__PDFV2__CH_0764,98
425fe6b4b1a88b4c3e5cd509__PDFV2__CH_0765,108
425fe6b4b1a88b4c3e5cd509__PDFV2__CH_0766,88
425fe6b4b1a88b4c3e5cd509__PDFV2__CH_0767__M,91
425fe6b4b1a88b4c3e5cd509__PDFV2__CH_0769,118
425fe6b4b1a88b4c3e5cd509__PDFV2__CH_0770,99
425fe6b4b1a88b4c3e5cd509__PDFV2__CH_0771,85
425fe6b4b1a88b4c3e5cd509__PDFV2__CH_0772,105
425fe6b4b1a88b4c3e5cd509__PDFV2__CH_0773,107
425fe6b4b1a88b4c3e5cd509__PDFV2__CH_0774,96
425fe6b4b1a88b4c3e5cd509__PDFV2__CH_0775,78
425fe6b4b1a88b4c3e5cd509__PDFV2__CH_0776,123
425fe6b4b1a88b4c3e5cd509__PDFV2__CH_0777,128
425fe6b4b1a88b4c3e5cd509__PDFV2__CH_0778,110
425fe6b4b1a88b4c3e5cd509__PDFV2__CH_0779,71
425fe6b4b1a88b4c3e5cd509__PDFV2__CH_0780,101
425fe6b4b1a88b4c3e5cd509__PDFV2__CH_0781,111
425fe6b4b1a88b4c3e5cd509__PDFV2__CH_0782,70
425fe6b4b1a88b4c3e5cd509__PDFV2__CH_0783,124
425fe6b4b1a88b4c3e5cd509__PDFV2__CH_0784,85
425fe6b4b1a88b4c3e5cd509__PDFV2__CH_0785,80
425fe6b4b1a88b4c3e5cd509__PDFV2__CH_0786,110
425fe6b4b1a88b4c3e5cd509__PDFV2__CH_0787,95
425fe6b4b1a88b4c3e5cd509__PDFV2__CH_0788,92
425fe6b4b1a88b4c3e5cd509__PDFV2__CH_0789,99
425fe6b4b1a88b4c3e5cd509__PDFV2__CH_0790,64
425fe6b4b1a88b4c3e5cd509__PDFV2__CH_0791,89
425fe6b4b1a88b4c3e5cd509__PDFV2__CH_0792,107
425fe6b4b1a88b4c3e5cd509__PDFV2__CH_0793,86
425fe6b4b1a88b4c3e5cd509__PDFV2__CH_0794,109
425fe6b4b1a88b4c3e5cd509__PDFV2__CH_0795,84
425fe6b4b1a88b4c3e5cd509__PDFV2__CH_0797,90
425fe6b4b1a88b4c3e5cd509__PDFV2__CH_0798,112
425fe6b4b1a88b4c3e5cd509__PDFV2__CH_0799,95
425fe6b4b1a88b4c3e5cd509__PDFV2__CH_0800,99
425fe6b4b1a88b4c3e5cd509__PDFV2__CH_0801,100
425fe6b4b1a88b4c3e5cd509__PDFV2__CH_0802,150
425fe6b4b1a88b4c3e5cd509__PDFV2__CH_0803,105
425fe6b4b1a88b4c3e5cd509__PDFV2__CH_0804__M,156
425fe6b4b1a88b4c3e5cd509__PDFV2__CH_0808,137
425fe6b4b1a88b4c3e5cd509__PDFV2__CH_0809,114
425fe6b4b1a88b4c3e5cd509__PDFV2__CH_0810,106
425fe6b4b1a88b4c3e5cd509__PDFV2__CH_0811,117
425fe6b4b1a88b4c3e5cd509__PDFV2__CH_0812,109
425fe6b4b1a88b4c3e5cd509__PDFV2__CH_0813,76
425fe6b4b1a88b4c3e5cd509__PDFV2__CH_0814,142
425fe6b4b1a88b4c3e5cd509__PDFV2__CH_0815,83
425fe6b4b1a88b4c3e5cd509__PDFV2__CH_0816,129
425fe6b4b1a88b4c3e5cd509__PDFV2__CH_0817,106
425fe6b4b1a88b4c3e5cd509__PDFV2__CH_0818,130
425fe6b4b1a88b4c3e5cd509__PDFV2__CH_0819,98
425fe6b4b1a88b4c3e5cd509__PDFV2__CH_0820,85
425fe6b4b1a88b4c3e5cd509__PDFV2__CH_0821,126
425fe6b4b1a88b4c3e5cd509__PDFV2__CH_0822,113
425fe6b4b1a88b4c3e5cd509__PDFV2__CH_0823,98
425fe6b4b1a88b4c3e5cd509__PDFV2__CH_0824,137
425fe6b4b1a88b4c3e5cd509__PDFV2__CH_0825,135
425fe6b4b1a88b4c3e5cd509__PDFV2__CH_0826,116
425fe6b4b1a88b4c3e5cd509__PDFV2__CH_0827,92
425fe6b4b1a88b4c3e5cd509__PDFV2__CH_0828,134
425fe6b4b1a88b4c3e5cd509__PDFV2__CH_0829,66
425fe6b4b1a88b4c3e5cd509__PDFV2__CH_0830,108
425fe6b4b1a88b4c3e5cd509__PDFV2__CH_0831,108
425fe6b4b1a88b4c3e5cd509__PDFV2__CH_0832,101
425fe6b4b1a88b4c3e5cd509__PDFV2__CH_0833,92
425fe6b4b1a88b4c3e5cd509__PDFV2__CH_0834,133
425fe6b4b1a88b4c3e5cd509__PDFV2__CH_0835,97
425fe6b4b1a88b4c3e5cd509__PDFV2__CH_0836,111
425fe6b4b1a88b4c3e5cd509__PDFV2__CH_0837,154
425fe6b4b1a88b4c3e5cd509__PDFV2__CH_0838,98
425fe6b4b1a88b4c3e5cd509__PDFV2__CH_0839,90
425fe6b4b1a88b4c3e5cd509__PDFV2__CH_0840,120
425fe6b4b1a88b4c3e5cd509__PDFV2__CH_0841,109
425fe6b4b1a88b4c3e5cd509__PDFV2__CH_0842,69
425fe6b4b1a88b4c3e5cd509__PDFV2__CH_0843,110
425fe6b4b1a88b4c3e5cd509__PDFV2__CH_0844,96
425fe6b4b1a88b4c3e5cd509__PDFV2__CH_0845,76
425fe6b4b1a88b4c3e5cd509__PDFV2__CH_0846,75
425fe6b4b1a88b4c3e5cd509__PDFV2__CH_0847,100
425fe6b4b1a88b4c3e5cd509__PDFV2__CH_0848,79
425fe6b4b1a88b4c3e5cd509__PDFV2__CH_0849,77
425fe6b4b1a88b4c3e5cd509__PDFV2__CH_0850__M,156
425fe6b4b1a88b4c3e5cd509__PDFV2__CH_0852,85
425fe6b4b1a88b4c3e5cd509__PDFV2__CH_0853,103
425fe6b4b1a88b4c3e5cd509__PDFV2__CH_0854,116
425fe6b4b1a88b4c3e5cd509__PDFV2__CH_0855,134
425fe6b4b1a88b4c3e5cd509__PDFV2__CH_0856,95
425fe6b4b1a88b4c3e5cd509__PDFV2__CH_0857,68
425fe6b4b1a88b4c3e5cd509__PDFV2__CH_0858,84
425fe6b4b1a88b4c3e5cd509__PDFV2__CH_0859,90
425fe6b4b1a88b4c3e5cd509__PDFV2__CH_0860,75
425fe6b4b1a88b4c3e5cd509__PDFV2__CH_0861,89
425fe6b4b1a88b4c3e5cd509__PDFV2__CH_0862,83
425fe6b4b1a88b4c3e5cd509__PDFV2__CH_0863,115
425fe6b4b1a88b4c3e5cd509__PDFV2__CH_0864,101
425fe6b4b1a88b4c3e5cd509__PDFV2__CH_0865,71
425fe6b4b1a88b4c3e5cd509__PDFV2__CH_0866,112
425fe6b4b1a88b4c3e5cd509__PDFV2__CH_0867,64
425fe6b4b1a88b4c3e5cd509__PDFV2__CH_0868,84
425fe6b4b1a88b4c3e5cd509__PDFV2__CH_0869__M,124
425fe6b4b1a88b4c3e5cd509__PDFV2__CH_0871,124
425fe6b4b1a88b4c3e5cd509__PDFV2__CH_0872__M,146
425fe6b4b1a88b4c3e5cd509__PDFV2__CH_0874,78
425fe6b4b1a88b4c3e5cd509__PDFV2__CH_0875,128
425fe6b4b1a88b4c3e5cd509__PDFV2__CH_0876__M,122
425fe6b4b1a88b4c3e5cd509__PDFV2__CH_0879,122
425fe6b4b1a88b4c3e5cd509__PDFV2__CH_0880,100
425fe6b4b1a88b4c3e5cd509__PDFV2__CH_0881,118
425fe6b4b1a88b4c3e5cd509__PDFV2__CH_0882,81
425fe6b4b1a88b4c3e5cd509__PDFV2__CH_0883,65
425fe6b4b1a88b4c3e5cd509__PDFV2__CH_0884,124
425fe6b4b1a88b4c3e5cd509__PDFV2__CH_0885,109
425fe6b4b1a88b4c3e5cd509__PDFV2__CH_0886,115
425fe6b4b1a88b4c3e5cd509__PDFV2__CH_0887,95
425fe6b4b1a88b4c3e5cd509__PDFV2__CH_0888,61
425fe6b4b1a88b4c3e5cd509__PDFV2__CH_0889,127
425fe6b4b1a88b4c3e5cd509__PDFV2__CH_0890,103
425fe6b4b1a88b4c3e5cd509__PDFV2__CH_0891,71
425fe6b4b1a88b4c3e5cd509__PDFV2__CH_0892,141
425fe6b4b1a88b4c3e5cd509__PDFV2__CH_0893__M,181
425fe6b4b1a88b4c3e5cd509__PDFV2__CH_0895,112
425fe6b4b1a88b4c3e5cd509__PDFV2__CH_0896,89
425fe6b4b1a88b4c3e5cd509__PDFV2__CH_0897,102
425fe6b4b1a88b4c3e5cd509__PDFV2__CH_0898__M,196
425fe6b4b1a88b4c3e5cd509__PDFV2__CH_0901,133
425fe6b4b1a88b4c3e5cd509__PDFV2__CH_0902,124
425fe6b4b1a88b4c3e5cd509__PDFV2__CH_0903,120
425fe6b4b1a88b4c3e5cd509__PDFV2__CH_0904__M,141
425fe6b4b1a88b4c3e5cd509__PDFV2__CH_0907,89
425fe6b4b1a88b4c3e5cd509__PDFV2__CH_0908,79
425fe6b4b1a88b4c3e5cd509__PDFV2__CH_0909,64
425fe6b4b1a88b4c3e5cd509__PDFV2__CH_0910,119
425fe6b4b1a88b4c3e5cd509__PDFV2__CH_0911,123
425fe6b4b1a88b4c3e5cd509__PDFV2__CH_0912,135
425fe6b4b1a88b4c3e5cd509__PDFV2__CH_0913,117
425fe6b4b1a88b4c3e5cd509__PDFV2__CH_0914,79
425fe6b4b1a88b4c3e5cd509__PDFV2__CH_0915,87
425fe6b4b1a88b4c3e5cd509__PDFV2__CH_0916,92
425fe6b4b1a88b4c3e5cd509__PDFV2__CH_0917,81
425fe6b4b1a88b4c3e5cd509__PDFV2__CH_0918,104
425fe6b4b1a88b4c3e5cd509__PDFV2__CH_0919,99
425fe6b4b1a88b4c3e5cd509__PDFV2__CH_0920,113
425fe6b4b1a88b4c3e5cd509__PDFV2__CH_0921,83
425fe6b4b1a88b4c3e5cd509__PDFV2__CH_0922,119
425fe6b4b1a88b4c3e5cd509__PDFV2__CH_0923,115
425fe6b4b1a88b4c3e5cd509__PDFV2__CH_0924,117
425fe6b4b1a88b4c3e5cd509__PDFV2__CH_0925,92
425fe6b4b1a88b4c3e5cd509__PDFV2__CH_0926,85
425fe6b4b1a88b4c3e5cd509__PDFV2__CH_0927,117
425fe6b4b1a88b4c3e5cd509__PDFV2__CH_0928,114
425fe6b4b1a88b4c3e5cd509__PDFV2__CH_0929,112
425fe6b4b1a88b4c3e5cd509__PDFV2__CH_0930,133
425fe6b4b1a88b4c3e5cd509__PDFV2__CH_0931,68
425fe6b4b1a88b4c3e5cd509__PDFV2__CH_0932,157
425fe6b4b1a88b4c3e5cd509__PDFV2__CH_0933,130
425fe6b4b1a88b4c3e5cd509__PDFV2__CH_0934,107
425fe6b4b1a88b4c3e5cd509__PDFV2__CH_0935,108
425fe6b4b1a88b4c3e5cd509__PDFV2__CH_0936,86
425fe6b4b1a88b4c3e5cd509__PDFV2__CH_0937,75
425fe6b4b1a88b4c3e5cd509__PDFV2__CH_0938,114
425fe6b4b1a88b4c3e5cd509__PDFV2__CH_0939,96
425fe6b4b1a88b4c3e5cd509__PDFV2__CH_0940,94
425fe6b4b1a88b4c3e5cd509__PDFV2__CH_0941,110
425fe6b4b1a88b4c3e5cd509__PDFV2__CH_0942,94
425fe6b4b1a88b4c3e5cd509__PDFV2__CH_0943,108
425fe6b4b1a88b4c3e5cd509__PDFV2__CH_0944,125
425fe6b4b1a88b4c3e5cd509__PDFV2__CH_0945,101
425fe6b4b1a88b4c3e5cd509__PDFV2__CH_0946,104
425fe6b4b1a88b4c3e5cd509__PDFV2__CH_0947,129
425fe6b4b1a88b4c3e5cd509__PDFV2__CH_0948,82
425fe6b4b1a88b4c3e5cd509__PDFV2__CH_0949,103
425fe6b4b1a88b4c3e5cd509__PDFV2__CH_0950,134
425fe6b4b1a88b4c3e5cd509__PDFV2__CH_0951,121
425fe6b4b1a88b4c3e5cd509__PDFV2__CH_0952,130
425fe6b4b1a88b4c3e5cd509__PDFV2__CH_0953,125
425fe6b4b1a88b4c3e5cd509__PDFV2__CH_0954,120
425fe6b4b1a88b4c3e5cd509__PDFV2__CH_0955,107
425fe6b4b1a88b4c3e5cd509__PDFV2__CH_0956,114
425fe6b4b1a88b4c3e5cd509__PDFV2__CH_0957__M,116
425fe6b4b1a88b4c3e5cd509__PDFV2__CH_0959,111
425fe6b4b1a88b4c3e5cd509__PDFV2__CH_0960,83
425fe6b4b1a88b4c3e5cd509__PDFV2__CH_0961,112
425fe6b4b1a88b4c3e5cd509__PDFV2__CH_0962,100
425fe6b4b1a88b4c3e5cd509__PDFV2__CH_0963,105
425fe6b4b1a88b4c3e5cd509__PDFV2__CH_0964,81
425fe6b4b1a88b4c3e5cd509__PDFV2__CH_0965,117
425fe6b4b1a88b4c3e5cd509__PDFV2__CH_0966,89
425fe6b4b1a88b4c3e5cd509__PDFV2__CH_0967,86
425fe6b4b1a88b4c3e5cd509__PDFV2__CH_0968,135
425fe6b4b1a88b4c3e5cd509__PDFV2__CH_0969,110
425fe6b4b1a88b4c3e5cd509__PDFV2__CH_0970,90
425fe6b4b1a88b4c3e5cd509__PDFV2__CH_0971,70
425fe6b4b1a88b4c3e5cd509__PDFV2__CH_0972,116
425fe6b4b1a88b4c3e5cd509__PDFV2__CH_0973,62
425fe6b4b1a88b4c3e5cd509__PDFV2__CH_0974,86
425fe6b4b1a88b4c3e5cd509__PDFV2__CH_0975,78
425fe6b4b1a88b4c3e5cd509__PDFV2__CH_0976,98
425fe6b4b1a88b4c3e5cd509__PDFV2__CH_0977,89
425fe6b4b1a88b4c3e5cd509__PDFV2__CH_0978,68
425fe6b4b1a88b4c3e5cd509__PDFV2__CH_0979,75
425fe6b4b1a88b4c3e5cd509__PDFV2__CH_0980__M,92
425fe6b4b1a88b4c3e5cd509__PDFV2__CH_0982,118
425fe6b4b1a88b4c3e5cd509__PDFV2__CH_0983,118
425fe6b4b1a88b4c3e5cd509__PDFV2__CH_0984,97
425fe6b4b1a88b4c3e5cd509__PDFV2__CH_0985,100
425fe6b4b1a88b4c3e5cd509__PDFV2__CH_0986,126
425fe6b4b1a88b4c3e5cd509__PDFV2__CH_0987,125
425fe6b4b1a88b4c3e5cd509__PDFV2__CH_0988,139
425fe6b4b1a88b4c3e5cd509__PDFV2__CH_0989__M,112
425fe6b4b1a88b4c3e5cd509__PDFV2__CH_0992,108
425fe6b4b1a88b4c3e5cd509__PDFV2__CH_0993,130
425fe6b4b1a88b4c3e5cd509__PDFV2__CH_0994,84
425fe6b4b1a88b4c3e5cd509__PDFV2__CH_0995,126
425fe6b4b1a88b4c3e5cd509__PDFV2__CH_0996,102
425fe6b4b1a88b4c3e5cd509__PDFV2__CH_0997,104
425fe6b4b1a88b4c3e5cd509__PDFV2__CH_0998,98
425fe6b4b1a88b4c3e5cd509__PDFV2__CH_0999,106
425fe6b4b1a88b4c3e5cd509__PDFV2__CH_1000,137
425fe6b4b1a88b4c3e5cd509__PDFV2__CH_1001,129
425fe6b4b1a88b4c3e5cd509__PDFV2__CH_1002,108
425fe6b4b1a88b4c3e5cd509__PDFV2__CH_1003,94
425fe6b4b1a88b4c3e5cd509__PDFV2__CH_1004,134
425fe6b4b1a88b4c3e5cd509__PDFV2__CH_1005,118
425fe6b4b1a88b4c3e5cd509__PDFV2__CH_1006,105
425fe6b4b1a88b4c3e5cd509__PDFV2__CH_1007,98
425fe6b4b1a88b4c3e5cd509__PDFV2__CH_1008,72
425fe6b4b1a88b4c3e5cd509__PDFV2__CH_1009,64
425fe6b4b1a88b4c3e5cd509__PDFV2__CH_1011,124
425fe6b4b1a88b4c3e5cd509__PDFV2__CH_1012,109
425fe6b4b1a88b4c3e5cd509__PDFV2__CH_1013,100
425fe6b4b1a88b4c3e5cd509__PDFV2__CH_1014,75
425fe6b4b1a88b4c3e5cd509__PDFV2__CH_1015,84
425fe6b4b1a88b4c3e5cd509__PDFV2__CH_1016,108
425fe6b4b1a88b4c3e5cd509__PDFV2__CH_1017,112
425fe6b4b1a88b4c3e5cd509__PDFV2__CH_1018,78
425fe6b4b1a88b4c3e5cd509__PDFV2__CH_1019,89
425fe6b4b1a88b4c3e5cd509__PDFV2__CH_1020,85
425fe6b4b1a88b4c3e5cd509__PDFV2__CH_1021,73
425fe6b4b1a88b4c3e5cd509__PDFV2__CH_1022,85
425fe6b4b1a88b4c3e5cd509__PDFV2__CH_1023,105
425fe6b4b1a88b4c3e5cd509__PDFV2__CH_1024,118
425fe6b4b1a88b4c3e5cd509__PDFV2__CH_1025,131
425fe6b4b1a88b4c3e5cd509__PDFV2__CH_1026,115
425fe6b4b1a88b4c3e5cd509__PDFV2__CH_1027,84
425fe6b4b1a88b4c3e5cd509__PDFV2__CH_1028,88
425fe6b4b1a88b4c3e5cd509__PDFV2__CH_1029,82
425fe6b4b1a88b4c3e5cd509__PDFV2__CH_1030__M,108
425fe6b4b1a88b4c3e5cd509__PDFV2__CH_1032,66
425fe6b4b1a88b4c3e5cd509__PDFV2__CH_1033,89
425fe6b4b1a88b4c3e5cd509__PDFV2__CH_1034,117
425fe6b4b1a88b4c3e5cd509__PDFV2__CH_1035,107
425fe6b4b1a88b4c3e5cd509__PDFV2__CH_1036__M,161
425fe6b4b1a88b4c3e5cd509__PDFV2__CH_1038,117
425fe6b4b1a88b4c3e5cd509__PDFV2__CH_1039,119
425fe6b4b1a88b4c3e5cd509__PDFV2__CH_1040,120
425fe6b4b1a88b4c3e5cd509__PDFV2__CH_1041,113
425fe6b4b1a88b4c3e5cd509__PDFV2__CH_1042,118
425fe6b4b1a88b4c3e5cd509__PDFV2__CH_1043,120
425fe6b4b1a88b4c3e5cd509__PDFV2__CH_1044,122
425fe6b4b1a88b4c3e5cd509__PDFV2__CH_1045,117
425fe6b4b1a88b4c3e5cd509__PDFV2__CH_1046,135
425fe6b4b1a88b4c3e5cd509__PDFV2__CH_1047,108
425fe6b4b1a88b4c3e5cd509__PDFV2__CH_1048,94
425fe6b4b1a88b4c3e5cd509__PDFV2__CH_1049,97
425fe6b4b1a88b4c3e5cd509__PDFV2__CH_1050,102
425fe6b4b1a88b4c3e5cd509__PDFV2__CH_1051__M,126
425fe6b4b1a88b4c3e5cd509__PDFV2__CH_1053,94
425fe6b4b1a88b4c3e5cd509__PDFV2__CH_1054__M,155
425fe6b4b1a88b4c3e5cd509__PDFV2__CH_1056__M,194
425fe6b4b1a88b4c3e5cd509__PDFV2__CH_1059,175
425fe6b4b1a88b4c3e5cd509__PDFV2__CH_1060,122
425fe6b4b1a88b4c3e5cd509__PDFV2__CH_1061,157
425fe6b4b1a88b4c3e5cd509__PDFV2__CH_1062,144
425fe6b4b1a88b4c3e5cd509__PDFV2__CH_1063,83
425fe6b4b1a88b4c3e5cd509__PDFV2__CH_1064,115
425fe6b4b1a88b4c3e5cd509__PDFV2__CH_1065,140
425fe6b4b1a88b4c3e5cd509__PDFV2__CH_1066,114
425fe6b4b1a88b4c3e5cd509__PDFV2__CH_1067,155
425fe6b4b1a88b4c3e5cd509__PDFV2__CH_1068,147
425fe6b4b1a88b4c3e5cd509__PDFV2__CH_1069,164
425fe6b4b1a88b4c3e5cd509__PDFV2__CH_1070,149
425fe6b4b1a88b4c3e5cd509__PDFV2__CH_1071,165
425fe6b4b1a88b4c3e5cd509__PDFV2__CH_1072,149
425fe6b4b1a88b4c3e5cd509__PDFV2__CH_1073,150
425fe6b4b1a88b4c3e5cd509__PDFV2__CH_1074,137
425fe6b4b1a88b4c3e5cd509__PDFV2__CH_1075,160
425fe6b4b1a88b4c3e5cd509__PDFV2__CH_1076,124
425fe6b4b1a88b4c3e5cd509__PDFV2__CH_1077,132
425fe6b4b1a88b4c3e5cd509__PDFV2__CH_1078,118
425fe6b4b1a88b4c3e5cd509__PDFV2__CH_1079,106
425fe6b4b1a88b4c3e5cd509__PDFV2__CH_1080,102
425fe6b4b1a88b4c3e5cd509__PDFV2__CH_1081,137
425fe6b4b1a88b4c3e5cd509__PDFV2__CH_1082,125
425fe6b4b1a88b4c3e5cd509__PDFV2__CH_1083,132
425fe6b4b1a88b4c3e5cd509__PDFV2__CH_1084,137
425fe6b4b1a88b4c3e5cd509__PDFV2__CH_1085,138
425fe6b4b1a88b4c3e5cd509__PDFV2__CH_1086,146
425fe6b4b1a88b4c3e5cd509__PDFV2__CH_1087,160
425fe6b4b1a88b4c3e5cd509__PDFV2__CH_1088,137
425fe6b4b1a88b4c3e5cd509__PDFV2__CH_1089,118
425fe6b4b1a88b4c3e5cd509__PDFV2__CH_1090,113
425fe6b4b1a88b4c3e5cd509__PDFV2__CH_1091,164
425fe6b4b1a88b4c3e5cd509__PDFV2__CH_1092,122
425fe6b4b1a88b4c3e5cd509__PDFV2__CH_1093,123
425fe6b4b1a88b4c3e5cd509__PDFV2__CH_1094,143
425fe6b4b1a88b4c3e5cd509__PDFV2__CH_1095,133
425fe6b4b1a88b4c3e5cd509__PDFV2__CH_1096,153
425fe6b4b1a88b4c3e5cd509__PDFV2__CH_1097,150
425fe6b4b1a88b4c3e5cd509__PDFV2__CH_1098,139
425fe6b4b1a88b4c3e5cd509__PDFV2__CH_1099,102
425fe6b4b1a88b4c3e5cd509__PDFV2__CH_1100,136
425fe6b4b1a88b4c3e5cd509__PDFV2__CH_1101__M,151
425fe6b4b1a88b4c3e5cd509__PDFV2__CH_1103,138
425fe6b4b1a88b4c3e5cd509__PDFV2__CH_1104,134
425fe6b4b1a88b4c3e5cd509__PDFV2__CH_1105,128
425fe6b4b1a88b4c3e5cd509__PDFV2__CH_1106,146
425fe6b4b1a88b4c3e5cd509__PDFV2__CH_1107,141
425fe6b4b1a88b4c3e5cd509__PDFV2__CH_1108,137
425fe6b4b1a88b4c3e5cd509__PDFV2__CH_1109,129
425fe6b4b1a88b4c3e5cd509__PDFV2__CH_1110,138
425fe6b4b1a88b4c3e5cd509__PDFV2__CH_1111,108
425fe6b4b1a88b4c3e5cd509__PDFV2__CH_1112,107
425fe6b4b1a88b4c3e5cd509__PDFV2__CH_1113,97
425fe6b4b1a88b4c3e5cd509__PDFV2__CH_1114,87
425fe6b4b1a88b4c3e5cd509__PDFV2__CH_1115,118
425fe6b4b1a88b4c3e5cd509__PDFV2__CH_1116,97
425fe6b4b1a88b4c3e5cd509__PDFV2__CH_1117,120
425fe6b4b1a88b4c3e5cd509__PDFV2__CH_1118,111
425fe6b4b1a88b4c3e5cd509__PDFV2__CH_1119,119
425fe6b4b1a88b4c3e5cd509__PDFV2__CH_1120,147
425fe6b4b1a88b4c3e5cd509__PDFV2__CH_1121,111
425fe6b4b1a88b4c3e5cd509__PDFV2__CH_1122,116
425fe6b4b1a88b4c3e5cd509__PDFV2__CH_1123,62
425fe6b4b1a88b4c3e5cd509__PDFV2__CH_1124,96
425fe6b4b1a88b4c3e5cd509__PDFV2__CH_1125,81
425fe6b4b1a88b4c3e5cd509__PDFV2__CH_1126,100
425fe6b4b1a88b4c3e5cd509__PDFV2__CH_1127,98
425fe6b4b1a88b4c3e5cd509__PDFV2__CH_1128__M,161
425fe6b4b1a88b4c3e5cd509__PDFV2__CH_1130,95
425fe6b4b1a88b4c3e5cd509__PDFV2__CH_1132,87
425fe6b4b1a88b4c3e5cd509__PDFV2__CH_1133,120
425fe6b4b1a88b4c3e5cd509__PDFV2__CH_1134,105
425fe6b4b1a88b4c3e5cd509__PDFV2__CH_1135,100
425fe6b4b1a88b4c3e5cd509__PDFV2__CH_1136__M,122
425fe6b4b1a88b4c3e5cd509__PDFV2__CH_1138,96
425fe6b4b1a88b4c3e5cd509__PDFV2__CH_1139,100
425fe6b4b1a88b4c3e5cd509__PDFV2__CH_1140,79
425fe6b4b1a88b4c3e5cd509__PDFV2__CH_1141,140
425fe6b4b1a88b4c3e5cd509__PDFV2__CH_1142,119
425fe6b4b1a88b4c3e5cd509__PDFV2__CH_1143,152
425fe6b4b1a88b4c3e5cd509__PDFV2__CH_1144,91
425fe6b4b1a88b4c3e5cd509__PDFV2__CH_1145,95
425fe6b4b1a88b4c3e5cd509__PDFV2__CH_1146,104
425fe6b4b1a88b4c3e5cd509__PDFV2__CH_1147__M,105
425fe6b4b1a88b4c3e5cd509__PDFV2__CH_1149,107
425fe6b4b1a88b4c3e5cd509__PDFV2__CH_1150,94
425fe6b4b1a88b4c3e5cd509__PDFV2__CH_1151,107
425fe6b4b1a88b4c3e5cd509__PDFV2__CH_1152,147
425fe6b4b1a88b4c3e5cd509__PDFV2__CH_1153,158
425fe6b4b1a88b4c3e5cd509__PDFV2__CH_1154,123
425fe6b4b1a88b4c3e5cd509__PDFV2__CH_1155,91
425fe6b4b1a88b4c3e5cd509__PDFV2__CH_1156,66
425fe6b4b1a88b4c3e5cd509__PDFV2__CH_1157,88
425fe6b4b1a88b4c3e5cd509__PDFV2__CH_1158,66
425fe6b4b1a88b4c3e5cd509__PDFV2__CH_1170,77
425fe6b4b1a88b4c3e5cd509__PDFV2__CH_1171,85
425fe6b4b1a88b4c3e5cd509__PDFV2__CH_1172,106
425fe6b4b1a88b4c3e5cd509__PDFV2__CH_1173,85
425fe6b4b1a88b4c3e5cd509__PDFV2__CH_1174,130
425fe6b4b1a88b4c3e5cd509__PDFV2__CH_1175,94
425fe6b4b1a88b4c3e5cd509__PDFV2__CH_1176,86
425fe6b4b1a88b4c3e5cd509__PDFV2__CH_1177,91
425fe6b4b1a88b4c3e5cd509__PDFV2__CH_1178,91
425fe6b4b1a88b4c3e5cd509__PDFV2__CH_1179,112
425fe6b4b1a88b4c3e5cd509__PDFV2__CH_1180,117
425fe6b4b1a88b4c3e5cd509__PDFV2__CH_1181,125
425fe6b4b1a88b4c3e5cd509__PDFV2__CH_1182,111
425fe6b4b1a88b4c3e5cd509__PDFV2__CH_1183__M,136
425fe6b4b1a88b4c3e5cd509__PDFV2__CH_1185,105
425fe6b4b1a88b4c3e5cd509__PDFV2__CH_1186,87
425fe6b4b1a88b4c3e5cd509__PDFV2__CH_1187,90
425fe6b4b1a88b4c3e5cd509__PDFV2__CH_1188,94
425fe6b4b1a88b4c3e5cd509__PDFV2__CH_1191,84
425fe6b4b1a88b4c3e5cd509__PDFV2__CH_1192,101
425fe6b4b1a88b4c3e5cd509__PDFV2__CH_1193,130
425fe6b4b1a88b4c3e5cd509__PDFV2__CH_1194,112
425fe6b4b1a88b4c3e5cd509__PDFV2__CH_1197,115
425fe6b4b1a88b4c3e5cd509__PDFV2__CH_1198,99
425fe6b4b1a88b4c3e5cd509__PDFV2__CH_1199,136
425fe6b4b1a88b4c3e5cd509__PDFV2__CH_1200,117
425fe6b4b1a88b4c3e5cd509__PDFV2__CH_1201,91
425fe6b4b1a88b4c3e5cd509__PDFV2__CH_1202,92
425fe6b4b1a88b4c3e5cd509__PDFV2__CH_1203,147
425fe6b4b1a88b4c3e5cd509__PDFV2__CH_1204,82
425fe6b4b1a88b4c3e5cd509__PDFV2__CH_1205,117
425fe6b4b1a88b4c3e5cd509__PDFV2__CH_1206,77
425fe6b4b1a88b4c3e5cd509__PDFV2__CH_1207,116
425fe6b4b1a88b4c3e5cd509__PDFV2__CH_1208,110
425fe6b4b1a88b4c3e5cd509__PDFV2__CH_1209,125
425fe6b4b1a88b4c3e5cd509__PDFV2__CH_1210,130
425fe6b4b1a88b4c3e5cd509__PDFV2__CH_1211,105
425fe6b4b1a88b4c3e5cd509__PDFV2__CH_1212,100
425fe6b4b1a88b4c3e5cd509__PDFV2__CH_1213,103
425fe6b4b1a88b4c3e5cd509__PDFV2__CH_1216,86
425fe6b4b1a88b4c3e5cd509__PDFV2__CH_1217,129
425fe6b4b1a88b4c3e5cd509__PDFV2__CH_1218,170
425fe6b4b1a88b4c3e5cd509__PDFV2__CH_1219,143
425fe6b4b1a88b4c3e5cd509__PDFV2__CH_1220,121
425fe6b4b1a88b4c3e5cd509__PDFV2__CH_1222,153
425fe6b4b1a88b4c3e5cd509__PDFV2__CH_1223,131
425fe6b4b1a88b4c3e5cd509__PDFV2__CH_1224,166
425fe6b4b1a88b4c3e5cd509__PDFV2__CH_1225__M,186
425fe6b4b1a88b4c3e5cd509__PDFV2__CH_1227,141
425fe6b4b1a88b4c3e5cd509__PDFV2__CH_1229,70
425fe6b4b1a88b4c3e5cd509__PDFV2__CH_1230,127
425fe6b4b1a88b4c3e5cd509__PDFV2__CH_1231,129
425fe6b4b1a88b4c3e5cd509__PDFV2__CH_1232,85
425fe6b4b1a88b4c3e5cd509__PDFV2__CH_1233__M,113
425fe6b4b1a88b4c3e5cd509__PDFV2__CH_1235,165
425fe6b4b1a88b4c3e5cd509__PDFV2__CH_1236,180
425fe6b4b1a88b4c3e5cd509__PDFV2__CH_1237,180
425fe6b4b1a88b4c3e5cd509__PDFV2__CH_1238,140
425fe6b4b1a88b4c3e5cd509__PDFV2__CH_1239,126
425fe6b4b1a88b4c3e5cd509__PDFV2__CH_1240,141
425fe6b4b1a88b4c3e5cd509__PDFV2__CH_1241,142
425fe6b4b1a88b4c3e5cd509__PDFV2__CH_1242,217
425fe6b4b1a88b4c3e5cd509__PDFV2__CH_1243,150
425fe6b4b1a88b4c3e5cd509__PDFV2__CH_1244,182
425fe6b4b1a88b4c3e5cd509__PDFV2__CH_1245,136
425fe6b4b1a88b4c3e5cd509__PDFV2__CH_1246,110
425fe6b4b1a88b4c3e5cd509__PDFV2__CH_1249,133
425fe6b4b1a88b4c3e5cd509__PDFV2__CH_1250,121
425fe6b4b1a88b4c3e5cd509__PDFV2__CH_1252,126
425fe6b4b1a88b4c3e5cd509__PDFV2__CH_1253,141
425fe6b4b1a88b4c3e5cd509__PDFV2__CH_1254__M,95
425fe6b4b1a88b4c3e5cd509__PDFV2__CH_1256,80
425fe6b4b1a88b4c3e5cd509__PDFV2__CH_1257,146
425fe6b4b1a88b4c3e5cd509__PDFV2__CH_1258,100
425fe6b4b1a88b4c3e5cd509__PDFV2__CH_1259,137
425fe6b4b1a88b4c3e5cd509__PDFV2__CH_1260,108
425fe6b4b1a88b4c3e5cd509__PDFV2__CH_1261,110
425fe6b4b1a88b4c3e5cd509__PDFV2__CH_1262__M,143
425fe6b4b1a88b4c3e5cd509__PDFV2__CH_1264,131
425fe6b4b1a88b4c3e5cd509__PDFV2__CH_1265,103
425fe6b4b1a88b4c3e5cd509__PDFV2__CH_1266,96
425fe6b4b1a88b4c3e5cd509__PDFV2__CH_1267,121
425fe6b4b1a88b4c3e5cd509__PDFV2__CH_1268,105
425fe6b4b1a88b4c3e5cd509__PDFV2__CH_1269,85
425fe6b4b1a88b4c3e5cd509__PDFV2__CH_1271,99
425fe6b4b1a88b4c3e5cd509__PDFV2__CH_1272,156
425fe6b4b1a88b4c3e5cd509__PDFV2__CH_1273,82
425fe6b4b1a88b4c3e5cd509__PDFV2__CH_1274,130
425fe6b4b1a88b4c3e5cd509__PDFV2__CH_1275,122
425fe6b4b1a88b4c3e5cd509__PDFV2__CH_1276,143
425fe6b4b1a88b4c3e5cd509__PDFV2__CH_1277,137
425fe6b4b1a88b4c3e5cd509__PDFV2__CH_1278,146
425fe6b4b1a88b4c3e5cd509__PDFV2__CH_1279,99
425fe6b4b1a88b4c3e5cd509__PDFV2__CH_1280__M,128
425fe6b4b1a88b4c3e5cd509__PDFV2__CH_1282,117
425fe6b4b1a88b4c3e5cd509__PDFV2__CH_1283,81
425fe6b4b1a88b4c3e5cd509__PDFV2__CH_1284,157
425fe6b4b1a88b4c3e5cd509__PDFV2__CH_1286,141
425fe6b4b1a88b4c3e5cd509__PDFV2__CH_1287,120
425fe6b4b1a88b4c3e5cd509__PDFV2__CH_1288,101
425fe6b4b1a88b4c3e5cd509__PDFV2__CH_1289,94
425fe6b4b1a88b4c3e5cd509__PDFV2__CH_1290,78
425fe6b4b1a88b4c3e5cd509__PDFV2__CH_1291,97
425fe6b4b1a88b4c3e5cd509__PDFV2__CH_1292__M,142
425fe6b4b1a88b4c3e5cd509__PDFV2__CH_1295,95
425fe6b4b1a88b4c3e5cd509__PDFV2__CH_1296,134
425fe6b4b1a88b4c3e5cd509__PDFV2__CH_1297,109
425fe6b4b1a88b4c3e5cd509__PDFV2__CH_1298,116
425fe6b4b1a88b4c3e5cd509__PDFV2__CH_1299,113
425fe6b4b1a88b4c3e5cd509__PDFV2__CH_1300__M,143
425fe6b4b1a88b4c3e5cd509__PDFV2__CH_1302__M,186
425fe6b4b1a88b4c3e5cd509__PDFV2__CH_1304,109
425fe6b4b1a88b4c3e5cd509__PDFV2__CH_1305,117
425fe6b4b1a88b4c3e5cd509__PDFV2__CH_1306,105
425fe6b4b1a88b4c3e5cd509__PDFV2__CH_1307,103
425fe6b4b1a88b4c3e5cd509__PDFV2__CH_1308,111
425fe6b4b1a88b4c3e5cd509__PDFV2__CH_1309__M,178
425fe6b4b1a88b4c3e5cd509__PDFV2__CH_1312,100
425fe6b4b1a88b4c3e5cd509__PDFV2__CH_1313,97
425fe6b4b1a88b4c3e5cd509__PDFV2__CH_1314,94
425fe6b4b1a88b4c3e5cd509__PDFV2__CH_1318,150
425fe6b4b1a88b4c3e5cd509__PDFV2__CH_1319,88
425fe6b4b1a88b4c3e5cd509__PDFV2__CH_1321,124
425fe6b4b1a88b4c3e5cd509__PDFV2__CH_1322,108
425fe6b4b1a88b4c3e5cd509__PDFV2__CH_1323,114
425fe6b4b1a88b4c3e5cd509__PDFV2__CH_1324,107
425fe6b4b1a88b4c3e5cd509__PDFV2__CH_1325,91
425fe6b4b1a88b4c3e5cd509__PDFV2__CH_1326,126
425fe6b4b1a88b4c3e5cd509__PDFV2__CH_1327,94
425fe6b4b1a88b4c3e5cd509__PDFV2__CH_1328__M,96
425fe6b4b1a88b4c3e5cd509__PDFV2__CH_1331,85
425fe6b4b1a88b4c3e5cd509__PDFV2__CH_1332,110
425fe6b4b1a88b4c3e5cd509__PDFV2__CH_1333,134
425fe6b4b1a88b4c3e5cd509__PDFV2__CH_1334,142
425fe6b4b1a88b4c3e5cd509__PDFV2__CH_1336,145
425fe6b4b1a88b4c3e5cd509__PDFV2__CH_1337,83
425fe6b4b1a88b4c3e5cd509__PDFV2__CH_1338,111
425fe6b4b1a88b4c3e5cd509__PDFV2__CH_1339,104
425fe6b4b1a88b4c3e5cd509__PDFV2__CH_1340,118
425fe6b4b1a88b4c3e5cd509__PDFV2__CH_1341__M,140
425fe6b4b1a88b4c3e5cd509__PDFV2__CH_1347,89
425fe6b4b1a88b4c3e5cd509__PDFV2__CH_1348__M,145
425fe6b4b1a88b4c3e5cd509__PDFV2__CH_1350,125
425fe6b4b1a88b4c3e5cd509__PDFV2__CH_1352__M,111
425fe6b4b1a88b4c3e5cd509__PDFV2__CH_1354__M,120
425fe6b4b1a88b4c3e5cd509__PDFV2__CH_1356,89
425fe6b4b1a88b4c3e5cd509__PDFV2__CH_1357,102
425fe6b4b1a88b4c3e5cd509__PDFV2__CH_1358__M,156
425fe6b4b1a88b4c3e5cd509__PDFV2__CH_1361,114
425fe6b4b1a88b4c3e5cd509__PDFV2__CH_1362,93
425fe6b4b1a88b4c3e5cd509__PDFV2__CH_1363,96
425fe6b4b1a88b4c3e5cd509__PDFV2__CH_1364,115
425fe6b4b1a88b4c3e5cd509__PDFV2__CH_1365,117
425fe6b4b1a88b4c3e5cd509__PDFV2__CH_1366,92
425fe6b4b1a88b4c3e5cd509__PDFV2__CH_1367,108
425fe6b4b1a88b4c3e5cd509__PDFV2__CH_1370,136
425fe6b4b1a88b4c3e5cd509__PDFV2__CH_1371,88
425fe6b4b1a88b4c3e5cd509__PDFV2__CH_1372__M,139
425fe6b4b1a88b4c3e5cd509__PDFV2__CH_1375,114
425fe6b4b1a88b4c3e5cd509__PDFV2__CH_1376,105
425fe6b4b1a88b4c3e5cd509__PDFV2__CH_1377__M,110
425fe6b4b1a88b4c3e5cd509__PDFV2__CH_1379,89
425fe6b4b1a88b4c3e5cd509__PDFV2__CH_1380,165
425fe6b4b1a88b4c3e5cd509__PDFV2__CH_1381__M,124
425fe6b4b1a88b4c3e5cd509__PDFV2__CH_1383,85
425fe6b4b1a88b4c3e5cd509__PDFV2__CH_1385__M,157
425fe6b4b1a88b4c3e5cd509__PDFV2__CH_1387,100
425fe6b4b1a88b4c3e5cd509__PDFV2__CH_1388,87
425fe6b4b1a88b4c3e5cd509__PDFV2__CH_1389,89
425fe6b4b1a88b4c3e5cd509__PDFV2__CH_1391,93
425fe6b4b1a88b4c3e5cd509__PDFV2__CH_1392,136
425fe6b4b1a88b4c3e5cd509__PDFV2__CH_1393,116
425fe6b4b1a88b4c3e5cd509__PDFV2__CH_1395__M,106
425fe6b4b1a88b4c3e5cd509__PDFV2__CH_1397,82
425fe6b4b1a88b4c3e5cd509__PDFV2__CH_1398,88
425fe6b4b1a88b4c3e5cd509__PDFV2__CH_1399,85
425fe6b4b1a88b4c3e5cd509__PDFV2__CH_1400,94
425fe6b4b1a88b4c3e5cd509__PDFV2__CH_1401,117
425fe6b4b1a88b4c3e5cd509__PDFV2__CH_1402,83
425fe6b4b1a88b4c3e5cd509__PDFV2__CH_1404__M,109
425fe6b4b1a88b4c3e5cd509__PDFV2__CH_1406,99
425fe6b4b1a88b4c3e5cd509__PDFV2__CH_1407,104
425fe6b4b1a88b4c3e5cd509__PDFV2__CH_1408,85
425fe6b4b1a88b4c3e5cd509__PDFV2__CH_1409,116
425fe6b4b1a88b4c3e5cd509__PDFV2__CH_1410,127
425fe6b4b1a88b4c3e5cd509__PDFV2__CH_1411,92
425fe6b4b1a88b4c3e5cd509__PDFV2__CH_1414__M,128
425fe6b4b1a88b4c3e5cd509__PDFV2__CH_1416,133
425fe6b4b1a88b4c3e5cd509__PDFV2__CH_1417,130
425fe6b4b1a88b4c3e5cd509__PDFV2__CH_1418,115
425fe6b4b1a88b4c3e5cd509__PDFV2__CH_1419,94
425fe6b4b1a88b4c3e5cd509__PDFV2__CH_1420,118
425fe6b4b1a88b4c3e5cd509__PDFV2__CH_1421,98
425fe6b4b1a88b4c3e5cd509__PDFV2__CH_1422,127
425fe6b4b1a88b4c3e5cd509__PDFV2__CH_1423,87
425fe6b4b1a88b4c3e5cd509__PDFV2__CH_1424__M,133
425fe6b4b1a88b4c3e5cd509__PDFV2__CH_1426__M,137
425fe6b4b1a88b4c3e5cd509__PDFV2__CH_1428__M,104
425fe6b4b1a88b4c3e5cd509__PDFV2__CH_1431__M,100
425fe6b4b1a88b4c3e5cd509__PDFV2__CH_1433,97
425fe6b4b1a88b4c3e5cd509__PDFV2__CH_1434__M,142
425fe6b4b1a88b4c3e5cd509__PDFV2__CH_1436,134
425fe6b4b1a88b4c3e5cd509__PDFV2__CH_1437,94
425fe6b4b1a88b4c3e5cd509__PDFV2__CH_1439,87
425fe6b4b1a88b4c3e5cd509__PDFV2__CH_1440,83
425fe6b4b1a88b4c3e5cd509__PDFV2__CH_1441,96
425fe6b4b1a88b4c3e5cd509__PDFV2__CH_1442,92
425fe6b4b1a88b4c3e5cd509__PDFV2__CH_1443,97
425fe6b4b1a88b4c3e5cd509__PDFV2__CH_1444,110
425fe6b4b1a88b4c3e5cd509__PDFV2__CH_1448,87
425fe6b4b1a88b4c3e5cd509__PDFV2__CH_1449,113
425fe6b4b1a88b4c3e5cd509__PDFV2__CH_1450,89
425fe6b4b1a88b4c3e5cd509__PDFV2__CH_1451,90
425fe6b4b1a88b4c3e5cd509__PDFV2__CH_1452__M,107
425fe6b4b1a88b4c3e5cd509__PDFV2__CH_1454,109
425fe6b4b1a88b4c3e5cd509__PDFV2__CH_1455,117
425fe6b4b1a88b4c3e5cd509__PDFV2__CH_1456,76
425fe6b4b1a88b4c3e5cd509__PDFV2__CH_1457,79
425fe6b4b1a88b4c3e5cd509__PDFV2__CH_1458__M,113
425fe6b4b1a88b4c3e5cd509__PDFV2__CH_1462__M,114
425fe6b4b1a88b4c3e5cd509__PDFV2__CH_1464,118
425fe6b4b1a88b4c3e5cd509__PDFV2__CH_1466,84
425fe6b4b1a88b4c3e5cd509__PDFV2__CH_1468__M,133
425fe6b4b1a88b4c3e5cd509__PDFV2__CH_1472,111
425fe6b4b1a88b4c3e5cd509__PDFV2__CH_1473__M,138
425fe6b4b1a88b4c3e5cd509__PDFV2__CH_1477__M,143
425fe6b4b1a88b4c3e5cd509__PDFV2__CH_1479,110
425fe6b4b1a88b4c3e5cd509__PDFV2__CH_1480,121
425fe6b4b1a88b4c3e5cd509__PDFV2__CH_1481,119
425fe6b4b1a88b4c3e5cd509__PDFV2__CH_1482,78
425fe6b4b1a88b4c3e5cd509__PDFV2__CH_1483,112
425fe6b4b1a88b4c3e5cd509__PDFV2__CH_1484,139
425fe6b4b1a88b4c3e5cd509__PDFV2__CH_1485,94
425fe6b4b1a88b4c3e5cd509__PDFV2__CH_1486,114
425fe6b4b1a88b4c3e5cd509__PDFV2__CH_1487,127
425fe6b4b1a88b4c3e5cd509__PDFV2__CH_1488,113
425fe6b4b1a88b4c3e5cd509__PDFV2__CH_1489,137
425fe6b4b1a88b4c3e5cd509__PDFV2__CH_1491,80
425fe6b4b1a88b4c3e5cd509__PDFV2__CH_1492,72
425fe6b4b1a88b4c3e5cd509__PDFV2__CH_1494,105
425fe6b4b1a88b4c3e5cd509__PDFV2__CH_1495,102
425fe6b4b1a88b4c3e5cd509__PDFV2__CH_1497__M,128
425fe6b4b1a88b4c3e5cd509__PDFV2__CH_1500__M,122
425fe6b4b1a88b4c3e5cd509__PDFV2__CH_1503,126
425fe6b4b1a88b4c3e5cd509__PDFV2__CH_1504,107
425fe6b4b1a88b4c3e5cd509__PDFV2__CH_1505,128
425fe6b4b1a88b4c3e5cd509__PDFV2__CH_1507,135
425fe6b4b1a88b4c3e5cd509__PDFV2__CH_1508,101
425fe6b4b1a88b4c3e5cd509__PDFV2__CH_1509,116
425fe6b4b1a88b4c3e5cd509__PDFV2__CH_1510,142
425fe6b4b1a88b4c3e5cd509__PDFV2__CH_1511,90
425fe6b4b1a88b4c3e5cd509__PDFV2__CH_1512__M,115
425fe6b4b1a88b4c3e5cd509__PDFV2__CH_1515,148
425fe6b4b1a88b4c3e5cd509__PDFV2__CH_1516,86
425fe6b4b1a88b4c3e5cd509__PDFV2__CH_1517,128
425fe6b4b1a88b4c3e5cd509__PDFV2__CH_1518,117
425fe6b4b1a88b4c3e5cd509__PDFV2__CH_1519,158
425fe6b4b1a88b4c3e5cd509__PDFV2__CH_1521,114
425fe6b4b1a88b4c3e5cd509__PDFV2__CH_1522,135
425fe6b4b1a88b4c3e5cd509__PDFV2__CH_1523,127
425fe6b4b1a88b4c3e5cd509__PDFV2__CH_1524,116
425fe6b4b1a88b4c3e5cd509__PDFV2__CH_1525__M,178
425fe6b4b1a88b4c3e5cd509__PDFV2__CH_1527,93
425fe6b4b1a88b4c3e5cd509__PDFV2__CH_1529,90
425fe6b4b1a88b4c3e5cd509__PDFV2__CH_1531,97
425fe6b4b1a88b4c3e5cd509__PDFV2__CH_1532,120
425fe6b4b1a88b4c3e5cd509__PDFV2__CH_1537__M,124
425fe6b4b1a88b4c3e5cd509__PDFV2__CH_1539,113
425fe6b4b1a88b4c3e5cd509__PDFV2__CH_1541,97
425fe6b4b1a88b4c3e5cd509__PDFV2__CH_1542__M,141
425fe6b4b1a88b4c3e5cd509__PDFV2__CH_1545,74
425fe6b4b1a88b4c3e5cd509__PDFV2__CH_1546,86
425fe6b4b1a88b4c3e5cd509__PDFV2__CH_1547,71
425fe6b4b1a88b4c3e5cd509__PDFV2__CH_1548,81
425fe6b4b1a88b4c3e5cd509__PDFV2__CH_1549,112
425fe6b4b1a88b4c3e5cd509__PDFV2__CH_1551,78
425fe6b4b1a88b4c3e5cd509__PDFV2__CH_1553,73
425fe6b4b1a88b4c3e5cd509__PDFV2__CH_1554__M,139
425fe6b4b1a88b4c3e5cd509__PDFV2__CH_1557,90
425fe6b4b1a88b4c3e5cd509__PDFV2__CH_1558,121
425fe6b4b1a88b4c3e5cd509__PDFV2__CH_1559,115
425fe6b4b1a88b4c3e5cd509__PDFV2__CH_1560,126
425fe6b4b1a88b4c3e5cd509__PDFV2__CH_1561,131
425fe6b4b1a88b4c3e5cd509__PDFV2__CH_1562__M,104
425fe6b4b1a88b4c3e5cd509__PDFV2__CH_1565__M,142
425fe6b4b1a88b4c3e5cd509__PDFV2__CH_1569,104
425fe6b4b1a88b4c3e5cd509__PDFV2__CH_1570,93
425fe6b4b1a88b4c3e5cd509__PDFV2__CH_1571,128
425fe6b4b1a88b4c3e5cd509__PDFV2__CH_1572__M,93
425fe6b4b1a88b4c3e5cd509__PDFV2__CH_1574,103
425fe6b4b1a88b4c3e5cd509__PDFV2__CH_1575,227
425fe6b4b1a88b4c3e5cd509__PDFV2__CH_1576,174
425fe6b4b1a88b4c3e5cd509__PDFV2__CH_1577,134
425fe6b4b1a88b4c3e5cd509__PDFV2__CH_1578__M,148
425fe6b4b1a88b4c3e5cd509__PDFV2__CH_1581,91
425fe6b4b1a88b4c3e5cd509__PDFV2__CH_1582,115
425fe6b4b1a88b4c3e5cd509__PDFV2__CH_1583,112
425fe6b4b1a88b4c3e5cd509__PDFV2__CH_1585,134
425fe6b4b1a88b4c3e5cd509__PDFV2__CH_1586,110
425fe6b4b1a88b4c3e5cd509__PDFV2__CH_1587,104
425fe6b4b1a88b4c3e5cd509__PDFV2__CH_1588,110
425fe6b4b1a88b4c3e5cd509__PDFV2__CH_1589,106
425fe6b4b1a88b4c3e5cd509__PDFV2__CH_1590,91
425fe6b4b1a88b4c3e5cd509__PDFV2__CH_1591,124
425fe6b4b1a88b4c3e5cd509__PDFV2__CH_1592,86
425fe6b4b1a88b4c3e5cd509__PDFV2__CH_1593,111
425fe6b4b1a88b4c3e5cd509__PDFV2__CH_1594,152
425fe6b4b1a88b4c3e5cd509__PDFV2__CH_1595,131
425fe6b4b1a88b4c3e5cd509__PDFV2__CH_1596,102
425fe6b4b1a88b4c3e5cd509__PDFV2__CH_1597,109
425fe6b4b1a88b4c3e5cd509__PDFV2__CH_1598,103
425fe6b4b1a88b4c3e5cd509__PDFV2__CH_1599,106
425fe6b4b1a88b4c3e5cd509__PDFV2__CH_1600,118
425fe6b4b1a88b4c3e5cd509__PDFV2__CH_1601,116
425fe6b4b1a88b4c3e5cd509__PDFV2__CH_1602,114
425fe6b4b1a88b4c3e5cd509__PDFV2__CH_1603,88
425fe6b4b1a88b4c3e5cd509__PDFV2__CH_1604,131
425fe6b4b1a88b4c3e5cd509__PDFV2__CH_1605,99
425fe6b4b1a88b4c3e5cd509__PDFV2__CH_1606,94
425fe6b4b1a88b4c3e5cd509__PDFV2__CH_1607,78
425fe6b4b1a88b4c3e5cd509__PDFV2__CH_1608,108
425fe6b4b1a88b4c3e5cd509__PDFV2__CH_1609,103
425fe6b4b1a88b4c3e5cd509__PDFV2__CH_1610,90
425fe6b4b1a88b4c3e5cd509__PDFV2__CH_1611,104
425fe6b4b1a88b4c3e5cd509__PDFV2__CH_1612,92
425fe6b4b1a88b4c3e5cd509__PDFV2__CH_1613,117
425fe6b4b1a88b4c3e5cd509__PDFV2__CH_1614,94
425fe6b4b1a88b4c3e5cd509__PDFV2__CH_1615,80
425fe6b4b1a88b4c3e5cd509__PDFV2__CH_1616,92
425fe6b4b1a88b4c3e5cd509__PDFV2__CH_1617,105
425fe6b4b1a88b4c3e5cd509__PDFV2__CH_1618,117
425fe6b4b1a88b4c3e5cd509__PDFV2__CH_1619,107
425fe6b4b1a88b4c3e5cd509__PDFV2__CH_1620,104
425fe6b4b1a88b4c3e5cd509__PDFV2__CH_1621,92
425fe6b4b1a88b4c3e5cd509__PDFV2__CH_1622,75
425fe6b4b1a88b4c3e5cd509__PDFV2__CH_1623,121
425fe6b4b1a88b4c3e5cd509__PDFV2__CH_1624,94
425fe6b4b1a88b4c3e5cd509__PDFV2__CH_1625,66
425fe6b4b1a88b4c3e5cd509__PDFV2__CH_1627__M,121
425fe6b4b1a88b4c3e5cd509__PDFV2__CH_1629,104
425fe6b4b1a88b4c3e5cd509__PDFV2__CH_1630,143
425fe6b4b1a88b4c3e5cd509__PDFV2__CH_1631,106
425fe6b4b1a88b4c3e5cd509__PDFV2__CH_1632,131
425fe6b4b1a88b4c3e5cd509__PDFV2__CH_1633,85
425fe6b4b1a88b4c3e5cd509__PDFV2__CH_1634__S1,92
425fe6b4b1a88b4c3e5cd509__PDFV2__CH_1634__S2,85
425fe6b4b1a88b4c3e5cd509__PDFV2__CH_1635,129
425fe6b4b1a88b4c3e5cd509__PDFV2__CH_1636,78
425fe6b4b1a88b4c3e5cd509__PDFV2__CH_1637,114
425fe6b4b1a88b4c3e5cd509__PDFV2__CH_1638,137
425fe6b4b1a88b4c3e5cd509__PDFV2__CH_1639,107
425fe6b4b1a88b4c3e5cd509__PDFV2__CH_1640,154
425fe6b4b1a88b4c3e5cd509__PDFV2__CH_1641,111
425fe6b4b1a88b4c3e5cd509__PDFV2__CH_1642,114
425fe6b4b1a88b4c3e5cd509__PDFV2__CH_1643__M,164
425fe6b4b1a88b4c3e5cd509__PDFV2__CH_1645,100
425fe6b4b1a88b4c3e5cd509__PDFV2__CH_1646__M,130
425fe6b4b1a88b4c3e5cd509__PDFV2__CH_1648,117
425fe6b4b1a88b4c3e5cd509__PDFV2__CH_1649,123
425fe6b4b1a88b4c3e5cd509__PDFV2__CH_1650,131
425fe6b4b1a88b4c3e5cd509__PDFV2__CH_1651,81
425fe6b4b1a88b4c3e5cd509__PDFV2__CH_1652,107
425fe6b4b1a88b4c3e5cd509__PDFV2__CH_1653,81
425fe6b4b1a88b4c3e5cd509__PDFV2__CH_1654,111
425fe6b4b1a88b4c3e5cd509__PDFV2__CH_1655,82
425fe6b4b1a88b4c3e5cd509__PDFV2__CH_1656,94
425fe6b4b1a88b4c3e5cd509__PDFV2__CH_1657,121
425fe6b4b1a88b4c3e5cd509__PDFV2__CH_1658,89
425fe6b4b1a88b4c3e5cd509__PDFV2__CH_1659,85
425fe6b4b1a88b4c3e5cd509__PDFV2__CH_1660,90
425fe6b4b1a88b4c3e5cd509__PDFV2__CH_1661,94
425fe6b4b1a88b4c3e5cd509__PDFV2__CH_1662,106
425fe6b4b1a88b4c3e5cd509__PDFV2__CH_1663,108
425fe6b4b1a88b4c3e5cd509__PDFV2__CH_1664__M,135
425fe6b4b1a88b4c3e5cd509__PDFV2__CH_1666,121
425fe6b4b1a88b4c3e5cd509__PDFV2__CH_1667,94
425fe6b4b1a88b4c3e5cd509__PDFV2__CH_1668,126
425fe6b4b1a88b4c3e5cd509__PDFV2__CH_1669,81
425fe6b4b1a88b4c3e5cd509__PDFV2__CH_1670,106
425fe6b4b1a88b4c3e5cd509__PDFV2__CH_1671,105
425fe6b4b1a88b4c3e5cd509__PDFV2__CH_1672,111
425fe6b4b1a88b4c3e5cd509__PDFV2__CH_1673,132
425fe6b4b1a88b4c3e5cd509__PDFV2__CH_1674,111
425fe6b4b1a88b4c3e5cd509__PDFV2__CH_1675,117
425fe6b4b1a88b4c3e5cd509__PDFV2__CH_1676__M,142
425fe6b4b1a88b4c3e5cd509__PDFV2__CH_1678,97
425fe6b4b1a88b4c3e5cd509__PDFV2__CH_1679,92
425fe6b4b1a88b4c3e5cd509__PDFV2__CH_1680,116
425fe6b4b1a88b4c3e5cd509__PDFV2__CH_1681,84
425fe6b4b1a88b4c3e5cd509__PDFV2__CH_1682,116
425fe6b4b1a88b4c3e5cd509__PDFV2__CH_1684,92
425fe6b4b1a88b4c3e5cd509__PDFV2__CH_1685,72
425fe6b4b1a88b4c3e5cd509__PDFV2__CH_1686,78
425fe6b4b1a88b4c3e5cd509__PDFV2__CH_1687,138
425fe6b4b1a88b4c3e5cd509__PDFV2__CH_1688,84
425fe6b4b1a88b4c3e5cd509__PDFV2__CH_1689,132
425fe6b4b1a88b4c3e5cd509__PDFV2__CH_1690,113
425fe6b4b1a88b4c3e5cd509__PDFV2__CH_1691,172
425fe6b4b1a88b4c3e5cd509__PDFV2__CH_1692__M,142
425fe6b4b1a88b4c3e5cd509__PDFV2__CH_1694,108
425fe6b4b1a88b4c3e5cd509__PDFV2__CH_1695,99
425fe6b4b1a88b4c3e5cd509__PDFV2__CH_1696,134
425fe6b4b1a88b4c3e5cd509__PDFV2__CH_1697,111
425fe6b4b1a88b4c3e5cd509__PDFV2__CH_1698,105
425fe6b4b1a88b4c3e5cd509__PDFV2__CH_1699,85
425fe6b4b1a88b4c3e5cd509__PDFV2__CH_1700,102
425fe6b4b1a88b4c3e5cd509__PDFV2__CH_1701,118
425fe6b4b1a88b4c3e5cd509__PDFV2__CH_1702,104
425fe6b4b1a88b4c3e5cd509__PDFV2__CH_1703__M,132
425fe6b4b1a88b4c3e5cd509__PDFV2__CH_1705,84
425fe6b4b1a88b4c3e5cd509__PDFV2__CH_1706,70
425fe6b4b1a88b4c3e5cd509__PDFV2__CH_1707__M,189
425fe6b4b1a88b4c3e5cd509__PDFV2__CH_1710,99
425fe6b4b1a88b4c3e5cd509__PDFV2__CH_1711,144
425fe6b4b1a88b4c3e5cd509__PDFV2__CH_1712,91
425fe6b4b1a88b4c3e5cd509__PDFV2__CH_1713,140
425fe6b4b1a88b4c3e5cd509__PDFV2__CH_1714,83
425fe6b4b1a88b4c3e5cd509__PDFV2__CH_1715,142
425fe6b4b1a88b4c3e5cd509__PDFV2__CH_1716,93
425fe6b4b1a88b4c3e5cd509__PDFV2__CH_1717,110
425fe6b4b1a88b4c3e5cd509__PDFV2__CH_1718,89
425fe6b4b1a88b4c3e5cd509__PDFV2__CH_1719,101
425fe6b4b1a88b4c3e5cd509__PDFV2__CH_1720,106
425fe6b4b1a88b4c3e5cd509__PDFV2__CH_1721,104
425fe6b4b1a88b4c3e5cd509__PDFV2__CH_1722,122
425fe6b4b1a88b4c3e5cd509__PDFV2__CH_1723,87
425fe6b4b1a88b4c3e5cd509__PDFV2__CH_1724,129
425fe6b4b1a88b4c3e5cd509__PDFV2__CH_1725,171
425fe6b4b1a88b4c3e5cd509__PDFV2__CH_1726,100
425fe6b4b1a88b4c3e5cd509__PDFV2__CH_1727,134
425fe6b4b1a88b4c3e5cd509__PDFV2__CH_1728,96
425fe6b4b1a88b4c3e5cd509__PDFV2__CH_1729,186
425fe6b4b1a88b4c3e5cd509__PDFV2__CH_1730,81
425fe6b4b1a88b4c3e5cd509__PDFV2__CH_1731,130
425fe6b4b1a88b4c3e5cd509__PDFV2__CH_1732__M,155
425fe6b4b1a88b4c3e5cd509__PDFV2__CH_1734,83
425fe6b4b1a88b4c3e5cd509__PDFV2__CH_1735,73
425fe6b4b1a88b4c3e5cd509__PDFV2__CH_1736,130
425fe6b4b1a88b4c3e5cd509__PDFV2__CH_1737,145
425fe6b4b1a88b4c3e5cd509__PDFV2__CH_1738,134
425fe6b4b1a88b4c3e5cd509__PDFV2__CH_1739,98
425fe6b4b1a88b4c3e5cd509__PDFV2__CH_1740,117
425fe6b4b1a88b4c3e5cd509__PDFV2__CH_1741,142
425fe6b4b1a88b4c3e5cd509__PDFV2__CH_1743,113
425fe6b4b1a88b4c3e5cd509__PDFV2__CH_1746,106
425fe6b4b1a88b4c3e5cd509__PDFV2__CH_1747__M,127
425fe6b4b1a88b4c3e5cd509__PDFV2__CH_1749,85
425fe6b4b1a88b4c3e5cd509__PDFV2__CH_1750,132
425fe6b4b1a88b4c3e5cd509__PDFV2__CH_1751,119
425fe6b4b1a88b4c3e5cd509__PDFV2__CH_1752,139
425fe6b4b1a88b4c3e5cd509__PDFV2__CH_1754,90
425fe6b4b1a88b4c3e5cd509__PDFV2__CH_1755,140
425fe6b4b1a88b4c3e5cd509__PDFV2__CH_1756,207
425fe6b4b1a88b4c3e5cd509__PDFV2__CH_1757,120
425fe6b4b1a88b4c3e5cd509__PDFV2__CH_1758,103
425fe6b4b1a88b4c3e5cd509__PDFV2__CH_1759,111
425fe6b4b1a88b4c3e5cd509__PDFV2__CH_1760,135
425fe6b4b1a88b4c3e5cd509__PDFV2__CH_1761,170
425fe6b4b1a88b4c3e5cd509__PDFV2__CH_1762,168
425fe6b4b1a88b4c3e5cd509__PDFV2__CH_1763,144
425fe6b4b1a88b4c3e5cd509__PDFV2__CH_1764,96
425fe6b4b1a88b4c3e5cd509__PDFV2__CH_1765,133
425fe6b4b1a88b4c3e5cd509__PDFV2__CH_1766__M,213
425fe6b4b1a88b4c3e5cd509__PDFV2__CH_1768,110
425fe6b4b1a88b4c3e5cd509__PDFV2__CH_1769,114
425fe6b4b1a88b4c3e5cd509__PDFV2__CH_1770,118
425fe6b4b1a88b4c3e5cd509__PDFV2__CH_1771,119
425fe6b4b1a88b4c3e5cd509__PDFV2__CH_1772,148
425fe6b4b1a88b4c3e5cd509__PDFV2__CH_1773,103
425fe6b4b1a88b4c3e5cd509__PDFV2__CH_1774,124
425fe6b4b1a88b4c3e5cd509__PDFV2__CH_1775,83
425fe6b4b1a88b4c3e5cd509__PDFV2__CH_1776,99
425fe6b4b1a88b4c3e5cd509__PDFV2__CH_1777__M,111
425fe6b4b1a88b4c3e5cd509__PDFV2__CH_1779,60
425fe6b4b1a88b4c3e5cd509__PDFV2__CH_1780,117
425fe6b4b1a88b4c3e5cd509__PDFV2__CH_1781,57
425fe6b4b1a88b4c3e5cd509__PDFV2__CH_1782,113
425fe6b4b1a88b4c3e5cd509__PDFV2__CH_1783,143
425fe6b4b1a88b4c3e5cd509__PDFV2__CH_1784,112
425fe6b4b1a88b4c3e5cd509__PDFV2__CH_1785,98
425fe6b4b1a88b4c3e5cd509__PDFV2__CH_1786,142
425fe6b4b1a88b4c3e5cd509__PDFV2__CH_1787,119
425fe6b4b1a88b4c3e5cd509__PDFV2__CH_1788,130
425fe6b4b1a88b4c3e5cd509__PDFV2__CH_1789,117
425fe6b4b1a88b4c3e5cd509__PDFV2__CH_1790,101
425fe6b4b1a88b4c3e5cd509__PDFV2__CH_1791,91
425fe6b4b1a88b4c3e5cd509__PDFV2__CH_1792__M,145
425fe6b4b1a88b4c3e5cd509__PDFV2__CH_1794,85
425fe6b4b1a88b4c3e5cd509__PDFV2__CH_1795__M,100
425fe6b4b1a88b4c3e5cd509__PDFV2__CH_1797,109
425fe6b4b1a88b4c3e5cd509__PDFV2__CH_1798,145
425fe6b4b1a88b4c3e5cd509__PDFV2__CH_1799,98
425fe6b4b1a88b4c3e5cd509__PDFV2__CH_1800,122
425fe6b4b1a88b4c3e5cd509__PDFV2__CH_1801,107
425fe6b4b1a88b4c3e5cd509__PDFV2__CH_1802,85
425fe6b4b1a88b4c3e5cd509__PDFV2__CH_1803,72
425fe6b4b1a88b4c3e5cd509__PDFV2__CH_1804,83
425fe6b4b1a88b4c3e5cd509__PDFV2__CH_1805,94
425fe6b4b1a88b4c3e5cd509__PDFV2__CH_1806,125
425fe6b4b1a88b4c3e5cd509__PDFV2__CH_1807,119
425fe6b4b1a88b4c3e5cd509__PDFV2__CH_1808,121
425fe6b4b1a88b4c3e5cd509__PDFV2__CH_1809,101
425fe6b4b1a88b4c3e5cd509__PDFV2__CH_1810,113
425fe6b4b1a88b4c3e5cd509__PDFV2__CH_1811,94
425fe6b4b1a88b4c3e5cd509__PDFV2__CH_1812,104
425fe6b4b1a88b4c3e5cd509__PDFV2__CH_1813,101
425fe6b4b1a88b4c3e5cd509__PDFV2__CH_1814,118
425fe6b4b1a88b4c3e5cd509__PDFV2__CH_1815__M,231
425fe6b4b1a88b4c3e5cd509__PDFV2__CH_1817,87
425fe6b4b1a88b4c3e5cd509__PDFV2__CH_1818,92
425fe6b4b1a88b4c3e5cd509__PDFV2__CH_1819,143
425fe6b4b1a88b4c3e5cd509__PDFV2__CH_1820,80
425fe6b4b1a88b4c3e5cd509__PDFV2__CH_1821,88
425fe6b4b1a88b4c3e5cd509__PDFV2__CH_1822,102
425fe6b4b1a88b4c3e5cd509__PDFV2__CH_1823,110
425fe6b4b1a88b4c3e5cd509__PDFV2__CH_1824,121
425fe6b4b1a88b4c3e5cd509__PDFV2__CH_1825,110
425fe6b4b1a88b4c3e5cd509__PDFV2__CH_1826,158
425fe6b4b1a88b4c3e5cd509__PDFV2__CH_1827,104
425fe6b4b1a88b4c3e5cd509__PDFV2__CH_1828,176
425fe6b4b1a88b4c3e5cd509__PDFV2__CH_1829,153
425fe6b4b1a88b4c3e5cd509__PDFV2__CH_1830,158
425fe6b4b1a88b4c3e5cd509__PDFV2__CH_1831,133
425fe6b4b1a88b4c3e5cd509__PDFV2__CH_1832,150
425fe6b4b1a88b4c3e5cd509__PDFV2__CH_1833__M,145
425fe6b4b1a88b4c3e5cd509__PDFV2__CH_1835,114
425fe6b4b1a88b4c3e5cd509__PDFV2__CH_1836,101
425fe6b4b1a88b4c3e5cd509__PDFV2__CH_1837,129
425fe6b4b1a88b4c3e5cd509__PDFV2__CH_1838,153
425fe6b4b1a88b4c3e5cd509__PDFV2__CH_1839,113
425fe6b4b1a88b4c3e5cd509__PDFV2__CH_1840,136
425fe6b4b1a88b4c3e5cd509__PDFV2__CH_1841,151
425fe6b4b1a88b4c3e5cd509__PDFV2__CH_1842,89
425fe6b4b1a88b4c3e5cd509__PDFV2__CH_1843,136
425fe6b4b1a88b4c3e5cd509__PDFV2__CH_1844,136
425fe6b4b1a88b4c3e5cd509__PDFV2__CH_1845,99
425fe6b4b1a88b4c3e5cd509__PDFV2__CH_1846,103
425fe6b4b1a88b4c3e5cd509__PDFV2__CH_1847,96
425fe6b4b1a88b4c3e5cd509__PDFV2__CH_1848,112
425fe6b4b1a88b4c3e5cd509__PDFV2__CH_1849,82
425fe6b4b1a88b4c3e5cd509__PDFV2__CH_1850,108
425fe6b4b1a88b4c3e5cd509__PDFV2__CH_1851,120
425fe6b4b1a88b4c3e5cd509__PDFV2__CH_1852,107
425fe6b4b1a88b4c3e5cd509__PDFV2__CH_1853,124
425fe6b4b1a88b4c3e5cd509__PDFV2__CH_1854,76
425fe6b4b1a88b4c3e5cd509__PDFV2__CH_1856,98
425fe6b4b1a88b4c3e5cd509__PDFV2__CH_1857,120
425fe6b4b1a88b4c3e5cd509__PDFV2__CH_1858,132
425fe6b4b1a88b4c3e5cd509__PDFV2__CH_1860,153
425fe6b4b1a88b4c3e5cd509__PDFV2__CH_1862,79
425fe6b4b1a88b4c3e5cd509__PDFV2__CH_1868,109
425fe6b4b1a88b4c3e5cd509__PDFV2__CH_1869,158
425fe6b4b1a88b4c3e5cd509__PDFV2__CH_1871,112
425fe6b4b1a88b4c3e5cd509__PDFV2__CH_1872,131
425fe6b4b1a88b4c3e5cd509__PDFV2__CH_1875,89
425fe6b4b1a88b4c3e5cd509__PDFV2__CH_1876,130
425fe6b4b1a88b4c3e5cd509__PDFV2__CH_1877,95
425fe6b4b1a88b4c3e5cd509__PDFV2__CH_1878,113
425fe6b4b1a88b4c3e5cd509__PDFV2__CH_1879,121
425fe6b4b1a88b4c3e5cd509__PDFV2__CH_1880,122
425fe6b4b1a88b4c3e5cd509__PDFV2__CH_1881,133
425fe6b4b1a88b4c3e5cd509__PDFV2__CH_1882,97
425fe6b4b1a88b4c3e5cd509__PDFV2__CH_1883,139
425fe6b4b1a88b4c3e5cd509__PDFV2__CH_1884,99
425fe6b4b1a88b4c3e5cd509__PDFV2__CH_1885,111
425fe6b4b1a88b4c3e5cd509__PDFV2__CH_1886,123
425fe6b4b1a88b4c3e5cd509__PDFV2__CH_1887,136
425fe6b4b1a88b4c3e5cd509__PDFV2__CH_1888,97
425fe6b4b1a88b4c3e5cd509__PDFV2__CH_1889__M,151
425fe6b4b1a88b4c3e5cd509__PDFV2__CH_1891,126
425fe6b4b1a88b4c3e5cd509__PDFV2__CH_1892,96
425fe6b4b1a88b4c3e5cd509__PDFV2__CH_1893,122
425fe6b4b1a88b4c3e5cd509__PDFV2__CH_1894,90
425fe6b4b1a88b4c3e5cd509__PDFV2__CH_1895,111
425fe6b4b1a88b4c3e5cd509__PDFV2__CH_1896,191
425fe6b4b1a88b4c3e5cd509__PDFV2__CH_1897,154
425fe6b4b1a88b4c3e5cd509__PDFV2__CH_1898,97
425fe6b4b1a88b4c3e5cd509__PDFV2__CH_1899,68
425fe6b4b1a88b4c3e5cd509__PDFV2__CH_1900,74
425fe6b4b1a88b4c3e5cd509__PDFV2__CH_1901,93
425fe6b4b1a88b4c3e5cd509__PDFV2__CH_1902,78
425fe6b4b1a88b4c3e5cd509__PDFV2__CH_1903,77
425fe6b4b1a88b4c3e5cd509__PDFV2__CH_1904,67
425fe6b4b1a88b4c3e5cd509__PDFV2__CH_1905,98
425fe6b4b1a88b4c3e5cd509__PDFV2__CH_1907,87
425fe6b4b1a88b4c3e5cd509__PDFV2__CH_1908,63
425fe6b4b1a88b4c3e5cd509__PDFV2__CH_1909,63
425fe6b4b1a88b4c3e5cd509__PDFV2__CH_1910,109
425fe6b4b1a88b4c3e5cd509__PDFV2__CH_1911,67
425fe6b4b1a88b4c3e5cd509__PDFV2__CH_1912,94
425fe6b4b1a88b4c3e5cd509__PDFV2__CH_1913,60
425fe6b4b1a88b4c3e5cd509__PDFV2__CH_1914,73
425fe6b4b1a88b4c3e5cd509__PDFV2__CH_1915,82
425fe6b4b1a88b4c3e5cd509__PDFV2__CH_1916,106
425fe6b4b1a88b4c3e5cd509__PDFV2__CH_1917,88
425fe6b4b1a88b4c3e5cd509__PDFV2__CH_1918,69
425fe6b4b1a88b4c3e5cd509__PDFV2__CH_1919__M,124
425fe6b4b1a88b4c3e5cd509__PDFV2__CH_1921,61
425fe6b4b1a88b4c3e5cd509__PDFV2__CH_1922,77
425fe6b4b1a88b4c3e5cd509__PDFV2__CH_1924,87
425fe6b4b1a88b4c3e5cd509__PDFV2__CH_1925,59
425fe6b4b1a88b4c3e5cd509__PDFV2__CH_1926,76
425fe6b4b1a88b4c3e5cd509__PDFV2__CH_1927,115
425fe6b4b1a88b4c3e5cd509__PDFV2__CH_1928,107
425fe6b4b1a88b4c3e5cd509__PDFV2__CH_1929,88
425fe6b4b1a88b4c3e5cd509__PDFV2__CH_1930,112
425fe6b4b1a88b4c3e5cd509__PDFV2__CH_1931,111
425fe6b4b1a88b4c3e5cd509__PDFV2__CH_1932,91
425fe6b4b1a88b4c3e5cd509__PDFV2__CH_1933,138
425fe6b4b1a88b4c3e5cd509__PDFV2__CH_1934,132
425fe6b4b1a88b4c3e5cd509__PDFV2__CH_1935,123
425fe6b4b1a88b4c3e5cd509__PDFV2__CH_1936,144
425fe6b4b1a88b4c3e5cd509__PDFV2__CH_1944__M,140
425fe6b4b1a88b4c3e5cd509__PDFV2__CH_1946,134
425fe6b4b1a88b4c3e5cd509__PDFV2__CH_1947,114
425fe6b4b1a88b4c3e5cd509__PDFV2__CH_1948,109
425fe6b4b1a88b4c3e5cd509__PDFV2__CH_1949,147
425fe6b4b1a88b4c3e5cd509__PDFV2__CH_1950,133
425fe6b4b1a88b4c3e5cd509__PDFV2__CH_1951,97
425fe6b4b1a88b4c3e5cd509__PDFV2__CH_1952,149
425fe6b4b1a88b4c3e5cd509__PDFV2__CH_1953,112
425fe6b4b1a88b4c3e5cd509__PDFV2__CH_1954,105
425fe6b4b1a88b4c3e5cd509__PDFV2__CH_1955,95
425fe6b4b1a88b4c3e5cd509__PDFV2__CH_1956,116
425fe6b4b1a88b4c3e5cd509__PDFV2__CH_1957,139
425fe6b4b1a88b4c3e5cd509__PDFV2__CH_1958,113
425fe6b4b1a88b4c3e5cd509__PDFV2__CH_1959,119
425fe6b4b1a88b4c3e5cd509__PDFV2__CH_1960,165
425fe6b4b1a88b4c3e5cd509__PDFV2__CH_1961,108
425fe6b4b1a88b4c3e5cd509__PDFV2__CH_1962,164
425fe6b4b1a88b4c3e5cd509__PDFV2__CH_1963,96
425fe6b4b1a88b4c3e5cd509__PDFV2__CH_1964,100
425fe6b4b1a88b4c3e5cd509__PDFV2__CH_1965,86
425fe6b4b1a88b4c3e5cd509__PDFV2__CH_1966,97
425fe6b4b1a88b4c3e5cd509__PDFV2__CH_1967,110
425fe6b4b1a88b4c3e5cd509__PDFV2__CH_1968,122
425fe6b4b1a88b4c3e5cd509__PDFV2__CH_1969,130
425fe6b4b1a88b4c3e5cd509__PDFV2__CH_1970,122
425fe6b4b1a88b4c3e5cd509__PDFV2__CH_1971,112
425fe6b4b1a88b4c3e5cd509__PDFV2__CH_1972,113
425fe6b4b1a88b4c3e5cd509__PDFV2__CH_1973,122
425fe6b4b1a88b4c3e5cd509__PDFV2__CH_1974,169
425fe6b4b1a88b4c3e5cd509__PDFV2__CH_1975,108
425fe6b4b1a88b4c3e5cd509__PDFV2__CH_1976,116
425fe6b4b1a88b4c3e5cd509__PDFV2__CH_1977,136
425fe6b4b1a88b4c3e5cd509__PDFV2__CH_1978,143
425fe6b4b1a88b4c3e5cd509__PDFV2__CH_1979,117
425fe6b4b1a88b4c3e5cd509__PDFV2__CH_1982,100
425fe6b4b1a88b4c3e5cd509__PDFV2__CH_1983,125
425fe6b4b1a88b4c3e5cd509__PDFV2__CH_1984,139
425fe6b4b1a88b4c3e5cd509__PDFV2__CH_1985,129
425fe6b4b1a88b4c3e5cd509__PDFV2__CH_1986,117
425fe6b4b1a88b4c3e5cd509__PDFV2__CH_1987,128
425fe6b4b1a88b4c3e5cd509__PDFV2__CH_1988,126
425fe6b4b1a88b4c3e5cd509__PDFV2__CH_1989,104
425fe6b4b1a88b4c3e5cd509__PDFV2__CH_1990,93
425fe6b4b1a88b4c3e5cd509__PDFV2__CH_1991,110
425fe6b4b1a88b4c3e5cd509__PDFV2__CH_1992,137
425fe6b4b1a88b4c3e5cd509__PDFV2__CH_1994,104
425fe6b4b1a88b4c3e5cd509__PDFV2__CH_1995,106
425fe6b4b1a88b4c3e5cd509__PDFV2__CH_1996,137
425fe6b4b1a88b4c3e5cd509__PDFV2__CH_1997,105
425fe6b4b1a88b4c3e5cd509__PDFV2__CH_1999,100
425fe6b4b1a88b4c3e5cd509__PDFV2__CH_2000,99
425fe6b4b1a88b4c3e5cd509__PDFV2__CH_2001,82
425fe6b4b1a88b4c3e5cd509__PDFV2__CH_2002,80
425fe6b4b1a88b4c3e5cd509__PDFV2__CH_2003,101
425fe6b4b1a88b4c3e5cd509__PDFV2__CH_2004,139
425fe6b4b1a88b4c3e5cd509__PDFV2__CH_2005,88
425fe6b4b1a88b4c3e5cd509__PDFV2__CH_2006,80
425fe6b4b1a88b4c3e5cd509__PDFV2__CH_2007,95
425fe6b4b1a88b4c3e5cd509__PDFV2__CH_2008,103
425fe6b4b1a88b4c3e5cd509__PDFV2__CH_2009,91
425fe6b4b1a88b4c3e5cd509__PDFV2__CH_2010,124
425fe6b4b1a88b4c3e5cd509__PDFV2__CH_2013,104
425fe6b4b1a88b4c3e5cd509__PDFV2__CH_2014,104
425fe6b4b1a88b4c3e5cd509__PDFV2__CH_2015,86
425fe6b4b1a88b4c3e5cd509__PDFV2__CH_2016,88
425fe6b4b1a88b4c3e5cd509__PDFV2__CH_2017,128
425fe6b4b1a88b4c3e5cd509__PDFV2__CH_2018,69
425fe6b4b1a88b4c3e5cd509__PDFV2__CH_2021,110
425fe6b4b1a88b4c3e5cd509__PDFV2__CH_2022,102
425fe6b4b1a88b4c3e5cd509__PDFV2__CH_2023,93
425fe6b4b1a88b4c3e5cd509__PDFV2__CH_2024,130
425fe6b4b1a88b4c3e5cd509__PDFV2__CH_2025,160
425fe6b4b1a88b4c3e5cd509__PDFV2__CH_2026,167
425fe6b4b1a88b4c3e5cd509__PDFV2__CH_2028,107
425fe6b4b1a88b4c3e5cd509__PDFV2__CH_2029,75
425fe6b4b1a88b4c3e5cd509__PDFV2__CH_2030,73
425fe6b4b1a88b4c3e5cd509__PDFV2__CH_2031,77
425fe6b4b1a88b4c3e5cd509__PDFV2__CH_2032,101
425fe6b4b1a88b4c3e5cd509__PDFV2__CH_2033,101
425fe6b4b1a88b4c3e5cd509__PDFV2__CH_2034,89
425fe6b4b1a88b4c3e5cd509__PDFV2__CH_2035,89
425fe6b4b1a88b4c3e5cd509__PDFV2__CH_2037,74
425fe6b4b1a88b4c3e5cd509__PDFV2__CH_2038,114
425fe6b4b1a88b4c3e5cd509__PDFV2__CH_2040__M,119
425fe6b4b1a88b4c3e5cd509__PDFV2__CH_2043__M,111
425fe6b4b1a88b4c3e5cd509__PDFV2__CH_2048,76
425fe6b4b1a88b4c3e5cd509__PDFV2__CH_2049,111
425fe6b4b1a88b4c3e5cd509__PDFV2__CH_2050,96
425fe6b4b1a88b4c3e5cd509__PDFV2__CH_2051,103
425fe6b4b1a88b4c3e5cd509__PDFV2__CH_2052,115
425fe6b4b1a88b4c3e5cd509__PDFV2__CH_2053,102
425fe6b4b1a88b4c3e5cd509__PDFV2__CH_2054,116
425fe6b4b1a88b4c3e5cd509__PDFV2__CH_2055,112
425fe6b4b1a88b4c3e5cd509__PDFV2__CH_2056,78
425fe6b4b1a88b4c3e5cd509__PDFV2__CH_2057,81
425fe6b4b1a88b4c3e5cd509__PDFV2__CH_2058,67
425fe6b4b1a88b4c3e5cd509__PDFV2__CH_2059__M,113
425fe6b4b1a88b4c3e5cd509__PDFV2__CH_2062__M,117
425fe6b4b1a88b4c3e5cd509__PDFV2__CH_2064,93
425fe6b4b1a88b4c3e5cd509__PDFV2__CH_2075,98
425fe6b4b1a88b4c3e5cd509__PDFV2__CH_2076,80
425fe6b4b1a88b4c3e5cd509__PDFV2__CH_2080,122
425fe6b4b1a88b4c3e5cd509__PDFV2__CH_2081__M,164
425fe6b4b1a88b4c3e5cd509__PDFV2__CH_2083,99
425fe6b4b1a88b4c3e5cd509__PDFV2__CH_2084,89
425fe6b4b1a88b4c3e5cd509__PDFV2__CH_2085,96
425fe6b4b1a88b4c3e5cd509__PDFV2__CH_2086,114
425fe6b4b1a88b4c3e5cd509__PDFV2__CH_2087,87
425fe6b4b1a88b4c3e5cd509__PDFV2__CH_2088__M,119
425fe6b4b1a88b4c3e5cd509__PDFV2__CH_2093__M,142
425fe6b4b1a88b4c3e5cd509__PDFV2__CH_2099__M,105
425fe6b4b1a88b4c3e5cd509__PDFV2__CH_2104__M,156
425fe6b4b1a88b4c3e5cd509__PDFV2__CH_2108__M,151
425fe6b4b1a88b4c3e5cd509__PDFV2__CH_2110__M,109
425fe6b4b1a88b4c3e5cd509__PDFV2__CH_2114__M,98
425fe6b4b1a88b4c3e5cd509__PDFV2__CH_2116__M,136
425fe6b4b1a88b4c3e5cd509__PDFV2__CH_2118,96
425fe6b4b1a88b4c3e5cd509__PDFV2__CH_2119__M,114
425fe6b4b1a88b4c3e5cd509__PDFV2__CH_2121,167
425fe6b4b1a88b4c3e5cd509__PDFV2__CH_2122,143
425fe6b4b1a88b4c3e5cd509__PDFV2__CH_2123,138
425fe6b4b1a88b4c3e5cd509__PDFV2__CH_2124,98
425fe6b4b1a88b4c3e5cd509__PDFV2__CH_2125,149
425fe6b4b1a88b4c3e5cd509__PDFV2__CH_2126,158
425fe6b4b1a88b4c3e5cd509__PDFV2__CH_2127,79
425fe6b4b1a88b4c3e5cd509__PDFV2__CH_2128,110
425fe6b4b1a88b4c3e5cd509__PDFV2__CH_2129,124
425fe6b4b1a88b4c3e5cd509__PDFV2__CH_2130,78
425fe6b4b1a88b4c3e5cd509__PDFV2__CH_2131,95
425fe6b4b1a88b4c3e5cd509__PDFV2__CH_2132,138
425fe6b4b1a88b4c3e5cd509__PDFV2__CH_2133,92
425fe6b4b1a88b4c3e5cd509__PDFV2__CH_2134,131
425fe6b4b1a88b4c3e5cd509__PDFV2__CH_2135,81
425fe6b4b1a88b4c3e5cd509__PDFV2__CH_2136,98
425fe6b4b1a88b4c3e5cd509__PDFV2__CH_2137,72
425fe6b4b1a88b4c3e5cd509__PDFV2__CH_2138__M,110
425fe6b4b1a88b4c3e5cd509__PDFV2__CH_2140,128
425fe6b4b1a88b4c3e5cd509__PDFV2__CH_2141,124
425fe6b4b1a88b4c3e5cd509__PDFV2__CH_2142,70
425fe6b4b1a88b4c3e5cd509__PDFV2__CH_2143,136
425fe6b4b1a88b4c3e5cd509__PDFV2__CH_2144,122
425fe6b4b1a88b4c3e5cd509__PDFV2__CH_2145,95
425fe6b4b1a88b4c3e5cd509__PDFV2__CH_2146,140
425fe6b4b1a88b4c3e5cd509__PDFV2__CH_2147,94
425fe6b4b1a88b4c3e5cd509__PDFV2__CH_2148,87
425fe6b4b1a88b4c3e5cd509__PDFV2__CH_2149,90
425fe6b4b1a88b4c3e5cd509__PDFV2__CH_2150,82
425fe6b4b1a88b4c3e5cd509__PDFV2__CH_2151,142
425fe6b4b1a88b4c3e5cd509__PDFV2__CH_2152,93
425fe6b4b1a88b4c3e5cd509__PDFV2__CH_2153,101
425fe6b4b1a88b4c3e5cd509__PDFV2__CH_2154,106
425fe6b4b1a88b4c3e5cd509__PDFV2__CH_2155,102
425fe6b4b1a88b4c3e5cd509__PDFV2__CH_2156,69
425fe6b4b1a88b4c3e5cd509__PDFV2__CH_2157,58
425fe6b4b1a88b4c3e5cd509__PDFV2__CH_2158,68
425fe6b4b1a88b4c3e5cd509__PDFV2__CH_2159,108
425fe6b4b1a88b4c3e5cd509__PDFV2__CH_2160,112
425fe6b4b1a88b4c3e5cd509__PDFV2__CH_2161,75
425fe6b4b1a88b4c3e5cd509__PDFV2__CH_2162,102
425fe6b4b1a88b4c3e5cd509__PDFV2__CH_2163,146
425fe6b4b1a88b4c3e5cd509__PDFV2__CH_2164,77
425fe6b4b1a88b4c3e5cd509__PDFV2__CH_2165,75
425fe6b4b1a88b4c3e5cd509__PDFV2__CH_2166,78
425fe6b4b1a88b4c3e5cd509__PDFV2__CH_2167,80
425fe6b4b1a88b4c3e5cd509__PDFV2__CH_2168,91
425fe6b4b1a88b4c3e5cd509__PDFV2__CH_2169,134
425fe6b4b1a88b4c3e5cd509__PDFV2__CH_2170,138
425fe6b4b1a88b4c3e5cd509__PDFV2__CH_2171,148
425fe6b4b1a88b4c3e5cd509__PDFV2__CH_2172,110
425fe6b4b1a88b4c3e5cd509__PDFV2__CH_2173,128
425fe6b4b1a88b4c3e5cd509__PDFV2__CH_2174,118
425fe6b4b1a88b4c3e5cd509__PDFV2__CH_2175,147
425fe6b4b1a88b4c3e5cd509__PDFV2__CH_2176,116
425fe6b4b1a88b4c3e5cd509__PDFV2__CH_2177,116
425fe6b4b1a88b4c3e5cd509__PDFV2__CH_2178,112
425fe6b4b1a88b4c3e5cd509__PDFV2__CH_2179,87
425fe6b4b1a88b4c3e5cd509__PDFV2__CH_2180,114
425fe6b4b1a88b4c3e5cd509__PDFV2__CH_2181,113
425fe6b4b1a88b4c3e5cd509__PDFV2__CH_2182,116
425fe6b4b1a88b4c3e5cd509__PDFV2__CH_2183,70
425fe6b4b1a88b4c3e5cd509__PDFV2__CH_2184,96
425fe6b4b1a88b4c3e5cd509__PDFV2__CH_2185__M,113
425fe6b4b1a88b4c3e5cd509__PDFV2__CH_2188,86
425fe6b4b1a88b4c3e5cd509__PDFV2__CH_2191__M,96
425fe6b4b1a88b4c3e5cd509__PDFV2__CH_2193,123
425fe6b4b1a88b4c3e5cd509__PDFV2__CH_2194,119
425fe6b4b1a88b4c3e5cd509__PDFV2__CH_2195,116
425fe6b4b1a88b4c3e5cd509__PDFV2__CH_2197__M,103
425fe6b4b1a88b4c3e5cd509__PDFV2__CH_2200__M,130
425fe6b4b1a88b4c3e5cd509__PDFV2__CH_2202__M,119
425fe6b4b1a88b4c3e5cd509__PDFV2__CH_2206,121
425fe6b4b1a88b4c3e5cd509__PDFV2__CH_2207__M,219
425fe6b4b1a88b4c3e5cd509__PDFV2__CH_2209,104
425fe6b4b1a88b4c3e5cd509__PDFV2__CH_2210,91
425fe6b4b1a88b4c3e5cd509__PDFV2__CH_2211,125
425fe6b4b1a88b4c3e5cd509__PDFV2__CH_2212__M,135
425fe6b4b1a88b4c3e5cd509__PDFV2__CH_2217__M,106
425fe6b4b1a88b4c3e5cd509__PDFV2__CH_2221__M,119
425fe6b4b1a88b4c3e5cd509__PDFV2__CH_2225__M,123
425fe6b4b1a88b4c3e5cd509__PDFV2__CH_2228,95
425fe6b4b1a88b4c3e5cd509__PDFV2__CH_2229__M,135
425fe6b4b1a88b4c3e5cd509__PDFV2__CH_2233__M,105
425fe6b4b1a88b4c3e5cd509__PDFV2__CH_2235,121
425fe6b4b1a88b4c3e5cd509__PDFV2__CH_2236,126
425fe6b4b1a88b4c3e5cd509__PDFV2__CH_2237,105
425fe6b4b1a88b4c3e5cd509__PDFV2__CH_2238,92
425fe6b4b1a88b4c3e5cd509__PDFV2__CH_2239,89
425fe6b4b1a88b4c3e5cd509__PDFV2__CH_2240__M,86
425fe6b4b1a88b4c3e5cd509__PDFV2__CH_2242,74
425fe6b4b1a88b4c3e5cd509__PDFV2__CH_2243,110
425fe6b4b1a88b4c3e5cd509__PDFV2__CH_2244,111
425fe6b4b1a88b4c3e5cd509__PDFV2__CH_2245,101
425fe6b4b1a88b4c3e5cd509__PDFV2__CH_2246,111
425fe6b4b1a88b4c3e5cd509__PDFV2__CH_2247,88
425fe6b4b1a88b4c3e5cd509__PDFV2__CH_2248,85
425fe6b4b1a88b4c3e5cd509__PDFV2__CH_2249,64
425fe6b4b1a88b4c3e5cd509__PDFV2__CH_2250,97
425fe6b4b1a88b4c3e5cd509__PDFV2__CH_2251,82
425fe6b4b1a88b4c3e5cd509__PDFV2__CH_2252,82
425fe6b4b1a88b4c3e5cd509__PDFV2__CH_2253,78
425fe6b4b1a88b4c3e5cd509__PDFV2__CH_2254,82
425fe6b4b1a88b4c3e5cd509__PDFV2__CH_2255,87
425fe6b4b1a88b4c3e5cd509__PDFV2__CH_2256,82
425fe6b4b1a88b4c3e5cd509__PDFV2__CH_2257,63
425fe6b4b1a88b4c3e5cd509__PDFV2__CH_2258,65
425fe6b4b1a88b4c3e5cd509__PDFV2__CH_2259,77
425fe6b4b1a88b4c3e5cd509__PDFV2__CH_2260,70
425fe6b4b1a88b4c3e5cd509__PDFV2__CH_2261__M,127
425fe6b4b1a88b4c3e5cd509__PDFV2__CH_2264__M,126
425fe6b4b1a88b4c3e5cd509__PDFV2__CH_2266__M,372
425fe6b4b1a88b4c3e5cd509__PDFV2__CH_2269__M,176
425fe6b4b1a88b4c3e5cd509__PDFV2__CH_2271,102
425fe6b4b1a88b4c3e5cd509__PDFV2__CH_2272,85
425fe6b4b1a88b4c3e5cd509__PDFV2__CH_2273__M,117
425fe6b4b1a88b4c3e5cd509__PDFV2__CH_2275,95
425fe6b4b1a88b4c3e5cd509__PDFV2__CH_2276,138
425fe6b4b1a88b4c3e5cd509__PDFV2__CH_2277__M,138
425fe6b4b1a88b4c3e5cd509__PDFV2__CH_2279,91
425fe6b4b1a88b4c3e5cd509__PDFV2__CH_2280,161
425fe6b4b1a88b4c3e5cd509__PDFV2__CH_2281,128
425fe6b4b1a88b4c3e5cd509__PDFV2__CH_2282,125
425fe6b4b1a88b4c3e5cd509__PDFV2__CH_2283,151
425fe6b4b1a88b4c3e5cd509__PDFV2__CH_2284,137
425fe6b4b1a88b4c3e5cd509__PDFV2__CH_2285,126
425fe6b4b1a88b4c3e5cd509__PDFV2__CH_2286,102
425fe6b4b1a88b4c3e5cd509__PDFV2__CH_2287,100
425fe6b4b1a88b4c3e5cd509__PDFV2__CH_2288,113
425fe6b4b1a88b4c3e5cd509__PDFV2__CH_2289,103
425fe6b4b1a88b4c3e5cd509__PDFV2__CH_2290,108
425fe6b4b1a88b4c3e5cd509__PDFV2__CH_2291,144
425fe6b4b1a88b4c3e5cd509__PDFV2__CH_2292,106
425fe6b4b1a88b4c3e5cd509__PDFV2__CH_2293__M,125
425fe6b4b1a88b4c3e5cd509__PDFV2__CH_2295,133
425fe6b4b1a88b4c3e5cd509__PDFV2__CH_2296,124
425fe6b4b1a88b4c3e5cd509__PDFV2__CH_2297,118
425fe6b4b1a88b4c3e5cd509__PDFV2__CH_2298,161
425fe6b4b1a88b4c3e5cd509__PDFV2__CH_2299,119
425fe6b4b1a88b4c3e5cd509__PDFV2__CH_2300,110
425fe6b4b1a88b4c3e5cd509__PDFV2__CH_2301,122
425fe6b4b1a88b4c3e5cd509__PDFV2__CH_2302,132
425fe6b4b1a88b4c3e5cd509__PDFV2__CH_2303,119
425fe6b4b1a88b4c3e5cd509__PDFV2__CH_2304,98
425fe6b4b1a88b4c3e5cd509__PDFV2__CH_2305,112
425fe6b4b1a88b4c3e5cd509__PDFV2__CH_2306,123
425fe6b4b1a88b4c3e5cd509__PDFV2__CH_2307,95
425fe6b4b1a88b4c3e5cd509__PDFV2__CH_2308,104
425fe6b4b1a88b4c3e5cd509__PDFV2__CH_2309,165
425fe6b4b1a88b4c3e5cd509__PDFV2__CH_2310,126
425fe6b4b1a88b4c3e5cd509__PDFV2__CH_2311__M,140
425fe6b4b1a88b4c3e5cd509__PDFV2__CH_2313,85
425fe6b4b1a88b4c3e5cd509__PDFV2__CH_2314__M,154
425fe6b4b1a88b4c3e5cd509__PDFV2__CH_2316,144
425fe6b4b1a88b4c3e5cd509__PDFV2__CH_2317,128
425fe6b4b1a88b4c3e5cd509__PDFV2__CH_2318,156
425fe6b4b1a88b4c3e5cd509__PDFV2__CH_2319,135
425fe6b4b1a88b4c3e5cd509__PDFV2__CH_2320,96
425fe6b4b1a88b4c3e5cd509__PDFV2__CH_2321,103
425fe6b4b1a88b4c3e5cd509__PDFV2__CH_2322,124
425fe6b4b1a88b4c3e5cd509__PDFV2__CH_2323,149
425fe6b4b1a88b4c3e5cd509__PDFV2__CH_2324,104
425fe6b4b1a88b4c3e5cd509__PDFV2__CH_2325,73
425fe6b4b1a88b4c3e5cd509__PDFV2__CH_2326,56
425fe6b4b1a88b4c3e5cd509__PDFV2__CH_2327,135
425fe6b4b1a88b4c3e5cd509__PDFV2__CH_2328,133
425fe6b4b1a88b4c3e5cd509__PDFV2__CH_2329,108
425fe6b4b1a88b4c3e5cd509__PDFV2__CH_2330,99
425fe6b4b1a88b4c3e5cd509__PDFV2__CH_2331,121
425fe6b4b1a88b4c3e5cd509__PDFV2__CH_2332,133
425fe6b4b1a88b4c3e5cd509__PDFV2__CH_2333,141
425fe6b4b1a88b4c3e5cd509__PDFV2__CH_2334,133
425fe6b4b1a88b4c3e5cd509__PDFV2__CH_2335,83
425fe6b4b1a88b4c3e5cd509__PDFV2__CH_2336,94
425fe6b4b1a88b4c3e5cd509__PDFV2__CH_2337,69
425fe6b4b1a88b4c3e5cd509__PDFV2__CH_2338__M,131
425fe6b4b1a88b4c3e5cd509__PDFV2__CH_2340,92
425fe6b4b1a88b4c3e5cd509__PDFV2__CH_2342,91
425fe6b4b1a88b4c3e5cd509__PDFV2__CH_2344__M,123
425fe6b4b1a88b4c3e5cd509__PDFV2__CH_2347,121
425fe6b4b1a88b4c3e5cd509__PDFV2__CH_2348,97
425fe6b4b1a88b4c3e5cd509__PDFV2__CH_2374,89
425fe6b4b1a88b4c3e5cd509__PDFV2__CH_2378__M,96
425fe6b4b1a88b4c3e5cd509__PDFV2__CH_2380,131
425fe6b4b1a88b4c3e5cd509__PDFV2__CH_2381,103
425fe6b4b1a88b4c3e5cd509__PDFV2__CH_2382,128
425fe6b4b1a88b4c3e5cd509__PDFV2__CH_2383,126
425fe6b4b1a88b4c3e5cd509__PDFV2__CH_2384,116
425fe6b4b1a88b4c3e5cd509__PDFV2__CH_2385,125
425fe6b4b1a88b4c3e5cd509__PDFV2__CH_2388,106
425fe6b4b1a88b4c3e5cd509__PDFV2__CH_2389,138
425fe6b4b1a88b4c3e5cd509__PDFV2__CH_2390,129
425fe6b4b1a88b4c3e5cd509__PDFV2__CH_2391,107
425fe6b4b1a88b4c3e5cd509__PDFV2__CH_2392,106
425fe6b4b1a88b4c3e5cd509__PDFV2__CH_2393,79
425fe6b4b1a88b4c3e5cd509__PDFV2__CH_2394,102
425fe6b4b1a88b4c3e5cd509__PDFV2__CH_2395,61
425fe6b4b1a88b4c3e5cd509__PDFV2__CH_2396,94
425fe6b4b1a88b4c3e5cd509__PDFV2__CH_2397,69
425fe6b4b1a88b4c3e5cd509__PDFV2__CH_2398__M,140
425fe6b4b1a88b4c3e5cd509__PDFV2__CH_2401,98
425fe6b4b1a88b4c3e5cd509__PDFV2__CH_2402,93
425fe6b4b1a88b4c3e5cd509__PDFV2__CH_2403,69
425fe6b4b1a88b4c3e5cd509__PDFV2__CH_2404,83
425fe6b4b1a88b4c3e5cd509__PDFV2__CH_2405,115
425fe6b4b1a88b4c3e5cd509__PDFV2__CH_2406,144
425fe6b4b1a88b4c3e5cd509__PDFV2__CH_2407,109
425fe6b4b1a88b4c3e5cd509__PDFV2__CH_2408,109
425fe6b4b1a88b4c3e5cd509__PDFV2__CH_2409,83
425fe6b4b1a88b4c3e5cd509__PDFV2__CH_2410,88
425fe6b4b1a88b4c3e5cd509__PDFV2__CH_2411__M,156
425fe6b4b1a88b4c3e5cd509__PDFV2__CH_2413__M,123
425fe6b4b1a88b4c3e5cd509__PDFV2__CH_2415,144
425fe6b4b1a88b4c3e5cd509__PDFV2__CH_2416,138
425fe6b4b1a88b4c3e5cd509__PDFV2__CH_2417,96
425fe6b4b1a88b4c3e5cd509__PDFV2__CH_2418__M,130
425fe6b4b1a88b4c3e5cd509__PDFV2__CH_2420,120
425fe6b4b1a88b4c3e5cd509__PDFV2__CH_2421,92
425fe6b4b1a88b4c3e5cd509__PDFV2__CH_2422,110
425fe6b4b1a88b4c3e5cd509__PDFV2__CH_2423,128
425fe6b4b1a88b4c3e5cd509__PDFV2__CH_2424,137
425fe6b4b1a88b4c3e5cd509__PDFV2__CH_2425,98
425fe6b4b1a88b4c3e5cd509__PDFV2__CH_2426__M,159
425fe6b4b1a88b4c3e5cd509__PDFV2__CH_2428,97
425fe6b4b1a88b4c3e5cd509__PDFV2__CH_2429,101
425fe6b4b1a88b4c3e5cd509__PDFV2__CH_2430,74
425fe6b4b1a88b4c3e5cd509__PDFV2__CH_2431,101
425fe6b4b1a88b4c3e5cd509__PDFV2__CH_2432,126
425fe6b4b1a88b4c3e5cd509__PDFV2__CH_2433,141
425fe6b4b1a88b4c3e5cd509__PDFV2__CH_2434,117
425fe6b4b1a88b4c3e5cd509__PDFV2__CH_2435,103
425fe6b4b1a88b4c3e5cd509__PDFV2__CH_2436,100
425fe6b4b1a88b4c3e5cd509__PDFV2__CH_2437__M,132
425fe6b4b1a88b4c3e5cd509__PDFV2__CH_2439,122
425fe6b4b1a88b4c3e5cd509__PDFV2__CH_2440,107
425fe6b4b1a88b4c3e5cd509__PDFV2__CH_2441__M,127
425fe6b4b1a88b4c3e5cd509__PDFV2__CH_2443,128
425fe6b4b1a88b4c3e5cd509__PDFV2__CH_2444,121
425fe6b4b1a88b4c3e5cd509__PDFV2__CH_2445,127
425fe6b4b1a88b4c3e5cd509__PDFV2__CH_2446,134
425fe6b4b1a88b4c3e5cd509__PDFV2__CH_2447,137
425fe6b4b1a88b4c3e5cd509__PDFV2__CH_2448,140
425fe6b4b1a88b4c3e5cd509__PDFV2__CH_2449,132
425fe6b4b1a88b4c3e5cd509__PDFV2__CH_2450,101
425fe6b4b1a88b4c3e5cd509__PDFV2__CH_2451,115
425fe6b4b1a88b4c3e5cd509__PDFV2__CH_2452,129
425fe6b4b1a88b4c3e5cd509__PDFV2__CH_2453,86
425fe6b4b1a88b4c3e5cd509__PDFV2__CH_2454__M,169
425fe6b4b1a88b4c3e5cd509__PDFV2__CH_2456,136
425fe6b4b1a88b4c3e5cd509__PDFV2__CH_2457,109
425fe6b4b1a88b4c3e5cd509__PDFV2__CH_2458,118
425fe6b4b1a88b4c3e5cd509__PDFV2__CH_2459,103
425fe6b4b1a88b4c3e5cd509__PDFV2__CH_2460,112
425fe6b4b1a88b4c3e5cd509__PDFV2__CH_2461,138
425fe6b4b1a88b4c3e5cd509__PDFV2__CH_2462,129
425fe6b4b1a88b4c3e5cd509__PDFV2__CH_2463,116
425fe6b4b1a88b4c3e5cd509__PDFV2__CH_2464,128
425fe6b4b1a88b4c3e5cd509__PDFV2__CH_2465,131
425fe6b4b1a88b4c3e5cd509__PDFV2__CH_2466,114
425fe6b4b1a88b4c3e5cd509__PDFV2__CH_2467,154
425fe6b4b1a88b4c3e5cd509__PDFV2__CH_2468,112
425fe6b4b1a88b4c3e5cd509__PDFV2__CH_2469,153
425fe6b4b1a88b4c3e5cd509__PDFV2__CH_2470,130
425fe6b4b1a88b4c3e5cd509__PDFV2__CH_2471,164
425fe6b4b1a88b4c3e5cd509__PDFV2__CH_2472,162
425fe6b4b1a88b4c3e5cd509__PDFV2__CH_2473,118
425fe6b4b1a88b4c3e5cd509__PDFV2__CH_2474,89
425fe6b4b1a88b4c3e5cd509__PDFV2__CH_2475,107
425fe6b4b1a88b4c3e5cd509__PDFV2__CH_2476,105
425fe6b4b1a88b4c3e5cd509__PDFV2__CH_2477,158
425fe6b4b1a88b4c3e5cd509__PDFV2__CH_2478,120
425fe6b4b1a88b4c3e5cd509__PDFV2__CH_2479,148
425fe6b4b1a88b4c3e5cd509__PDFV2__CH_2480,123
425fe6b4b1a88b4c3e5cd509__PDFV2__CH_2481,145
425fe6b4b1a88b4c3e5cd509__PDFV2__CH_2482,73
425fe6b4b1a88b4c3e5cd509__PDFV2__CH_2483,112
425fe6b4b1a88b4c3e5cd509__PDFV2__CH_2484,62
425fe6b4b1a88b4c3e5cd509__PDFV2__CH_2485,85
425fe6b4b1a88b4c3e5cd509__PDFV2__CH_2486,116
425fe6b4b1a88b4c3e5cd509__PDFV2__CH_2487,64
425fe6b4b1a88b4c3e5cd509__PDFV2__CH_2488,86
425fe6b4b1a88b4c3e5cd509__PDFV2__CH_2489,104
425fe6b4b1a88b4c3e5cd509__PDFV2__CH_2490,92
425fe6b4b1a88b4c3e5cd509__PDFV2__CH_2491,107
425fe6b4b1a88b4c3e5cd509__PDFV2__CH_2492,83
425fe6b4b1a88b4c3e5cd509__PDFV2__CH_2493,89
425fe6b4b1a88b4c3e5cd509__PDFV2__CH_2494,85
425fe6b4b1a88b4c3e5cd509__PDFV2__CH_2495,108
425fe6b4b1a88b4c3e5cd509__PDFV2__CH_2496,141
425fe6b4b1a88b4c3e5cd509__PDFV2__CH_2497,91
425fe6b4b1a88b4c3e5cd509__PDFV2__CH_2498,122
425fe6b4b1a88b4c3e5cd509__PDFV2__CH_2499,116
425fe6b4b1a88b4c3e5cd509__PDFV2__CH_2500,161
425fe6b4b1a88b4c3e5cd509__PDFV2__CH_2501,109
425fe6b4b1a88b4c3e5cd509__PDFV2__CH_2502,99
425fe6b4b1a88b4c3e5cd509__PDFV2__CH_2503,154
425fe6b4b1a88b4c3e5cd509__PDFV2__CH_2504,124
425fe6b4b1a88b4c3e5cd509__PDFV2__CH_2505,58
425fe6b4b1a88b4c3e5cd509__PDFV2__CH_2506,102
425fe6b4b1a88b4c3e5cd509__PDFV2__CH_2507,80
425fe6b4b1a88b4c3e5cd509__PDFV2__CH_2508,98
425fe6b4b1a88b4c3e5cd509__PDFV2__CH_2509,116
425fe6b4b1a88b4c3e5cd509__PDFV2__CH_2510,112
425fe6b4b1a88b4c3e5cd509__PDFV2__CH_2511,69
425fe6b4b1a88b4c3e5cd509__PDFV2__CH_2512,104
425fe6b4b1a88b4c3e5cd509__PDFV2__CH_2513,97
425fe6b4b1a88b4c3e5cd509__PDFV2__CH_2514,137
425fe6b4b1a88b4c3e5cd509__PDFV2__CH_2515,123
425fe6b4b1a88b4c3e5cd509__PDFV2__CH_2516,112
425fe6b4b1a88b4c3e5cd509__PDFV2__CH_2517,78
425fe6b4b1a88b4c3e5cd509__PDFV2__CH_2518,120
425fe6b4b1a88b4c3e5cd509__PDFV2__CH_2519,117
425fe6b4b1a88b4c3e5cd509__PDFV2__CH_2520,112
425fe6b4b1a88b4c3e5cd509__PDFV2__CH_2521,96
425fe6b4b1a88b4c3e5cd509__PDFV2__CH_2522,70
425fe6b4b1a88b4c3e5cd509__PDFV2__CH_2523,68
425fe6b4b1a88b4c3e5cd509__PDFV2__CH_2524,91
425fe6b4b1a88b4c3e5cd509__PDFV2__CH_2527,88
425fe6b4b1a88b4c3e5cd509__PDFV2__CH_2529,94
425fe6b4b1a88b4c3e5cd509__PDFV2__CH_2530,78
425fe6b4b1a88b4c3e5cd509__PDFV2__CH_2531,111
425fe6b4b1a88b4c3e5cd509__PDFV2__CH_2534,106
425fe6b4b1a88b4c3e5cd509__PDFV2__CH_2535__M,128
425fe6b4b1a88b4c3e5cd509__PDFV2__CH_2537,87
425fe6b4b1a88b4c3e5cd509__PDFV2__CH_2538,112
425fe6b4b1a88b4c3e5cd509__PDFV2__CH_2539,161
425fe6b4b1a88b4c3e5cd509__PDFV2__CH_2540,85
425fe6b4b1a88b4c3e5cd509__PDFV2__CH_2541,108
425fe6b4b1a88b4c3e5cd509__PDFV2__CH_2542,88
425fe6b4b1a88b4c3e5cd509__PDFV2__CH_2543,110
425fe6b4b1a88b4c3e5cd509__PDFV2__CH_2544,101
425fe6b4b1a88b4c3e5cd509__PDFV2__CH_2545,132
425fe6b4b1a88b4c3e5cd509__PDFV2__CH_2547,82
425fe6b4b1a88b4c3e5cd509__PDFV2__CH_2548,95
425fe6b4b1a88b4c3e5cd509__PDFV2__CH_2550,98
425fe6b4b1a88b4c3e5cd509__PDFV2__CH_2551,119
425fe6b4b1a88b4c3e5cd509__PDFV2__CH_2552,105
425fe6b4b1a88b4c3e5cd509__PDFV2__CH_2553,103
425fe6b4b1a88b4c3e5cd509__PDFV2__CH_2554,100
425fe6b4b1a88b4c3e5cd509__PDFV2__CH_2555,88
425fe6b4b1a88b4c3e5cd509__PDFV2__CH_2556,132
425fe6b4b1a88b4c3e5cd509__PDFV2__CH_2557,105
425fe6b4b1a88b4c3e5cd509__PDFV2__CH_2558,125
425fe6b4b1a88b4c3e5cd509__PDFV2__CH_2559,83
425fe6b4b1a88b4c3e5cd509__PDFV2__CH_2560,92
425fe6b4b1a88b4c3e5cd509__PDFV2__CH_2561,84
425fe6b4b1a88b4c3e5cd509__PDFV2__CH_2562,120
425fe6b4b1a88b4c3e5cd509__PDFV2__CH_2563,77
425fe6b4b1a88b4c3e5cd509__PDFV2__CH_2564,80
425fe6b4b1a88b4c3e5cd509__PDFV2__CH_2565,104
425fe6b4b1a88b4c3e5cd509__PDFV2__CH_2566,69
425fe6b4b1a88b4c3e5cd509__PDFV2__CH_2567,85
425fe6b4b1a88b4c3e5cd509__PDFV2__CH_2569,107
42814ceab35456a92f3ab9bd__42814ceab35456a92f3ab9bd__SEG_0001__CH_001,133
42814ceab35456a92f3ab9bd__42814ceab35456a92f3ab9bd__SEG_0001__CH_002,102
429a3de6d646c9e16662b532__PDFV2__CH_0001,120
429a3de6d646c9e16662b532__PDFV2__CH_0002,138
429a3de6d646c9e16662b532__PDFV2__CH_0003,106
429a3de6d646c9e16662b532__PDFV2__CH_0004,136
429a3de6d646c9e16662b532__PDFV2__CH_0005,96
429a3de6d646c9e16662b532__PDFV2__CH_0006,122
429a3de6d646c9e16662b532__PDFV2__CH_0007,129
429a3de6d646c9e16662b532__PDFV2__CH_0008,145
42aa38c601f78f1a59f5772c__PDFV2__CH_0002,179
42aa38c601f78f1a59f5772c__PDFV2__CH_0003,154
42aa38c601f78f1a59f5772c__PDFV2__CH_0004,98
42aa38c601f78f1a59f5772c__PDFV2__CH_0005,104
42da0c41bce652676bd5cb53__42da0c41bce652676bd5cb53__SEG_0001__CH_001,165
42da0c41bce652676bd5cb53__42da0c41bce652676bd5cb53__SEG_0001__CH_002,153
42da0c41bce652676bd5cb53__42da0c41bce652676bd5cb53__SEG_0001__CH_003,126
42e7b3315fefc3fb3d32e31a__PDFV2__CH_0001,116
42e7b3315fefc3fb3d32e31a__PDFV2__CH_0002,126
42e7b3315fefc3fb3d32e31a__PDFV2__CH_0003,135
42e7b3315fefc3fb3d32e31a__PDFV2__CH_0004,98
42e7b3315fefc3fb3d32e31a__PDFV2__CH_0005,153
42e7b3315fefc3fb3d32e31a__PDFV2__CH_0006,114
42e7b3315fefc3fb3d32e31a__PDFV2__CH_0007,135
42e7b3315fefc3fb3d32e31a__PDFV2__CH_0008,87
42e7b3315fefc3fb3d32e31a__PDFV2__CH_0009,135
42e7b3315fefc3fb3d32e31a__PDFV2__CH_0010,112
42e7b3315fefc3fb3d32e31a__PDFV2__CH_0011,88
42e7b3315fefc3fb3d32e31a__PDFV2__CH_0012,115
42e7b3315fefc3fb3d32e31a__PDFV2__CH_0013,87
42e7b3315fefc3fb3d32e31a__PDFV2__CH_0014,119
42e7b3315fefc3fb3d32e31a__PDFV2__CH_0015,112
42e7b3315fefc3fb3d32e31a__PDFV2__CH_0016,136
42e7b3315fefc3fb3d32e31a__PDFV2__CH_0018,141
42e7b3315fefc3fb3d32e31a__PDFV2__CH_0019,92
42e7b3315fefc3fb3d32e31a__PDFV2__CH_0020,106
42e7b3315fefc3fb3d32e31a__PDFV2__CH_0021,144
42e7b3315fefc3fb3d32e31a__PDFV2__CH_0022,126
42e7b3315fefc3fb3d32e31a__PDFV2__CH_0023,82
42e7b3315fefc3fb3d32e31a__PDFV2__CH_0024,173
42e7b3315fefc3fb3d32e31a__PDFV2__CH_0025,173
42e7b3315fefc3fb3d32e31a__PDFV2__CH_0026,148
42e7b3315fefc3fb3d32e31a__PDFV2__CH_0027,177
42e7b3315fefc3fb3d32e31a__PDFV2__CH_0028,107
4303ab0619aeddcf42e13479__PDFV2__CH_0001,105
4303ab0619aeddcf42e13479__PDFV2__CH_0002,134
4303ab0619aeddcf42e13479__PDFV2__CH_0003__M,145
4303ab0619aeddcf42e13479__PDFV2__CH_0005,97
4303ab0619aeddcf42e13479__PDFV2__CH_0006,143
4303ab0619aeddcf42e13479__PDFV2__CH_0007,113
4303ab0619aeddcf42e13479__PDFV2__CH_0008,137
4303ab0619aeddcf42e13479__PDFV2__CH_0010__M,146
4303ab0619aeddcf42e13479__PDFV2__CH_0012,129
4303ab0619aeddcf42e13479__PDFV2__CH_0013,125
4303ab0619aeddcf42e13479__PDFV2__CH_0014,138
4303ab0619aeddcf42e13479__PDFV2__CH_0015,110
4303ab0619aeddcf42e13479__PDFV2__CH_0016,101
4303ab0619aeddcf42e13479__PDFV2__CH_0017,117
4303ab0619aeddcf42e13479__PDFV2__CH_0018,113
4303ab0619aeddcf42e13479__PDFV2__CH_0019,115
4303ab0619aeddcf42e13479__PDFV2__CH_0020,150
4419c3d916f9e92686517b73__PDFV2__CH_0005,115
4419c3d916f9e92686517b73__PDFV2__CH_0007,105
4419c3d916f9e92686517b73__PDFV2__CH_0008,80
4419c3d916f9e92686517b73__PDFV2__CH_0009,96
4419c3d916f9e92686517b73__PDFV2__CH_0010__M,132
4419c3d916f9e92686517b73__PDFV2__CH_0012,149
4419c3d916f9e92686517b73__PDFV2__CH_0013,145
4419c3d916f9e92686517b73__PDFV2__CH_0014,184
4419c3d916f9e92686517b73__PDFV2__CH_0015,90
4419c3d916f9e92686517b73__PDFV2__CH_0016,121
4419c3d916f9e92686517b73__PDFV2__CH_0018,141
4419c3d916f9e92686517b73__PDFV2__CH_0019,88
4419c3d916f9e92686517b73__PDFV2__CH_0022,127
4419c3d916f9e92686517b73__PDFV2__CH_0023,92
4419c3d916f9e92686517b73__PDFV2__CH_0027,110
4419c3d916f9e92686517b73__PDFV2__CH_0031,105
4419c3d916f9e92686517b73__PDFV2__CH_0032,79
4419c3d916f9e92686517b73__PDFV2__CH_0033,127
4419c3d916f9e92686517b73__PDFV2__CH_0034,117
4419c3d916f9e92686517b73__PDFV2__CH_0036,117
4419c3d916f9e92686517b73__PDFV2__CH_0038,128
4419c3d916f9e92686517b73__PDFV2__CH_0039,93
4419c3d916f9e92686517b73__PDFV2__CH_0040,117
4419c3d916f9e92686517b73__PDFV2__CH_0043,186
4419c3d916f9e92686517b73__PDFV2__CH_0044,140
4419c3d916f9e92686517b73__PDFV2__CH_0046,100
4419c3d916f9e92686517b73__PDFV2__CH_0047,117
4419c3d916f9e92686517b73__PDFV2__CH_0048,113
4419c3d916f9e92686517b73__PDFV2__CH_0049,108
4419c3d916f9e92686517b73__PDFV2__CH_0051,166
4419c3d916f9e92686517b73__PDFV2__CH_0052,145
4419c3d916f9e92686517b73__PDFV2__CH_0053,126
4419c3d916f9e92686517b73__PDFV2__CH_0056,154
4419c3d916f9e92686517b73__PDFV2__CH_0057,190
4419c3d916f9e92686517b73__PDFV2__CH_0058,145
4419c3d916f9e92686517b73__PDFV2__CH_0060__M,97
4419c3d916f9e92686517b73__PDFV2__CH_0062,71
4419c3d916f9e92686517b73__PDFV2__CH_0063,93
4419c3d916f9e92686517b73__PDFV2__CH_0064,100
4419c3d916f9e92686517b73__PDFV2__CH_0065,116
4419c3d916f9e92686517b73__PDFV2__CH_0066,116
4419c3d916f9e92686517b73__PDFV2__CH_0069__M,121
4419c3d916f9e92686517b73__PDFV2__CH_0074,128
4419c3d916f9e92686517b73__PDFV2__CH_0075,119
4419c3d916f9e92686517b73__PDFV2__CH_0076,110
4419c3d916f9e92686517b73__PDFV2__CH_0077,77
4419c3d916f9e92686517b73__PDFV2__CH_0078,108
4419c3d916f9e92686517b73__PDFV2__CH_0080,103
4419c3d916f9e92686517b73__PDFV2__CH_0082,115
4419c3d916f9e92686517b73__PDFV2__CH_0083,97
4419c3d916f9e92686517b73__PDFV2__CH_0084,86
4419c3d916f9e92686517b73__PDFV2__CH_0086,72
4419c3d916f9e92686517b73__PDFV2__CH_0087,138
4419c3d916f9e92686517b73__PDFV2__CH_0089,123
4419c3d916f9e92686517b73__PDFV2__CH_0090,87
4419c3d916f9e92686517b73__PDFV2__CH_0092,77
4419c3d916f9e92686517b73__PDFV2__CH_0093,143
4419c3d916f9e92686517b73__PDFV2__CH_0094,136
4419c3d916f9e92686517b73__PDFV2__CH_0096,123
4419c3d916f9e92686517b73__PDFV2__CH_0097,113
4419c3d916f9e92686517b73__PDFV2__CH_0098,135
4419c3d916f9e92686517b73__PDFV2__CH_0099,132
4419c3d916f9e92686517b73__PDFV2__CH_0100,126
4419c3d916f9e92686517b73__PDFV2__CH_0101,114
4419c3d916f9e92686517b73__PDFV2__CH_0102,110
4419c3d916f9e92686517b73__PDFV2__CH_0103,114
4419c3d916f9e92686517b73__PDFV2__CH_0104,85
4419c3d916f9e92686517b73__PDFV2__CH_0106,105
4419c3d916f9e92686517b73__PDFV2__CH_0107,138
4419c3d916f9e92686517b73__PDFV2__CH_0109,118
4466267dbcf0f666d6675357__4466267dbcf0f666d6675357__SEG_0001__CH_001,141
447639e6a1dfe52e2c7f1471__447639e6a1dfe52e2c7f1471__SEG_0001__CH_001,109
44e3cadc54adc8ae735a6b45__44e3cadc54adc8ae735a6b45__SEG_0001__CH_001,142
453359ff0d94e47829ecb49c__453359ff0d94e47829ecb49c__SEG_0001__CH_001,102
453359ff0d94e47829ecb49c__453359ff0d94e47829ecb49c__SEG_0001__CH_002,165
453359ff0d94e47829ecb49c__453359ff0d94e47829ecb49c__SEG_0001__CH_003,146
453359ff0d94e47829ecb49c__453359ff0d94e47829ecb49c__SEG_0002__CH_001,146
45a863bdaace991b75bd0297__45a863bdaace991b75bd0297__SEG_0001__CH_001,130
45a863bdaace991b75bd0297__45a863bdaace991b75bd0297__SEG_0001__CH_002,138
45a863bdaace991b75bd0297__45a863bdaace991b75bd0297__SEG_0001__CH_003,200
45c3d50f72ef4b9ef1eaa82d__45c3d50f72ef4b9ef1eaa82d__SEG_0001__CH_001,74
45c3d50f72ef4b9ef1eaa82d__45c3d50f72ef4b9ef1eaa82d__SEG_0001__CH_002,150
45c3d50f72ef4b9ef1eaa82d__45c3d50f72ef4b9ef1eaa82d__SEG_0001__CH_003,136
45c3d50f72ef4b9ef1eaa82d__45c3d50f72ef4b9ef1eaa82d__SEG_0001__CH_004,141
45c3d50f72ef4b9ef1eaa82d__45c3d50f72ef4b9ef1eaa82d__SEG_0001__CH_005,115
45c3d50f72ef4b9ef1eaa82d__45c3d50f72ef4b9ef1eaa82d__SEG_0001__CH_006,109
45c3d50f72ef4b9ef1eaa82d__45c3d50f72ef4b9ef1eaa82d__SEG_0001__CH_007,108
45c3d50f72ef4b9ef1eaa82d__45c3d50f72ef4b9ef1eaa82d__SEG_0001__CH_008,136
45c3d50f72ef4b9ef1eaa82d__45c3d50f72ef4b9ef1eaa82d__SEG_0001__CH_009,135
45c3d50f72ef4b9ef1eaa82d__45c3d50f72ef4b9ef1eaa82d__SEG_0001__CH_010,124
45c3d50f72ef4b9ef1eaa82d__45c3d50f72ef4b9ef1eaa82d__SEG_0002__CH_001,120
45c3d50f72ef4b9ef1eaa82d__45c3d50f72ef4b9ef1eaa82d__SEG_0002__CH_002,121
45c3d50f72ef4b9ef1eaa82d__45c3d50f72ef4b9ef1eaa82d__SEG_0002__CH_003,117
464c5e03c848dae723e52ac0__464c5e03c848dae723e52ac0__SEG_0001__CH_001,91
464c5e03c848dae723e52ac0__464c5e03c848dae723e52ac0__SEG_0001__CH_002,86
46d9e0aec3fef309917bfed1__46d9e0aec3fef309917bfed1__SEG_0001__CH_003,105
47058ca2f6bac67b2fe420c5__PDFV2__CH_0001,122
47058ca2f6bac67b2fe420c5__PDFV2__CH_0002,136
47058ca2f6bac67b2fe420c5__PDFV2__CH_0003,104
47058ca2f6bac67b2fe420c5__PDFV2__CH_0004,145
47058ca2f6bac67b2fe420c5__PDFV2__CH_0005,131
47058ca2f6bac67b2fe420c5__PDFV2__CH_0007,134
47058ca2f6bac67b2fe420c5__PDFV2__CH_0008,122
47058ca2f6bac67b2fe420c5__PDFV2__CH_0009,117
47058ca2f6bac67b2fe420c5__PDFV2__CH_0010,173
47058ca2f6bac67b2fe420c5__PDFV2__CH_0011,124
47058ca2f6bac67b2fe420c5__PDFV2__CH_0012__M,123
47058ca2f6bac67b2fe420c5__PDFV2__CH_0014,162
47058ca2f6bac67b2fe420c5__PDFV2__CH_0015,140
47058ca2f6bac67b2fe420c5__PDFV2__CH_0016,130
47058ca2f6bac67b2fe420c5__PDFV2__CH_0017,113
47058ca2f6bac67b2fe420c5__PDFV2__CH_0018,91
47058ca2f6bac67b2fe420c5__PDFV2__CH_0019,90
47058ca2f6bac67b2fe420c5__PDFV2__CH_0020,88
47058ca2f6bac67b2fe420c5__PDFV2__CH_0021,130
47058ca2f6bac67b2fe420c5__PDFV2__CH_0022,84
47058ca2f6bac67b2fe420c5__PDFV2__CH_0023,149
47058ca2f6bac67b2fe420c5__PDFV2__CH_0024,123
47058ca2f6bac67b2fe420c5__PDFV2__CH_0025,146
47058ca2f6bac67b2fe420c5__PDFV2__CH_0026,122
47058ca2f6bac67b2fe420c5__PDFV2__CH_0027,123
4772fca8c2a53fd53cec7205__4772fca8c2a53fd53cec7205__SEG_0001__CH_001,188
4772fca8c2a53fd53cec7205__4772fca8c2a53fd53cec7205__SEG_0001__CH_002,111
47b2217bbc86cdf1a76c5abe__PDFV2__CH_0001,133
47b2217bbc86cdf1a76c5abe__PDFV2__CH_0002,107
47b2217bbc86cdf1a76c5abe__PDFV2__CH_0003,92
47b2217bbc86cdf1a76c5abe__PDFV2__CH_0004,140
47b2217bbc86cdf1a76c5abe__PDFV2__CH_0005,115
47b2217bbc86cdf1a76c5abe__PDFV2__CH_0006,95
47b2217bbc86cdf1a76c5abe__PDFV2__CH_0007,136
47b2217bbc86cdf1a76c5abe__PDFV2__CH_0008,119
47b2217bbc86cdf1a76c5abe__PDFV2__CH_0009,130
47b2217bbc86cdf1a76c5abe__PDFV2__CH_0010__M,116
47b2217bbc86cdf1a76c5abe__PDFV2__CH_0012,120
47b2217bbc86cdf1a76c5abe__PDFV2__CH_0013,56
481bbe1e25b47888ab8311b1__481bbe1e25b47888ab8311b1__SEG_0001__CH_001,138
481bbe1e25b47888ab8311b1__481bbe1e25b47888ab8311b1__SEG_0001__CH_002,171
481bbe1e25b47888ab8311b1__481bbe1e25b47888ab8311b1__SEG_0001__CH_003,127
485ddab590f22836987f25c7__485ddab590f22836987f25c7__SEG_0001__CH_001,115
489b15098bda02005a5e3589__489b15098bda02005a5e3589__SEG_0001__CH_001,109
489b15098bda02005a5e3589__489b15098bda02005a5e3589__SEG_0001__CH_002,112
489d3dfa8e0addddccd41c07__489d3dfa8e0addddccd41c07__SEG_0001__CH_001,126
489d3dfa8e0addddccd41c07__489d3dfa8e0addddccd41c07__SEG_0001__CH_002,99
489d3dfa8e0addddccd41c07__489d3dfa8e0addddccd41c07__SEG_0001__CH_003,206
48ad2b08b1ce0e0afaf68d74__48ad2b08b1ce0e0afaf68d74__SEG_0001__CH_001,139
48ad2b08b1ce0e0afaf68d74__48ad2b08b1ce0e0afaf68d74__SEG_0001__CH_002,135
48fce433d218106568e9ef9b__48fce433d218106568e9ef9b__SEG_0001__CH_001,93
48fce433d218106568e9ef9b__48fce433d218106568e9ef9b__SEG_0001__CH_002__M,159
48fce433d218106568e9ef9b__48fce433d218106568e9ef9b__SEG_0001__CH_004,123
4904e16239845f5dd157a1b3__4904e16239845f5dd157a1b3__SEG_0001__CH_001,81
4904e16239845f5dd157a1b3__4904e16239845f5dd157a1b3__SEG_0001__CH_002,69
495ee9579d621a73a75de45b__495ee9579d621a73a75de45b__SEG_0001__CH_001,135
495ee9579d621a73a75de45b__495ee9579d621a73a75de45b__SEG_0001__CH_002,114
4970858b703705b84a5bb0e1__4970858b703705b84a5bb0e1__SEG_0001__CH_001,122
4970858b703705b84a5bb0e1__4970858b703705b84a5bb0e1__SEG_0001__CH_002,104
4970858b703705b84a5bb0e1__4970858b703705b84a5bb0e1__SEG_0001__CH_003,124
4970858b703705b84a5bb0e1__4970858b703705b84a5bb0e1__SEG_0001__CH_004,131
4970858b703705b84a5bb0e1__4970858b703705b84a5bb0e1__SEG_0001__CH_005,120
4970858b703705b84a5bb0e1__4970858b703705b84a5bb0e1__SEG_0002__CH_001,84
4970858b703705b84a5bb0e1__4970858b703705b84a5bb0e1__SEG_0002__CH_002,103
4970858b703705b84a5bb0e1__4970858b703705b84a5bb0e1__SEG_0002__CH_003,156
4970858b703705b84a5bb0e1__4970858b703705b84a5bb0e1__SEG_0002__CH_004,92
4973a9db3e6895d54c65b71d__4973a9db3e6895d54c65b71d__SEG_0001__CH_001,111
4989addc07000ff845bc5995__PDFV2__CH_0001,124
4989addc07000ff845bc5995__PDFV2__CH_0002,129
4989addc07000ff845bc5995__PDFV2__CH_0003,114
4989addc07000ff845bc5995__PDFV2__CH_0004,155
4989addc07000ff845bc5995__PDFV2__CH_0005,142
49b207eaac78538dcd2c8b53__PDFV2__CH_0010,162
49b207eaac78538dcd2c8b53__PDFV2__CH_0011,130
49b207eaac78538dcd2c8b53__PDFV2__CH_0012,101
49b207eaac78538dcd2c8b53__PDFV2__CH_0013,92
49b207eaac78538dcd2c8b53__PDFV2__CH_0014,129
49b207eaac78538dcd2c8b53__PDFV2__CH_0016,121
49b207eaac78538dcd2c8b53__PDFV2__CH_0018,136
49b207eaac78538dcd2c8b53__PDFV2__CH_0019,123
49b207eaac78538dcd2c8b53__PDFV2__CH_0020,114
49b207eaac78538dcd2c8b53__PDFV2__CH_0021,146
49b207eaac78538dcd2c8b53__PDFV2__CH_0022,83
49b207eaac78538dcd2c8b53__PDFV2__CH_0023,127
49b207eaac78538dcd2c8b53__PDFV2__CH_0024,111
49b207eaac78538dcd2c8b53__PDFV2__CH_0025,135
49b207eaac78538dcd2c8b53__PDFV2__CH_0026,101
49b207eaac78538dcd2c8b53__PDFV2__CH_0027,75
49b207eaac78538dcd2c8b53__PDFV2__CH_0028,123
49b207eaac78538dcd2c8b53__PDFV2__CH_0029,106
49b207eaac78538dcd2c8b53__PDFV2__CH_0030,156
49b207eaac78538dcd2c8b53__PDFV2__CH_0031,131
49b207eaac78538dcd2c8b53__PDFV2__CH_0032,106
49b207eaac78538dcd2c8b53__PDFV2__CH_0033,111
49b207eaac78538dcd2c8b53__PDFV2__CH_0034,150
49b207eaac78538dcd2c8b53__PDFV2__CH_0035,131
49b207eaac78538dcd2c8b53__PDFV2__CH_0036,149
49b207eaac78538dcd2c8b53__PDFV2__CH_0037,123
49b207eaac78538dcd2c8b53__PDFV2__CH_0038,138
49b207eaac78538dcd2c8b53__PDFV2__CH_0039,129
49b207eaac78538dcd2c8b53__PDFV2__CH_0040,111
49b207eaac78538dcd2c8b53__PDFV2__CH_0041,112
49b207eaac78538dcd2c8b53__PDFV2__CH_0042,99
49b207eaac78538dcd2c8b53__PDFV2__CH_0044,127
49b207eaac78538dcd2c8b53__PDFV2__CH_0045,127
49b207eaac78538dcd2c8b53__PDFV2__CH_0046,146
49b207eaac78538dcd2c8b53__PDFV2__CH_0047,133
49b207eaac78538dcd2c8b53__PDFV2__CH_0048,147
49b207eaac78538dcd2c8b53__PDFV2__CH_0049,142
49b207eaac78538dcd2c8b53__PDFV2__CH_0050,116
49b207eaac78538dcd2c8b53__PDFV2__CH_0051,122
49b207eaac78538dcd2c8b53__PDFV2__CH_0052,139
49b207eaac78538dcd2c8b53__PDFV2__CH_0053,98
49b207eaac78538dcd2c8b53__PDFV2__CH_0054,114
49b207eaac78538dcd2c8b53__PDFV2__CH_0055,110
49b207eaac78538dcd2c8b53__PDFV2__CH_0056,115
49b207eaac78538dcd2c8b53__PDFV2__CH_0058,117
49b207eaac78538dcd2c8b53__PDFV2__CH_0059,117
49b207eaac78538dcd2c8b53__PDFV2__CH_0060,122
49b207eaac78538dcd2c8b53__PDFV2__CH_0061,165
49b207eaac78538dcd2c8b53__PDFV2__CH_0062,113
49b207eaac78538dcd2c8b53__PDFV2__CH_0063,122
49b207eaac78538dcd2c8b53__PDFV2__CH_0064,105
49b207eaac78538dcd2c8b53__PDFV2__CH_0065,125
49b207eaac78538dcd2c8b53__PDFV2__CH_0066,101
49b207eaac78538dcd2c8b53__PDFV2__CH_0067,136
49b207eaac78538dcd2c8b53__PDFV2__CH_0068,147
49b207eaac78538dcd2c8b53__PDFV2__CH_0069,108
49b207eaac78538dcd2c8b53__PDFV2__CH_0070,101
49b207eaac78538dcd2c8b53__PDFV2__CH_0071,104
49b207eaac78538dcd2c8b53__PDFV2__CH_0072,131
49b207eaac78538dcd2c8b53__PDFV2__CH_0073,106
49b207eaac78538dcd2c8b53__PDFV2__CH_0074,122
49b207eaac78538dcd2c8b53__PDFV2__CH_0075,114
49b207eaac78538dcd2c8b53__PDFV2__CH_0076,131
49b207eaac78538dcd2c8b53__PDFV2__CH_0077,101
4a48de606e2417483a6f60e9__4a48de606e2417483a6f60e9__SEG_0001__CH_001,79
4a48de606e2417483a6f60e9__4a48de606e2417483a6f60e9__SEG_0001__CH_002,82
4ac29bbc6651aefddfd29c42__PDFV2__CH_0001,125
4ac29bbc6651aefddfd29c42__PDFV2__CH_0002,104
4ac29bbc6651aefddfd29c42__PDFV2__CH_0003,123
4ac29bbc6651aefddfd29c42__PDFV2__CH_0004,124
4ac29bbc6651aefddfd29c42__PDFV2__CH_0005,139
4ac29bbc6651aefddfd29c42__PDFV2__CH_0006,140
4ac29bbc6651aefddfd29c42__PDFV2__CH_0007,141
4ac29bbc6651aefddfd29c42__PDFV2__CH_0008,129
4ac29bbc6651aefddfd29c42__PDFV2__CH_0009,103
4ac29bbc6651aefddfd29c42__PDFV2__CH_0010,121
4ac29bbc6651aefddfd29c42__PDFV2__CH_0011,125
4ac29bbc6651aefddfd29c42__PDFV2__CH_0012,140
4ac29bbc6651aefddfd29c42__PDFV2__CH_0013,146
4ac29bbc6651aefddfd29c42__PDFV2__CH_0014,114
4ac29bbc6651aefddfd29c42__PDFV2__CH_0016,113
4ac29bbc6651aefddfd29c42__PDFV2__CH_0017,98
4ae723155f25fb695ba5ff24__PDFV2__CH_0001,101
4ae723155f25fb695ba5ff24__PDFV2__CH_0002,101
4ae723155f25fb695ba5ff24__PDFV2__CH_0003,131
4ae723155f25fb695ba5ff24__PDFV2__CH_0004,147
4ae723155f25fb695ba5ff24__PDFV2__CH_0005,96
4ae723155f25fb695ba5ff24__PDFV2__CH_0006,95
4ae723155f25fb695ba5ff24__PDFV2__CH_0008,93
4ae723155f25fb695ba5ff24__PDFV2__CH_0009,140
4ae723155f25fb695ba5ff24__PDFV2__CH_0010,146
4ae723155f25fb695ba5ff24__PDFV2__CH_0011,123
4ae723155f25fb695ba5ff24__PDFV2__CH_0012,127
4ae723155f25fb695ba5ff24__PDFV2__CH_0013,127
4ae723155f25fb695ba5ff24__PDFV2__CH_0014,141
4ae723155f25fb695ba5ff24__PDFV2__CH_0015,87
4ae723155f25fb695ba5ff24__PDFV2__CH_0016__M,140
4b105e65dd7227360df1295c__4b105e65dd7227360df1295c__SEG_0001__CH_002,114
4b105e65dd7227360df1295c__4b105e65dd7227360df1295c__SEG_0001__CH_003,145
4b105e65dd7227360df1295c__4b105e65dd7227360df1295c__SEG_0001__CH_004,133
4b105e65dd7227360df1295c__4b105e65dd7227360df1295c__SEG_0001__CH_005,97
4b105e65dd7227360df1295c__4b105e65dd7227360df1295c__SEG_0001__CH_006,72
4b105e65dd7227360df1295c__4b105e65dd7227360df1295c__SEG_0001__CH_007,131
4b105e65dd7227360df1295c__4b105e65dd7227360df1295c__SEG_0001__CH_008,157
4b105e65dd7227360df1295c__4b105e65dd7227360df1295c__SEG_0001__CH_009,154
4b4c6cbf5f89d7ebcc1f33a9__4b4c6cbf5f89d7ebcc1f33a9__SEG_0001__CH_002,100
4b4c6cbf5f89d7ebcc1f33a9__4b4c6cbf5f89d7ebcc1f33a9__SEG_0001__CH_003,111
4b4c6cbf5f89d7ebcc1f33a9__4b4c6cbf5f89d7ebcc1f33a9__SEG_0001__CH_004,117
4b79f5e68927e1962e030eb2__4b79f5e68927e1962e030eb2__SEG_0001__CH_001,131
4b79f5e68927e1962e030eb2__4b79f5e68927e1962e030eb2__SEG_0001__CH_002,208
4b79f5e68927e1962e030eb2__4b79f5e68927e1962e030eb2__SEG_0001__CH_003,181
4b7a85ff49f7ce1db2a0c5ee__PDFV2__CH_0001__M,143
4b7a85ff49f7ce1db2a0c5ee__PDFV2__CH_0003,135
4b7a85ff49f7ce1db2a0c5ee__PDFV2__CH_0004,151
4b7a85ff49f7ce1db2a0c5ee__PDFV2__CH_0005,157
4b7a85ff49f7ce1db2a0c5ee__PDFV2__CH_0006__M,154
4b8fe5b5bf60adaf3d70c886__PDFV2__CH_0001,97
4b8fe5b5bf60adaf3d70c886__PDFV2__CH_0002,119
4b8fe5b5bf60adaf3d70c886__PDFV2__CH_0003,142
4b8fe5b5bf60adaf3d70c886__PDFV2__CH_0004,72
4b8fe5b5bf60adaf3d70c886__PDFV2__CH_0005__M,155
4b8fe5b5bf60adaf3d70c886__PDFV2__CH_0007__M,145
4b8fe5b5bf60adaf3d70c886__PDFV2__CH_0009__M,157
4b8fe5b5bf60adaf3d70c886__PDFV2__CH_0011,139
4b8fe5b5bf60adaf3d70c886__PDFV2__CH_0012,143
4b8fe5b5bf60adaf3d70c886__PDFV2__CH_0013,121
4b8fe5b5bf60adaf3d70c886__PDFV2__CH_0014__M,172
4b8fe5b5bf60adaf3d70c886__PDFV2__CH_0016,197
4b8fe5b5bf60adaf3d70c886__PDFV2__CH_0017,112
4b8fe5b5bf60adaf3d70c886__PDFV2__CH_0018,103
4b8fe5b5bf60adaf3d70c886__PDFV2__CH_0019,160
4be08169ea18bddf47825048__4be08169ea18bddf47825048__SEG_0001__CH_001,111
4c0a66b4a0679f81af66c16b__4c0a66b4a0679f81af66c16b__SEG_0001__CH_001,166
4c204d6f9c5191cfa2b78491__4c204d6f9c5191cfa2b78491__SEG_0001__CH_001,143
4c4ab559a9e9648f73bfe993__4c4ab559a9e9648f73bfe993__SEG_0001__CH_001,127
4c4ab559a9e9648f73bfe993__4c4ab559a9e9648f73bfe993__SEG_0001__CH_002,106
4ca7551fb769e70d91617135__4ca7551fb769e70d91617135__SEG_0001__CH_002,176
4ca7551fb769e70d91617135__4ca7551fb769e70d91617135__SEG_0001__CH_003,146
4ca7551fb769e70d91617135__4ca7551fb769e70d91617135__SEG_0001__CH_004,159
4ca7551fb769e70d91617135__4ca7551fb769e70d91617135__SEG_0001__CH_005,159
4ca7551fb769e70d91617135__4ca7551fb769e70d91617135__SEG_0002__CH_001,125
4cf0ad84f2fb590da43dd92e__4cf0ad84f2fb590da43dd92e__SEG_0001__CH_001,114
4cf0ad84f2fb590da43dd92e__4cf0ad84f2fb590da43dd92e__SEG_0001__CH_002,82
4d22010172ba498615d8cabf__PDFV2__CH_0002,137
4d3c887f3dd129f4697a34d3__PDFV2__CH_0001,102
4d3c887f3dd129f4697a34d3__PDFV2__CH_0002,130
4d3c887f3dd129f4697a34d3__PDFV2__CH_0003,125
4d43718912c241fb7e4bdb3d__PDFV2__CH_0001,87
4d43718912c241fb7e4bdb3d__PDFV2__CH_0002,194
4d81f9bea937d06638fc536b__4d81f9bea937d06638fc536b__SEG_0001__CH_001,109
4d81f9bea937d06638fc536b__4d81f9bea937d06638fc536b__SEG_0001__CH_002,109
4d9da908389a49d561f972de__PDFV2__CH_0001,101
4d9da908389a49d561f972de__PDFV2__CH_0002,129
4df2e97ace5ccce0f3242d36__PDFV2__CH_0001,111
4df2e97ace5ccce0f3242d36__PDFV2__CH_0002,112
4df2e97ace5ccce0f3242d36__PDFV2__CH_0003,84
4df2e97ace5ccce0f3242d36__PDFV2__CH_0004,102
4df2e97ace5ccce0f3242d36__PDFV2__CH_0005,87
4df2e97ace5ccce0f3242d36__PDFV2__CH_0006,133
4df6478798c6be508a060e77__4df6478798c6be508a060e77__SEG_0001__CH_001,157
4df6478798c6be508a060e77__4df6478798c6be508a060e77__SEG_0001__CH_002,150
4df6478798c6be508a060e77__4df6478798c6be508a060e77__SEG_0001__CH_003,293
4e428699658c565b89626b66__4e428699658c565b89626b66__SEG_0001__CH_001,85
4e428699658c565b89626b66__4e428699658c565b89626b66__SEG_0001__CH_002,135
4e428699658c565b89626b66__4e428699658c565b89626b66__SEG_0001__CH_003,133
4e87be7da970d02124574ce2__4e87be7da970d02124574ce2__SEG_0001__CH_001,134
4e9fdf2e3da38bd74160a50e__4e9fdf2e3da38bd74160a50e__SEG_0001__CH_001,87
4e9fdf2e3da38bd74160a50e__4e9fdf2e3da38bd74160a50e__SEG_0001__CH_002,136
4e9fdf2e3da38bd74160a50e__4e9fdf2e3da38bd74160a50e__SEG_0001__CH_003,137
4e9fdf2e3da38bd74160a50e__4e9fdf2e3da38bd74160a50e__SEG_0001__CH_004,92
4e9fdf2e3da38bd74160a50e__4e9fdf2e3da38bd74160a50e__SEG_0001__CH_005,123
4e9fdf2e3da38bd74160a50e__4e9fdf2e3da38bd74160a50e__SEG_0001__CH_006,109
4e9fdf2e3da38bd74160a50e__4e9fdf2e3da38bd74160a50e__SEG_0001__CH_007,194
4e9fdf2e3da38bd74160a50e__4e9fdf2e3da38bd74160a50e__SEG_0002__CH_001,81
4ed1bd69e0c9a7373191a184__4ed1bd69e0c9a7373191a184__SEG_0001__CH_001,64
4ed1bd69e0c9a7373191a184__4ed1bd69e0c9a7373191a184__SEG_0001__CH_002,74
4ed6257b3f535a7031c51243__4ed6257b3f535a7031c51243__SEG_0001__CH_001,131
4f31a4e17cab2556f06eb2e5__4f31a4e17cab2556f06eb2e5__SEG_0001__CH_001,155
4f31a4e17cab2556f06eb2e5__4f31a4e17cab2556f06eb2e5__SEG_0001__CH_002,137
4f3331b9c3a035c32fb206f5__4f3331b9c3a035c32fb206f5__SEG_0001__CH_001,157
4fac0b30e77b9f43a8a5b105__4fac0b30e77b9f43a8a5b105__SEG_0001__CH_001,117
4fac0b30e77b9f43a8a5b105__4fac0b30e77b9f43a8a5b105__SEG_0001__CH_002,91
4fac0b30e77b9f43a8a5b105__4fac0b30e77b9f43a8a5b105__SEG_0001__CH_003,77
4fac0b30e77b9f43a8a5b105__4fac0b30e77b9f43a8a5b105__SEG_0001__CH_004,133
503ca347555b48201acaa271__503ca347555b48201acaa271__SEG_0001__CH_001,120
503ca347555b48201acaa271__503ca347555b48201acaa271__SEG_0001__CH_002,101
507f8a42827a99c72adb51cb__507f8a42827a99c72adb51cb__SEG_0001__CH_001,167
507f8a42827a99c72adb51cb__507f8a42827a99c72adb51cb__SEG_0001__CH_002,97
5098c124cdc248dbfe0c8cbc__5098c124cdc248dbfe0c8cbc__SEG_0001__CH_002,94
5098c124cdc248dbfe0c8cbc__5098c124cdc248dbfe0c8cbc__SEG_0001__CH_003,98
5098c124cdc248dbfe0c8cbc__5098c124cdc248dbfe0c8cbc__SEG_0001__CH_004,130
5098c124cdc248dbfe0c8cbc__5098c124cdc248dbfe0c8cbc__SEG_0001__CH_005,85
5098c124cdc248dbfe0c8cbc__5098c124cdc248dbfe0c8cbc__SEG_0001__CH_006,124
50b05aa8fa8e55da95409c73__50b05aa8fa8e55da95409c73__SEG_0001__CH_001,108
50dacce4588e9f797dde001b__PDFV2__CH_0001,141
50dacce4588e9f797dde001b__PDFV2__CH_0002,131
50dacce4588e9f797dde001b__PDFV2__CH_0003,154
50dacce4588e9f797dde001b__PDFV2__CH_0004,99
50dacce4588e9f797dde001b__PDFV2__CH_0005,100
50dacce4588e9f797dde001b__PDFV2__CH_0006,116
50dacce4588e9f797dde001b__PDFV2__CH_0007,79
511c02b14d781ff24c38f4c8__511c02b14d781ff24c38f4c8__SEG_0001__CH_001,86
511c02b14d781ff24c38f4c8__511c02b14d781ff24c38f4c8__SEG_0001__CH_002,104
513fd32e3b91c3a8ebb993d0__513fd32e3b91c3a8ebb993d0__SEG_0001__CH_001,115
513fd32e3b91c3a8ebb993d0__513fd32e3b91c3a8ebb993d0__SEG_0001__CH_002,134
515e4251e4bd61991edfdc0d__515e4251e4bd61991edfdc0d__SEG_0001__CH_001,148
515e4251e4bd61991edfdc0d__515e4251e4bd61991edfdc0d__SEG_0001__CH_002,135
515e4251e4bd61991edfdc0d__515e4251e4bd61991edfdc0d__SEG_0001__CH_003,166
51fb91c299d55f03ed47b629__PDFV2__CH_0003,139
51fb91c299d55f03ed47b629__PDFV2__CH_0004,131
51fb91c299d55f03ed47b629__PDFV2__CH_0005,152
51fb91c299d55f03ed47b629__PDFV2__CH_0006,129
51fb91c299d55f03ed47b629__PDFV2__CH_0007,89
51fb91c299d55f03ed47b629__PDFV2__CH_0008,113
51fb91c299d55f03ed47b629__PDFV2__CH_0009,111
51fb91c299d55f03ed47b629__PDFV2__CH_0010,100
51fb91c299d55f03ed47b629__PDFV2__CH_0011,143
51fb91c299d55f03ed47b629__PDFV2__CH_0012,133
51fb91c299d55f03ed47b629__PDFV2__CH_0013,118
51fb91c299d55f03ed47b629__PDFV2__CH_0014,124
51fb91c299d55f03ed47b629__PDFV2__CH_0015,117
51fb91c299d55f03ed47b629__PDFV2__CH_0017,125
51fb91c299d55f03ed47b629__PDFV2__CH_0018,119
51fb91c299d55f03ed47b629__PDFV2__CH_0019,88
51fb91c299d55f03ed47b629__PDFV2__CH_0020,143
51fb91c299d55f03ed47b629__PDFV2__CH_0021,114
51fb91c299d55f03ed47b629__PDFV2__CH_0022,85
51fb91c299d55f03ed47b629__PDFV2__CH_0023,130
51fb91c299d55f03ed47b629__PDFV2__CH_0024,133
51fb91c299d55f03ed47b629__PDFV2__CH_0025,102
51fb91c299d55f03ed47b629__PDFV2__CH_0026,102
51fb91c299d55f03ed47b629__PDFV2__CH_0027,105
51fb91c299d55f03ed47b629__PDFV2__CH_0028,114
51fb91c299d55f03ed47b629__PDFV2__CH_0029,112
51fb91c299d55f03ed47b629__PDFV2__CH_0030,124
51fb91c299d55f03ed47b629__PDFV2__CH_0031,108
51fb91c299d55f03ed47b629__PDFV2__CH_0032,141
51fb91c299d55f03ed47b629__PDFV2__CH_0033,144
51fb91c299d55f03ed47b629__PDFV2__CH_0034,106
51fb91c299d55f03ed47b629__PDFV2__CH_0035,111
51fb91c299d55f03ed47b629__PDFV2__CH_0036,122
51fb91c299d55f03ed47b629__PDFV2__CH_0037,113
51fb91c299d55f03ed47b629__PDFV2__CH_0038,146
51fb91c299d55f03ed47b629__PDFV2__CH_0039,158
51fb91c299d55f03ed47b629__PDFV2__CH_0040,125
51fb91c299d55f03ed47b629__PDFV2__CH_0041,142
51fb91c299d55f03ed47b629__PDFV2__CH_0042,115
51fb91c299d55f03ed47b629__PDFV2__CH_0043,130
51fb91c299d55f03ed47b629__PDFV2__CH_0044,115
51fb91c299d55f03ed47b629__PDFV2__CH_0045,144
51fb91c299d55f03ed47b629__PDFV2__CH_0046,123
51fb91c299d55f03ed47b629__PDFV2__CH_0047,100
51fb91c299d55f03ed47b629__PDFV2__CH_0048,147
51fb91c299d55f03ed47b629__PDFV2__CH_0049,116
51fb91c299d55f03ed47b629__PDFV2__CH_0050__M,115
51fb91c299d55f03ed47b629__PDFV2__CH_0052,141
51fb91c299d55f03ed47b629__PDFV2__CH_0053,98
51fb91c299d55f03ed47b629__PDFV2__CH_0054,115
51fb91c299d55f03ed47b629__PDFV2__CH_0055,93
51fb91c299d55f03ed47b629__PDFV2__CH_0056,126
51fb91c299d55f03ed47b629__PDFV2__CH_0057,113
5226f32b71b498c8fd6d1c4f__5226f32b71b498c8fd6d1c4f__SEG_0001__CH_001,158
5226f32b71b498c8fd6d1c4f__5226f32b71b498c8fd6d1c4f__SEG_0001__CH_002,145
5226f32b71b498c8fd6d1c4f__5226f32b71b498c8fd6d1c4f__SEG_0001__CH_003,120
5263875afb6441604f7b689f__5263875afb6441604f7b689f__SEG_0001__CH_001,90
5263875afb6441604f7b689f__5263875afb6441604f7b689f__SEG_0001__CH_002,139
5263875afb6441604f7b689f__5263875afb6441604f7b689f__SEG_0001__CH_003,87
5263875afb6441604f7b689f__5263875afb6441604f7b689f__SEG_0001__CH_004,89
5263875afb6441604f7b689f__5263875afb6441604f7b689f__SEG_0001__CH_005,103
5263875afb6441604f7b689f__5263875afb6441604f7b689f__SEG_0001__CH_006,123
5263875afb6441604f7b689f__5263875afb6441604f7b689f__SEG_0001__CH_007,152
52952400eb511910418ce15a__52952400eb511910418ce15a__SEG_0001__CH_001,112
52c560d9476c0de06e747fc9__PDFV2__CH_0001,105
52c560d9476c0de06e747fc9__PDFV2__CH_0005,112
52c560d9476c0de06e747fc9__PDFV2__CH_0006,118
52c560d9476c0de06e747fc9__PDFV2__CH_0007,123
52c560d9476c0de06e747fc9__PDFV2__CH_0008,133
52c560d9476c0de06e747fc9__PDFV2__CH_0009,114
52c560d9476c0de06e747fc9__PDFV2__CH_0010,136
52c560d9476c0de06e747fc9__PDFV2__CH_0011,115
52c560d9476c0de06e747fc9__PDFV2__CH_0012,123
52c560d9476c0de06e747fc9__PDFV2__CH_0013,112
52c560d9476c0de06e747fc9__PDFV2__CH_0014,125
52c560d9476c0de06e747fc9__PDFV2__CH_0015,133
52c560d9476c0de06e747fc9__PDFV2__CH_0016__M,161
52c560d9476c0de06e747fc9__PDFV2__CH_0018,103
52c560d9476c0de06e747fc9__PDFV2__CH_0019,135
52c560d9476c0de06e747fc9__PDFV2__CH_0020,135
52c560d9476c0de06e747fc9__PDFV2__CH_0021,178
52c560d9476c0de06e747fc9__PDFV2__CH_0022,148
52c560d9476c0de06e747fc9__PDFV2__CH_0023,144
52c560d9476c0de06e747fc9__PDFV2__CH_0024,135
52c560d9476c0de06e747fc9__PDFV2__CH_0025__M,200
52c560d9476c0de06e747fc9__PDFV2__CH_0027,57
52c560d9476c0de06e747fc9__PDFV2__CH_0028,116
52c560d9476c0de06e747fc9__PDFV2__CH_0031,94
52c560d9476c0de06e747fc9__PDFV2__CH_0032,102
52c560d9476c0de06e747fc9__PDFV2__CH_0033,125
52c560d9476c0de06e747fc9__PDFV2__CH_0034,140
52d28030e36b4e8c56cb3c60__52d28030e36b4e8c56cb3c60__SEG_0001__CH_001,112
52d28030e36b4e8c56cb3c60__52d28030e36b4e8c56cb3c60__SEG_0001__CH_002,163
52e89b5941b6dc98d4dd04a5__52e89b5941b6dc98d4dd04a5__SEG_0001__CH_001,153
52e89b5941b6dc98d4dd04a5__52e89b5941b6dc98d4dd04a5__SEG_0001__CH_002,141
5379687b02c92f28cd4f508b__5379687b02c92f28cd4f508b__SEG_0001__CH_001,132
5379687b02c92f28cd4f508b__5379687b02c92f28cd4f508b__SEG_0001__CH_002,137
53a7efdfa8f755c454c4261c__53a7efdfa8f755c454c4261c__SEG_0001__CH_001,56
53a7efdfa8f755c454c4261c__53a7efdfa8f755c454c4261c__SEG_0001__CH_002,99
53a7efdfa8f755c454c4261c__53a7efdfa8f755c454c4261c__SEG_0001__CH_003,126
53a7efdfa8f755c454c4261c__53a7efdfa8f755c454c4261c__SEG_0001__CH_004,152
53a7efdfa8f755c454c4261c__53a7efdfa8f755c454c4261c__SEG_0001__CH_005,135
53a7efdfa8f755c454c4261c__53a7efdfa8f755c454c4261c__SEG_0001__CH_006,118
53a7efdfa8f755c454c4261c__53a7efdfa8f755c454c4261c__SEG_0001__CH_007,73
53a7efdfa8f755c454c4261c__53a7efdfa8f755c454c4261c__SEG_0001__CH_008,102
53b62e2a3b1dd0638080fa78__53b62e2a3b1dd0638080fa78__SEG_0001__CH_001,94
53d4616647e2f2e2a5e26e48__53d4616647e2f2e2a5e26e48__SEG_0001__CH_001,97
53d4616647e2f2e2a5e26e48__53d4616647e2f2e2a5e26e48__SEG_0001__CH_002,101
5455cef698276b8dc3e75006__PDFV2__CH_0002,101
5455cef698276b8dc3e75006__PDFV2__CH_0010,78
5455cef698276b8dc3e75006__PDFV2__CH_0011,101
5455cef698276b8dc3e75006__PDFV2__CH_0012,90
5455cef698276b8dc3e75006__PDFV2__CH_0013,107
5455cef698276b8dc3e75006__PDFV2__CH_0015,73
5455cef698276b8dc3e75006__PDFV2__CH_0016,106
5455cef698276b8dc3e75006__PDFV2__CH_0020,118
5455cef698276b8dc3e75006__PDFV2__CH_0021,103
5455cef698276b8dc3e75006__PDFV2__CH_0023,98
5455cef698276b8dc3e75006__PDFV2__CH_0024,111
5455cef698276b8dc3e75006__PDFV2__CH_0027,88
5455cef698276b8dc3e75006__PDFV2__CH_0028,95
5455cef698276b8dc3e75006__PDFV2__CH_0029,105
5455cef698276b8dc3e75006__PDFV2__CH_0030,102
5455cef698276b8dc3e75006__PDFV2__CH_0031,82
5466a316ec1ddd52b5381199__5466a316ec1ddd52b5381199__SEG_0001__CH_001,173
5466a316ec1ddd52b5381199__5466a316ec1ddd52b5381199__SEG_0001__CH_002__M,154
54c8821f79b71ad454959d79__PDFV2__CH_0001,95
54c8821f79b71ad454959d79__PDFV2__CH_0002,119
54c8821f79b71ad454959d79__PDFV2__CH_0003,157
54c8821f79b71ad454959d79__PDFV2__CH_0004,121
54c8821f79b71ad454959d79__PDFV2__CH_0005,97
54c8821f79b71ad454959d79__PDFV2__CH_0007,107
54c8821f79b71ad454959d79__PDFV2__CH_0008,123
54c8821f79b71ad454959d79__PDFV2__CH_0009,95
54c8821f79b71ad454959d79__PDFV2__CH_0010,86
54c8821f79b71ad454959d79__PDFV2__CH_0011,109
551aefd4758d63ffc9da2ba5__PDFV2__CH_0001,137
551aefd4758d63ffc9da2ba5__PDFV2__CH_0002,161
551aefd4758d63ffc9da2ba5__PDFV2__CH_0003,143
5589a9a3eb56ee487cf18e3d__5589a9a3eb56ee487cf18e3d__SEG_0001__CH_001,130
5589a9a3eb56ee487cf18e3d__5589a9a3eb56ee487cf18e3d__SEG_0001__CH_002,124
558dd1e640144fc6093bfe2b__PDFV2__CH_0001,114
558dd1e640144fc6093bfe2b__PDFV2__CH_0002,137
558dd1e640144fc6093bfe2b__PDFV2__CH_0003,90
558f76da697ef35aac5fb609__558f76da697ef35aac5fb609__SEG_0001__CH_001,100
55e18ebbc13365ce5f8fa242__PDFV2__CH_0001,122
55e18ebbc13365ce5f8fa242__PDFV2__CH_0002,143
55e18ebbc13365ce5f8fa242__PDFV2__CH_0003,128
55e18ebbc13365ce5f8fa242__PDFV2__CH_0004,146
55e18ebbc13365ce5f8fa242__PDFV2__CH_0005,138
55e18ebbc13365ce5f8fa242__PDFV2__CH_0006,127
55e18ebbc13365ce5f8fa242__PDFV2__CH_0007,133
55e18ebbc13365ce5f8fa242__PDFV2__CH_0009,142
55e18ebbc13365ce5f8fa242__PDFV2__CH_0010,145
55e18ebbc13365ce5f8fa242__PDFV2__CH_0012,124
55e18ebbc13365ce5f8fa242__PDFV2__CH_0013,116
55e18ebbc13365ce5f8fa242__PDFV2__CH_0014,110
55e18ebbc13365ce5f8fa242__PDFV2__CH_0015,123
55e18ebbc13365ce5f8fa242__PDFV2__CH_0017,140
55e18ebbc13365ce5f8fa242__PDFV2__CH_0020,99
55e18ebbc13365ce5f8fa242__PDFV2__CH_0022,154
55e18ebbc13365ce5f8fa242__PDFV2__CH_0023,109
55e18ebbc13365ce5f8fa242__PDFV2__CH_0024,111
55e18ebbc13365ce5f8fa242__PDFV2__CH_0025,92
55e18ebbc13365ce5f8fa242__PDFV2__CH_0026,112
55e18ebbc13365ce5f8fa242__PDFV2__CH_0027,110
55e18ebbc13365ce5f8fa242__PDFV2__CH_0028,100
55e18ebbc13365ce5f8fa242__PDFV2__CH_0029,95
55e18ebbc13365ce5f8fa242__PDFV2__CH_0030,127
55e18ebbc13365ce5f8fa242__PDFV2__CH_0031,153
55e18ebbc13365ce5f8fa242__PDFV2__CH_0032,101
55e18ebbc13365ce5f8fa242__PDFV2__CH_0033,131
55e18ebbc13365ce5f8fa242__PDFV2__CH_0034,101
55e18ebbc13365ce5f8fa242__PDFV2__CH_0035,110
55e18ebbc13365ce5f8fa242__PDFV2__CH_0036,140
55e18ebbc13365ce5f8fa242__PDFV2__CH_0037,130
55e18ebbc13365ce5f8fa242__PDFV2__CH_0038,84
55e18ebbc13365ce5f8fa242__PDFV2__CH_0039,142
55e18ebbc13365ce5f8fa242__PDFV2__CH_0040,120
55e18ebbc13365ce5f8fa242__PDFV2__CH_0041,121
55e18ebbc13365ce5f8fa242__PDFV2__CH_0042,106
55e18ebbc13365ce5f8fa242__PDFV2__CH_0043,122
55e18ebbc13365ce5f8fa242__PDFV2__CH_0044,107
55e18ebbc13365ce5f8fa242__PDFV2__CH_0046,119
55e18ebbc13365ce5f8fa242__PDFV2__CH_0047,112
55e18ebbc13365ce5f8fa242__PDFV2__CH_0048,92
55e18ebbc13365ce5f8fa242__PDFV2__CH_0049,138
55e18ebbc13365ce5f8fa242__PDFV2__CH_0050,126
55e18ebbc13365ce5f8fa242__PDFV2__CH_0051,120
55e18ebbc13365ce5f8fa242__PDFV2__CH_0052,121
55e18ebbc13365ce5f8fa242__PDFV2__CH_0053,123
55e18ebbc13365ce5f8fa242__PDFV2__CH_0054,132
55e18ebbc13365ce5f8fa242__PDFV2__CH_0055,117
55e18ebbc13365ce5f8fa242__PDFV2__CH_0056,134
55e18ebbc13365ce5f8fa242__PDFV2__CH_0057__M,127
55e18ebbc13365ce5f8fa242__PDFV2__CH_0059,119
55e18ebbc13365ce5f8fa242__PDFV2__CH_0060,100
55e18ebbc13365ce5f8fa242__PDFV2__CH_0061,135
55e18ebbc13365ce5f8fa242__PDFV2__CH_0062,139
55e18ebbc13365ce5f8fa242__PDFV2__CH_0063,125
55e18ebbc13365ce5f8fa242__PDFV2__CH_0064,141
55e18ebbc13365ce5f8fa242__PDFV2__CH_0065,180
55e18ebbc13365ce5f8fa242__PDFV2__CH_0066,118
55e18ebbc13365ce5f8fa242__PDFV2__CH_0067,172
55e18ebbc13365ce5f8fa242__PDFV2__CH_0068,143
55e18ebbc13365ce5f8fa242__PDFV2__CH_0069,145
55e18ebbc13365ce5f8fa242__PDFV2__CH_0070,114
55e18ebbc13365ce5f8fa242__PDFV2__CH_0071,113
55e18ebbc13365ce5f8fa242__PDFV2__CH_0072,131
55e18ebbc13365ce5f8fa242__PDFV2__CH_0073,117
55e18ebbc13365ce5f8fa242__PDFV2__CH_0074,104
55e18ebbc13365ce5f8fa242__PDFV2__CH_0075,119
55e18ebbc13365ce5f8fa242__PDFV2__CH_0076,117
55e18ebbc13365ce5f8fa242__PDFV2__CH_0077,98
55e18ebbc13365ce5f8fa242__PDFV2__CH_0078,113
55e18ebbc13365ce5f8fa242__PDFV2__CH_0079,133
55e18ebbc13365ce5f8fa242__PDFV2__CH_0080,143
55e18ebbc13365ce5f8fa242__PDFV2__CH_0081,111
55e18ebbc13365ce5f8fa242__PDFV2__CH_0082,123
55e18ebbc13365ce5f8fa242__PDFV2__CH_0083,142
55e18ebbc13365ce5f8fa242__PDFV2__CH_0084,107
55e18ebbc13365ce5f8fa242__PDFV2__CH_0085,168
55e18ebbc13365ce5f8fa242__PDFV2__CH_0086,142
55e18ebbc13365ce5f8fa242__PDFV2__CH_0087,108
55e18ebbc13365ce5f8fa242__PDFV2__CH_0088,104
55e18ebbc13365ce5f8fa242__PDFV2__CH_0089,123
55e18ebbc13365ce5f8fa242__PDFV2__CH_0090,89
55e18ebbc13365ce5f8fa242__PDFV2__CH_0091,134
55e18ebbc13365ce5f8fa242__PDFV2__CH_0092,148
55e18ebbc13365ce5f8fa242__PDFV2__CH_0093,117
55e18ebbc13365ce5f8fa242__PDFV2__CH_0094,112
55e18ebbc13365ce5f8fa242__PDFV2__CH_0095__M,133
55e18ebbc13365ce5f8fa242__PDFV2__CH_0097,106
55e18ebbc13365ce5f8fa242__PDFV2__CH_0098,124
55e18ebbc13365ce5f8fa242__PDFV2__CH_0099,129
55e18ebbc13365ce5f8fa242__PDFV2__CH_0100,108
55e18ebbc13365ce5f8fa242__PDFV2__CH_0101,135
55e18ebbc13365ce5f8fa242__PDFV2__CH_0102,111
55e18ebbc13365ce5f8fa242__PDFV2__CH_0103,103
55e18ebbc13365ce5f8fa242__PDFV2__CH_0105,117
55e18ebbc13365ce5f8fa242__PDFV2__CH_0106,106
55e18ebbc13365ce5f8fa242__PDFV2__CH_0107,128
55e18ebbc13365ce5f8fa242__PDFV2__CH_0109,89
55e18ebbc13365ce5f8fa242__PDFV2__CH_0110,105
55e18ebbc13365ce5f8fa242__PDFV2__CH_0111,116
55e18ebbc13365ce5f8fa242__PDFV2__CH_0112,186
55e18ebbc13365ce5f8fa242__PDFV2__CH_0116,112
55e18ebbc13365ce5f8fa242__PDFV2__CH_0118,86
55e18ebbc13365ce5f8fa242__PDFV2__CH_0119,120
55e18ebbc13365ce5f8fa242__PDFV2__CH_0120,129
55e18ebbc13365ce5f8fa242__PDFV2__CH_0121,110
55e18ebbc13365ce5f8fa242__PDFV2__CH_0122,117
55e18ebbc13365ce5f8fa242__PDFV2__CH_0123,105
55e18ebbc13365ce5f8fa242__PDFV2__CH_0124,100
55e18ebbc13365ce5f8fa242__PDFV2__CH_0125,105
55e18ebbc13365ce5f8fa242__PDFV2__CH_0126,135
55e18ebbc13365ce5f8fa242__PDFV2__CH_0127,107
55e18ebbc13365ce5f8fa242__PDFV2__CH_0128,85
55e18ebbc13365ce5f8fa242__PDFV2__CH_0129,144
55e18ebbc13365ce5f8fa242__PDFV2__CH_0130,108
55e18ebbc13365ce5f8fa242__PDFV2__CH_0131,116
55e18ebbc13365ce5f8fa242__PDFV2__CH_0132,115
55e18ebbc13365ce5f8fa242__PDFV2__CH_0134,137
55e18ebbc13365ce5f8fa242__PDFV2__CH_0136,127
55e18ebbc13365ce5f8fa242__PDFV2__CH_0138,153
55e18ebbc13365ce5f8fa242__PDFV2__CH_0139,137
55e18ebbc13365ce5f8fa242__PDFV2__CH_0140,117
55e18ebbc13365ce5f8fa242__PDFV2__CH_0143,107
55e18ebbc13365ce5f8fa242__PDFV2__CH_0145,85
55e18ebbc13365ce5f8fa242__PDFV2__CH_0146__M,149
55e18ebbc13365ce5f8fa242__PDFV2__CH_0148,112
55e18ebbc13365ce5f8fa242__PDFV2__CH_0149,155
55f83f434c86d4ac684244af__55f83f434c86d4ac684244af__SEG_0001__CH_001,86
55f83f434c86d4ac684244af__55f83f434c86d4ac684244af__SEG_0001__CH_002,152
55f83f434c86d4ac684244af__55f83f434c86d4ac684244af__SEG_0001__CH_003,135
55f83f434c86d4ac684244af__55f83f434c86d4ac684244af__SEG_0001__CH_004,155
55f83f434c86d4ac684244af__55f83f434c86d4ac684244af__SEG_0001__CH_005,147
55fd5a7c092a4e824dcaeea3__55fd5a7c092a4e824dcaeea3__SEG_0001__CH_001,151
55fd5a7c092a4e824dcaeea3__55fd5a7c092a4e824dcaeea3__SEG_0001__CH_002,134
55fd5a7c092a4e824dcaeea3__55fd5a7c092a4e824dcaeea3__SEG_0002__CH_001,126
55fd5a7c092a4e824dcaeea3__55fd5a7c092a4e824dcaeea3__SEG_0002__CH_002,131
55ffc180a135fde883ba22b3__55ffc180a135fde883ba22b3__SEG_0001__CH_001,85
5620846c1fa180f75346dc31__5620846c1fa180f75346dc31__SEG_0001__CH_001,117
5620846c1fa180f75346dc31__5620846c1fa180f75346dc31__SEG_0001__CH_002__M,190
5620846c1fa180f75346dc31__5620846c1fa180f75346dc31__SEG_0001__CH_004,123
565127bd1b805657b9a36777__565127bd1b805657b9a36777__SEG_0001__CH_002,122
565127bd1b805657b9a36777__565127bd1b805657b9a36777__SEG_0001__CH_003,140
5654f6c5d24e567d43299de1__PDFV2__CH_0001,108
5654f6c5d24e567d43299de1__PDFV2__CH_0002,119
5654f6c5d24e567d43299de1__PDFV2__CH_0004,114
5654f6c5d24e567d43299de1__PDFV2__CH_0005,104
5654f6c5d24e567d43299de1__PDFV2__CH_0006,161
5667afd41297acc0c2212e5c__5667afd41297acc0c2212e5c__SEG_0001__CH_001,143
5667afd41297acc0c2212e5c__5667afd41297acc0c2212e5c__SEG_0001__CH_002,139
569832f999da586fbf7eff5d__PDFV2__CH_0003,105
569832f999da586fbf7eff5d__PDFV2__CH_0004,100
569832f999da586fbf7eff5d__PDFV2__CH_0005,124
569832f999da586fbf7eff5d__PDFV2__CH_0006,95
569832f999da586fbf7eff5d__PDFV2__CH_0007,121
569832f999da586fbf7eff5d__PDFV2__CH_0008,113
569832f999da586fbf7eff5d__PDFV2__CH_0009,80
569832f999da586fbf7eff5d__PDFV2__CH_0010,114
569832f999da586fbf7eff5d__PDFV2__CH_0011,107
569832f999da586fbf7eff5d__PDFV2__CH_0012,138
569832f999da586fbf7eff5d__PDFV2__CH_0013,93
569832f999da586fbf7eff5d__PDFV2__CH_0014,122
569832f999da586fbf7eff5d__PDFV2__CH_0015,122
569832f999da586fbf7eff5d__PDFV2__CH_0016,150
569832f999da586fbf7eff5d__PDFV2__CH_0018,100
569832f999da586fbf7eff5d__PDFV2__CH_0019,110
569832f999da586fbf7eff5d__PDFV2__CH_0020,110
569832f999da586fbf7eff5d__PDFV2__CH_0021,153
569832f999da586fbf7eff5d__PDFV2__CH_0022,118
569832f999da586fbf7eff5d__PDFV2__CH_0023,107
569832f999da586fbf7eff5d__PDFV2__CH_0024,132
569832f999da586fbf7eff5d__PDFV2__CH_0025,90
569832f999da586fbf7eff5d__PDFV2__CH_0027,108
577b2be3b3e4b2be123927d3__577b2be3b3e4b2be123927d3__SEG_0001__CH_001,86
577b2be3b3e4b2be123927d3__577b2be3b3e4b2be123927d3__SEG_0001__CH_002,140
577b2be3b3e4b2be123927d3__577b2be3b3e4b2be123927d3__SEG_0001__CH_003,91
57b8ba27e7ef2ca1d139237b__PDFV2__CH_0001,128
57b8ba27e7ef2ca1d139237b__PDFV2__CH_0002,101
57b8ba27e7ef2ca1d139237b__PDFV2__CH_0003,108
57b8ba27e7ef2ca1d139237b__PDFV2__CH_0004__M,123
57b8ba27e7ef2ca1d139237b__PDFV2__CH_0007,131
57b8ba27e7ef2ca1d139237b__PDFV2__CH_0008,138
57b8ba27e7ef2ca1d139237b__PDFV2__CH_0009,142
57b8ba27e7ef2ca1d139237b__PDFV2__CH_0010,149
57b8ec14e80680d801f1c6a3__57b8ec14e80680d801f1c6a3__SEG_0001__CH_003,134
57d720e5d5930fa7396b8ecc__PDFV2__CH_0001,96
57d720e5d5930fa7396b8ecc__PDFV2__CH_0003,116
57d720e5d5930fa7396b8ecc__PDFV2__CH_0004,117
57d720e5d5930fa7396b8ecc__PDFV2__CH_0005,115
57d720e5d5930fa7396b8ecc__PDFV2__CH_0006,130
57f384cb8d2f209d3bf1b444__57f384cb8d2f209d3bf1b444__SEG_0001__CH_001,92
580751f338ae490ed871ecd3__580751f338ae490ed871ecd3__SEG_0001__CH_001,111
5836fe470d587cb46c5cf74c__5836fe470d587cb46c5cf74c__SEG_0001__CH_001,119
5836fe470d587cb46c5cf74c__5836fe470d587cb46c5cf74c__SEG_0001__CH_002,127
58e0f09b43e1b07372636b2b__58e0f09b43e1b07372636b2b__SEG_0001__CH_001,156
58e9b31a9635519245d74bd8__58e9b31a9635519245d74bd8__SEG_0001__CH_001,107
58e9b31a9635519245d74bd8__58e9b31a9635519245d74bd8__SEG_0001__CH_002,93
59762c09f8b3de46e119fced__59762c09f8b3de46e119fced__SEG_0001__CH_001,119
59762c09f8b3de46e119fced__59762c09f8b3de46e119fced__SEG_0001__CH_002,103
59af4daaa25022a44aa75844__PDFV2__CH_0001,112
59af4daaa25022a44aa75844__PDFV2__CH_0002,111
59af4daaa25022a44aa75844__PDFV2__CH_0003,99
59b04b6c358fb6bac3ea7302__59b04b6c358fb6bac3ea7302__SEG_0001__CH_001,115
59b04b6c358fb6bac3ea7302__59b04b6c358fb6bac3ea7302__SEG_0001__CH_002,191
59df194d0d4b55addb7ea8fc__PDFV2__CH_0002,128
59df194d0d4b55addb7ea8fc__PDFV2__CH_0003,95
59f2f0f107320acee8cc2f9e__59f2f0f107320acee8cc2f9e__SEG_0001__CH_001,180
5a0b09f0cc56fd9f4256c733__PDFV2__CH_0001,110
5a0b09f0cc56fd9f4256c733__PDFV2__CH_0003,113
5a0b09f0cc56fd9f4256c733__PDFV2__CH_0004,105
5a0b09f0cc56fd9f4256c733__PDFV2__CH_0005,150
5a0b09f0cc56fd9f4256c733__PDFV2__CH_0006,149
5a0b09f0cc56fd9f4256c733__PDFV2__CH_0007,130
5a0b09f0cc56fd9f4256c733__PDFV2__CH_0008,101
5a0b09f0cc56fd9f4256c733__PDFV2__CH_0009,129
5a0b09f0cc56fd9f4256c733__PDFV2__CH_0010,116
5a0b09f0cc56fd9f4256c733__PDFV2__CH_0011,91
5a0b09f0cc56fd9f4256c733__PDFV2__CH_0012,169
5a0b09f0cc56fd9f4256c733__PDFV2__CH_0013,220
5a0b09f0cc56fd9f4256c733__PDFV2__CH_0014,107
5a0b09f0cc56fd9f4256c733__PDFV2__CH_0015,175
5a0b09f0cc56fd9f4256c733__PDFV2__CH_0016,117
5a0b09f0cc56fd9f4256c733__PDFV2__CH_0017,140
5a0b09f0cc56fd9f4256c733__PDFV2__CH_0018,109
5a0b09f0cc56fd9f4256c733__PDFV2__CH_0019,115
5a0b09f0cc56fd9f4256c733__PDFV2__CH_0020,148
5a0b09f0cc56fd9f4256c733__PDFV2__CH_0021,124
5a0b09f0cc56fd9f4256c733__PDFV2__CH_0022,143
5a0b09f0cc56fd9f4256c733__PDFV2__CH_0023,125
5a0b09f0cc56fd9f4256c733__PDFV2__CH_0024,110
5a0b09f0cc56fd9f4256c733__PDFV2__CH_0025,131
5a0b09f0cc56fd9f4256c733__PDFV2__CH_0026,174
5a0b09f0cc56fd9f4256c733__PDFV2__CH_0027,134
5a0b09f0cc56fd9f4256c733__PDFV2__CH_0028,149
5a0b09f0cc56fd9f4256c733__PDFV2__CH_0029,161
5a0b09f0cc56fd9f4256c733__PDFV2__CH_0030,97
5a0b09f0cc56fd9f4256c733__PDFV2__CH_0031,144
5a0b09f0cc56fd9f4256c733__PDFV2__CH_0032,122
5a0b09f0cc56fd9f4256c733__PDFV2__CH_0033,121
5a0b09f0cc56fd9f4256c733__PDFV2__CH_0034,104
5a0b09f0cc56fd9f4256c733__PDFV2__CH_0035,114
5a0b09f0cc56fd9f4256c733__PDFV2__CH_0036,138
5a0b09f0cc56fd9f4256c733__PDFV2__CH_0037,132
5a0b09f0cc56fd9f4256c733__PDFV2__CH_0038,157
5a0b09f0cc56fd9f4256c733__PDFV2__CH_0039,147
5a0b09f0cc56fd9f4256c733__PDFV2__CH_0040,172
5a0b09f0cc56fd9f4256c733__PDFV2__CH_0041,147
5a0b09f0cc56fd9f4256c733__PDFV2__CH_0042,157
5a0b09f0cc56fd9f4256c733__PDFV2__CH_0043,171
5a0b09f0cc56fd9f4256c733__PDFV2__CH_0044,136
5a0b09f0cc56fd9f4256c733__PDFV2__CH_0045,138
5a0b09f0cc56fd9f4256c733__PDFV2__CH_0046,145
5a0b09f0cc56fd9f4256c733__PDFV2__CH_0047,131
5a0b09f0cc56fd9f4256c733__PDFV2__CH_0048,131
5a0b09f0cc56fd9f4256c733__PDFV2__CH_0049,131
5a0b09f0cc56fd9f4256c733__PDFV2__CH_0050,149
5a0b09f0cc56fd9f4256c733__PDFV2__CH_0051,143
5a0b09f0cc56fd9f4256c733__PDFV2__CH_0052,122
5a0b09f0cc56fd9f4256c733__PDFV2__CH_0053,158
5a0b09f0cc56fd9f4256c733__PDFV2__CH_0054,92
5a0b09f0cc56fd9f4256c733__PDFV2__CH_0055,157
5a0b09f0cc56fd9f4256c733__PDFV2__CH_0056,152
5a2aa1f8a7ecf3dafcd1f277__5a2aa1f8a7ecf3dafcd1f277__SEG_0001__CH_001,111
5a2aa1f8a7ecf3dafcd1f277__5a2aa1f8a7ecf3dafcd1f277__SEG_0001__CH_002,112
5a3c495219c4b7df0457deea__5a3c495219c4b7df0457deea__SEG_0001__CH_001,113
5a3c495219c4b7df0457deea__5a3c495219c4b7df0457deea__SEG_0001__CH_002,93
5a3c495219c4b7df0457deea__5a3c495219c4b7df0457deea__SEG_0001__CH_003,140
5a5f55a0fbe7e38e4e620642__5a5f55a0fbe7e38e4e620642__SEG_0001__CH_001,100
5a5f55a0fbe7e38e4e620642__5a5f55a0fbe7e38e4e620642__SEG_0001__CH_002,140
5a5f55a0fbe7e38e4e620642__5a5f55a0fbe7e38e4e620642__SEG_0001__CH_003,116
5a9585f1f80b07970d2d188b__5a9585f1f80b07970d2d188b__SEG_0001__CH_001,138
5a9585f1f80b07970d2d188b__5a9585f1f80b07970d2d188b__SEG_0001__CH_002,120
5aaac79a6909be72c8bcb38f__5aaac79a6909be72c8bcb38f__SEG_0001__CH_001,114
5aaac79a6909be72c8bcb38f__5aaac79a6909be72c8bcb38f__SEG_0001__CH_002,150
5aaac79a6909be72c8bcb38f__5aaac79a6909be72c8bcb38f__SEG_0001__CH_003,175
5aaac79a6909be72c8bcb38f__5aaac79a6909be72c8bcb38f__SEG_0001__CH_004,252
5aaac79a6909be72c8bcb38f__5aaac79a6909be72c8bcb38f__SEG_0001__CH_005,118
5aaac79a6909be72c8bcb38f__5aaac79a6909be72c8bcb38f__SEG_0002__CH_003,77
5ac41e591dea686be1bf39da__5ac41e591dea686be1bf39da__SEG_0001__CH_001,108
5ac41e591dea686be1bf39da__5ac41e591dea686be1bf39da__SEG_0001__CH_002,136
5ac41e591dea686be1bf39da__5ac41e591dea686be1bf39da__SEG_0001__CH_003,146
5ac41e591dea686be1bf39da__5ac41e591dea686be1bf39da__SEG_0001__CH_004,145
5ac41e591dea686be1bf39da__5ac41e591dea686be1bf39da__SEG_0001__CH_005,143
5ac41e591dea686be1bf39da__5ac41e591dea686be1bf39da__SEG_0002__CH_001,122
5ac41e591dea686be1bf39da__5ac41e591dea686be1bf39da__SEG_0002__CH_002,127
5ac41e591dea686be1bf39da__5ac41e591dea686be1bf39da__SEG_0002__CH_003,132
5ac41e591dea686be1bf39da__5ac41e591dea686be1bf39da__SEG_0003__CH_001,128
5ac41e591dea686be1bf39da__5ac41e591dea686be1bf39da__SEG_0003__CH_002,135
5ac921287907abc3c8f38566__5ac921287907abc3c8f38566__SEG_0001__CH_001,201
5ac921287907abc3c8f38566__5ac921287907abc3c8f38566__SEG_0001__CH_002,195
5ac921287907abc3c8f38566__5ac921287907abc3c8f38566__SEG_0001__CH_003,200
5ad709a8edd0741500a840e0__PDFV2__CH_0003,112
5ad709a8edd0741500a840e0__PDFV2__CH_0004,186
5ad709a8edd0741500a840e0__PDFV2__CH_0005,169
5ad709a8edd0741500a840e0__PDFV2__CH_0006,118
5ad709a8edd0741500a840e0__PDFV2__CH_0007,105
5ad709a8edd0741500a840e0__PDFV2__CH_0008,145
5ad709a8edd0741500a840e0__PDFV2__CH_0009,186
5ad709a8edd0741500a840e0__PDFV2__CH_0010,159
5ad709a8edd0741500a840e0__PDFV2__CH_0011,115
5aec58f4f1a7785d76ac7414__5aec58f4f1a7785d76ac7414__SEG_0001__CH_001,111
5aec58f4f1a7785d76ac7414__5aec58f4f1a7785d76ac7414__SEG_0001__CH_002,62
5aec58f4f1a7785d76ac7414__5aec58f4f1a7785d76ac7414__SEG_0001__CH_003,83
5b1c2766f48271b1aca2d65e__PDFV2__CH_0001,98
5b1c2766f48271b1aca2d65e__PDFV2__CH_0002,73
5b1c2766f48271b1aca2d65e__PDFV2__CH_0005,91
5b1c2766f48271b1aca2d65e__PDFV2__CH_0006,91
5b27b17f0a03c3f4f27da8f8__5b27b17f0a03c3f4f27da8f8__SEG_0001__CH_001,140
5b7545e0c86bedd286eef784__PDFV2__CH_0001,93
5b7545e0c86bedd286eef784__PDFV2__CH_0002,95
5b7545e0c86bedd286eef784__PDFV2__CH_0003,119
5b7545e0c86bedd286eef784__PDFV2__CH_0004,120
5b7545e0c86bedd286eef784__PDFV2__CH_0005,75
5c076b76e4d060dcb8c460f2__5c076b76e4d060dcb8c460f2__SEG_0001__CH_001,158
5c076b76e4d060dcb8c460f2__5c076b76e4d060dcb8c460f2__SEG_0001__CH_002,170
5c076b76e4d060dcb8c460f2__5c076b76e4d060dcb8c460f2__SEG_0001__CH_003,157
5c076b76e4d060dcb8c460f2__5c076b76e4d060dcb8c460f2__SEG_0001__CH_004,161
5c076b76e4d060dcb8c460f2__5c076b76e4d060dcb8c460f2__SEG_0001__CH_005,152
5c215500374bf1b237bffdf4__5c215500374bf1b237bffdf4__SEG_0001__CH_001__S1,119
5c215500374bf1b237bffdf4__5c215500374bf1b237bffdf4__SEG_0001__CH_001__S2,148
5c215500374bf1b237bffdf4__5c215500374bf1b237bffdf4__SEG_0001__CH_001__S3,110
5c215500374bf1b237bffdf4__5c215500374bf1b237bffdf4__SEG_0001__CH_001__S4,112
5c215500374bf1b237bffdf4__5c215500374bf1b237bffdf4__SEG_0001__CH_001__S5,131
5c215500374bf1b237bffdf4__5c215500374bf1b237bffdf4__SEG_0001__CH_001__S6,123
5c215500374bf1b237bffdf4__5c215500374bf1b237bffdf4__SEG_0001__CH_001__S7,117
5c55d3e800a92ca418fc3cd8__PDFV2__CH_0006,72
5cdbaa650437e614cbce2aa6__5cdbaa650437e614cbce2aa6__SEG_0001__CH_001,123
5cdbaa650437e614cbce2aa6__5cdbaa650437e614cbce2aa6__SEG_0001__CH_002,130
5cdbaa650437e614cbce2aa6__5cdbaa650437e614cbce2aa6__SEG_0001__CH_003,148
5cdbaa650437e614cbce2aa6__5cdbaa650437e614cbce2aa6__SEG_0001__CH_004,123
5cdbaa650437e614cbce2aa6__5cdbaa650437e614cbce2aa6__SEG_0002__CH_001,162
5cdbaa650437e614cbce2aa6__5cdbaa650437e614cbce2aa6__SEG_0002__CH_002,154
5cdbaa650437e614cbce2aa6__5cdbaa650437e614cbce2aa6__SEG_0003__CH_001,152
5cdbaa650437e614cbce2aa6__5cdbaa650437e614cbce2aa6__SEG_0003__CH_002,153
5cdbaa650437e614cbce2aa6__5cdbaa650437e614cbce2aa6__SEG_0003__CH_003,166
5cdbaa650437e614cbce2aa6__5cdbaa650437e614cbce2aa6__SEG_0004__CH_002,121
5cdbaa650437e614cbce2aa6__5cdbaa650437e614cbce2aa6__SEG_0004__CH_003,154
5cdbaa650437e614cbce2aa6__5cdbaa650437e614cbce2aa6__SEG_0004__CH_004,117
5cdbaa650437e614cbce2aa6__5cdbaa650437e614cbce2aa6__SEG_0004__CH_005,116
5cdbaa650437e614cbce2aa6__5cdbaa650437e614cbce2aa6__SEG_0004__CH_006,108
5cdbaa650437e614cbce2aa6__5cdbaa650437e614cbce2aa6__SEG_0004__CH_007,112
5cdbaa650437e614cbce2aa6__5cdbaa650437e614cbce2aa6__SEG_0004__CH_008,155
5d45d5f271b439eeba6e3fe9__PDFV2__CH_0001,122
5d45d5f271b439eeba6e3fe9__PDFV2__CH_0002,143
5d45d5f271b439eeba6e3fe9__PDFV2__CH_0003,141
5d45d5f271b439eeba6e3fe9__PDFV2__CH_0004,143
5d45d5f271b439eeba6e3fe9__PDFV2__CH_0005,110
5d540b536f600c77400c2261__5d540b536f600c77400c2261__SEG_0001__CH_001,114
5d651059398467a66f8a5abf__5d651059398467a66f8a5abf__SEG_0001__CH_002,105
5d651059398467a66f8a5abf__5d651059398467a66f8a5abf__SEG_0001__CH_003__M,105
5d651059398467a66f8a5abf__5d651059398467a66f8a5abf__SEG_0001__CH_005,83
5d658ad23b46160830540370__5d658ad23b46160830540370__SEG_0001__CH_001,95
5d658ad23b46160830540370__5d658ad23b46160830540370__SEG_0001__CH_002,133
5d658ad23b46160830540370__5d658ad23b46160830540370__SEG_0001__CH_003,69
5d7aad23d357bf5b841b9c81__PDFV2__CH_0003,128
5d7aad23d357bf5b841b9c81__PDFV2__CH_0004,105
5d7aad23d357bf5b841b9c81__PDFV2__CH_0008,123
5d7aad23d357bf5b841b9c81__PDFV2__CH_0010,135
5d7aad23d357bf5b841b9c81__PDFV2__CH_0011,132
5d7aad23d357bf5b841b9c81__PDFV2__CH_0012,134
5d7aad23d357bf5b841b9c81__PDFV2__CH_0013,130
5d7aad23d357bf5b841b9c81__PDFV2__CH_0014,129
5d7aad23d357bf5b841b9c81__PDFV2__CH_0015,112
5d7aad23d357bf5b841b9c81__PDFV2__CH_0016,124
5d7aad23d357bf5b841b9c81__PDFV2__CH_0017,116
5d7aad23d357bf5b841b9c81__PDFV2__CH_0019,113
5d7aad23d357bf5b841b9c81__PDFV2__CH_0020,118
5d7aad23d357bf5b841b9c81__PDFV2__CH_0021,134
5d7aad23d357bf5b841b9c81__PDFV2__CH_0022,116
5d7aad23d357bf5b841b9c81__PDFV2__CH_0023,130
5d7aad23d357bf5b841b9c81__PDFV2__CH_0024,133
5d7aad23d357bf5b841b9c81__PDFV2__CH_0026,148
5d7aad23d357bf5b841b9c81__PDFV2__CH_0027,106
5d7aad23d357bf5b841b9c81__PDFV2__CH_0028,115
5d7aad23d357bf5b841b9c81__PDFV2__CH_0029,104
5d7aad23d357bf5b841b9c81__PDFV2__CH_0030,126
5d7aad23d357bf5b841b9c81__PDFV2__CH_0032,115
5d7aad23d357bf5b841b9c81__PDFV2__CH_0033,128
5d7aad23d357bf5b841b9c81__PDFV2__CH_0034,115
5d7aad23d357bf5b841b9c81__PDFV2__CH_0035,100
5d7aad23d357bf5b841b9c81__PDFV2__CH_0036,136
5d7aad23d357bf5b841b9c81__PDFV2__CH_0037,90
5d7dd5a3e2f0ac4a89aa3c23__5d7dd5a3e2f0ac4a89aa3c23__SEG_0001__CH_001,98
5d8a91b1175f7727d9279d89__5d8a91b1175f7727d9279d89__SEG_0001__CH_001,95
5d8a91b1175f7727d9279d89__5d8a91b1175f7727d9279d89__SEG_0001__CH_002,86
5d91f8acea9c11f1bd311936__5d91f8acea9c11f1bd311936__SEG_0001__CH_002,80
5d91f8acea9c11f1bd311936__5d91f8acea9c11f1bd311936__SEG_0001__CH_003,123
5da60702b618a0ca15b28b8e__5da60702b618a0ca15b28b8e__SEG_0001__CH_001,99
5dcfd518b30e8ceb24ad9191__PDFV2__CH_0009,115
5dcfd518b30e8ceb24ad9191__PDFV2__CH_0013,124
5dcfd518b30e8ceb24ad9191__PDFV2__CH_0014,125
5dcfd518b30e8ceb24ad9191__PDFV2__CH_0015__M,101
5dcfd518b30e8ceb24ad9191__PDFV2__CH_0017__M,130
5dcfd518b30e8ceb24ad9191__PDFV2__CH_0019,100
5dcfd518b30e8ceb24ad9191__PDFV2__CH_0021,121
5dcfd518b30e8ceb24ad9191__PDFV2__CH_0022,86
5dcfd518b30e8ceb24ad9191__PDFV2__CH_0024,145
5dcfd518b30e8ceb24ad9191__PDFV2__CH_0027,108
5dcfd518b30e8ceb24ad9191__PDFV2__CH_0028,127
5dcfd518b30e8ceb24ad9191__PDFV2__CH_0029,174
5dcfd518b30e8ceb24ad9191__PDFV2__CH_0030,96
5dcfd518b30e8ceb24ad9191__PDFV2__CH_0032,117
5dd3830aa097fde2944dc753__PDFV2__CH_0001,122
5e1291dd0784545b9573ee9f__PDFV2__CH_0001,118
5e1291dd0784545b9573ee9f__PDFV2__CH_0002,129
5e1291dd0784545b9573ee9f__PDFV2__CH_0003,110
5e153ca5414a06a35c54be6d__PDFV2__CH_0008__M,191
5e153ca5414a06a35c54be6d__PDFV2__CH_0011,109
5e153ca5414a06a35c54be6d__PDFV2__CH_0012,153
5e153ca5414a06a35c54be6d__PDFV2__CH_0013,119
5e153ca5414a06a35c54be6d__PDFV2__CH_0023,120
5e153ca5414a06a35c54be6d__PDFV2__CH_0034,116
5e153ca5414a06a35c54be6d__PDFV2__CH_0036,105
5e153ca5414a06a35c54be6d__PDFV2__CH_0051,98
5e616f0883ef2acf3f898253__5e616f0883ef2acf3f898253__SEG_0001__CH_002,126
5e96222d5f6ef34d394035d3__5e96222d5f6ef34d394035d3__SEG_0001__CH_001,103
5e96222d5f6ef34d394035d3__5e96222d5f6ef34d394035d3__SEG_0001__CH_002,104
5ea3bf1f8f34def4277d6c88__5ea3bf1f8f34def4277d6c88__SEG_0001__CH_001,133
5ea3bf1f8f34def4277d6c88__5ea3bf1f8f34def4277d6c88__SEG_0001__CH_002,196
5ea3bf1f8f34def4277d6c88__5ea3bf1f8f34def4277d6c88__SEG_0001__CH_003,124
5ea3bf1f8f34def4277d6c88__5ea3bf1f8f34def4277d6c88__SEG_0001__CH_004,150
5ea810f407db8d6b99950bba__5ea810f407db8d6b99950bba__SEG_0001__CH_001,74
5ec2817c694c433a56aabda2__5ec2817c694c433a56aabda2__SEG_0001__CH_001,107
5ede9c03b682b0808eeebdca__5ede9c03b682b0808eeebdca__SEG_0001__CH_001,79
5f16a3830eab80923e6001b4__PDFV2__CH_0002,105
5f16a3830eab80923e6001b4__PDFV2__CH_0003,109
5f16a3830eab80923e6001b4__PDFV2__CH_0004,120
5f16a3830eab80923e6001b4__PDFV2__CH_0005,117
5f16a3830eab80923e6001b4__PDFV2__CH_0006,151
5f16a3830eab80923e6001b4__PDFV2__CH_0007,98
5f16a3830eab80923e6001b4__PDFV2__CH_0008,161
5f16a3830eab80923e6001b4__PDFV2__CH_0009,111
5f16a3830eab80923e6001b4__PDFV2__CH_0010,122
5f16a3830eab80923e6001b4__PDFV2__CH_0011,150
5f16a3830eab80923e6001b4__PDFV2__CH_0012,116
5f16a3830eab80923e6001b4__PDFV2__CH_0014,96
5f16a3830eab80923e6001b4__PDFV2__CH_0015,126
5f16a3830eab80923e6001b4__PDFV2__CH_0016,136
5f16a3830eab80923e6001b4__PDFV2__CH_0017,126
5f16a3830eab80923e6001b4__PDFV2__CH_0018,104
5f16a3830eab80923e6001b4__PDFV2__CH_0019,143
5f16a3830eab80923e6001b4__PDFV2__CH_0020,141
5f16a3830eab80923e6001b4__PDFV2__CH_0021,107
5f16a3830eab80923e6001b4__PDFV2__CH_0022,145
5f16a3830eab80923e6001b4__PDFV2__CH_0023,171
5f2cbf49c63349217a8bbaa2__5f2cbf49c63349217a8bbaa2__SEG_0001__CH_001,134
5f2cbf49c63349217a8bbaa2__5f2cbf49c63349217a8bbaa2__SEG_0001__CH_002,145
5f3b1b15dbefc161a05780cd__5f3b1b15dbefc161a05780cd__SEG_0001__CH_001,114
5f8342eb3f38e4119244d2f2__PDFV2__CH_0002,106
5f8342eb3f38e4119244d2f2__PDFV2__CH_0003,79
5f8342eb3f38e4119244d2f2__PDFV2__CH_0005,95
5f8342eb3f38e4119244d2f2__PDFV2__CH_0006,84
5f8342eb3f38e4119244d2f2__PDFV2__CH_0007,109
5f8342eb3f38e4119244d2f2__PDFV2__CH_0008,73
5f838d492a1602416eb588d4__PDFV2__CH_0001,102
5f838d492a1602416eb588d4__PDFV2__CH_0002,60
5f838d492a1602416eb588d4__PDFV2__CH_0003,176
5f838d492a1602416eb588d4__PDFV2__CH_0004,143
5f838d492a1602416eb588d4__PDFV2__CH_0005,125
5f838d492a1602416eb588d4__PDFV2__CH_0006,146
5f838d492a1602416eb588d4__PDFV2__CH_0007,148
5f838d492a1602416eb588d4__PDFV2__CH_0008,100
5f838d492a1602416eb588d4__PDFV2__CH_0009,113
5f838d492a1602416eb588d4__PDFV2__CH_0010,110
5f838d492a1602416eb588d4__PDFV2__CH_0011,85
5f838d492a1602416eb588d4__PDFV2__CH_0012,134
5f838d492a1602416eb588d4__PDFV2__CH_0013,136
5f838d492a1602416eb588d4__PDFV2__CH_0014,141
5f838d492a1602416eb588d4__PDFV2__CH_0015,141
5f838d492a1602416eb588d4__PDFV2__CH_0016,107
5f838d492a1602416eb588d4__PDFV2__CH_0017,172
5f838d492a1602416eb588d4__PDFV2__CH_0018,132
5f838d492a1602416eb588d4__PDFV2__CH_0019,166
5f838d492a1602416eb588d4__PDFV2__CH_0020,124
5f838d492a1602416eb588d4__PDFV2__CH_0021,93
5f838d492a1602416eb588d4__PDFV2__CH_0022,130
5f838d492a1602416eb588d4__PDFV2__CH_0023__M,126
5f838d492a1602416eb588d4__PDFV2__CH_0025,156
5f838d492a1602416eb588d4__PDFV2__CH_0026,158
5f838d492a1602416eb588d4__PDFV2__CH_0027,180
5f838d492a1602416eb588d4__PDFV2__CH_0028__M,148
5f838d492a1602416eb588d4__PDFV2__CH_0031,130
5faa4b6bae8df4e0179235e3__5faa4b6bae8df4e0179235e3__SEG_0001__CH_001,91
5fee9ee43835e3d67e806967__5fee9ee43835e3d67e806967__SEG_0001__CH_001,114
5fee9ee43835e3d67e806967__5fee9ee43835e3d67e806967__SEG_0001__CH_002,138
6025e16dea422edf204dcc4f__6025e16dea422edf204dcc4f__SEG_0001__CH_003,117
6025e16dea422edf204dcc4f__6025e16dea422edf204dcc4f__SEG_0001__CH_004,93
604bbb898c6fb9cb28ffd96b__604bbb898c6fb9cb28ffd96b__SEG_0001__CH_001,82
606a15f8bce3690aae72c595__PDFV2__CH_0001,114
606a15f8bce3690aae72c595__PDFV2__CH_0002,123
606a15f8bce3690aae72c595__PDFV2__CH_0003__M,192
606a15f8bce3690aae72c595__PDFV2__CH_0005,112
606a15f8bce3690aae72c595__PDFV2__CH_0006,134
606a15f8bce3690aae72c595__PDFV2__CH_0007,122
606a15f8bce3690aae72c595__PDFV2__CH_0008,128
606a15f8bce3690aae72c595__PDFV2__CH_0009,118
606a15f8bce3690aae72c595__PDFV2__CH_0010,131
606a15f8bce3690aae72c595__PDFV2__CH_0011,146
606a15f8bce3690aae72c595__PDFV2__CH_0012,154
608db2a1961c58e7efd505e3__PDFV2__CH_0002,131
60ab3932392d4b2a51bd2f8e__60ab3932392d4b2a51bd2f8e__SEG_0001__CH_002,70
60dad805d2c6a8fd45c7ab0f__60dad805d2c6a8fd45c7ab0f__SEG_0001__CH_001,90
610df2305a227e75bd383cf8__610df2305a227e75bd383cf8__SEG_0001__CH_001,101
610df2305a227e75bd383cf8__610df2305a227e75bd383cf8__SEG_0001__CH_002,134
610df2305a227e75bd383cf8__610df2305a227e75bd383cf8__SEG_0001__CH_003,134
610df2305a227e75bd383cf8__610df2305a227e75bd383cf8__SEG_0001__CH_004,91
610df2305a227e75bd383cf8__610df2305a227e75bd383cf8__SEG_0001__CH_005__M,119
610df2305a227e75bd383cf8__610df2305a227e75bd383cf8__SEG_0001__CH_007,130
610df2305a227e75bd383cf8__610df2305a227e75bd383cf8__SEG_0001__CH_008,137
610df2305a227e75bd383cf8__610df2305a227e75bd383cf8__SEG_0002__CH_002,73
610df2305a227e75bd383cf8__610df2305a227e75bd383cf8__SEG_0002__CH_003,98
610df2305a227e75bd383cf8__610df2305a227e75bd383cf8__SEG_0002__CH_004,73
610df2305a227e75bd383cf8__610df2305a227e75bd383cf8__SEG_0002__CH_006,106
610df2305a227e75bd383cf8__610df2305a227e75bd383cf8__SEG_0002__CH_007,90
610df2305a227e75bd383cf8__610df2305a227e75bd383cf8__SEG_0002__CH_008,83
610df2305a227e75bd383cf8__610df2305a227e75bd383cf8__SEG_0002__CH_009,109
610df2305a227e75bd383cf8__610df2305a227e75bd383cf8__SEG_0002__CH_010,144
610df2305a227e75bd383cf8__610df2305a227e75bd383cf8__SEG_0002__CH_011,100
6114b1b04df9360bfa688cde__6114b1b04df9360bfa688cde__SEG_0001__CH_001,120
6118b7f0105671c9e492f8c3__6118b7f0105671c9e492f8c3__SEG_0001__CH_001,156
6118b7f0105671c9e492f8c3__6118b7f0105671c9e492f8c3__SEG_0001__CH_002,148
6118b7f0105671c9e492f8c3__6118b7f0105671c9e492f8c3__SEG_0001__CH_003,134
6118b7f0105671c9e492f8c3__6118b7f0105671c9e492f8c3__SEG_0001__CH_004,124
6118b7f0105671c9e492f8c3__6118b7f0105671c9e492f8c3__SEG_0001__CH_005,91
6118b7f0105671c9e492f8c3__6118b7f0105671c9e492f8c3__SEG_0002__CH_001,111
6118b7f0105671c9e492f8c3__6118b7f0105671c9e492f8c3__SEG_0002__CH_003,97
6193c52db0bb26428a4ab78f__6193c52db0bb26428a4ab78f__SEG_0001__CH_001,123
6193c52db0bb26428a4ab78f__6193c52db0bb26428a4ab78f__SEG_0001__CH_002,115
61997976401815dd9402fc01__61997976401815dd9402fc01__SEG_0001__CH_001,108
6258071e5867d0dfcdfb64ce__6258071e5867d0dfcdfb64ce__SEG_0001__CH_001,77
627c6fe3ace88c4122886ae0__627c6fe3ace88c4122886ae0__SEG_0001__CH_001,94
627c6fe3ace88c4122886ae0__627c6fe3ace88c4122886ae0__SEG_0001__CH_002,103
62e7e66afb3e68ba4961b88e__62e7e66afb3e68ba4961b88e__SEG_0001__CH_001,146
62e7e66afb3e68ba4961b88e__62e7e66afb3e68ba4961b88e__SEG_0001__CH_002,158
62e7e66afb3e68ba4961b88e__62e7e66afb3e68ba4961b88e__SEG_0002__CH_001,191
62e7e66afb3e68ba4961b88e__62e7e66afb3e68ba4961b88e__SEG_0002__CH_002,187
62e7e66afb3e68ba4961b88e__62e7e66afb3e68ba4961b88e__SEG_0002__CH_003,167
62f71394cb3a818447476b9a__PDFV2__CH_0001,90
62f71394cb3a818447476b9a__PDFV2__CH_0002,148
62f71394cb3a818447476b9a__PDFV2__CH_0003,116
62f71394cb3a818447476b9a__PDFV2__CH_0004,99
62f71394cb3a818447476b9a__PDFV2__CH_0005__M,122
62f71394cb3a818447476b9a__PDFV2__CH_0007,127
63fcaa3230b4bbd65903b152__63fcaa3230b4bbd65903b152__SEG_0001__CH_001,88
63fcaa3230b4bbd65903b152__63fcaa3230b4bbd65903b152__SEG_0001__CH_002,79
6452eff3c952d4df0fcc3475__6452eff3c952d4df0fcc3475__SEG_0001__CH_001,109
6452eff3c952d4df0fcc3475__6452eff3c952d4df0fcc3475__SEG_0001__CH_002,130
64a9f02a81e066c2b1f872dd__64a9f02a81e066c2b1f872dd__SEG_0001__CH_001,113
64a9f02a81e066c2b1f872dd__64a9f02a81e066c2b1f872dd__SEG_0001__CH_002,123
64a9f02a81e066c2b1f872dd__64a9f02a81e066c2b1f872dd__SEG_0001__CH_003,145
64cf2848a1628e2cd468d823__PDFV2__CH_0001,116
64cf2848a1628e2cd468d823__PDFV2__CH_0002,156
64cf2848a1628e2cd468d823__PDFV2__CH_0003,113
64cf2848a1628e2cd468d823__PDFV2__CH_0004,153
64cf2848a1628e2cd468d823__PDFV2__CH_0005,113
64cf2848a1628e2cd468d823__PDFV2__CH_0006,154
64cf2848a1628e2cd468d823__PDFV2__CH_0007,110
64cf2848a1628e2cd468d823__PDFV2__CH_0008,178
64cf2848a1628e2cd468d823__PDFV2__CH_0009,99
64db43f8418760fc40fb1a43__64db43f8418760fc40fb1a43__SEG_0001__CH_001,91
64edabfe3fc9c3509d81a588__64edabfe3fc9c3509d81a588__SEG_0001__CH_001,148
64edabfe3fc9c3509d81a588__64edabfe3fc9c3509d81a588__SEG_0001__CH_002,126
64fee784b86f60a8bfc6c951__64fee784b86f60a8bfc6c951__SEG_0001__CH_001,117
64fee784b86f60a8bfc6c951__64fee784b86f60a8bfc6c951__SEG_0001__CH_002,112
64fee784b86f60a8bfc6c951__64fee784b86f60a8bfc6c951__SEG_0001__CH_003,120
6518c885c2e70191d160e74c__6518c885c2e70191d160e74c__SEG_0001__CH_001,118
6518c885c2e70191d160e74c__6518c885c2e70191d160e74c__SEG_0001__CH_002,103
6518c885c2e70191d160e74c__6518c885c2e70191d160e74c__SEG_0001__CH_003,139
6550df8ec0842db90dc67e16__6550df8ec0842db90dc67e16__SEG_0001__CH_001,76
65a3d9d537b9bdd53201a547__65a3d9d537b9bdd53201a547__SEG_0001__CH_001,104
65a3d9d537b9bdd53201a547__65a3d9d537b9bdd53201a547__SEG_0001__CH_002,135
65ae628e3a9278f8dbe9139d__65ae628e3a9278f8dbe9139d__SEG_0001__CH_001,110
65ae628e3a9278f8dbe9139d__65ae628e3a9278f8dbe9139d__SEG_0001__CH_002,123
65ae628e3a9278f8dbe9139d__65ae628e3a9278f8dbe9139d__SEG_0001__CH_003,130
65ae628e3a9278f8dbe9139d__65ae628e3a9278f8dbe9139d__SEG_0001__CH_004,152
65af23da6b28b59618039bd0__65af23da6b28b59618039bd0__SEG_0001__CH_002,79
65af593502972c917ffec577__65af593502972c917ffec577__SEG_0001__CH_002,197
65af593502972c917ffec577__65af593502972c917ffec577__SEG_0001__CH_003,214
65bd9a05aea8c22f572963b9__65bd9a05aea8c22f572963b9__SEG_0001__CH_001,87
66029f443ca9092f0c981b83__66029f443ca9092f0c981b83__SEG_0001__CH_001,126
66029f443ca9092f0c981b83__66029f443ca9092f0c981b83__SEG_0001__CH_002,131
663570e92fd78a0e6677efc5__663570e92fd78a0e6677efc5__SEG_0001__CH_001,127
663570e92fd78a0e6677efc5__663570e92fd78a0e6677efc5__SEG_0001__CH_002,148
663570e92fd78a0e6677efc5__663570e92fd78a0e6677efc5__SEG_0001__CH_003,112
663570e92fd78a0e6677efc5__663570e92fd78a0e6677efc5__SEG_0001__CH_004,140
663570e92fd78a0e6677efc5__663570e92fd78a0e6677efc5__SEG_0001__CH_005,167
663570e92fd78a0e6677efc5__663570e92fd78a0e6677efc5__SEG_0001__CH_006,137
663570e92fd78a0e6677efc5__663570e92fd78a0e6677efc5__SEG_0002__CH_001,113
663570e92fd78a0e6677efc5__663570e92fd78a0e6677efc5__SEG_0002__CH_002,113
663570e92fd78a0e6677efc5__663570e92fd78a0e6677efc5__SEG_0002__CH_003,218
66500a908b7c8deddf7feec6__66500a908b7c8deddf7feec6__SEG_0001__CH_001,152
66500a908b7c8deddf7feec6__66500a908b7c8deddf7feec6__SEG_0001__CH_002,116
66586f28ffa7279b01edbb4a__66586f28ffa7279b01edbb4a__SEG_0001__CH_002,85
66ba9a52431262e760bd3285__PDFV2__CH_0003,94
66bce650053573c101b41e86__PDFV2__CH_0001,124
66bce650053573c101b41e86__PDFV2__CH_0002,97
66bce650053573c101b41e86__PDFV2__CH_0003,69
66bce650053573c101b41e86__PDFV2__CH_0004,68
66bce650053573c101b41e86__PDFV2__CH_0005,127
66bce650053573c101b41e86__PDFV2__CH_0006,143
66bce650053573c101b41e86__PDFV2__CH_0007,130
66bce650053573c101b41e86__PDFV2__CH_0008,158
66bce650053573c101b41e86__PDFV2__CH_0009,142
66bce650053573c101b41e86__PDFV2__CH_0010,85
66bce650053573c101b41e86__PDFV2__CH_0011,94
66bce650053573c101b41e86__PDFV2__CH_0012,127
66bce650053573c101b41e86__PDFV2__CH_0013,159
66bce650053573c101b41e86__PDFV2__CH_0014,112
66bce650053573c101b41e86__PDFV2__CH_0015,130
66bce650053573c101b41e86__PDFV2__CH_0016,131
66bce650053573c101b41e86__PDFV2__CH_0017,113
66c15fa31a96fba7dd1ffeb2__66c15fa31a96fba7dd1ffeb2__SEG_0001__CH_001,152
66c15fa31a96fba7dd1ffeb2__66c15fa31a96fba7dd1ffeb2__SEG_0001__CH_002,166
66c15fa31a96fba7dd1ffeb2__66c15fa31a96fba7dd1ffeb2__SEG_0002__CH_003,78
66c2ad237417452b1b7fa942__66c2ad237417452b1b7fa942__SEG_0001__CH_001,124
66f7a458a20bd051b98638fb__66f7a458a20bd051b98638fb__SEG_0001__CH_001,141
66f7a458a20bd051b98638fb__66f7a458a20bd051b98638fb__SEG_0001__CH_002,128
66f7a458a20bd051b98638fb__66f7a458a20bd051b98638fb__SEG_0001__CH_003,148
66fff6e9f80e87e8ad469c50__66fff6e9f80e87e8ad469c50__SEG_0001__CH_001,145
66fff6e9f80e87e8ad469c50__66fff6e9f80e87e8ad469c50__SEG_0001__CH_002,158
66fff6e9f80e87e8ad469c50__66fff6e9f80e87e8ad469c50__SEG_0001__CH_003,130
671569b6fb24ec0a0ac9793a__671569b6fb24ec0a0ac9793a__SEG_0001__CH_002,116
671569b6fb24ec0a0ac9793a__671569b6fb24ec0a0ac9793a__SEG_0001__CH_003,116
67cd611b406f40a09c1581bf__PDFV2__CH_0001,109
67cd611b406f40a09c1581bf__PDFV2__CH_0002,125
67cd611b406f40a09c1581bf__PDFV2__CH_0004,118
67cd611b406f40a09c1581bf__PDFV2__CH_0005,137
67cd611b406f40a09c1581bf__PDFV2__CH_0006,137
67cd611b406f40a09c1581bf__PDFV2__CH_0007,96
67cd611b406f40a09c1581bf__PDFV2__CH_0008,134
67cd611b406f40a09c1581bf__PDFV2__CH_0009,151
67cd611b406f40a09c1581bf__PDFV2__CH_0010,131
67efbdd6d2b6ec1e88c1d201__67efbdd6d2b6ec1e88c1d201__SEG_0001__CH_001,82
68c89771830c76a49cb869a5__68c89771830c76a49cb869a5__SEG_0001__CH_001,123
68c89771830c76a49cb869a5__68c89771830c76a49cb869a5__SEG_0001__CH_002,77
68c89771830c76a49cb869a5__68c89771830c76a49cb869a5__SEG_0001__CH_003,75
68cafb09234c595ac6f42d93__68cafb09234c595ac6f42d93__SEG_0001__CH_001,125
68e8727a691797b745810ce1__PDFV2__CH_0002,85
68e8727a691797b745810ce1__PDFV2__CH_0003,137
68e8727a691797b745810ce1__PDFV2__CH_0004,121
68e8727a691797b745810ce1__PDFV2__CH_0005,123
68e8727a691797b745810ce1__PDFV2__CH_0006,73
68e8875d53825fbc701981e0__PDFV2__CH_0001,128
68e8875d53825fbc701981e0__PDFV2__CH_0002,148
68e8875d53825fbc701981e0__PDFV2__CH_0003,131
68e8875d53825fbc701981e0__PDFV2__CH_0004,139
68e8875d53825fbc701981e0__PDFV2__CH_0005,150
68e8875d53825fbc701981e0__PDFV2__CH_0006,111
68ebf70fb5371d0004e90497__68ebf70fb5371d0004e90497__SEG_0001__CH_001,125
68ebf70fb5371d0004e90497__68ebf70fb5371d0004e90497__SEG_0001__CH_002,91
69430ba82dbd7e8fbd7ffe22__69430ba82dbd7e8fbd7ffe22__SEG_0001__CH_001,178
69430ba82dbd7e8fbd7ffe22__69430ba82dbd7e8fbd7ffe22__SEG_0001__CH_002,133
69430ba82dbd7e8fbd7ffe22__69430ba82dbd7e8fbd7ffe22__SEG_0001__CH_003,114
69430ba82dbd7e8fbd7ffe22__69430ba82dbd7e8fbd7ffe22__SEG_0001__CH_004,118
696196d617f49381a265763c__696196d617f49381a265763c__SEG_0001__CH_001,64
696196d617f49381a265763c__696196d617f49381a265763c__SEG_0001__CH_002,71
696196d617f49381a265763c__696196d617f49381a265763c__SEG_0001__CH_003,144
696196d617f49381a265763c__696196d617f49381a265763c__SEG_0001__CH_004,113
696196d617f49381a265763c__696196d617f49381a265763c__SEG_0001__CH_005,106
69bc79a7b3e9aef547c2320b__69bc79a7b3e9aef547c2320b__SEG_0001__CH_001,169
69bc79a7b3e9aef547c2320b__69bc79a7b3e9aef547c2320b__SEG_0001__CH_002,98
69f598ddff14ac4a4b730ec6__69f598ddff14ac4a4b730ec6__SEG_0001__CH_001,114
69f6cf266dcbd93df73087e8__69f6cf266dcbd93df73087e8__SEG_0001__CH_001,113
6a120d38497353a1b311685d__6a120d38497353a1b311685d__SEG_0001__CH_001,154
6a120d38497353a1b311685d__6a120d38497353a1b311685d__SEG_0001__CH_002,171
6a120d38497353a1b311685d__6a120d38497353a1b311685d__SEG_0001__CH_003,139
6a120d38497353a1b311685d__6a120d38497353a1b311685d__SEG_0002__CH_001,139
6a120d38497353a1b311685d__6a120d38497353a1b311685d__SEG_0002__CH_002,166
6a3e2bf67b75253b073bcbac__6a3e2bf67b75253b073bcbac__SEG_0001__CH_001,110
6a976411da4b6ff761451f64__PDFV2__CH_0001,108
6a976411da4b6ff761451f64__PDFV2__CH_0002,136
6a976411da4b6ff761451f64__PDFV2__CH_0005,133
6a976411da4b6ff761451f64__PDFV2__CH_0006,138
6a976411da4b6ff761451f64__PDFV2__CH_0007,161
6a976411da4b6ff761451f64__PDFV2__CH_0008,160
6a976411da4b6ff761451f64__PDFV2__CH_0010,141
6a976411da4b6ff761451f64__PDFV2__CH_0011,100
6a976411da4b6ff761451f64__PDFV2__CH_0017,122
6a976411da4b6ff761451f64__PDFV2__CH_0018,161
6a976411da4b6ff761451f64__PDFV2__CH_0019,139
6a976411da4b6ff761451f64__PDFV2__CH_0022,162
6a976411da4b6ff761451f64__PDFV2__CH_0031,111
6a976411da4b6ff761451f64__PDFV2__CH_0032,135
6a976411da4b6ff761451f64__PDFV2__CH_0037,119
6a976411da4b6ff761451f64__PDFV2__CH_0038,130
6a976411da4b6ff761451f64__PDFV2__CH_0041,137
6a976411da4b6ff761451f64__PDFV2__CH_0044,133
6a976411da4b6ff761451f64__PDFV2__CH_0045,99
6a976411da4b6ff761451f64__PDFV2__CH_0046,120
6a976411da4b6ff761451f64__PDFV2__CH_0047,90
6a976411da4b6ff761451f64__PDFV2__CH_0048,118
6a976411da4b6ff761451f64__PDFV2__CH_0049,152
6a976411da4b6ff761451f64__PDFV2__CH_0050,103
6a976411da4b6ff761451f64__PDFV2__CH_0051,113
6a976411da4b6ff761451f64__PDFV2__CH_0052,110
6a976411da4b6ff761451f64__PDFV2__CH_0053,124
6a976411da4b6ff761451f64__PDFV2__CH_0054,114
6a976411da4b6ff761451f64__PDFV2__CH_0055,126
6a976411da4b6ff761451f64__PDFV2__CH_0056,88
6aef3ba704e97e8e374617de__PDFV2__CH_0006,113
6aef3ba704e97e8e374617de__PDFV2__CH_0007,103
6aef3ba704e97e8e374617de__PDFV2__CH_0008,98
6aef3ba704e97e8e374617de__PDFV2__CH_0009,119
6aef3ba704e97e8e374617de__PDFV2__CH_0010,119
6aef3ba704e97e8e374617de__PDFV2__CH_0011,100
6aef3ba704e97e8e374617de__PDFV2__CH_0017,115
6aef3ba704e97e8e374617de__PDFV2__CH_0018,113
6aef3ba704e97e8e374617de__PDFV2__CH_0019,90
6aef3ba704e97e8e374617de__PDFV2__CH_0020,124
6aef3ba704e97e8e374617de__PDFV2__CH_0021,124
6aef3ba704e97e8e374617de__PDFV2__CH_0022,147
6aef3ba704e97e8e374617de__PDFV2__CH_0023,111
6aef3ba704e97e8e374617de__PDFV2__CH_0024,109
6aef3ba704e97e8e374617de__PDFV2__CH_0025,133
6aef3ba704e97e8e374617de__PDFV2__CH_0026,92
6aef3ba704e97e8e374617de__PDFV2__CH_0027,60
6aef3ba704e97e8e374617de__PDFV2__CH_0028,85
6aef3ba704e97e8e374617de__PDFV2__CH_0030,103
6aef3ba704e97e8e374617de__PDFV2__CH_0031,103
6aef3ba704e97e8e374617de__PDFV2__CH_0032,116
6aef3ba704e97e8e374617de__PDFV2__CH_0033,134
6aef3ba704e97e8e374617de__PDFV2__CH_0034,136
6aef3ba704e97e8e374617de__PDFV2__CH_0035,128
6aef3ba704e97e8e374617de__PDFV2__CH_0036,120
6aef3ba704e97e8e374617de__PDFV2__CH_0039,142
6aef3ba704e97e8e374617de__PDFV2__CH_0040,104
6aef3ba704e97e8e374617de__PDFV2__CH_0041,112
6aef3ba704e97e8e374617de__PDFV2__CH_0043,107
6aef3ba704e97e8e374617de__PDFV2__CH_0044,105
6aef3ba704e97e8e374617de__PDFV2__CH_0046,144
6aef3ba704e97e8e374617de__PDFV2__CH_0047,91
6aef3ba704e97e8e374617de__PDFV2__CH_0048,106
6aef3ba704e97e8e374617de__PDFV2__CH_0049,108
6aef3ba704e97e8e374617de__PDFV2__CH_0050,125
6aef3ba704e97e8e374617de__PDFV2__CH_0051,144
6aef3ba704e97e8e374617de__PDFV2__CH_0052,123
6aef3ba704e97e8e374617de__PDFV2__CH_0053,145
6aef3ba704e97e8e374617de__PDFV2__CH_0054,120
6aef3ba704e97e8e374617de__PDFV2__CH_0056,113
6aef3ba704e97e8e374617de__PDFV2__CH_0057,124
6aef3ba704e97e8e374617de__PDFV2__CH_0058,127
6aef3ba704e97e8e374617de__PDFV2__CH_0059,128
6aef3ba704e97e8e374617de__PDFV2__CH_0060,143
6aef3ba704e97e8e374617de__PDFV2__CH_0061,110
6aef3ba704e97e8e374617de__PDFV2__CH_0062,107
6aef3ba704e97e8e374617de__PDFV2__CH_0063,124
6aef3ba704e97e8e374617de__PDFV2__CH_0064,116
6aef3ba704e97e8e374617de__PDFV2__CH_0065,142
6aef3ba704e97e8e374617de__PDFV2__CH_0066,115
6aef3ba704e97e8e374617de__PDFV2__CH_0067,129
6aef3ba704e97e8e374617de__PDFV2__CH_0068,95
6aef3ba704e97e8e374617de__PDFV2__CH_0069,123
6aef3ba704e97e8e374617de__PDFV2__CH_0070,113
6aef3ba704e97e8e374617de__PDFV2__CH_0071,121
6aef3ba704e97e8e374617de__PDFV2__CH_0072,81
6aef3ba704e97e8e374617de__PDFV2__CH_0073,81
6aef3ba704e97e8e374617de__PDFV2__CH_0074,113
6aef3ba704e97e8e374617de__PDFV2__CH_0075,92
6aef3ba704e97e8e374617de__PDFV2__CH_0076,110
6aef3ba704e97e8e374617de__PDFV2__CH_0077,79
6aef3ba704e97e8e374617de__PDFV2__CH_0078,112
6aef3ba704e97e8e374617de__PDFV2__CH_0079,106
6aef3ba704e97e8e374617de__PDFV2__CH_0080,134
6aef3ba704e97e8e374617de__PDFV2__CH_0081,96
6aef3ba704e97e8e374617de__PDFV2__CH_0082,116
6aef3ba704e97e8e374617de__PDFV2__CH_0083,105
6aef3ba704e97e8e374617de__PDFV2__CH_0084,82
6aef3ba704e97e8e374617de__PDFV2__CH_0085,116
6aef3ba704e97e8e374617de__PDFV2__CH_0086,113
6aef3ba704e97e8e374617de__PDFV2__CH_0087,124
6aef3ba704e97e8e374617de__PDFV2__CH_0088,152
6aef3ba704e97e8e374617de__PDFV2__CH_0089,123
6b02edc109ae417c4b256c78__6b02edc109ae417c4b256c78__SEG_0001__CH_001__M,124
6b2b6bf4015c3903031de967__6b2b6bf4015c3903031de967__SEG_0001__CH_002,90
6b2b6bf4015c3903031de967__6b2b6bf4015c3903031de967__SEG_0001__CH_003,136
6b2b6bf4015c3903031de967__6b2b6bf4015c3903031de967__SEG_0001__CH_004,172
6b2b6bf4015c3903031de967__6b2b6bf4015c3903031de967__SEG_0001__CH_005,132
6b2b6bf4015c3903031de967__6b2b6bf4015c3903031de967__SEG_0001__CH_006,106
6b2b6bf4015c3903031de967__6b2b6bf4015c3903031de967__SEG_0001__CH_007,105
6b2b6bf4015c3903031de967__6b2b6bf4015c3903031de967__SEG_0001__CH_009,111
6b47be5cc00b4be82aa24d15__6b47be5cc00b4be82aa24d15__SEG_0001__CH_002,87
6b4f861be36c3b744f924029__6b4f861be36c3b744f924029__SEG_0001__CH_001,119
6b4f861be36c3b744f924029__6b4f861be36c3b744f924029__SEG_0001__CH_002,145
6b4f861be36c3b744f924029__6b4f861be36c3b744f924029__SEG_0001__CH_003,95
6b61f0640b1fecdb0973dbcf__PDFV2__CH_0001,101
6b61f0640b1fecdb0973dbcf__PDFV2__CH_0002,119
6b61f0640b1fecdb0973dbcf__PDFV2__CH_0003,97
6b62311836b150238c357715__6b62311836b150238c357715__SEG_0001__CH_001,150
6b62311836b150238c357715__6b62311836b150238c357715__SEG_0001__CH_002,91
6b62311836b150238c357715__6b62311836b150238c357715__SEG_0001__CH_003,83
6bd148a5bd41ed69dff9e5c4__6bd148a5bd41ed69dff9e5c4__SEG_0001__CH_001,86
6bf70fe6bbfb49866132d85a__6bf70fe6bbfb49866132d85a__SEG_0001__CH_001,90
6c0d1e4ff5afc72d78da9aaf__6c0d1e4ff5afc72d78da9aaf__SEG_0001__CH_001,81
6c256f5f15eaf1b3ce3a20df__6c256f5f15eaf1b3ce3a20df__SEG_0001__CH_001,105
6c256f5f15eaf1b3ce3a20df__6c256f5f15eaf1b3ce3a20df__SEG_0001__CH_002,104
6c761f628cf5646e188ceb20__6c761f628cf5646e188ceb20__SEG_0001__CH_001,116
6c761f628cf5646e188ceb20__6c761f628cf5646e188ceb20__SEG_0001__CH_002,108
6c761f628cf5646e188ceb20__6c761f628cf5646e188ceb20__SEG_0001__CH_003,112
6c8ba3489350770a5cc4af70__PDFV2__CH_0003,101
6c8ba3489350770a5cc4af70__PDFV2__CH_0004,111
6c8ba3489350770a5cc4af70__PDFV2__CH_0005,95
6c8ba3489350770a5cc4af70__PDFV2__CH_0006,117
6c8ba3489350770a5cc4af70__PDFV2__CH_0007,106
6c8ba3489350770a5cc4af70__PDFV2__CH_0008,103
6c8ba3489350770a5cc4af70__PDFV2__CH_0010,94
6c8ba3489350770a5cc4af70__PDFV2__CH_0011,130
6c8ba3489350770a5cc4af70__PDFV2__CH_0012,109
6c8ba3489350770a5cc4af70__PDFV2__CH_0014,140
6c8ba3489350770a5cc4af70__PDFV2__CH_0015,113
6c8ba3489350770a5cc4af70__PDFV2__CH_0016,139
6c8ba3489350770a5cc4af70__PDFV2__CH_0017,117
6cc4ab608d3faa64461a7e2d__PDFV2__CH_0001__M,128
6cc4ab608d3faa64461a7e2d__PDFV2__CH_0003,103
6cc4ab608d3faa64461a7e2d__PDFV2__CH_0004,131
6cc4ab608d3faa64461a7e2d__PDFV2__CH_0005,164
6cc4ab608d3faa64461a7e2d__PDFV2__CH_0006,123
6cee13a567b97a1316b6da75__PDFV2__CH_0001,112
6cf7e1bf1ff91bd82f1b63bf__6cf7e1bf1ff91bd82f1b63bf__SEG_0001__CH_001,151
6d04d3f705dd5836649d6168__PDFV2__CH_0001,102
6d04d3f705dd5836649d6168__PDFV2__CH_0002,117
6db0894a68c625c2211c3cf5__6db0894a68c625c2211c3cf5__SEG_0001__CH_001,98
6db0894a68c625c2211c3cf5__6db0894a68c625c2211c3cf5__SEG_0001__CH_002,76
6dd62c71d285332164d2c2b1__6dd62c71d285332164d2c2b1__SEG_0001__CH_001,110
6de4fda0fe429f24d628d232__PDFV2__CH_0001,124
6de4fda0fe429f24d628d232__PDFV2__CH_0003,109
6de4fda0fe429f24d628d232__PDFV2__CH_0004,151
6de4fda0fe429f24d628d232__PDFV2__CH_0005,126
6de4fda0fe429f24d628d232__PDFV2__CH_0006,139
6de4fda0fe429f24d628d232__PDFV2__CH_0007,181
6de4fda0fe429f24d628d232__PDFV2__CH_0008,99
6de4fda0fe429f24d628d232__PDFV2__CH_0009,120
6de4fda0fe429f24d628d232__PDFV2__CH_0010,124
6de4fda0fe429f24d628d232__PDFV2__CH_0011,127
6de4fda0fe429f24d628d232__PDFV2__CH_0012,109
6de4fda0fe429f24d628d232__PDFV2__CH_0013,154
6de4fda0fe429f24d628d232__PDFV2__CH_0014,162
6de4fda0fe429f24d628d232__PDFV2__CH_0015,138
6de4fda0fe429f24d628d232__PDFV2__CH_0016,129
6de4fda0fe429f24d628d232__PDFV2__CH_0017,143
6de4fda0fe429f24d628d232__PDFV2__CH_0018,79
6de4fda0fe429f24d628d232__PDFV2__CH_0019,75
6de4fda0fe429f24d628d232__PDFV2__CH_0020,112
6de4fda0fe429f24d628d232__PDFV2__CH_0021,131
6de4fda0fe429f24d628d232__PDFV2__CH_0022,102
6de4fda0fe429f24d628d232__PDFV2__CH_0023,148
6df395c5cec1ce3b2dd9624d__6df395c5cec1ce3b2dd9624d__SEG_0001__CH_001,128
6df395c5cec1ce3b2dd9624d__6df395c5cec1ce3b2dd9624d__SEG_0002__CH_001__S1,146
6df395c5cec1ce3b2dd9624d__6df395c5cec1ce3b2dd9624d__SEG_0002__CH_001__S2,157
6df395c5cec1ce3b2dd9624d__6df395c5cec1ce3b2dd9624d__SEG_0002__CH_001__S3,160
6e24d524bf04151afca92ed2__PDFV2__CH_0010,88
6e3e77022b14dcb5c1f5633d__6e3e77022b14dcb5c1f5633d__SEG_0001__CH_001,107
6e540051e939ecc9685e91cb__6e540051e939ecc9685e91cb__SEG_0001__CH_001,96
6e576421928e6e3fbc18253f__6e576421928e6e3fbc18253f__SEG_0001__CH_001,116
6e576421928e6e3fbc18253f__6e576421928e6e3fbc18253f__SEG_0001__CH_002,112
6e770324f7578655ef5f6385__6e770324f7578655ef5f6385__SEG_0001__CH_001,217
6e770324f7578655ef5f6385__6e770324f7578655ef5f6385__SEG_0001__CH_002,148
6e83a61e51f4f8c3df975b99__PDFV2__CH_0001,124
6e83a61e51f4f8c3df975b99__PDFV2__CH_0002,130
6e9dca9c7a82f8caa663b21e__PDFV2__CH_0001,98
6e9dca9c7a82f8caa663b21e__PDFV2__CH_0002,80
6e9dca9c7a82f8caa663b21e__PDFV2__CH_0003,95
6e9dca9c7a82f8caa663b21e__PDFV2__CH_0004,154
6e9dca9c7a82f8caa663b21e__PDFV2__CH_0005,108
6e9dca9c7a82f8caa663b21e__PDFV2__CH_0006,103
6e9dca9c7a82f8caa663b21e__PDFV2__CH_0007,145
6ed828097959f772a7d8aa69__6ed828097959f772a7d8aa69__SEG_0001__CH_001,100
6ee4b07dcc1527d8fc70e71e__6ee4b07dcc1527d8fc70e71e__SEG_0001__CH_001,97
6ef07ce1f16477167828f1b7__6ef07ce1f16477167828f1b7__SEG_0001__CH_001,121
6f48ed6214355241ea031b49__PDFV2__CH_0002,168
6f6922f93d8081915538f2a7__6f6922f93d8081915538f2a7__SEG_0001__CH_001,112
6fadf902ade92f2f526bc2a7__6fadf902ade92f2f526bc2a7__SEG_0001__CH_001,130
6fadf902ade92f2f526bc2a7__6fadf902ade92f2f526bc2a7__SEG_0001__CH_002,152
6fadf902ade92f2f526bc2a7__6fadf902ade92f2f526bc2a7__SEG_0001__CH_003,174
6fadf902ade92f2f526bc2a7__6fadf902ade92f2f526bc2a7__SEG_0001__CH_004,103
7022ee3f836a3c580120aad8__7022ee3f836a3c580120aad8__SEG_0001__CH_001,144
7022ee3f836a3c580120aad8__7022ee3f836a3c580120aad8__SEG_0001__CH_002,104
7026c69cd355515d15ce98a1__7026c69cd355515d15ce98a1__SEG_0001__CH_001,83
70754718efe86bdac7ff9bfb__70754718efe86bdac7ff9bfb__SEG_0001__CH_001,97
70754718efe86bdac7ff9bfb__70754718efe86bdac7ff9bfb__SEG_0001__CH_002,102
70a118748b3ed5b8d422a5d8__70a118748b3ed5b8d422a5d8__SEG_0001__CH_002,123
70a118748b3ed5b8d422a5d8__70a118748b3ed5b8d422a5d8__SEG_0001__CH_003,120
70a118748b3ed5b8d422a5d8__70a118748b3ed5b8d422a5d8__SEG_0001__CH_004,91
70a118748b3ed5b8d422a5d8__70a118748b3ed5b8d422a5d8__SEG_0001__CH_005,110
70a118748b3ed5b8d422a5d8__70a118748b3ed5b8d422a5d8__SEG_0001__CH_007,114
70a118748b3ed5b8d422a5d8__70a118748b3ed5b8d422a5d8__SEG_0001__CH_008,133
70d1180b43f6898322dd2eef__70d1180b43f6898322dd2eef__SEG_0001__CH_001,101
7118bc67202fdfb62d7c3a5a__7118bc67202fdfb62d7c3a5a__SEG_0001__CH_002,106
7118bc67202fdfb62d7c3a5a__7118bc67202fdfb62d7c3a5a__SEG_0001__CH_003,123
7118bc67202fdfb62d7c3a5a__7118bc67202fdfb62d7c3a5a__SEG_0001__CH_004__M,115
717032ad1090f198aedfcd2a__717032ad1090f198aedfcd2a__SEG_0001__CH_005,96
717032ad1090f198aedfcd2a__717032ad1090f198aedfcd2a__SEG_0001__CH_006,101
717032ad1090f198aedfcd2a__717032ad1090f198aedfcd2a__SEG_0001__CH_007,95
717032ad1090f198aedfcd2a__717032ad1090f198aedfcd2a__SEG_0001__CH_008,101
717032ad1090f198aedfcd2a__717032ad1090f198aedfcd2a__SEG_0001__CH_010,128
717032ad1090f198aedfcd2a__717032ad1090f198aedfcd2a__SEG_0001__CH_011,93
717032ad1090f198aedfcd2a__717032ad1090f198aedfcd2a__SEG_0001__CH_012,123
717032ad1090f198aedfcd2a__717032ad1090f198aedfcd2a__SEG_0001__CH_013,99
717032ad1090f198aedfcd2a__717032ad1090f198aedfcd2a__SEG_0001__CH_014,209
717032ad1090f198aedfcd2a__717032ad1090f198aedfcd2a__SEG_0001__CH_015,146
717032ad1090f198aedfcd2a__717032ad1090f198aedfcd2a__SEG_0001__CH_016,103
717032ad1090f198aedfcd2a__717032ad1090f198aedfcd2a__SEG_0001__CH_017,109
717032ad1090f198aedfcd2a__717032ad1090f198aedfcd2a__SEG_0001__CH_018,116
717032ad1090f198aedfcd2a__717032ad1090f198aedfcd2a__SEG_0001__CH_019,109
717032ad1090f198aedfcd2a__717032ad1090f198aedfcd2a__SEG_0001__CH_020,115
717032ad1090f198aedfcd2a__717032ad1090f198aedfcd2a__SEG_0001__CH_021,107
717032ad1090f198aedfcd2a__717032ad1090f198aedfcd2a__SEG_0001__CH_022,120
717032ad1090f198aedfcd2a__717032ad1090f198aedfcd2a__SEG_0001__CH_023,167
717032ad1090f198aedfcd2a__717032ad1090f198aedfcd2a__SEG_0001__CH_024,114
717032ad1090f198aedfcd2a__717032ad1090f198aedfcd2a__SEG_0001__CH_025,114
717032ad1090f198aedfcd2a__717032ad1090f198aedfcd2a__SEG_0001__CH_026,90
717032ad1090f198aedfcd2a__717032ad1090f198aedfcd2a__SEG_0001__CH_027,112
717032ad1090f198aedfcd2a__717032ad1090f198aedfcd2a__SEG_0002__CH_001,198
717032ad1090f198aedfcd2a__717032ad1090f198aedfcd2a__SEG_0002__CH_002,152
717032ad1090f198aedfcd2a__717032ad1090f198aedfcd2a__SEG_0002__CH_003,128
717032ad1090f198aedfcd2a__717032ad1090f198aedfcd2a__SEG_0002__CH_004,140
717032ad1090f198aedfcd2a__717032ad1090f198aedfcd2a__SEG_0002__CH_005,129
717032ad1090f198aedfcd2a__717032ad1090f198aedfcd2a__SEG_0002__CH_006,137
717032ad1090f198aedfcd2a__717032ad1090f198aedfcd2a__SEG_0003__CH_001,138
717032ad1090f198aedfcd2a__717032ad1090f198aedfcd2a__SEG_0003__CH_002,108
717032ad1090f198aedfcd2a__717032ad1090f198aedfcd2a__SEG_0003__CH_003,112
717032ad1090f198aedfcd2a__717032ad1090f198aedfcd2a__SEG_0003__CH_004,95
717032ad1090f198aedfcd2a__717032ad1090f198aedfcd2a__SEG_0003__CH_005,105
717032ad1090f198aedfcd2a__717032ad1090f198aedfcd2a__SEG_0003__CH_006,135
717032ad1090f198aedfcd2a__717032ad1090f198aedfcd2a__SEG_0003__CH_007,134
717032ad1090f198aedfcd2a__717032ad1090f198aedfcd2a__SEG_0003__CH_008,168
717032ad1090f198aedfcd2a__717032ad1090f198aedfcd2a__SEG_0003__CH_009,214
717032ad1090f198aedfcd2a__717032ad1090f198aedfcd2a__SEG_0003__CH_010,138
717032ad1090f198aedfcd2a__717032ad1090f198aedfcd2a__SEG_0003__CH_011,106
717032ad1090f198aedfcd2a__717032ad1090f198aedfcd2a__SEG_0004__CH_001,120
717032ad1090f198aedfcd2a__717032ad1090f198aedfcd2a__SEG_0004__CH_002,163
717032ad1090f198aedfcd2a__717032ad1090f198aedfcd2a__SEG_0004__CH_003,106
717032ad1090f198aedfcd2a__717032ad1090f198aedfcd2a__SEG_0004__CH_004,131
717032ad1090f198aedfcd2a__717032ad1090f198aedfcd2a__SEG_0004__CH_005,164
717032ad1090f198aedfcd2a__717032ad1090f198aedfcd2a__SEG_0004__CH_006,144
717032ad1090f198aedfcd2a__717032ad1090f198aedfcd2a__SEG_0004__CH_007,184
717032ad1090f198aedfcd2a__717032ad1090f198aedfcd2a__SEG_0004__CH_008,132
717032ad1090f198aedfcd2a__717032ad1090f198aedfcd2a__SEG_0005__CH_001__S1,105
717032ad1090f198aedfcd2a__717032ad1090f198aedfcd2a__SEG_0005__CH_001__S2,135
717032ad1090f198aedfcd2a__717032ad1090f198aedfcd2a__SEG_0006__CH_001,154
717032ad1090f198aedfcd2a__717032ad1090f198aedfcd2a__SEG_0007__CH_002,102
717032ad1090f198aedfcd2a__717032ad1090f198aedfcd2a__SEG_0008__CH_001__M,112
717032ad1090f198aedfcd2a__717032ad1090f198aedfcd2a__SEG_0008__CH_003__M,129
717032ad1090f198aedfcd2a__717032ad1090f198aedfcd2a__SEG_0008__CH_005,129
717032ad1090f198aedfcd2a__717032ad1090f198aedfcd2a__SEG_0008__CH_006,131
717032ad1090f198aedfcd2a__717032ad1090f198aedfcd2a__SEG_0008__CH_007,120
717032ad1090f198aedfcd2a__717032ad1090f198aedfcd2a__SEG_0008__CH_008,169
717032ad1090f198aedfcd2a__717032ad1090f198aedfcd2a__SEG_0008__CH_009,146
717032ad1090f198aedfcd2a__717032ad1090f198aedfcd2a__SEG_0008__CH_010,112
717032ad1090f198aedfcd2a__717032ad1090f198aedfcd2a__SEG_0009__CH_001,119
717032ad1090f198aedfcd2a__717032ad1090f198aedfcd2a__SEG_0009__CH_002,147
717032ad1090f198aedfcd2a__717032ad1090f198aedfcd2a__SEG_0009__CH_003,140
717032ad1090f198aedfcd2a__717032ad1090f198aedfcd2a__SEG_0009__CH_004,139
717032ad1090f198aedfcd2a__717032ad1090f198aedfcd2a__SEG_0009__CH_005,159
717032ad1090f198aedfcd2a__717032ad1090f198aedfcd2a__SEG_0010__CH_001,177
717032ad1090f198aedfcd2a__717032ad1090f198aedfcd2a__SEG_0010__CH_002,211
717032ad1090f198aedfcd2a__717032ad1090f198aedfcd2a__SEG_0010__CH_003,121
717032ad1090f198aedfcd2a__717032ad1090f198aedfcd2a__SEG_0010__CH_004,121
717032ad1090f198aedfcd2a__717032ad1090f198aedfcd2a__SEG_0011__CH_001,180
717032ad1090f198aedfcd2a__717032ad1090f198aedfcd2a__SEG_0011__CH_002,170
717032ad1090f198aedfcd2a__717032ad1090f198aedfcd2a__SEG_0011__CH_003,112
717032ad1090f198aedfcd2a__717032ad1090f198aedfcd2a__SEG_0011__CH_004__S1,163
717032ad1090f198aedfcd2a__717032ad1090f198aedfcd2a__SEG_0011__CH_004__S2,138
717032ad1090f198aedfcd2a__717032ad1090f198aedfcd2a__SEG_0011__CH_005,129
717032ad1090f198aedfcd2a__717032ad1090f198aedfcd2a__SEG_0011__CH_006,139
717032ad1090f198aedfcd2a__717032ad1090f198aedfcd2a__SEG_0012__CH_001__S1,132
717032ad1090f198aedfcd2a__717032ad1090f198aedfcd2a__SEG_0012__CH_001__S2,154
717032ad1090f198aedfcd2a__717032ad1090f198aedfcd2a__SEG_0012__CH_001__S3,115
717032ad1090f198aedfcd2a__717032ad1090f198aedfcd2a__SEG_0012__CH_001__S4,117
717032ad1090f198aedfcd2a__717032ad1090f198aedfcd2a__SEG_0012__CH_001__S5,147
717032ad1090f198aedfcd2a__717032ad1090f198aedfcd2a__SEG_0013__CH_001__S1,113
717032ad1090f198aedfcd2a__717032ad1090f198aedfcd2a__SEG_0013__CH_001__S2,141
717032ad1090f198aedfcd2a__717032ad1090f198aedfcd2a__SEG_0013__CH_001__S3,92
717032ad1090f198aedfcd2a__717032ad1090f198aedfcd2a__SEG_0013__CH_001__S4,136
717032ad1090f198aedfcd2a__717032ad1090f198aedfcd2a__SEG_0013__CH_001__S5,94
717032ad1090f198aedfcd2a__717032ad1090f198aedfcd2a__SEG_0013__CH_001__S6,116
717032ad1090f198aedfcd2a__717032ad1090f198aedfcd2a__SEG_0013__CH_001__S7,126
717032ad1090f198aedfcd2a__717032ad1090f198aedfcd2a__SEG_0013__CH_001__S8,91
717032ad1090f198aedfcd2a__717032ad1090f198aedfcd2a__SEG_0015__CH_002,106
717032ad1090f198aedfcd2a__717032ad1090f198aedfcd2a__SEG_0015__CH_003,141
717032ad1090f198aedfcd2a__717032ad1090f198aedfcd2a__SEG_0015__CH_005,126
717032ad1090f198aedfcd2a__717032ad1090f198aedfcd2a__SEG_0016__CH_001,198
717032ad1090f198aedfcd2a__717032ad1090f198aedfcd2a__SEG_0016__CH_002,141
717032ad1090f198aedfcd2a__717032ad1090f198aedfcd2a__SEG_0016__CH_003,127
717032ad1090f198aedfcd2a__717032ad1090f198aedfcd2a__SEG_0016__CH_005,165
717032ad1090f198aedfcd2a__717032ad1090f198aedfcd2a__SEG_0017__CH_001,102
717032ad1090f198aedfcd2a__717032ad1090f198aedfcd2a__SEG_0017__CH_002,108
717032ad1090f198aedfcd2a__717032ad1090f198aedfcd2a__SEG_0017__CH_003,122
717032ad1090f198aedfcd2a__717032ad1090f198aedfcd2a__SEG_0017__CH_004,123
717032ad1090f198aedfcd2a__717032ad1090f198aedfcd2a__SEG_0017__CH_005__S1,89
717032ad1090f198aedfcd2a__717032ad1090f198aedfcd2a__SEG_0017__CH_005__S2,129
717032ad1090f198aedfcd2a__717032ad1090f198aedfcd2a__SEG_0018__CH_001,119
717032ad1090f198aedfcd2a__717032ad1090f198aedfcd2a__SEG_0018__CH_002,108
71adf1a0cb0c191e90dfe4f4__PDFV2__CH_0002,107
71adf1a0cb0c191e90dfe4f4__PDFV2__CH_0003,106
71adf1a0cb0c191e90dfe4f4__PDFV2__CH_0004,184
71adf1a0cb0c191e90dfe4f4__PDFV2__CH_0005,130
71f3fb3c40336f79663760c8__PDFV2__CH_0002,123
71f3fb3c40336f79663760c8__PDFV2__CH_0003,90
71f3fb3c40336f79663760c8__PDFV2__CH_0004,109
71f3fb3c40336f79663760c8__PDFV2__CH_0005,113
71f3fb3c40336f79663760c8__PDFV2__CH_0006,109
71f6cebd4b1d065e050aa0fe__71f6cebd4b1d065e050aa0fe__SEG_0001__CH_001,138
7210666f543fc12142fd938d__7210666f543fc12142fd938d__SEG_0001__CH_001,124
7210666f543fc12142fd938d__7210666f543fc12142fd938d__SEG_0001__CH_002,130
7210666f543fc12142fd938d__7210666f543fc12142fd938d__SEG_0001__CH_003,143
7236247f13515a94de58780f__PDFV2__CH_0001,104
7236247f13515a94de58780f__PDFV2__CH_0002,158
7236247f13515a94de58780f__PDFV2__CH_0003,149
7236247f13515a94de58780f__PDFV2__CH_0004,151
7236247f13515a94de58780f__PDFV2__CH_0005,148
7236247f13515a94de58780f__PDFV2__CH_0006,128
7236247f13515a94de58780f__PDFV2__CH_0007,126
7236247f13515a94de58780f__PDFV2__CH_0008,126
7236247f13515a94de58780f__PDFV2__CH_0009,139
7236247f13515a94de58780f__PDFV2__CH_0010,120
7236247f13515a94de58780f__PDFV2__CH_0011,116
7236247f13515a94de58780f__PDFV2__CH_0012,121
7236247f13515a94de58780f__PDFV2__CH_0013,92
724a307c7d654b10695c1b7a__724a307c7d654b10695c1b7a__SEG_0001__CH_002,129
724a307c7d654b10695c1b7a__724a307c7d654b10695c1b7a__SEG_0001__CH_003,113
724a307c7d654b10695c1b7a__724a307c7d654b10695c1b7a__SEG_0001__CH_004,187
724a307c7d654b10695c1b7a__724a307c7d654b10695c1b7a__SEG_0001__CH_005,118
724a307c7d654b10695c1b7a__724a307c7d654b10695c1b7a__SEG_0001__CH_006,149
724a307c7d654b10695c1b7a__724a307c7d654b10695c1b7a__SEG_0002__CH_001,131
7291c022c478729d1be723c1__7291c022c478729d1be723c1__SEG_0001__CH_001,124
72af6014c51fe24e915e4682__72af6014c51fe24e915e4682__SEG_0001__CH_001,139
72af6014c51fe24e915e4682__72af6014c51fe24e915e4682__SEG_0002__CH_001,168
72af6014c51fe24e915e4682__72af6014c51fe24e915e4682__SEG_0002__CH_002,140
72af6014c51fe24e915e4682__72af6014c51fe24e915e4682__SEG_0002__CH_003,138
72af6014c51fe24e915e4682__72af6014c51fe24e915e4682__SEG_0002__CH_004,167
72af6014c51fe24e915e4682__72af6014c51fe24e915e4682__SEG_0003__CH_001,157
72af6014c51fe24e915e4682__72af6014c51fe24e915e4682__SEG_0003__CH_002,99
72af6014c51fe24e915e4682__72af6014c51fe24e915e4682__SEG_0003__CH_003,112
72af6014c51fe24e915e4682__72af6014c51fe24e915e4682__SEG_0003__CH_004__S1,109
72af6014c51fe24e915e4682__72af6014c51fe24e915e4682__SEG_0003__CH_004__S2,121
72af6014c51fe24e915e4682__72af6014c51fe24e915e4682__SEG_0003__CH_004__S3,149
72af6014c51fe24e915e4682__72af6014c51fe24e915e4682__SEG_0003__CH_005,155
72af6014c51fe24e915e4682__72af6014c51fe24e915e4682__SEG_0003__CH_006,143
72af6014c51fe24e915e4682__72af6014c51fe24e915e4682__SEG_0003__CH_007,165
72b102e9007ec09d3d48b63a__72b102e9007ec09d3d48b63a__SEG_0001__CH_002,77
72b17b7c7a7c73bc100a7c3f__72b17b7c7a7c73bc100a7c3f__SEG_0001__CH_001,137
72b17b7c7a7c73bc100a7c3f__72b17b7c7a7c73bc100a7c3f__SEG_0001__CH_002,120
72d6f22060e9940f30eb4c98__72d6f22060e9940f30eb4c98__SEG_0001__CH_001,118
72d6f22060e9940f30eb4c98__72d6f22060e9940f30eb4c98__SEG_0002__CH_002,154
735ab4a93e201d136bb566d0__735ab4a93e201d136bb566d0__SEG_0001__CH_001,134
735ab4a93e201d136bb566d0__735ab4a93e201d136bb566d0__SEG_0001__CH_002,138
735ab4a93e201d136bb566d0__735ab4a93e201d136bb566d0__SEG_0002__CH_001,118
735ab4a93e201d136bb566d0__735ab4a93e201d136bb566d0__SEG_0002__CH_003,199
735ab4a93e201d136bb566d0__735ab4a93e201d136bb566d0__SEG_0002__CH_005,80
7364f857b0b4d9bf4e96126a__7364f857b0b4d9bf4e96126a__SEG_0001__CH_001,161
739fcacbd92a67e6a2ec455c__739fcacbd92a67e6a2ec455c__SEG_0001__CH_002,120
739fcacbd92a67e6a2ec455c__739fcacbd92a67e6a2ec455c__SEG_0001__CH_003,97
739fcacbd92a67e6a2ec455c__739fcacbd92a67e6a2ec455c__SEG_0001__CH_004,113
74536d69deee1e9c7958977d__74536d69deee1e9c7958977d__SEG_0001__CH_001,126
74536d69deee1e9c7958977d__74536d69deee1e9c7958977d__SEG_0001__CH_002,63
7488bbc2e99b63e540582d8b__7488bbc2e99b63e540582d8b__SEG_0001__CH_001,144
7488bbc2e99b63e540582d8b__7488bbc2e99b63e540582d8b__SEG_0001__CH_002,91
7488bbc2e99b63e540582d8b__7488bbc2e99b63e540582d8b__SEG_0001__CH_003,112
74bf23506a219d9c6ea87c20__74bf23506a219d9c6ea87c20__SEG_0001__CH_002,171
74bf23506a219d9c6ea87c20__74bf23506a219d9c6ea87c20__SEG_0001__CH_003,168
74bf23506a219d9c6ea87c20__74bf23506a219d9c6ea87c20__SEG_0001__CH_004,199
74e303bb5ce7a9d11de6b89e__74e303bb5ce7a9d11de6b89e__SEG_0001__CH_001,103
74e303bb5ce7a9d11de6b89e__74e303bb5ce7a9d11de6b89e__SEG_0001__CH_002,97
74f83c2db5eebcf2abae985b__74f83c2db5eebcf2abae985b__SEG_0001__CH_001,136
74f83c2db5eebcf2abae985b__74f83c2db5eebcf2abae985b__SEG_0001__CH_002,103
752d61b8ff17e8f0b7827bd5__752d61b8ff17e8f0b7827bd5__SEG_0001__CH_001,182
7551bd985212827e02b123f8__PDFV2__CH_0001,91
7551bd985212827e02b123f8__PDFV2__CH_0002,112
7551bd985212827e02b123f8__PDFV2__CH_0003,112
7551bd985212827e02b123f8__PDFV2__CH_0004,129
7551bd985212827e02b123f8__PDFV2__CH_0005,92
7551bd985212827e02b123f8__PDFV2__CH_0006,85
7551bd985212827e02b123f8__PDFV2__CH_0007,100
7551bd985212827e02b123f8__PDFV2__CH_0010,116
7551bd985212827e02b123f8__PDFV2__CH_0011,110
7551bd985212827e02b123f8__PDFV2__CH_0012,128
7551bd985212827e02b123f8__PDFV2__CH_0013,117
7551bd985212827e02b123f8__PDFV2__CH_0014,118
7551bd985212827e02b123f8__PDFV2__CH_0015,125
7551bd985212827e02b123f8__PDFV2__CH_0016,109
7551bd985212827e02b123f8__PDFV2__CH_0017,94
7572e874ea42bac91908f7dc__7572e874ea42bac91908f7dc__SEG_0001__CH_003,124
7572e874ea42bac91908f7dc__7572e874ea42bac91908f7dc__SEG_0001__CH_004,108
7572e874ea42bac91908f7dc__7572e874ea42bac91908f7dc__SEG_0001__CH_005,127
7572e874ea42bac91908f7dc__7572e874ea42bac91908f7dc__SEG_0001__CH_006,111
762913a34ec3e696c69cdb30__762913a34ec3e696c69cdb30__SEG_0001__CH_001,148
762913a34ec3e696c69cdb30__762913a34ec3e696c69cdb30__SEG_0001__CH_002,145
7674d281c825fd8fe9776870__PDFV2__CH_0001,118
7674d281c825fd8fe9776870__PDFV2__CH_0002,106
7674d281c825fd8fe9776870__PDFV2__CH_0003,137
7674d281c825fd8fe9776870__PDFV2__CH_0004,119
7674d281c825fd8fe9776870__PDFV2__CH_0005,149
7674d281c825fd8fe9776870__PDFV2__CH_0006,118
7674d281c825fd8fe9776870__PDFV2__CH_0007,98
7674d281c825fd8fe9776870__PDFV2__CH_0008,115
7674d281c825fd8fe9776870__PDFV2__CH_0009,85
7674d281c825fd8fe9776870__PDFV2__CH_0010,93
7674d281c825fd8fe9776870__PDFV2__CH_0011,96
7674d281c825fd8fe9776870__PDFV2__CH_0012,165
768e2cd512d2979e299de414__768e2cd512d2979e299de414__SEG_0001__CH_001,120
768e2cd512d2979e299de414__768e2cd512d2979e299de414__SEG_0001__CH_002,200
768e2cd512d2979e299de414__768e2cd512d2979e299de414__SEG_0002__CH_001,135
768e2cd512d2979e299de414__768e2cd512d2979e299de414__SEG_0002__CH_002__M,140
768e2cd512d2979e299de414__768e2cd512d2979e299de414__SEG_0002__CH_004,81
768e2cd512d2979e299de414__768e2cd512d2979e299de414__SEG_0002__CH_005,109
768e2cd512d2979e299de414__768e2cd512d2979e299de414__SEG_0002__CH_006,107
768e2cd512d2979e299de414__768e2cd512d2979e299de414__SEG_0002__CH_007,155
768e2cd512d2979e299de414__768e2cd512d2979e299de414__SEG_0002__CH_008,226
768e2cd512d2979e299de414__768e2cd512d2979e299de414__SEG_0002__CH_009,135
768e2cd512d2979e299de414__768e2cd512d2979e299de414__SEG_0002__CH_010,147
769abd23fcd925f8d149b447__769abd23fcd925f8d149b447__SEG_0001__CH_001,112
76bb398840a99c82a4e5d527__76bb398840a99c82a4e5d527__SEG_0001__CH_001,90
76bb398840a99c82a4e5d527__76bb398840a99c82a4e5d527__SEG_0001__CH_002,104
76be24e39ab8dcb14ffc0d04__PDFV2__CH_0001,113
76be24e39ab8dcb14ffc0d04__PDFV2__CH_0002,84
76be24e39ab8dcb14ffc0d04__PDFV2__CH_0003,95
76be24e39ab8dcb14ffc0d04__PDFV2__CH_0004,141
76be24e39ab8dcb14ffc0d04__PDFV2__CH_0005,137
76c62a4a7f7ca3256ce417e2__76c62a4a7f7ca3256ce417e2__SEG_0001__CH_001,89
773ae67b9ff7e2875936e709__PDFV2__CH_0001,140
773ae67b9ff7e2875936e709__PDFV2__CH_0002,129
773ae67b9ff7e2875936e709__PDFV2__CH_0003,137
773ae67b9ff7e2875936e709__PDFV2__CH_0004,148
773ae67b9ff7e2875936e709__PDFV2__CH_0005,121
773ae67b9ff7e2875936e709__PDFV2__CH_0006,139
773ae67b9ff7e2875936e709__PDFV2__CH_0007,148
773ae67b9ff7e2875936e709__PDFV2__CH_0008,153
773ae67b9ff7e2875936e709__PDFV2__CH_0009,128
773ae67b9ff7e2875936e709__PDFV2__CH_0010,125
773ae67b9ff7e2875936e709__PDFV2__CH_0011,137
773ae67b9ff7e2875936e709__PDFV2__CH_0012,115
773ae67b9ff7e2875936e709__PDFV2__CH_0013__M,138
773ae67b9ff7e2875936e709__PDFV2__CH_0015,100
773ae67b9ff7e2875936e709__PDFV2__CH_0016,125
773ae67b9ff7e2875936e709__PDFV2__CH_0017,107
773ae67b9ff7e2875936e709__PDFV2__CH_0018,116
773ae67b9ff7e2875936e709__PDFV2__CH_0019,129
773ae67b9ff7e2875936e709__PDFV2__CH_0020,133
773ae67b9ff7e2875936e709__PDFV2__CH_0021,141
773ae67b9ff7e2875936e709__PDFV2__CH_0022,128
773ae67b9ff7e2875936e709__PDFV2__CH_0023,100
773ae67b9ff7e2875936e709__PDFV2__CH_0024,148
773ae67b9ff7e2875936e709__PDFV2__CH_0025,133
773ae67b9ff7e2875936e709__PDFV2__CH_0026,74
773ae67b9ff7e2875936e709__PDFV2__CH_0027,157
773ae67b9ff7e2875936e709__PDFV2__CH_0028,154
773ae67b9ff7e2875936e709__PDFV2__CH_0029,161
773ae67b9ff7e2875936e709__PDFV2__CH_0030,98
773ae67b9ff7e2875936e709__PDFV2__CH_0031,93
773ae67b9ff7e2875936e709__PDFV2__CH_0032__M,120
7783897254c4a608656a0b09__PDFV2__CH_0001,114
7783897254c4a608656a0b09__PDFV2__CH_0002,104
77c228367e261e2c576c4f18__PDFV2__CH_0001,85
77c228367e261e2c576c4f18__PDFV2__CH_0002,101
77c228367e261e2c576c4f18__PDFV2__CH_0003,133
77c228367e261e2c576c4f18__PDFV2__CH_0004,96
781033e13a70373bffaabce0__PDFV2__CH_0001,93
781033e13a70373bffaabce0__PDFV2__CH_0002,136
781033e13a70373bffaabce0__PDFV2__CH_0003,123
781033e13a70373bffaabce0__PDFV2__CH_0004,116
781033e13a70373bffaabce0__PDFV2__CH_0005,141
781033e13a70373bffaabce0__PDFV2__CH_0006,103
781033e13a70373bffaabce0__PDFV2__CH_0007,127
781033e13a70373bffaabce0__PDFV2__CH_0008,104
781033e13a70373bffaabce0__PDFV2__CH_0009,102
781033e13a70373bffaabce0__PDFV2__CH_0010,82
781033e13a70373bffaabce0__PDFV2__CH_0011,115
781033e13a70373bffaabce0__PDFV2__CH_0012__M,103
781033e13a70373bffaabce0__PDFV2__CH_0014,112
789a3aef16f777898f2215ac__789a3aef16f777898f2215ac__SEG_0001__CH_003,193
789fb8e388c8b70bda8fc044__789fb8e388c8b70bda8fc044__SEG_0001__CH_001,65
789fb8e388c8b70bda8fc044__789fb8e388c8b70bda8fc044__SEG_0001__CH_002,102
789fb8e388c8b70bda8fc044__789fb8e388c8b70bda8fc044__SEG_0001__CH_003,74
789fb8e388c8b70bda8fc044__789fb8e388c8b70bda8fc044__SEG_0001__CH_004,148
789fb8e388c8b70bda8fc044__789fb8e388c8b70bda8fc044__SEG_0001__CH_005,112
78e1bf13ee9b53b06f3bc003__78e1bf13ee9b53b06f3bc003__SEG_0001__CH_001,85
78e1bf13ee9b53b06f3bc003__78e1bf13ee9b53b06f3bc003__SEG_0001__CH_002,106
78e1bf13ee9b53b06f3bc003__78e1bf13ee9b53b06f3bc003__SEG_0001__CH_003,61
78e1bf13ee9b53b06f3bc003__78e1bf13ee9b53b06f3bc003__SEG_0001__CH_004,118
78e1bf13ee9b53b06f3bc003__78e1bf13ee9b53b06f3bc003__SEG_0001__CH_005,148
78e1bf13ee9b53b06f3bc003__78e1bf13ee9b53b06f3bc003__SEG_0001__CH_006,98
78e1bf13ee9b53b06f3bc003__78e1bf13ee9b53b06f3bc003__SEG_0001__CH_007,105
78e1bf13ee9b53b06f3bc003__78e1bf13ee9b53b06f3bc003__SEG_0001__CH_008,155
78e1bf13ee9b53b06f3bc003__78e1bf13ee9b53b06f3bc003__SEG_0001__CH_009,85
78f2f79d48f9b8eb81cf408a__78f2f79d48f9b8eb81cf408a__SEG_0001__CH_001,89
78f2f79d48f9b8eb81cf408a__78f2f79d48f9b8eb81cf408a__SEG_0001__CH_002,74
79304ba9e9e90517f8fefe7c__79304ba9e9e90517f8fefe7c__SEG_0001__CH_001,142
79304ba9e9e90517f8fefe7c__79304ba9e9e90517f8fefe7c__SEG_0001__CH_002,73
79637149a30199f649f67468__PDFV2__CH_0001,91
79637149a30199f649f67468__PDFV2__CH_0002,109
79637149a30199f649f67468__PDFV2__CH_0003,134
79637149a30199f649f67468__PDFV2__CH_0004,112
79637149a30199f649f67468__PDFV2__CH_0005,132
79637149a30199f649f67468__PDFV2__CH_0006,164
79637149a30199f649f67468__PDFV2__CH_0007,134
79637149a30199f649f67468__PDFV2__CH_0008,112
79637149a30199f649f67468__PDFV2__CH_0009,137
79637149a30199f649f67468__PDFV2__CH_0010,163
79637149a30199f649f67468__PDFV2__CH_0011,99
79637149a30199f649f67468__PDFV2__CH_0012,144
79637149a30199f649f67468__PDFV2__CH_0013,140
79637149a30199f649f67468__PDFV2__CH_0014,111
79637149a30199f649f67468__PDFV2__CH_0015,131
79637149a30199f649f67468__PDFV2__CH_0016,138
79637149a30199f649f67468__PDFV2__CH_0017,92
79637149a30199f649f67468__PDFV2__CH_0018,119
79637149a30199f649f67468__PDFV2__CH_0019,113
79637149a30199f649f67468__PDFV2__CH_0020,124
79637149a30199f649f67468__PDFV2__CH_0021,68
798ad321225cf8bfc0df71c7__798ad321225cf8bfc0df71c7__SEG_0001__CH_001,112
798ad321225cf8bfc0df71c7__798ad321225cf8bfc0df71c7__SEG_0001__CH_002,141
798ad321225cf8bfc0df71c7__798ad321225cf8bfc0df71c7__SEG_0001__CH_003,107
7996a345af9a9b3f10e86a34__7996a345af9a9b3f10e86a34__SEG_0001__CH_001,112
7996a345af9a9b3f10e86a34__7996a345af9a9b3f10e86a34__SEG_0001__CH_002,102
7996c67dd906e5c8caac2f47__7996c67dd906e5c8caac2f47__SEG_0001__CH_001,110
799c02d3ec914cfa5b5fe92f__799c02d3ec914cfa5b5fe92f__SEG_0001__CH_001,123
799c02d3ec914cfa5b5fe92f__799c02d3ec914cfa5b5fe92f__SEG_0001__CH_002,128
799c02d3ec914cfa5b5fe92f__799c02d3ec914cfa5b5fe92f__SEG_0001__CH_003,80
79be909533fe0b2c4ad92079__PDFV2__CH_0004__M,107
79be909533fe0b2c4ad92079__PDFV2__CH_0009,93
79be909533fe0b2c4ad92079__PDFV2__CH_0010,95
79be909533fe0b2c4ad92079__PDFV2__CH_0012,69
79cbf77eede9f3c3bb6f77da__79cbf77eede9f3c3bb6f77da__SEG_0001__CH_001,111
79dd6913d2ebd87c75e3e9c0__PDFV2__CH_0001,111
79dd6913d2ebd87c75e3e9c0__PDFV2__CH_0002,124
79dd6913d2ebd87c75e3e9c0__PDFV2__CH_0003,129
7a068bee0bb8bbf3de7e75bd__7a068bee0bb8bbf3de7e75bd__SEG_0001__CH_001,93
7a068bee0bb8bbf3de7e75bd__7a068bee0bb8bbf3de7e75bd__SEG_0001__CH_002,199
7a26c07e5ed0a98430b6ea7d__7a26c07e5ed0a98430b6ea7d__SEG_0001__CH_003,100
7a26c07e5ed0a98430b6ea7d__7a26c07e5ed0a98430b6ea7d__SEG_0001__CH_004,140
7a26c07e5ed0a98430b6ea7d__7a26c07e5ed0a98430b6ea7d__SEG_0001__CH_005,78
7a26c07e5ed0a98430b6ea7d__7a26c07e5ed0a98430b6ea7d__SEG_0001__CH_007,85
7a26c07e5ed0a98430b6ea7d__7a26c07e5ed0a98430b6ea7d__SEG_0001__CH_008,218
7a26c07e5ed0a98430b6ea7d__7a26c07e5ed0a98430b6ea7d__SEG_0001__CH_010,140
7a26c07e5ed0a98430b6ea7d__7a26c07e5ed0a98430b6ea7d__SEG_0001__CH_011,211
7a26c07e5ed0a98430b6ea7d__7a26c07e5ed0a98430b6ea7d__SEG_0001__CH_012,117
7a26c07e5ed0a98430b6ea7d__7a26c07e5ed0a98430b6ea7d__SEG_0001__CH_013,132
7a26c07e5ed0a98430b6ea7d__7a26c07e5ed0a98430b6ea7d__SEG_0001__CH_014,125
7a26c07e5ed0a98430b6ea7d__7a26c07e5ed0a98430b6ea7d__SEG_0001__CH_015,109
7a26c07e5ed0a98430b6ea7d__7a26c07e5ed0a98430b6ea7d__SEG_0001__CH_016,121
7a26c07e5ed0a98430b6ea7d__7a26c07e5ed0a98430b6ea7d__SEG_0002__CH_001,76
7a26c07e5ed0a98430b6ea7d__7a26c07e5ed0a98430b6ea7d__SEG_0002__CH_002,119
7a26c07e5ed0a98430b6ea7d__7a26c07e5ed0a98430b6ea7d__SEG_0002__CH_003,140
7a26c07e5ed0a98430b6ea7d__7a26c07e5ed0a98430b6ea7d__SEG_0002__CH_004,114
7a4f68a1abd87685a1423252__7a4f68a1abd87685a1423252__SEG_0001__CH_001,91
7a4f68a1abd87685a1423252__7a4f68a1abd87685a1423252__SEG_0001__CH_002,75
7a818c33ad2ae7fc2ed76a31__7a818c33ad2ae7fc2ed76a31__SEG_0001__CH_001,112
7a818c33ad2ae7fc2ed76a31__7a818c33ad2ae7fc2ed76a31__SEG_0001__CH_002,152
7a818c33ad2ae7fc2ed76a31__7a818c33ad2ae7fc2ed76a31__SEG_0001__CH_003,99
7a88cd1bd29bfe49a0947b35__7a88cd1bd29bfe49a0947b35__SEG_0001__CH_002,111
7a88cd1bd29bfe49a0947b35__7a88cd1bd29bfe49a0947b35__SEG_0001__CH_003__M,122
7a88cd1bd29bfe49a0947b35__7a88cd1bd29bfe49a0947b35__SEG_0001__CH_005,124
7a9013cce1e26e5d34ef3cc0__7a9013cce1e26e5d34ef3cc0__SEG_0001__CH_002,93
7a9013cce1e26e5d34ef3cc0__7a9013cce1e26e5d34ef3cc0__SEG_0001__CH_003,99
7a9013cce1e26e5d34ef3cc0__7a9013cce1e26e5d34ef3cc0__SEG_0001__CH_004,120
7a9013cce1e26e5d34ef3cc0__7a9013cce1e26e5d34ef3cc0__SEG_0001__CH_005,132
7aa708c6740875802e0d52e1__7aa708c6740875802e0d52e1__SEG_0001__CH_002,90
7aa708c6740875802e0d52e1__7aa708c6740875802e0d52e1__SEG_0001__CH_003,93
7ac7b85b83c98eae43ba425f__7ac7b85b83c98eae43ba425f__SEG_0001__CH_001,138
7ac7b85b83c98eae43ba425f__7ac7b85b83c98eae43ba425f__SEG_0001__CH_002,90
7ade775088fd5e17875134e9__PDFV2__CH_0001,95
7ade775088fd5e17875134e9__PDFV2__CH_0002,135
7ade775088fd5e17875134e9__PDFV2__CH_0003,92
7ade775088fd5e17875134e9__PDFV2__CH_0004,118
7ade775088fd5e17875134e9__PDFV2__CH_0005,152
7ade775088fd5e17875134e9__PDFV2__CH_0006,121
7ade775088fd5e17875134e9__PDFV2__CH_0007,115
7ade775088fd5e17875134e9__PDFV2__CH_0008,123
7ade775088fd5e17875134e9__PDFV2__CH_0009,145
7ade775088fd5e17875134e9__PDFV2__CH_0010,179
7ade775088fd5e17875134e9__PDFV2__CH_0011,105
7ade775088fd5e17875134e9__PDFV2__CH_0012,161
7ade775088fd5e17875134e9__PDFV2__CH_0013,107
7ade775088fd5e17875134e9__PDFV2__CH_0016,136
7ade775088fd5e17875134e9__PDFV2__CH_0017,110
7ade775088fd5e17875134e9__PDFV2__CH_0018,118
7ade775088fd5e17875134e9__PDFV2__CH_0019,136
7ade775088fd5e17875134e9__PDFV2__CH_0020,146
7ade775088fd5e17875134e9__PDFV2__CH_0021,112
7ade775088fd5e17875134e9__PDFV2__CH_0022,154
7ade775088fd5e17875134e9__PDFV2__CH_0023,112
7ade775088fd5e17875134e9__PDFV2__CH_0024,157
7ade775088fd5e17875134e9__PDFV2__CH_0025,122
7af3ba3f7631be2ef6bbd30b__PDFV2__CH_0001,105
7af3ba3f7631be2ef6bbd30b__PDFV2__CH_0002,123
7af3ba3f7631be2ef6bbd30b__PDFV2__CH_0003,121
7af3ba3f7631be2ef6bbd30b__PDFV2__CH_0004,111
7af3ba3f7631be2ef6bbd30b__PDFV2__CH_0006,151
7af3ba3f7631be2ef6bbd30b__PDFV2__CH_0008,96
7af3ba3f7631be2ef6bbd30b__PDFV2__CH_0009,87
7af3ba3f7631be2ef6bbd30b__PDFV2__CH_0010,94
7af3ba3f7631be2ef6bbd30b__PDFV2__CH_0011,95
7af3ba3f7631be2ef6bbd30b__PDFV2__CH_0012,115
7af3ba3f7631be2ef6bbd30b__PDFV2__CH_0013,116
7af3ba3f7631be2ef6bbd30b__PDFV2__CH_0015,104
7af3ba3f7631be2ef6bbd30b__PDFV2__CH_0016,133
7af3ba3f7631be2ef6bbd30b__PDFV2__CH_0017,134
7af3ba3f7631be2ef6bbd30b__PDFV2__CH_0018,107
7af3ba3f7631be2ef6bbd30b__PDFV2__CH_0019,132
7af3ba3f7631be2ef6bbd30b__PDFV2__CH_0020,176
7af3ba3f7631be2ef6bbd30b__PDFV2__CH_0021,143
7af3ba3f7631be2ef6bbd30b__PDFV2__CH_0022,95
7af3ba3f7631be2ef6bbd30b__PDFV2__CH_0023,137
7af3ba3f7631be2ef6bbd30b__PDFV2__CH_0024,198
7af3ba3f7631be2ef6bbd30b__PDFV2__CH_0025,120
7af3ba3f7631be2ef6bbd30b__PDFV2__CH_0026,106
7af3ba3f7631be2ef6bbd30b__PDFV2__CH_0029,105
7af3ba3f7631be2ef6bbd30b__PDFV2__CH_0030,88
7af3ba3f7631be2ef6bbd30b__PDFV2__CH_0031,83
7af7e750cd5b3d66584fae81__7af7e750cd5b3d66584fae81__SEG_0001__CH_001,111
7af7e750cd5b3d66584fae81__7af7e750cd5b3d66584fae81__SEG_0001__CH_002,122
7af7e750cd5b3d66584fae81__7af7e750cd5b3d66584fae81__SEG_0001__CH_004,97
7af8ccfad58488a4e37e2186__7af8ccfad58488a4e37e2186__SEG_0001__CH_001,128
7af8ccfad58488a4e37e2186__7af8ccfad58488a4e37e2186__SEG_0001__CH_002,138
7af8ccfad58488a4e37e2186__7af8ccfad58488a4e37e2186__SEG_0001__CH_003,147
7af8ccfad58488a4e37e2186__7af8ccfad58488a4e37e2186__SEG_0001__CH_004,161
7af8ccfad58488a4e37e2186__7af8ccfad58488a4e37e2186__SEG_0001__CH_005,134
7b1adf82671feb4f394eedd6__PDFV2__CH_0001,125
7b1adf82671feb4f394eedd6__PDFV2__CH_0007,135
7b2a899a0fb871fb92597ba0__7b2a899a0fb871fb92597ba0__SEG_0001__CH_001,121
7b2a899a0fb871fb92597ba0__7b2a899a0fb871fb92597ba0__SEG_0001__CH_002,99
7b2a899a0fb871fb92597ba0__7b2a899a0fb871fb92597ba0__SEG_0001__CH_003,118
7b2a899a0fb871fb92597ba0__7b2a899a0fb871fb92597ba0__SEG_0001__CH_004,147
7b354e9928dee3acc4ec8962__7b354e9928dee3acc4ec8962__SEG_0001__CH_001,97
7b354e9928dee3acc4ec8962__7b354e9928dee3acc4ec8962__SEG_0001__CH_002,64
7b54e9f662066a34eea5db0b__PDFV2__CH_0001,105
7b54e9f662066a34eea5db0b__PDFV2__CH_0002,136
7b54e9f662066a34eea5db0b__PDFV2__CH_0003,128
7b54e9f662066a34eea5db0b__PDFV2__CH_0004,170
7b54e9f662066a34eea5db0b__PDFV2__CH_0005,133
7b54e9f662066a34eea5db0b__PDFV2__CH_0006,116
7b54e9f662066a34eea5db0b__PDFV2__CH_0007,179
7b54e9f662066a34eea5db0b__PDFV2__CH_0008,129
7b5638ec5096f38fe7482edc__7b5638ec5096f38fe7482edc__SEG_0001__CH_003,83
7b5638ec5096f38fe7482edc__7b5638ec5096f38fe7482edc__SEG_0001__CH_004,125
7b5638ec5096f38fe7482edc__7b5638ec5096f38fe7482edc__SEG_0001__CH_005,149
7b5638ec5096f38fe7482edc__7b5638ec5096f38fe7482edc__SEG_0001__CH_006,137
7bbc534cb121d40f0ec1cf74__7bbc534cb121d40f0ec1cf74__SEG_0001__CH_001,128
7bbc534cb121d40f0ec1cf74__7bbc534cb121d40f0ec1cf74__SEG_0001__CH_002,123
7bbc534cb121d40f0ec1cf74__7bbc534cb121d40f0ec1cf74__SEG_0001__CH_003,165
7bbc534cb121d40f0ec1cf74__7bbc534cb121d40f0ec1cf74__SEG_0001__CH_004,110
7bc1b1eec3c00b7ed685dac9__7bc1b1eec3c00b7ed685dac9__SEG_0001__CH_001,124
7befef6ae9005da5e58bf881__7befef6ae9005da5e58bf881__SEG_0001__CH_001,126
7befef6ae9005da5e58bf881__7befef6ae9005da5e58bf881__SEG_0001__CH_002,165
7befef6ae9005da5e58bf881__7befef6ae9005da5e58bf881__SEG_0001__CH_003,169
7c180cc30027fdba4dc6e038__7c180cc30027fdba4dc6e038__SEG_0001__CH_001,114
7c809b702bd40d7411045222__7c809b702bd40d7411045222__SEG_0001__CH_001,90
7c809b702bd40d7411045222__7c809b702bd40d7411045222__SEG_0001__CH_002,97
7c809b702bd40d7411045222__7c809b702bd40d7411045222__SEG_0001__CH_003,150
7c809b702bd40d7411045222__7c809b702bd40d7411045222__SEG_0001__CH_004,186
7c8acb7c059cd22aef48494b__7c8acb7c059cd22aef48494b__SEG_0001__CH_001,155
7c8de533d5b70b5a047c611e__PDFV2__CH_0001__M,140
7ca57cfe501e143239d88628__PDFV2__CH_0001,106
7ca57cfe501e143239d88628__PDFV2__CH_0002,115
7ca789231a93cb02f8607d6a__7ca789231a93cb02f8607d6a__SEG_0001__CH_001,102
7ca789231a93cb02f8607d6a__7ca789231a93cb02f8607d6a__SEG_0001__CH_002,116
7ca789231a93cb02f8607d6a__7ca789231a93cb02f8607d6a__SEG_0001__CH_003,125
7ceb1dab725f9324c7d6dcca__7ceb1dab725f9324c7d6dcca__SEG_0001__CH_001,56
7ceb1dab725f9324c7d6dcca__7ceb1dab725f9324c7d6dcca__SEG_0001__CH_002,89
7d247510c68ad1add531918d__7d247510c68ad1add531918d__SEG_0001__CH_001,131
7d2bb0e02aa281325f13ff7e__7d2bb0e02aa281325f13ff7e__SEG_0001__CH_001,137
7d730f271249c6e5c70eaad1__PDFV2__CH_0010,100
7d730f271249c6e5c70eaad1__PDFV2__CH_0011__M,134
7d730f271249c6e5c70eaad1__PDFV2__CH_0013,95
7d730f271249c6e5c70eaad1__PDFV2__CH_0014,92
7d730f271249c6e5c70eaad1__PDFV2__CH_0015,107
7d730f271249c6e5c70eaad1__PDFV2__CH_0016,144
7d730f271249c6e5c70eaad1__PDFV2__CH_0017,121
7d730f271249c6e5c70eaad1__PDFV2__CH_0018,116
7d730f271249c6e5c70eaad1__PDFV2__CH_0019,123
7d730f271249c6e5c70eaad1__PDFV2__CH_0020,89
7d730f271249c6e5c70eaad1__PDFV2__CH_0021,111
7d730f271249c6e5c70eaad1__PDFV2__CH_0022,103
7d730f271249c6e5c70eaad1__PDFV2__CH_0023,127
7d730f271249c6e5c70eaad1__PDFV2__CH_0024,112
7d730f271249c6e5c70eaad1__PDFV2__CH_0025,107
7d730f271249c6e5c70eaad1__PDFV2__CH_0026,164
7d730f271249c6e5c70eaad1__PDFV2__CH_0027,133
7d730f271249c6e5c70eaad1__PDFV2__CH_0028,116
7d730f271249c6e5c70eaad1__PDFV2__CH_0029,91
7d730f271249c6e5c70eaad1__PDFV2__CH_0030,75
7d730f271249c6e5c70eaad1__PDFV2__CH_0031,107
7d730f271249c6e5c70eaad1__PDFV2__CH_0032,114
7d730f271249c6e5c70eaad1__PDFV2__CH_0033,154
7d730f271249c6e5c70eaad1__PDFV2__CH_0034,114
7d730f271249c6e5c70eaad1__PDFV2__CH_0035,101
7d730f271249c6e5c70eaad1__PDFV2__CH_0036,128
7d730f271249c6e5c70eaad1__PDFV2__CH_0037,109
7d730f271249c6e5c70eaad1__PDFV2__CH_0038,98
7d730f271249c6e5c70eaad1__PDFV2__CH_0039,136
7d730f271249c6e5c70eaad1__PDFV2__CH_0040,116
7d730f271249c6e5c70eaad1__PDFV2__CH_0041,159
7d730f271249c6e5c70eaad1__PDFV2__CH_0042,99
7d730f271249c6e5c70eaad1__PDFV2__CH_0043,156
7d730f271249c6e5c70eaad1__PDFV2__CH_0044,166
7d730f271249c6e5c70eaad1__PDFV2__CH_0045,90
7d730f271249c6e5c70eaad1__PDFV2__CH_0046,136
7d730f271249c6e5c70eaad1__PDFV2__CH_0047,114
7d730f271249c6e5c70eaad1__PDFV2__CH_0048,127
7d730f271249c6e5c70eaad1__PDFV2__CH_0049,116
7d730f271249c6e5c70eaad1__PDFV2__CH_0050,110
7d730f271249c6e5c70eaad1__PDFV2__CH_0051,119
7d730f271249c6e5c70eaad1__PDFV2__CH_0052,119
7d730f271249c6e5c70eaad1__PDFV2__CH_0053,89
7d730f271249c6e5c70eaad1__PDFV2__CH_0054,101
7d730f271249c6e5c70eaad1__PDFV2__CH_0055,125
7d730f271249c6e5c70eaad1__PDFV2__CH_0056,144
7d730f271249c6e5c70eaad1__PDFV2__CH_0057,114
7d730f271249c6e5c70eaad1__PDFV2__CH_0058,95
7d730f271249c6e5c70eaad1__PDFV2__CH_0059,95
7d730f271249c6e5c70eaad1__PDFV2__CH_0060,77
7d730f271249c6e5c70eaad1__PDFV2__CH_0061,117
7d730f271249c6e5c70eaad1__PDFV2__CH_0062,90
7d730f271249c6e5c70eaad1__PDFV2__CH_0063__M,127
7d730f271249c6e5c70eaad1__PDFV2__CH_0065,116
7d730f271249c6e5c70eaad1__PDFV2__CH_0066,107
7d730f271249c6e5c70eaad1__PDFV2__CH_0068,111
7d730f271249c6e5c70eaad1__PDFV2__CH_0069,95
7d730f271249c6e5c70eaad1__PDFV2__CH_0070,111
7d730f271249c6e5c70eaad1__PDFV2__CH_0071,106
7d730f271249c6e5c70eaad1__PDFV2__CH_0072,123
7d730f271249c6e5c70eaad1__PDFV2__CH_0073,142
7d730f271249c6e5c70eaad1__PDFV2__CH_0074,117
7d730f271249c6e5c70eaad1__PDFV2__CH_0075,131
7d730f271249c6e5c70eaad1__PDFV2__CH_0076,113
7d730f271249c6e5c70eaad1__PDFV2__CH_0087,76
7d730f271249c6e5c70eaad1__PDFV2__CH_0094,78
7d730f271249c6e5c70eaad1__PDFV2__CH_0100,96
7d730f271249c6e5c70eaad1__PDFV2__CH_0101,163
7d730f271249c6e5c70eaad1__PDFV2__CH_0102,99
7d730f271249c6e5c70eaad1__PDFV2__CH_0103,105
7d730f271249c6e5c70eaad1__PDFV2__CH_0104,143
7d730f271249c6e5c70eaad1__PDFV2__CH_0105,83
7d730f271249c6e5c70eaad1__PDFV2__CH_0106,132
7d730f271249c6e5c70eaad1__PDFV2__CH_0107,114
7d730f271249c6e5c70eaad1__PDFV2__CH_0108,117
7d730f271249c6e5c70eaad1__PDFV2__CH_0109,112
7d730f271249c6e5c70eaad1__PDFV2__CH_0110__M,103
7d730f271249c6e5c70eaad1__PDFV2__CH_0112,121
7d730f271249c6e5c70eaad1__PDFV2__CH_0113,126
7d730f271249c6e5c70eaad1__PDFV2__CH_0114,114
7d730f271249c6e5c70eaad1__PDFV2__CH_0115,134
7d730f271249c6e5c70eaad1__PDFV2__CH_0116,93
7d730f271249c6e5c70eaad1__PDFV2__CH_0117,104
7d730f271249c6e5c70eaad1__PDFV2__CH_0118,100
7d730f271249c6e5c70eaad1__PDFV2__CH_0119,113
7d730f271249c6e5c70eaad1__PDFV2__CH_0120,110
7d730f271249c6e5c70eaad1__PDFV2__CH_0121,128
7d730f271249c6e5c70eaad1__PDFV2__CH_0122,138
7d730f271249c6e5c70eaad1__PDFV2__CH_0123,110
7d730f271249c6e5c70eaad1__PDFV2__CH_0124,116
7d730f271249c6e5c70eaad1__PDFV2__CH_0125,135
7d730f271249c6e5c70eaad1__PDFV2__CH_0126,137
7d730f271249c6e5c70eaad1__PDFV2__CH_0127,121
7d730f271249c6e5c70eaad1__PDFV2__CH_0128,155
7d730f271249c6e5c70eaad1__PDFV2__CH_0129,127
7d730f271249c6e5c70eaad1__PDFV2__CH_0130,171
7d730f271249c6e5c70eaad1__PDFV2__CH_0131,98
7d730f271249c6e5c70eaad1__PDFV2__CH_0132,86
7d730f271249c6e5c70eaad1__PDFV2__CH_0133,98
7d730f271249c6e5c70eaad1__PDFV2__CH_0134,101
7d730f271249c6e5c70eaad1__PDFV2__CH_0135,87
7d730f271249c6e5c70eaad1__PDFV2__CH_0136,88
7d730f271249c6e5c70eaad1__PDFV2__CH_0137,144
7d730f271249c6e5c70eaad1__PDFV2__CH_0138,130
7d730f271249c6e5c70eaad1__PDFV2__CH_0139,119
7d730f271249c6e5c70eaad1__PDFV2__CH_0140,92
7d730f271249c6e5c70eaad1__PDFV2__CH_0141,136
7d730f271249c6e5c70eaad1__PDFV2__CH_0143,121
7d730f271249c6e5c70eaad1__PDFV2__CH_0144__M,112
7d730f271249c6e5c70eaad1__PDFV2__CH_0146,136
7d730f271249c6e5c70eaad1__PDFV2__CH_0147,133
7d730f271249c6e5c70eaad1__PDFV2__CH_0148__M,128
7d730f271249c6e5c70eaad1__PDFV2__CH_0154__M,153
7d730f271249c6e5c70eaad1__PDFV2__CH_0156,93
7d730f271249c6e5c70eaad1__PDFV2__CH_0157,105
7d730f271249c6e5c70eaad1__PDFV2__CH_0158,91
7d730f271249c6e5c70eaad1__PDFV2__CH_0160__M,140
7d730f271249c6e5c70eaad1__PDFV2__CH_0162,134
7d730f271249c6e5c70eaad1__PDFV2__CH_0163,105
7d90b543ac1ee182236282a9__7d90b543ac1ee182236282a9__SEG_0001__CH_005,128
7d90b543ac1ee182236282a9__7d90b543ac1ee182236282a9__SEG_0001__CH_006,150
7d90b543ac1ee182236282a9__7d90b543ac1ee182236282a9__SEG_0001__CH_007,83
7de8ac01aff1dc8eba8ebd14__7de8ac01aff1dc8eba8ebd14__SEG_0001__CH_001,109
7de8ac01aff1dc8eba8ebd14__7de8ac01aff1dc8eba8ebd14__SEG_0001__CH_002,163
7de8ac01aff1dc8eba8ebd14__7de8ac01aff1dc8eba8ebd14__SEG_0001__CH_003__S1,121
7de8ac01aff1dc8eba8ebd14__7de8ac01aff1dc8eba8ebd14__SEG_0001__CH_003__S2,137
7de8ac01aff1dc8eba8ebd14__7de8ac01aff1dc8eba8ebd14__SEG_0001__CH_004,158
7de8ac01aff1dc8eba8ebd14__7de8ac01aff1dc8eba8ebd14__SEG_0001__CH_005,167
7df2867db5eddeee5252fddc__7df2867db5eddeee5252fddc__SEG_0001__CH_001,84
7e147ffa07cc7a9f07fcbdb5__7e147ffa07cc7a9f07fcbdb5__SEG_0001__CH_001,109
7e147ffa07cc7a9f07fcbdb5__7e147ffa07cc7a9f07fcbdb5__SEG_0001__CH_002,100
7e147ffa07cc7a9f07fcbdb5__7e147ffa07cc7a9f07fcbdb5__SEG_0001__CH_004,88
7e20091d1e4c01dac00114d4__7e20091d1e4c01dac00114d4__SEG_0001__CH_001,181
7e20091d1e4c01dac00114d4__7e20091d1e4c01dac00114d4__SEG_0001__CH_002,117
7e8bceb72ff17e144d60e6cf__7e8bceb72ff17e144d60e6cf__SEG_0001__CH_001,97
7e8bceb72ff17e144d60e6cf__7e8bceb72ff17e144d60e6cf__SEG_0001__CH_002,110
7e99c929c43ed5bac0262ef5__7e99c929c43ed5bac0262ef5__SEG_0001__CH_002,137
7ea8eade135ed142c787518f__PDFV2__CH_0001,118
7eb5798db21e381299bd132b__7eb5798db21e381299bd132b__SEG_0001__CH_001,82
7eb5798db21e381299bd132b__7eb5798db21e381299bd132b__SEG_0001__CH_004,117
7eb5798db21e381299bd132b__7eb5798db21e381299bd132b__SEG_0001__CH_005,109
7ed4602adbb59086e91e4f31__7ed4602adbb59086e91e4f31__SEG_0001__CH_001,105
7ed4602adbb59086e91e4f31__7ed4602adbb59086e91e4f31__SEG_0001__CH_002,90
7ee837902f1231ce8ec44d5d__7ee837902f1231ce8ec44d5d__SEG_0001__CH_001,111
7ee837902f1231ce8ec44d5d__7ee837902f1231ce8ec44d5d__SEG_0001__CH_002,109
7ee837902f1231ce8ec44d5d__7ee837902f1231ce8ec44d5d__SEG_0001__CH_003,124
7ee837902f1231ce8ec44d5d__7ee837902f1231ce8ec44d5d__SEG_0001__CH_004,120
7f2e181753380d394be70136__7f2e181753380d394be70136__SEG_0001__CH_001,143
7f2e181753380d394be70136__7f2e181753380d394be70136__SEG_0001__CH_002,136
7f2e181753380d394be70136__7f2e181753380d394be70136__SEG_0001__CH_003,100
7f3a9e3f6c5e82ef78b09c7e__7f3a9e3f6c5e82ef78b09c7e__SEG_0001__CH_001,141
7f3a9e3f6c5e82ef78b09c7e__7f3a9e3f6c5e82ef78b09c7e__SEG_0001__CH_002,159
7f3a9e3f6c5e82ef78b09c7e__7f3a9e3f6c5e82ef78b09c7e__SEG_0001__CH_003,144
7f3a9e3f6c5e82ef78b09c7e__7f3a9e3f6c5e82ef78b09c7e__SEG_0001__CH_004,153
7f3a9e3f6c5e82ef78b09c7e__7f3a9e3f6c5e82ef78b09c7e__SEG_0002__CH_001,171
7f3a9e3f6c5e82ef78b09c7e__7f3a9e3f6c5e82ef78b09c7e__SEG_0002__CH_002,160
7f3a9e3f6c5e82ef78b09c7e__7f3a9e3f6c5e82ef78b09c7e__SEG_0002__CH_003,187
7f3a9e3f6c5e82ef78b09c7e__7f3a9e3f6c5e82ef78b09c7e__SEG_0002__CH_004,175
7f3a9e3f6c5e82ef78b09c7e__7f3a9e3f6c5e82ef78b09c7e__SEG_0002__CH_005,148
7f3a9e3f6c5e82ef78b09c7e__7f3a9e3f6c5e82ef78b09c7e__SEG_0002__CH_006,146
7f3a9e3f6c5e82ef78b09c7e__7f3a9e3f6c5e82ef78b09c7e__SEG_0003__CH_001,105
7f3a9e3f6c5e82ef78b09c7e__7f3a9e3f6c5e82ef78b09c7e__SEG_0003__CH_002,131
7f3a9e3f6c5e82ef78b09c7e__7f3a9e3f6c5e82ef78b09c7e__SEG_0003__CH_003,112
7f3a9e3f6c5e82ef78b09c7e__7f3a9e3f6c5e82ef78b09c7e__SEG_0003__CH_004,153
7f3a9e3f6c5e82ef78b09c7e__7f3a9e3f6c5e82ef78b09c7e__SEG_0003__CH_005__M,127
7f3a9e3f6c5e82ef78b09c7e__7f3a9e3f6c5e82ef78b09c7e__SEG_0003__CH_007,143
7f3a9e3f6c5e82ef78b09c7e__7f3a9e3f6c5e82ef78b09c7e__SEG_0003__CH_008,133
7f3a9e3f6c5e82ef78b09c7e__7f3a9e3f6c5e82ef78b09c7e__SEG_0003__CH_009,130
7f3a9e3f6c5e82ef78b09c7e__7f3a9e3f6c5e82ef78b09c7e__SEG_0003__CH_010,104
7f3a9e3f6c5e82ef78b09c7e__7f3a9e3f6c5e82ef78b09c7e__SEG_0004__CH_001,173
7f3a9e3f6c5e82ef78b09c7e__7f3a9e3f6c5e82ef78b09c7e__SEG_0004__CH_002,136
7f3a9e3f6c5e82ef78b09c7e__7f3a9e3f6c5e82ef78b09c7e__SEG_0004__CH_003,123
7f3a9e3f6c5e82ef78b09c7e__7f3a9e3f6c5e82ef78b09c7e__SEG_0004__CH_004,136
7f3a9e3f6c5e82ef78b09c7e__7f3a9e3f6c5e82ef78b09c7e__SEG_0005__CH_001,144
7f3a9e3f6c5e82ef78b09c7e__7f3a9e3f6c5e82ef78b09c7e__SEG_0005__CH_002,184
7f3a9e3f6c5e82ef78b09c7e__7f3a9e3f6c5e82ef78b09c7e__SEG_0005__CH_003,150
7f3a9e3f6c5e82ef78b09c7e__7f3a9e3f6c5e82ef78b09c7e__SEG_0005__CH_004,142
7f3a9e3f6c5e82ef78b09c7e__7f3a9e3f6c5e82ef78b09c7e__SEG_0006__CH_002,126
7f3a9e3f6c5e82ef78b09c7e__7f3a9e3f6c5e82ef78b09c7e__SEG_0006__CH_003,127
7f69cf3068c62a490727b8a7__7f69cf3068c62a490727b8a7__SEG_0001__CH_003,99
7f7d4f8bd9cbbb355418a5d9__7f7d4f8bd9cbbb355418a5d9__SEG_0001__CH_001,83
7f95cf655e882ffaac4f1e2b__PDFV2__CH_0001,92
7fc5996dd3e61feccba8b2e6__7fc5996dd3e61feccba8b2e6__SEG_0001__CH_002,149
7fd98b8bde84425254498fd9__7fd98b8bde84425254498fd9__SEG_0001__CH_001,108
7fd98b8bde84425254498fd9__7fd98b8bde84425254498fd9__SEG_0001__CH_002__M,207
7fd98b8bde84425254498fd9__7fd98b8bde84425254498fd9__SEG_0001__CH_004,110
7fee8de2b4353b7a9cffac65__7fee8de2b4353b7a9cffac65__SEG_0001__CH_001,112
7fee8de2b4353b7a9cffac65__7fee8de2b4353b7a9cffac65__SEG_0001__CH_002,110
80068088d78d3f62845cf57c__PDFV2__CH_0002,105
80068088d78d3f62845cf57c__PDFV2__CH_0003,74
80068088d78d3f62845cf57c__PDFV2__CH_0004,108
80068088d78d3f62845cf57c__PDFV2__CH_0007,124
80068088d78d3f62845cf57c__PDFV2__CH_0009,147
80068088d78d3f62845cf57c__PDFV2__CH_0010,148
80068088d78d3f62845cf57c__PDFV2__CH_0011,133
80068088d78d3f62845cf57c__PDFV2__CH_0012,103
80068088d78d3f62845cf57c__PDFV2__CH_0013,103
80068088d78d3f62845cf57c__PDFV2__CH_0015,184
80068088d78d3f62845cf57c__PDFV2__CH_0016,142
805328154eb9ed9b674da13e__805328154eb9ed9b674da13e__SEG_0001__CH_001,117
805328154eb9ed9b674da13e__805328154eb9ed9b674da13e__SEG_0001__CH_002,137
806eecdac1cf2d99a06e11dd__806eecdac1cf2d99a06e11dd__SEG_0001__CH_002,175
806eecdac1cf2d99a06e11dd__806eecdac1cf2d99a06e11dd__SEG_0001__CH_003,152
806eecdac1cf2d99a06e11dd__806eecdac1cf2d99a06e11dd__SEG_0001__CH_004,199
8087f9cbea94889638f96b4e__8087f9cbea94889638f96b4e__SEG_0001__CH_001,93
80dac47cf93c649565cf0481__80dac47cf93c649565cf0481__SEG_0001__CH_001,122
80dac47cf93c649565cf0481__80dac47cf93c649565cf0481__SEG_0001__CH_002,131
80dac47cf93c649565cf0481__80dac47cf93c649565cf0481__SEG_0001__CH_003,299
80db2e575caccc26b541c55e__80db2e575caccc26b541c55e__SEG_0001__CH_001,129
80db2e575caccc26b541c55e__80db2e575caccc26b541c55e__SEG_0001__CH_002,119
80db2e575caccc26b541c55e__80db2e575caccc26b541c55e__SEG_0001__CH_003,158
80eae3a7e0b7ba02ae4d963c__80eae3a7e0b7ba02ae4d963c__SEG_0001__CH_001,79
813cabd3a3aef08069faa99f__813cabd3a3aef08069faa99f__SEG_0001__CH_001,136
81432c4601d0eb1bb33105fd__PDFV2__CH_0001,83
81432c4601d0eb1bb33105fd__PDFV2__CH_0002,119
81432c4601d0eb1bb33105fd__PDFV2__CH_0003,153
81432c4601d0eb1bb33105fd__PDFV2__CH_0004,113
81432c4601d0eb1bb33105fd__PDFV2__CH_0005,131
81432c4601d0eb1bb33105fd__PDFV2__CH_0006,122
815c64bf481edff1df237aff__815c64bf481edff1df237aff__SEG_0001__CH_001,124
815c64bf481edff1df237aff__815c64bf481edff1df237aff__SEG_0001__CH_002,79
81722fa6dc33f25d0b60666b__PDFV2__CH_0001,126
81b403770c3439ae7f30d993__81b403770c3439ae7f30d993__SEG_0001__CH_001,144
81b403770c3439ae7f30d993__81b403770c3439ae7f30d993__SEG_0001__CH_002,155
81b403770c3439ae7f30d993__81b403770c3439ae7f30d993__SEG_0001__CH_003,148
81b403770c3439ae7f30d993__81b403770c3439ae7f30d993__SEG_0001__CH_004,185
81b403770c3439ae7f30d993__81b403770c3439ae7f30d993__SEG_0001__CH_005,140
81b403770c3439ae7f30d993__81b403770c3439ae7f30d993__SEG_0002__CH_001,136
81b403770c3439ae7f30d993__81b403770c3439ae7f30d993__SEG_0002__CH_002,154
81c67d3eb95c04f0095079a0__81c67d3eb95c04f0095079a0__SEG_0001__CH_001,87
81c67d3eb95c04f0095079a0__81c67d3eb95c04f0095079a0__SEG_0001__CH_002,99
82260130c265a562bcb1c9bb__82260130c265a562bcb1c9bb__SEG_0001__CH_001,152
82260130c265a562bcb1c9bb__82260130c265a562bcb1c9bb__SEG_0001__CH_002,116
8290bc1c85fb9a143724da1e__8290bc1c85fb9a143724da1e__SEG_0001__CH_001,117
8290bc1c85fb9a143724da1e__8290bc1c85fb9a143724da1e__SEG_0001__CH_002,113
8290bc1c85fb9a143724da1e__8290bc1c85fb9a143724da1e__SEG_0001__CH_003,190
8291c87657b7935bae684471__8291c87657b7935bae684471__SEG_0001__CH_001,83
8291c87657b7935bae684471__8291c87657b7935bae684471__SEG_0001__CH_002,99
82b3a4892a5912e1d9c01532__82b3a4892a5912e1d9c01532__SEG_0001__CH_003,71
833a0b18f39731725384a925__833a0b18f39731725384a925__SEG_0001__CH_001,99
833a0b18f39731725384a925__833a0b18f39731725384a925__SEG_0001__CH_002,120
833a0b18f39731725384a925__833a0b18f39731725384a925__SEG_0001__CH_003,142
833a0b18f39731725384a925__833a0b18f39731725384a925__SEG_0001__CH_004,160
833a0b18f39731725384a925__833a0b18f39731725384a925__SEG_0001__CH_005,154
833a0b18f39731725384a925__833a0b18f39731725384a925__SEG_0001__CH_006,137
8346151f43bb6aedba7a4a89__8346151f43bb6aedba7a4a89__SEG_0001__CH_001,118
8346151f43bb6aedba7a4a89__8346151f43bb6aedba7a4a89__SEG_0001__CH_002,128
8346151f43bb6aedba7a4a89__8346151f43bb6aedba7a4a89__SEG_0001__CH_003,102
8386dd2f1fa0991f5cab1603__8386dd2f1fa0991f5cab1603__SEG_0001__CH_001,100
8386dd2f1fa0991f5cab1603__8386dd2f1fa0991f5cab1603__SEG_0001__CH_002,78
8396ae50ac11d7ae3e57a182__8396ae50ac11d7ae3e57a182__SEG_0001__CH_001,113
83bebdfbcd6bd0f42b60fc19__83bebdfbcd6bd0f42b60fc19__SEG_0001__CH_001,95
83f4ccb501e745e9c1061438__83f4ccb501e745e9c1061438__SEG_0001__CH_001,92
83f4ccb501e745e9c1061438__83f4ccb501e745e9c1061438__SEG_0001__CH_002,128
844519c3389522cd40dac653__PDFV2__CH_0002,132
844519c3389522cd40dac653__PDFV2__CH_0003,124
844519c3389522cd40dac653__PDFV2__CH_0004,108
844519c3389522cd40dac653__PDFV2__CH_0005,131
844519c3389522cd40dac653__PDFV2__CH_0006,151
844519c3389522cd40dac653__PDFV2__CH_0007,206
844519c3389522cd40dac653__PDFV2__CH_0008,136
844519c3389522cd40dac653__PDFV2__CH_0009,126
844519c3389522cd40dac653__PDFV2__CH_0010,126
84571e457cbc433445643749__84571e457cbc433445643749__SEG_0001__CH_001,96
84571e457cbc433445643749__84571e457cbc433445643749__SEG_0001__CH_002,97
8463edfc2a6a9360ca13a4f7__PDFV2__CH_0006,107
8463edfc2a6a9360ca13a4f7__PDFV2__CH_0007,74
8463edfc2a6a9360ca13a4f7__PDFV2__CH_0011,72
8463edfc2a6a9360ca13a4f7__PDFV2__CH_0012,100
8463edfc2a6a9360ca13a4f7__PDFV2__CH_0015,68
8463edfc2a6a9360ca13a4f7__PDFV2__CH_0016,101
8463edfc2a6a9360ca13a4f7__PDFV2__CH_0017,93
85048f341183b472c1274690__PDFV2__CH_0001,158
857cf9e13a1cca703209528c__PDFV2__CH_0001,105
857cf9e13a1cca703209528c__PDFV2__CH_0002,108
857cf9e13a1cca703209528c__PDFV2__CH_0003,101
857cf9e13a1cca703209528c__PDFV2__CH_0004,112
857cf9e13a1cca703209528c__PDFV2__CH_0005,105
857cf9e13a1cca703209528c__PDFV2__CH_0006,107
857cf9e13a1cca703209528c__PDFV2__CH_0007,86
857cf9e13a1cca703209528c__PDFV2__CH_0008,117
857cf9e13a1cca703209528c__PDFV2__CH_0009,90
857cf9e13a1cca703209528c__PDFV2__CH_0010,91
857cf9e13a1cca703209528c__PDFV2__CH_0011,95
857cf9e13a1cca703209528c__PDFV2__CH_0012,87
857cf9e13a1cca703209528c__PDFV2__CH_0013,100
857cf9e13a1cca703209528c__PDFV2__CH_0014,85
857cf9e13a1cca703209528c__PDFV2__CH_0015,94
857cf9e13a1cca703209528c__PDFV2__CH_0016,105
857cf9e13a1cca703209528c__PDFV2__CH_0017,159
857cf9e13a1cca703209528c__PDFV2__CH_0018,83
862fd16251005442768ea2d7__PDFV2__CH_0001,85
862fd16251005442768ea2d7__PDFV2__CH_0002,141
862fd16251005442768ea2d7__PDFV2__CH_0003,126
862fd16251005442768ea2d7__PDFV2__CH_0004,105
862fd16251005442768ea2d7__PDFV2__CH_0005,96
862fd16251005442768ea2d7__PDFV2__CH_0006,128
862fd16251005442768ea2d7__PDFV2__CH_0007,107
862fd16251005442768ea2d7__PDFV2__CH_0008,118
862fd16251005442768ea2d7__PDFV2__CH_0009,153
865f8e33b9496e1e1060225b__865f8e33b9496e1e1060225b__SEG_0001__CH_001,162
865f8e33b9496e1e1060225b__865f8e33b9496e1e1060225b__SEG_0001__CH_002,137
865f8e33b9496e1e1060225b__865f8e33b9496e1e1060225b__SEG_0001__CH_003,85
8680e1fd21dbc75e1d1b7b3d__PDFV2__CH_0001,102
869428677422a261605fbf0b__PDFV2__CH_0001,140
869428677422a261605fbf0b__PDFV2__CH_0002,132
869428677422a261605fbf0b__PDFV2__CH_0003,124
869428677422a261605fbf0b__PDFV2__CH_0004,133
869428677422a261605fbf0b__PDFV2__CH_0005,121
869428677422a261605fbf0b__PDFV2__CH_0006,121
869428677422a261605fbf0b__PDFV2__CH_0007,151
869428677422a261605fbf0b__PDFV2__CH_0008,140
869428677422a261605fbf0b__PDFV2__CH_0009,106
869428677422a261605fbf0b__PDFV2__CH_0010,115
869428677422a261605fbf0b__PDFV2__CH_0011,203
869428677422a261605fbf0b__PDFV2__CH_0012,70
869428677422a261605fbf0b__PDFV2__CH_0013,114
869428677422a261605fbf0b__PDFV2__CH_0014,117
869428677422a261605fbf0b__PDFV2__CH_0015,192
869428677422a261605fbf0b__PDFV2__CH_0016,85
869428677422a261605fbf0b__PDFV2__CH_0017,133
8787d49abbc35ea8d9dbe613__PDFV2__CH_0001,137
8787d49abbc35ea8d9dbe613__PDFV2__CH_0002,129
87b31279bfe5a45fcb8fdbc2__87b31279bfe5a45fcb8fdbc2__SEG_0001__CH_002,196
87b31279bfe5a45fcb8fdbc2__87b31279bfe5a45fcb8fdbc2__SEG_0001__CH_003,177
87d3b9967b2307e5642b1fa7__87d3b9967b2307e5642b1fa7__SEG_0001__CH_001,98
87e79dd06e71fd08d425d57b__87e79dd06e71fd08d425d57b__SEG_0001__CH_001,104
8807395bcf053c63846424cc__8807395bcf053c63846424cc__SEG_0001__CH_001,88
8807395bcf053c63846424cc__8807395bcf053c63846424cc__SEG_0001__CH_002,93
8807395bcf053c63846424cc__8807395bcf053c63846424cc__SEG_0001__CH_003,76
885581f9e1b564c6551080db__885581f9e1b564c6551080db__SEG_0001__CH_001,142
885581f9e1b564c6551080db__885581f9e1b564c6551080db__SEG_0001__CH_002,149
885581f9e1b564c6551080db__885581f9e1b564c6551080db__SEG_0001__CH_003,245
885581f9e1b564c6551080db__885581f9e1b564c6551080db__SEG_0001__CH_004,166
885581f9e1b564c6551080db__885581f9e1b564c6551080db__SEG_0002__CH_001,200
885581f9e1b564c6551080db__885581f9e1b564c6551080db__SEG_0002__CH_002,140
885581f9e1b564c6551080db__885581f9e1b564c6551080db__SEG_0002__CH_003,159
885581f9e1b564c6551080db__885581f9e1b564c6551080db__SEG_0002__CH_004,146
885581f9e1b564c6551080db__885581f9e1b564c6551080db__SEG_0002__CH_005,137
88bae94389a8ae4a6bf629ac__88bae94389a8ae4a6bf629ac__SEG_0001__CH_001,75
88bae94389a8ae4a6bf629ac__88bae94389a8ae4a6bf629ac__SEG_0001__CH_002,131
88bae94389a8ae4a6bf629ac__88bae94389a8ae4a6bf629ac__SEG_0001__CH_003,126
88bae94389a8ae4a6bf629ac__88bae94389a8ae4a6bf629ac__SEG_0001__CH_004,126
88bae94389a8ae4a6bf629ac__88bae94389a8ae4a6bf629ac__SEG_0001__CH_005,129
88bae94389a8ae4a6bf629ac__88bae94389a8ae4a6bf629ac__SEG_0001__CH_006,171
88bae94389a8ae4a6bf629ac__88bae94389a8ae4a6bf629ac__SEG_0001__CH_007,132
88bae94389a8ae4a6bf629ac__88bae94389a8ae4a6bf629ac__SEG_0001__CH_008,101
88bae94389a8ae4a6bf629ac__88bae94389a8ae4a6bf629ac__SEG_0002__CH_001,182
88c2305df0dd0a773cd05cc2__88c2305df0dd0a773cd05cc2__SEG_0001__CH_001,90
890497803ed4b2ccf21ae032__890497803ed4b2ccf21ae032__SEG_0001__CH_002,142
890497803ed4b2ccf21ae032__890497803ed4b2ccf21ae032__SEG_0001__CH_004,160
890497803ed4b2ccf21ae032__890497803ed4b2ccf21ae032__SEG_0001__CH_005,181
8904b15cccb2d36313ca4ec0__8904b15cccb2d36313ca4ec0__SEG_0001__CH_001,129
8904b15cccb2d36313ca4ec0__8904b15cccb2d36313ca4ec0__SEG_0001__CH_002,125
8904b15cccb2d36313ca4ec0__8904b15cccb2d36313ca4ec0__SEG_0001__CH_003,194
8904b15cccb2d36313ca4ec0__8904b15cccb2d36313ca4ec0__SEG_0001__CH_004,133
8904b15cccb2d36313ca4ec0__8904b15cccb2d36313ca4ec0__SEG_0001__CH_005,152
8904b15cccb2d36313ca4ec0__8904b15cccb2d36313ca4ec0__SEG_0001__CH_006,139
8904b15cccb2d36313ca4ec0__8904b15cccb2d36313ca4ec0__SEG_0002__CH_001,128
8904b15cccb2d36313ca4ec0__8904b15cccb2d36313ca4ec0__SEG_0002__CH_002,164
8910eeb182787cdc0120bcfc__8910eeb182787cdc0120bcfc__SEG_0001__CH_001,125
8910eeb182787cdc0120bcfc__8910eeb182787cdc0120bcfc__SEG_0001__CH_002,159
89260efa66f38c282745c27d__PDFV2__CH_0001,106
89260efa66f38c282745c27d__PDFV2__CH_0002,121
89260efa66f38c282745c27d__PDFV2__CH_0003,129
89260efa66f38c282745c27d__PDFV2__CH_0004,124
89260efa66f38c282745c27d__PDFV2__CH_0005,135
89260efa66f38c282745c27d__PDFV2__CH_0006,139
89260efa66f38c282745c27d__PDFV2__CH_0007,136
8975ce08d825131851b5a068__8975ce08d825131851b5a068__SEG_0001__CH_001,73
89d446e3b65fe9f252d99a70__89d446e3b65fe9f252d99a70__SEG_0001__CH_001,85
8a1c422b14de548a07039dab__PDFV2__CH_0001,115
8a1c422b14de548a07039dab__PDFV2__CH_0002,116
8a1c422b14de548a07039dab__PDFV2__CH_0003,127
8a1c422b14de548a07039dab__PDFV2__CH_0004__M,144
8a1c422b14de548a07039dab__PDFV2__CH_0006,104
8a1c422b14de548a07039dab__PDFV2__CH_0007,122
8a1c422b14de548a07039dab__PDFV2__CH_0008,78
8a1c422b14de548a07039dab__PDFV2__CH_0009,99
8a1c422b14de548a07039dab__PDFV2__CH_0010__M,123
8a1fd7113d371c03f8353b79__8a1fd7113d371c03f8353b79__SEG_0001__CH_001,86
8a1fd7113d371c03f8353b79__8a1fd7113d371c03f8353b79__SEG_0001__CH_002,106
8a1fd7113d371c03f8353b79__8a1fd7113d371c03f8353b79__SEG_0001__CH_003,142
8a1fd7113d371c03f8353b79__8a1fd7113d371c03f8353b79__SEG_0001__CH_004,125
8a28b93c9b7ae3508c091784__PDFV2__CH_0001,90
8a28b93c9b7ae3508c091784__PDFV2__CH_0002,123
8a67e4cead4f057b70b935de__8a67e4cead4f057b70b935de__SEG_0001__CH_001,132
8a67e4cead4f057b70b935de__8a67e4cead4f057b70b935de__SEG_0001__CH_002,96
8a69ab114dc9b802b66c086a__8a69ab114dc9b802b66c086a__SEG_0001__CH_002,206
8a69ab114dc9b802b66c086a__8a69ab114dc9b802b66c086a__SEG_0001__CH_003,139
8a8157a87b4a9ee55fc898fe__8a8157a87b4a9ee55fc898fe__SEG_0001__CH_001,122
8a8157a87b4a9ee55fc898fe__8a8157a87b4a9ee55fc898fe__SEG_0001__CH_002,153
8a8157a87b4a9ee55fc898fe__8a8157a87b4a9ee55fc898fe__SEG_0001__CH_003,119
8ab16cb31ba0c9a8c442c4fe__8ab16cb31ba0c9a8c442c4fe__SEG_0001__CH_001,71
8ae169052ffaa3df6b6f1b10__PDFV2__CH_0001,110
8ae169052ffaa3df6b6f1b10__PDFV2__CH_0002,126
8ae169052ffaa3df6b6f1b10__PDFV2__CH_0003,171
8ae169052ffaa3df6b6f1b10__PDFV2__CH_0004,150
8ae169052ffaa3df6b6f1b10__PDFV2__CH_0005,117
8ae169052ffaa3df6b6f1b10__PDFV2__CH_0006,95
8ae169052ffaa3df6b6f1b10__PDFV2__CH_0007,90
8ae169052ffaa3df6b6f1b10__PDFV2__CH_0008,126
8ae169052ffaa3df6b6f1b10__PDFV2__CH_0009,75
8ae169052ffaa3df6b6f1b10__PDFV2__CH_0010,136
8ae169052ffaa3df6b6f1b10__PDFV2__CH_0011,114
8ae169052ffaa3df6b6f1b10__PDFV2__CH_0012,79
8ae169052ffaa3df6b6f1b10__PDFV2__CH_0013,158
8ae169052ffaa3df6b6f1b10__PDFV2__CH_0014,160
8ae169052ffaa3df6b6f1b10__PDFV2__CH_0015,86
8ae169052ffaa3df6b6f1b10__PDFV2__CH_0016,113
8ae169052ffaa3df6b6f1b10__PDFV2__CH_0017,134
8ae169052ffaa3df6b6f1b10__PDFV2__CH_0018,137
8ae169052ffaa3df6b6f1b10__PDFV2__CH_0019,126
8ae169052ffaa3df6b6f1b10__PDFV2__CH_0020,140
8ae169052ffaa3df6b6f1b10__PDFV2__CH_0021,104
8ae169052ffaa3df6b6f1b10__PDFV2__CH_0022,160
8ae169052ffaa3df6b6f1b10__PDFV2__CH_0023,118
8ae169052ffaa3df6b6f1b10__PDFV2__CH_0024,126
8ae169052ffaa3df6b6f1b10__PDFV2__CH_0025,73
8ae95da91d67b6f863159108__8ae95da91d67b6f863159108__SEG_0001__CH_002,75
8ae95da91d67b6f863159108__8ae95da91d67b6f863159108__SEG_0001__CH_004,83
8ae95da91d67b6f863159108__8ae95da91d67b6f863159108__SEG_0001__CH_005,93
8ae95da91d67b6f863159108__8ae95da91d67b6f863159108__SEG_0001__CH_006,148
8ae95da91d67b6f863159108__8ae95da91d67b6f863159108__SEG_0001__CH_007,75
8ae95da91d67b6f863159108__8ae95da91d67b6f863159108__SEG_0001__CH_008,101
8ae95da91d67b6f863159108__8ae95da91d67b6f863159108__SEG_0001__CH_009,130
8ae95da91d67b6f863159108__8ae95da91d67b6f863159108__SEG_0001__CH_010,201
8af3dcbd98c0be360b90d25c__8af3dcbd98c0be360b90d25c__SEG_0001__CH_002,83
8b0a4528a8943c5ca6ad1f39__8b0a4528a8943c5ca6ad1f39__SEG_0001__CH_001__M,112
8b0a4528a8943c5ca6ad1f39__8b0a4528a8943c5ca6ad1f39__SEG_0001__CH_003,148
8b0a4528a8943c5ca6ad1f39__8b0a4528a8943c5ca6ad1f39__SEG_0001__CH_004,153
8b0ea7eaf0e80929dd490e03__PDFV2__CH_0001,118
8b0ea7eaf0e80929dd490e03__PDFV2__CH_0002,132
8b0ea7eaf0e80929dd490e03__PDFV2__CH_0003,145
8b0ea7eaf0e80929dd490e03__PDFV2__CH_0004,98
8b0ea7eaf0e80929dd490e03__PDFV2__CH_0005,111
8b0ea7eaf0e80929dd490e03__PDFV2__CH_0006,121
8b0ea7eaf0e80929dd490e03__PDFV2__CH_0007,122
8b0ea7eaf0e80929dd490e03__PDFV2__CH_0008,153
8b0ea7eaf0e80929dd490e03__PDFV2__CH_0009,81
8b0ea7eaf0e80929dd490e03__PDFV2__CH_0010,78
8b0ea7eaf0e80929dd490e03__PDFV2__CH_0011,93
8b0ea7eaf0e80929dd490e03__PDFV2__CH_0012,110
8b0ea7eaf0e80929dd490e03__PDFV2__CH_0013,68
8b0ea7eaf0e80929dd490e03__PDFV2__CH_0014,129
8b418f1d2adab3c158396e42__PDFV2__CH_0001,144
8b418f1d2adab3c158396e42__PDFV2__CH_0002,144
8b418f1d2adab3c158396e42__PDFV2__CH_0003,149
8b418f1d2adab3c158396e42__PDFV2__CH_0004,147
8b418f1d2adab3c158396e42__PDFV2__CH_0005,81
8b418f1d2adab3c158396e42__PDFV2__CH_0006,109
8b418f1d2adab3c158396e42__PDFV2__CH_0007,99
8b418f1d2adab3c158396e42__PDFV2__CH_0008,136
8b418f1d2adab3c158396e42__PDFV2__CH_0009,158
8b418f1d2adab3c158396e42__PDFV2__CH_0010,137
8b418f1d2adab3c158396e42__PDFV2__CH_0011,70
8b418f1d2adab3c158396e42__PDFV2__CH_0012,99
8b418f1d2adab3c158396e42__PDFV2__CH_0013,163
8b418f1d2adab3c158396e42__PDFV2__CH_0014,106
8b4406e6b7c39b2339dbf362__8b4406e6b7c39b2339dbf362__SEG_0001__CH_001,81
8b51f4fc4f4ba8057862542d__8b51f4fc4f4ba8057862542d__SEG_0001__CH_001,109
8b593259d9d1c3801bfa9ffd__8b593259d9d1c3801bfa9ffd__SEG_0001__CH_001,115
8b593259d9d1c3801bfa9ffd__8b593259d9d1c3801bfa9ffd__SEG_0001__CH_002,132
8b593259d9d1c3801bfa9ffd__8b593259d9d1c3801bfa9ffd__SEG_0001__CH_004,137
8b593259d9d1c3801bfa9ffd__8b593259d9d1c3801bfa9ffd__SEG_0001__CH_005,180
8b809683ed10f457f58ed9d6__8b809683ed10f457f58ed9d6__SEG_0001__CH_001,142
8b809683ed10f457f58ed9d6__8b809683ed10f457f58ed9d6__SEG_0001__CH_002,148
8b809683ed10f457f58ed9d6__8b809683ed10f457f58ed9d6__SEG_0001__CH_003,133
8b809683ed10f457f58ed9d6__8b809683ed10f457f58ed9d6__SEG_0001__CH_004,123
8b996aa5b87ff577db9ebcd6__8b996aa5b87ff577db9ebcd6__SEG_0001__CH_001,128
8bcb6255a9c5b7ed836b54bf__PDFV2__CH_0005,88
8bcb6255a9c5b7ed836b54bf__PDFV2__CH_0006,74
8bcb6255a9c5b7ed836b54bf__PDFV2__CH_0007,107
8bcb6255a9c5b7ed836b54bf__PDFV2__CH_0008,122
8bce1189428a6aa95b9466c4__PDFV2__CH_0001,90
8bce1189428a6aa95b9466c4__PDFV2__CH_0002,91
8bce1189428a6aa95b9466c4__PDFV2__CH_0003,91
8bce1189428a6aa95b9466c4__PDFV2__CH_0004,130
8bce1189428a6aa95b9466c4__PDFV2__CH_0005,141
8bce1189428a6aa95b9466c4__PDFV2__CH_0006,120
8bce1189428a6aa95b9466c4__PDFV2__CH_0007,138
8bce1189428a6aa95b9466c4__PDFV2__CH_0008,138
8c1aa157b5b0f04da80a6af7__8c1aa157b5b0f04da80a6af7__SEG_0001__CH_002,152
8c27cd277531d32693596f39__PDFV2__CH_0001,88
8c27cd277531d32693596f39__PDFV2__CH_0002,103
8c27cd277531d32693596f39__PDFV2__CH_0003,134
8c3021bd29af7ea27969b4e9__8c3021bd29af7ea27969b4e9__SEG_0001__CH_001__M,145
8c3021bd29af7ea27969b4e9__8c3021bd29af7ea27969b4e9__SEG_0001__CH_003,100
8c832ab61f03312c5a7d2992__8c832ab61f03312c5a7d2992__SEG_0001__CH_001,111
8ca49d7d706b661562ddf2d2__8ca49d7d706b661562ddf2d2__SEG_0001__CH_001,98
8cdcc38264f2e9866a946cea__PDFV2__CH_0001,131
8cdcc38264f2e9866a946cea__PDFV2__CH_0002,143
8cdcc38264f2e9866a946cea__PDFV2__CH_0003,116
8cdcc38264f2e9866a946cea__PDFV2__CH_0004,120
8cdcc38264f2e9866a946cea__PDFV2__CH_0005,152
8cdcc38264f2e9866a946cea__PDFV2__CH_0006,140
8cdcc38264f2e9866a946cea__PDFV2__CH_0008,142
8cdcc38264f2e9866a946cea__PDFV2__CH_0009,118
8ce5025b818458d4242da2a1__PDFV2__CH_0002,81
8ce5025b818458d4242da2a1__PDFV2__CH_0003,121
8ce5025b818458d4242da2a1__PDFV2__CH_0004,142
8ce5025b818458d4242da2a1__PDFV2__CH_0005,109
8ce5025b818458d4242da2a1__PDFV2__CH_0006,98
8ce5025b818458d4242da2a1__PDFV2__CH_0007,125
8ce5025b818458d4242da2a1__PDFV2__CH_0008,125
8ce5025b818458d4242da2a1__PDFV2__CH_0009,75
8d0bf375a603df8ac1d7dbff__8d0bf375a603df8ac1d7dbff__SEG_0001__CH_001,151
8d0bf375a603df8ac1d7dbff__8d0bf375a603df8ac1d7dbff__SEG_0001__CH_002,126
8d0bf375a603df8ac1d7dbff__8d0bf375a603df8ac1d7dbff__SEG_0001__CH_003,145
8d0bf375a603df8ac1d7dbff__8d0bf375a603df8ac1d7dbff__SEG_0001__CH_004,106
8d1c597a83fdab9c0cf9f7b5__PDFV2__CH_0002,110
8d1c597a83fdab9c0cf9f7b5__PDFV2__CH_0003,125
8d1c597a83fdab9c0cf9f7b5__PDFV2__CH_0004,77
8d1c597a83fdab9c0cf9f7b5__PDFV2__CH_0005,87
8d1c597a83fdab9c0cf9f7b5__PDFV2__CH_0006,115
8d1c597a83fdab9c0cf9f7b5__PDFV2__CH_0007,94
8d1c597a83fdab9c0cf9f7b5__PDFV2__CH_0008,139
8d9333316ffc588df1834b29__8d9333316ffc588df1834b29__SEG_0001__CH_001,61
8d9333316ffc588df1834b29__8d9333316ffc588df1834b29__SEG_0001__CH_002,76
8dbb6385fa2a99172c88f33f__8dbb6385fa2a99172c88f33f__SEG_0001__CH_002,75
8dbb6385fa2a99172c88f33f__8dbb6385fa2a99172c88f33f__SEG_0001__CH_003,83
8df98bb1cc2222d1eb5262d5__8df98bb1cc2222d1eb5262d5__SEG_0001__CH_003,137
8df98bb1cc2222d1eb5262d5__8df98bb1cc2222d1eb5262d5__SEG_0001__CH_004,130
8df98bb1cc2222d1eb5262d5__8df98bb1cc2222d1eb5262d5__SEG_0001__CH_005,142
8e289638aab746fa66f1273d__8e289638aab746fa66f1273d__SEG_0001__CH_001,112
8e289638aab746fa66f1273d__8e289638aab746fa66f1273d__SEG_0001__CH_002__M,137
8e289638aab746fa66f1273d__8e289638aab746fa66f1273d__SEG_0001__CH_004,214
8e289638aab746fa66f1273d__8e289638aab746fa66f1273d__SEG_0001__CH_005,185
8e6a89787fb646859099ffb1__PDFV2__CH_0001,116
8e6a89787fb646859099ffb1__PDFV2__CH_0002,117
8e6a89787fb646859099ffb1__PDFV2__CH_0003,110
8e6c9e1e83314d2fde77469c__8e6c9e1e83314d2fde77469c__SEG_0001__CH_001,168
8e6c9e1e83314d2fde77469c__8e6c9e1e83314d2fde77469c__SEG_0001__CH_002,127
8eb6cb862d161b55e4d9dbca__PDFV2__CH_0001,99
8eb6cb862d161b55e4d9dbca__PDFV2__CH_0002,109
8eb6cb862d161b55e4d9dbca__PDFV2__CH_0003,88
8efa648f0299a1ec62794196__8efa648f0299a1ec62794196__SEG_0001__CH_001,143
8f04adae15aec1c4fc11f12b__8f04adae15aec1c4fc11f12b__SEG_0001__CH_001,76
8f125d0c476c021532c16bc6__8f125d0c476c021532c16bc6__SEG_0001__CH_001,82
8f125d0c476c021532c16bc6__8f125d0c476c021532c16bc6__SEG_0001__CH_002,82
8f23c5bdcbaf051439252b11__8f23c5bdcbaf051439252b11__SEG_0001__CH_001,86
8f23c5bdcbaf051439252b11__8f23c5bdcbaf051439252b11__SEG_0001__CH_002,71
8f2c86eea069d8b99e625b83__8f2c86eea069d8b99e625b83__SEG_0001__CH_001,110
8f2c86eea069d8b99e625b83__8f2c86eea069d8b99e625b83__SEG_0001__CH_002,77
8f45f152da9439fdc1245d0b__8f45f152da9439fdc1245d0b__SEG_0001__CH_001,108
8f45f152da9439fdc1245d0b__8f45f152da9439fdc1245d0b__SEG_0001__CH_002,84
8f45f152da9439fdc1245d0b__8f45f152da9439fdc1245d0b__SEG_0001__CH_003,124
8f45f152da9439fdc1245d0b__8f45f152da9439fdc1245d0b__SEG_0001__CH_004,118
8f5ecfa08d125a783cbb659e__8f5ecfa08d125a783cbb659e__SEG_0001__CH_002,159
8f5ecfa08d125a783cbb659e__8f5ecfa08d125a783cbb659e__SEG_0001__CH_003,143
9063efdfe2143cee9e1a1553__9063efdfe2143cee9e1a1553__SEG_0001__CH_001,121
9063efdfe2143cee9e1a1553__9063efdfe2143cee9e1a1553__SEG_0001__CH_002,86
90a459358971af172f433fdd__90a459358971af172f433fdd__SEG_0001__CH_001,98
90d2697ff1a22aa047d2ad9b__90d2697ff1a22aa047d2ad9b__SEG_0001__CH_002,99
91417936ec4ba77f0f3ce38b__91417936ec4ba77f0f3ce38b__SEG_0001__CH_001,72
91417936ec4ba77f0f3ce38b__91417936ec4ba77f0f3ce38b__SEG_0001__CH_002,87
91629eecec1b03d736f401e9__91629eecec1b03d736f401e9__SEG_0001__CH_001,104
91629eecec1b03d736f401e9__91629eecec1b03d736f401e9__SEG_0001__CH_002,95
92016cc9941fb106b18105e8__PDFV2__CH_0002,128
92016cc9941fb106b18105e8__PDFV2__CH_0003,156
922cb5db6a259aefeaa5f58a__922cb5db6a259aefeaa5f58a__SEG_0001__CH_001,104
922cb5db6a259aefeaa5f58a__922cb5db6a259aefeaa5f58a__SEG_0001__CH_002,102
922cb5db6a259aefeaa5f58a__922cb5db6a259aefeaa5f58a__SEG_0001__CH_003,96
922cb5db6a259aefeaa5f58a__922cb5db6a259aefeaa5f58a__SEG_0001__CH_005,94
922cb5db6a259aefeaa5f58a__922cb5db6a259aefeaa5f58a__SEG_0001__CH_006,98
92364b9b7d3c6ecda75a18d6__92364b9b7d3c6ecda75a18d6__SEG_0001__CH_001,131
92364b9b7d3c6ecda75a18d6__92364b9b7d3c6ecda75a18d6__SEG_0001__CH_002,140
92364b9b7d3c6ecda75a18d6__92364b9b7d3c6ecda75a18d6__SEG_0001__CH_003,122
92364b9b7d3c6ecda75a18d6__92364b9b7d3c6ecda75a18d6__SEG_0001__CH_004,82
92364b9b7d3c6ecda75a18d6__92364b9b7d3c6ecda75a18d6__SEG_0001__CH_005,98
927bba8f37474f69fd7663ec__927bba8f37474f69fd7663ec__SEG_0001__CH_002,128
927bba8f37474f69fd7663ec__927bba8f37474f69fd7663ec__SEG_0001__CH_003__S1,113
927bba8f37474f69fd7663ec__927bba8f37474f69fd7663ec__SEG_0001__CH_003__S2,104
92d78ed46107064e512af4f7__92d78ed46107064e512af4f7__SEG_0001__CH_001,173
931443aa83c1b4233ba0b58d__PDFV2__CH_0001,135
931443aa83c1b4233ba0b58d__PDFV2__CH_0002__M,124
931443aa83c1b4233ba0b58d__PDFV2__CH_0004,126
931443aa83c1b4233ba0b58d__PDFV2__CH_0005,136
931443aa83c1b4233ba0b58d__PDFV2__CH_0006,99
9319311a5912ba7bbe92a86c__9319311a5912ba7bbe92a86c__SEG_0001__CH_001,92
9319311a5912ba7bbe92a86c__9319311a5912ba7bbe92a86c__SEG_0001__CH_002,87
933b50fe844ea219c1aa47cc__933b50fe844ea219c1aa47cc__SEG_0001__CH_001,82
933c704266b279e88a6dae81__PDFV2__CH_0001,120
933c704266b279e88a6dae81__PDFV2__CH_0002,140
933c704266b279e88a6dae81__PDFV2__CH_0003,131
933c704266b279e88a6dae81__PDFV2__CH_0004,118
938a2567db8d9bd7b9f26911__PDFV2__CH_0001,106
938a2567db8d9bd7b9f26911__PDFV2__CH_0003,116
938a2567db8d9bd7b9f26911__PDFV2__CH_0004,135
93908d21972edd422f7c7bed__93908d21972edd422f7c7bed__SEG_0001__CH_001,96
93908d21972edd422f7c7bed__93908d21972edd422f7c7bed__SEG_0001__CH_002,87
93908d21972edd422f7c7bed__93908d21972edd422f7c7bed__SEG_0001__CH_003,85
93aa4b894be507df58c851b7__93aa4b894be507df58c851b7__SEG_0001__CH_001,100
93aa4b894be507df58c851b7__93aa4b894be507df58c851b7__SEG_0001__CH_002,128
93aa4b894be507df58c851b7__93aa4b894be507df58c851b7__SEG_0001__CH_003,157
945edc20d62c239273246ba1__945edc20d62c239273246ba1__SEG_0001__CH_001,90
949f5785b2de0619790de485__949f5785b2de0619790de485__SEG_0001__CH_002,131
94a4abd6087cf7ed445d3597__PDFV2__CH_0002,143
94a4abd6087cf7ed445d3597__PDFV2__CH_0003,147
94a4abd6087cf7ed445d3597__PDFV2__CH_0004,72
94a4abd6087cf7ed445d3597__PDFV2__CH_0005,108
94a4abd6087cf7ed445d3597__PDFV2__CH_0006,101
94a4abd6087cf7ed445d3597__PDFV2__CH_0007,148
94a4abd6087cf7ed445d3597__PDFV2__CH_0008,113
94a4abd6087cf7ed445d3597__PDFV2__CH_0009,128
94a4abd6087cf7ed445d3597__PDFV2__CH_0010,100
94a4abd6087cf7ed445d3597__PDFV2__CH_0011,139
94a4abd6087cf7ed445d3597__PDFV2__CH_0012,131
94a4abd6087cf7ed445d3597__PDFV2__CH_0013,112
94a4abd6087cf7ed445d3597__PDFV2__CH_0014,137
94a4abd6087cf7ed445d3597__PDFV2__CH_0015,112
94a4abd6087cf7ed445d3597__PDFV2__CH_0016,127
94a4abd6087cf7ed445d3597__PDFV2__CH_0017,128
9508d0c9b439701cd2cf0751__9508d0c9b439701cd2cf0751__SEG_0001__CH_001,131
955d1ad9eb8fc0adbcf9a289__955d1ad9eb8fc0adbcf9a289__SEG_0001__CH_001,116
95602e81f4f43d1b145c8977__95602e81f4f43d1b145c8977__SEG_0001__CH_001,87
95ec057220de897629dc2b28__PDFV2__CH_0001,95
95ec057220de897629dc2b28__PDFV2__CH_0002,150
95ff80d60caafcaf25d29fe9__95ff80d60caafcaf25d29fe9__SEG_0001__CH_001,151
95ff80d60caafcaf25d29fe9__95ff80d60caafcaf25d29fe9__SEG_0001__CH_002,109
9638ca65bb448d2135d6902e__PDFV2__CH_0001,110
9638ca65bb448d2135d6902e__PDFV2__CH_0002,107
9638ca65bb448d2135d6902e__PDFV2__CH_0003,122
9638ca65bb448d2135d6902e__PDFV2__CH_0004,116
9638ca65bb448d2135d6902e__PDFV2__CH_0005,113
9638ca65bb448d2135d6902e__PDFV2__CH_0006,90
9638ca65bb448d2135d6902e__PDFV2__CH_0008,109
9638ca65bb448d2135d6902e__PDFV2__CH_0009,90
9638ca65bb448d2135d6902e__PDFV2__CH_0010,122
9638ca65bb448d2135d6902e__PDFV2__CH_0011,95
9638ca65bb448d2135d6902e__PDFV2__CH_0012,112
9648741269dfa80c5bbe75bf__PDFV2__CH_0001,92
9648741269dfa80c5bbe75bf__PDFV2__CH_0002,95
9648741269dfa80c5bbe75bf__PDFV2__CH_0003,99
9648741269dfa80c5bbe75bf__PDFV2__CH_0004,147
9648741269dfa80c5bbe75bf__PDFV2__CH_0005,125
9648741269dfa80c5bbe75bf__PDFV2__CH_0006,174
9648741269dfa80c5bbe75bf__PDFV2__CH_0007,99
9648741269dfa80c5bbe75bf__PDFV2__CH_0008,140
9648741269dfa80c5bbe75bf__PDFV2__CH_0011,79
9648741269dfa80c5bbe75bf__PDFV2__CH_0012,150
9648741269dfa80c5bbe75bf__PDFV2__CH_0013,122
9648741269dfa80c5bbe75bf__PDFV2__CH_0014,124
9648741269dfa80c5bbe75bf__PDFV2__CH_0015,107
9648741269dfa80c5bbe75bf__PDFV2__CH_0016,96
9648741269dfa80c5bbe75bf__PDFV2__CH_0017,120
9648741269dfa80c5bbe75bf__PDFV2__CH_0020,117
9648741269dfa80c5bbe75bf__PDFV2__CH_0021,98
9648741269dfa80c5bbe75bf__PDFV2__CH_0022,119
9648741269dfa80c5bbe75bf__PDFV2__CH_0023,111
9648741269dfa80c5bbe75bf__PDFV2__CH_0024,102
968d38a7d0bfcf06a1cfeffd__968d38a7d0bfcf06a1cfeffd__SEG_0001__CH_001__S1,211
968d38a7d0bfcf06a1cfeffd__968d38a7d0bfcf06a1cfeffd__SEG_0001__CH_001__S2,192
968d38a7d0bfcf06a1cfeffd__968d38a7d0bfcf06a1cfeffd__SEG_0001__CH_001__S3,100
968d38a7d0bfcf06a1cfeffd__968d38a7d0bfcf06a1cfeffd__SEG_0001__CH_001__S4,126
968d38a7d0bfcf06a1cfeffd__968d38a7d0bfcf06a1cfeffd__SEG_0001__CH_001__S5,101
968d38a7d0bfcf06a1cfeffd__968d38a7d0bfcf06a1cfeffd__SEG_0001__CH_001__S6,119
96a80bccf5b98e946a9cd3ab__96a80bccf5b98e946a9cd3ab__SEG_0001__CH_001,95
96a80bccf5b98e946a9cd3ab__96a80bccf5b98e946a9cd3ab__SEG_0001__CH_002,176
96a80bccf5b98e946a9cd3ab__96a80bccf5b98e946a9cd3ab__SEG_0001__CH_003,117
96a80bccf5b98e946a9cd3ab__96a80bccf5b98e946a9cd3ab__SEG_0001__CH_004,99
96a80bccf5b98e946a9cd3ab__96a80bccf5b98e946a9cd3ab__SEG_0001__CH_005,380
96a80bccf5b98e946a9cd3ab__96a80bccf5b98e946a9cd3ab__SEG_0001__CH_006,95
973b865e7e6436af76b79276__PDFV2__CH_0013,104
97d224f6adaaf884f46eb844__PDFV2__CH_0003,127
97d224f6adaaf884f46eb844__PDFV2__CH_0004,65
97d224f6adaaf884f46eb844__PDFV2__CH_0005,104
97d224f6adaaf884f46eb844__PDFV2__CH_0006,178
97d224f6adaaf884f46eb844__PDFV2__CH_0007,85
97d224f6adaaf884f46eb844__PDFV2__CH_0008,84
97d224f6adaaf884f46eb844__PDFV2__CH_0009,112
97d224f6adaaf884f46eb844__PDFV2__CH_0010,139
97d224f6adaaf884f46eb844__PDFV2__CH_0011,132
97d224f6adaaf884f46eb844__PDFV2__CH_0012,107
97d224f6adaaf884f46eb844__PDFV2__CH_0013,74
97d224f6adaaf884f46eb844__PDFV2__CH_0014,111
97d224f6adaaf884f46eb844__PDFV2__CH_0015,88
97d224f6adaaf884f46eb844__PDFV2__CH_0016,155
97d224f6adaaf884f46eb844__PDFV2__CH_0018,118
97d224f6adaaf884f46eb844__PDFV2__CH_0019,109
97d224f6adaaf884f46eb844__PDFV2__CH_0020,130
97d224f6adaaf884f46eb844__PDFV2__CH_0021,118
97d224f6adaaf884f46eb844__PDFV2__CH_0022,112
97d224f6adaaf884f46eb844__PDFV2__CH_0023,157
97d224f6adaaf884f46eb844__PDFV2__CH_0024,102
97d224f6adaaf884f46eb844__PDFV2__CH_0025,131
97d224f6adaaf884f46eb844__PDFV2__CH_0026,113
97d224f6adaaf884f46eb844__PDFV2__CH_0027,131
97d224f6adaaf884f46eb844__PDFV2__CH_0028,108
97d224f6adaaf884f46eb844__PDFV2__CH_0029,109
97d224f6adaaf884f46eb844__PDFV2__CH_0030,134
97d81578b0221920571c8768__PDFV2__CH_0001,98
97d81578b0221920571c8768__PDFV2__CH_0002,105
97d81578b0221920571c8768__PDFV2__CH_0003,147
97d81578b0221920571c8768__PDFV2__CH_0004,131
97d81578b0221920571c8768__PDFV2__CH_0005,118
97d81578b0221920571c8768__PDFV2__CH_0006,123
97d81578b0221920571c8768__PDFV2__CH_0007,133
97d81578b0221920571c8768__PDFV2__CH_0008,135
98539201ca4b0dd389a2d272__98539201ca4b0dd389a2d272__SEG_0001__CH_002,105
98539201ca4b0dd389a2d272__98539201ca4b0dd389a2d272__SEG_0001__CH_003,86
98539201ca4b0dd389a2d272__98539201ca4b0dd389a2d272__SEG_0001__CH_004,127
98539201ca4b0dd389a2d272__98539201ca4b0dd389a2d272__SEG_0001__CH_005,111
98539201ca4b0dd389a2d272__98539201ca4b0dd389a2d272__SEG_0001__CH_006,115
98539201ca4b0dd389a2d272__98539201ca4b0dd389a2d272__SEG_0001__CH_007,257
98539201ca4b0dd389a2d272__98539201ca4b0dd389a2d272__SEG_0001__CH_008,149
986ab18401f1c9b38ab2aae4__986ab18401f1c9b38ab2aae4__SEG_0001__CH_001,93
986ab18401f1c9b38ab2aae4__986ab18401f1c9b38ab2aae4__SEG_0001__CH_002,152
986ab18401f1c9b38ab2aae4__986ab18401f1c9b38ab2aae4__SEG_0001__CH_003,93
988d13d804115bb5aadfbbc8__988d13d804115bb5aadfbbc8__SEG_0001__CH_002,156
988d13d804115bb5aadfbbc8__988d13d804115bb5aadfbbc8__SEG_0001__CH_003,122
988d13d804115bb5aadfbbc8__988d13d804115bb5aadfbbc8__SEG_0001__CH_004,104
989b1d7e8a340760b5bfba2f__989b1d7e8a340760b5bfba2f__SEG_0001__CH_001,139
989b1d7e8a340760b5bfba2f__989b1d7e8a340760b5bfba2f__SEG_0001__CH_002,101
989b1d7e8a340760b5bfba2f__989b1d7e8a340760b5bfba2f__SEG_0001__CH_003,150
98d219fc6ad9cd1fd358ed58__98d219fc6ad9cd1fd358ed58__SEG_0001__CH_001,126
9960b3c9b8f398c626a848e6__PDFV2__CH_0007,90
9960b3c9b8f398c626a848e6__PDFV2__CH_0008,88
9960b3c9b8f398c626a848e6__PDFV2__CH_0009,93
9960b3c9b8f398c626a848e6__PDFV2__CH_0014,115
9960b3c9b8f398c626a848e6__PDFV2__CH_0015,96
9960b3c9b8f398c626a848e6__PDFV2__CH_0016,79
99d9a9fa110e9d56eb964b6b__PDFV2__CH_0001,118
99d9a9fa110e9d56eb964b6b__PDFV2__CH_0002,105
99d9a9fa110e9d56eb964b6b__PDFV2__CH_0003,104
99d9a9fa110e9d56eb964b6b__PDFV2__CH_0004,173
99d9a9fa110e9d56eb964b6b__PDFV2__CH_0005,113
99d9a9fa110e9d56eb964b6b__PDFV2__CH_0006,126
99d9a9fa110e9d56eb964b6b__PDFV2__CH_0007,85
99d9a9fa110e9d56eb964b6b__PDFV2__CH_0008,125
99d9a9fa110e9d56eb964b6b__PDFV2__CH_0009,184
99d9a9fa110e9d56eb964b6b__PDFV2__CH_0010,133
99d9a9fa110e9d56eb964b6b__PDFV2__CH_0011,142
99d9a9fa110e9d56eb964b6b__PDFV2__CH_0012,134
99d9a9fa110e9d56eb964b6b__PDFV2__CH_0013,125
99d9a9fa110e9d56eb964b6b__PDFV2__CH_0014,151
99d9a9fa110e9d56eb964b6b__PDFV2__CH_0015__M,142
99d9a9fa110e9d56eb964b6b__PDFV2__CH_0017,148
99d9a9fa110e9d56eb964b6b__PDFV2__CH_0018,113
99d9a9fa110e9d56eb964b6b__PDFV2__CH_0019,121
99d9a9fa110e9d56eb964b6b__PDFV2__CH_0020,154
99d9a9fa110e9d56eb964b6b__PDFV2__CH_0021,117
99d9a9fa110e9d56eb964b6b__PDFV2__CH_0022,97
99d9a9fa110e9d56eb964b6b__PDFV2__CH_0023,167
99d9a9fa110e9d56eb964b6b__PDFV2__CH_0024,125
99d9a9fa110e9d56eb964b6b__PDFV2__CH_0025,107
99d9a9fa110e9d56eb964b6b__PDFV2__CH_0026,113
99d9a9fa110e9d56eb964b6b__PDFV2__CH_0027,102
99d9a9fa110e9d56eb964b6b__PDFV2__CH_0028,125
99d9a9fa110e9d56eb964b6b__PDFV2__CH_0029,108
99d9a9fa110e9d56eb964b6b__PDFV2__CH_0030,84
99d9a9fa110e9d56eb964b6b__PDFV2__CH_0031,123
99d9a9fa110e9d56eb964b6b__PDFV2__CH_0032,126
99d9a9fa110e9d56eb964b6b__PDFV2__CH_0033,130
99d9a9fa110e9d56eb964b6b__PDFV2__CH_0034,152
99d9a9fa110e9d56eb964b6b__PDFV2__CH_0035,105
99d9a9fa110e9d56eb964b6b__PDFV2__CH_0036,111
99d9a9fa110e9d56eb964b6b__PDFV2__CH_0037,113
99d9a9fa110e9d56eb964b6b__PDFV2__CH_0038,122
99d9a9fa110e9d56eb964b6b__PDFV2__CH_0039,137
99d9a9fa110e9d56eb964b6b__PDFV2__CH_0040,135
99d9a9fa110e9d56eb964b6b__PDFV2__CH_0041,101
99d9a9fa110e9d56eb964b6b__PDFV2__CH_0042,108
99d9a9fa110e9d56eb964b6b__PDFV2__CH_0045,132
99d9a9fa110e9d56eb964b6b__PDFV2__CH_0046,142
99d9a9fa110e9d56eb964b6b__PDFV2__CH_0047,99
99d9a9fa110e9d56eb964b6b__PDFV2__CH_0048,137
99d9a9fa110e9d56eb964b6b__PDFV2__CH_0049,148
99dec21d26ef05a7fdca4c4b__PDFV2__CH_0001,139
99dec21d26ef05a7fdca4c4b__PDFV2__CH_0002,139
9a362649da0dbf27e711c1cb__PDFV2__CH_0001,86
9a362649da0dbf27e711c1cb__PDFV2__CH_0002,136
9a362649da0dbf27e711c1cb__PDFV2__CH_0003,131
9a362649da0dbf27e711c1cb__PDFV2__CH_0004,115
9a362649da0dbf27e711c1cb__PDFV2__CH_0005,90
9a362649da0dbf27e711c1cb__PDFV2__CH_0006,133
9a362649da0dbf27e711c1cb__PDFV2__CH_0007,91
9a362649da0dbf27e711c1cb__PDFV2__CH_0008,105
9a362649da0dbf27e711c1cb__PDFV2__CH_0009,104
9a362649da0dbf27e711c1cb__PDFV2__CH_0010,150
9a362649da0dbf27e711c1cb__PDFV2__CH_0011,115
9a362649da0dbf27e711c1cb__PDFV2__CH_0012,64
9a6b8faf1a49f61f55829c3d__9a6b8faf1a49f61f55829c3d__SEG_0001__CH_001,99
9a6b8faf1a49f61f55829c3d__9a6b8faf1a49f61f55829c3d__SEG_0001__CH_004,130
9a6b8faf1a49f61f55829c3d__9a6b8faf1a49f61f55829c3d__SEG_0001__CH_005,118
9a6b8faf1a49f61f55829c3d__9a6b8faf1a49f61f55829c3d__SEG_0001__CH_006,90
9aa6436b18eeba7120273e67__9aa6436b18eeba7120273e67__SEG_0001__CH_002,84
9ae15e3529be1865bf448e32__9ae15e3529be1865bf448e32__SEG_0001__CH_001,129
9ae15e3529be1865bf448e32__9ae15e3529be1865bf448e32__SEG_0001__CH_002,97
9ae15e3529be1865bf448e32__9ae15e3529be1865bf448e32__SEG_0001__CH_003,90
9ae15e3529be1865bf448e32__9ae15e3529be1865bf448e32__SEG_0001__CH_004,100
9ae15e3529be1865bf448e32__9ae15e3529be1865bf448e32__SEG_0001__CH_005,120
9b1486b7372867c029fdd92d__9b1486b7372867c029fdd92d__SEG_0001__CH_001,72
9b59c965314ec4de4b235cd8__PDFV2__CH_0001,130
9b59c965314ec4de4b235cd8__PDFV2__CH_0002,172
9b59c965314ec4de4b235cd8__PDFV2__CH_0003,106
9b59c965314ec4de4b235cd8__PDFV2__CH_0004,97
9b59c965314ec4de4b235cd8__PDFV2__CH_0005,106
9b59c965314ec4de4b235cd8__PDFV2__CH_0006,85
9b59c965314ec4de4b235cd8__PDFV2__CH_0007,112
9b59c965314ec4de4b235cd8__PDFV2__CH_0008,82
9b59c965314ec4de4b235cd8__PDFV2__CH_0010,114
9b59c965314ec4de4b235cd8__PDFV2__CH_0011,120
9b59c965314ec4de4b235cd8__PDFV2__CH_0012,101
9b59c965314ec4de4b235cd8__PDFV2__CH_0013,81
9b59c965314ec4de4b235cd8__PDFV2__CH_0014,125
9b59c965314ec4de4b235cd8__PDFV2__CH_0015,107
9b59c965314ec4de4b235cd8__PDFV2__CH_0016,110
9b59c965314ec4de4b235cd8__PDFV2__CH_0017,118
9b59c965314ec4de4b235cd8__PDFV2__CH_0018,110
9b59c965314ec4de4b235cd8__PDFV2__CH_0019,104
9b59c965314ec4de4b235cd8__PDFV2__CH_0020,87
9b59c965314ec4de4b235cd8__PDFV2__CH_0021,131
9b59c965314ec4de4b235cd8__PDFV2__CH_0022,125
9b59c965314ec4de4b235cd8__PDFV2__CH_0023,129
9b59c965314ec4de4b235cd8__PDFV2__CH_0024,118
9b59c965314ec4de4b235cd8__PDFV2__CH_0025,105
9b59c965314ec4de4b235cd8__PDFV2__CH_0026,74
9b59c965314ec4de4b235cd8__PDFV2__CH_0027,83
9b59c965314ec4de4b235cd8__PDFV2__CH_0028,132
9b59c965314ec4de4b235cd8__PDFV2__CH_0030,109
9b59c965314ec4de4b235cd8__PDFV2__CH_0031,103
9b59c965314ec4de4b235cd8__PDFV2__CH_0032,123
9b59c965314ec4de4b235cd8__PDFV2__CH_0033,125
9b59c965314ec4de4b235cd8__PDFV2__CH_0034,96
9b59c965314ec4de4b235cd8__PDFV2__CH_0035,124
9c10fead8dc5f46af93a55c3__9c10fead8dc5f46af93a55c3__SEG_0001__CH_001,115
9c25fcf409cd61540f8ad3c0__9c25fcf409cd61540f8ad3c0__SEG_0001__CH_001,79
9c25fcf409cd61540f8ad3c0__9c25fcf409cd61540f8ad3c0__SEG_0001__CH_002,114
9c47b2bd0733ff388586dec0__9c47b2bd0733ff388586dec0__SEG_0001__CH_001,82
9c47b2bd0733ff388586dec0__9c47b2bd0733ff388586dec0__SEG_0001__CH_002,102
9c47b2bd0733ff388586dec0__9c47b2bd0733ff388586dec0__SEG_0001__CH_003,143
9c47b2bd0733ff388586dec0__9c47b2bd0733ff388586dec0__SEG_0001__CH_004,148
9c47b2bd0733ff388586dec0__9c47b2bd0733ff388586dec0__SEG_0001__CH_005,93
9c47b2bd0733ff388586dec0__9c47b2bd0733ff388586dec0__SEG_0001__CH_006,114
9c47b2bd0733ff388586dec0__9c47b2bd0733ff388586dec0__SEG_0001__CH_007,134
9c47b2bd0733ff388586dec0__9c47b2bd0733ff388586dec0__SEG_0001__CH_008,126
9c9d0c71218e02939d7ff327__PDFV2__CH_0001,97
9c9d0c71218e02939d7ff327__PDFV2__CH_0002,113
9c9d0c71218e02939d7ff327__PDFV2__CH_0003,118
9c9d0c71218e02939d7ff327__PDFV2__CH_0004,114
9c9d0c71218e02939d7ff327__PDFV2__CH_0005,136
9c9d0c71218e02939d7ff327__PDFV2__CH_0006,115
9cb6b685f403d834735cb36d__9cb6b685f403d834735cb36d__SEG_0001__CH_001,97
9cb6b685f403d834735cb36d__9cb6b685f403d834735cb36d__SEG_0001__CH_002,125
9cb6b685f403d834735cb36d__9cb6b685f403d834735cb36d__SEG_0001__CH_003,106
9cb6b685f403d834735cb36d__9cb6b685f403d834735cb36d__SEG_0001__CH_004,96
9d10bfa970bc5a22ec2b345f__9d10bfa970bc5a22ec2b345f__SEG_0001__CH_002,122
9d1129f9bebb07390874737a__PDFV2__CH_0001,108
9d893ca35908e89370b181e9__9d893ca35908e89370b181e9__SEG_0001__CH_001,125
9d93a90995f2b8079a089276__PDFV2__CH_0007,118
9d93a90995f2b8079a089276__PDFV2__CH_0008__M,144
9d93a90995f2b8079a089276__PDFV2__CH_0010,134
9d93a90995f2b8079a089276__PDFV2__CH_0011,187
9d93a90995f2b8079a089276__PDFV2__CH_0012,147
9d93a90995f2b8079a089276__PDFV2__CH_0013,104
9d93a90995f2b8079a089276__PDFV2__CH_0014,90
9d93a90995f2b8079a089276__PDFV2__CH_0015__M,142
9d93a90995f2b8079a089276__PDFV2__CH_0017,112
9d93a90995f2b8079a089276__PDFV2__CH_0018,207
9d93a90995f2b8079a089276__PDFV2__CH_0019,218
9d93a90995f2b8079a089276__PDFV2__CH_0020__M,126
9d93a90995f2b8079a089276__PDFV2__CH_0022,105
9d93a90995f2b8079a089276__PDFV2__CH_0023,104
9d93a90995f2b8079a089276__PDFV2__CH_0024,185
9d93a90995f2b8079a089276__PDFV2__CH_0025,77
9d93a90995f2b8079a089276__PDFV2__CH_0026,152
9d93a90995f2b8079a089276__PDFV2__CH_0027,140
9d93a90995f2b8079a089276__PDFV2__CH_0028,101
9d93a90995f2b8079a089276__PDFV2__CH_0029,87
9d93a90995f2b8079a089276__PDFV2__CH_0030,98
9d93a90995f2b8079a089276__PDFV2__CH_0031,113
9d93a90995f2b8079a089276__PDFV2__CH_0032,73
9d93a90995f2b8079a089276__PDFV2__CH_0033,72
9d93a90995f2b8079a089276__PDFV2__CH_0034,113
9d93a90995f2b8079a089276__PDFV2__CH_0035,145
9d93a90995f2b8079a089276__PDFV2__CH_0036,103
9d93a90995f2b8079a089276__PDFV2__CH_0037,95
9d93a90995f2b8079a089276__PDFV2__CH_0038,120
9d93a90995f2b8079a089276__PDFV2__CH_0039,105
9d93a90995f2b8079a089276__PDFV2__CH_0040,103
9d93a90995f2b8079a089276__PDFV2__CH_0041,110
9d93a90995f2b8079a089276__PDFV2__CH_0042,125
9d93a90995f2b8079a089276__PDFV2__CH_0043,96
9d93a90995f2b8079a089276__PDFV2__CH_0044,133
9d93a90995f2b8079a089276__PDFV2__CH_0045,156
9d93a90995f2b8079a089276__PDFV2__CH_0046,92
9d93a90995f2b8079a089276__PDFV2__CH_0049,102
9d93a90995f2b8079a089276__PDFV2__CH_0050,100
9d93a90995f2b8079a089276__PDFV2__CH_0051,104
9d93a90995f2b8079a089276__PDFV2__CH_0052,121
9d93a90995f2b8079a089276__PDFV2__CH_0053,108
9d93a90995f2b8079a089276__PDFV2__CH_0054,140
9d93a90995f2b8079a089276__PDFV2__CH_0055,154
9d93a90995f2b8079a089276__PDFV2__CH_0056,179
9d93a90995f2b8079a089276__PDFV2__CH_0057,134
9d93a90995f2b8079a089276__PDFV2__CH_0058,147
9d93a90995f2b8079a089276__PDFV2__CH_0059,159
9d93a90995f2b8079a089276__PDFV2__CH_0060,144
9d93a90995f2b8079a089276__PDFV2__CH_0061,157
9d93a90995f2b8079a089276__PDFV2__CH_0062,122
9d93a90995f2b8079a089276__PDFV2__CH_0063__M,128
9d93a90995f2b8079a089276__PDFV2__CH_0065,125
9d93a90995f2b8079a089276__PDFV2__CH_0066,97
9d93a90995f2b8079a089276__PDFV2__CH_0067,125
9d93a90995f2b8079a089276__PDFV2__CH_0068,112
9d93a90995f2b8079a089276__PDFV2__CH_0069,139
9d93a90995f2b8079a089276__PDFV2__CH_0070,146
9d93a90995f2b8079a089276__PDFV2__CH_0071,120
9d93a90995f2b8079a089276__PDFV2__CH_0072,150
9d93a90995f2b8079a089276__PDFV2__CH_0073,180
9d93a90995f2b8079a089276__PDFV2__CH_0074,126
9d93a90995f2b8079a089276__PDFV2__CH_0075,145
9d93a90995f2b8079a089276__PDFV2__CH_0076,136
9d93a90995f2b8079a089276__PDFV2__CH_0077,134
9d93a90995f2b8079a089276__PDFV2__CH_0078,194
9d93a90995f2b8079a089276__PDFV2__CH_0079,104
9d93a90995f2b8079a089276__PDFV2__CH_0080,98
9d93a90995f2b8079a089276__PDFV2__CH_0081,114
9d93a90995f2b8079a089276__PDFV2__CH_0083,89
9d93a90995f2b8079a089276__PDFV2__CH_0084,99
9d93a90995f2b8079a089276__PDFV2__CH_0085,119
9d93a90995f2b8079a089276__PDFV2__CH_0086,106
9d93a90995f2b8079a089276__PDFV2__CH_0087,114
9d93a90995f2b8079a089276__PDFV2__CH_0088,111
9d93a90995f2b8079a089276__PDFV2__CH_0089,86
9d93a90995f2b8079a089276__PDFV2__CH_0090,119
9d93a90995f2b8079a089276__PDFV2__CH_0091,164
9d93a90995f2b8079a089276__PDFV2__CH_0092,115
9d93a90995f2b8079a089276__PDFV2__CH_0093,82
9d93a90995f2b8079a089276__PDFV2__CH_0094,123
9d93a90995f2b8079a089276__PDFV2__CH_0095,134
9d93a90995f2b8079a089276__PDFV2__CH_0096,115
9d93a90995f2b8079a089276__PDFV2__CH_0097,117
9d93a90995f2b8079a089276__PDFV2__CH_0098,140
9d93a90995f2b8079a089276__PDFV2__CH_0099,113
9d93a90995f2b8079a089276__PDFV2__CH_0100,132
9d93a90995f2b8079a089276__PDFV2__CH_0101,137
9d93a90995f2b8079a089276__PDFV2__CH_0102,147
9d93a90995f2b8079a089276__PDFV2__CH_0103,90
9d93a90995f2b8079a089276__PDFV2__CH_0104,173
9d93a90995f2b8079a089276__PDFV2__CH_0105,86
9d93a90995f2b8079a089276__PDFV2__CH_0106,162
9d93a90995f2b8079a089276__PDFV2__CH_0107,81
9d93a90995f2b8079a089276__PDFV2__CH_0108,97
9d93a90995f2b8079a089276__PDFV2__CH_0109__M,138
9d93a90995f2b8079a089276__PDFV2__CH_0111,134
9d93a90995f2b8079a089276__PDFV2__CH_0112,143
9d93a90995f2b8079a089276__PDFV2__CH_0113,155
9d93a90995f2b8079a089276__PDFV2__CH_0114__M,128
9d93a90995f2b8079a089276__PDFV2__CH_0116,133
9d93a90995f2b8079a089276__PDFV2__CH_0117,133
9d93a90995f2b8079a089276__PDFV2__CH_0118__M,109
9d93a90995f2b8079a089276__PDFV2__CH_0121,124
9d93a90995f2b8079a089276__PDFV2__CH_0122,107
9d93a90995f2b8079a089276__PDFV2__CH_0123,130
9d93a90995f2b8079a089276__PDFV2__CH_0124,110
9d93a90995f2b8079a089276__PDFV2__CH_0125,110
9d93a90995f2b8079a089276__PDFV2__CH_0126,121
9d93a90995f2b8079a089276__PDFV2__CH_0127,160
9d93a90995f2b8079a089276__PDFV2__CH_0128,84
9d93a90995f2b8079a089276__PDFV2__CH_0129,129
9d93a90995f2b8079a089276__PDFV2__CH_0130,138
9d93a90995f2b8079a089276__PDFV2__CH_0131,137
9d93a90995f2b8079a089276__PDFV2__CH_0132,94
9d93a90995f2b8079a089276__PDFV2__CH_0133,111
9d93a90995f2b8079a089276__PDFV2__CH_0134,82
9d93a90995f2b8079a089276__PDFV2__CH_0135,152
9d93a90995f2b8079a089276__PDFV2__CH_0136,144
9d93a90995f2b8079a089276__PDFV2__CH_0137,138
9d93a90995f2b8079a089276__PDFV2__CH_0138,140
9d93a90995f2b8079a089276__PDFV2__CH_0139,93
9d93a90995f2b8079a089276__PDFV2__CH_0140,107
9d93a90995f2b8079a089276__PDFV2__CH_0141,122
9d93a90995f2b8079a089276__PDFV2__CH_0142,126
9d93a90995f2b8079a089276__PDFV2__CH_0143,89
9d93a90995f2b8079a089276__PDFV2__CH_0144,125
9d93a90995f2b8079a089276__PDFV2__CH_0145__M,152
9d93a90995f2b8079a089276__PDFV2__CH_0147,125
9d93a90995f2b8079a089276__PDFV2__CH_0149,131
9d93a90995f2b8079a089276__PDFV2__CH_0150,100
9d93a90995f2b8079a089276__PDFV2__CH_0151,143
9d93a90995f2b8079a089276__PDFV2__CH_0152,119
9d93a90995f2b8079a089276__PDFV2__CH_0153,95
9d93a90995f2b8079a089276__PDFV2__CH_0154,89
9d93a90995f2b8079a089276__PDFV2__CH_0155,81
9d93a90995f2b8079a089276__PDFV2__CH_0156,96
9d93a90995f2b8079a089276__PDFV2__CH_0157,91
9d93a90995f2b8079a089276__PDFV2__CH_0158__M,194
9d93a90995f2b8079a089276__PDFV2__CH_0160,79
9d93a90995f2b8079a089276__PDFV2__CH_0161__M,158
9d93a90995f2b8079a089276__PDFV2__CH_0163,108
9d93a90995f2b8079a089276__PDFV2__CH_0164,151
9d93a90995f2b8079a089276__PDFV2__CH_0165,180
9d93a90995f2b8079a089276__PDFV2__CH_0166,85
9d93a90995f2b8079a089276__PDFV2__CH_0167,136
9d93a90995f2b8079a089276__PDFV2__CH_0168,89
9d93a90995f2b8079a089276__PDFV2__CH_0169,149
9d93a90995f2b8079a089276__PDFV2__CH_0170,138
9d93a90995f2b8079a089276__PDFV2__CH_0171,114
9d93a90995f2b8079a089276__PDFV2__CH_0172,88
9d93a90995f2b8079a089276__PDFV2__CH_0173,126
9d93a90995f2b8079a089276__PDFV2__CH_0174,86
9d93a90995f2b8079a089276__PDFV2__CH_0175,115
9d93a90995f2b8079a089276__PDFV2__CH_0176,89
9d93a90995f2b8079a089276__PDFV2__CH_0177,173
9d93a90995f2b8079a089276__PDFV2__CH_0178,132
9d93a90995f2b8079a089276__PDFV2__CH_0179,137
9d93a90995f2b8079a089276__PDFV2__CH_0180,144
9d93a90995f2b8079a089276__PDFV2__CH_0181,111
9d93a90995f2b8079a089276__PDFV2__CH_0182,131
9d93a90995f2b8079a089276__PDFV2__CH_0183,118
9d93a90995f2b8079a089276__PDFV2__CH_0184,100
9d93a90995f2b8079a089276__PDFV2__CH_0185,122
9d93a90995f2b8079a089276__PDFV2__CH_0186,127
9d93a90995f2b8079a089276__PDFV2__CH_0187,137
9d93a90995f2b8079a089276__PDFV2__CH_0188,121
9d93a90995f2b8079a089276__PDFV2__CH_0189,120
9d93a90995f2b8079a089276__PDFV2__CH_0190,95
9d93a90995f2b8079a089276__PDFV2__CH_0191,90
9d93a90995f2b8079a089276__PDFV2__CH_0192,122
9d93a90995f2b8079a089276__PDFV2__CH_0193,104
9d93a90995f2b8079a089276__PDFV2__CH_0194,103
9d93a90995f2b8079a089276__PDFV2__CH_0195,126
9d93a90995f2b8079a089276__PDFV2__CH_0196,96
9d93a90995f2b8079a089276__PDFV2__CH_0197,127
9d93a90995f2b8079a089276__PDFV2__CH_0198,124
9d93a90995f2b8079a089276__PDFV2__CH_0199,131
9d93a90995f2b8079a089276__PDFV2__CH_0200,73
9d93a90995f2b8079a089276__PDFV2__CH_0201,51
9d93a90995f2b8079a089276__PDFV2__CH_0202__M,75
9d93a90995f2b8079a089276__PDFV2__CH_0204,125
9d93a90995f2b8079a089276__PDFV2__CH_0206,119
9d93a90995f2b8079a089276__PDFV2__CH_0207,86
9d93a90995f2b8079a089276__PDFV2__CH_0208,87
9d93a90995f2b8079a089276__PDFV2__CH_0209,79
9d93a90995f2b8079a089276__PDFV2__CH_0219,109
9d93a90995f2b8079a089276__PDFV2__CH_0220,151
9d93a90995f2b8079a089276__PDFV2__CH_0221,106
9d93a90995f2b8079a089276__PDFV2__CH_0222,97
9d93a90995f2b8079a089276__PDFV2__CH_0223,164
9d93a90995f2b8079a089276__PDFV2__CH_0230,99
9d93a90995f2b8079a089276__PDFV2__CH_0231,191
9d93a90995f2b8079a089276__PDFV2__CH_0232,157
9d93a90995f2b8079a089276__PDFV2__CH_0233,139
9d93a90995f2b8079a089276__PDFV2__CH_0234,124
9d93a90995f2b8079a089276__PDFV2__CH_0235,86
9d93a90995f2b8079a089276__PDFV2__CH_0236,140
9d93a90995f2b8079a089276__PDFV2__CH_0237,122
9d93a90995f2b8079a089276__PDFV2__CH_0238,85
9d93a90995f2b8079a089276__PDFV2__CH_0239,109
9d93a90995f2b8079a089276__PDFV2__CH_0240,111
9d93a90995f2b8079a089276__PDFV2__CH_0241,89
9d93a90995f2b8079a089276__PDFV2__CH_0242,92
9d93a90995f2b8079a089276__PDFV2__CH_0243,82
9d93a90995f2b8079a089276__PDFV2__CH_0244,99
9d93a90995f2b8079a089276__PDFV2__CH_0245,103
9d93a90995f2b8079a089276__PDFV2__CH_0247,115
9d93a90995f2b8079a089276__PDFV2__CH_0248,153
9d93a90995f2b8079a089276__PDFV2__CH_0249,131
9d93a90995f2b8079a089276__PDFV2__CH_0250,121
9d93a90995f2b8079a089276__PDFV2__CH_0251,120
9d93a90995f2b8079a089276__PDFV2__CH_0252,120
9d93a90995f2b8079a089276__PDFV2__CH_0253,135
9d93a90995f2b8079a089276__PDFV2__CH_0254,87
9dea0482fbb40b7817ec902b__9dea0482fbb40b7817ec902b__SEG_0001__CH_001,113
9e3bcfe0d2ab85a4fb64ded0__9e3bcfe0d2ab85a4fb64ded0__SEG_0001__CH_001,84
9e536351574cef07ffae79ef__PDFV2__CH_0001,127
9e536351574cef07ffae79ef__PDFV2__CH_0002,143
9e536351574cef07ffae79ef__PDFV2__CH_0003,142
9e536351574cef07ffae79ef__PDFV2__CH_0004,169
9e5d273fb78f1afdf04b8172__9e5d273fb78f1afdf04b8172__SEG_0001__CH_001,98
9e5d273fb78f1afdf04b8172__9e5d273fb78f1afdf04b8172__SEG_0001__CH_002,150
9efea0fd000dc296765920d4__9efea0fd000dc296765920d4__SEG_0001__CH_001,86
9f04fc2e6f42afa9ab812e56__9f04fc2e6f42afa9ab812e56__SEG_0001__CH_001,121
9f33ea45ed0cc5a240120ade__PDFV2__CH_0001,111
9f33ea45ed0cc5a240120ade__PDFV2__CH_0002,88
9f33ea45ed0cc5a240120ade__PDFV2__CH_0003,135
9f33ea45ed0cc5a240120ade__PDFV2__CH_0005,124
9f33ea45ed0cc5a240120ade__PDFV2__CH_0006,99
9f33ea45ed0cc5a240120ade__PDFV2__CH_0007,116
9f33ea45ed0cc5a240120ade__PDFV2__CH_0008,121
9f33ea45ed0cc5a240120ade__PDFV2__CH_0009,122
9f33ea45ed0cc5a240120ade__PDFV2__CH_0010,162
9f33ea45ed0cc5a240120ade__PDFV2__CH_0011,127
9f33ea45ed0cc5a240120ade__PDFV2__CH_0012,126
9f33ea45ed0cc5a240120ade__PDFV2__CH_0013,104
9f33ea45ed0cc5a240120ade__PDFV2__CH_0014,105
9f33ea45ed0cc5a240120ade__PDFV2__CH_0015,107
9f33ea45ed0cc5a240120ade__PDFV2__CH_0020,110
9f33ea45ed0cc5a240120ade__PDFV2__CH_0021,140
9f33ea45ed0cc5a240120ade__PDFV2__CH_0022,143
9f3912f7d21022beeec4ec7b__9f3912f7d21022beeec4ec7b__SEG_0001__CH_001,110
9f3912f7d21022beeec4ec7b__9f3912f7d21022beeec4ec7b__SEG_0001__CH_002,81
9f582fcf2719fe451f21bb22__9f582fcf2719fe451f21bb22__SEG_0001__CH_001,112
9f582fcf2719fe451f21bb22__9f582fcf2719fe451f21bb22__SEG_0001__CH_002,80
9fa239e6cb58ebf76f8aa2e4__PDFV2__CH_0001,70
9fa239e6cb58ebf76f8aa2e4__PDFV2__CH_0002,116
9fa239e6cb58ebf76f8aa2e4__PDFV2__CH_0003,134
9fa239e6cb58ebf76f8aa2e4__PDFV2__CH_0004,113
9faa6663c5fb5582151d83dc__9faa6663c5fb5582151d83dc__SEG_0001__CH_001,102
9faa6663c5fb5582151d83dc__9faa6663c5fb5582151d83dc__SEG_0001__CH_002,139
9faa6663c5fb5582151d83dc__9faa6663c5fb5582151d83dc__SEG_0001__CH_003__M,121
9fae9bce9e81b895562cb376__9fae9bce9e81b895562cb376__SEG_0001__CH_001,115
9fae9bce9e81b895562cb376__9fae9bce9e81b895562cb376__SEG_0001__CH_002,100
9fae9bce9e81b895562cb376__9fae9bce9e81b895562cb376__SEG_0001__CH_003,98
9fae9bce9e81b895562cb376__9fae9bce9e81b895562cb376__SEG_0001__CH_004,105
ADDLESHAW_BID_RIGGING_AI__ADDLESHAW_BID_RIGGING_AI__SEG_0001__CH_002,90
ADDLESHAW_BID_RIGGING_AI__ADDLESHAW_BID_RIGGING_AI__SEG_0001__CH_003,93
ADDLESHAW_BID_RIGGING_AI__ADDLESHAW_BID_RIGGING_AI__SEG_0001__CH_005,97
ADDLESHAW_BID_RIGGING_AI__ADDLESHAW_BID_RIGGING_AI__SEG_0001__CH_006,121
ADDLESHAW_BID_RIGGING_AI__ADDLESHAW_BID_RIGGING_AI__SEG_0001__CH_007,153
ADDLESHAW_BID_RIGGING_AI__ADDLESHAW_BID_RIGGING_AI__SEG_0001__CH_008,127
ADDLESHAW_FIRST_PA23_CASE__ADDLESHAW_FIRST_PA23_CASE__SEG_0001__CH_001,137
CMA_BID_RIGGING_PROCURERS__CMA_BID_RIGGING_PROCURERS__SEG_0001__CH_001,95
CMA_BID_RIGGING_PROCURERS__CMA_BID_RIGGING_PROCURERS__SEG_0001__CH_003,153
CMA_BID_RIGGING_PROCURERS__CMA_BID_RIGGING_PROCURERS__SEG_0001__CH_004,138
CMA_COMPETITION_PUBLIC_AUTHORITIES__CMA_COMPETITION_PUBLIC_AUTHORITIES__SEG_0001__CH_001,106
CMA_COMPETITION_PUBLIC_AUTHORITIES__CMA_COMPETITION_PUBLIC_AUTHORITIES__SEG_0001__CH_002,115
CMA_COMPETITION_PUBLIC_AUTHORITIES__CMA_COMPETITION_PUBLIC_AUTHORITIES__SEG_0001__CH_003,112
CMA_COMPETITION_PUBLIC_AUTHORITIES__CMA_COMPETITION_PUBLIC_AUTHORITIES__SEG_0001__CH_004,130
CMA_COMPETITION_PUBLIC_AUTHORITIES__CMA_COMPETITION_PUBLIC_AUTHORITIES__SEG_0001__CH_005,151
CMA_COMPETITION_PUBLIC_AUTHORITIES__CMA_COMPETITION_PUBLIC_AUTHORITIES__SEG_0001__CH_006,118
CMA_PA23_EXCLUSION_DEBARMENT__CMA_PA23_EXCLUSION_DEBARMENT__SEG_0001__CH_001,147
CMA_PA23_EXCLUSION_DEBARMENT__CMA_PA23_EXCLUSION_DEBARMENT__SEG_0001__CH_002,133
CMA_PA23_EXCLUSION_DEBARMENT__CMA_PA23_EXCLUSION_DEBARMENT__SEG_0001__CH_003,137
GOVUK_NSUP__GOVUK_NSUP__SEG_0001__CH_001,90
GOVUK_NSUP__GOVUK_NSUP__SEG_0001__CH_002,136
GOVUK_NSUP__GOVUK_NSUP__SEG_0001__CH_003,106
GOVUK_NSUP__GOVUK_NSUP__SEG_0001__CH_004,130
GOVUK_PROCUREMENT_COMPLIANCE_OVERSIGHT__GOVUK_PROCUREMENT_COMPLIANCE_OVERSIGHT__SEG_0001__CH_002,128
GOVUK_PROCUREMENT_COMPLIANCE_OVERSIGHT__GOVUK_PROCUREMENT_COMPLIANCE_OVERSIGHT__SEG_0001__CH_003,185
ICO_EIR_12_5_E__ICO_EIR_12_5_E__SEG_0001__CH_002,150
ICO_EIR_12_5_E__ICO_EIR_12_5_E__SEG_0001__CH_003,125
ICO_EIR_12_5_E__ICO_EIR_12_5_E__SEG_0002__CH_001,123
ICO_EIR_12_5_E__ICO_EIR_12_5_E__SEG_0002__CH_002,91
ICO_EIR_12_5_E__ICO_EIR_12_5_E__SEG_0002__CH_003,108
ICO_FOIA_SECTION_43__ICO_FOIA_SECTION_43__SEG_0001__CH_001,107
ICO_FOIA_SECTION_43__ICO_FOIA_SECTION_43__SEG_0001__CH_002,113
ICO_FOIA_SECTION_43__ICO_FOIA_SECTION_43__SEG_0001__CH_003,144
ICO_FOIA_SECTION_43__ICO_FOIA_SECTION_43__SEG_0001__CH_004,126
ICO_FOIA_SECTION_43__ICO_FOIA_SECTION_43__SEG_0001__CH_005,101
ICO_FOIA_SECTION_43__ICO_FOIA_SECTION_43__SEG_0001__CH_006,113
ICO_OUTSOURCING_FOIA_EIR__ICO_OUTSOURCING_FOIA_EIR__SEG_0001__CH_002,103
ICO_OUTSOURCING_FOIA_EIR__ICO_OUTSOURCING_FOIA_EIR__SEG_0001__CH_003,107
ICO_OUTSOURCING_FOIA_EIR__ICO_OUTSOURCING_FOIA_EIR__SEG_0001__CH_004,152
ICO_OUTSOURCING_FOIA_EIR__ICO_OUTSOURCING_FOIA_EIR__SEG_0001__CH_005,124
ICO_OUTSOURCING_FOIA_EIR__ICO_OUTSOURCING_FOIA_EIR__SEG_0001__CH_006,101
PA23_NATIONAL_SECURITY_EXCLUSIONS_ANNEX__PA23_NATIONAL_SECURITY_EXCLUSIONS_ANNEX__SEG_0001__CH_001,123
PA23_NATIONAL_SECURITY_EXCLUSIONS_ANNEX__PA23_NATIONAL_SECURITY_EXCLUSIONS_ANNEX__SEG_0001__CH_002,110
PA23_NATIONAL_SECURITY_EXCLUSIONS_ANNEX__PA23_NATIONAL_SECURITY_EXCLUSIONS_ANNEX__SEG_0001__CH_003,129
PA23_NATIONAL_SECURITY_EXCLUSIONS_ANNEX__PA23_NATIONAL_SECURITY_EXCLUSIONS_ANNEX__SEG_0001__CH_004,142
PA23_NATIONAL_SECURITY_EXCLUSIONS_ANNEX__PA23_NATIONAL_SECURITY_EXCLUSIONS_ANNEX__SEG_0001__CH_005,127
PA23_NATIONAL_SECURITY_EXCLUSIONS_ANNEX__PA23_NATIONAL_SECURITY_EXCLUSIONS_ANNEX__SEG_0001__CH_006,128
PA23_NATIONAL_SECURITY_EXCLUSIONS_ANNEX__PA23_NATIONAL_SECURITY_EXCLUSIONS_ANNEX__SEG_0002__CH_001,104
PA23_NATIONAL_SECURITY_EXCLUSIONS_ANNEX__PA23_NATIONAL_SECURITY_EXCLUSIONS_ANNEX__SEG_0002__CH_003,141
PA23_NATIONAL_SECURITY_EXCLUSIONS_ANNEX__PA23_NATIONAL_SECURITY_EXCLUSIONS_ANNEX__SEG_0002__CH_004,142
PA23_NATIONAL_SECURITY_EXCLUSIONS_ANNEX__PA23_NATIONAL_SECURITY_EXCLUSIONS_ANNEX__SEG_0002__CH_005,155
PA23_NATIONAL_SECURITY_EXCLUSIONS_ANNEX__PA23_NATIONAL_SECURITY_EXCLUSIONS_ANNEX__SEG_0002__CH_006,116
PA23_NATIONAL_SECURITY_EXCLUSIONS_ANNEX__PA23_NATIONAL_SECURITY_EXCLUSIONS_ANNEX__SEG_0003__CH_001,134
PA23_NATIONAL_SECURITY_EXCLUSIONS_ANNEX__PA23_NATIONAL_SECURITY_EXCLUSIONS_ANNEX__SEG_0003__CH_002,150
PA23_NATIONAL_SECURITY_EXCLUSIONS_ANNEX__PA23_NATIONAL_SECURITY_EXCLUSIONS_ANNEX__SEG_0003__CH_003,140
PA23_NATIONAL_SECURITY_EXCLUSIONS_ANNEX__PA23_NATIONAL_SECURITY_EXCLUSIONS_ANNEX__SEG_0004__CH_001,164
PA23_NATIONAL_SECURITY_EXCLUSIONS_ANNEX__PA23_NATIONAL_SECURITY_EXCLUSIONS_ANNEX__SEG_0004__CH_002,114
PA23_NATIONAL_SECURITY_EXCLUSIONS_ANNEX__PA23_NATIONAL_SECURITY_EXCLUSIONS_ANNEX__SEG_0004__CH_003,130
PINSENT_FLEXIBLE_PROCEDURES__PINSENT_FLEXIBLE_PROCEDURES__SEG_0001__CH_001,170
PINSENT_JUDICIAL_REVIEW__PINSENT_JUDICIAL_REVIEW__SEG_0001__CH_001,188
PROCUREMENTPORTAL_PART3_PDF_1CEA93C27B55__PDFV2__CH_0001,116
PROCUREMENTPORTAL_PART3_PDF_1CEA93C27B55__PDFV2__CH_0002,141
PROCUREMENTPORTAL_PART3_PDF_1CEA93C27B55__PDFV2__CH_0003,164
PROCUREMENTPORTAL_PART3_PDF_1CEA93C27B55__PDFV2__CH_0004,135
PROCUREMENTPORTAL_PART3_PDF_1CEA93C27B55__PDFV2__CH_0005,125
PROCUREMENTPORTAL_PART3_PDF_1CEA93C27B55__PDFV2__CH_0006,144
PROCUREMENTPORTAL_PART3_PDF_1CEA93C27B55__PDFV2__CH_0007,123
PROCUREMENTPORTAL_PART3_PDF_1CEA93C27B55__PDFV2__CH_0008,157
PROCUREMENTPORTAL_PART3_PDF_1CEA93C27B55__PDFV2__CH_0009,138
PROCUREMENTPORTAL_PART3_PDF_1CEA93C27B55__PDFV2__CH_0010,163
PROCUREMENTPORTAL_PART3_PDF_1CEA93C27B55__PDFV2__CH_0011,118
PROCUREMENTPORTAL_PART3_PDF_1CEA93C27B55__PDFV2__CH_0012,131
PROCUREMENTPORTAL_PART3_PDF_1CEA93C27B55__PDFV2__CH_0013,137
PROCUREMENTPORTAL_PART3_PDF_1CEA93C27B55__PDFV2__CH_0014,122
PROCUREMENTPORTAL_PART3_PDF_1CEA93C27B55__PDFV2__CH_0015,142
PROCUREMENTPORTAL_PART3_PDF_1CEA93C27B55__PDFV2__CH_0016,117
PROCUREMENTPORTAL_PART3_PDF_1CEA93C27B55__PDFV2__CH_0017,156
PROCUREMENTPORTAL_PART3_PDF_1CEA93C27B55__PDFV2__CH_0018,135
PROCUREMENTPORTAL_PART3_PDF_1CEA93C27B55__PDFV2__CH_0019,144
PROCUREMENTPORTAL_PART3_PDF_1CEA93C27B55__PDFV2__CH_0020,178
PROCUREMENTPORTAL_PART3_PDF_1CEA93C27B55__PDFV2__CH_0021,139
PROCUREMENTPORTAL_PART3_PDF_1CEA93C27B55__PDFV2__CH_0022,163
PROCUREMENTPORTAL_PART3_PDF_1CEA93C27B55__PDFV2__CH_0023,116
PROCUREMENTPORTAL_PART3_PDF_1CEA93C27B55__PDFV2__CH_0024,112
PROCUREMENTPORTAL_PART3_PDF_57193E899B93__PDFV2__CH_0001,138
PROCUREMENTPORTAL_PART3_PDF_57193E899B93__PDFV2__CH_0002,149
PROCUREMENTPORTAL_PART3_PDF_57193E899B93__PDFV2__CH_0003,154
PROCUREMENTPORTAL_PART3_PDF_57193E899B93__PDFV2__CH_0004,173
PROCUREMENTPORTAL_PART3_PDF_57193E899B93__PDFV2__CH_0005,124
PROCUREMENTPORTAL_PART3_PDF_57193E899B93__PDFV2__CH_0006,130
PROCUREMENTPORTAL_PART3_PDF_57193E899B93__PDFV2__CH_0007,117
PROCUREMENTPORTAL_PART3_PDF_57193E899B93__PDFV2__CH_0008,139
PROCUREMENTPORTAL_PART3_PDF_57193E899B93__PDFV2__CH_0009,112
PROCUREMENTPORTAL_PART3_PDF_57193E899B93__PDFV2__CH_0010,136
PROCUREMENTPORTAL_PART3_PDF_57193E899B93__PDFV2__CH_0011,143
PROCUREMENTPORTAL_PART3_PDF_57193E899B93__PDFV2__CH_0012,179
PROCUREMENTPORTAL_PART3_PDF_57193E899B93__PDFV2__CH_0013,161
PROCUREMENTPORTAL_PART3_PDF_57193E899B93__PDFV2__CH_0014,166
PROCUREMENTPORTAL_PART3_PDF_57193E899B93__PDFV2__CH_0015,156
PROCUREMENTPORTAL_PART3_PDF_57193E899B93__PDFV2__CH_0016,142
PROCUREMENTPORTAL_PART3_PDF_57193E899B93__PDFV2__CH_0017,167
PROCUREMENTPORTAL_PART3_PDF_57193E899B93__PDFV2__CH_0018,121
PROCUREMENTPORTAL_PART3_PDF_57193E899B93__PDFV2__CH_0019,109
PROCUREMENTPORTAL_PART3_PDF_57193E899B93__PDFV2__CH_0020,148
PROCUREMENTPORTAL_PART3_PDF_57193E899B93__PDFV2__CH_0021,159
PROCUREMENTPORTAL_PART3_PDF_57193E899B93__PDFV2__CH_0023,161
PROCUREMENTPORTAL_PART3_PDF_57193E899B93__PDFV2__CH_0024,144
PROCUREMENTPORTAL_PART3_PDF_57193E899B93__PDFV2__CH_0025,125
PROCUREMENTPORTAL_PART3_PDF_57193E899B93__PDFV2__CH_0026,173
PROCUREMENTPORTAL_PART3_PDF_57193E899B93__PDFV2__CH_0027,155
PROCUREMENTPORTAL_PART3_PDF_57193E899B93__PDFV2__CH_0028,159
PROCUREMENTPORTAL_PART3_PDF_57193E899B93__PDFV2__CH_0029,109
PROCUREMENTPORTAL_PART3_PDF_57193E899B93__PDFV2__CH_0030,126
PROCUREMENTPORTAL_PART3_PDF_57193E899B93__PDFV2__CH_0031,142
PROCUREMENTPORTAL_PART3_PDF_57193E899B93__PDFV2__CH_0032,157
PROCUREMENTPORTAL_PART3_PDF_57193E899B93__PDFV2__CH_0033,118
PROCUREMENTPORTAL_PART3_PDF_57193E899B93__PDFV2__CH_0034,114
PROCUREMENTPORTAL_PART3_PDF_57193E899B93__PDFV2__CH_0035,120
PROCUREMENTPORTAL_PART3_PDF_57193E899B93__PDFV2__CH_0037,134
PROCUREMENTPORTAL_PART3_PDF_57193E899B93__PDFV2__CH_0038,187
PROCUREMENTPORTAL_PART3_PDF_57193E899B93__PDFV2__CH_0039,98
PROCUREMENTPORTAL_PART3_PDF_57193E899B93__PDFV2__CH_0040,151
PROCUREMENTPORTAL_PART3_PDF_57193E899B93__PDFV2__CH_0041,125
PROCUREMENTPORTAL_PART3_PDF_57193E899B93__PDFV2__CH_0042,136
PROCUREMENTPORTAL_PART3_PDF_6A6B1B04A58D__PDFV2__CH_0002,201
PROCUREMENTPORTAL_PART3_PDF_6A6B1B04A58D__PDFV2__CH_0003,130
PROCUREMENTPORTAL_PART3_PDF_6A6B1B04A58D__PDFV2__CH_0007,153
PROCUREMENTPORTAL_PART3_PDF_6A6B1B04A58D__PDFV2__CH_0008,137
PROCUREMENTPORTAL_PART3_PDF_6A6B1B04A58D__PDFV2__CH_0009,194
PROCUREMENTPORTAL_PART3_PDF_6A6B1B04A58D__PDFV2__CH_0010,151
PROCUREMENTPORTAL_PART3_PDF_87223CADF7C3__PDFV2__CH_0001,140
PROCUREMENTPORTAL_PART3_PDF_87223CADF7C3__PDFV2__CH_0002,120
PROCUREMENTPORTAL_PART3_PDF_87223CADF7C3__PDFV2__CH_0003,146
PROCUREMENTPORTAL_PART3_PDF_87223CADF7C3__PDFV2__CH_0004,122
PROCUREMENTPORTAL_PART3_PDF_87223CADF7C3__PDFV2__CH_0005,139
PROCUREMENTPORTAL_PART3_PDF_87223CADF7C3__PDFV2__CH_0006,142
PROCUREMENTPORTAL_PART3_PDF_87223CADF7C3__PDFV2__CH_0007,115
PROCUREMENTPORTAL_PART3_PDF_87223CADF7C3__PDFV2__CH_0008,159
PROCUREMENTPORTAL_PART3_PDF_87223CADF7C3__PDFV2__CH_0009,138
PROCUREMENTPORTAL_PART3_PDF_87223CADF7C3__PDFV2__CH_0010,161
PROCUREMENTPORTAL_PART3_PDF_87223CADF7C3__PDFV2__CH_0011,159
PROCUREMENTPORTAL_PART3_PDF_87223CADF7C3__PDFV2__CH_0012,136
PROCUREMENTPORTAL_PART3_PDF_87223CADF7C3__PDFV2__CH_0013,108
PROCUREMENTPORTAL_PART3_PDF_87223CADF7C3__PDFV2__CH_0014,171
PROCUREMENTPORTAL_PART3_PDF_87223CADF7C3__PDFV2__CH_0015,176
PROCUREMENTPORTAL_PART3_PDF_87223CADF7C3__PDFV2__CH_0016,140
PROCUREMENTPORTAL_PART3_PDF_87223CADF7C3__PDFV2__CH_0017,190
PROCUREMENTPORTAL_PART3_PDF_87223CADF7C3__PDFV2__CH_0018,147
PROCUREMENTPORTAL_PART3_PDF_87223CADF7C3__PDFV2__CH_0019,172
PROCUREMENTPORTAL_PART3_PDF_B7CC1288DD87__PDFV2__CH_0004,111
PROCUREMENTPORTAL_PART3_PDF_B7CC1288DD87__PDFV2__CH_0005,131
PROCUREMENTPORTAL_PART3_PDF_B7CC1288DD87__PDFV2__CH_0006,182
PROCUREMENTPORTAL_PART3_PDF_B7CC1288DD87__PDFV2__CH_0007,129
PROCUREMENTPORTAL_PART3_PDF_B7CC1288DD87__PDFV2__CH_0008,143
PROCUREMENTPORTAL_PART3__PROCUREMENTPORTAL_PART3__SEG_0001__CH_002,122
PROCUREMENTPORTAL_PART3__PROCUREMENTPORTAL_PART3__SEG_0001__CH_003,146
PROCUREMENTPORTAL_PART3__PROCUREMENTPORTAL_PART3__SEG_0001__CH_004,152
PROCUREMENTPORTAL_PART3__PROCUREMENTPORTAL_PART3__SEG_0001__CH_005,175
PROCUREMENTPORTAL_PART3__PROCUREMENTPORTAL_PART3__SEG_0002__CH_001,109
PROCUREMENTPORTAL_PART3__PROCUREMENTPORTAL_PART3__SEG_0002__CH_002,139
PROCUREMENTPORTAL_PART3__PROCUREMENTPORTAL_PART3__SEG_0002__CH_003,133
PROCUREMENTPORTAL_PHRASEBOOK_PDF__PDFV2__CH_0003,204
PROCUREMENTPORTAL_PHRASEBOOK_PDF__PDFV2__CH_0004,179
PROCUREMENTPORTAL_PHRASEBOOK_PDF__PDFV2__CH_0005,207
PROCUREMENTPORTAL_PHRASEBOOK_PDF__PDFV2__CH_0006,163
PROCUREMENTPORTAL_PRE_PROCUREMENT__PROCUREMENTPORTAL_PRE_PROCUREMENT__SEG_0001__CH_002,221
PSFA_BID_RIGGING_PRACTICE_NOTE__PSFA_BID_RIGGING_PRACTICE_NOTE__SEG_0001__CH_001,146
PSFA_BID_RIGGING_PRACTICE_NOTE__PSFA_BID_RIGGING_PRACTICE_NOTE__SEG_0001__CH_002,124
PSFA_BID_RIGGING_PRACTICE_NOTE__PSFA_BID_RIGGING_PRACTICE_NOTE__SEG_0001__CH_003,119
PSFA_BID_RIGGING_PRACTICE_NOTE__PSFA_BID_RIGGING_PRACTICE_NOTE__SEG_0001__CH_004,99
PSFA_FULL_FRAUD_RISK_ASSESSMENT__PSFA_FULL_FRAUD_RISK_ASSESSMENT__SEG_0001__CH_001,75
TROWERS_FRAMEWORKS_GOLD_STANDARD__TROWERS_FRAMEWORKS_GOLD_STANDARD__SEG_0001__CH_002,112
TROWERS_FRAMEWORKS_GOLD_STANDARD__TROWERS_FRAMEWORKS_GOLD_STANDARD__SEG_0001__CH_003,134
TROWERS_FRAMEWORKS_GOLD_STANDARD__TROWERS_FRAMEWORKS_GOLD_STANDARD__SEG_0001__CH_004,98
TROWERS_FRAMEWORKS_GOLD_STANDARD__TROWERS_FRAMEWORKS_GOLD_STANDARD__SEG_0001__CH_005,97
TROWERS_ONE_YEAR_REVIEW__TROWERS_ONE_YEAR_REVIEW__SEG_0001__CH_001,144
TROWERS_PIPELINE_NOTICES__TROWERS_PIPELINE_NOTICES__SEG_0001__CH_002,170
TROWERS_PIPELINE_NOTICES__TROWERS_PIPELINE_NOTICES__SEG_0001__CH_003,143
TROWERS_THRESHOLD_CHANGES__TROWERS_THRESHOLD_CHANGES__SEG_0001__CH_001,147
UKPGA_1996_53__LEGV2__CH_00001,76
UKPGA_1996_53__LEGV2__CH_00002,67
UKPGA_1996_53__LEGV2__CH_00003,63
UKPGA_1996_53__LEGV2__CH_00004,67
UKPGA_1996_53__LEGV2__CH_00005,82
UKPGA_1996_53__LEGV2__CH_00006,67
UKPGA_1996_53__LEGV2__CH_00007,55
UKPGA_1996_53__LEGV2__CH_00008,94
UKPGA_1996_53__LEGV2__CH_00009,85
UKPGA_1996_53__LEGV2__CH_00010,66
UKPGA_1996_53__LEGV2__CH_00011,67
UKPGA_1996_53__LEGV2__CH_00012,108
UKPGA_1996_53__LEGV2__CH_00013,81
UKPGA_1996_53__LEGV2__CH_00014,71
UKPGA_1996_53__LEGV2__CH_00015,80
UKPGA_1996_53__LEGV2__CH_00016,76
UKPGA_1996_53__LEGV2__CH_00017,63
UKPGA_1996_53__LEGV2__CH_00018,57
UKPGA_1996_53__LEGV2__CH_00019,79
UKPGA_1996_53__LEGV2__CH_00020,85
UKPGA_1996_53__LEGV2__CH_00021,77
UKPGA_1996_53__LEGV2__CH_00022,110
UKPGA_1996_53__LEGV2__CH_00023,98
UKPGA_1996_53__LEGV2__CH_00024,76
UKPGA_1996_53__LEGV2__CH_00025,77
UKPGA_1996_53__LEGV2__CH_00026,96
UKPGA_1996_53__LEGV2__CH_00027,80
UKPGA_1996_53__LEGV2__CH_00028,81
UKPGA_1996_53__LEGV2__CH_00029,85
UKPGA_1996_53__LEGV2__CH_00030,95
UKPGA_1996_53__LEGV2__CH_00031,79
UKPGA_1996_53__LEGV2__CH_00032,74
UKPGA_1996_53__LEGV2__CH_00033,68
UKPGA_1996_53__LEGV2__CH_00034,78
UKPGA_1996_53__LEGV2__CH_00035,93
UKPGA_1996_53__LEGV2__CH_00036,88
UKPGA_1996_53__LEGV2__CH_00037,102
UKPGA_1996_53__LEGV2__CH_00038,69
UKPGA_1996_53__LEGV2__CH_00039,65
UKPGA_1996_53__LEGV2__CH_00040,74
UKPGA_1996_53__LEGV2__CH_00041,82
UKPGA_1996_53__LEGV2__CH_00042,102
UKPGA_1996_53__LEGV2__CH_00043,80
UKPGA_1996_53__LEGV2__CH_00044,110
UKPGA_1996_53__LEGV2__CH_00045,93
UKPGA_1996_53__LEGV2__CH_00046,108
UKPGA_1996_53__LEGV2__CH_00047,95
UKPGA_1996_53__LEGV2__CH_00048,70
UKPGA_1996_53__LEGV2__CH_00049,113
UKPGA_1996_53__LEGV2__CH_00050,61
UKPGA_1996_53__LEGV2__CH_00051,77
UKPGA_1996_53__LEGV2__CH_00052,90
UKPGA_1996_53__LEGV2__CH_00053,70
UKPGA_1996_53__LEGV2__CH_00054,69
UKPGA_1996_53__LEGV2__CH_00055,76
UKPGA_1996_53__LEGV2__CH_00056,70
UKPGA_1996_53__LEGV2__CH_00057,70
UKPGA_1996_53__LEGV2__CH_00058,97
UKPGA_1996_53__LEGV2__CH_00059,70
UKPGA_1996_53__LEGV2__CH_00060,76
UKPGA_1996_53__LEGV2__CH_00061,100
UKPGA_1996_53__LEGV2__CH_00062,84
UKPGA_1996_53__LEGV2__CH_00063,88
UKPGA_1996_53__LEGV2__CH_00064,93
UKPGA_1996_53__LEGV2__CH_00065,88
UKPGA_1996_53__LEGV2__CH_00066,84
UKPGA_1996_53__LEGV2__CH_00067,83
UKPGA_1996_53__LEGV2__CH_00068,92
UKPGA_1996_53__LEGV2__CH_00069,105
UKPGA_1996_53__LEGV2__CH_00070,84
UKPGA_1996_53__LEGV2__CH_00071,67
UKPGA_1996_53__LEGV2__CH_00072,79
UKPGA_1996_53__LEGV2__CH_00073,72
UKPGA_1996_53__LEGV2__CH_00074,92
UKPGA_1996_53__LEGV2__CH_00075,94
UKPGA_1996_53__LEGV2__CH_00076,81
UKPGA_1996_53__LEGV2__CH_00077,93
UKPGA_1996_53__LEGV2__CH_00078,91
UKPGA_1996_53__LEGV2__CH_00080,94
UKPGA_1996_53__LEGV2__CH_00081,103
UKPGA_1996_53__LEGV2__CH_00082,65
UKPGA_1996_53__LEGV2__CH_00083,88
UKPGA_1996_53__LEGV2__CH_00084,110
UKPGA_1996_53__LEGV2__CH_00085,121
UKPGA_1996_53__LEGV2__CH_00086,140
UKPGA_1996_53__LEGV2__CH_00087,114
UKPGA_1996_53__LEGV2__CH_00088,112
UKPGA_1996_53__LEGV2__CH_00089,129
UKPGA_1996_53__LEGV2__CH_00090,115
UKPGA_1996_53__LEGV2__CH_00091,105
UKPGA_1996_53__LEGV2__CH_00092,107
UKPGA_1996_53__LEGV2__CH_00093,115
UKPGA_1996_53__LEGV2__CH_00094,133
UKPGA_1996_53__LEGV2__CH_00095,97
UKPGA_1996_53__LEGV2__CH_00096,131
UKPGA_1996_53__LEGV2__CH_00097,91
UKPGA_1996_53__LEGV2__CH_00098,84
UKPGA_1996_53__LEGV2__CH_00099,111
UKPGA_1996_53__LEGV2__CH_00100,126
UKPGA_1996_53__LEGV2__CH_00101,112
UKPGA_1996_53__LEGV2__CH_00102,110
UKPGA_1996_53__LEGV2__CH_00103,110
UKPGA_1996_53__LEGV2__CH_00104,113
UKPGA_1996_53__LEGV2__CH_00105,151
UKPGA_1996_53__LEGV2__CH_00106,121
UKPGA_1996_53__LEGV2__CH_00107,146
UKPGA_1996_53__LEGV2__CH_00108,132
UKPGA_1996_53__LEGV2__CH_00109,140
UKPGA_1996_53__LEGV2__CH_00110,136
UKPGA_1996_53__LEGV2__CH_00111,143
UKPGA_1996_53__LEGV2__CH_00112,135
UKPGA_1996_53__LEGV2__CH_00113,128
UKPGA_1996_53__LEGV2__CH_00114,113
UKPGA_1996_53__LEGV2__CH_00115,86
UKPGA_1996_53__LEGV2__CH_00116,132
UKPGA_1996_53__LEGV2__CH_00117,104
UKPGA_1996_53__LEGV2__CH_00118,89
UKPGA_1996_53__LEGV2__CH_00119,105
UKPGA_1996_53__LEGV2__CH_00120,141
UKPGA_1996_53__LEGV2__CH_00121,132
UKPGA_1996_53__LEGV2__CH_00122,88
UKPGA_1996_53__LEGV2__CH_00123,96
UKPGA_1996_53__LEGV2__CH_00124,131
UKPGA_1996_53__LEGV2__CH_00125,82
UKPGA_1996_53__LEGV2__CH_00126,131
UKPGA_1996_53__LEGV2__CH_00127,143
UKPGA_1996_53__LEGV2__CH_00128,88
UKPGA_1996_53__LEGV2__CH_00129,129
UKPGA_1996_53__LEGV2__CH_00130,79
UKPGA_1996_53__LEGV2__CH_00131,125
UKPGA_1996_53__LEGV2__CH_00132,124
UKPGA_1996_53__LEGV2__CH_00133,102
UKPGA_1996_53__LEGV2__CH_00134,131
UKPGA_1996_53__LEGV2__CH_00135,135
UKPGA_1996_53__LEGV2__CH_00136,83
UKPGA_1996_53__LEGV2__CH_00137,104
UKPGA_1996_53__LEGV2__CH_00138,68
UKPGA_1996_53__LEGV2__CH_00139,85
UKPGA_1996_53__LEGV2__CH_00140,69
UKPGA_1996_53__LEGV2__CH_00141,65
UKPGA_1996_53__LEGV2__CH_00142,125
UKPGA_1996_53__LEGV2__CH_00143,59
UKPGA_1996_53__LEGV2__CH_00144,70
UKPGA_1996_53__LEGV2__CH_00145,85
UKPGA_1996_53__LEGV2__CH_00146,101
UKPGA_1996_53__LEGV2__CH_00147,110
UKPGA_1996_53__LEGV2__CH_00148,80
UKPGA_1996_53__LEGV2__CH_00149,113
UKPGA_1996_53__LEGV2__CH_00150,102
UKPGA_1996_53__LEGV2__CH_00151,72
UKPGA_1996_53__LEGV2__CH_00152,104
UKPGA_1996_53__LEGV2__CH_00153,119
UKPGA_1996_53__LEGV2__CH_00154,116
UKPGA_1996_53__LEGV2__CH_00155,87
UKPGA_1996_53__LEGV2__CH_00156,94
UKPGA_1996_53__LEGV2__CH_00157,69
UKPGA_1996_53__LEGV2__CH_00158,65
UKPGA_1996_53__LEGV2__CH_00159,101
UKPGA_1996_53__LEGV2__CH_00160,115
UKPGA_1996_53__LEGV2__CH_00161,122
UKPGA_1996_53__LEGV2__CH_00162,118
UKPGA_1996_53__LEGV2__CH_00163,115
UKPGA_1996_53__LEGV2__CH_00164,86
UKPGA_1996_53__LEGV2__CH_00165,125
UKPGA_1996_53__LEGV2__CH_00166,96
UKPGA_1996_53__LEGV2__CH_00167,112
UKPGA_1996_53__LEGV2__CH_00168,75
UKPGA_1996_53__LEGV2__CH_00169,99
UKPGA_1996_53__LEGV2__CH_00170,105
UKPGA_1996_53__LEGV2__CH_00171,108
UKPGA_1996_53__LEGV2__CH_00172,123
UKPGA_1996_53__LEGV2__CH_00173,84
UKPGA_1996_53__LEGV2__CH_00174,123
UKPGA_1996_53__LEGV2__CH_00175,70
UKPGA_1996_53__LEGV2__CH_00176,90
UKPGA_1996_53__LEGV2__CH_00177,104
UKPGA_1996_53__LEGV2__CH_00178,139
UKPGA_1996_53__LEGV2__CH_00179,119
UKPGA_1996_53__LEGV2__CH_00180,133
UKPGA_1996_53__LEGV2__CH_00181,129
UKPGA_1996_53__LEGV2__CH_00182,68
UKPGA_1996_53__LEGV2__CH_00183,95
UKPGA_1996_53__LEGV2__CH_00184,169
UKPGA_1996_53__LEGV2__CH_00185,125
UKPGA_1996_53__LEGV2__CH_00186,87
UKPGA_1996_53__LEGV2__CH_00187,158
UKPGA_1996_53__LEGV2__CH_00188,107
UKPGA_1996_53__LEGV2__CH_00189,109
UKPGA_1996_53__LEGV2__CH_00190,120
UKPGA_1996_53__LEGV2__CH_00191,114
UKPGA_1996_53__LEGV2__CH_00192,137
UKPGA_1996_53__LEGV2__CH_00193,83
UKPGA_1996_53__LEGV2__CH_00194,101
UKPGA_1996_53__LEGV2__CH_00195,87
UKPGA_1996_53__LEGV2__CH_00196,90
UKPGA_1996_53__LEGV2__CH_00197,95
UKPGA_1996_53__LEGV2__CH_00198,73
UKPGA_1996_53__LEGV2__CH_00199,69
UKPGA_1996_53__LEGV2__CH_00200,94
UKPGA_1996_53__LEGV2__CH_00201,110
UKPGA_1996_53__LEGV2__CH_00202,116
UKPGA_1996_53__LEGV2__CH_00203,131
UKPGA_1996_53__LEGV2__CH_00204,112
UKPGA_1996_53__LEGV2__CH_00205,110
UKPGA_1996_53__LEGV2__CH_00206,111
UKPGA_1996_53__LEGV2__CH_00207,77
UKPGA_1996_53__LEGV2__CH_00208,134
UKPGA_1996_53__LEGV2__CH_00209,100
UKPGA_1996_53__LEGV2__CH_00210,78
UKPGA_1996_53__LEGV2__CH_00211,75
UKPGA_1996_53__LEGV2__CH_00212,82
UKPGA_1996_53__LEGV2__CH_00213,105
UKPGA_1996_53__LEGV2__CH_00214,82
UKPGA_1996_53__LEGV2__CH_00215,60
UKPGA_1996_53__LEGV2__CH_00216,88
UKPGA_1996_53__LEGV2__CH_00217,75
UKPGA_1996_53__LEGV2__CH_00218,78
UKPGA_1996_53__LEGV2__CH_00219,78
UKPGA_1996_53__LEGV2__CH_00220,68
UKPGA_1996_53__LEGV2__CH_00221,110
UKPGA_1996_53__LEGV2__CH_00222,74
UKPGA_1996_53__LEGV2__CH_00223,64
UKPGA_1996_53__LEGV2__CH_00224,61
UKPGA_1996_53__LEGV2__CH_00225,63
UKPGA_1996_53__LEGV2__CH_00226,66
UKPGA_1996_53__LEGV2__CH_00227,79
UKPGA_1996_53__LEGV2__CH_00228,60
UKPGA_1996_53__LEGV2__CH_00229__M,103
UKPGA_1996_53__LEGV2__CH_00231,103
UKPGA_1996_53__LEGV2__CH_00232,68
UKPGA_1996_53__LEGV2__CH_00233,72
UKPGA_1996_53__LEGV2__CH_00234,78
UKPGA_1996_53__LEGV2__CH_00235,86
UKPGA_1996_53__LEGV2__CH_00236,74
UKPGA_1996_53__LEGV2__CH_00237,77
UKPGA_1996_53__LEGV2__CH_00238,74
UKPGA_1996_53__LEGV2__CH_00239__M,92
UKPGA_1996_53__LEGV2__CH_00241,97
UKPGA_1996_53__LEGV2__CH_00242,63
UKPGA_1996_53__LEGV2__CH_00243,73
UKPGA_1996_53__LEGV2__CH_00244,81
UKPGA_1996_53__LEGV2__CH_00245,59
UKPGA_1996_53__LEGV2__CH_00246,59
UKPGA_1996_53__LEGV2__CH_00247,99
UKPGA_1996_53__LEGV2__CH_00248,95
UKPGA_1996_53__LEGV2__CH_00249,67
UKPGA_1996_53__LEGV2__CH_00250,73
UKPGA_1996_53__LEGV2__CH_00251,71
UKPGA_1996_53__LEGV2__CH_00252,107
UKPGA_1996_53__LEGV2__CH_00253,62
UKPGA_1996_53__LEGV2__CH_00255,74
UKPGA_1996_53__LEGV2__CH_00256,74
UKPGA_1996_53__LEGV2__CH_00257,90
UKPGA_1996_53__LEGV2__CH_00258,92
UKPGA_1996_53__LEGV2__CH_00259,84
UKPGA_1996_53__LEGV2__CH_00260,75
UKPGA_1996_53__LEGV2__CH_00261,70
UKPGA_1996_53__LEGV2__CH_00262,100
UKPGA_1996_53__LEGV2__CH_00263,82
UKPGA_1996_53__LEGV2__CH_00264,61
UKPGA_1996_53__LEGV2__CH_00265,79
UKPGA_1996_53__LEGV2__CH_00266,91
UKPGA_1996_53__LEGV2__CH_00267,75
UKPGA_1996_53__LEGV2__CH_00268,96
UKPGA_1996_53__LEGV2__CH_00269,95
UKPGA_1996_53__LEGV2__CH_00270,63
UKPGA_1996_53__LEGV2__CH_00271,72
UKPGA_1996_53__LEGV2__CH_00272,58
UKPGA_1996_53__LEGV2__CH_00273,88
UKPGA_1996_53__LEGV2__CH_00274,67
UKPGA_1996_53__LEGV2__CH_00275,74
UKPGA_1996_53__LEGV2__CH_00276,95
UKPGA_1996_53__LEGV2__CH_00277,68
UKPGA_1996_53__LEGV2__CH_00278,75
UKPGA_1996_53__LEGV2__CH_00279,99
UKPGA_1996_53__LEGV2__CH_00280,81
UKPGA_1996_53__LEGV2__CH_00281,75
UKPGA_1996_53__LEGV2__CH_00282,87
UKPGA_1996_53__LEGV2__CH_00283,63
UKPGA_1996_53__LEGV2__CH_00284,56
UKPGA_1996_53__LEGV2__CH_00285,65
UKPGA_1996_53__LEGV2__CH_00286,67
UKPGA_1996_53__LEGV2__CH_00287,158
UKPGA_1996_53__LEGV2__CH_00289,84
UKPGA_1996_53__LEGV2__CH_00290,92
UKPGA_1996_53__LEGV2__CH_00291,81
UKPGA_1996_53__LEGV2__CH_00292,72
UKPGA_1996_53__LEGV2__CH_00293,99
UKPGA_1996_53__LEGV2__CH_00294,67
UKPGA_1996_53__LEGV2__CH_00295,83
UKPGA_1996_53__LEGV2__CH_00296,81
UKPGA_1996_53__LEGV2__CH_00297,67
UKPGA_1996_53__LEGV2__CH_00298,70
UKPGA_1996_53__LEGV2__CH_00299,88
UKPGA_1996_53__LEGV2__CH_00300,79
UKPGA_1996_53__LEGV2__CH_00301,86
UKPGA_1996_53__LEGV2__CH_00303,75
UKPGA_1996_53__LEGV2__CH_00304,85
UKPGA_1996_53__LEGV2__CH_00305,76
UKPGA_1996_53__LEGV2__CH_00306,67
UKPGA_1996_53__LEGV2__CH_00307,73
UKPGA_1996_53__LEGV2__CH_00308,66
UKPGA_1996_53__LEGV2__CH_00309,99
UKPGA_1996_53__LEGV2__CH_00311,90
UKPGA_1996_53__LEGV2__CH_00312,80
UKPGA_1996_53__LEGV2__CH_00313,90
UKPGA_1996_53__LEGV2__CH_00315,82
UKPGA_1996_53__LEGV2__CH_00316,95
UKPGA_1996_53__LEGV2__CH_00317,90
UKPGA_1996_53__LEGV2__CH_00318,106
UKPGA_1996_53__LEGV2__CH_00319,93
UKPGA_1996_53__LEGV2__CH_00320,110
UKPGA_1996_53__LEGV2__CH_00321,90
UKPGA_1996_53__LEGV2__CH_00322,91
UKPGA_1996_53__LEGV2__CH_00323,92
UKPGA_1996_53__LEGV2__CH_00324,98
UKPGA_1996_53__LEGV2__CH_00325,125
UKPGA_1996_53__LEGV2__CH_00326,114
UKPGA_1996_53__LEGV2__CH_00327,103
UKPGA_1996_53__LEGV2__CH_00328,94
UKPGA_1996_53__LEGV2__CH_00329,108
UKPGA_1996_53__LEGV2__CH_00332,90
UKPGA_1996_53__LEGV2__CH_00333,78
UKPGA_1996_53__LEGV2__CH_00334,80
UKPGA_1996_53__LEGV2__CH_00335,78
UKPGA_1996_53__LEGV2__CH_00336,116
UKPGA_1996_53__LEGV2__CH_00337,93
UKPGA_1996_53__LEGV2__CH_00338,62
UKPGA_1996_53__LEGV2__CH_00339,68
UKPGA_1996_53__LEGV2__CH_00341,87
UKPGA_1996_53__LEGV2__CH_00342,98
UKPGA_1996_53__LEGV2__CH_00343,94
UKPGA_1996_53__LEGV2__CH_00344,72
UKPGA_1996_53__LEGV2__CH_00345,65
UKPGA_1996_53__LEGV2__CH_00346,74
UKPGA_1996_53__LEGV2__CH_00347,85
UKPGA_1996_53__LEGV2__CH_00348,69
UKPGA_1996_53__LEGV2__CH_00349,82
UKPGA_1996_53__LEGV2__CH_00350,85
UKPGA_1996_53__LEGV2__CH_00351,76
UKPGA_1996_53__LEGV2__CH_00352,76
UKPGA_1996_53__LEGV2__CH_00353,135
UKPGA_1996_53__LEGV2__CH_00354,84
UKPGA_1996_53__LEGV2__CH_00355,96
UKPGA_1996_53__LEGV2__CH_00356,85
UKPGA_1996_53__LEGV2__CH_00357,98
UKPGA_1996_53__LEGV2__CH_00358,80
UKPGA_1996_53__LEGV2__CH_00359,85
UKPGA_1996_53__LEGV2__CH_00360,69
UKPGA_1996_53__LEGV2__CH_00361,80
UKPGA_1996_53__LEGV2__CH_00362,98
UKPGA_1996_53__LEGV2__CH_00363,101
UKPGA_1996_53__LEGV2__CH_00364,67
UKPGA_1996_53__LEGV2__CH_00365,125
UKPGA_1996_53__LEGV2__CH_00366,87
UKPGA_1996_53__LEGV2__CH_00367,88
UKPGA_1996_53__LEGV2__CH_00368,61
UKPGA_1996_53__LEGV2__CH_00369,106
UKPGA_1996_53__LEGV2__CH_00370,93
UKPGA_1996_53__LEGV2__CH_00371,96
UKPGA_1996_53__LEGV2__CH_00372,118
UKPGA_1996_53__LEGV2__CH_00373,86
UKPGA_1996_53__LEGV2__CH_00374,67
UKPGA_1996_53__LEGV2__CH_00375,79
UKPGA_1996_53__LEGV2__CH_00376,75
UKPGA_1996_53__LEGV2__CH_00377,95
UKPGA_1996_53__LEGV2__CH_00378,96
UKPGA_1996_53__LEGV2__CH_00379,99
UKPGA_1996_53__LEGV2__CH_00380,82
UKPGA_1996_53__LEGV2__CH_00381,87
UKPGA_1996_53__LEGV2__CH_00382,65
UKPGA_1996_53__LEGV2__CH_00383,71
UKPGA_1996_53__LEGV2__CH_00384,91
UKPGA_1996_53__LEGV2__CH_00385,87
UKPGA_1996_53__LEGV2__CH_00386,75
UKPGA_1998_20__LEGV2__CH_00001,98
UKPGA_1998_20__LEGV2__CH_00002,113
UKPGA_1998_20__LEGV2__CH_00003,129
UKPGA_1998_20__LEGV2__CH_00004,125
UKPGA_1998_20__LEGV2__CH_00005,88
UKPGA_1998_20__LEGV2__CH_00006,91
UKPGA_1998_20__LEGV2__CH_00007,100
UKPGA_1998_20__LEGV2__CH_00008,110
UKPGA_1998_20__LEGV2__CH_00009,146
UKPGA_1998_20__LEGV2__CH_00010,130
UKPGA_1998_20__LEGV2__CH_00011,110
UKPGA_1998_20__LEGV2__CH_00012,100
UKPGA_1998_20__LEGV2__CH_00013,107
UKPGA_1998_20__LEGV2__CH_00014,96
UKPGA_1998_20__LEGV2__CH_00015,98
UKPGA_1998_20__LEGV2__CH_00016,149
UKPGA_1998_20__LEGV2__CH_00017,98
UKPGA_2000_36__LEGV2__CH_00001,60
UKPGA_2000_36__LEGV2__CH_00002,65
UKPGA_2000_36__LEGV2__CH_00003,71
UKPGA_2000_36__LEGV2__CH_00004,73
UKPGA_2000_36__LEGV2__CH_00005,57
UKPGA_2000_36__LEGV2__CH_00006,68
UKPGA_2000_36__LEGV2__CH_00007,93
UKPGA_2000_36__LEGV2__CH_00008,65
UKPGA_2000_36__LEGV2__CH_00009,92
UKPGA_2000_36__LEGV2__CH_00010,75
UKPGA_2000_36__LEGV2__CH_00011,51
UKPGA_2000_36__LEGV2__CH_00012,68
UKPGA_2000_36__LEGV2__CH_00013,76
UKPGA_2000_36__LEGV2__CH_00014,70
UKPGA_2000_36__LEGV2__CH_00015,66
UKPGA_2000_36__LEGV2__CH_00016,59
UKPGA_2000_36__LEGV2__CH_00017,55
UKPGA_2000_36__LEGV2__CH_00018,84
UKPGA_2000_36__LEGV2__CH_00021,84
UKPGA_2000_36__LEGV2__CH_00022,64
UKPGA_2000_36__LEGV2__CH_00023,60
UKPGA_2000_36__LEGV2__CH_00025,65
UKPGA_2000_36__LEGV2__CH_00026,103
UKPGA_2000_36__LEGV2__CH_00027,112
UKPGA_2000_36__LEGV2__CH_00028,73
UKPGA_2000_36__LEGV2__CH_00029,66
UKPGA_2000_36__LEGV2__CH_00030,60
UKPGA_2000_36__LEGV2__CH_00031,74
UKPGA_2000_36__LEGV2__CH_00032,79
UKPGA_2000_36__LEGV2__CH_00033,71
UKPGA_2000_36__LEGV2__CH_00034,70
UKPGA_2000_36__LEGV2__CH_00035,62
UKPGA_2000_36__LEGV2__CH_00036,72
UKPGA_2000_36__LEGV2__CH_00038,57
UKPGA_2000_36__LEGV2__CH_00039,57
UKPGA_2000_36__LEGV2__CH_00040,61
UKPGA_2000_36__LEGV2__CH_00041,57
UKPGA_2000_36__LEGV2__CH_00042,50
UKPGA_2000_36__LEGV2__CH_00043,60
UKPGA_2000_36__LEGV2__CH_00044,59
UKPGA_2000_36__LEGV2__CH_00045,55
UKPGA_2000_36__LEGV2__CH_00046,63
UKPGA_2000_36__LEGV2__CH_00047,66
UKPGA_2000_36__LEGV2__CH_00048,54
UKPGA_2000_36__LEGV2__CH_00049,52
UKPGA_2000_36__LEGV2__CH_00050,77
UKPGA_2000_36__LEGV2__CH_00051,88
UKPGA_2000_36__LEGV2__CH_00052,75
UKPGA_2000_36__LEGV2__CH_00053,65
UKPGA_2000_36__LEGV2__CH_00054,66
UKPGA_2000_36__LEGV2__CH_00055,58
UKPGA_2000_36__LEGV2__CH_00056,99
UKPGA_2000_36__LEGV2__CH_00057,75
UKPGA_2000_36__LEGV2__CH_00058,64
UKPGA_2000_36__LEGV2__CH_00059,90
UKPGA_2000_36__LEGV2__CH_00060,60
UKPGA_2000_36__LEGV2__CH_00061,61
UKPGA_2000_36__LEGV2__CH_00062,70
UKPGA_2000_36__LEGV2__CH_00063,82
UKPGA_2000_36__LEGV2__CH_00064,64
UKPGA_2000_36__LEGV2__CH_00065,64
UKPGA_2000_36__LEGV2__CH_00066,87
UKPGA_2000_36__LEGV2__CH_00067,70
UKPGA_2000_36__LEGV2__CH_00068,77
UKPGA_2000_36__LEGV2__CH_00069,60
UKPGA_2000_36__LEGV2__CH_00070,62
UKPGA_2000_36__LEGV2__CH_00071,54
UKPGA_2000_36__LEGV2__CH_00072,60
UKPGA_2000_36__LEGV2__CH_00073,77
UKPGA_2000_36__LEGV2__CH_00074,57
UKPGA_2000_36__LEGV2__CH_00075,72
UKPGA_2000_36__LEGV2__CH_00076,54
UKPGA_2000_36__LEGV2__CH_00077,55
UKPGA_2000_36__LEGV2__CH_00078,63
UKPGA_2000_36__LEGV2__CH_00079,64
UKPGA_2000_36__LEGV2__CH_00080,78
UKPGA_2000_36__LEGV2__CH_00081,68
UKPGA_2000_36__LEGV2__CH_00082,65
UKPGA_2000_36__LEGV2__CH_00083,67
UKPGA_2000_36__LEGV2__CH_00084,84
UKPGA_2000_36__LEGV2__CH_00085,53
UKPGA_2000_36__LEGV2__CH_00086,60
UKPGA_2000_36__LEGV2__CH_00087,63
UKPGA_2000_36__LEGV2__CH_00088,64
UKPGA_2000_36__LEGV2__CH_00089,85
UKPGA_2000_36__LEGV2__CH_00090,63
UKPGA_2000_36__LEGV2__CH_00091,64
UKPGA_2000_36__LEGV2__CH_00092,46
UKPGA_2000_36__LEGV2__CH_00093,58
UKPGA_2000_36__LEGV2__CH_00094,61
UKPGA_2000_36__LEGV2__CH_00095,59
UKPGA_2000_36__LEGV2__CH_00096,59
UKPGA_2000_36__LEGV2__CH_00097,55
UKPGA_2000_36__LEGV2__CH_00098,61
UKPGA_2000_36__LEGV2__CH_00099,56
UKPGA_2000_36__LEGV2__CH_00100,59
UKPGA_2000_36__LEGV2__CH_00101,59
UKPGA_2000_36__LEGV2__CH_00102,87
UKPGA_2000_36__LEGV2__CH_00103,61
UKPGA_2000_36__LEGV2__CH_00104,71
UKPGA_2000_36__LEGV2__CH_00105,60
UKPGA_2000_36__LEGV2__CH_00106,62
UKPGA_2000_36__LEGV2__CH_00107,55
UKPGA_2000_36__LEGV2__CH_00108,59
UKPGA_2000_36__LEGV2__CH_00109,55
UKPGA_2000_36__LEGV2__CH_00110,57
UKPGA_2000_36__LEGV2__CH_00111,85
UKPGA_2000_36__LEGV2__CH_00112,68
UKPGA_2000_36__LEGV2__CH_00113,74
UKPGA_2000_36__LEGV2__CH_00114,70
UKPGA_2000_36__LEGV2__CH_00115,54
UKPGA_2000_36__LEGV2__CH_00116,94
UKPGA_2000_36__LEGV2__CH_00117,77
UKPGA_2000_36__LEGV2__CH_00118,59
UKPGA_2000_36__LEGV2__CH_00119,71
UKPGA_2000_36__LEGV2__CH_00120,63
UKPGA_2000_36__LEGV2__CH_00121,72
UKPGA_2000_36__LEGV2__CH_00122,81
UKPGA_2000_36__LEGV2__CH_00123,85
UKPGA_2000_36__LEGV2__CH_00124,91
UKPGA_2000_36__LEGV2__CH_00125,84
UKPGA_2000_36__LEGV2__CH_00126,98
UKPGA_2000_36__LEGV2__CH_00127,93
UKPGA_2000_36__LEGV2__CH_00128,72
UKPGA_2000_36__LEGV2__CH_00129,84
UKPGA_2000_36__LEGV2__CH_00130,72
UKPGA_2000_36__LEGV2__CH_00131,95
UKPGA_2000_36__LEGV2__CH_00132,67
UKPGA_2000_36__LEGV2__CH_00133,77
UKPGA_2000_36__LEGV2__CH_00134,84
UKPGA_2000_36__LEGV2__CH_00135,59
UKPGA_2000_36__LEGV2__CH_00136,79
UKPGA_2000_36__LEGV2__CH_00137,76
UKPGA_2000_36__LEGV2__CH_00139,56
UKPGA_2000_36__LEGV2__CH_00140,66
UKPGA_2000_36__LEGV2__CH_00144,64
UKPGA_2000_36__LEGV2__CH_00145,69
UKPGA_2000_36__LEGV2__CH_00146,58
UKPGA_2000_36__LEGV2__CH_00148,66
UKPGA_2000_36__LEGV2__CH_00150,65
UKPGA_2000_36__LEGV2__CH_00151,60
UKPGA_2000_36__LEGV2__CH_00152,66
UKPGA_2000_36__LEGV2__CH_00154,67
UKPGA_2000_36__LEGV2__CH_00156,54
UKPGA_2000_36__LEGV2__CH_00157,72
UKPGA_2000_36__LEGV2__CH_00158,65
UKPGA_2000_36__LEGV2__CH_00159,65
UKPGA_2000_36__LEGV2__CH_00161,64
UKPGA_2000_36__LEGV2__CH_00163,48
UKPGA_2000_36__LEGV2__CH_00164,55
UKPGA_2000_36__LEGV2__CH_00167,55
UKPGA_2000_36__LEGV2__CH_00168,46
UKPGA_2000_36__LEGV2__CH_00169,55
UKPGA_2000_36__LEGV2__CH_00174,60
UKPGA_2000_36__LEGV2__CH_00175,68
UKPGA_2000_36__LEGV2__CH_00177,62
UKPGA_2000_36__LEGV2__CH_00178,58
UKPGA_2000_36__LEGV2__CH_00179,46
UKPGA_2000_36__LEGV2__CH_00180,57
UKPGA_2000_36__LEGV2__CH_00181,58
UKPGA_2000_36__LEGV2__CH_00182,60
UKPGA_2000_36__LEGV2__CH_00183,80
UKPGA_2000_36__LEGV2__CH_00184,54
UKPGA_2000_36__LEGV2__CH_00185,76
UKPGA_2000_36__LEGV2__CH_00187,64
UKPGA_2000_36__LEGV2__CH_00188,77
UKPGA_2000_36__LEGV2__CH_00189,120
UKPGA_2000_36__LEGV2__CH_00190,127
UKPGA_2000_36__LEGV2__CH_00191,151
UKPGA_2000_36__LEGV2__CH_00192,109
UKPGA_2000_36__LEGV2__CH_00193,79
UKPGA_2000_36__LEGV2__CH_00194,95
UKPGA_2000_36__LEGV2__CH_00195,71
UKPGA_2000_36__LEGV2__CH_00196,84
UKPGA_2000_36__LEGV2__CH_00197,77
UKPGA_2000_36__LEGV2__CH_00198,108
UKPGA_2000_36__LEGV2__CH_00199,79
UKPGA_2000_36__LEGV2__CH_00200,67
UKPGA_2000_36__LEGV2__CH_00201,55
UKPGA_2000_36__LEGV2__CH_00202,71
UKPGA_2000_36__LEGV2__CH_00203,131
UKPGA_2000_36__LEGV2__CH_00204,82
UKPGA_2000_36__LEGV2__CH_00205,93
UKPGA_2000_36__LEGV2__CH_00206,45
UKPGA_2000_36__LEGV2__CH_00207,61
UKPGA_2000_36__LEGV2__CH_00208,66
UKPGA_2000_36__LEGV2__CH_00209,53
UKPGA_2000_36__LEGV2__CH_00210,50
UKPGA_2000_36__LEGV2__CH_00211,69
UKPGA_2000_36__LEGV2__CH_00213,62
UKPGA_2000_36__LEGV2__CH_00214,55
UKPGA_2000_36__LEGV2__CH_00215,59
UKPGA_2000_36__LEGV2__CH_00216,69
UKPGA_2000_36__LEGV2__CH_00217,88
UKPGA_2000_36__LEGV2__CH_00218,88
UKPGA_2000_36__LEGV2__CH_00219,81
UKPGA_2000_36__LEGV2__CH_00220,66
UKPGA_2000_36__LEGV2__CH_00221,72
UKPGA_2000_36__LEGV2__CH_00222,88
UKPGA_2000_36__LEGV2__CH_00223,69
UKPGA_2000_36__LEGV2__CH_00225,70
UKPGA_2000_36__LEGV2__CH_00226,58
UKPGA_2000_36__LEGV2__CH_00227,106
UKPGA_2000_36__LEGV2__CH_00228,146
UKPGA_2000_36__LEGV2__CH_00229,88
UKPGA_2000_36__LEGV2__CH_00230,80
UKPGA_2000_36__LEGV2__CH_00231,75
UKPGA_2000_36__LEGV2__CH_00232,108
UKPGA_2000_36__LEGV2__CH_00233,67
UKPGA_2000_36__LEGV2__CH_00234,71
UKPGA_2000_36__LEGV2__CH_00235,83
UKPGA_2000_36__LEGV2__CH_00236,79
UKPGA_2000_36__LEGV2__CH_00237,126
UKPGA_2000_36__LEGV2__CH_00238,96
UKPGA_2000_36__LEGV2__CH_00239,109
UKPGA_2000_36__LEGV2__CH_00240,81
UKPGA_2000_36__LEGV2__CH_00241,75
UKPGA_2000_36__LEGV2__CH_00242,70
UKPGA_2000_36__LEGV2__CH_00243,67
UKPGA_2000_36__LEGV2__CH_00244,68
UKPGA_2000_36__LEGV2__CH_00245,70
UKPGA_2000_36__LEGV2__CH_00246,77
UKPGA_2000_36__LEGV2__CH_00247,90
UKPGA_2000_36__LEGV2__CH_00248,89
UKPGA_2000_36__LEGV2__CH_00249,86
UKPGA_2000_36__LEGV2__CH_00250,95
UKPGA_2000_36__LEGV2__CH_00251,83
UKPGA_2000_36__LEGV2__CH_00252,80
UKPGA_2000_36__LEGV2__CH_00253,59
UKPGA_2000_36__LEGV2__CH_00254,86
UKPGA_2000_36__LEGV2__CH_00255,75
UKPGA_2000_36__LEGV2__CH_00256,81
UKPGA_2000_36__LEGV2__CH_00257,49
UKPGA_2000_36__LEGV2__CH_00258,74
UKPGA_2000_36__LEGV2__CH_00260,78
UKPGA_2000_36__LEGV2__CH_00261,89
UKPGA_2000_36__LEGV2__CH_00262,92
UKPGA_2000_36__LEGV2__CH_00264,62
UKPGA_2000_36__LEGV2__CH_00265,60
UKPGA_2000_36__LEGV2__CH_00266,63
UKPGA_2000_36__LEGV2__CH_00267,62
UKPGA_2000_36__LEGV2__CH_00268,57
UKPGA_2000_36__LEGV2__CH_00269,63
UKPGA_2000_36__LEGV2__CH_00270,84
UKPGA_2000_36__LEGV2__CH_00271,111
UKPGA_2000_36__LEGV2__CH_00272,82
UKPGA_2000_36__LEGV2__CH_00273,106
UKPGA_2000_36__LEGV2__CH_00274,70
UKPGA_2000_36__LEGV2__CH_00275,121
UKPGA_2000_36__LEGV2__CH_00276,94
UKPGA_2000_36__LEGV2__CH_00277,110
UKPGA_2000_36__LEGV2__CH_00278,113
UKPGA_2000_36__LEGV2__CH_00279,84
UKPGA_2000_36__LEGV2__CH_00280,76
UKPGA_2000_36__LEGV2__CH_00281,131
UKPGA_2000_36__LEGV2__CH_00282,127
UKPGA_2000_36__LEGV2__CH_00283,103
UKPGA_2000_36__LEGV2__CH_00284,100
UKPGA_2000_36__LEGV2__CH_00285,83
UKPGA_2000_36__LEGV2__CH_00286,110
UKPGA_2000_36__LEGV2__CH_00287,75
UKPGA_2000_36__LEGV2__CH_00288,82
UKPGA_2000_36__LEGV2__CH_00289,97
UKPGA_2000_36__LEGV2__CH_00290,118
UKPGA_2000_36__LEGV2__CH_00291,85
UKPGA_2000_36__LEGV2__CH_00292,74
UKPGA_2000_36__LEGV2__CH_00293,103
UKPGA_2000_36__LEGV2__CH_00294,93
UKPGA_2000_36__LEGV2__CH_00295,120
UKPGA_2000_36__LEGV2__CH_00296,101
UKPGA_2000_36__LEGV2__CH_00297,80
UKPGA_2000_36__LEGV2__CH_00298,99
UKPGA_2000_36__LEGV2__CH_00299,95
UKPGA_2000_36__LEGV2__CH_00300,94
UKPGA_2000_36__LEGV2__CH_00301,79
UKPGA_2000_36__LEGV2__CH_00302,84
UKPGA_2000_36__LEGV2__CH_00303,90
UKPGA_2000_36__LEGV2__CH_00304,75
UKPGA_2000_36__LEGV2__CH_00305,103
UKPGA_2000_36__LEGV2__CH_00306,88
UKPGA_2000_36__LEGV2__CH_00307,106
UKPGA_2000_36__LEGV2__CH_00308,86
UKPGA_2000_36__LEGV2__CH_00309,70
UKPGA_2000_36__LEGV2__CH_00310,74
UKPGA_2000_36__LEGV2__CH_00311,107
UKPGA_2000_36__LEGV2__CH_00312,86
UKPGA_2000_36__LEGV2__CH_00313,77
UKPGA_2000_36__LEGV2__CH_00314,82
UKPGA_2000_36__LEGV2__CH_00315,85
UKPGA_2000_36__LEGV2__CH_00316,112
UKPGA_2000_36__LEGV2__CH_00317,76
UKPGA_2000_36__LEGV2__CH_00318,87
UKPGA_2000_36__LEGV2__CH_00319,93
UKPGA_2000_36__LEGV2__CH_00320,87
UKPGA_2000_36__LEGV2__CH_00321,92
UKPGA_2000_36__LEGV2__CH_00322,95
UKPGA_2000_36__LEGV2__CH_00323,76
UKPGA_2000_36__LEGV2__CH_00324,77
UKPGA_2000_36__LEGV2__CH_00325,78
UKPGA_2000_36__LEGV2__CH_00326,57
UKPGA_2000_36__LEGV2__CH_00327,90
UKPGA_2000_36__LEGV2__CH_00328,92
UKPGA_2000_36__LEGV2__CH_00329,81
UKPGA_2000_36__LEGV2__CH_00330,71
UKPGA_2000_36__LEGV2__CH_00331,89
UKPGA_2000_36__LEGV2__CH_00332,70
UKPGA_2000_36__LEGV2__CH_00333,69
UKPGA_2000_36__LEGV2__CH_00334,69
UKPGA_2000_36__LEGV2__CH_00335,68
UKPGA_2000_36__LEGV2__CH_00336,85
UKPGA_2000_36__LEGV2__CH_00337,69
UKPGA_2000_36__LEGV2__CH_00338,95
UKPGA_2000_36__LEGV2__CH_00339,71
UKPGA_2000_36__LEGV2__CH_00340,67
UKPGA_2000_36__LEGV2__CH_00341,61
UKPGA_2000_36__LEGV2__CH_00342,75
UKPGA_2000_36__LEGV2__CH_00343,76
UKPGA_2000_36__LEGV2__CH_00344,80
UKPGA_2000_36__LEGV2__CH_00345,73
UKPGA_2000_36__LEGV2__CH_00346,63
UKPGA_2000_36__LEGV2__CH_00347,61
UKPGA_2000_36__LEGV2__CH_00348,58
UKPGA_2000_36__LEGV2__CH_00349,91
UKPGA_2000_36__LEGV2__CH_00350,64
UKPGA_2000_36__LEGV2__CH_00351,59
UKPGA_2000_36__LEGV2__CH_00352,77
UKPGA_2000_36__LEGV2__CH_00353,61
UKPGA_2000_36__LEGV2__CH_00354,66
UKPGA_2000_36__LEGV2__CH_00355,76
UKPGA_2000_36__LEGV2__CH_00356,73
UKPGA_2000_36__LEGV2__CH_00358__M,66
UKPGA_2000_36__LEGV2__CH_00361,52
UKPGA_2000_36__LEGV2__CH_00363,71
UKPGA_2002_40__LEGV2__CH_00001,77
UKPGA_2002_40__LEGV2__CH_00002,81
UKPGA_2002_40__LEGV2__CH_00003,76
UKPGA_2002_40__LEGV2__CH_00004,78
UKPGA_2002_40__LEGV2__CH_00005,64
UKPGA_2002_40__LEGV2__CH_00006,69
UKPGA_2002_40__LEGV2__CH_00007,76
UKPGA_2002_40__LEGV2__CH_00008,111
UKPGA_2002_40__LEGV2__CH_00009,64
UKPGA_2002_40__LEGV2__CH_00010,99
UKPGA_2002_40__LEGV2__CH_00011,111
UKPGA_2002_40__LEGV2__CH_00012,93
UKPGA_2002_40__LEGV2__CH_00013,74
UKPGA_2002_40__LEGV2__CH_00014,64
UKPGA_2002_40__LEGV2__CH_00015,70
UKPGA_2002_40__LEGV2__CH_00016,129
UKPGA_2002_40__LEGV2__CH_00018,68
UKPGA_2002_40__LEGV2__CH_00019,87
UKPGA_2002_40__LEGV2__CH_00021,99
UKPGA_2002_40__LEGV2__CH_00022,89
UKPGA_2002_40__LEGV2__CH_00023,39
UKPGA_2002_40__LEGV2__CH_00024,68
UKPGA_2002_40__LEGV2__CH_00025,78
UKPGA_2002_40__LEGV2__CH_00026,103
UKPGA_2002_40__LEGV2__CH_00027,49
UKPGA_2002_40__LEGV2__CH_00028,80
UKPGA_2002_40__LEGV2__CH_00029,64
UKPGA_2002_40__LEGV2__CH_00030,88
UKPGA_2002_40__LEGV2__CH_00031,54
UKPGA_2002_40__LEGV2__CH_00032,66
UKPGA_2002_40__LEGV2__CH_00033,81
UKPGA_2002_40__LEGV2__CH_00034,73
UKPGA_2002_40__LEGV2__CH_00035,85
UKPGA_2002_40__LEGV2__CH_00036,78
UKPGA_2002_40__LEGV2__CH_00037,68
UKPGA_2002_40__LEGV2__CH_00038,60
UKPGA_2002_40__LEGV2__CH_00039,63
UKPGA_2002_40__LEGV2__CH_00040,68
UKPGA_2002_40__LEGV2__CH_00041,97
UKPGA_2002_40__LEGV2__CH_00042,60
UKPGA_2002_40__LEGV2__CH_00043,72
UKPGA_2002_40__LEGV2__CH_00044,72
UKPGA_2002_40__LEGV2__CH_00045,68
UKPGA_2002_40__LEGV2__CH_00046,77
UKPGA_2002_40__LEGV2__CH_00047,86
UKPGA_2002_40__LEGV2__CH_00048,79
UKPGA_2002_40__LEGV2__CH_00049,49
UKPGA_2002_40__LEGV2__CH_00050,63
UKPGA_2002_40__LEGV2__CH_00051,62
UKPGA_2002_40__LEGV2__CH_00052,71
UKPGA_2002_40__LEGV2__CH_00053,55
UKPGA_2002_40__LEGV2__CH_00055,59
UKPGA_2002_40__LEGV2__CH_00056,66
UKPGA_2002_40__LEGV2__CH_00057,59
UKPGA_2002_40__LEGV2__CH_00058,68
UKPGA_2002_40__LEGV2__CH_00059,59
UKPGA_2002_40__LEGV2__CH_00060,62
UKPGA_2002_40__LEGV2__CH_00061,61
UKPGA_2002_40__LEGV2__CH_00063,62
UKPGA_2002_40__LEGV2__CH_00064,66
UKPGA_2002_40__LEGV2__CH_00065,66
UKPGA_2002_40__LEGV2__CH_00066,58
UKPGA_2002_40__LEGV2__CH_00067,82
UKPGA_2002_40__LEGV2__CH_00068,87
UKPGA_2002_40__LEGV2__CH_00069,68
UKPGA_2002_40__LEGV2__CH_00070,55
UKPGA_2002_40__LEGV2__CH_00071,59
UKPGA_2002_40__LEGV2__CH_00072,66
UKPGA_2002_40__LEGV2__CH_00073,69
UKPGA_2002_40__LEGV2__CH_00074,82
UKPGA_2002_40__LEGV2__CH_00075,77
UKPGA_2002_40__LEGV2__CH_00076,59
UKPGA_2002_40__LEGV2__CH_00077,82
UKPGA_2002_40__LEGV2__CH_00078,55
UKPGA_2002_40__LEGV2__CH_00079,80
UKPGA_2002_40__LEGV2__CH_00080,74
UKPGA_2002_40__LEGV2__CH_00081,74
UKPGA_2002_40__LEGV2__CH_00082,68
UKPGA_2002_40__LEGV2__CH_00083,84
UKPGA_2002_40__LEGV2__CH_00084,61
UKPGA_2002_40__LEGV2__CH_00085,53
UKPGA_2002_40__LEGV2__CH_00086,111
UKPGA_2002_40__LEGV2__CH_00087,83
UKPGA_2002_40__LEGV2__CH_00088,70
UKPGA_2002_40__LEGV2__CH_00089,74
UKPGA_2002_40__LEGV2__CH_00090,79
UKPGA_2002_40__LEGV2__CH_00091,119
UKPGA_2002_40__LEGV2__CH_00093,78
UKPGA_2002_40__LEGV2__CH_00094,77
UKPGA_2002_40__LEGV2__CH_00095,81
UKPGA_2002_40__LEGV2__CH_00096,61
UKPGA_2002_40__LEGV2__CH_00097,81
UKPGA_2002_40__LEGV2__CH_00098,65
UKPGA_2002_40__LEGV2__CH_00099,62
UKPGA_2002_40__LEGV2__CH_00100,72
UKPGA_2002_40__LEGV2__CH_00101,68
UKPGA_2002_40__LEGV2__CH_00102,68
UKPGA_2002_40__LEGV2__CH_00103,84
UKPGA_2002_40__LEGV2__CH_00104,71
UKPGA_2002_40__LEGV2__CH_00105,62
UKPGA_2002_40__LEGV2__CH_00106,71
UKPGA_2002_40__LEGV2__CH_00107,59
UKPGA_2002_40__LEGV2__CH_00108,52
UKPGA_2002_40__LEGV2__CH_00109,80
UKPGA_2002_40__LEGV2__CH_00110,71
UKPGA_2002_40__LEGV2__CH_00111,82
UKPGA_2002_40__LEGV2__CH_00112,80
UKPGA_2002_40__LEGV2__CH_00116,54
UKPGA_2002_40__LEGV2__CH_00117,61
UKPGA_2002_40__LEGV2__CH_00118,65
UKPGA_2002_40__LEGV2__CH_00119,43
UKPGA_2002_40__LEGV2__CH_00120,60
UKPGA_2002_40__LEGV2__CH_00121,45
UKPGA_2002_40__LEGV2__CH_00122,79
UKPGA_2002_40__LEGV2__CH_00123,58
UKPGA_2002_40__LEGV2__CH_00124,63
UKPGA_2002_40__LEGV2__CH_00125,67
UKPGA_2002_40__LEGV2__CH_00126,69
UKPGA_2002_40__LEGV2__CH_00127,64
UKPGA_2002_40__LEGV2__CH_00128,67
UKPGA_2002_40__LEGV2__CH_00129,60
UKPGA_2002_40__LEGV2__CH_00131,48
UKPGA_2002_40__LEGV2__CH_00132,77
UKPGA_2002_40__LEGV2__CH_00133,71
UKPGA_2002_40__LEGV2__CH_00135,61
UKPGA_2002_40__LEGV2__CH_00136,74
UKPGA_2002_40__LEGV2__CH_00137,64
UKPGA_2002_40__LEGV2__CH_00138,68
UKPGA_2002_40__LEGV2__CH_00139,77
UKPGA_2002_40__LEGV2__CH_00140,72
UKPGA_2002_40__LEGV2__CH_00141,58
UKPGA_2002_40__LEGV2__CH_00143__M,84
UKPGA_2002_40__LEGV2__CH_00145,71
UKPGA_2002_40__LEGV2__CH_00146,60
UKPGA_2002_40__LEGV2__CH_00147,64
UKPGA_2002_40__LEGV2__CH_00148,60
UKPGA_2002_40__LEGV2__CH_00149,72
UKPGA_2002_40__LEGV2__CH_00150,57
UKPGA_2002_40__LEGV2__CH_00151,58
UKPGA_2002_40__LEGV2__CH_00152,59
UKPGA_2002_40__LEGV2__CH_00153,80
UKPGA_2002_40__LEGV2__CH_00154,164
UKPGA_2002_40__LEGV2__CH_00155,64
UKPGA_2002_40__LEGV2__CH_00156,73
UKPGA_2002_40__LEGV2__CH_00157,73
UKPGA_2002_40__LEGV2__CH_00158,64
UKPGA_2002_40__LEGV2__CH_00159,52
UKPGA_2002_40__LEGV2__CH_00160,116
UKPGA_2002_40__LEGV2__CH_00161,100
UKPGA_2002_40__LEGV2__CH_00162,53
UKPGA_2002_40__LEGV2__CH_00163,54
UKPGA_2002_40__LEGV2__CH_00164,74
UKPGA_2002_40__LEGV2__CH_00165,115
UKPGA_2002_40__LEGV2__CH_00166,82
UKPGA_2002_40__LEGV2__CH_00167,70
UKPGA_2002_40__LEGV2__CH_00168__M,68
UKPGA_2002_40__LEGV2__CH_00170,66
UKPGA_2002_40__LEGV2__CH_00171,72
UKPGA_2002_40__LEGV2__CH_00172,80
UKPGA_2002_40__LEGV2__CH_00173,89
UKPGA_2002_40__LEGV2__CH_00174,54
UKPGA_2002_40__LEGV2__CH_00175,66
UKPGA_2002_40__LEGV2__CH_00176,71
UKPGA_2002_40__LEGV2__CH_00177,73
UKPGA_2002_40__LEGV2__CH_00178,95
UKPGA_2002_40__LEGV2__CH_00179,60
UKPGA_2002_40__LEGV2__CH_00180,69
UKPGA_2002_40__LEGV2__CH_00181,74
UKPGA_2002_40__LEGV2__CH_00182,90
UKPGA_2002_40__LEGV2__CH_00183,66
UKPGA_2002_40__LEGV2__CH_00184,65
UKPGA_2002_40__LEGV2__CH_00185,77
UKPGA_2002_40__LEGV2__CH_00186,74
UKPGA_2002_40__LEGV2__CH_00187,86
UKPGA_2002_40__LEGV2__CH_00188,82
UKPGA_2002_40__LEGV2__CH_00189,65
UKPGA_2002_40__LEGV2__CH_00190,65
UKPGA_2002_40__LEGV2__CH_00191,65
UKPGA_2002_40__LEGV2__CH_00192,52
UKPGA_2002_40__LEGV2__CH_00193,72
UKPGA_2002_40__LEGV2__CH_00194,67
UKPGA_2002_40__LEGV2__CH_00195,77
UKPGA_2002_40__LEGV2__CH_00196,81
UKPGA_2002_40__LEGV2__CH_00197__M,104
UKPGA_2002_40__LEGV2__CH_00199,79
UKPGA_2002_40__LEGV2__CH_00203,76
UKPGA_2002_40__LEGV2__CH_00204,50
UKPGA_2002_40__LEGV2__CH_00205,59
UKPGA_2002_40__LEGV2__CH_00206,44
UKPGA_2002_40__LEGV2__CH_00207,55
UKPGA_2002_40__LEGV2__CH_00208,86
UKPGA_2002_40__LEGV2__CH_00209,61
UKPGA_2002_40__LEGV2__CH_00210,71
UKPGA_2002_40__LEGV2__CH_00211,66
UKPGA_2002_40__LEGV2__CH_00212,74
UKPGA_2002_40__LEGV2__CH_00213,52
UKPGA_2002_40__LEGV2__CH_00214,65
UKPGA_2002_40__LEGV2__CH_00216,52
UKPGA_2002_40__LEGV2__CH_00217,59
UKPGA_2002_40__LEGV2__CH_00218,72
UKPGA_2002_40__LEGV2__CH_00220,67
UKPGA_2002_40__LEGV2__CH_00221,75
UKPGA_2002_40__LEGV2__CH_00223,65
UKPGA_2002_40__LEGV2__CH_00224,63
UKPGA_2002_40__LEGV2__CH_00225,80
UKPGA_2002_40__LEGV2__CH_00228,86
UKPGA_2002_40__LEGV2__CH_00229,73
UKPGA_2002_40__LEGV2__CH_00230,90
UKPGA_2002_40__LEGV2__CH_00231,60
UKPGA_2002_40__LEGV2__CH_00232,72
UKPGA_2002_40__LEGV2__CH_00233,55
UKPGA_2002_40__LEGV2__CH_00234,70
UKPGA_2002_40__LEGV2__CH_00235,50
UKPGA_2002_40__LEGV2__CH_00236,88
UKPGA_2002_40__LEGV2__CH_00237,58
UKPGA_2002_40__LEGV2__CH_00238,66
UKPGA_2002_40__LEGV2__CH_00239,69
UKPGA_2002_40__LEGV2__CH_00240,92
UKPGA_2002_40__LEGV2__CH_00241,60
UKPGA_2002_40__LEGV2__CH_00242,65
UKPGA_2002_40__LEGV2__CH_00243,64
UKPGA_2002_40__LEGV2__CH_00244,72
UKPGA_2002_40__LEGV2__CH_00245,60
UKPGA_2002_40__LEGV2__CH_00246,78
UKPGA_2002_40__LEGV2__CH_00247,99
UKPGA_2002_40__LEGV2__CH_00248,81
UKPGA_2002_40__LEGV2__CH_00249,132
UKPGA_2002_40__LEGV2__CH_00250,67
UKPGA_2002_40__LEGV2__CH_00251,92
UKPGA_2002_40__LEGV2__CH_00252,81
UKPGA_2002_40__LEGV2__CH_00253,85
UKPGA_2002_40__LEGV2__CH_00254,92
UKPGA_2002_40__LEGV2__CH_00255,75
UKPGA_2002_40__LEGV2__CH_00256,59
UKPGA_2002_40__LEGV2__CH_00257,54
UKPGA_2002_40__LEGV2__CH_00258,64
UKPGA_2002_40__LEGV2__CH_00259,68
UKPGA_2002_40__LEGV2__CH_00260,60
UKPGA_2002_40__LEGV2__CH_00261,69
UKPGA_2002_40__LEGV2__CH_00262,69
UKPGA_2002_40__LEGV2__CH_00263,81
UKPGA_2002_40__LEGV2__CH_00264,117
UKPGA_2002_40__LEGV2__CH_00265,59
UKPGA_2002_40__LEGV2__CH_00266,72
UKPGA_2002_40__LEGV2__CH_00267,79
UKPGA_2002_40__LEGV2__CH_00268,63
UKPGA_2002_40__LEGV2__CH_00269,67
UKPGA_2002_40__LEGV2__CH_00270,60
UKPGA_2002_40__LEGV2__CH_00271,107
UKPGA_2002_40__LEGV2__CH_00272,90
UKPGA_2002_40__LEGV2__CH_00273,66
UKPGA_2002_40__LEGV2__CH_00274,66
UKPGA_2002_40__LEGV2__CH_00275,72
UKPGA_2002_40__LEGV2__CH_00276,75
UKPGA_2002_40__LEGV2__CH_00277,90
UKPGA_2002_40__LEGV2__CH_00278,79
UKPGA_2002_40__LEGV2__CH_00279,81
UKPGA_2002_40__LEGV2__CH_00280,72
UKPGA_2002_40__LEGV2__CH_00281,70
UKPGA_2002_40__LEGV2__CH_00282,58
UKPGA_2002_40__LEGV2__CH_00283,77
UKPGA_2002_40__LEGV2__CH_00284,82
UKPGA_2002_40__LEGV2__CH_00285,54
UKPGA_2002_40__LEGV2__CH_00286,63
UKPGA_2002_40__LEGV2__CH_00287,94
UKPGA_2002_40__LEGV2__CH_00288,81
UKPGA_2002_40__LEGV2__CH_00289,65
UKPGA_2002_40__LEGV2__CH_00293,53
UKPGA_2002_40__LEGV2__CH_00294,52
UKPGA_2002_40__LEGV2__CH_00295,61
UKPGA_2002_40__LEGV2__CH_00296,53
UKPGA_2002_40__LEGV2__CH_00298,69
UKPGA_2002_40__LEGV2__CH_00299,69
UKPGA_2002_40__LEGV2__CH_00300,73
UKPGA_2002_40__LEGV2__CH_00301,65
UKPGA_2002_40__LEGV2__CH_00302,88
UKPGA_2002_40__LEGV2__CH_00303,72
UKPGA_2002_40__LEGV2__CH_00304,51
UKPGA_2002_40__LEGV2__CH_00305,96
UKPGA_2002_40__LEGV2__CH_00306,62
UKPGA_2002_40__LEGV2__CH_00307,68
UKPGA_2002_40__LEGV2__CH_00309,55
UKPGA_2002_40__LEGV2__CH_00310,66
UKPGA_2002_40__LEGV2__CH_00311,76
UKPGA_2002_40__LEGV2__CH_00312,90
UKPGA_2002_40__LEGV2__CH_00313,80
UKPGA_2002_40__LEGV2__CH_00314,63
UKPGA_2002_40__LEGV2__CH_00315,77
UKPGA_2002_40__LEGV2__CH_00316,70
UKPGA_2002_40__LEGV2__CH_00317,81
UKPGA_2002_40__LEGV2__CH_00318,67
UKPGA_2002_40__LEGV2__CH_00320,60
UKPGA_2002_40__LEGV2__CH_00321,78
UKPGA_2002_40__LEGV2__CH_00322,63
UKPGA_2002_40__LEGV2__CH_00323,83
UKPGA_2002_40__LEGV2__CH_00324,86
UKPGA_2002_40__LEGV2__CH_00325,92
UKPGA_2002_40__LEGV2__CH_00326,78
UKPGA_2002_40__LEGV2__CH_00327,69
UKPGA_2002_40__LEGV2__CH_00328,65
UKPGA_2002_40__LEGV2__CH_00329,66
UKPGA_2002_40__LEGV2__CH_00330,70
UKPGA_2002_40__LEGV2__CH_00331,64
UKPGA_2002_40__LEGV2__CH_00332,78
UKPGA_2002_40__LEGV2__CH_00333,63
UKPGA_2002_40__LEGV2__CH_00334,62
UKPGA_2002_40__LEGV2__CH_00335,70
UKPGA_2002_40__LEGV2__CH_00336,93
UKPGA_2002_40__LEGV2__CH_00337,74
UKPGA_2002_40__LEGV2__CH_00338,76
UKPGA_2002_40__LEGV2__CH_00339,73
UKPGA_2002_40__LEGV2__CH_00340,59
UKPGA_2002_40__LEGV2__CH_00341,100
UKPGA_2002_40__LEGV2__CH_00342,137
UKPGA_2002_40__LEGV2__CH_00343,142
UKPGA_2002_40__LEGV2__CH_00344,103
UKPGA_2002_40__LEGV2__CH_00345,100
UKPGA_2002_40__LEGV2__CH_00346,142
UKPGA_2002_40__LEGV2__CH_00347,120
UKPGA_2002_40__LEGV2__CH_00348,82
UKPGA_2002_40__LEGV2__CH_00349,72
UKPGA_2002_40__LEGV2__CH_00350,48
UKPGA_2002_40__LEGV2__CH_00351,52
UKPGA_2002_40__LEGV2__CH_00352,64
UKPGA_2002_40__LEGV2__CH_00353,57
UKPGA_2002_40__LEGV2__CH_00354,70
UKPGA_2002_40__LEGV2__CH_00355,61
UKPGA_2002_40__LEGV2__CH_00356,65
UKPGA_2002_40__LEGV2__CH_00357,58
UKPGA_2002_40__LEGV2__CH_00358,65
UKPGA_2002_40__LEGV2__CH_00359,72
UKPGA_2002_40__LEGV2__CH_00360,69
UKPGA_2002_40__LEGV2__CH_00361,94
UKPGA_2002_40__LEGV2__CH_00362,105
UKPGA_2002_40__LEGV2__CH_00363,83
UKPGA_2002_40__LEGV2__CH_00364,85
UKPGA_2002_40__LEGV2__CH_00365,73
UKPGA_2002_40__LEGV2__CH_00366,100
UKPGA_2002_40__LEGV2__CH_00367,54
UKPGA_2002_40__LEGV2__CH_00368,57
UKPGA_2002_40__LEGV2__CH_00369,112
UKPGA_2002_40__LEGV2__CH_00370,95
UKPGA_2002_40__LEGV2__CH_00371,56
UKPGA_2002_40__LEGV2__CH_00372,61
UKPGA_2002_40__LEGV2__CH_00373,65
UKPGA_2002_40__LEGV2__CH_00374,70
UKPGA_2002_40__LEGV2__CH_00375,60
UKPGA_2002_40__LEGV2__CH_00376,68
UKPGA_2002_40__LEGV2__CH_00377,61
UKPGA_2002_40__LEGV2__CH_00378,60
UKPGA_2002_40__LEGV2__CH_00379,60
UKPGA_2002_40__LEGV2__CH_00380,54
UKPGA_2002_40__LEGV2__CH_00381,62
UKPGA_2002_40__LEGV2__CH_00382,93
UKPGA_2002_40__LEGV2__CH_00383,54
UKPGA_2002_40__LEGV2__CH_00384,61
UKPGA_2002_40__LEGV2__CH_00385,51
UKPGA_2002_40__LEGV2__CH_00386,58
UKPGA_2002_40__LEGV2__CH_00387,57
UKPGA_2002_40__LEGV2__CH_00388,58
UKPGA_2002_40__LEGV2__CH_00389,53
UKPGA_2002_40__LEGV2__CH_00390,55
UKPGA_2002_40__LEGV2__CH_00391,66
UKPGA_2002_40__LEGV2__CH_00392,65
UKPGA_2002_40__LEGV2__CH_00393,101
UKPGA_2002_40__LEGV2__CH_00394,62
UKPGA_2002_40__LEGV2__CH_00395,63
UKPGA_2002_40__LEGV2__CH_00396,65
UKPGA_2002_40__LEGV2__CH_00397,85
UKPGA_2002_40__LEGV2__CH_00398,63
UKPGA_2002_40__LEGV2__CH_00399,88
UKPGA_2002_40__LEGV2__CH_00400,62
UKPGA_2002_40__LEGV2__CH_00401,59
UKPGA_2002_40__LEGV2__CH_00402,61
UKPGA_2002_40__LEGV2__CH_00403,86
UKPGA_2002_40__LEGV2__CH_00404,62
UKPGA_2002_40__LEGV2__CH_00405,57
UKPGA_2002_40__LEGV2__CH_00406,63
UKPGA_2002_40__LEGV2__CH_00407,81
UKPGA_2002_40__LEGV2__CH_00408,77
UKPGA_2002_40__LEGV2__CH_00409,77
UKPGA_2002_40__LEGV2__CH_00410,86
UKPGA_2002_40__LEGV2__CH_00412,84
UKPGA_2002_40__LEGV2__CH_00413,110
UKPGA_2002_40__LEGV2__CH_00414,95
UKPGA_2002_40__LEGV2__CH_00415,107
UKPGA_2002_40__LEGV2__CH_00416,126
UKPGA_2002_40__LEGV2__CH_00417,104
UKPGA_2002_40__LEGV2__CH_00418,54
UKPGA_2002_40__LEGV2__CH_00419,72
UKPGA_2002_40__LEGV2__CH_00420,82
UKPGA_2002_40__LEGV2__CH_00421,76
UKPGA_2002_40__LEGV2__CH_00422,81
UKPGA_2002_40__LEGV2__CH_00423,67
UKPGA_2002_40__LEGV2__CH_00424,55
UKPGA_2002_40__LEGV2__CH_00425,89
UKPGA_2002_40__LEGV2__CH_00426,76
UKPGA_2002_40__LEGV2__CH_00428,65
UKPGA_2002_40__LEGV2__CH_00429,64
UKPGA_2002_40__LEGV2__CH_00430,70
UKPGA_2002_40__LEGV2__CH_00431,59
UKPGA_2002_40__LEGV2__CH_00432,90
UKPGA_2002_40__LEGV2__CH_00433,80
UKPGA_2002_40__LEGV2__CH_00434,92
UKPGA_2002_40__LEGV2__CH_00435,76
UKPGA_2002_40__LEGV2__CH_00436,67
UKPGA_2002_40__LEGV2__CH_00437,74
UKPGA_2002_40__LEGV2__CH_00438,82
UKPGA_2002_40__LEGV2__CH_00439,61
UKPGA_2002_40__LEGV2__CH_00440,60
UKPGA_2002_40__LEGV2__CH_00441,62
UKPGA_2002_40__LEGV2__CH_00442,95
UKPGA_2002_40__LEGV2__CH_00443,79
UKPGA_2002_40__LEGV2__CH_00444,139
UKPGA_2002_40__LEGV2__CH_00445,85
UKPGA_2002_40__LEGV2__CH_00446,78
UKPGA_2002_40__LEGV2__CH_00447,58
UKPGA_2002_40__LEGV2__CH_00448,62
UKPGA_2002_40__LEGV2__CH_00450,120
UKPGA_2002_40__LEGV2__CH_00451,67
UKPGA_2002_40__LEGV2__CH_00452,83
UKPGA_2002_40__LEGV2__CH_00453,99
UKPGA_2002_40__LEGV2__CH_00454,90
UKPGA_2002_40__LEGV2__CH_00455,99
UKPGA_2002_40__LEGV2__CH_00456,122
UKPGA_2002_40__LEGV2__CH_00458,81
UKPGA_2002_40__LEGV2__CH_00459,120
UKPGA_2002_40__LEGV2__CH_00460,166
UKPGA_2002_40__LEGV2__CH_00461,105
UKPGA_2002_40__LEGV2__CH_00462,90
UKPGA_2002_40__LEGV2__CH_00463,103
UKPGA_2002_40__LEGV2__CH_00464,131
UKPGA_2002_40__LEGV2__CH_00465,76
UKPGA_2002_40__LEGV2__CH_00466,68
UKPGA_2002_40__LEGV2__CH_00467,97
UKPGA_2002_40__LEGV2__CH_00468,78
UKPGA_2002_40__LEGV2__CH_00469,67
UKPGA_2002_40__LEGV2__CH_00470,121
UKPGA_2002_40__LEGV2__CH_00471,111
UKPGA_2002_40__LEGV2__CH_00472,127
UKPGA_2002_40__LEGV2__CH_00473,129
UKPGA_2002_40__LEGV2__CH_00474,55
UKPGA_2002_40__LEGV2__CH_00475,59
UKPGA_2002_40__LEGV2__CH_00476,65
UKPGA_2002_40__LEGV2__CH_00477,71
UKPGA_2002_40__LEGV2__CH_00478,80
UKPGA_2002_40__LEGV2__CH_00479,62
UKPGA_2002_40__LEGV2__CH_00480,63
UKPGA_2002_40__LEGV2__CH_00481,68
UKPGA_2002_40__LEGV2__CH_00482,78
UKPGA_2002_40__LEGV2__CH_00483,77
UKPGA_2002_40__LEGV2__CH_00484,78
UKPGA_2002_40__LEGV2__CH_00485,75
UKPGA_2002_40__LEGV2__CH_00486,62
UKPGA_2002_40__LEGV2__CH_00488,90
UKPGA_2002_40__LEGV2__CH_00489,74
UKPGA_2002_40__LEGV2__CH_00490,57
UKPGA_2002_40__LEGV2__CH_00491,65
UKPGA_2002_40__LEGV2__CH_00492,62
UKPGA_2002_40__LEGV2__CH_00493,68
UKPGA_2002_40__LEGV2__CH_00494,50
UKPGA_2002_40__LEGV2__CH_00495,55
UKPGA_2002_40__LEGV2__CH_00496,67
UKPGA_2002_40__LEGV2__CH_00497,70
UKPGA_2002_40__LEGV2__CH_00498,62
UKPGA_2002_40__LEGV2__CH_00499,93
UKPGA_2002_40__LEGV2__CH_00500,70
UKPGA_2002_40__LEGV2__CH_00501,94
UKPGA_2002_40__LEGV2__CH_00502,68
UKPGA_2002_40__LEGV2__CH_00503,61
UKPGA_2002_40__LEGV2__CH_00504,55
UKPGA_2002_40__LEGV2__CH_00505,45
UKPGA_2002_40__LEGV2__CH_00506,56
UKPGA_2002_40__LEGV2__CH_00507,50
UKPGA_2002_40__LEGV2__CH_00508,107
UKPGA_2002_40__LEGV2__CH_00509,94
UKPGA_2002_40__LEGV2__CH_00510,104
UKPGA_2002_40__LEGV2__CH_00511,122
UKPGA_2002_40__LEGV2__CH_00512,64
UKPGA_2002_40__LEGV2__CH_00513,48
UKPGA_2002_40__LEGV2__CH_00514,59
UKPGA_2002_40__LEGV2__CH_00515,136
UKPGA_2002_40__LEGV2__CH_00516,132
UKPGA_2002_40__LEGV2__CH_00517,117
UKPGA_2002_40__LEGV2__CH_00518,94
UKPGA_2002_40__LEGV2__CH_00519,131
UKPGA_2002_40__LEGV2__CH_00520,75
UKPGA_2002_40__LEGV2__CH_00521,62
UKPGA_2002_40__LEGV2__CH_00522,70
UKPGA_2002_40__LEGV2__CH_00523,61
UKPGA_2002_40__LEGV2__CH_00524,88
UKPGA_2002_40__LEGV2__CH_00525,74
UKPGA_2002_40__LEGV2__CH_00526,63
UKPGA_2002_40__LEGV2__CH_00527,115
UKPGA_2002_40__LEGV2__CH_00528,85
UKPGA_2002_40__LEGV2__CH_00530,50
UKPGA_2002_40__LEGV2__CH_00531,56
UKPGA_2002_40__LEGV2__CH_00532,51
UKPGA_2002_40__LEGV2__CH_00533,72
UKPGA_2002_40__LEGV2__CH_00534,55
UKPGA_2002_40__LEGV2__CH_00535,46
UKPGA_2002_40__LEGV2__CH_00536,58
UKPGA_2002_40__LEGV2__CH_00537,62
UKPGA_2002_40__LEGV2__CH_00538,63
UKPGA_2002_40__LEGV2__CH_00539,62
UKPGA_2002_40__LEGV2__CH_00540,58
UKPGA_2002_40__LEGV2__CH_00541,59
UKPGA_2002_40__LEGV2__CH_00542,64
UKPGA_2002_40__LEGV2__CH_00543,90
UKPGA_2002_40__LEGV2__CH_00545,67
UKPGA_2002_40__LEGV2__CH_00546,61
UKPGA_2002_40__LEGV2__CH_00547,66
UKPGA_2002_40__LEGV2__CH_00548,73
UKPGA_2002_40__LEGV2__CH_00549,67
UKPGA_2002_40__LEGV2__CH_00550,64
UKPGA_2002_40__LEGV2__CH_00551,49
UKPGA_2002_40__LEGV2__CH_00552,52
UKPGA_2002_40__LEGV2__CH_00553,111
UKPGA_2002_40__LEGV2__CH_00554,80
UKPGA_2002_40__LEGV2__CH_00555,71
UKPGA_2002_40__LEGV2__CH_00556,58
UKPGA_2002_40__LEGV2__CH_00557,65
UKPGA_2002_40__LEGV2__CH_00558,82
UKPGA_2002_40__LEGV2__CH_00559,82
UKPGA_2002_40__LEGV2__CH_00560,66
UKPGA_2002_40__LEGV2__CH_00561,66
UKPGA_2002_40__LEGV2__CH_00562,64
UKPGA_2002_40__LEGV2__CH_00563,56
UKPGA_2002_40__LEGV2__CH_00565,61
UKPGA_2002_40__LEGV2__CH_00566,68
UKPGA_2002_40__LEGV2__CH_00567,62
UKPGA_2002_40__LEGV2__CH_00568,60
UKPGA_2002_40__LEGV2__CH_00569,87
UKPGA_2002_40__LEGV2__CH_00570,72
UKPGA_2002_40__LEGV2__CH_00571,80
UKPGA_2002_40__LEGV2__CH_00572,54
UKPGA_2002_40__LEGV2__CH_00573,54
UKPGA_2002_40__LEGV2__CH_00575,46
UKPGA_2002_40__LEGV2__CH_00576,67
UKPGA_2002_40__LEGV2__CH_00577,50
UKPGA_2002_40__LEGV2__CH_00578,76
UKPGA_2002_40__LEGV2__CH_00579,81
UKPGA_2002_40__LEGV2__CH_00580,62
UKPGA_2002_40__LEGV2__CH_00581,74
UKPGA_2002_40__LEGV2__CH_00582,47
UKPGA_2002_40__LEGV2__CH_00583,79
UKPGA_2002_40__LEGV2__CH_00584,76
UKPGA_2002_40__LEGV2__CH_00585,62
UKPGA_2002_40__LEGV2__CH_00586,63
UKPGA_2002_40__LEGV2__CH_00587,63
UKPGA_2002_40__LEGV2__CH_00588,64
UKPGA_2002_40__LEGV2__CH_00589,80
UKPGA_2002_40__LEGV2__CH_00590,58
UKPGA_2002_40__LEGV2__CH_00591,64
UKPGA_2002_40__LEGV2__CH_00592,70
UKPGA_2002_40__LEGV2__CH_00594,76
UKPGA_2002_40__LEGV2__CH_00595,52
UKPGA_2002_40__LEGV2__CH_00596,73
UKPGA_2002_40__LEGV2__CH_00597,64
UKPGA_2002_40__LEGV2__CH_00598,66
UKPGA_2002_40__LEGV2__CH_00599,75
UKPGA_2002_40__LEGV2__CH_00600,62
UKPGA_2002_40__LEGV2__CH_00601,54
UKPGA_2002_40__LEGV2__CH_00602,62
UKPGA_2002_40__LEGV2__CH_00603,70
UKPGA_2002_40__LEGV2__CH_00604,68
UKPGA_2002_40__LEGV2__CH_00605,82
UKPGA_2002_40__LEGV2__CH_00606,57
UKPGA_2002_40__LEGV2__CH_00607,54
UKPGA_2002_40__LEGV2__CH_00608,52
UKPGA_2002_40__LEGV2__CH_00609,71
UKPGA_2002_40__LEGV2__CH_00610,64
UKPGA_2002_40__LEGV2__CH_00611,73
UKPGA_2002_40__LEGV2__CH_00612,74
UKPGA_2002_40__LEGV2__CH_00613,90
UKPGA_2002_40__LEGV2__CH_00614,79
UKPGA_2002_40__LEGV2__CH_00615,55
UKPGA_2002_40__LEGV2__CH_00616,62
UKPGA_2002_40__LEGV2__CH_00617,67
UKPGA_2002_40__LEGV2__CH_00618,62
UKPGA_2002_40__LEGV2__CH_00619,67
UKPGA_2002_40__LEGV2__CH_00620,56
UKPGA_2002_40__LEGV2__CH_00621,66
UKPGA_2002_40__LEGV2__CH_00622,76
UKPGA_2002_40__LEGV2__CH_00623,76
UKPGA_2002_40__LEGV2__CH_00624,66
UKPGA_2002_40__LEGV2__CH_00626,58
UKPGA_2002_40__LEGV2__CH_00627,49
UKPGA_2002_40__LEGV2__CH_00628__M,72
UKPGA_2002_40__LEGV2__CH_00630,63
UKPGA_2002_40__LEGV2__CH_00631,61
UKPGA_2002_40__LEGV2__CH_00632,65
UKPGA_2002_40__LEGV2__CH_00633,73
UKPGA_2002_40__LEGV2__CH_00634,71
UKPGA_2002_40__LEGV2__CH_00635,66
UKPGA_2002_40__LEGV2__CH_00637,69
UKPGA_2002_40__LEGV2__CH_00638,83
UKPGA_2002_40__LEGV2__CH_00639,65
UKPGA_2002_40__LEGV2__CH_00640,62
UKPGA_2002_40__LEGV2__CH_00641,68
UKPGA_2002_40__LEGV2__CH_00642,64
UKPGA_2002_40__LEGV2__CH_00643,61
UKPGA_2002_40__LEGV2__CH_00644,87
UKPGA_2002_40__LEGV2__CH_00645,58
UKPGA_2002_40__LEGV2__CH_00646,101
UKPGA_2002_40__LEGV2__CH_00647,74
UKPGA_2002_40__LEGV2__CH_00648,87
UKPGA_2002_40__LEGV2__CH_00649,65
UKPGA_2002_40__LEGV2__CH_00650,53
UKPGA_2002_40__LEGV2__CH_00651,61
UKPGA_2002_40__LEGV2__CH_00652,61
UKPGA_2002_40__LEGV2__CH_00653,52
UKPGA_2002_40__LEGV2__CH_00654,71
UKPGA_2002_40__LEGV2__CH_00656,83
UKPGA_2002_40__LEGV2__CH_00657,49
UKPGA_2002_40__LEGV2__CH_00658,47
UKPGA_2002_40__LEGV2__CH_00659,51
UKPGA_2002_40__LEGV2__CH_00660,61
UKPGA_2002_40__LEGV2__CH_00661,70
UKPGA_2002_40__LEGV2__CH_00662,62
UKPGA_2002_40__LEGV2__CH_00663,75
UKPGA_2002_40__LEGV2__CH_00664,59
UKPGA_2002_40__LEGV2__CH_00665,69
UKPGA_2002_40__LEGV2__CH_00666,51
UKPGA_2002_40__LEGV2__CH_00667,61
UKPGA_2002_40__LEGV2__CH_00668,56
UKPGA_2002_40__LEGV2__CH_00669,62
UKPGA_2002_40__LEGV2__CH_00670,58
UKPGA_2002_40__LEGV2__CH_00671,52
UKPGA_2002_40__LEGV2__CH_00674,60
UKPGA_2002_40__LEGV2__CH_00675,90
UKPGA_2002_40__LEGV2__CH_00676,83
UKPGA_2002_40__LEGV2__CH_00677,80
UKPGA_2002_40__LEGV2__CH_00678,70
UKPGA_2002_40__LEGV2__CH_00679,58
UKPGA_2002_40__LEGV2__CH_00680,60
UKPGA_2002_40__LEGV2__CH_00681,90
UKPGA_2002_40__LEGV2__CH_00682,54
UKPGA_2002_40__LEGV2__CH_00683,72
UKPGA_2002_40__LEGV2__CH_00684,58
UKPGA_2002_40__LEGV2__CH_00685,71
UKPGA_2002_40__LEGV2__CH_00686,48
UKPGA_2002_40__LEGV2__CH_00687,61
UKPGA_2002_40__LEGV2__CH_00688,55
UKPGA_2002_40__LEGV2__CH_00689,72
UKPGA_2002_40__LEGV2__CH_00690,68
UKPGA_2002_40__LEGV2__CH_00691,82
UKPGA_2002_40__LEGV2__CH_00692,96
UKPGA_2002_40__LEGV2__CH_00693,102
UKPGA_2002_40__LEGV2__CH_00694,107
UKPGA_2002_40__LEGV2__CH_00695,80
UKPGA_2002_40__LEGV2__CH_00696,76
UKPGA_2002_40__LEGV2__CH_00697,77
UKPGA_2002_40__LEGV2__CH_00698,76
UKPGA_2002_40__LEGV2__CH_00699,81
UKPGA_2002_40__LEGV2__CH_00700,53
UKPGA_2002_40__LEGV2__CH_00701,52
UKPGA_2002_40__LEGV2__CH_00702,62
UKPGA_2002_40__LEGV2__CH_00704,52
UKPGA_2002_40__LEGV2__CH_00706,60
UKPGA_2002_40__LEGV2__CH_00707,59
UKPGA_2002_40__LEGV2__CH_00708,65
UKPGA_2002_40__LEGV2__CH_00709,63
UKPGA_2002_40__LEGV2__CH_00710,58
UKPGA_2002_40__LEGV2__CH_00711,61
UKPGA_2002_40__LEGV2__CH_00712,63
UKPGA_2002_40__LEGV2__CH_00713,81
UKPGA_2002_40__LEGV2__CH_00714,82
UKPGA_2002_40__LEGV2__CH_00715,88
UKPGA_2002_40__LEGV2__CH_00716,66
UKPGA_2002_40__LEGV2__CH_00717,59
UKPGA_2002_40__LEGV2__CH_00718,63
UKPGA_2002_40__LEGV2__CH_00719,72
UKPGA_2002_40__LEGV2__CH_00720,77
UKPGA_2002_40__LEGV2__CH_00721,79
UKPGA_2002_40__LEGV2__CH_00722,74
UKPGA_2002_40__LEGV2__CH_00723,88
UKPGA_2002_40__LEGV2__CH_00724,112
UKPGA_2002_40__LEGV2__CH_00725,98
UKPGA_2002_40__LEGV2__CH_00726,128
UKPGA_2002_40__LEGV2__CH_00727,69
UKPGA_2002_40__LEGV2__CH_00728,63
UKPGA_2002_40__LEGV2__CH_00729,127
UKPGA_2002_40__LEGV2__CH_00730,65
UKPGA_2002_40__LEGV2__CH_00731,112
UKPGA_2002_40__LEGV2__CH_00732,56
UKPGA_2002_40__LEGV2__CH_00733,125
UKPGA_2002_40__LEGV2__CH_00734,63
UKPGA_2002_40__LEGV2__CH_00735,100
UKPGA_2002_40__LEGV2__CH_00736,81
UKPGA_2002_40__LEGV2__CH_00737,79
UKPGA_2002_40__LEGV2__CH_00738,84
UKPGA_2002_40__LEGV2__CH_00739,64
UKPGA_2002_40__LEGV2__CH_00740,98
UKPGA_2002_40__LEGV2__CH_00741,54
UKPGA_2002_40__LEGV2__CH_00743,69
UKPGA_2002_40__LEGV2__CH_00744,100
UKPGA_2002_40__LEGV2__CH_00745,118
UKPGA_2002_40__LEGV2__CH_00746,112
UKPGA_2002_40__LEGV2__CH_00747,83
UKPGA_2002_40__LEGV2__CH_00748,98
UKPGA_2002_40__LEGV2__CH_00749,77
UKPGA_2002_40__LEGV2__CH_00750,75
UKPGA_2002_40__LEGV2__CH_00751,122
UKPGA_2002_40__LEGV2__CH_00752,96
UKPGA_2002_40__LEGV2__CH_00753,98
UKPGA_2002_40__LEGV2__CH_00754,89
UKPGA_2002_40__LEGV2__CH_00755,80
UKPGA_2002_40__LEGV2__CH_00756,94
UKPGA_2002_40__LEGV2__CH_00757,133
UKPGA_2002_40__LEGV2__CH_00758,90
UKPGA_2002_40__LEGV2__CH_00759,143
UKPGA_2002_40__LEGV2__CH_00760,82
UKPGA_2002_40__LEGV2__CH_00761,77
UKPGA_2002_40__LEGV2__CH_00762,112
UKPGA_2002_40__LEGV2__CH_00763,100
UKPGA_2002_40__LEGV2__CH_00764,84
UKPGA_2002_40__LEGV2__CH_00765,78
UKPGA_2002_40__LEGV2__CH_00766,96
UKPGA_2002_40__LEGV2__CH_00767,145
UKPGA_2002_40__LEGV2__CH_00768,84
UKPGA_2002_40__LEGV2__CH_00769,73
UKPGA_2002_40__LEGV2__CH_00770,85
UKPGA_2002_40__LEGV2__CH_00771,74
UKPGA_2002_40__LEGV2__CH_00773,75
UKPGA_2002_40__LEGV2__CH_00774,67
UKPGA_2002_40__LEGV2__CH_00775,79
UKPGA_2002_40__LEGV2__CH_00776,85
UKPGA_2002_40__LEGV2__CH_00777,69
UKPGA_2002_40__LEGV2__CH_00778,67
UKPGA_2002_40__LEGV2__CH_00779,92
UKPGA_2002_40__LEGV2__CH_00780,63
UKPGA_2002_40__LEGV2__CH_00781,57
UKPGA_2002_40__LEGV2__CH_00782,99
UKPGA_2002_40__LEGV2__CH_00783,80
UKPGA_2002_40__LEGV2__CH_00784,72
UKPGA_2002_40__LEGV2__CH_00785,68
UKPGA_2002_40__LEGV2__CH_00786,81
UKPGA_2002_40__LEGV2__CH_00787,45
UKPGA_2002_40__LEGV2__CH_00788,64
UKPGA_2002_40__LEGV2__CH_00789,64
UKPGA_2002_40__LEGV2__CH_00790,55
UKPGA_2002_40__LEGV2__CH_00791,58
UKPGA_2002_40__LEGV2__CH_00792,65
UKPGA_2002_40__LEGV2__CH_00793,68
UKPGA_2002_40__LEGV2__CH_00794,66
UKPGA_2002_40__LEGV2__CH_00795,49
UKPGA_2002_40__LEGV2__CH_00796,63
UKPGA_2002_40__LEGV2__CH_00797,69
UKPGA_2002_40__LEGV2__CH_00798,68
UKPGA_2002_40__LEGV2__CH_00799,64
UKPGA_2002_40__LEGV2__CH_00800,79
UKPGA_2002_40__LEGV2__CH_00801,85
UKPGA_2002_40__LEGV2__CH_00802,63
UKPGA_2002_40__LEGV2__CH_00803,52
UKPGA_2002_40__LEGV2__CH_00805,55
UKPGA_2002_40__LEGV2__CH_00806,65
UKPGA_2002_40__LEGV2__CH_00808,69
UKPGA_2002_40__LEGV2__CH_00809,59
UKPGA_2002_40__LEGV2__CH_00810,71
UKPGA_2002_40__LEGV2__CH_00811,60
UKPGA_2002_40__LEGV2__CH_00812,77
UKPGA_2002_40__LEGV2__CH_00813,59
UKPGA_2002_40__LEGV2__CH_00814,55
UKPGA_2002_40__LEGV2__CH_00816,66
UKPGA_2002_40__LEGV2__CH_00817,56
UKPGA_2002_40__LEGV2__CH_00818,101
UKPGA_2002_40__LEGV2__CH_00819,71
UKPGA_2002_40__LEGV2__CH_00820,87
UKPGA_2002_40__LEGV2__CH_00821,55
UKPGA_2002_40__LEGV2__CH_00822,53
UKPGA_2002_40__LEGV2__CH_00823,59
UKPGA_2002_40__LEGV2__CH_00824,72
UKPGA_2002_40__LEGV2__CH_00825,66
UKPGA_2002_40__LEGV2__CH_00826,60
UKPGA_2002_40__LEGV2__CH_00828,58
UKPGA_2002_40__LEGV2__CH_00829,65
UKPGA_2002_40__LEGV2__CH_00830,67
UKPGA_2002_40__LEGV2__CH_00831,83
UKPGA_2002_40__LEGV2__CH_00832,58
UKPGA_2002_40__LEGV2__CH_00833,65
UKPGA_2002_40__LEGV2__CH_00834,80
UKPGA_2002_40__LEGV2__CH_00835,55
UKPGA_2002_40__LEGV2__CH_00837,73
UKPGA_2002_40__LEGV2__CH_00838,59
UKPGA_2002_40__LEGV2__CH_00839,66
UKPGA_2002_40__LEGV2__CH_00840,84
UKPGA_2002_40__LEGV2__CH_00841,76
UKPGA_2002_40__LEGV2__CH_00842,64
UKPGA_2002_40__LEGV2__CH_00843,53
UKPGA_2002_40__LEGV2__CH_00844,73
UKPGA_2002_40__LEGV2__CH_00845,64
UKPGA_2002_40__LEGV2__CH_00846,73
UKPGA_2002_40__LEGV2__CH_00847,58
UKPGA_2002_40__LEGV2__CH_00848,63
UKPGA_2002_40__LEGV2__CH_00849,69
UKPGA_2002_40__LEGV2__CH_00850,69
UKPGA_2002_40__LEGV2__CH_00851,77
UKPGA_2002_40__LEGV2__CH_00852,77
UKPGA_2002_40__LEGV2__CH_00853,71
UKPGA_2002_40__LEGV2__CH_00854,57
UKPGA_2002_40__LEGV2__CH_00855,81
UKPGA_2002_40__LEGV2__CH_00856,70
UKPGA_2002_40__LEGV2__CH_00857,61
UKPGA_2002_40__LEGV2__CH_00858,64
UKPGA_2002_40__LEGV2__CH_00859,87
UKPGA_2002_40__LEGV2__CH_00861,56
UKPGA_2002_40__LEGV2__CH_00862,68
UKPGA_2002_40__LEGV2__CH_00863,53
UKPGA_2002_40__LEGV2__CH_00864,64
UKPGA_2002_40__LEGV2__CH_00866,62
UKPGA_2002_40__LEGV2__CH_00867,71
UKPGA_2002_40__LEGV2__CH_00868,68
UKPGA_2002_40__LEGV2__CH_00869,66
UKPGA_2002_40__LEGV2__CH_00870,66
UKPGA_2002_40__LEGV2__CH_00871,63
UKPGA_2002_40__LEGV2__CH_00872,61
UKPGA_2002_40__LEGV2__CH_00873,69
UKPGA_2002_40__LEGV2__CH_00874,60
UKPGA_2002_40__LEGV2__CH_00875,81
UKPGA_2002_40__LEGV2__CH_00876,60
UKPGA_2002_40__LEGV2__CH_00878,70
UKPGA_2002_40__LEGV2__CH_00879,57
UKPGA_2002_40__LEGV2__CH_00880,57
UKPGA_2002_40__LEGV2__CH_00881,63
UKPGA_2002_40__LEGV2__CH_00882,56
UKPGA_2002_40__LEGV2__CH_00883,63
UKPGA_2002_40__LEGV2__CH_00884,81
UKPGA_2002_40__LEGV2__CH_00885,83
UKPGA_2002_40__LEGV2__CH_00887,57
UKPGA_2002_40__LEGV2__CH_00888,61
UKPGA_2002_40__LEGV2__CH_00890,73
UKPGA_2002_40__LEGV2__CH_00891,74
UKPGA_2002_40__LEGV2__CH_00892,74
UKPGA_2002_40__LEGV2__CH_00893,73
UKPGA_2002_40__LEGV2__CH_00894,70
UKPGA_2002_40__LEGV2__CH_00895,70
UKPGA_2002_40__LEGV2__CH_00896,79
UKPGA_2002_40__LEGV2__CH_00897,83
UKPGA_2002_40__LEGV2__CH_00898,59
UKPGA_2002_40__LEGV2__CH_00899,59
UKPGA_2002_40__LEGV2__CH_00901,62
UKPGA_2002_40__LEGV2__CH_00902,67
UKPGA_2002_40__LEGV2__CH_00903,48
UKPGA_2002_40__LEGV2__CH_00904,67
UKPGA_2002_40__LEGV2__CH_00905,58
UKPGA_2002_40__LEGV2__CH_00906,69
UKPGA_2002_40__LEGV2__CH_00907,77
UKPGA_2002_40__LEGV2__CH_00908,66
UKPGA_2002_40__LEGV2__CH_00909,92
UKPGA_2002_40__LEGV2__CH_00910,70
UKPGA_2002_40__LEGV2__CH_00911,69
UKPGA_2002_40__LEGV2__CH_00912,107
UKPGA_2002_40__LEGV2__CH_00913,89
UKPGA_2002_40__LEGV2__CH_00914,96
UKPGA_2002_40__LEGV2__CH_00916,81
UKPGA_2002_40__LEGV2__CH_00917,57
UKPGA_2002_40__LEGV2__CH_00918,59
UKPGA_2002_40__LEGV2__CH_00919,74
UKPGA_2002_40__LEGV2__CH_00920,72
UKPGA_2002_40__LEGV2__CH_00921,67
UKPGA_2002_40__LEGV2__CH_00922,86
UKPGA_2002_40__LEGV2__CH_00923,64
UKPGA_2002_40__LEGV2__CH_00924,72
UKPGA_2002_40__LEGV2__CH_00925,65
UKPGA_2002_40__LEGV2__CH_00927,44
UKPGA_2002_40__LEGV2__CH_00928,67
UKPGA_2002_40__LEGV2__CH_00929,42
UKPGA_2002_40__LEGV2__CH_00933,65
UKPGA_2002_40__LEGV2__CH_00934,69
UKPGA_2002_40__LEGV2__CH_00935,57
UKPGA_2002_40__LEGV2__CH_00936,63
UKPGA_2002_40__LEGV2__CH_00937,61
UKPGA_2002_40__LEGV2__CH_00938,58
UKPGA_2002_40__LEGV2__CH_00940,49
UKPGA_2002_40__LEGV2__CH_00941,67
UKPGA_2002_40__LEGV2__CH_00942,99
UKPGA_2002_40__LEGV2__CH_00943,62
UKPGA_2002_40__LEGV2__CH_00944,74
UKPGA_2002_40__LEGV2__CH_00946,60
UKPGA_2002_40__LEGV2__CH_00947,67
UKPGA_2002_40__LEGV2__CH_00948,78
UKPGA_2002_40__LEGV2__CH_00949,61
UKPGA_2002_40__LEGV2__CH_00950,78
UKPGA_2002_40__LEGV2__CH_00951,62
UKPGA_2002_40__LEGV2__CH_00952,66
UKPGA_2002_40__LEGV2__CH_00953,49
UKPGA_2002_40__LEGV2__CH_00954,48
UKPGA_2002_40__LEGV2__CH_00955,71
UKPGA_2002_40__LEGV2__CH_00956,62
UKPGA_2002_40__LEGV2__CH_00957,66
UKPGA_2002_40__LEGV2__CH_00958,85
UKPGA_2002_40__LEGV2__CH_00959,49
UKPGA_2002_40__LEGV2__CH_00960,57
UKPGA_2002_40__LEGV2__CH_00961,49
UKPGA_2002_40__LEGV2__CH_00963,65
UKPGA_2002_40__LEGV2__CH_00964,65
UKPGA_2002_40__LEGV2__CH_00965,68
UKPGA_2002_40__LEGV2__CH_00966,82
UKPGA_2002_40__LEGV2__CH_00967,51
UKPGA_2002_40__LEGV2__CH_00968,92
UKPGA_2002_40__LEGV2__CH_00969,62
UKPGA_2002_40__LEGV2__CH_00970,58
UKPGA_2002_40__LEGV2__CH_00971,55
UKPGA_2002_40__LEGV2__CH_00972,54
UKPGA_2002_40__LEGV2__CH_00973,58
UKPGA_2002_40__LEGV2__CH_00974,67
UKPGA_2002_40__LEGV2__CH_00976,61
UKPGA_2002_40__LEGV2__CH_00977,58
UKPGA_2002_40__LEGV2__CH_00979,122
UKPGA_2002_40__LEGV2__CH_00980,106
UKPGA_2002_40__LEGV2__CH_00981,78
UKPGA_2002_40__LEGV2__CH_00982,53
UKPGA_2002_40__LEGV2__CH_00983,85
UKPGA_2002_40__LEGV2__CH_00984,74
UKPGA_2002_40__LEGV2__CH_00985,144
UKPGA_2002_40__LEGV2__CH_00986,78
UKPGA_2002_40__LEGV2__CH_00987,79
UKPGA_2002_40__LEGV2__CH_00988,67
UKPGA_2002_40__LEGV2__CH_00989,83
UKPGA_2002_40__LEGV2__CH_00990,91
UKPGA_2002_40__LEGV2__CH_00991,57
UKPGA_2002_40__LEGV2__CH_00992,108
UKPGA_2002_40__LEGV2__CH_00993,92
UKPGA_2002_40__LEGV2__CH_00994,103
UKPGA_2002_40__LEGV2__CH_00995,95
UKPGA_2002_40__LEGV2__CH_00996,93
UKPGA_2002_40__LEGV2__CH_00997,90
UKPGA_2002_40__LEGV2__CH_00998,95
UKPGA_2002_40__LEGV2__CH_00999,139
UKPGA_2002_40__LEGV2__CH_01000,115
UKPGA_2002_40__LEGV2__CH_01001,57
UKPGA_2002_40__LEGV2__CH_01002,75
UKPGA_2002_40__LEGV2__CH_01003,96
UKPGA_2002_40__LEGV2__CH_01004,122
UKPGA_2002_40__LEGV2__CH_01005,115
UKPGA_2002_40__LEGV2__CH_01006,108
UKPGA_2002_40__LEGV2__CH_01007,86
UKPGA_2002_40__LEGV2__CH_01008,77
UKPGA_2002_40__LEGV2__CH_01010,100
UKPGA_2002_40__LEGV2__CH_01011,120
UKPGA_2002_40__LEGV2__CH_01013,72
UKPGA_2002_40__LEGV2__CH_01014,73
UKPGA_2002_40__LEGV2__CH_01015,86
UKPGA_2002_40__LEGV2__CH_01016,81
UKPGA_2002_40__LEGV2__CH_01017,60
UKPGA_2002_40__LEGV2__CH_01018,70
UKPGA_2002_40__LEGV2__CH_01019,72
UKPGA_2002_40__LEGV2__CH_01020,89
UKPGA_2002_40__LEGV2__CH_01021,90
UKPGA_2002_40__LEGV2__CH_01022,123
UKPGA_2002_40__LEGV2__CH_01023,99
UKPGA_2002_40__LEGV2__CH_01024,96
UKPGA_2002_40__LEGV2__CH_01025,67
UKPGA_2002_40__LEGV2__CH_01026,61
UKPGA_2002_40__LEGV2__CH_01027,72
UKPGA_2002_40__LEGV2__CH_01028,82
UKPGA_2002_40__LEGV2__CH_01029,92
UKPGA_2002_40__LEGV2__CH_01030,68
UKPGA_2002_40__LEGV2__CH_01031,80
UKPGA_2002_40__LEGV2__CH_01032,65
UKPGA_2002_40__LEGV2__CH_01033,62
UKPGA_2002_40__LEGV2__CH_01034,74
UKPGA_2002_40__LEGV2__CH_01035,67
UKPGA_2002_40__LEGV2__CH_01036,86
UKPGA_2002_40__LEGV2__CH_01037,79
UKPGA_2002_40__LEGV2__CH_01038,99
UKPGA_2002_40__LEGV2__CH_01039,77
UKPGA_2002_40__LEGV2__CH_01040,90
UKPGA_2002_40__LEGV2__CH_01050,93
UKPGA_2002_40__LEGV2__CH_01053,78
UKPGA_2002_40__LEGV2__CH_01055,76
UKPGA_2002_40__LEGV2__CH_01056,77
UKPGA_2002_40__LEGV2__CH_01057,68
UKPGA_2002_40__LEGV2__CH_01058,65
UKPGA_2002_40__LEGV2__CH_01059,75
UKPGA_2002_40__LEGV2__CH_01060,119
UKPGA_2002_40__LEGV2__CH_01061,104
UKPGA_2002_40__LEGV2__CH_01062,79
UKPGA_2002_40__LEGV2__CH_01063,75
UKPGA_2002_40__LEGV2__CH_01064,103
UKPGA_2002_40__LEGV2__CH_01066,103
UKPGA_2002_40__LEGV2__CH_01069,91
UKPGA_2002_40__LEGV2__CH_01070,90
UKPGA_2002_40__LEGV2__CH_01072,95
UKPGA_2002_40__LEGV2__CH_01073,62
UKPGA_2002_40__LEGV2__CH_01074,65
UKPGA_2002_40__LEGV2__CH_01075,75
UKPGA_2002_40__LEGV2__CH_01076,74
UKPGA_2002_40__LEGV2__CH_01077,61
UKPGA_2002_40__LEGV2__CH_01078,57
UKPGA_2002_40__LEGV2__CH_01079,80
UKPGA_2002_40__LEGV2__CH_01081,66
UKPGA_2002_40__LEGV2__CH_01082,61
UKPGA_2002_40__LEGV2__CH_01083,88
UKPGA_2002_40__LEGV2__CH_01084,85
UKPGA_2002_40__LEGV2__CH_01085,80
UKPGA_2002_40__LEGV2__CH_01086,56
UKPGA_2002_40__LEGV2__CH_01087,70
UKPGA_2002_40__LEGV2__CH_01088,76
UKPGA_2002_40__LEGV2__CH_01089,70
UKPGA_2002_40__LEGV2__CH_01090,71
UKPGA_2002_40__LEGV2__CH_01091,59
UKPGA_2002_40__LEGV2__CH_01092,73
UKPGA_2002_40__LEGV2__CH_01093,61
UKPGA_2002_40__LEGV2__CH_01094,64
UKPGA_2002_40__LEGV2__CH_01095,64
UKPGA_2002_40__LEGV2__CH_01096,68
UKPGA_2002_40__LEGV2__CH_01097,131
UKPGA_2002_40__LEGV2__CH_01098,88
UKPGA_2002_40__LEGV2__CH_01099,58
UKPGA_2002_40__LEGV2__CH_01100,78
UKPGA_2002_40__LEGV2__CH_01101,71
UKPGA_2002_40__LEGV2__CH_01102,67
UKPGA_2002_40__LEGV2__CH_01103,64
UKPGA_2002_40__LEGV2__CH_01104,44
UKPGA_2002_40__LEGV2__CH_01105,71
UKPGA_2002_40__LEGV2__CH_01106,63
UKPGA_2002_40__LEGV2__CH_01107,63
UKPGA_2002_40__LEGV2__CH_01108,64
UKPGA_2002_40__LEGV2__CH_01109,78
UKPGA_2002_40__LEGV2__CH_01110,52
UKPGA_2002_40__LEGV2__CH_01111,75
UKPGA_2002_40__LEGV2__CH_01112,63
UKPGA_2002_40__LEGV2__CH_01113,67
UKPGA_2002_40__LEGV2__CH_01114,68
UKPGA_2002_40__LEGV2__CH_01115,61
UKPGA_2002_40__LEGV2__CH_01116,74
UKPGA_2002_40__LEGV2__CH_01117,57
UKPGA_2002_40__LEGV2__CH_01118,58
UKPGA_2002_40__LEGV2__CH_01119,84
UKPGA_2002_40__LEGV2__CH_01120,85
UKPGA_2002_40__LEGV2__CH_01121,75
UKPGA_2002_40__LEGV2__CH_01122,83
UKPGA_2002_40__LEGV2__CH_01123,95
UKPGA_2002_40__LEGV2__CH_01124,55
UKPGA_2002_40__LEGV2__CH_01125,68
UKPGA_2002_40__LEGV2__CH_01126,104
UKPGA_2002_40__LEGV2__CH_01127,79
UKPGA_2002_40__LEGV2__CH_01128,64
UKPGA_2002_40__LEGV2__CH_01129,101
UKPGA_2002_40__LEGV2__CH_01130,100
UKPGA_2002_40__LEGV2__CH_01131,67
UKPGA_2002_40__LEGV2__CH_01132,72
UKPGA_2002_40__LEGV2__CH_01133,58
UKPGA_2002_40__LEGV2__CH_01134,44
UKPGA_2002_40__LEGV2__CH_01136,64
UKPGA_2002_40__LEGV2__CH_01137,81
UKPGA_2002_40__LEGV2__CH_01138,88
UKPGA_2002_40__LEGV2__CH_01139,82
UKPGA_2002_40__LEGV2__CH_01140,53
UKPGA_2002_40__LEGV2__CH_01141,98
UKPGA_2002_40__LEGV2__CH_01142,115
UKPGA_2002_40__LEGV2__CH_01143,83
UKPGA_2002_40__LEGV2__CH_01144,61
UKPGA_2002_40__LEGV2__CH_01145,69
UKPGA_2002_40__LEGV2__CH_01146,97
UKPGA_2002_40__LEGV2__CH_01147,80
UKPGA_2002_40__LEGV2__CH_01148,94
UKPGA_2002_40__LEGV2__CH_01149,74
UKPGA_2002_40__LEGV2__CH_01150,58
UKPGA_2002_40__LEGV2__CH_01151,46
UKPGA_2002_40__LEGV2__CH_01153,75
UKPGA_2002_40__LEGV2__CH_01155,81
UKPGA_2002_40__LEGV2__CH_01156,104
UKPGA_2002_40__LEGV2__CH_01157,68
UKPGA_2002_40__LEGV2__CH_01158,80
UKPGA_2002_40__LEGV2__CH_01159,82
UKPGA_2002_40__LEGV2__CH_01160,91
UKPGA_2002_40__LEGV2__CH_01161,85
UKPGA_2002_40__LEGV2__CH_01162,51
UKPGA_2002_40__LEGV2__CH_01163,90
UKPGA_2002_40__LEGV2__CH_01164,73
UKPGA_2002_40__LEGV2__CH_01165,74
UKPGA_2002_40__LEGV2__CH_01166,84
UKPGA_2002_40__LEGV2__CH_01167,56
UKPGA_2002_40__LEGV2__CH_01168,80
UKPGA_2002_40__LEGV2__CH_01169,87
UKPGA_2002_40__LEGV2__CH_01170,87
UKPGA_2002_40__LEGV2__CH_01171,55
UKPGA_2002_40__LEGV2__CH_01172,94
UKPGA_2002_40__LEGV2__CH_01173,61
UKPGA_2002_40__LEGV2__CH_01174,59
UKPGA_2002_40__LEGV2__CH_01175,68
UKPGA_2002_40__LEGV2__CH_01176,67
UKPGA_2002_40__LEGV2__CH_01177,82
UKPGA_2002_40__LEGV2__CH_01178,79
UKPGA_2002_40__LEGV2__CH_01179,73
UKPGA_2002_40__LEGV2__CH_01180,103
UKPGA_2002_40__LEGV2__CH_01181,135
UKPGA_2002_40__LEGV2__CH_01182,137
UKPGA_2002_40__LEGV2__CH_01183,103
UKPGA_2002_40__LEGV2__CH_01184,144
UKPGA_2002_40__LEGV2__CH_01185,118
UKPGA_2002_40__LEGV2__CH_01186,80
UKPGA_2002_40__LEGV2__CH_01187,69
UKPGA_2002_40__LEGV2__CH_01188,51
UKPGA_2002_40__LEGV2__CH_01189,49
UKPGA_2002_40__LEGV2__CH_01190,67
UKPGA_2002_40__LEGV2__CH_01191,60
UKPGA_2002_40__LEGV2__CH_01192,58
UKPGA_2002_40__LEGV2__CH_01193,100
UKPGA_2002_40__LEGV2__CH_01194,97
UKPGA_2002_40__LEGV2__CH_01195,90
UKPGA_2002_40__LEGV2__CH_01196,58
UKPGA_2002_40__LEGV2__CH_01197,77
UKPGA_2002_40__LEGV2__CH_01198,70
UKPGA_2002_40__LEGV2__CH_01199,66
UKPGA_2002_40__LEGV2__CH_01200,54
UKPGA_2002_40__LEGV2__CH_01201,62
UKPGA_2002_40__LEGV2__CH_01202,92
UKPGA_2002_40__LEGV2__CH_01203,105
UKPGA_2002_40__LEGV2__CH_01204,90
UKPGA_2002_40__LEGV2__CH_01205,92
UKPGA_2002_40__LEGV2__CH_01206,79
UKPGA_2002_40__LEGV2__CH_01207,59
UKPGA_2002_40__LEGV2__CH_01208,60
UKPGA_2002_40__LEGV2__CH_01209,59
UKPGA_2002_40__LEGV2__CH_01210,53
UKPGA_2002_40__LEGV2__CH_01211,70
UKPGA_2002_40__LEGV2__CH_01212,55
UKPGA_2002_40__LEGV2__CH_01213,84
UKPGA_2002_40__LEGV2__CH_01214,60
UKPGA_2002_40__LEGV2__CH_01215,60
UKPGA_2002_40__LEGV2__CH_01216,51
UKPGA_2002_40__LEGV2__CH_01217,56
UKPGA_2002_40__LEGV2__CH_01218,58
UKPGA_2002_40__LEGV2__CH_01219,72
UKPGA_2002_40__LEGV2__CH_01221,70
UKPGA_2002_40__LEGV2__CH_01222,73
UKPGA_2002_40__LEGV2__CH_01223,67
UKPGA_2002_40__LEGV2__CH_01224,65
UKPGA_2002_40__LEGV2__CH_01225,70
UKPGA_2002_40__LEGV2__CH_01226,59
UKPGA_2002_40__LEGV2__CH_01227,66
UKPGA_2002_40__LEGV2__CH_01228,51
UKPGA_2002_40__LEGV2__CH_01229,69
UKPGA_2002_40__LEGV2__CH_01230,55
UKPGA_2002_40__LEGV2__CH_01231,84
UKPGA_2002_40__LEGV2__CH_01232,84
UKPGA_2002_40__LEGV2__CH_01233,71
UKPGA_2002_40__LEGV2__CH_01234,58
UKPGA_2002_40__LEGV2__CH_01235,64
UKPGA_2002_40__LEGV2__CH_01236,68
UKPGA_2002_40__LEGV2__CH_01237,63
UKPGA_2002_40__LEGV2__CH_01238,67
UKPGA_2002_40__LEGV2__CH_01239,49
UKPGA_2002_40__LEGV2__CH_01240,93
UKPGA_2002_40__LEGV2__CH_01241,68
UKPGA_2002_40__LEGV2__CH_01242,50
UKPGA_2002_40__LEGV2__CH_01243,74
UKPGA_2002_40__LEGV2__CH_01244,87
UKPGA_2002_40__LEGV2__CH_01245,100
UKPGA_2002_40__LEGV2__CH_01246,76
UKPGA_2002_40__LEGV2__CH_01247,114
UKPGA_2002_40__LEGV2__CH_01248,107
UKPGA_2002_40__LEGV2__CH_01250,111
UKPGA_2002_40__LEGV2__CH_01251,89
UKPGA_2002_40__LEGV2__CH_01252,65
UKPGA_2002_40__LEGV2__CH_01253,110
UKPGA_2002_40__LEGV2__CH_01254,109
UKPGA_2002_40__LEGV2__CH_01255,120
UKPGA_2002_40__LEGV2__CH_01256,93
UKPGA_2002_40__LEGV2__CH_01257,69
UKPGA_2002_40__LEGV2__CH_01258,78
UKPGA_2002_40__LEGV2__CH_01259,104
UKPGA_2002_40__LEGV2__CH_01260,68
UKPGA_2002_40__LEGV2__CH_01262,77
UKPGA_2002_40__LEGV2__CH_01263,81
UKPGA_2002_40__LEGV2__CH_01264,64
UKPGA_2002_40__LEGV2__CH_01265,77
UKPGA_2002_40__LEGV2__CH_01266,56
UKPGA_2002_40__LEGV2__CH_01267,70
UKPGA_2002_40__LEGV2__CH_01268,71
UKPGA_2002_40__LEGV2__CH_01269,62
UKPGA_2002_40__LEGV2__CH_01271,73
UKPGA_2002_40__LEGV2__CH_01272,70
UKPGA_2002_40__LEGV2__CH_01273,62
UKPGA_2002_40__LEGV2__CH_01274,71
UKPGA_2002_40__LEGV2__CH_01275,50
UKPGA_2002_40__LEGV2__CH_01276,64
UKPGA_2002_40__LEGV2__CH_01277,94
UKPGA_2002_40__LEGV2__CH_01278,82
UKPGA_2002_40__LEGV2__CH_01280,74
UKPGA_2002_40__LEGV2__CH_01281,90
UKPGA_2002_40__LEGV2__CH_01282,71
UKPGA_2002_40__LEGV2__CH_01284,62
UKPGA_2002_40__LEGV2__CH_01285,62
UKPGA_2002_40__LEGV2__CH_01286,89
UKPGA_2002_40__LEGV2__CH_01287,79
UKPGA_2002_40__LEGV2__CH_01289,70
UKPGA_2002_40__LEGV2__CH_01290,75
UKPGA_2002_40__LEGV2__CH_01292,56
UKPGA_2002_40__LEGV2__CH_01293,69
UKPGA_2002_40__LEGV2__CH_01294,69
UKPGA_2002_40__LEGV2__CH_01295,96
UKPGA_2002_40__LEGV2__CH_01297,71
UKPGA_2002_40__LEGV2__CH_01298,61
UKPGA_2002_40__LEGV2__CH_01299,71
UKPGA_2002_40__LEGV2__CH_01300,73
UKPGA_2002_40__LEGV2__CH_01301,78
UKPGA_2002_40__LEGV2__CH_01302,82
UKPGA_2002_40__LEGV2__CH_01303,70
UKPGA_2002_40__LEGV2__CH_01305,75
UKPGA_2002_40__LEGV2__CH_01306,62
UKPGA_2002_40__LEGV2__CH_01307,74
UKPGA_2002_40__LEGV2__CH_01308,83
UKPGA_2002_40__LEGV2__CH_01309,71
UKPGA_2002_40__LEGV2__CH_01310,102
UKPGA_2002_40__LEGV2__CH_01311,83
UKPGA_2002_40__LEGV2__CH_01313,75
UKPGA_2002_40__LEGV2__CH_01314,63
UKPGA_2002_40__LEGV2__CH_01315,85
UKPGA_2002_40__LEGV2__CH_01316,85
UKPGA_2002_40__LEGV2__CH_01317,79
UKPGA_2002_40__LEGV2__CH_01318,66
UKPGA_2002_40__LEGV2__CH_01319,79
UKPGA_2002_40__LEGV2__CH_01320,104
UKPGA_2002_40__LEGV2__CH_01321,93
UKPGA_2002_40__LEGV2__CH_01322,70
UKPGA_2002_40__LEGV2__CH_01324,72
UKPGA_2002_40__LEGV2__CH_01326,76
UKPGA_2002_40__LEGV2__CH_01327,68
UKPGA_2002_40__LEGV2__CH_01328,59
UKPGA_2002_40__LEGV2__CH_01330,78
UKPGA_2002_40__LEGV2__CH_01331,79
UKPGA_2002_40__LEGV2__CH_01333,57
UKPGA_2002_40__LEGV2__CH_01334,75
UKPGA_2002_40__LEGV2__CH_01335,72
UKPGA_2002_40__LEGV2__CH_01337,72
UKPGA_2002_40__LEGV2__CH_01338,71
UKPGA_2002_40__LEGV2__CH_01339,96
UKPGA_2002_40__LEGV2__CH_01340,83
UKPGA_2002_40__LEGV2__CH_01341,65
UKPGA_2002_40__LEGV2__CH_01343,90
UKPGA_2002_40__LEGV2__CH_01344,115
UKPGA_2002_40__LEGV2__CH_01345,89
UKPGA_2002_40__LEGV2__CH_01346,86
UKPGA_2002_40__LEGV2__CH_01347,82
UKPGA_2002_40__LEGV2__CH_01348,88
UKPGA_2002_40__LEGV2__CH_01349,95
UKPGA_2002_40__LEGV2__CH_01350,69
UKPGA_2002_40__LEGV2__CH_01351,90
UKPGA_2002_40__LEGV2__CH_01352,77
UKPGA_2002_40__LEGV2__CH_01353,89
UKPGA_2002_40__LEGV2__CH_01354,54
UKPGA_2002_40__LEGV2__CH_01356,57
UKPGA_2002_40__LEGV2__CH_01357,77
UKPGA_2002_40__LEGV2__CH_01358,102
UKPGA_2002_40__LEGV2__CH_01359,81
UKPGA_2002_40__LEGV2__CH_01361,65
UKPGA_2002_40__LEGV2__CH_01362,56
UKPGA_2002_40__LEGV2__CH_01364,100
UKPGA_2002_40__LEGV2__CH_01365,107
UKPGA_2002_40__LEGV2__CH_01366,61
UKPGA_2002_40__LEGV2__CH_01367,96
UKPGA_2002_40__LEGV2__CH_01368,78
UKPGA_2002_40__LEGV2__CH_01369,47
UKPGA_2002_40__LEGV2__CH_01370,50
UKPGA_2002_40__LEGV2__CH_01372,80
UKPGA_2002_40__LEGV2__CH_01373,58
UKPGA_2002_40__LEGV2__CH_01385,85
UKPGA_2002_40__LEGV2__CH_01386,64
UKPGA_2002_40__LEGV2__CH_01387,111
UKPGA_2002_40__LEGV2__CH_01388,61
UKPGA_2002_40__LEGV2__CH_01389,52
UKPGA_2002_40__LEGV2__CH_01390,54
UKPGA_2002_40__LEGV2__CH_01391,59
UKPGA_2002_40__LEGV2__CH_01392,65
UKPGA_2002_40__LEGV2__CH_01393,114
UKPGA_2002_40__LEGV2__CH_01394,57
UKPGA_2002_40__LEGV2__CH_01395,68
UKPGA_2002_40__LEGV2__CH_01396,99
UKPGA_2002_40__LEGV2__CH_01397,120
UKPGA_2002_40__LEGV2__CH_01398,107
UKPGA_2002_40__LEGV2__CH_01399,84
UKPGA_2002_40__LEGV2__CH_01400,73
UKPGA_2002_40__LEGV2__CH_01401,52
UKPGA_2002_40__LEGV2__CH_01402,142
UKPGA_2002_40__LEGV2__CH_01403,61
UKPGA_2002_40__LEGV2__CH_01404,77
UKPGA_2002_40__LEGV2__CH_01405,76
UKPGA_2002_40__LEGV2__CH_01406,53
UKPGA_2002_40__LEGV2__CH_01407,68
UKPGA_2002_40__LEGV2__CH_01408,78
UKPGA_2002_40__LEGV2__CH_01409,67
UKPGA_2002_40__LEGV2__CH_01410,93
UKPGA_2002_40__LEGV2__CH_01411,123
UKPGA_2002_40__LEGV2__CH_01412,79
UKPGA_2002_40__LEGV2__CH_01413,113
UKPGA_2002_40__LEGV2__CH_01414,87
UKPGA_2002_40__LEGV2__CH_01415,60
UKPGA_2002_40__LEGV2__CH_01416,78
UKPGA_2002_40__LEGV2__CH_01417,61
UKPGA_2002_40__LEGV2__CH_01418,70
UKPGA_2002_40__LEGV2__CH_01419,91
UKPGA_2002_40__LEGV2__CH_01420,88
UKPGA_2002_40__LEGV2__CH_01421,110
UKPGA_2002_40__LEGV2__CH_01422,75
UKPGA_2002_40__LEGV2__CH_01423,122
UKPGA_2002_40__LEGV2__CH_01424,91
UKPGA_2002_40__LEGV2__CH_01425,102
UKPGA_2002_40__LEGV2__CH_01426,88
UKPGA_2002_40__LEGV2__CH_01427,97
UKPGA_2002_40__LEGV2__CH_01428,127
UKPGA_2002_40__LEGV2__CH_01429,105
UKPGA_2002_40__LEGV2__CH_01430,108
UKPGA_2002_40__LEGV2__CH_01431,99
UKPGA_2002_40__LEGV2__CH_01432,101
UKPGA_2002_40__LEGV2__CH_01433,118
UKPGA_2002_40__LEGV2__CH_01434,70
UKPGA_2002_40__LEGV2__CH_01435,93
UKPGA_2002_40__LEGV2__CH_01436,119
UKPGA_2002_40__LEGV2__CH_01437,101
UKPGA_2002_40__LEGV2__CH_01438,148
UKPGA_2002_40__LEGV2__CH_01439,85
UKPGA_2002_40__LEGV2__CH_01440,77
UKPGA_2002_40__LEGV2__CH_01441,71
UKPGA_2002_40__LEGV2__CH_01442,89
UKPGA_2002_40__LEGV2__CH_01443,68
UKPGA_2002_40__LEGV2__CH_01444,63
UKPGA_2002_40__LEGV2__CH_01445,52
UKPGA_2002_40__LEGV2__CH_01446,49
UKPGA_2002_40__LEGV2__CH_01447,49
UKPGA_2002_40__LEGV2__CH_01448,76
UKPGA_2002_40__LEGV2__CH_01449,67
UKPGA_2002_40__LEGV2__CH_01450,57
UKPGA_2002_40__LEGV2__CH_01451,63
UKPGA_2002_40__LEGV2__CH_01452,84
UKPGA_2002_40__LEGV2__CH_01453,57
UKPGA_2002_40__LEGV2__CH_01454,79
UKPGA_2002_40__LEGV2__CH_01455,122
UKPGA_2002_40__LEGV2__CH_01456,139
UKPGA_2002_40__LEGV2__CH_01457,116
UKPGA_2002_40__LEGV2__CH_01458,118
UKPGA_2002_40__LEGV2__CH_01459,141
UKPGA_2002_40__LEGV2__CH_01460,69
UKPGA_2002_40__LEGV2__CH_01461,95
UKPGA_2002_40__LEGV2__CH_01462,137
UKPGA_2002_40__LEGV2__CH_01463,117
UKPGA_2002_40__LEGV2__CH_01464,115
UKPGA_2002_40__LEGV2__CH_01465,107
UKPGA_2002_40__LEGV2__CH_01466,99
UKPGA_2002_40__LEGV2__CH_01467,66
UKPGA_2002_40__LEGV2__CH_01468,66
UKPGA_2002_40__LEGV2__CH_01469,67
UKPGA_2002_40__LEGV2__CH_01471,63
UKPGA_2002_40__LEGV2__CH_01472,70
UKPGA_2002_40__LEGV2__CH_01473,72
UKPGA_2002_40__LEGV2__CH_01474,83
UKPGA_2002_40__LEGV2__CH_01475,59
UKPGA_2002_40__LEGV2__CH_01476,59
UKPGA_2002_40__LEGV2__CH_01478,49
UKPGA_2002_40__LEGV2__CH_01479,58
UKPGA_2002_40__LEGV2__CH_01480,53
UKPGA_2002_40__LEGV2__CH_01481,61
UKPGA_2002_40__LEGV2__CH_01482,52
UKPGA_2002_40__LEGV2__CH_01483,59
UKPGA_2002_40__LEGV2__CH_01484,60
UKPGA_2002_40__LEGV2__CH_01486,46
UKPGA_2002_40__LEGV2__CH_01487,51
UKPGA_2002_40__LEGV2__CH_01488,62
UKPGA_2002_40__LEGV2__CH_01490,89
UKPGA_2002_40__LEGV2__CH_01492,48
UKPGA_2002_40__LEGV2__CH_01493,101
UKPGA_2002_40__LEGV2__CH_01495,58
UKPGA_2002_40__LEGV2__CH_01496,82
UKPGA_2002_40__LEGV2__CH_01497,84
UKPGA_2002_40__LEGV2__CH_01498,58
UKPGA_2002_40__LEGV2__CH_01499,50
UKPGA_2002_40__LEGV2__CH_01500,62
UKPGA_2002_40__LEGV2__CH_01501,48
UKPGA_2002_40__LEGV2__CH_01503,61
UKPGA_2002_40__LEGV2__CH_01504,105
UKPGA_2002_40__LEGV2__CH_01505,78
UKPGA_2002_40__LEGV2__CH_01506,121
UKPGA_2002_40__LEGV2__CH_01507,128
UKPGA_2002_40__LEGV2__CH_01508,68
UKPGA_2002_40__LEGV2__CH_01509,111
UKPGA_2002_40__LEGV2__CH_01510,68
UKPGA_2002_40__LEGV2__CH_01511,94
UKPGA_2002_40__LEGV2__CH_01512,58
UKPGA_2002_40__LEGV2__CH_01513,60
UKPGA_2002_40__LEGV2__CH_01514,83
UKPGA_2002_40__LEGV2__CH_01515,60
UKPGA_2002_40__LEGV2__CH_01516,126
UKPGA_2002_40__LEGV2__CH_01517,57
UKPGA_2002_40__LEGV2__CH_01518,80
UKPGA_2002_40__LEGV2__CH_01519,111
UKPGA_2002_40__LEGV2__CH_01520,62
UKPGA_2002_40__LEGV2__CH_01521,76
UKPGA_2002_40__LEGV2__CH_01522,78
UKPGA_2002_40__LEGV2__CH_01523,88
UKPGA_2002_40__LEGV2__CH_01524,119
UKPGA_2002_40__LEGV2__CH_01525,78
UKPGA_2002_40__LEGV2__CH_01526,85
UKPGA_2002_40__LEGV2__CH_01528,78
UKPGA_2002_40__LEGV2__CH_01529,54
UKPGA_2002_40__LEGV2__CH_01530,83
UKPGA_2002_40__LEGV2__CH_01531,92
UKPGA_2002_40__LEGV2__CH_01532,88
UKPGA_2002_40__LEGV2__CH_01533,71
UKPGA_2002_40__LEGV2__CH_01534,94
UKPGA_2002_40__LEGV2__CH_01535,84
UKPGA_2002_40__LEGV2__CH_01536,66
UKPGA_2002_40__LEGV2__CH_01537,85
UKPGA_2002_40__LEGV2__CH_01538,72
UKPGA_2002_40__LEGV2__CH_01539,66
UKPGA_2002_40__LEGV2__CH_01540,68
UKPGA_2002_40__LEGV2__CH_01541,79
UKPGA_2002_40__LEGV2__CH_01543,69
UKPGA_2002_40__LEGV2__CH_01545,50
UKPGA_2002_40__LEGV2__CH_01546,49
UKPGA_2002_40__LEGV2__CH_01547__M,70
UKPGA_2002_40__LEGV2__CH_01549,116
UKPGA_2002_40__LEGV2__CH_01550,90
UKPGA_2002_40__LEGV2__CH_01551,72
UKPGA_2002_40__LEGV2__CH_01552,68
UKPGA_2002_40__LEGV2__CH_01553,67
UKPGA_2002_40__LEGV2__CH_01554__M,113
UKPGA_2002_40__LEGV2__CH_01556,74
UKPGA_2002_40__LEGV2__CH_01557,83
UKPGA_2002_40__LEGV2__CH_01558,109
UKPGA_2002_40__LEGV2__CH_01559,67
UKPGA_2002_40__LEGV2__CH_01560,111
UKPGA_2002_40__LEGV2__CH_01561,109
UKPGA_2002_40__LEGV2__CH_01562,73
UKPGA_2002_40__LEGV2__CH_01563,67
UKPGA_2002_40__LEGV2__CH_01564,104
UKPGA_2002_40__LEGV2__CH_01566,80
UKPGA_2002_40__LEGV2__CH_01567,74
UKPGA_2002_40__LEGV2__CH_01569,77
UKPGA_2002_40__LEGV2__CH_01570,72
UKPGA_2002_40__LEGV2__CH_01571,89
UKPGA_2002_40__LEGV2__CH_01572,87
UKPGA_2002_40__LEGV2__CH_01573,93
UKPGA_2002_40__LEGV2__CH_01574,108
UKPGA_2002_40__LEGV2__CH_01576,92
UKPGA_2002_40__LEGV2__CH_01577,97
UKPGA_2002_40__LEGV2__CH_01579,95
UKPGA_2002_40__LEGV2__CH_01580,111
UKPGA_2002_40__LEGV2__CH_01581,74
UKPGA_2002_40__LEGV2__CH_01582,100
UKPGA_2002_40__LEGV2__CH_01584,78
UKPGA_2002_40__LEGV2__CH_01585,75
UKPGA_2002_40__LEGV2__CH_01586,109
UKPGA_2002_40__LEGV2__CH_01587,111
UKPGA_2002_40__LEGV2__CH_01588,126
UKPGA_2002_40__LEGV2__CH_01589,63
UKPGA_2002_40__LEGV2__CH_01590,81
UKPGA_2002_40__LEGV2__CH_01591,65
UKPGA_2002_40__LEGV2__CH_01592,92
UKPGA_2002_40__LEGV2__CH_01593,61
UKPGA_2002_40__LEGV2__CH_01594,57
UKPGA_2002_40__LEGV2__CH_01595,137
UKPGA_2002_40__LEGV2__CH_01596__M,57
UKPGA_2002_40__LEGV2__CH_01598,72
UKPGA_2002_40__LEGV2__CH_01599,88
UKPGA_2002_40__LEGV2__CH_01600,108
UKPGA_2002_40__LEGV2__CH_01601,140
UKPGA_2002_40__LEGV2__CH_01602,73
UKPGA_2002_40__LEGV2__CH_01603,79
UKPGA_2002_40__LEGV2__CH_01604,77
UKPGA_2002_40__LEGV2__CH_01605,57
UKPGA_2002_40__LEGV2__CH_01606,156
UKPGA_2002_40__LEGV2__CH_01607,67
UKPGA_2002_40__LEGV2__CH_01608,94
UKPGA_2002_40__LEGV2__CH_01609,89
UKPGA_2002_40__LEGV2__CH_01610,88
UKPGA_2002_40__LEGV2__CH_01611,121
UKPGA_2002_40__LEGV2__CH_01612,95
UKPGA_2002_40__LEGV2__CH_01613,66
UKPGA_2002_40__LEGV2__CH_01614,82
UKPGA_2002_40__LEGV2__CH_01615,98
UKPGA_2002_40__LEGV2__CH_01616,74
UKPGA_2002_40__LEGV2__CH_01617,108
UKPGA_2002_40__LEGV2__CH_01618,78
UKPGA_2002_40__LEGV2__CH_01619,100
UKPGA_2002_40__LEGV2__CH_01620,81
UKPGA_2002_40__LEGV2__CH_01621,90
UKPGA_2002_40__LEGV2__CH_01622,64
UKPGA_2002_40__LEGV2__CH_01623,73
UKPGA_2002_40__LEGV2__CH_01624,107
UKPGA_2002_40__LEGV2__CH_01626,73
UKPGA_2002_40__LEGV2__CH_01627,125
UKPGA_2002_40__LEGV2__CH_01628,53
UKPGA_2002_40__LEGV2__CH_01629,104
UKPGA_2002_40__LEGV2__CH_01630,65
UKPGA_2002_40__LEGV2__CH_01631,103
UKPGA_2002_40__LEGV2__CH_01632,85
UKPGA_2002_40__LEGV2__CH_01633,73
UKPGA_2002_40__LEGV2__CH_01634,98
UKPGA_2002_40__LEGV2__CH_01635,101
UKPGA_2002_40__LEGV2__CH_01636,67
UKPGA_2002_40__LEGV2__CH_01637,66
UKPGA_2002_40__LEGV2__CH_01638,107
UKPGA_2002_40__LEGV2__CH_01639,77
UKPGA_2002_40__LEGV2__CH_01640,83
UKPGA_2002_40__LEGV2__CH_01641,78
UKPGA_2002_40__LEGV2__CH_01642,72
UKPGA_2002_40__LEGV2__CH_01643,76
UKPGA_2002_40__LEGV2__CH_01644,75
UKPGA_2002_40__LEGV2__CH_01645,84
UKPGA_2002_40__LEGV2__CH_01646,115
UKPGA_2002_40__LEGV2__CH_01647,89
UKPGA_2002_40__LEGV2__CH_01648,65
UKPGA_2002_40__LEGV2__CH_01649,68
UKPGA_2002_40__LEGV2__CH_01650,71
UKPGA_2002_40__LEGV2__CH_01651,72
UKPGA_2002_40__LEGV2__CH_01652,69
UKPGA_2002_40__LEGV2__CH_01653,79
UKPGA_2002_40__LEGV2__CH_01654,70
UKPGA_2002_40__LEGV2__CH_01655,56
UKPGA_2002_40__LEGV2__CH_01656,86
UKPGA_2002_40__LEGV2__CH_01657,68
UKPGA_2002_40__LEGV2__CH_01658,82
UKPGA_2002_40__LEGV2__CH_01659,86
UKPGA_2002_40__LEGV2__CH_01660,71
UKPGA_2002_40__LEGV2__CH_01661,68
UKPGA_2002_40__LEGV2__CH_01662,67
UKPGA_2002_40__LEGV2__CH_01663,77
UKPGA_2002_40__LEGV2__CH_01664,126
UKPGA_2002_40__LEGV2__CH_01665,59
UKPGA_2002_40__LEGV2__CH_01666,82
UKPGA_2002_40__LEGV2__CH_01667,86
UKPGA_2002_40__LEGV2__CH_01668,72
UKPGA_2002_40__LEGV2__CH_01669,79
UKPGA_2002_40__LEGV2__CH_01670,80
UKPGA_2002_40__LEGV2__CH_01671,62
UKPGA_2002_40__LEGV2__CH_01672,70
UKPGA_2002_40__LEGV2__CH_01673,104
UKPGA_2002_40__LEGV2__CH_01674,68
UKPGA_2002_40__LEGV2__CH_01675,59
UKPGA_2002_40__LEGV2__CH_01676,70
UKPGA_2002_40__LEGV2__CH_01677,66
UKPGA_2002_40__LEGV2__CH_01678,92
UKPGA_2002_40__LEGV2__CH_01679,64
UKPGA_2002_40__LEGV2__CH_01680,71
UKPGA_2002_40__LEGV2__CH_01681,61
UKPGA_2002_40__LEGV2__CH_01682,80
UKPGA_2002_40__LEGV2__CH_01683,74
UKPGA_2002_40__LEGV2__CH_01684,82
UKPGA_2002_40__LEGV2__CH_01685,79
UKPGA_2002_40__LEGV2__CH_01686,82
UKPGA_2002_40__LEGV2__CH_01687,61
UKPGA_2002_40__LEGV2__CH_01688,58
UKPGA_2002_40__LEGV2__CH_01689,68
UKPGA_2002_40__LEGV2__CH_01690,72
UKPGA_2002_40__LEGV2__CH_01691,67
UKPGA_2002_40__LEGV2__CH_01692,75
UKPGA_2002_40__LEGV2__CH_01693,61
UKPGA_2002_40__LEGV2__CH_01694,77
UKPGA_2002_40__LEGV2__CH_01695,93
UKPGA_2002_40__LEGV2__CH_01696,96
UKPGA_2002_40__LEGV2__CH_01697,88
UKPGA_2002_40__LEGV2__CH_01698,115
UKPGA_2002_40__LEGV2__CH_01699,77
UKPGA_2002_40__LEGV2__CH_01700,66
UKPGA_2002_40__LEGV2__CH_01701,96
UKPGA_2002_40__LEGV2__CH_01703,66
UKPGA_2002_40__LEGV2__CH_01704,86
UKPGA_2002_40__LEGV2__CH_01705,84
UKPGA_2002_40__LEGV2__CH_01706,77
UKPGA_2002_40__LEGV2__CH_01707,55
UKPGA_2002_40__LEGV2__CH_01708,80
UKPGA_2002_40__LEGV2__CH_01709,73
UKPGA_2002_40__LEGV2__CH_01710,70
UKPGA_2002_40__LEGV2__CH_01711,83
UKPGA_2002_40__LEGV2__CH_01712,72
UKPGA_2002_40__LEGV2__CH_01713,84
UKPGA_2002_40__LEGV2__CH_01714,88
UKPGA_2002_40__LEGV2__CH_01715,113
UKPGA_2002_40__LEGV2__CH_01716,63
UKPGA_2002_40__LEGV2__CH_01717,76
UKPGA_2002_40__LEGV2__CH_01718,73
UKPGA_2002_40__LEGV2__CH_01719,69
UKPGA_2002_40__LEGV2__CH_01721,95
UKPGA_2002_40__LEGV2__CH_01722,71
UKPGA_2002_40__LEGV2__CH_01723,88
UKPGA_2002_40__LEGV2__CH_01724,84
UKPGA_2002_40__LEGV2__CH_01725,61
UKPGA_2002_40__LEGV2__CH_01726,79
UKPGA_2002_40__LEGV2__CH_01727,65
UKPGA_2002_40__LEGV2__CH_01728,74
UKPGA_2002_40__LEGV2__CH_01729,95
UKPGA_2002_40__LEGV2__CH_01730,104
UKPGA_2002_40__LEGV2__CH_01732,76
UKPGA_2002_40__LEGV2__CH_01733,71
UKPGA_2002_40__LEGV2__CH_01734,76
UKPGA_2002_40__LEGV2__CH_01735,71
UKPGA_2002_40__LEGV2__CH_01736,73
UKPGA_2002_40__LEGV2__CH_01738,69
UKPGA_2002_40__LEGV2__CH_01739,70
UKPGA_2002_40__LEGV2__CH_01740,85
UKPGA_2002_40__LEGV2__CH_01741,87
UKPGA_2002_40__LEGV2__CH_01743,62
UKPGA_2002_40__LEGV2__CH_01745,108
UKPGA_2002_40__LEGV2__CH_01746,60
UKPGA_2002_40__LEGV2__CH_01747,55
UKPGA_2002_40__LEGV2__CH_01748,63
UKPGA_2002_40__LEGV2__CH_01749,69
UKPGA_2002_40__LEGV2__CH_01750,67
UKPGA_2002_40__LEGV2__CH_01751,76
UKPGA_2002_40__LEGV2__CH_01752,53
UKPGA_2002_40__LEGV2__CH_01753,79
UKPGA_2002_40__LEGV2__CH_01754,116
UKPGA_2002_40__LEGV2__CH_01755,45
UKPGA_2002_40__LEGV2__CH_01756,58
UKPGA_2002_40__LEGV2__CH_01757,59
UKPGA_2002_40__LEGV2__CH_01758,55
UKPGA_2002_40__LEGV2__CH_01759,68
UKPGA_2002_40__LEGV2__CH_01760,91
UKPGA_2002_40__LEGV2__CH_01762,88
UKPGA_2002_40__LEGV2__CH_01763,75
UKPGA_2002_40__LEGV2__CH_01764,58
UKPGA_2002_40__LEGV2__CH_01765,84
UKPGA_2002_40__LEGV2__CH_01766,63
UKPGA_2002_40__LEGV2__CH_01767,88
UKPGA_2002_40__LEGV2__CH_01768,75
UKPGA_2002_40__LEGV2__CH_01769,69
UKPGA_2002_40__LEGV2__CH_01770,86
UKPGA_2002_40__LEGV2__CH_01771,77
UKPGA_2002_40__LEGV2__CH_01772,76
UKPGA_2002_40__LEGV2__CH_01773,75
UKPGA_2002_40__LEGV2__CH_01774,71
UKPGA_2002_40__LEGV2__CH_01775,75
UKPGA_2002_40__LEGV2__CH_01776,95
UKPGA_2002_40__LEGV2__CH_01777,78
UKPGA_2002_40__LEGV2__CH_01778,111
UKPGA_2002_40__LEGV2__CH_01779,129
UKPGA_2002_40__LEGV2__CH_01780,107
UKPGA_2002_40__LEGV2__CH_01781,126
UKPGA_2002_40__LEGV2__CH_01782,94
UKPGA_2002_40__LEGV2__CH_01783,67
UKPGA_2002_40__LEGV2__CH_01784,83
UKPGA_2002_40__LEGV2__CH_01785,73
UKPGA_2002_40__LEGV2__CH_01786,74
UKPGA_2002_40__LEGV2__CH_01787,85
UKPGA_2002_40__LEGV2__CH_01788,64
UKPGA_2002_40__LEGV2__CH_01789,59
UKPGA_2002_40__LEGV2__CH_01790,90
UKPGA_2002_40__LEGV2__CH_01791,50
UKPGA_2002_40__LEGV2__CH_01792,56
UKPGA_2002_40__LEGV2__CH_01793,65
UKPGA_2002_40__LEGV2__CH_01794,48
UKPGA_2002_40__LEGV2__CH_01795,99
UKPGA_2002_40__LEGV2__CH_01796,54
UKPGA_2002_40__LEGV2__CH_01798,53
UKPGA_2002_40__LEGV2__CH_01800,61
UKPGA_2002_40__LEGV2__CH_01801,68
UKPGA_2002_40__LEGV2__CH_01802,62
UKPGA_2002_40__LEGV2__CH_01803,75
UKPGA_2002_40__LEGV2__CH_01804,67
UKPGA_2002_40__LEGV2__CH_01805,68
UKPGA_2002_40__LEGV2__CH_01806,59
UKPGA_2002_40__LEGV2__CH_01807,71
UKPGA_2002_40__LEGV2__CH_01808,74
UKPGA_2002_40__LEGV2__CH_01809,84
UKPGA_2002_40__LEGV2__CH_01810,72
UKPGA_2002_40__LEGV2__CH_01811,100
UKPGA_2002_40__LEGV2__CH_01819,89
UKPGA_2002_40__LEGV2__CH_01820,57
UKPGA_2002_40__LEGV2__CH_01821,103
UKPGA_2002_40__LEGV2__CH_01822,94
UKPGA_2002_40__LEGV2__CH_01823,119
UKPGA_2002_40__LEGV2__CH_01824,73
UKPGA_2002_40__LEGV2__CH_01825,70
UKPGA_2002_40__LEGV2__CH_01826,89
UKPGA_2002_40__LEGV2__CH_01827,104
UKPGA_2002_40__LEGV2__CH_01828,93
UKPGA_2002_40__LEGV2__CH_01830,72
UKPGA_2002_40__LEGV2__CH_01831,73
UKPGA_2002_40__LEGV2__CH_01832,95
UKPGA_2002_40__LEGV2__CH_01833,86
UKPGA_2002_40__LEGV2__CH_01834,60
UKPGA_2002_40__LEGV2__CH_01835,78
UKPGA_2002_40__LEGV2__CH_01836,83
UKPGA_2002_40__LEGV2__CH_01837,67
UKPGA_2002_40__LEGV2__CH_01838,58
UKPGA_2002_40__LEGV2__CH_01839,71
UKPGA_2002_40__LEGV2__CH_01840,59
UKPGA_2002_40__LEGV2__CH_01841,79
UKPGA_2002_40__LEGV2__CH_01842,68
UKPGA_2002_40__LEGV2__CH_01844,84
UKPGA_2002_40__LEGV2__CH_01845,60
UKPGA_2002_40__LEGV2__CH_01846,96
UKPGA_2002_40__LEGV2__CH_01847,93
UKPGA_2002_40__LEGV2__CH_01848,70
UKPGA_2002_40__LEGV2__CH_01849,74
UKPGA_2002_40__LEGV2__CH_01850,80
UKPGA_2002_40__LEGV2__CH_01851,106
UKPGA_2002_40__LEGV2__CH_01852,108
UKPGA_2002_40__LEGV2__CH_01853,90
UKPGA_2002_40__LEGV2__CH_01854,77
UKPGA_2002_40__LEGV2__CH_01855,85
UKPGA_2002_40__LEGV2__CH_01856,81
UKPGA_2002_40__LEGV2__CH_01857,79
UKPGA_2002_40__LEGV2__CH_01858,56
UKPGA_2002_40__LEGV2__CH_01859,68
UKPGA_2002_40__LEGV2__CH_01860,72
UKPGA_2002_40__LEGV2__CH_01861,86
UKPGA_2002_40__LEGV2__CH_01862,98
UKPGA_2002_40__LEGV2__CH_01865__M,114
UKPGA_2002_40__LEGV2__CH_01867,65
UKPGA_2002_40__LEGV2__CH_01868,65
UKPGA_2002_40__LEGV2__CH_01869__M,66
UKPGA_2002_40__LEGV2__CH_01871,60
UKPGA_2002_40__LEGV2__CH_01872,72
UKPGA_2002_40__LEGV2__CH_01873,55
UKPGA_2002_40__LEGV2__CH_01874,81
UKPGA_2002_40__LEGV2__CH_01875,65
UKPGA_2002_40__LEGV2__CH_01876,87
UKPGA_2002_40__LEGV2__CH_01877,68
UKPGA_2002_40__LEGV2__CH_01878,56
UKPGA_2002_40__LEGV2__CH_01879,61
UKPGA_2002_40__LEGV2__CH_01880,90
UKPGA_2002_40__LEGV2__CH_01881,75
UKPGA_2002_40__LEGV2__CH_01882,86
UKPGA_2002_40__LEGV2__CH_01883,77
UKPGA_2002_40__LEGV2__CH_01884,70
UKPGA_2002_40__LEGV2__CH_01885,62
UKPGA_2002_40__LEGV2__CH_01886,77
UKPGA_2002_40__LEGV2__CH_01889,69
UKPGA_2002_40__LEGV2__CH_01890,89
UKPGA_2002_40__LEGV2__CH_01893,76
UKPGA_2002_40__LEGV2__CH_01894,71
UKPGA_2002_40__LEGV2__CH_01895,79
UKPGA_2002_40__LEGV2__CH_01896,65
UKPGA_2002_40__LEGV2__CH_01897,76
UKPGA_2002_40__LEGV2__CH_01898,80
UKPGA_2002_40__LEGV2__CH_01899,81
UKPGA_2002_40__LEGV2__CH_01900,74
UKPGA_2002_40__LEGV2__CH_01901,59
UKPGA_2002_40__LEGV2__CH_01902,65
UKPGA_2002_40__LEGV2__CH_01903,91
UKPGA_2002_40__LEGV2__CH_01904,70
UKPGA_2002_40__LEGV2__CH_01906,99
UKPGA_2002_40__LEGV2__CH_01907,69
UKPGA_2002_40__LEGV2__CH_01909,74
UKPGA_2002_40__LEGV2__CH_01910,96
UKPGA_2002_40__LEGV2__CH_01911,90
UKPGA_2002_40__LEGV2__CH_01912,85
UKPGA_2002_40__LEGV2__CH_01915,87
UKPGA_2002_40__LEGV2__CH_01916,75
UKPGA_2002_40__LEGV2__CH_01917,90
UKPGA_2002_40__LEGV2__CH_01918,99
UKPGA_2002_40__LEGV2__CH_01919,89
UKPGA_2002_40__LEGV2__CH_01920,88
UKPGA_2002_40__LEGV2__CH_01921,101
UKPGA_2002_40__LEGV2__CH_01922,70
UKPGA_2002_40__LEGV2__CH_01923,60
UKPGA_2002_40__LEGV2__CH_01924,67
UKPGA_2002_40__LEGV2__CH_01925,76
UKPGA_2002_40__LEGV2__CH_01926,65
UKPGA_2002_40__LEGV2__CH_01927,93
UKPGA_2002_40__LEGV2__CH_01928,96
UKPGA_2002_40__LEGV2__CH_01931,86
UKPGA_2002_40__LEGV2__CH_01932,89
UKPGA_2002_40__LEGV2__CH_01933,102
UKPGA_2002_40__LEGV2__CH_01934,110
UKPGA_2002_40__LEGV2__CH_01935,94
UKPGA_2002_40__LEGV2__CH_01936,88
UKPGA_2002_40__LEGV2__CH_01939,88
UKPGA_2002_40__LEGV2__CH_01940,92
UKPGA_2002_40__LEGV2__CH_01943,75
UKPGA_2002_40__LEGV2__CH_01944,83
UKPGA_2002_40__LEGV2__CH_01945,78
UKPGA_2002_40__LEGV2__CH_01946,90
UKPGA_2002_40__LEGV2__CH_01947,82
UKPGA_2002_40__LEGV2__CH_01948,74
UKPGA_2002_40__LEGV2__CH_01949,81
UKPGA_2002_40__LEGV2__CH_01950,111
UKPGA_2002_40__LEGV2__CH_01951,69
UKPGA_2002_40__LEGV2__CH_01952,100
UKPGA_2002_40__LEGV2__CH_01953,120
UKPGA_2002_40__LEGV2__CH_01954,99
UKPGA_2002_40__LEGV2__CH_01955,70
UKPGA_2002_40__LEGV2__CH_01957,74
UKPGA_2002_40__LEGV2__CH_01958,78
UKPGA_2002_40__LEGV2__CH_01959,94
UKPGA_2002_40__LEGV2__CH_01960,97
UKPGA_2002_40__LEGV2__CH_01961,74
UKPGA_2002_40__LEGV2__CH_01962,90
UKPGA_2002_40__LEGV2__CH_01963,77
UKPGA_2002_40__LEGV2__CH_01964,83
UKPGA_2002_40__LEGV2__CH_01965,129
UKPGA_2002_40__LEGV2__CH_01966,117
UKPGA_2002_40__LEGV2__CH_01967,73
UKPGA_2002_40__LEGV2__CH_01968,104
UKPGA_2002_40__LEGV2__CH_01969,113
UKPGA_2002_40__LEGV2__CH_01970,101
UKPGA_2002_40__LEGV2__CH_01971,72
UKPGA_2002_40__LEGV2__CH_01972,71
UKPGA_2002_40__LEGV2__CH_01973,107
UKPGA_2002_40__LEGV2__CH_01974,106
UKPGA_2002_40__LEGV2__CH_01975,119
UKPGA_2002_40__LEGV2__CH_01976,71
UKPGA_2002_40__LEGV2__CH_01977,61
UKPGA_2002_40__LEGV2__CH_01978,85
UKPGA_2002_40__LEGV2__CH_01979,88
UKPGA_2002_40__LEGV2__CH_01981,100
UKPGA_2002_40__LEGV2__CH_01982,77
UKPGA_2002_40__LEGV2__CH_01983,95
UKPGA_2002_40__LEGV2__CH_01984,117
UKPGA_2002_40__LEGV2__CH_01985,112
UKPGA_2002_40__LEGV2__CH_01986,171
UKPGA_2002_40__LEGV2__CH_01987,57
UKPGA_2002_40__LEGV2__CH_01988,90
UKPGA_2002_40__LEGV2__CH_01989,111
UKPGA_2002_40__LEGV2__CH_01990,51
UKPGA_2002_40__LEGV2__CH_01991,72
UKPGA_2002_40__LEGV2__CH_01992,76
UKPGA_2002_40__LEGV2__CH_01993,64
UKPGA_2002_40__LEGV2__CH_01994,74
UKPGA_2002_40__LEGV2__CH_01995,95
UKPGA_2002_40__LEGV2__CH_01996,80
UKPGA_2002_40__LEGV2__CH_01997,65
UKPGA_2002_40__LEGV2__CH_01998,78
UKPGA_2002_40__LEGV2__CH_01999,96
UKPGA_2002_40__LEGV2__CH_02000,77
UKPGA_2002_40__LEGV2__CH_02001,67
UKPGA_2002_40__LEGV2__CH_02002,63
UKPGA_2002_40__LEGV2__CH_02003,56
UKPGA_2002_40__LEGV2__CH_02004__M,64
UKPGA_2002_40__LEGV2__CH_02006,60
UKPGA_2002_40__LEGV2__CH_02007,69
UKPGA_2002_40__LEGV2__CH_02008,56
UKPGA_2002_40__LEGV2__CH_02009__M,79
UKPGA_2002_40__LEGV2__CH_02011,59
UKPGA_2002_40__LEGV2__CH_02012,75
UKPGA_2002_40__LEGV2__CH_02013,76
UKPGA_2002_40__LEGV2__CH_02014,117
UKPGA_2002_40__LEGV2__CH_02015,89
UKPGA_2002_40__LEGV2__CH_02016,75
UKPGA_2002_40__LEGV2__CH_02017,82
UKPGA_2002_40__LEGV2__CH_02018,91
UKPGA_2002_40__LEGV2__CH_02019,73
UKPGA_2002_40__LEGV2__CH_02020,61
UKPGA_2002_40__LEGV2__CH_02021,63
UKPGA_2002_40__LEGV2__CH_02022,65
UKPGA_2002_40__LEGV2__CH_02023,47
UKPGA_2002_40__LEGV2__CH_02024,59
UKPGA_2002_40__LEGV2__CH_02025,54
UKPGA_2002_40__LEGV2__CH_02026,59
UKPGA_2002_40__LEGV2__CH_02027,68
UKPGA_2002_40__LEGV2__CH_02028,48
UKPGA_2002_40__LEGV2__CH_02029,69
UKPGA_2002_40__LEGV2__CH_02030,99
UKPGA_2002_40__LEGV2__CH_02031,57
UKPGA_2002_40__LEGV2__CH_02032,90
UKPGA_2002_40__LEGV2__CH_02033,71
UKPGA_2002_40__LEGV2__CH_02034,89
UKPGA_2002_40__LEGV2__CH_02035,64
UKPGA_2002_40__LEGV2__CH_02036,107
UKPGA_2002_40__LEGV2__CH_02037,87
UKPGA_2002_40__LEGV2__CH_02039,68
UKPGA_2002_40__LEGV2__CH_02040,66
UKPGA_2002_40__LEGV2__CH_02041,73
UKPGA_2002_40__LEGV2__CH_02042,78
UKPGA_2002_40__LEGV2__CH_02043,58
UKPGA_2002_40__LEGV2__CH_02044,77
UKPGA_2002_40__LEGV2__CH_02045,71
UKPGA_2002_40__LEGV2__CH_02046,54
UKPGA_2002_40__LEGV2__CH_02047,76
UKPGA_2002_40__LEGV2__CH_02048,96
UKPGA_2002_40__LEGV2__CH_02049,75
UKPGA_2002_40__LEGV2__CH_02050,80
UKPGA_2002_40__LEGV2__CH_02051,77
UKPGA_2002_40__LEGV2__CH_02052,70
UKPGA_2002_40__LEGV2__CH_02053,82
UKPGA_2002_40__LEGV2__CH_02054,100
UKPGA_2002_40__LEGV2__CH_02055,76
UKPGA_2002_40__LEGV2__CH_02056,73
UKPGA_2002_40__LEGV2__CH_02057,90
UKPGA_2002_40__LEGV2__CH_02058,107
UKPGA_2002_40__LEGV2__CH_02061,84
UKPGA_2002_40__LEGV2__CH_02063,65
UKPGA_2002_40__LEGV2__CH_02064,53
UKPGA_2002_40__LEGV2__CH_02065,57
UKPGA_2002_40__LEGV2__CH_02066,77
UKPGA_2002_40__LEGV2__CH_02067,74
UKPGA_2002_40__LEGV2__CH_02069,81
UKPGA_2002_40__LEGV2__CH_02070,76
UKPGA_2002_40__LEGV2__CH_02071,86
UKPGA_2002_40__LEGV2__CH_02072,66
UKPGA_2002_40__LEGV2__CH_02073,80
UKPGA_2002_40__LEGV2__CH_02074,75
UKPGA_2002_40__LEGV2__CH_02075,65
UKPGA_2002_40__LEGV2__CH_02076,69
UKPGA_2002_40__LEGV2__CH_02077,82
UKPGA_2002_40__LEGV2__CH_02078,57
UKPGA_2002_40__LEGV2__CH_02079,82
UKPGA_2002_40__LEGV2__CH_02080,71
UKPGA_2002_40__LEGV2__CH_02081,59
UKPGA_2002_40__LEGV2__CH_02082,65
UKPGA_2002_40__LEGV2__CH_02083,76
UKPGA_2002_40__LEGV2__CH_02084,75
UKPGA_2002_40__LEGV2__CH_02085,75
UKPGA_2002_40__LEGV2__CH_02086,64
UKPGA_2002_40__LEGV2__CH_02087,77
UKPGA_2002_40__LEGV2__CH_02088,77
UKPGA_2002_40__LEGV2__CH_02089,65
UKPGA_2002_40__LEGV2__CH_02090,61
UKPGA_2002_40__LEGV2__CH_02091,71
UKPGA_2002_40__LEGV2__CH_02092,82
UKPGA_2002_40__LEGV2__CH_02094,81
UKPGA_2002_40__LEGV2__CH_02095,60
UKPGA_2002_40__LEGV2__CH_02096,73
UKPGA_2002_40__LEGV2__CH_02097,79
UKPGA_2002_40__LEGV2__CH_02098,76
UKPGA_2002_40__LEGV2__CH_02099,91
UKPGA_2002_40__LEGV2__CH_02101,81
UKPGA_2002_40__LEGV2__CH_02102,66
UKPGA_2002_40__LEGV2__CH_02105,94
UKPGA_2002_40__LEGV2__CH_02106,73
UKPGA_2002_40__LEGV2__CH_02107,77
UKPGA_2002_40__LEGV2__CH_02108,84
UKPGA_2002_40__LEGV2__CH_02110,65
UKPGA_2002_40__LEGV2__CH_02111,72
UKPGA_2002_40__LEGV2__CH_02112,64
UKPGA_2002_40__LEGV2__CH_02113,89
UKPGA_2002_40__LEGV2__CH_02114,74
UKPGA_2002_40__LEGV2__CH_02115,63
UKPGA_2002_40__LEGV2__CH_02116,75
UKPGA_2002_40__LEGV2__CH_02117,127
UKPGA_2002_40__LEGV2__CH_02118,67
UKPGA_2002_40__LEGV2__CH_02119,86
UKPGA_2002_40__LEGV2__CH_02120,110
UKPGA_2002_40__LEGV2__CH_02121,76
UKPGA_2002_40__LEGV2__CH_02122,85
UKPGA_2002_40__LEGV2__CH_02123,78
UKPGA_2002_40__LEGV2__CH_02124,121
UKPGA_2002_40__LEGV2__CH_02125,86
UKPGA_2002_40__LEGV2__CH_02126,102
UKPGA_2002_40__LEGV2__CH_02127,139
UKPGA_2002_40__LEGV2__CH_02129,67
UKPGA_2002_40__LEGV2__CH_02130,81
UKPGA_2002_40__LEGV2__CH_02131,71
UKPGA_2002_40__LEGV2__CH_02132,97
UKPGA_2002_40__LEGV2__CH_02133,107
UKPGA_2002_40__LEGV2__CH_02134,126
UKPGA_2002_40__LEGV2__CH_02135,134
UKPGA_2002_40__LEGV2__CH_02136,75
UKPGA_2002_40__LEGV2__CH_02137,93
UKPGA_2002_40__LEGV2__CH_02138,98
UKPGA_2002_40__LEGV2__CH_02139,76
UKPGA_2002_40__LEGV2__CH_02140,72
UKPGA_2002_40__LEGV2__CH_02141,75
UKPGA_2002_40__LEGV2__CH_02142,71
UKPGA_2002_40__LEGV2__CH_02144,86
UKPGA_2002_40__LEGV2__CH_02145,63
UKPGA_2002_40__LEGV2__CH_02146__M,64
UKPGA_2002_40__LEGV2__CH_02151,62
UKPGA_2002_40__LEGV2__CH_02152,58
UKPGA_2002_40__LEGV2__CH_02155,66
UKPGA_2002_40__LEGV2__CH_02156,118
UKPGA_2002_40__LEGV2__CH_02157,102
UKPGA_2002_40__LEGV2__CH_02158,80
UKPGA_2002_40__LEGV2__CH_02159,75
UKPGA_2002_40__LEGV2__CH_02160,102
UKPGA_2002_40__LEGV2__CH_02163,69
UKPGA_2002_40__LEGV2__CH_02164,104
UKPGA_2002_40__LEGV2__CH_02166,65
UKPGA_2002_40__LEGV2__CH_02167,64
UKPGA_2002_40__LEGV2__CH_02168,68
UKPGA_2002_40__LEGV2__CH_02169,69
UKPGA_2002_40__LEGV2__CH_02170,48
UKPGA_2002_40__LEGV2__CH_02171,69
UKPGA_2002_40__LEGV2__CH_02172,116
UKPGA_2002_40__LEGV2__CH_02175,69
UKPGA_2002_40__LEGV2__CH_02176,81
UKPGA_2002_40__LEGV2__CH_02177,76
UKPGA_2002_40__LEGV2__CH_02178,61
UKPGA_2002_40__LEGV2__CH_02179,67
UKPGA_2002_40__LEGV2__CH_02180,68
UKPGA_2002_40__LEGV2__CH_02181,60
UKPGA_2002_40__LEGV2__CH_02182,59
UKPGA_2002_40__LEGV2__CH_02183,72
UKPGA_2002_40__LEGV2__CH_02184,52
UKPGA_2002_40__LEGV2__CH_02185__M,64
UKPGA_2002_40__LEGV2__CH_02187,61
UKPGA_2002_40__LEGV2__CH_02188,71
UKPGA_2002_40__LEGV2__CH_02189,56
UKPGA_2002_40__LEGV2__CH_02190,105
UKPGA_2002_40__LEGV2__CH_02191,83
UKPGA_2002_40__LEGV2__CH_02192,78
UKPGA_2002_40__LEGV2__CH_02193,75
UKPGA_2002_40__LEGV2__CH_02194,85
UKPGA_2002_40__LEGV2__CH_02195,69
UKPGA_2002_40__LEGV2__CH_02196,49
UKPGA_2002_40__LEGV2__CH_02197,57
UKPGA_2002_40__LEGV2__CH_02198,76
UKPGA_2002_40__LEGV2__CH_02199,82
UKPGA_2002_40__LEGV2__CH_02200,54
UKPGA_2002_40__LEGV2__CH_02201,70
UKPGA_2002_40__LEGV2__CH_02202,113
UKPGA_2002_40__LEGV2__CH_02203,86
UKPGA_2002_40__LEGV2__CH_02209,76
UKPGA_2002_40__LEGV2__CH_02210,91
UKPGA_2006_35__LEGV2__CH_00001,95
UKPGA_2006_35__LEGV2__CH_00002,92
UKPGA_2006_35__LEGV2__CH_00003,85
UKPGA_2006_35__LEGV2__CH_00004,82
UKPGA_2006_35__LEGV2__CH_00005,77
UKPGA_2006_35__LEGV2__CH_00006,100
UKPGA_2006_35__LEGV2__CH_00007,110
UKPGA_2006_35__LEGV2__CH_00008,73
UKPGA_2006_35__LEGV2__CH_00009,98
UKPGA_2006_35__LEGV2__CH_00010,81
UKPGA_2006_35__LEGV2__CH_00011,99
UKPGA_2006_35__LEGV2__CH_00012,79
UKPGA_2006_35__LEGV2__CH_00013,93
UKPGA_2006_35__LEGV2__CH_00015,86
UKPGA_2006_35__LEGV2__CH_00017,77
UKPGA_2006_35__LEGV2__CH_00018,66
UKPGA_2006_35__LEGV2__CH_00020,65
UKPGA_2006_35__LEGV2__CH_00021,72
UKPGA_2006_35__LEGV2__CH_00022,79
UKPGA_2006_35__LEGV2__CH_00023,101
UKPGA_2006_35__LEGV2__CH_00024__M,86
UKPGA_2006_35__LEGV2__CH_00027,82
UKPGA_2006_35__LEGV2__CH_00028,70
UKPGA_2006_35__LEGV2__CH_00029,81
UKPGA_2006_35__LEGV2__CH_00030,62
UKPGA_2006_35__LEGV2__CH_00031,86
UKPGA_2006_35__LEGV2__CH_00033,77
UKPGA_2006_35__LEGV2__CH_00034,96
UKPGA_2006_35__LEGV2__CH_00035,78
UKPGA_2006_35__LEGV2__CH_00036__M,99
UKPGA_2006_35__LEGV2__CH_00041,83
UKPGA_2006_35__LEGV2__CH_00042,61
UKPGA_2006_35__LEGV2__CH_00043,89
UKPGA_2006_35__LEGV2__CH_00048,75
UKPGA_2006_35__LEGV2__CH_00049,72
UKPGA_2006_35__LEGV2__CH_00050,84
UKPGA_2006_35__LEGV2__CH_00051,68
UKPGA_2006_35__LEGV2__CH_00052__M,90
UKPGA_2006_35__LEGV2__CH_00054,83
UKPGA_2006_35__LEGV2__CH_00056,107
UKPGA_2006_35__LEGV2__CH_00059,73
UKPGA_2006_35__LEGV2__CH_00060,77
UKPGA_2006_35__LEGV2__CH_00061,98
UKPGA_2006_35__LEGV2__CH_00063,97
UKPGA_2006_35__LEGV2__CH_00066,87
UKPGA_2006_35__LEGV2__CH_00067,80
UKPGA_2006_35__LEGV2__CH_00068,78
UKPGA_2006_35__LEGV2__CH_00069,93
UKPGA_2006_35__LEGV2__CH_00070,82
UKPGA_2006_35__LEGV2__CH_00072,81
UKPGA_2006_35__LEGV2__CH_00073,68
UKPGA_2006_35__LEGV2__CH_00074,88
UKPGA_2006_35__LEGV2__CH_00075,83
UKPGA_2006_35__LEGV2__CH_00076,76
UKPGA_2006_35__LEGV2__CH_00077,84
UKPGA_2006_35__LEGV2__CH_00078,76
UKPGA_2006_35__LEGV2__CH_00080,109
UKPGA_2006_35__LEGV2__CH_00081,95
UKPGA_2006_35__LEGV2__CH_00082,67
UKPGA_2006_35__LEGV2__CH_00083,72
UKPGA_2006_35__LEGV2__CH_00084,85
UKPGA_2006_35__LEGV2__CH_00087,83
UKPGA_2006_35__LEGV2__CH_00088,65
UKPGA_2006_35__LEGV2__CH_00089,67
UKPGA_2006_35__LEGV2__CH_00090,71
UKPGA_2006_35__LEGV2__CH_00091,70
UKPGA_2006_35__LEGV2__CH_00092,99
UKPGA_2006_35__LEGV2__CH_00093,80
UKPGA_2006_35__LEGV2__CH_00094,84
UKPGA_2006_35__LEGV2__CH_00095,81
UKPGA_2006_35__LEGV2__CH_00096,67
UKPGA_2006_35__LEGV2__CH_00097,77
UKPGA_2006_35__LEGV2__CH_00098,89
UKPGA_2006_35__LEGV2__CH_00099,114
UKPGA_2012_3__LEGV2__CH_00001,84
UKPGA_2012_3__LEGV2__CH_00002,99
UKPGA_2012_3__LEGV2__CH_00003,63
UKPGA_2012_3__LEGV2__CH_00004,51
UKPGA_2012_3__LEGV2__CH_00005,56
UKPGA_2012_3__LEGV2__CH_00006,66
UKPGA_2012_3__LEGV2__CH_00007,52
UKPGA_2012_3__LEGV2__CH_00008,70
UKPGA_2012_3__LEGV2__CH_00009,81
UKPGA_2012_3__LEGV2__CH_00010,73
UKPGA_2012_3__LEGV2__CH_00011,74
UKPGA_2012_3__LEGV2__CH_00012,66
UKPGA_2012_3__LEGV2__CH_00013,58
UKPGA_2012_3__LEGV2__CH_00014,63
UKPGA_2012_3__LEGV2__CH_00015,99
UKPGA_2012_3__LEGV2__CH_00016,69
UKPGA_2012_3__LEGV2__CH_00017,57
UKPGA_2012_3__LEGV2__CH_00018,69
UKPGA_2018_12__LEGV2__CH_00001,104
UKPGA_2018_12__LEGV2__CH_00002,79
UKPGA_2018_12__LEGV2__CH_00003,61
UKPGA_2018_12__LEGV2__CH_00004,106
UKPGA_2018_12__LEGV2__CH_00005,63
UKPGA_2018_12__LEGV2__CH_00006,56
UKPGA_2018_12__LEGV2__CH_00007,76
UKPGA_2018_12__LEGV2__CH_00008,68
UKPGA_2018_12__LEGV2__CH_00009,92
UKPGA_2018_12__LEGV2__CH_00010,74
UKPGA_2018_12__LEGV2__CH_00011,53
UKPGA_2018_12__LEGV2__CH_00012,64
UKPGA_2018_12__LEGV2__CH_00013,64
UKPGA_2018_12__LEGV2__CH_00014,60
UKPGA_2018_12__LEGV2__CH_00015,72
UKPGA_2018_12__LEGV2__CH_00016,69
UKPGA_2018_12__LEGV2__CH_00017,63
UKPGA_2018_12__LEGV2__CH_00018,76
UKPGA_2018_12__LEGV2__CH_00019,65
UKPGA_2018_12__LEGV2__CH_00020,61
UKPGA_2018_12__LEGV2__CH_00021,72
UKPGA_2018_12__LEGV2__CH_00022,79
UKPGA_2018_12__LEGV2__CH_00023,54
UKPGA_2018_12__LEGV2__CH_00024,76
UKPGA_2018_12__LEGV2__CH_00025,58
UKPGA_2018_12__LEGV2__CH_00026,65
UKPGA_2018_12__LEGV2__CH_00027,70
UKPGA_2018_12__LEGV2__CH_00028,79
UKPGA_2018_12__LEGV2__CH_00029,58
UKPGA_2018_12__LEGV2__CH_00030,72
UKPGA_2018_12__LEGV2__CH_00031,78
UKPGA_2018_12__LEGV2__CH_00032,67
UKPGA_2018_12__LEGV2__CH_00033,61
UKPGA_2018_12__LEGV2__CH_00034,70
UKPGA_2018_12__LEGV2__CH_00035,81
UKPGA_2018_12__LEGV2__CH_00036,79
UKPGA_2018_12__LEGV2__CH_00037,66
UKPGA_2018_12__LEGV2__CH_00038,69
UKPGA_2018_12__LEGV2__CH_00039,61
UKPGA_2018_12__LEGV2__CH_00040,65
UKPGA_2018_12__LEGV2__CH_00041,66
UKPGA_2018_12__LEGV2__CH_00042,49
UKPGA_2018_12__LEGV2__CH_00043,66
UKPGA_2018_12__LEGV2__CH_00044,66
UKPGA_2018_12__LEGV2__CH_00045,79
UKPGA_2018_12__LEGV2__CH_00046,68
UKPGA_2018_12__LEGV2__CH_00047,66
UKPGA_2018_12__LEGV2__CH_00051,108
UKPGA_2018_12__LEGV2__CH_00052,67
UKPGA_2018_12__LEGV2__CH_00053,89
UKPGA_2018_12__LEGV2__CH_00054,89
UKPGA_2018_12__LEGV2__CH_00055,75
UKPGA_2018_12__LEGV2__CH_00056,82
UKPGA_2018_12__LEGV2__CH_00057,100
UKPGA_2018_12__LEGV2__CH_00058,70
UKPGA_2018_12__LEGV2__CH_00059,99
UKPGA_2018_12__LEGV2__CH_00061,100
UKPGA_2018_12__LEGV2__CH_00062,107
UKPGA_2018_12__LEGV2__CH_00063,112
UKPGA_2018_12__LEGV2__CH_00064,60
UKPGA_2018_12__LEGV2__CH_00066,73
UKPGA_2018_12__LEGV2__CH_00067,75
UKPGA_2018_12__LEGV2__CH_00068,79
UKPGA_2018_12__LEGV2__CH_00070,91
UKPGA_2018_12__LEGV2__CH_00071,65
UKPGA_2018_12__LEGV2__CH_00072,80
UKPGA_2018_12__LEGV2__CH_00074,74
UKPGA_2018_12__LEGV2__CH_00075,86
UKPGA_2018_12__LEGV2__CH_00076,110
UKPGA_2018_12__LEGV2__CH_00077,87
UKPGA_2018_12__LEGV2__CH_00078,85
UKPGA_2018_12__LEGV2__CH_00079,79
UKPGA_2018_12__LEGV2__CH_00080,126
UKPGA_2018_12__LEGV2__CH_00081,77
UKPGA_2018_12__LEGV2__CH_00082,98
UKPGA_2018_12__LEGV2__CH_00083,142
UKPGA_2018_12__LEGV2__CH_00084,68
UKPGA_2018_12__LEGV2__CH_00085,121
UKPGA_2018_12__LEGV2__CH_00086,76
UKPGA_2018_12__LEGV2__CH_00087,65
UKPGA_2018_12__LEGV2__CH_00088,63
UKPGA_2018_12__LEGV2__CH_00090,62
UKPGA_2018_12__LEGV2__CH_00091,64
UKPGA_2018_12__LEGV2__CH_00092,63
UKPGA_2018_12__LEGV2__CH_00093,65
UKPGA_2018_12__LEGV2__CH_00094,63
UKPGA_2018_12__LEGV2__CH_00095,68
UKPGA_2018_12__LEGV2__CH_00096,76
UKPGA_2018_12__LEGV2__CH_00097__M,71
UKPGA_2018_12__LEGV2__CH_00099,70
UKPGA_2018_12__LEGV2__CH_00101,73
UKPGA_2018_12__LEGV2__CH_00102,90
UKPGA_2018_12__LEGV2__CH_00103,76
UKPGA_2018_12__LEGV2__CH_00104,55
UKPGA_2018_12__LEGV2__CH_00105,52
UKPGA_2018_12__LEGV2__CH_00106,67
UKPGA_2018_12__LEGV2__CH_00107,67
UKPGA_2018_12__LEGV2__CH_00108,54
UKPGA_2018_12__LEGV2__CH_00109,98
UKPGA_2018_12__LEGV2__CH_00111,79
UKPGA_2018_12__LEGV2__CH_00112,113
UKPGA_2018_12__LEGV2__CH_00113,92
UKPGA_2018_12__LEGV2__CH_00114,67
UKPGA_2018_12__LEGV2__CH_00115,63
UKPGA_2018_12__LEGV2__CH_00116,77
UKPGA_2018_12__LEGV2__CH_00117,59
UKPGA_2018_12__LEGV2__CH_00118,84
UKPGA_2018_12__LEGV2__CH_00119,74
UKPGA_2018_12__LEGV2__CH_00120,86
UKPGA_2018_12__LEGV2__CH_00121,62
UKPGA_2018_12__LEGV2__CH_00124,77
UKPGA_2018_12__LEGV2__CH_00125,77
UKPGA_2018_12__LEGV2__CH_00126,65
UKPGA_2018_12__LEGV2__CH_00127,49
UKPGA_2018_12__LEGV2__CH_00128,76
UKPGA_2018_12__LEGV2__CH_00129,56
UKPGA_2018_12__LEGV2__CH_00130,122
UKPGA_2018_12__LEGV2__CH_00131,64
UKPGA_2018_12__LEGV2__CH_00132,67
UKPGA_2018_12__LEGV2__CH_00133,125
UKPGA_2018_12__LEGV2__CH_00134,113
UKPGA_2018_12__LEGV2__CH_00135,52
UKPGA_2018_12__LEGV2__CH_00136,77
UKPGA_2018_12__LEGV2__CH_00137,68
UKPGA_2018_12__LEGV2__CH_00138,66
UKPGA_2018_12__LEGV2__CH_00140,81
UKPGA_2018_12__LEGV2__CH_00141,88
UKPGA_2018_12__LEGV2__CH_00142,73
UKPGA_2018_12__LEGV2__CH_00143,106
UKPGA_2018_12__LEGV2__CH_00144,88
UKPGA_2018_12__LEGV2__CH_00145,118
UKPGA_2018_12__LEGV2__CH_00146,105
UKPGA_2018_12__LEGV2__CH_00147,58
UKPGA_2018_12__LEGV2__CH_00148,103
UKPGA_2018_12__LEGV2__CH_00149,107
UKPGA_2018_12__LEGV2__CH_00150,78
UKPGA_2018_12__LEGV2__CH_00151,97
UKPGA_2018_12__LEGV2__CH_00152,88
UKPGA_2018_12__LEGV2__CH_00153,78
UKPGA_2018_12__LEGV2__CH_00154,75
UKPGA_2018_12__LEGV2__CH_00155,62
UKPGA_2018_12__LEGV2__CH_00156,67
UKPGA_2018_12__LEGV2__CH_00157,65
UKPGA_2018_12__LEGV2__CH_00159,97
UKPGA_2018_12__LEGV2__CH_00160,64
UKPGA_2018_12__LEGV2__CH_00162,60
UKPGA_2018_12__LEGV2__CH_00163,115
UKPGA_2018_12__LEGV2__CH_00164,54
UKPGA_2018_12__LEGV2__CH_00165,53
UKPGA_2018_12__LEGV2__CH_00166,52
UKPGA_2018_12__LEGV2__CH_00167,70
UKPGA_2018_12__LEGV2__CH_00168,81
UKPGA_2018_12__LEGV2__CH_00169,48
UKPGA_2018_12__LEGV2__CH_00170,60
UKPGA_2018_12__LEGV2__CH_00171,50
UKPGA_2018_12__LEGV2__CH_00172,67
UKPGA_2018_12__LEGV2__CH_00173,55
UKPGA_2018_12__LEGV2__CH_00174,78
UKPGA_2018_12__LEGV2__CH_00175,61
UKPGA_2018_12__LEGV2__CH_00176,62
UKPGA_2018_12__LEGV2__CH_00177,97
UKPGA_2018_12__LEGV2__CH_00178,75
UKPGA_2018_12__LEGV2__CH_00179,85
UKPGA_2018_12__LEGV2__CH_00180,59
UKPGA_2018_12__LEGV2__CH_00181,77
UKPGA_2018_12__LEGV2__CH_00182,64
UKPGA_2018_12__LEGV2__CH_00183,80
UKPGA_2018_12__LEGV2__CH_00184,92
UKPGA_2018_12__LEGV2__CH_00185,64
UKPGA_2018_12__LEGV2__CH_00186,75
UKPGA_2018_12__LEGV2__CH_00187,52
UKPGA_2018_12__LEGV2__CH_00188,71
UKPGA_2018_12__LEGV2__CH_00189,58
UKPGA_2018_12__LEGV2__CH_00190,67
UKPGA_2018_12__LEGV2__CH_00191,48
UKPGA_2018_12__LEGV2__CH_00192,70
UKPGA_2018_12__LEGV2__CH_00193,69
UKPGA_2018_12__LEGV2__CH_00194,68
UKPGA_2018_12__LEGV2__CH_00195,53
UKPGA_2018_12__LEGV2__CH_00196,63
UKPGA_2018_12__LEGV2__CH_00197,72
UKPGA_2018_12__LEGV2__CH_00198,65
UKPGA_2018_12__LEGV2__CH_00199,56
UKPGA_2018_12__LEGV2__CH_00200,59
UKPGA_2018_12__LEGV2__CH_00201,55
UKPGA_2018_12__LEGV2__CH_00202,75
UKPGA_2018_12__LEGV2__CH_00204,84
UKPGA_2018_12__LEGV2__CH_00205,67
UKPGA_2018_12__LEGV2__CH_00206,90
UKPGA_2018_12__LEGV2__CH_00207,63
UKPGA_2018_12__LEGV2__CH_00208,69
UKPGA_2018_12__LEGV2__CH_00209,57
UKPGA_2018_12__LEGV2__CH_00210,54
UKPGA_2018_12__LEGV2__CH_00211,86
UKPGA_2018_12__LEGV2__CH_00212,65
UKPGA_2018_12__LEGV2__CH_00213,69
UKPGA_2018_12__LEGV2__CH_00214,63
UKPGA_2018_12__LEGV2__CH_00215,71
UKPGA_2018_12__LEGV2__CH_00216,55
UKPGA_2018_12__LEGV2__CH_00217,53
UKPGA_2018_12__LEGV2__CH_00218,60
UKPGA_2018_12__LEGV2__CH_00219,48
UKPGA_2018_12__LEGV2__CH_00220,71
UKPGA_2018_12__LEGV2__CH_00221,80
UKPGA_2018_12__LEGV2__CH_00222,51
UKPGA_2018_12__LEGV2__CH_00224,75
UKPGA_2018_12__LEGV2__CH_00225,60
UKPGA_2018_12__LEGV2__CH_00226,63
UKPGA_2018_12__LEGV2__CH_00227,50
UKPGA_2018_12__LEGV2__CH_00228,58
UKPGA_2018_12__LEGV2__CH_00229,67
UKPGA_2018_12__LEGV2__CH_00230,62
UKPGA_2018_12__LEGV2__CH_00231,80
UKPGA_2018_12__LEGV2__CH_00232,77
UKPGA_2018_12__LEGV2__CH_00233,80
UKPGA_2018_12__LEGV2__CH_00234,46
UKPGA_2018_12__LEGV2__CH_00235,71
UKPGA_2018_12__LEGV2__CH_00236,55
UKPGA_2018_12__LEGV2__CH_00237,42
UKPGA_2018_12__LEGV2__CH_00238,51
UKPGA_2018_12__LEGV2__CH_00239,65
UKPGA_2018_12__LEGV2__CH_00240,88
UKPGA_2018_12__LEGV2__CH_00241,48
UKPGA_2018_12__LEGV2__CH_00242,52
UKPGA_2018_12__LEGV2__CH_00243,72
UKPGA_2018_12__LEGV2__CH_00244,86
UKPGA_2018_12__LEGV2__CH_00245,59
UKPGA_2018_12__LEGV2__CH_00246,63
UKPGA_2018_12__LEGV2__CH_00247,49
UKPGA_2018_12__LEGV2__CH_00248,67
UKPGA_2018_12__LEGV2__CH_00250,87
UKPGA_2018_12__LEGV2__CH_00251,103
UKPGA_2018_12__LEGV2__CH_00252,74
UKPGA_2018_12__LEGV2__CH_00253,70
UKPGA_2018_12__LEGV2__CH_00254,75
UKPGA_2018_12__LEGV2__CH_00255,108
UKPGA_2018_12__LEGV2__CH_00256,65
UKPGA_2018_12__LEGV2__CH_00257,60
UKPGA_2018_12__LEGV2__CH_00258,65
UKPGA_2018_12__LEGV2__CH_00259,75
UKPGA_2018_12__LEGV2__CH_00260,65
UKPGA_2018_12__LEGV2__CH_00261,79
UKPGA_2018_12__LEGV2__CH_00262,83
UKPGA_2018_12__LEGV2__CH_00263,127
UKPGA_2018_12__LEGV2__CH_00264,80
UKPGA_2018_12__LEGV2__CH_00265,86
UKPGA_2018_12__LEGV2__CH_00266,110
UKPGA_2018_12__LEGV2__CH_00267,86
UKPGA_2018_12__LEGV2__CH_00268,81
UKPGA_2018_12__LEGV2__CH_00269,74
UKPGA_2018_12__LEGV2__CH_00270,71
UKPGA_2018_12__LEGV2__CH_00271,61
UKPGA_2018_12__LEGV2__CH_00272,69
UKPGA_2018_12__LEGV2__CH_00273,84
UKPGA_2018_12__LEGV2__CH_00274,62
UKPGA_2018_12__LEGV2__CH_00275,50
UKPGA_2018_12__LEGV2__CH_00276,81
UKPGA_2018_12__LEGV2__CH_00277,61
UKPGA_2018_12__LEGV2__CH_00278,57
UKPGA_2018_12__LEGV2__CH_00279,69
UKPGA_2018_12__LEGV2__CH_00280,104
UKPGA_2018_12__LEGV2__CH_00281,60
UKPGA_2018_12__LEGV2__CH_00282,86
UKPGA_2018_12__LEGV2__CH_00283,70
UKPGA_2018_12__LEGV2__CH_00284,89
UKPGA_2018_12__LEGV2__CH_00285,50
UKPGA_2018_12__LEGV2__CH_00286,53
UKPGA_2018_12__LEGV2__CH_00288,55
UKPGA_2018_12__LEGV2__CH_00289,64
UKPGA_2018_12__LEGV2__CH_00290,69
UKPGA_2018_12__LEGV2__CH_00291,67
UKPGA_2018_12__LEGV2__CH_00292,57
UKPGA_2018_12__LEGV2__CH_00293,60
UKPGA_2018_12__LEGV2__CH_00294,71
UKPGA_2018_12__LEGV2__CH_00295,66
UKPGA_2018_12__LEGV2__CH_00296,50
UKPGA_2018_12__LEGV2__CH_00297,86
UKPGA_2018_12__LEGV2__CH_00298,63
UKPGA_2018_12__LEGV2__CH_00299,66
UKPGA_2018_12__LEGV2__CH_00300,54
UKPGA_2018_12__LEGV2__CH_00301,100
UKPGA_2018_12__LEGV2__CH_00302,72
UKPGA_2018_12__LEGV2__CH_00304,80
UKPGA_2018_12__LEGV2__CH_00305,63
UKPGA_2018_12__LEGV2__CH_00306,61
UKPGA_2018_12__LEGV2__CH_00307,60
UKPGA_2018_12__LEGV2__CH_00308,57
UKPGA_2018_12__LEGV2__CH_00309,58
UKPGA_2018_12__LEGV2__CH_00310,80
UKPGA_2018_12__LEGV2__CH_00312,71
UKPGA_2018_12__LEGV2__CH_00313,78
UKPGA_2018_12__LEGV2__CH_00314,45
UKPGA_2018_12__LEGV2__CH_00315,98
UKPGA_2018_12__LEGV2__CH_00316,63
UKPGA_2018_12__LEGV2__CH_00317,90
UKPGA_2018_12__LEGV2__CH_00318,94
UKPGA_2018_12__LEGV2__CH_00319,100
UKPGA_2018_12__LEGV2__CH_00320,51
UKPGA_2018_12__LEGV2__CH_00321,78
UKPGA_2018_12__LEGV2__CH_00323,72
UKPGA_2018_12__LEGV2__CH_00324,69
UKPGA_2018_12__LEGV2__CH_00325,146
UKPGA_2018_12__LEGV2__CH_00326,63
UKPGA_2018_12__LEGV2__CH_00328,67
UKPGA_2018_12__LEGV2__CH_00329,60
UKPGA_2018_12__LEGV2__CH_00330,67
UKPGA_2018_12__LEGV2__CH_00331,95
UKPGA_2018_12__LEGV2__CH_00333,67
UKPGA_2018_12__LEGV2__CH_00334,60
UKPGA_2018_12__LEGV2__CH_00335,68
UKPGA_2018_12__LEGV2__CH_00336,71
UKPGA_2018_12__LEGV2__CH_00337,72
UKPGA_2018_12__LEGV2__CH_00338,72
UKPGA_2018_12__LEGV2__CH_00339,76
UKPGA_2018_12__LEGV2__CH_00340,55
UKPGA_2018_12__LEGV2__CH_00341,75
UKPGA_2018_12__LEGV2__CH_00342,76
UKPGA_2018_12__LEGV2__CH_00343,70
UKPGA_2018_12__LEGV2__CH_00345,64
UKPGA_2018_12__LEGV2__CH_00346,56
UKPGA_2018_12__LEGV2__CH_00347,62
UKPGA_2018_12__LEGV2__CH_00348,59
UKPGA_2018_12__LEGV2__CH_00349,67
UKPGA_2018_12__LEGV2__CH_00350,57
UKPGA_2018_12__LEGV2__CH_00352,53
UKPGA_2018_12__LEGV2__CH_00353,100
UKPGA_2018_12__LEGV2__CH_00354,66
UKPGA_2018_12__LEGV2__CH_00355,81
UKPGA_2018_12__LEGV2__CH_00356,63
UKPGA_2018_12__LEGV2__CH_00357,58
UKPGA_2018_12__LEGV2__CH_00358,54
UKPGA_2018_12__LEGV2__CH_00359,65
UKPGA_2018_12__LEGV2__CH_00360,80
UKPGA_2018_12__LEGV2__CH_00361,110
UKPGA_2018_12__LEGV2__CH_00362,58
UKPGA_2018_12__LEGV2__CH_00363,68
UKPGA_2018_12__LEGV2__CH_00364,76
UKPGA_2018_12__LEGV2__CH_00365,76
UKPGA_2018_12__LEGV2__CH_00366,65
UKPGA_2018_12__LEGV2__CH_00367,67
UKPGA_2018_12__LEGV2__CH_00368,76
UKPGA_2018_12__LEGV2__CH_00369,81
UKPGA_2018_12__LEGV2__CH_00370,73
UKPGA_2018_12__LEGV2__CH_00371,62
UKPGA_2018_12__LEGV2__CH_00372,76
UKPGA_2018_12__LEGV2__CH_00373,65
UKPGA_2018_12__LEGV2__CH_00374,74
UKPGA_2018_12__LEGV2__CH_00375,77
UKPGA_2018_12__LEGV2__CH_00376,58
UKPGA_2018_12__LEGV2__CH_00377,65
UKPGA_2018_12__LEGV2__CH_00378,65
UKPGA_2018_12__LEGV2__CH_00379,74
UKPGA_2018_12__LEGV2__CH_00380,74
UKPGA_2018_12__LEGV2__CH_00381,80
UKPGA_2018_12__LEGV2__CH_00382,66
UKPGA_2018_12__LEGV2__CH_00384,64
UKPGA_2018_12__LEGV2__CH_00385,69
UKPGA_2018_12__LEGV2__CH_00386,57
UKPGA_2018_12__LEGV2__CH_00387,65
UKPGA_2018_12__LEGV2__CH_00388,65
UKPGA_2018_12__LEGV2__CH_00389,63
UKPGA_2018_12__LEGV2__CH_00390,71
UKPGA_2018_12__LEGV2__CH_00392,76
UKPGA_2018_12__LEGV2__CH_00394,63
UKPGA_2018_12__LEGV2__CH_00395,55
UKPGA_2018_12__LEGV2__CH_00396,57
UKPGA_2018_12__LEGV2__CH_00397,67
UKPGA_2018_12__LEGV2__CH_00398,71
UKPGA_2018_12__LEGV2__CH_00399,64
UKPGA_2018_12__LEGV2__CH_00400,76
UKPGA_2018_12__LEGV2__CH_00401,52
UKPGA_2018_12__LEGV2__CH_00402,68
UKPGA_2018_12__LEGV2__CH_00403,62
UKPGA_2018_12__LEGV2__CH_00404,68
UKPGA_2018_12__LEGV2__CH_00405,74
UKPGA_2018_12__LEGV2__CH_00406,46
UKPGA_2018_12__LEGV2__CH_00407,53
UKPGA_2018_12__LEGV2__CH_00408,59
UKPGA_2018_12__LEGV2__CH_00409,69
UKPGA_2018_12__LEGV2__CH_00411,75
UKPGA_2018_12__LEGV2__CH_00413,68
UKPGA_2018_12__LEGV2__CH_00414,73
UKPGA_2018_12__LEGV2__CH_00415,67
UKPGA_2018_12__LEGV2__CH_00416,78
UKPGA_2018_12__LEGV2__CH_00417,86
UKPGA_2018_12__LEGV2__CH_00419,107
UKPGA_2018_12__LEGV2__CH_00420,96
UKPGA_2018_12__LEGV2__CH_00422,73
UKPGA_2018_12__LEGV2__CH_00423,75
UKPGA_2018_12__LEGV2__CH_00424,84
UKPGA_2018_12__LEGV2__CH_00425,62
UKPGA_2018_12__LEGV2__CH_00426,73
UKPGA_2018_12__LEGV2__CH_00427,79
UKPGA_2018_12__LEGV2__CH_00428,55
UKPGA_2018_12__LEGV2__CH_00429,68
UKPGA_2018_12__LEGV2__CH_00430,89
UKPGA_2018_12__LEGV2__CH_00431,61
UKPGA_2018_12__LEGV2__CH_00433,81
UKPGA_2018_12__LEGV2__CH_00434,70
UKPGA_2018_12__LEGV2__CH_00435,62
UKPGA_2018_12__LEGV2__CH_00436,67
UKPGA_2018_12__LEGV2__CH_00437,72
UKPGA_2018_12__LEGV2__CH_00438,64
UKPGA_2018_12__LEGV2__CH_00439,90
UKPGA_2018_12__LEGV2__CH_00440,69
UKPGA_2018_12__LEGV2__CH_00441,59
UKPGA_2018_12__LEGV2__CH_00442,81
UKPGA_2018_12__LEGV2__CH_00443,83
UKPGA_2018_12__LEGV2__CH_00444,94
UKPGA_2018_12__LEGV2__CH_00445,78
UKPGA_2018_12__LEGV2__CH_00446,78
UKPGA_2018_12__LEGV2__CH_00447,81
UKPGA_2018_12__LEGV2__CH_00448,95
UKPGA_2018_12__LEGV2__CH_00449,93
UKPGA_2018_12__LEGV2__CH_00450,84
UKPGA_2018_12__LEGV2__CH_00451,85
UKPGA_2018_12__LEGV2__CH_00452,89
UKPGA_2018_12__LEGV2__CH_00453,85
UKPGA_2018_12__LEGV2__CH_00454,83
UKPGA_2018_12__LEGV2__CH_00455,62
UKPGA_2018_12__LEGV2__CH_00456,89
UKPGA_2018_12__LEGV2__CH_00457,88
UKPGA_2018_12__LEGV2__CH_00458,60
UKPGA_2018_12__LEGV2__CH_00459,75
UKPGA_2018_12__LEGV2__CH_00460,66
UKPGA_2018_12__LEGV2__CH_00461,62
UKPGA_2018_12__LEGV2__CH_00462,97
UKPGA_2018_12__LEGV2__CH_00463,62
UKPGA_2018_12__LEGV2__CH_00464,81
UKPGA_2018_12__LEGV2__CH_00465,70
UKPGA_2018_12__LEGV2__CH_00466,76
UKPGA_2018_12__LEGV2__CH_00467,65
UKPGA_2018_12__LEGV2__CH_00468,83
UKPGA_2018_12__LEGV2__CH_00469,80
UKPGA_2018_12__LEGV2__CH_00470,58
UKPGA_2018_12__LEGV2__CH_00471,64
UKPGA_2018_12__LEGV2__CH_00472,54
UKPGA_2018_12__LEGV2__CH_00473,60
UKPGA_2018_12__LEGV2__CH_00474,75
UKPGA_2018_12__LEGV2__CH_00475,81
UKPGA_2018_12__LEGV2__CH_00476,78
UKPGA_2018_12__LEGV2__CH_00477,73
UKPGA_2018_12__LEGV2__CH_00478,101
UKPGA_2018_12__LEGV2__CH_00479,81
UKPGA_2018_12__LEGV2__CH_00480,62
UKPGA_2018_12__LEGV2__CH_00481,67
UKPGA_2018_12__LEGV2__CH_00482,78
UKPGA_2018_12__LEGV2__CH_00483,76
UKPGA_2018_12__LEGV2__CH_00484,68
UKPGA_2018_12__LEGV2__CH_00485,94
UKPGA_2018_12__LEGV2__CH_00486,87
UKPGA_2018_12__LEGV2__CH_00487,62
UKPGA_2018_12__LEGV2__CH_00488,73
UKPGA_2018_12__LEGV2__CH_00489,65
UKPGA_2018_12__LEGV2__CH_00490,65
UKPGA_2018_12__LEGV2__CH_00491,66
UKPGA_2018_12__LEGV2__CH_00493,82
UKPGA_2018_12__LEGV2__CH_00494,77
UKPGA_2018_12__LEGV2__CH_00495,78
UKPGA_2018_12__LEGV2__CH_00496,67
UKPGA_2018_12__LEGV2__CH_00497,77
UKPGA_2018_12__LEGV2__CH_00498,74
UKPGA_2018_12__LEGV2__CH_00499,77
UKPGA_2018_12__LEGV2__CH_00500,93
UKPGA_2018_12__LEGV2__CH_00501,80
UKPGA_2018_12__LEGV2__CH_00502,67
UKPGA_2018_12__LEGV2__CH_00503,71
UKPGA_2018_12__LEGV2__CH_00504,143
UKPGA_2018_12__LEGV2__CH_00505,127
UKPGA_2018_12__LEGV2__CH_00506,134
UKPGA_2018_12__LEGV2__CH_00507,132
UKPGA_2018_12__LEGV2__CH_00508,60
UKPGA_2018_12__LEGV2__CH_00509,61
UKPGA_2018_12__LEGV2__CH_00510,121
UKPGA_2018_12__LEGV2__CH_00511,58
UKPGA_2018_12__LEGV2__CH_00512,60
UKPGA_2018_12__LEGV2__CH_00514,81
UKPGA_2018_12__LEGV2__CH_00515,53
UKPGA_2018_12__LEGV2__CH_00516,61
UKPGA_2018_12__LEGV2__CH_00517,70
UKPGA_2018_12__LEGV2__CH_00518,90
UKPGA_2018_12__LEGV2__CH_00519,62
UKPGA_2018_12__LEGV2__CH_00520,67
UKPGA_2018_12__LEGV2__CH_00521,69
UKPGA_2018_12__LEGV2__CH_00522,66
UKPGA_2018_12__LEGV2__CH_00523,67
UKPGA_2018_12__LEGV2__CH_00524,57
UKPGA_2018_12__LEGV2__CH_00526,50
UKPGA_2018_12__LEGV2__CH_00527,56
UKPGA_2018_12__LEGV2__CH_00528,75
UKPGA_2018_12__LEGV2__CH_00529,60
UKPGA_2018_12__LEGV2__CH_00530,72
UKPGA_2018_12__LEGV2__CH_00531,59
UKPGA_2018_12__LEGV2__CH_00532,68
UKPGA_2018_12__LEGV2__CH_00533,58
UKPGA_2018_12__LEGV2__CH_00534,49
UKPGA_2018_12__LEGV2__CH_00535,52
UKPGA_2018_12__LEGV2__CH_00536,48
UKPGA_2018_12__LEGV2__CH_00537,58
UKPGA_2018_12__LEGV2__CH_00538,67
UKPGA_2018_12__LEGV2__CH_00539,96
UKPGA_2018_12__LEGV2__CH_00542,80
UKPGA_2018_12__LEGV2__CH_00543,75
UKPGA_2018_12__LEGV2__CH_00544,59
UKPGA_2018_12__LEGV2__CH_00545,73
UKPGA_2018_12__LEGV2__CH_00546,65
UKPGA_2018_12__LEGV2__CH_00547,63
UKPGA_2018_12__LEGV2__CH_00548,57
UKPGA_2018_12__LEGV2__CH_00549,55
UKPGA_2018_12__LEGV2__CH_00550,54
UKPGA_2018_12__LEGV2__CH_00551,57
UKPGA_2018_12__LEGV2__CH_00552,55
UKPGA_2018_12__LEGV2__CH_00553,77
UKPGA_2018_12__LEGV2__CH_00554,67
UKPGA_2018_12__LEGV2__CH_00555,66
UKPGA_2018_12__LEGV2__CH_00556,66
UKPGA_2018_12__LEGV2__CH_00557,68
UKPGA_2018_12__LEGV2__CH_00558,57
UKPGA_2018_12__LEGV2__CH_00559,80
UKPGA_2018_12__LEGV2__CH_00560,57
UKPGA_2018_12__LEGV2__CH_00561,56
UKPGA_2018_12__LEGV2__CH_00562,61
UKPGA_2018_12__LEGV2__CH_00563,60
UKPGA_2018_12__LEGV2__CH_00564,61
UKPGA_2018_12__LEGV2__CH_00565,55
UKPGA_2018_12__LEGV2__CH_00566,62
UKPGA_2018_12__LEGV2__CH_00567,56
UKPGA_2018_12__LEGV2__CH_00568,73
UKPGA_2018_12__LEGV2__CH_00569,68
UKPGA_2018_12__LEGV2__CH_00570,69
UKPGA_2018_12__LEGV2__CH_00571,82
UKPGA_2018_12__LEGV2__CH_00573,62
UKPGA_2018_12__LEGV2__CH_00574,63
UKPGA_2018_12__LEGV2__CH_00575,79
UKPGA_2018_12__LEGV2__CH_00576,73
UKPGA_2018_12__LEGV2__CH_00577,89
UKPGA_2018_12__LEGV2__CH_00578,68
UKPGA_2018_12__LEGV2__CH_00579,52
UKPGA_2018_12__LEGV2__CH_00580,67
UKPGA_2018_12__LEGV2__CH_00581,60
UKPGA_2018_12__LEGV2__CH_00582,55
UKPGA_2018_12__LEGV2__CH_00583,57
UKPGA_2018_12__LEGV2__CH_00585,63
UKPGA_2018_12__LEGV2__CH_00586,81
UKPGA_2018_12__LEGV2__CH_00587,119
UKPGA_2018_12__LEGV2__CH_00589,82
UKPGA_2018_12__LEGV2__CH_00590,78
UKPGA_2018_12__LEGV2__CH_00591,72
UKPGA_2018_12__LEGV2__CH_00592,67
UKPGA_2018_12__LEGV2__CH_00593,64
UKPGA_2018_12__LEGV2__CH_00594,68
UKPGA_2018_12__LEGV2__CH_00595,78
UKPGA_2018_12__LEGV2__CH_00596,86
UKPGA_2018_12__LEGV2__CH_00597,77
UKPGA_2018_12__LEGV2__CH_00598,56
UKPGA_2018_12__LEGV2__CH_00599,54
UKPGA_2018_12__LEGV2__CH_00600,63
UKPGA_2018_12__LEGV2__CH_00601,64
UKPGA_2018_12__LEGV2__CH_00603,85
UKPGA_2018_12__LEGV2__CH_00604,68
UKPGA_2018_12__LEGV2__CH_00605,63
UKPGA_2018_12__LEGV2__CH_00606,69
UKPGA_2018_12__LEGV2__CH_00607,68
UKPGA_2018_12__LEGV2__CH_00608,62
UKPGA_2018_12__LEGV2__CH_00609,74
UKPGA_2018_12__LEGV2__CH_00610,72
UKPGA_2018_12__LEGV2__CH_00611,78
UKPGA_2018_12__LEGV2__CH_00612,104
UKPGA_2018_12__LEGV2__CH_00613,78
UKPGA_2018_12__LEGV2__CH_00614,80
UKPGA_2018_12__LEGV2__CH_00615,86
UKPGA_2018_12__LEGV2__CH_00616,57
UKPGA_2018_12__LEGV2__CH_00617,77
UKPGA_2018_12__LEGV2__CH_00618,51
UKPGA_2018_12__LEGV2__CH_00619,84
UKPGA_2018_12__LEGV2__CH_00620,69
UKPGA_2018_12__LEGV2__CH_00621,99
UKPGA_2018_12__LEGV2__CH_00622,101
UKPGA_2018_12__LEGV2__CH_00623,68
UKPGA_2018_12__LEGV2__CH_00624,83
UKPGA_2018_12__LEGV2__CH_00625,73
UKPGA_2018_12__LEGV2__CH_00626,75
UKPGA_2018_12__LEGV2__CH_00628,99
UKPGA_2018_12__LEGV2__CH_00629,77
UKPGA_2018_12__LEGV2__CH_00630,66
UKPGA_2018_12__LEGV2__CH_00631,90
UKPGA_2018_12__LEGV2__CH_00632,102
UKPGA_2018_12__LEGV2__CH_00633,72
UKPGA_2018_12__LEGV2__CH_00634,78
UKPGA_2018_12__LEGV2__CH_00635,93
UKPGA_2018_12__LEGV2__CH_00636,67
UKPGA_2018_12__LEGV2__CH_00637,79
UKPGA_2018_12__LEGV2__CH_00638,69
UKPGA_2018_12__LEGV2__CH_00639,75
UKPGA_2018_12__LEGV2__CH_00640,107
UKPGA_2018_12__LEGV2__CH_00641,115
UKPGA_2018_12__LEGV2__CH_00642,69
UKPGA_2018_12__LEGV2__CH_00643,91
UKPGA_2018_12__LEGV2__CH_00646,93
UKPGA_2018_12__LEGV2__CH_00647,71
UKPGA_2018_12__LEGV2__CH_00648,84
UKPGA_2018_12__LEGV2__CH_00649,105
UKPGA_2018_12__LEGV2__CH_00650,88
UKPGA_2018_12__LEGV2__CH_00651,87
UKPGA_2018_12__LEGV2__CH_00652,79
UKPGA_2018_12__LEGV2__CH_00653,94
UKPGA_2018_12__LEGV2__CH_00654,115
UKPGA_2018_12__LEGV2__CH_00655,81
UKPGA_2018_12__LEGV2__CH_00656,95
UKPGA_2018_12__LEGV2__CH_00657,72
UKPGA_2018_12__LEGV2__CH_00658,88
UKPGA_2018_12__LEGV2__CH_00659,85
UKPGA_2018_12__LEGV2__CH_00660,70
UKPGA_2018_12__LEGV2__CH_00662,42
UKPGA_2018_12__LEGV2__CH_00663,69
UKPGA_2018_12__LEGV2__CH_00664__M,88
UKPGA_2018_12__LEGV2__CH_00667__M,98
UKPGA_2018_12__LEGV2__CH_00671,69
UKPGA_2018_12__LEGV2__CH_00672,56
UKPGA_2018_12__LEGV2__CH_00673,73
UKPGA_2018_12__LEGV2__CH_00674,70
UKPGA_2018_12__LEGV2__CH_00675,86
UKPGA_2018_12__LEGV2__CH_00678,90
UKPGA_2018_12__LEGV2__CH_00679,94
UKPGA_2018_12__LEGV2__CH_00680,86
UKPGA_2018_12__LEGV2__CH_00681,97
UKPGA_2018_12__LEGV2__CH_00682,61
UKPGA_2018_12__LEGV2__CH_00683,77
UKPGA_2018_12__LEGV2__CH_00684,63
UKPGA_2018_12__LEGV2__CH_00685,89
UKPGA_2018_12__LEGV2__CH_00686,88
UKPGA_2018_12__LEGV2__CH_00687,56
UKPGA_2018_12__LEGV2__CH_00688,69
UKPGA_2018_12__LEGV2__CH_00689,74
UKPGA_2018_12__LEGV2__CH_00690,73
UKPGA_2018_12__LEGV2__CH_00691,73
UKPGA_2018_12__LEGV2__CH_00692,75
UKPGA_2018_12__LEGV2__CH_00693,89
UKPGA_2018_12__LEGV2__CH_00694,71
UKPGA_2018_12__LEGV2__CH_00695,111
UKPGA_2018_12__LEGV2__CH_00696,82
UKPGA_2018_12__LEGV2__CH_00697,70
UKPGA_2018_12__LEGV2__CH_00698,99
UKPGA_2018_12__LEGV2__CH_00699,79
UKPGA_2018_12__LEGV2__CH_00700,87
UKPGA_2018_12__LEGV2__CH_00701,96
UKPGA_2018_12__LEGV2__CH_00702,92
UKPGA_2018_12__LEGV2__CH_00703,79
UKPGA_2018_12__LEGV2__CH_00704,91
UKPGA_2018_12__LEGV2__CH_00706,92
UKPGA_2018_12__LEGV2__CH_00707,76
UKPGA_2018_12__LEGV2__CH_00708,84
UKPGA_2018_12__LEGV2__CH_00710,80
UKPGA_2018_12__LEGV2__CH_00711,89
UKPGA_2018_12__LEGV2__CH_00712,78
UKPGA_2018_12__LEGV2__CH_00713,83
UKPGA_2018_12__LEGV2__CH_00714,79
UKPGA_2018_12__LEGV2__CH_00715,86
UKPGA_2018_12__LEGV2__CH_00716,92
UKPGA_2018_12__LEGV2__CH_00717,95
UKPGA_2018_12__LEGV2__CH_00718,98
UKPGA_2018_12__LEGV2__CH_00719,82
UKPGA_2018_12__LEGV2__CH_00720,79
UKPGA_2018_12__LEGV2__CH_00721,56
UKPGA_2018_12__LEGV2__CH_00722,89
UKPGA_2018_12__LEGV2__CH_00723,67
UKPGA_2018_12__LEGV2__CH_00724,83
UKPGA_2018_12__LEGV2__CH_00725,153
UKPGA_2018_12__LEGV2__CH_00726,67
UKPGA_2018_12__LEGV2__CH_00727,102
UKPGA_2018_12__LEGV2__CH_00728,81
UKPGA_2018_12__LEGV2__CH_00729,79
UKPGA_2018_12__LEGV2__CH_00730,70
UKPGA_2018_12__LEGV2__CH_00731,76
UKPGA_2018_12__LEGV2__CH_00732,103
UKPGA_2018_12__LEGV2__CH_00733,113
UKPGA_2018_12__LEGV2__CH_00734,71
UKPGA_2018_12__LEGV2__CH_00735,74
UKPGA_2018_12__LEGV2__CH_00736,77
UKPGA_2018_12__LEGV2__CH_00737,79
UKPGA_2018_12__LEGV2__CH_00740,78
UKPGA_2018_12__LEGV2__CH_00741,78
UKPGA_2018_12__LEGV2__CH_00746,68
UKPGA_2018_12__LEGV2__CH_00747,70
UKPGA_2018_12__LEGV2__CH_00750,87
UKPGA_2018_12__LEGV2__CH_00752,117
UKPGA_2018_12__LEGV2__CH_00753,102
UKPGA_2018_12__LEGV2__CH_00754,81
UKPGA_2018_12__LEGV2__CH_00755,88
UKPGA_2018_12__LEGV2__CH_00756,94
UKPGA_2018_12__LEGV2__CH_00757,80
UKPGA_2018_12__LEGV2__CH_00758,103
UKPGA_2018_12__LEGV2__CH_00759,101
UKPGA_2018_12__LEGV2__CH_00760,91
UKPGA_2018_12__LEGV2__CH_00761,91
UKPGA_2018_12__LEGV2__CH_00762,76
UKPGA_2018_12__LEGV2__CH_00763,153
UKPGA_2018_12__LEGV2__CH_00764,140
UKPGA_2018_12__LEGV2__CH_00765,110
UKPGA_2018_12__LEGV2__CH_00766,103
UKPGA_2018_12__LEGV2__CH_00767,102
UKPGA_2018_12__LEGV2__CH_00768,109
UKPGA_2018_12__LEGV2__CH_00769,73
UKPGA_2018_12__LEGV2__CH_00770,113
UKPGA_2018_12__LEGV2__CH_00772,98
UKPGA_2018_12__LEGV2__CH_00773,73
UKPGA_2018_12__LEGV2__CH_00774,79
UKPGA_2018_12__LEGV2__CH_00775,54
UKPGA_2018_12__LEGV2__CH_00776,70
UKPGA_2018_12__LEGV2__CH_00777,83
UKPGA_2018_12__LEGV2__CH_00778,81
UKPGA_2018_12__LEGV2__CH_00779,79
UKPGA_2018_12__LEGV2__CH_00780,83
UKPGA_2018_12__LEGV2__CH_00781__M,81
UKPGA_2018_12__LEGV2__CH_00784,98
UKPGA_2018_12__LEGV2__CH_00785,87
UKPGA_2018_12__LEGV2__CH_00786,94
UKPGA_2018_12__LEGV2__CH_00787,86
UKPGA_2018_12__LEGV2__CH_00788,89
UKPGA_2018_12__LEGV2__CH_00789,115
UKPGA_2018_12__LEGV2__CH_00790,108
UKPGA_2018_12__LEGV2__CH_00791,106
UKPGA_2018_12__LEGV2__CH_00792,91
UKPGA_2018_12__LEGV2__CH_00793,66
UKPGA_2018_12__LEGV2__CH_00794,91
UKPGA_2018_12__LEGV2__CH_00795,84
UKPGA_2018_12__LEGV2__CH_00796,100
UKPGA_2018_12__LEGV2__CH_00797,117
UKPGA_2018_12__LEGV2__CH_00798,126
UKPGA_2018_12__LEGV2__CH_00799,85
UKPGA_2018_12__LEGV2__CH_00800,63
UKPGA_2018_12__LEGV2__CH_00801,71
UKPGA_2018_12__LEGV2__CH_00802,83
UKPGA_2018_12__LEGV2__CH_00803,107
UKPGA_2018_12__LEGV2__CH_00804,126
UKPGA_2018_12__LEGV2__CH_00805,107
UKPGA_2018_12__LEGV2__CH_00806,99
UKPGA_2018_12__LEGV2__CH_00807,110
UKPGA_2018_12__LEGV2__CH_00808,59
UKPGA_2018_12__LEGV2__CH_00809,54
UKPGA_2018_12__LEGV2__CH_00810,96
UKPGA_2018_12__LEGV2__CH_00811,102
UKPGA_2018_12__LEGV2__CH_00812,67
UKPGA_2018_12__LEGV2__CH_00814,75
UKPGA_2018_12__LEGV2__CH_00816,103
UKPGA_2018_12__LEGV2__CH_00817,84
UKPGA_2018_12__LEGV2__CH_00818,85
UKPGA_2018_12__LEGV2__CH_00819,70
UKPGA_2018_12__LEGV2__CH_00824,64
UKPGA_2018_12__LEGV2__CH_00825,88
UKPGA_2018_12__LEGV2__CH_00826,71
UKPGA_2018_12__LEGV2__CH_00827,59
UKPGA_2018_12__LEGV2__CH_00828,92
UKPGA_2018_12__LEGV2__CH_00829,86
UKPGA_2018_12__LEGV2__CH_00830,85
UKPGA_2018_12__LEGV2__CH_00833,86
UKPGA_2018_12__LEGV2__CH_00834,77
UKPGA_2018_12__LEGV2__CH_00835,77
UKPGA_2018_12__LEGV2__CH_00836,70
UKPGA_2018_12__LEGV2__CH_00837,81
UKPGA_2018_12__LEGV2__CH_00838,76
UKPGA_2018_12__LEGV2__CH_00839,71
UKPGA_2018_12__LEGV2__CH_00840,73
UKPGA_2018_12__LEGV2__CH_00841,100
UKPGA_2018_12__LEGV2__CH_00842,91
UKPGA_2018_12__LEGV2__CH_00843,78
UKPGA_2018_12__LEGV2__CH_00844,68
UKPGA_2018_12__LEGV2__CH_00845,78
UKPGA_2018_12__LEGV2__CH_00846,87
UKPGA_2018_12__LEGV2__CH_00847,65
UKPGA_2018_12__LEGV2__CH_00849,77
UKPGA_2018_12__LEGV2__CH_00850,79
UKPGA_2018_12__LEGV2__CH_00851,90
UKPGA_2018_12__LEGV2__CH_00852,87
UKPGA_2018_12__LEGV2__CH_00853,77
UKPGA_2018_12__LEGV2__CH_00856,71
UKPGA_2018_12__LEGV2__CH_00857,76
UKPGA_2018_12__LEGV2__CH_00858,79
UKPGA_2018_12__LEGV2__CH_00859,72
UKPGA_2018_12__LEGV2__CH_00860,66
UKPGA_2018_12__LEGV2__CH_00861,68
UKPGA_2018_12__LEGV2__CH_00862,59
UKPGA_2018_12__LEGV2__CH_00863,70
UKPGA_2018_12__LEGV2__CH_00864,66
UKPGA_2018_12__LEGV2__CH_00865,63
UKPGA_2018_12__LEGV2__CH_00866,70
UKPGA_2018_12__LEGV2__CH_00867,94
UKPGA_2018_12__LEGV2__CH_00868,98
UKPGA_2018_12__LEGV2__CH_00869,92
UKPGA_2018_12__LEGV2__CH_00870,90
UKPGA_2018_12__LEGV2__CH_00871,116
UKPGA_2018_12__LEGV2__CH_00872,54
UKPGA_2018_12__LEGV2__CH_00873,77
UKPGA_2018_12__LEGV2__CH_00874,77
UKPGA_2018_12__LEGV2__CH_00875,68
UKPGA_2018_12__LEGV2__CH_00876,56
UKPGA_2018_12__LEGV2__CH_00877,69
UKPGA_2018_12__LEGV2__CH_00878,64
UKPGA_2018_12__LEGV2__CH_00880,65
UKPGA_2018_12__LEGV2__CH_00881,76
UKPGA_2018_12__LEGV2__CH_00883,57
UKPGA_2018_12__LEGV2__CH_00884,66
UKPGA_2018_12__LEGV2__CH_00885,57
UKPGA_2018_12__LEGV2__CH_00886,65
UKPGA_2018_12__LEGV2__CH_00887,60
UKPGA_2018_12__LEGV2__CH_00888,78
UKPGA_2018_12__LEGV2__CH_00889,66
UKPGA_2018_12__LEGV2__CH_00890,63
UKPGA_2018_12__LEGV2__CH_00891,51
UKPGA_2018_12__LEGV2__CH_00892,54
UKPGA_2018_12__LEGV2__CH_00893,89
UKPGA_2018_12__LEGV2__CH_00894,114
UKPGA_2018_12__LEGV2__CH_00895,114
UKPGA_2018_12__LEGV2__CH_00896,120
UKPGA_2018_12__LEGV2__CH_00901,77
UKPGA_2018_12__LEGV2__CH_00902,67
UKPGA_2018_12__LEGV2__CH_00904,90
UKPGA_2018_12__LEGV2__CH_00905,74
UKPGA_2018_12__LEGV2__CH_00906,78
UKPGA_2018_12__LEGV2__CH_00908,76
UKPGA_2018_12__LEGV2__CH_00909,78
UKPGA_2018_12__LEGV2__CH_00910,76
UKPGA_2018_12__LEGV2__CH_00916,71
UKPGA_2018_12__LEGV2__CH_00917,83
UKPGA_2018_12__LEGV2__CH_00918,63
UKPGA_2018_12__LEGV2__CH_00920,83
UKPGA_2018_12__LEGV2__CH_00922,67
UKPGA_2018_12__LEGV2__CH_00923,76
UKPGA_2018_12__LEGV2__CH_00924,89
UKPGA_2018_12__LEGV2__CH_00925,51
UKPGA_2018_12__LEGV2__CH_00926,88
UKPGA_2018_12__LEGV2__CH_00927,80
UKPGA_2018_12__LEGV2__CH_00928,54
UKPGA_2018_12__LEGV2__CH_00929,58
UKPGA_2018_12__LEGV2__CH_00930,69
UKPGA_2018_12__LEGV2__CH_00931,74
UKPGA_2018_12__LEGV2__CH_00932,76
UKPGA_2018_12__LEGV2__CH_00935,67
UKPGA_2018_12__LEGV2__CH_00936,66
UKPGA_2018_12__LEGV2__CH_00938,69
UKPGA_2018_12__LEGV2__CH_00941,55
UKPGA_2018_12__LEGV2__CH_00942,69
UKPGA_2018_12__LEGV2__CH_00943,84
UKPGA_2018_12__LEGV2__CH_00945,57
UKPGA_2018_12__LEGV2__CH_00946,78
UKPGA_2018_12__LEGV2__CH_00947,79
UKPGA_2018_12__LEGV2__CH_00948,58
UKPGA_2018_12__LEGV2__CH_00949,72
UKPGA_2018_12__LEGV2__CH_00950,82
UKPGA_2018_12__LEGV2__CH_00951,59
UKPGA_2018_12__LEGV2__CH_00952,65
UKPGA_2018_12__LEGV2__CH_00954,83
UKPGA_2018_12__LEGV2__CH_00956,76
UKPGA_2018_12__LEGV2__CH_00957,63
UKPGA_2018_12__LEGV2__CH_00958,60
UKPGA_2018_12__LEGV2__CH_00959,93
UKPGA_2018_12__LEGV2__CH_00961,83
UKPGA_2018_12__LEGV2__CH_00962,73
UKPGA_2018_12__LEGV2__CH_00963,86
UKPGA_2018_12__LEGV2__CH_00964,93
UKPGA_2018_12__LEGV2__CH_00965,73
UKPGA_2018_12__LEGV2__CH_00966,97
UKPGA_2018_12__LEGV2__CH_00967,85
UKPGA_2018_12__LEGV2__CH_00968,72
UKPGA_2018_12__LEGV2__CH_00969,74
UKPGA_2018_12__LEGV2__CH_00970,66
UKPGA_2018_12__LEGV2__CH_00971,67
UKPGA_2018_12__LEGV2__CH_00972,83
UKPGA_2018_12__LEGV2__CH_00973,75
UKPGA_2018_12__LEGV2__CH_00974,76
UKPGA_2018_12__LEGV2__CH_00975,59
UKPGA_2018_12__LEGV2__CH_00976,62
UKPGA_2018_12__LEGV2__CH_00977,80
UKPGA_2018_12__LEGV2__CH_00978,66
UKPGA_2018_12__LEGV2__CH_00979,71
UKPGA_2018_12__LEGV2__CH_00980,64
UKPGA_2018_12__LEGV2__CH_00981,69
UKPGA_2018_12__LEGV2__CH_00982,59
UKPGA_2018_12__LEGV2__CH_00983,60
UKPGA_2018_12__LEGV2__CH_00984,69
UKPGA_2018_12__LEGV2__CH_00985,68
UKPGA_2018_12__LEGV2__CH_00986,85
UKPGA_2018_12__LEGV2__CH_00987,76
UKPGA_2018_12__LEGV2__CH_00988,73
UKPGA_2018_12__LEGV2__CH_00989,96
UKPGA_2018_12__LEGV2__CH_00990,93
UKPGA_2018_12__LEGV2__CH_00991,75
UKPGA_2018_12__LEGV2__CH_00992,98
UKPGA_2018_12__LEGV2__CH_00993,89
UKPGA_2018_12__LEGV2__CH_00994,98
UKPGA_2018_12__LEGV2__CH_00995,65
UKPGA_2018_12__LEGV2__CH_00996,103
UKPGA_2018_12__LEGV2__CH_00997,120
UKPGA_2018_12__LEGV2__CH_00998,87
UKPGA_2018_12__LEGV2__CH_00999,110
UKPGA_2018_12__LEGV2__CH_01000,126
UKPGA_2018_12__LEGV2__CH_01001,109
UKPGA_2018_12__LEGV2__CH_01002,111
UKPGA_2018_12__LEGV2__CH_01003,102
UKPGA_2018_12__LEGV2__CH_01004,78
UKPGA_2018_12__LEGV2__CH_01005,78
UKPGA_2018_12__LEGV2__CH_01006,97
UKPGA_2018_12__LEGV2__CH_01007,85
UKPGA_2018_12__LEGV2__CH_01008,78
UKPGA_2018_12__LEGV2__CH_01009,85
UKPGA_2018_12__LEGV2__CH_01010,108
UKPGA_2018_12__LEGV2__CH_01011,108
UKPGA_2018_12__LEGV2__CH_01012,106
UKPGA_2018_12__LEGV2__CH_01013,116
UKPGA_2018_12__LEGV2__CH_01014,93
UKPGA_2018_12__LEGV2__CH_01015,100
UKPGA_2018_12__LEGV2__CH_01016,104
UKPGA_2018_12__LEGV2__CH_01017,87
UKPGA_2018_12__LEGV2__CH_01018,58
UKPGA_2018_12__LEGV2__CH_01019,71
UKPGA_2018_12__LEGV2__CH_01020,73
UKPGA_2018_12__LEGV2__CH_01021,78
UKPGA_2018_12__LEGV2__CH_01022,63
UKPGA_2018_12__LEGV2__CH_01023,92
UKPGA_2018_12__LEGV2__CH_01024,120
UKPGA_2018_12__LEGV2__CH_01025,110
UKPGA_2018_12__LEGV2__CH_01026,69
UKPGA_2018_12__LEGV2__CH_01028,46
UKPGA_2018_12__LEGV2__CH_01029,60
UKPGA_2018_12__LEGV2__CH_01030,67
UKPGA_2018_12__LEGV2__CH_01034,59
UKPGA_2018_12__LEGV2__CH_01036,87
UKPGA_2018_12__LEGV2__CH_01037,66
UKPGA_2018_12__LEGV2__CH_01038,64
UKPGA_2018_12__LEGV2__CH_01039,69
UKPGA_2018_12__LEGV2__CH_01040,76
UKPGA_2018_12__LEGV2__CH_01041,76
UKPGA_2018_12__LEGV2__CH_01042,65
UKPGA_2018_12__LEGV2__CH_01043,56
UKPGA_2018_12__LEGV2__CH_01044,69
UKPGA_2018_12__LEGV2__CH_01045,61
UKPGA_2018_12__LEGV2__CH_01046,54
UKPGA_2018_12__LEGV2__CH_01047,76
UKPGA_2018_12__LEGV2__CH_01048,51
UKPGA_2018_12__LEGV2__CH_01049,57
UKPGA_2018_12__LEGV2__CH_01050,51
UKPGA_2018_12__LEGV2__CH_01051,66
UKPGA_2018_12__LEGV2__CH_01052,70
UKPGA_2018_12__LEGV2__CH_01053,54
UKPGA_2018_12__LEGV2__CH_01054,93
UKPGA_2018_12__LEGV2__CH_01055,92
UKPGA_2018_12__LEGV2__CH_01056,77
UKPGA_2018_12__LEGV2__CH_01057,58
UKPGA_2018_12__LEGV2__CH_01058,78
UKPGA_2018_12__LEGV2__CH_01059,72
UKPGA_2018_12__LEGV2__CH_01060,72
UKPGA_2018_12__LEGV2__CH_01062,80
UKPGA_2018_12__LEGV2__CH_01063,91
UKPGA_2018_12__LEGV2__CH_01064,84
UKPGA_2018_12__LEGV2__CH_01065,116
UKPGA_2018_12__LEGV2__CH_01066,67
UKPGA_2018_12__LEGV2__CH_01067,106
UKPGA_2018_12__LEGV2__CH_01069,104
UKPGA_2018_12__LEGV2__CH_01070,59
UKPGA_2018_12__LEGV2__CH_01071,74
UKPGA_2018_12__LEGV2__CH_01073,88
UKPGA_2018_12__LEGV2__CH_01074,93
UKPGA_2018_12__LEGV2__CH_01075,62
UKPGA_2018_12__LEGV2__CH_01076,80
UKPGA_2018_12__LEGV2__CH_01077,71
UKPGA_2018_12__LEGV2__CH_01078,86
UKPGA_2018_12__LEGV2__CH_01079,78
UKPGA_2018_12__LEGV2__CH_01080,86
UKPGA_2018_12__LEGV2__CH_01081,89
UKPGA_2018_12__LEGV2__CH_01082,123
UKPGA_2018_12__LEGV2__CH_01083,107
UKPGA_2018_12__LEGV2__CH_01084,70
UKPGA_2018_12__LEGV2__CH_01085,62
UKPGA_2018_12__LEGV2__CH_01086,62
UKPGA_2018_12__LEGV2__CH_01087,76
UKPGA_2018_12__LEGV2__CH_01089,65
UKPGA_2018_12__LEGV2__CH_01090,72
UKPGA_2018_12__LEGV2__CH_01091,74
UKPGA_2018_12__LEGV2__CH_01094,55
UKPGA_2018_12__LEGV2__CH_01095,62
UKPGA_2018_12__LEGV2__CH_01096,60
UKPGA_2018_12__LEGV2__CH_01097,49
UKPGA_2018_12__LEGV2__CH_01099,58
UKPGA_2018_12__LEGV2__CH_01100,60
UKPGA_2018_12__LEGV2__CH_01101,74
UKPGA_2018_12__LEGV2__CH_01102,63
UKPGA_2018_12__LEGV2__CH_01103,73
UKPGA_2018_12__LEGV2__CH_01104,79
UKPGA_2018_12__LEGV2__CH_01105,85
UKPGA_2018_12__LEGV2__CH_01106,66
UKPGA_2018_12__LEGV2__CH_01107,69
UKPGA_2018_12__LEGV2__CH_01108,77
UKPGA_2018_12__LEGV2__CH_01109,56
UKPGA_2018_12__LEGV2__CH_01111,77
UKPGA_2018_12__LEGV2__CH_01112,63
UKPGA_2018_12__LEGV2__CH_01114,49
UKPGA_2018_12__LEGV2__CH_01115,57
UKPGA_2018_12__LEGV2__CH_01116,67
UKPGA_2018_12__LEGV2__CH_01117,62
UKPGA_2018_12__LEGV2__CH_01119,71
UKPGA_2018_12__LEGV2__CH_01120,64
UKPGA_2018_12__LEGV2__CH_01121,46
UKPGA_2018_12__LEGV2__CH_01122,52
UKPGA_2018_12__LEGV2__CH_01123,68
UKPGA_2018_12__LEGV2__CH_01124,74
UKPGA_2018_12__LEGV2__CH_01125,76
UKPGA_2018_12__LEGV2__CH_01126,86
UKPGA_2018_12__LEGV2__CH_01127,81
UKPGA_2018_12__LEGV2__CH_01128,82
UKPGA_2018_12__LEGV2__CH_01129,85
UKPGA_2018_12__LEGV2__CH_01131,93
UKPGA_2018_12__LEGV2__CH_01132,99
UKPGA_2018_12__LEGV2__CH_01133,64
UKPGA_2018_12__LEGV2__CH_01134,68
UKPGA_2018_12__LEGV2__CH_01135,69
UKPGA_2018_12__LEGV2__CH_01136,89
UKPGA_2018_12__LEGV2__CH_01137,68
UKPGA_2018_12__LEGV2__CH_01138,70
UKPGA_2018_12__LEGV2__CH_01139,78
UKPGA_2018_12__LEGV2__CH_01140,59
UKPGA_2018_12__LEGV2__CH_01141,56
UKPGA_2018_12__LEGV2__CH_01142,76
UKPGA_2018_12__LEGV2__CH_01143,52
UKPGA_2018_12__LEGV2__CH_01144,46
UKPGA_2018_12__LEGV2__CH_01145,66
UKPGA_2018_12__LEGV2__CH_01146,66
UKPGA_2018_12__LEGV2__CH_01147,54
UKPGA_2018_12__LEGV2__CH_01148,68
UKPGA_2018_12__LEGV2__CH_01149,61
UKPGA_2018_12__LEGV2__CH_01150,79
UKPGA_2018_12__LEGV2__CH_01151,81
UKPGA_2018_12__LEGV2__CH_01153,67
UKPGA_2018_12__LEGV2__CH_01154,100
UKPGA_2018_12__LEGV2__CH_01155,94
UKPGA_2018_12__LEGV2__CH_01156,89
UKPGA_2018_12__LEGV2__CH_01157,71
UKPGA_2018_12__LEGV2__CH_01158,61
UKPGA_2018_12__LEGV2__CH_01159,69
UKPGA_2018_12__LEGV2__CH_01160__M,70
UKPGA_2018_12__LEGV2__CH_01162,54
UKPGA_2018_12__LEGV2__CH_01163,62
UKPGA_2018_12__LEGV2__CH_01164,63
UKPGA_2018_12__LEGV2__CH_01165,55
UKPGA_2018_12__LEGV2__CH_01166,65
UKPGA_2018_12__LEGV2__CH_01167,61
UKPGA_2018_12__LEGV2__CH_01168,57
UKPGA_2018_12__LEGV2__CH_01169,86
UKPGA_2018_12__LEGV2__CH_01170,78
UKPGA_2018_12__LEGV2__CH_01171,92
UKPGA_2018_12__LEGV2__CH_01172,67
UKPGA_2018_12__LEGV2__CH_01173,81
UKPGA_2018_12__LEGV2__CH_01174,65
UKPGA_2018_12__LEGV2__CH_01175,66
UKPGA_2018_12__LEGV2__CH_01176,87
UKPGA_2018_12__LEGV2__CH_01177,104
UKPGA_2018_12__LEGV2__CH_01178,88
UKPGA_2018_12__LEGV2__CH_01179,67
UKPGA_2018_12__LEGV2__CH_01180,68
UKPGA_2018_12__LEGV2__CH_01181,61
UKPGA_2018_12__LEGV2__CH_01182,64
UKPGA_2018_12__LEGV2__CH_01183,75
UKPGA_2018_12__LEGV2__CH_01184,95
UKPGA_2018_12__LEGV2__CH_01185,99
UKPGA_2018_12__LEGV2__CH_01186,68
UKPGA_2018_12__LEGV2__CH_01187,96
UKPGA_2018_12__LEGV2__CH_01188,85
UKPGA_2018_12__LEGV2__CH_01189,77
UKPGA_2018_12__LEGV2__CH_01190,86
UKPGA_2018_12__LEGV2__CH_01191,79
UKPGA_2018_12__LEGV2__CH_01192,64
UKPGA_2018_12__LEGV2__CH_01195,65
UKPGA_2018_12__LEGV2__CH_01196,71
UKPGA_2018_12__LEGV2__CH_01197,56
UKPGA_2018_12__LEGV2__CH_01198,96
UKPGA_2018_12__LEGV2__CH_01199,68
UKPGA_2018_12__LEGV2__CH_01200,65
UKPGA_2018_12__LEGV2__CH_01201,68
UKPGA_2018_12__LEGV2__CH_01202,70
UKPGA_2018_12__LEGV2__CH_01203,83
UKPGA_2018_12__LEGV2__CH_01204,88
UKPGA_2018_12__LEGV2__CH_01205,84
UKPGA_2018_12__LEGV2__CH_01206,72
UKPGA_2018_12__LEGV2__CH_01207,82
UKPGA_2018_12__LEGV2__CH_01208,91
UKPGA_2018_12__LEGV2__CH_01209,97
UKPGA_2018_12__LEGV2__CH_01210,61
UKPGA_2018_12__LEGV2__CH_01211,92
UKPGA_2018_12__LEGV2__CH_01212,64
UKPGA_2018_12__LEGV2__CH_01213,50
UKPGA_2018_12__LEGV2__CH_01215,65
UKPGA_2018_12__LEGV2__CH_01216,75
UKPGA_2018_12__LEGV2__CH_01217,67
UKPGA_2018_12__LEGV2__CH_01218,45
UKPGA_2018_12__LEGV2__CH_01219,47
UKPGA_2018_12__LEGV2__CH_01220,46
UKPGA_2018_12__LEGV2__CH_01221,45
UKPGA_2018_12__LEGV2__CH_01222,81
UKPGA_2018_12__LEGV2__CH_01223,76
UKPGA_2018_12__LEGV2__CH_01224,74
UKPGA_2018_12__LEGV2__CH_01225,59
UKPGA_2018_12__LEGV2__CH_01226,49
UKPGA_2018_12__LEGV2__CH_01227,67
UKPGA_2018_12__LEGV2__CH_01228,77
UKPGA_2018_12__LEGV2__CH_01229,61
UKPGA_2018_12__LEGV2__CH_01230,53
UKPGA_2018_12__LEGV2__CH_01231,73
UKPGA_2018_12__LEGV2__CH_01232,100
UKPGA_2018_12__LEGV2__CH_01233,103
UKPGA_2018_12__LEGV2__CH_01234,87
UKPGA_2018_12__LEGV2__CH_01235,81
UKPGA_2018_12__LEGV2__CH_01236,76
UKPGA_2018_12__LEGV2__CH_01237,72
UKPGA_2018_12__LEGV2__CH_01238,78
UKPGA_2018_12__LEGV2__CH_01239,79
UKPGA_2018_12__LEGV2__CH_01240,120
UKPGA_2018_12__LEGV2__CH_01241,100
UKPGA_2018_12__LEGV2__CH_01242,103
UKPGA_2018_12__LEGV2__CH_01243,85
UKPGA_2018_12__LEGV2__CH_01244,71
UKPGA_2018_12__LEGV2__CH_01245,63
UKPGA_2018_12__LEGV2__CH_01246,97
UKPGA_2018_12__LEGV2__CH_01247,91
UKPGA_2018_12__LEGV2__CH_01248,97
UKPGA_2018_12__LEGV2__CH_01249,93
UKPGA_2018_12__LEGV2__CH_01250,104
UKPGA_2018_12__LEGV2__CH_01251,94
UKPGA_2018_12__LEGV2__CH_01252,86
UKPGA_2018_12__LEGV2__CH_01253,93
UKPGA_2018_12__LEGV2__CH_01254,91
UKPGA_2018_12__LEGV2__CH_01255,95
UKPGA_2018_12__LEGV2__CH_01256,116
UKPGA_2018_12__LEGV2__CH_01257,131
UKPGA_2018_12__LEGV2__CH_01258,96
UKPGA_2018_12__LEGV2__CH_01259,100
UKPGA_2018_12__LEGV2__CH_01260,78
UKPGA_2018_12__LEGV2__CH_01261,70
UKPGA_2018_12__LEGV2__CH_01273,92
UKPGA_2018_12__LEGV2__CH_01274,60
UKPGA_2018_12__LEGV2__CH_01279,67
UKPGA_2018_12__LEGV2__CH_01280,82
UKPGA_2018_12__LEGV2__CH_01281,88
UKPGA_2018_12__LEGV2__CH_01282,81
UKPGA_2018_12__LEGV2__CH_01283,65
UKPGA_2018_12__LEGV2__CH_01284,91
UKPGA_2018_12__LEGV2__CH_01285,86
UKPGA_2018_12__LEGV2__CH_01286,85
UKPGA_2018_12__LEGV2__CH_01287,62
UKPGA_2018_12__LEGV2__CH_01288,71
UKPGA_2018_12__LEGV2__CH_01289,80
UKPGA_2018_12__LEGV2__CH_01290,63
UKPGA_2018_12__LEGV2__CH_01291,53
UKPGA_2018_12__LEGV2__CH_01292,53
UKPGA_2018_12__LEGV2__CH_01293,61
UKPGA_2018_12__LEGV2__CH_01294,46
UKPGA_2018_12__LEGV2__CH_01295,38
UKPGA_2018_12__LEGV2__CH_01296,50
UKPGA_2018_12__LEGV2__CH_01297,50
UKPGA_2018_12__LEGV2__CH_01299,89
UKPGA_2018_12__LEGV2__CH_01300,48
UKPGA_2018_12__LEGV2__CH_01301,82
UKPGA_2018_12__LEGV2__CH_01302,83
UKPGA_2018_12__LEGV2__CH_01307,102
UKPGA_2018_12__LEGV2__CH_01308,85
UKPGA_2018_12__LEGV2__CH_01310,82
UKPGA_2018_12__LEGV2__CH_01311,82
UKPGA_2018_12__LEGV2__CH_01313,72
UKPGA_2018_12__LEGV2__CH_01314,70
UKPGA_2018_12__LEGV2__CH_01316,74
UKPGA_2018_12__LEGV2__CH_01317,90
UKPGA_2018_12__LEGV2__CH_01318,61
UKPGA_2018_12__LEGV2__CH_01319,65
UKPGA_2018_12__LEGV2__CH_01320,59
UKPGA_2018_12__LEGV2__CH_01321,68
UKPGA_2018_12__LEGV2__CH_01322,62
UKPGA_2018_12__LEGV2__CH_01323,70
UKPGA_2018_12__LEGV2__CH_01324,61
UKPGA_2018_12__LEGV2__CH_01325,94
UKPGA_2018_12__LEGV2__CH_01326,93
UKPGA_2018_12__LEGV2__CH_01327,72
UKPGA_2018_12__LEGV2__CH_01328,76
UKPGA_2018_12__LEGV2__CH_01331,65
UKPGA_2018_12__LEGV2__CH_01332,71
UKPGA_2018_12__LEGV2__CH_01333,65
UKPGA_2018_12__LEGV2__CH_01335,63
UKPGA_2018_12__LEGV2__CH_01336,73
UKPGA_2018_12__LEGV2__CH_01337,59
UKPGA_2018_12__LEGV2__CH_01338,63
UKPGA_2018_12__LEGV2__CH_01340,60
UKPGA_2018_12__LEGV2__CH_01341,61
UKPGA_2018_12__LEGV2__CH_01342,64
UKPGA_2018_12__LEGV2__CH_01343,80
UKPGA_2018_12__LEGV2__CH_01344,62
UKPGA_2018_12__LEGV2__CH_01345,63
UKPGA_2018_12__LEGV2__CH_01348,81
UKPGA_2018_12__LEGV2__CH_01349,82
UKPGA_2018_12__LEGV2__CH_01352,74
UKPGA_2018_12__LEGV2__CH_01353,64
UKPGA_2018_12__LEGV2__CH_01354,64
UKPGA_2018_12__LEGV2__CH_01355,78
UKPGA_2018_12__LEGV2__CH_01356,94
UKPGA_2018_12__LEGV2__CH_01357,77
UKPGA_2018_12__LEGV2__CH_01359__M,106
UKPGA_2018_12__LEGV2__CH_01361,83
UKPGA_2018_12__LEGV2__CH_01362,70
UKPGA_2018_12__LEGV2__CH_01363,104
UKPGA_2018_12__LEGV2__CH_01364,86
UKPGA_2018_12__LEGV2__CH_01365,70
UKPGA_2018_12__LEGV2__CH_01366,91
UKPGA_2018_12__LEGV2__CH_01367,91
UKPGA_2018_12__LEGV2__CH_01368,65
UKPGA_2018_12__LEGV2__CH_01375,66
UKPGA_2018_12__LEGV2__CH_01376,71
UKPGA_2018_12__LEGV2__CH_01377,65
UKPGA_2018_12__LEGV2__CH_01378,70
UKPGA_2018_12__LEGV2__CH_01379,82
UKPGA_2018_12__LEGV2__CH_01380,61
UKPGA_2018_12__LEGV2__CH_01381,75
UKPGA_2018_12__LEGV2__CH_01382,68
UKPGA_2018_12__LEGV2__CH_01383,71
UKPGA_2018_12__LEGV2__CH_01384,63
UKPGA_2018_12__LEGV2__CH_01385,61
UKPGA_2018_12__LEGV2__CH_01386,64
UKPGA_2018_12__LEGV2__CH_01387,84
UKPGA_2018_12__LEGV2__CH_01388,112
UKPGA_2018_12__LEGV2__CH_01389,113
UKPGA_2018_12__LEGV2__CH_01390,98
UKPGA_2018_12__LEGV2__CH_01391,104
UKPGA_2018_12__LEGV2__CH_01392,108
UKPGA_2018_12__LEGV2__CH_01393,97
UKPGA_2018_12__LEGV2__CH_01394,112
UKPGA_2018_12__LEGV2__CH_01395,95
UKPGA_2018_12__LEGV2__CH_01396,100
UKPGA_2018_12__LEGV2__CH_01397,80
UKPGA_2018_12__LEGV2__CH_01398,139
UKPGA_2018_12__LEGV2__CH_01399,85
UKPGA_2018_12__LEGV2__CH_01400,114
UKPGA_2018_12__LEGV2__CH_01401,84
UKPGA_2018_12__LEGV2__CH_01402,116
UKPGA_2018_12__LEGV2__CH_01403,95
UKPGA_2018_12__LEGV2__CH_01404,130
UKPGA_2018_12__LEGV2__CH_01405,107
UKPGA_2018_12__LEGV2__CH_01406,88
UKPGA_2018_12__LEGV2__CH_01407,89
UKPGA_2018_12__LEGV2__CH_01408,89
UKPGA_2018_12__LEGV2__CH_01409,120
UKPGA_2018_12__LEGV2__CH_01410,95
UKPGA_2018_12__LEGV2__CH_01411,79
UKPGA_2018_12__LEGV2__CH_01412,100
UKPGA_2018_12__LEGV2__CH_01413,106
UKPGA_2018_12__LEGV2__CH_01414,121
UKPGA_2018_12__LEGV2__CH_01415,136
UKPGA_2018_12__LEGV2__CH_01416,95
UKPGA_2018_12__LEGV2__CH_01417,91
UKPGA_2018_12__LEGV2__CH_01418,110
UKPGA_2018_12__LEGV2__CH_01419,97
UKPGA_2018_12__LEGV2__CH_01420,100
UKPGA_2018_12__LEGV2__CH_01421,75
UKPGA_2018_12__LEGV2__CH_01422,116
UKPGA_2018_12__LEGV2__CH_01423,131
UKPGA_2018_12__LEGV2__CH_01424,82
UKPGA_2018_12__LEGV2__CH_01425,81
UKPGA_2018_12__LEGV2__CH_01426,108
UKPGA_2018_12__LEGV2__CH_01427,100
UKPGA_2018_12__LEGV2__CH_01428,87
UKPGA_2018_12__LEGV2__CH_01429,107
UKPGA_2018_12__LEGV2__CH_01430,125
UKPGA_2018_12__LEGV2__CH_01431,96
UKPGA_2018_12__LEGV2__CH_01432,82
UKPGA_2018_12__LEGV2__CH_01433,91
UKPGA_2018_12__LEGV2__CH_01434,117
UKPGA_2018_12__LEGV2__CH_01435,97
UKPGA_2018_12__LEGV2__CH_01436,83
UKPGA_2018_12__LEGV2__CH_01437,76
UKPGA_2018_12__LEGV2__CH_01438,108
UKPGA_2018_12__LEGV2__CH_01439,69
UKPGA_2018_12__LEGV2__CH_01440,105
UKPGA_2018_12__LEGV2__CH_01441,64
UKPGA_2018_12__LEGV2__CH_01442,65
UKPGA_2018_12__LEGV2__CH_01443,88
UKPGA_2018_12__LEGV2__CH_01444,83
UKPGA_2018_12__LEGV2__CH_01445,63
UKPGA_2018_12__LEGV2__CH_01446,67
UKPGA_2018_12__LEGV2__CH_01447,60
UKPGA_2018_12__LEGV2__CH_01448,65
UKPGA_2018_12__LEGV2__CH_01449,59
UKPGA_2018_12__LEGV2__CH_01450,59
UKPGA_2018_12__LEGV2__CH_01451,75
UKPGA_2018_12__LEGV2__CH_01452,90
UKPGA_2018_12__LEGV2__CH_01455,84
UKPGA_2018_12__LEGV2__CH_01456,66
UKPGA_2018_12__LEGV2__CH_01457,71
UKPGA_2018_12__LEGV2__CH_01458,78
UKPGA_2018_12__LEGV2__CH_01459,81
UKPGA_2018_12__LEGV2__CH_01460,72
UKPGA_2018_12__LEGV2__CH_01461,56
UKPGA_2018_12__LEGV2__CH_01462,71
UKPGA_2018_12__LEGV2__CH_01464,67
UKPGA_2018_12__LEGV2__CH_01465,76
UKPGA_2018_12__LEGV2__CH_01467__M,68
UKPGA_2018_12__LEGV2__CH_01469,74
UKPGA_2018_12__LEGV2__CH_01470,67
UKPGA_2018_12__LEGV2__CH_01471,72
UKPGA_2018_12__LEGV2__CH_01472,105
UKPGA_2018_12__LEGV2__CH_01473,59
UKPGA_2018_12__LEGV2__CH_01476,60
UKPGA_2018_12__LEGV2__CH_01477,49
UKPGA_2018_12__LEGV2__CH_01478,58
UKPGA_2018_12__LEGV2__CH_01479,56
UKPGA_2018_12__LEGV2__CH_01480,52
UKPGA_2018_12__LEGV2__CH_01481,59
UKPGA_2018_12__LEGV2__CH_01482,63
UKPGA_2018_12__LEGV2__CH_01483,74
UKPGA_2018_12__LEGV2__CH_01485,73
UKPGA_2018_12__LEGV2__CH_01486,81
UKPGA_2018_12__LEGV2__CH_01487,71
UKPGA_2018_12__LEGV2__CH_01488,78
UKPGA_2018_12__LEGV2__CH_01489,88
UKPGA_2018_12__LEGV2__CH_01490,64
UKPGA_2018_12__LEGV2__CH_01491,50
UKPGA_2018_12__LEGV2__CH_01492,44
UKPGA_2018_12__LEGV2__CH_01493,53
UKPGA_2018_12__LEGV2__CH_01494,56
UKPGA_2018_12__LEGV2__CH_01495,55
UKPGA_2018_12__LEGV2__CH_01496,59
UKPGA_2018_12__LEGV2__CH_01497,95
UKPGA_2018_12__LEGV2__CH_01498__M,83
UKPGA_2018_12__LEGV2__CH_01500,95
UKPGA_2018_12__LEGV2__CH_01501,62
UKPGA_2018_12__LEGV2__CH_01502,76
UKPGA_2018_12__LEGV2__CH_01503,77
UKPGA_2018_12__LEGV2__CH_01504,74
UKPGA_2018_12__LEGV2__CH_01505,48
UKPGA_2018_12__LEGV2__CH_01508,49
UKPGA_2018_12__LEGV2__CH_01509,48
UKPGA_2018_12__LEGV2__CH_01510,61
UKPGA_2018_12__LEGV2__CH_01511,51
UKPGA_2018_12__LEGV2__CH_01512,56
UKPGA_2018_12__LEGV2__CH_01513,93
UKPGA_2018_12__LEGV2__CH_01514,70
UKPGA_2018_12__LEGV2__CH_01515,48
UKPGA_2018_12__LEGV2__CH_01516,72
UKPGA_2018_12__LEGV2__CH_01517,60
UKPGA_2018_12__LEGV2__CH_01518,64
UKPGA_2018_12__LEGV2__CH_01519,63
UKPGA_2018_12__LEGV2__CH_01520,68
UKPGA_2018_12__LEGV2__CH_01521,85
UKPGA_2018_12__LEGV2__CH_01524,75
UKPGA_2018_12__LEGV2__CH_01525,75
UKPGA_2018_12__LEGV2__CH_01526,51
UKPGA_2018_12__LEGV2__CH_01527,43
UKPGA_2018_12__LEGV2__CH_01528,50
UKPGA_2018_12__LEGV2__CH_01529,47
UKPGA_2018_12__LEGV2__CH_01530,63
UKPGA_2018_12__LEGV2__CH_01531,59
UKPGA_2018_12__LEGV2__CH_01532,82
UKPGA_2018_12__LEGV2__CH_01533,82
UKPGA_2018_12__LEGV2__CH_01534,62
UKPGA_2018_12__LEGV2__CH_01535,80
UKPGA_2018_12__LEGV2__CH_01536,78
UKPGA_2018_12__LEGV2__CH_01537,85
UKPGA_2018_12__LEGV2__CH_01538,63
UKPGA_2018_12__LEGV2__CH_01539,94
UKPGA_2018_12__LEGV2__CH_01540,76
UKPGA_2018_12__LEGV2__CH_01541,85
UKPGA_2018_12__LEGV2__CH_01542,103
UKPGA_2018_12__LEGV2__CH_01543,130
UKPGA_2018_12__LEGV2__CH_01544,108
UKPGA_2018_12__LEGV2__CH_01545,97
UKPGA_2018_12__LEGV2__CH_01546,113
UKPGA_2018_12__LEGV2__CH_01547,90
UKPGA_2018_12__LEGV2__CH_01548,81
UKPGA_2018_12__LEGV2__CH_01549,88
UKPGA_2018_12__LEGV2__CH_01550,99
UKPGA_2018_12__LEGV2__CH_01551,88
UKPGA_2018_12__LEGV2__CH_01552,82
UKPGA_2018_12__LEGV2__CH_01553,99
UKPGA_2018_12__LEGV2__CH_01554,82
UKPGA_2018_12__LEGV2__CH_01555,82
UKPGA_2018_12__LEGV2__CH_01556,82
UKPGA_2018_12__LEGV2__CH_01557,90
UKPGA_2018_12__LEGV2__CH_01558,65
UKPGA_2018_12__LEGV2__CH_01559,87
UKPGA_2018_12__LEGV2__CH_01560,102
UKPGA_2018_12__LEGV2__CH_01561,105
UKPGA_2018_12__LEGV2__CH_01562,78
UKPGA_2018_12__LEGV2__CH_01563,106
UKPGA_2018_12__LEGV2__CH_01564,100
UKPGA_2018_12__LEGV2__CH_01565,72
UKPGA_2018_12__LEGV2__CH_01566,80
UKPGA_2018_12__LEGV2__CH_01567,76
UKPGA_2018_12__LEGV2__CH_01568,81
UKPGA_2018_12__LEGV2__CH_01569,66
UKPGA_2018_12__LEGV2__CH_01570,53
UKPGA_2018_12__LEGV2__CH_01571,57
UKPGA_2018_12__LEGV2__CH_01572,50
UKPGA_2018_12__LEGV2__CH_01573,50
UKPGA_2018_12__LEGV2__CH_01574,47
UKPGA_2018_12__LEGV2__CH_01575,53
UKPGA_2018_12__LEGV2__CH_01576,83
UKPGA_2018_12__LEGV2__CH_01577,61
UKPGA_2018_12__LEGV2__CH_01578,78
UKPGA_2018_12__LEGV2__CH_01579,84
UKPGA_2018_12__LEGV2__CH_01580,71
UKPGA_2018_12__LEGV2__CH_01581,86
UKPGA_2018_12__LEGV2__CH_01582,80
UKPGA_2018_12__LEGV2__CH_01583,61
UKPGA_2018_12__LEGV2__CH_01584,74
UKPGA_2018_12__LEGV2__CH_01585,56
UKPGA_2018_12__LEGV2__CH_01586,75
UKPGA_2018_12__LEGV2__CH_01587,61
UKPGA_2018_12__LEGV2__CH_01588,96
UKPGA_2018_12__LEGV2__CH_01589,86
UKPGA_2018_12__LEGV2__CH_01590,102
UKPGA_2018_12__LEGV2__CH_01592,102
UKPGA_2018_12__LEGV2__CH_01593,74
UKPGA_2018_12__LEGV2__CH_01594,92
UKPGA_2018_12__LEGV2__CH_01595,69
UKPGA_2018_12__LEGV2__CH_01596,81
UKPGA_2018_12__LEGV2__CH_01597,66
UKPGA_2018_12__LEGV2__CH_01598,62
UKPGA_2018_12__LEGV2__CH_01599,77
UKPGA_2018_12__LEGV2__CH_01600,74
UKPGA_2018_12__LEGV2__CH_01601,76
UKPGA_2018_12__LEGV2__CH_01602,99
UKPGA_2018_12__LEGV2__CH_01603,82
UKPGA_2018_12__LEGV2__CH_01604,82
UKPGA_2018_12__LEGV2__CH_01605,101
UKPGA_2018_12__LEGV2__CH_01606,110
UKPGA_2018_12__LEGV2__CH_01607,87
UKPGA_2018_12__LEGV2__CH_01608,70
UKPGA_2018_12__LEGV2__CH_01609,85
UKPGA_2018_12__LEGV2__CH_01610,82
UKPGA_2018_12__LEGV2__CH_01611,77
UKPGA_2018_12__LEGV2__CH_01612,95
UKPGA_2018_12__LEGV2__CH_01613,89
UKPGA_2018_12__LEGV2__CH_01614,98
UKPGA_2018_12__LEGV2__CH_01615,111
UKPGA_2018_12__LEGV2__CH_01616,73
UKPGA_2018_12__LEGV2__CH_01617,96
UKPGA_2018_12__LEGV2__CH_01618,69
UKPGA_2018_12__LEGV2__CH_01619,92
UKPGA_2018_12__LEGV2__CH_01620,90
UKPGA_2018_12__LEGV2__CH_01621,99
UKPGA_2018_12__LEGV2__CH_01622,74
UKPGA_2018_12__LEGV2__CH_01623,67
UKPGA_2018_12__LEGV2__CH_01624,74
UKPGA_2018_12__LEGV2__CH_01625,126
UKPGA_2018_12__LEGV2__CH_01626,69
UKPGA_2018_12__LEGV2__CH_01627,88
UKPGA_2018_12__LEGV2__CH_01628,111
UKPGA_2018_12__LEGV2__CH_01629,74
UKPGA_2018_12__LEGV2__CH_01630,79
UKPGA_2018_12__LEGV2__CH_01631,89
UKPGA_2018_12__LEGV2__CH_01632,74
UKPGA_2018_12__LEGV2__CH_01633,82
UKPGA_2018_12__LEGV2__CH_01634,65
UKPGA_2018_12__LEGV2__CH_01635,98
UKPGA_2018_12__LEGV2__CH_01636,75
UKPGA_2018_12__LEGV2__CH_01637,74
UKPGA_2018_12__LEGV2__CH_01638,94
UKPGA_2018_12__LEGV2__CH_01639,88
UKPGA_2018_12__LEGV2__CH_01640,73
UKPGA_2018_12__LEGV2__CH_01641,78
UKPGA_2018_12__LEGV2__CH_01642,71
UKPGA_2018_12__LEGV2__CH_01643,75
UKPGA_2018_12__LEGV2__CH_01644,83
UKPGA_2018_12__LEGV2__CH_01645,90
UKPGA_2018_12__LEGV2__CH_01646,74
UKPGA_2018_12__LEGV2__CH_01647,97
UKPGA_2018_12__LEGV2__CH_01648,90
UKPGA_2018_12__LEGV2__CH_01649,91
UKPGA_2018_12__LEGV2__CH_01650,97
UKPGA_2018_12__LEGV2__CH_01651,79
UKPGA_2018_12__LEGV2__CH_01652,66
UKPGA_2018_12__LEGV2__CH_01653,71
UKPGA_2018_12__LEGV2__CH_01654,74
UKPGA_2018_12__LEGV2__CH_01655,69
UKPGA_2018_12__LEGV2__CH_01656,97
UKPGA_2018_12__LEGV2__CH_01657,104
UKPGA_2018_12__LEGV2__CH_01658,78
UKPGA_2018_12__LEGV2__CH_01659,80
UKPGA_2018_12__LEGV2__CH_01660,99
UKPGA_2018_12__LEGV2__CH_01661,104
UKPGA_2018_12__LEGV2__CH_01662,96
UKPGA_2018_12__LEGV2__CH_01663,72
UKPGA_2018_12__LEGV2__CH_01664,53
UKPGA_2018_12__LEGV2__CH_01665,94
UKPGA_2018_12__LEGV2__CH_01666,66
UKPGA_2018_12__LEGV2__CH_01667,101
UKPGA_2018_12__LEGV2__CH_01668,78
UKPGA_2018_12__LEGV2__CH_01669,61
UKPGA_2018_12__LEGV2__CH_01670,87
UKPGA_2018_12__LEGV2__CH_01671,101
UKPGA_2018_12__LEGV2__CH_01672,76
UKPGA_2018_12__LEGV2__CH_01673,87
UKPGA_2018_12__LEGV2__CH_01674,71
UKPGA_2018_12__LEGV2__CH_01675,88
UKPGA_2018_12__LEGV2__CH_01676,84
UKPGA_2018_12__LEGV2__CH_01677,84
UKPGA_2018_12__LEGV2__CH_01678,94
UKPGA_2018_12__LEGV2__CH_01679,88
UKPGA_2018_12__LEGV2__CH_01680,88
UKPGA_2018_12__LEGV2__CH_01681,76
UKPGA_2018_12__LEGV2__CH_01682,111
UKPGA_2018_12__LEGV2__CH_01683,95
UKPGA_2018_12__LEGV2__CH_01684,82
UKPGA_2018_12__LEGV2__CH_01685,77
UKPGA_2018_12__LEGV2__CH_01686,101
UKPGA_2018_12__LEGV2__CH_01687,101
UKPGA_2018_12__LEGV2__CH_01688,86
UKPGA_2018_12__LEGV2__CH_01689,84
UKPGA_2018_12__LEGV2__CH_01690,88
UKPGA_2018_12__LEGV2__CH_01691,82
UKPGA_2018_12__LEGV2__CH_01692,72
UKPGA_2018_12__LEGV2__CH_01693,65
UKPGA_2018_12__LEGV2__CH_01695,71
UKPGA_2018_12__LEGV2__CH_01696,77
UKPGA_2018_12__LEGV2__CH_01697,80
UKPGA_2018_12__LEGV2__CH_01698,61
UKPGA_2018_12__LEGV2__CH_01699,83
UKPGA_2018_12__LEGV2__CH_01700,85
UKPGA_2018_12__LEGV2__CH_01701,80
UKPGA_2018_12__LEGV2__CH_01702,129
UKPGA_2018_12__LEGV2__CH_01703,83
UKPGA_2018_12__LEGV2__CH_01704,81
UKPGA_2018_12__LEGV2__CH_01705,88
UKPGA_2018_12__LEGV2__CH_01706,75
UKPGA_2018_12__LEGV2__CH_01707,60
UKPGA_2018_12__LEGV2__CH_01708,65
UKPGA_2018_12__LEGV2__CH_01709,70
UKPGA_2018_12__LEGV2__CH_01710,67
UKPGA_2018_12__LEGV2__CH_01711,61
UKPGA_2018_12__LEGV2__CH_01712,62
UKPGA_2018_12__LEGV2__CH_01713,78
UKPGA_2018_12__LEGV2__CH_01714,73
UKPGA_2018_12__LEGV2__CH_01715,72
UKPGA_2018_12__LEGV2__CH_01716,97
UKPGA_2018_12__LEGV2__CH_01717,71
UKPGA_2018_12__LEGV2__CH_01718,70
UKPGA_2018_12__LEGV2__CH_01719,89
UKPGA_2018_12__LEGV2__CH_01720,66
UKPGA_2018_12__LEGV2__CH_01721,67
UKPGA_2018_12__LEGV2__CH_01722,74
UKPGA_2018_12__LEGV2__CH_01723,69
UKPGA_2018_12__LEGV2__CH_01724,86
UKPGA_2018_12__LEGV2__CH_01725,63
UKPGA_2018_12__LEGV2__CH_01726,68
UKPGA_2018_12__LEGV2__CH_01728,81
UKPGA_2018_12__LEGV2__CH_01729,72
UKPGA_2018_12__LEGV2__CH_01730,86
UKPGA_2018_12__LEGV2__CH_01731,64
UKPGA_2018_12__LEGV2__CH_01732,65
UKPGA_2018_12__LEGV2__CH_01733,71
UKPGA_2018_12__LEGV2__CH_01734,69
UKPGA_2018_12__LEGV2__CH_01735,50
UKPGA_2018_12__LEGV2__CH_01736,55
UKPGA_2018_12__LEGV2__CH_01737,83
UKPGA_2018_12__LEGV2__CH_01738,92
UKPGA_2018_12__LEGV2__CH_01739,73
UKPGA_2018_12__LEGV2__CH_01740,81
UKPGA_2018_12__LEGV2__CH_01741,68
UKPGA_2018_12__LEGV2__CH_01742,70
UKPGA_2018_12__LEGV2__CH_01743,63
UKPGA_2018_12__LEGV2__CH_01744,82
UKPGA_2018_12__LEGV2__CH_01746,61
UKPGA_2018_12__LEGV2__CH_01747,65
UKPGA_2018_12__LEGV2__CH_01748,63
UKPGA_2018_12__LEGV2__CH_01749,67
UKPGA_2018_12__LEGV2__CH_01750,74
UKPGA_2018_12__LEGV2__CH_01751,88
UKPGA_2018_12__LEGV2__CH_01752,68
UKPGA_2018_12__LEGV2__CH_01753,70
UKPGA_2018_12__LEGV2__CH_01754,70
UKPGA_2018_12__LEGV2__CH_01755,68
UKPGA_2018_12__LEGV2__CH_01756,73
UKPGA_2018_12__LEGV2__CH_01758,66
UKPGA_2018_12__LEGV2__CH_01759,72
UKPGA_2018_12__LEGV2__CH_01761,60
UKPGA_2018_12__LEGV2__CH_01762,74
UKPGA_2018_12__LEGV2__CH_01763,63
UKPGA_2018_12__LEGV2__CH_01764,89
UKPGA_2018_12__LEGV2__CH_01765,61
UKPGA_2018_12__LEGV2__CH_01766,61
UKPGA_2018_12__LEGV2__CH_01767,94
UKPGA_2018_12__LEGV2__CH_01768,79
UKPGA_2018_12__LEGV2__CH_01769,61
UKPGA_2018_12__LEGV2__CH_01770,83
UKPGA_2018_12__LEGV2__CH_01771,78
UKPGA_2018_12__LEGV2__CH_01772,54
UKPGA_2018_12__LEGV2__CH_01773,74
UKPGA_2018_12__LEGV2__CH_01776,54
UKPGA_2018_12__LEGV2__CH_01777,64
UKPGA_2018_12__LEGV2__CH_01778,62
UKPGA_2018_12__LEGV2__CH_01779,63
UKPGA_2018_12__LEGV2__CH_01780,83
UKPGA_2018_12__LEGV2__CH_01781,53
UKPGA_2018_12__LEGV2__CH_01782,58
UKPGA_2018_12__LEGV2__CH_01783,90
UKPGA_2018_12__LEGV2__CH_01784,63
UKPGA_2018_12__LEGV2__CH_01785,85
UKPGA_2018_12__LEGV2__CH_01786,73
UKPGA_2018_12__LEGV2__CH_01787,57
UKPGA_2018_12__LEGV2__CH_01788,64
UKPGA_2018_12__LEGV2__CH_01790,56
UKPGA_2018_12__LEGV2__CH_01791,68
UKPGA_2018_12__LEGV2__CH_01792,73
UKPGA_2018_12__LEGV2__CH_01793,57
UKPGA_2018_12__LEGV2__CH_01794,72
UKPGA_2018_12__LEGV2__CH_01795,80
UKPGA_2018_12__LEGV2__CH_01796,68
UKPGA_2018_12__LEGV2__CH_01797,60
UKPGA_2018_12__LEGV2__CH_01798,69
UKPGA_2018_12__LEGV2__CH_01799,85
UKPGA_2018_12__LEGV2__CH_01800,68
UKPGA_2018_12__LEGV2__CH_01801,78
UKPGA_2018_12__LEGV2__CH_01802,56
UKPGA_2018_12__LEGV2__CH_01803,56
UKPGA_2018_12__LEGV2__CH_01806,73
UKPGA_2018_12__LEGV2__CH_01807,61
UKPGA_2018_12__LEGV2__CH_01808,59
UKPGA_2018_12__LEGV2__CH_01809,77
UKPGA_2018_12__LEGV2__CH_01810,64
UKPGA_2018_12__LEGV2__CH_01811,65
UKPGA_2018_12__LEGV2__CH_01812,69
UKPGA_2018_12__LEGV2__CH_01813,67
UKPGA_2018_12__LEGV2__CH_01814,62
UKPGA_2018_12__LEGV2__CH_01815,82
UKPGA_2018_12__LEGV2__CH_01816,69
UKPGA_2018_12__LEGV2__CH_01817,66
UKPGA_2018_12__LEGV2__CH_01818,58
UKPGA_2018_12__LEGV2__CH_01819,87
UKPGA_2018_12__LEGV2__CH_01820,59
UKPGA_2018_12__LEGV2__CH_01821,68
UKPGA_2018_12__LEGV2__CH_01822,78
UKPGA_2018_12__LEGV2__CH_01823,66
UKPGA_2018_12__LEGV2__CH_01825,56
UKPGA_2018_12__LEGV2__CH_01826,65
UKPGA_2018_12__LEGV2__CH_01827,57
UKPGA_2018_12__LEGV2__CH_01828,52
UKPGA_2018_12__LEGV2__CH_01829,77
UKPGA_2018_12__LEGV2__CH_01831,64
UKPGA_2018_12__LEGV2__CH_01834,45
UKPGA_2018_12__LEGV2__CH_01835,53
UKPGA_2018_12__LEGV2__CH_01837,49
UKPGA_2018_12__LEGV2__CH_01838,53
UKPGA_2018_12__LEGV2__CH_01839,48
UKPGA_2018_12__LEGV2__CH_01840,51
UKPGA_2018_12__LEGV2__CH_01841,49
UKPGA_2018_12__LEGV2__CH_01843,80
UKPGA_2018_12__LEGV2__CH_01844,65
UKPGA_2018_12__LEGV2__CH_01846,50
UKPGA_2018_12__LEGV2__CH_01848,53
UKPGA_2018_12__LEGV2__CH_01849,49
UKPGA_2018_12__LEGV2__CH_01850,66
UKPGA_2018_12__LEGV2__CH_01851,55
UKPGA_2018_12__LEGV2__CH_01855,54
UKPGA_2018_12__LEGV2__CH_01857,58
UKPGA_2018_12__LEGV2__CH_01861,42
UKPGA_2020_1__LEGV2__CH_00001,73
UKPGA_2020_1__LEGV2__CH_00002,59
UKPGA_2020_1__LEGV2__CH_00003,74
UKPGA_2020_1__LEGV2__CH_00004,91
UKPGA_2020_1__LEGV2__CH_00005,52
UKPGA_2020_1__LEGV2__CH_00007,74
UKPGA_2020_1__LEGV2__CH_00008,77
UKPGA_2020_1__LEGV2__CH_00010,77
UKPGA_2020_1__LEGV2__CH_00011,110
UKPGA_2020_1__LEGV2__CH_00012,106
UKPGA_2020_1__LEGV2__CH_00013,81
UKPGA_2020_1__LEGV2__CH_00014,70
UKPGA_2020_1__LEGV2__CH_00015,88
UKPGA_2020_1__LEGV2__CH_00016,65
UKPGA_2020_1__LEGV2__CH_00017,66
UKPGA_2020_1__LEGV2__CH_00018,82
UKPGA_2020_1__LEGV2__CH_00019,94
UKPGA_2020_1__LEGV2__CH_00020,110
UKPGA_2020_1__LEGV2__CH_00021,106
UKPGA_2020_1__LEGV2__CH_00022,105
UKPGA_2020_1__LEGV2__CH_00023,113
UKPGA_2020_1__LEGV2__CH_00024,115
UKPGA_2020_1__LEGV2__CH_00025,75
UKPGA_2020_1__LEGV2__CH_00026,99
UKPGA_2020_1__LEGV2__CH_00027,52
UKPGA_2020_1__LEGV2__CH_00028,67
UKPGA_2020_1__LEGV2__CH_00029,67
UKPGA_2020_1__LEGV2__CH_00030,80
UKPGA_2020_1__LEGV2__CH_00031,110
UKPGA_2020_1__LEGV2__CH_00032,76
UKPGA_2020_1__LEGV2__CH_00033,99
UKPGA_2020_1__LEGV2__CH_00034,109
UKPGA_2020_1__LEGV2__CH_00035__M,78
UKPGA_2020_1__LEGV2__CH_00037,101
UKPGA_2020_1__LEGV2__CH_00038,52
UKPGA_2020_1__LEGV2__CH_00039,50
UKPGA_2020_1__LEGV2__CH_00040,77
UKPGA_2020_1__LEGV2__CH_00041,78
UKPGA_2020_1__LEGV2__CH_00042,81
UKPGA_2020_1__LEGV2__CH_00043,85
UKPGA_2020_1__LEGV2__CH_00044,66
UKPGA_2020_1__LEGV2__CH_00045,73
UKPGA_2020_1__LEGV2__CH_00046,74
UKPGA_2020_1__LEGV2__CH_00047,62
UKPGA_2020_1__LEGV2__CH_00048,88
UKPGA_2020_1__LEGV2__CH_00049,56
UKPGA_2020_1__LEGV2__CH_00050,66
UKPGA_2020_1__LEGV2__CH_00051,63
UKPGA_2020_1__LEGV2__CH_00053,70
UKPGA_2020_1__LEGV2__CH_00054,71
UKPGA_2020_1__LEGV2__CH_00055,76
UKPGA_2020_1__LEGV2__CH_00056,72
UKPGA_2020_1__LEGV2__CH_00057,59
UKPGA_2020_1__LEGV2__CH_00058,62
UKPGA_2020_1__LEGV2__CH_00060,82
UKPGA_2020_1__LEGV2__CH_00061,94
UKPGA_2020_1__LEGV2__CH_00062,80
UKPGA_2020_1__LEGV2__CH_00063,76
UKPGA_2020_1__LEGV2__CH_00067,73
UKPGA_2020_1__LEGV2__CH_00070,105
UKPGA_2020_1__LEGV2__CH_00071,80
UKPGA_2020_1__LEGV2__CH_00072,59
UKPGA_2020_1__LEGV2__CH_00073,42
UKPGA_2020_1__LEGV2__CH_00074,81
UKPGA_2020_1__LEGV2__CH_00075,79
UKPGA_2020_1__LEGV2__CH_00076,76
UKPGA_2020_1__LEGV2__CH_00077,77
UKPGA_2020_1__LEGV2__CH_00078,77
UKPGA_2020_1__LEGV2__CH_00079,72
UKPGA_2020_1__LEGV2__CH_00080,74
UKPGA_2020_1__LEGV2__CH_00081,45
UKPGA_2020_1__LEGV2__CH_00082,67
UKPGA_2020_1__LEGV2__CH_00083,83
UKPGA_2020_1__LEGV2__CH_00084,70
UKPGA_2020_1__LEGV2__CH_00085,82
UKPGA_2020_1__LEGV2__CH_00091,105
UKPGA_2020_1__LEGV2__CH_00092,84
UKPGA_2020_1__LEGV2__CH_00093,74
UKPGA_2020_1__LEGV2__CH_00094,85
UKPGA_2020_1__LEGV2__CH_00095,83
UKPGA_2020_1__LEGV2__CH_00096,113
UKPGA_2020_1__LEGV2__CH_00097,138
UKPGA_2020_1__LEGV2__CH_00099,118
UKPGA_2020_1__LEGV2__CH_00100,117
UKPGA_2020_1__LEGV2__CH_00101,69
UKPGA_2020_1__LEGV2__CH_00102,68
UKPGA_2020_1__LEGV2__CH_00103,86
UKPGA_2020_1__LEGV2__CH_00104,93
UKPGA_2020_1__LEGV2__CH_00105,129
UKPGA_2020_1__LEGV2__CH_00106,101
UKPGA_2020_1__LEGV2__CH_00108,78
UKPGA_2020_1__LEGV2__CH_00109,109
UKPGA_2020_1__LEGV2__CH_00110,80
UKPGA_2020_1__LEGV2__CH_00111,101
UKPGA_2020_1__LEGV2__CH_00112,72
UKPGA_2020_1__LEGV2__CH_00113,115
UKPGA_2020_1__LEGV2__CH_00114,69
UKPGA_2020_1__LEGV2__CH_00115,93
UKPGA_2020_1__LEGV2__CH_00116,104
UKPGA_2020_1__LEGV2__CH_00117,103
UKPGA_2020_1__LEGV2__CH_00118,93
UKPGA_2020_1__LEGV2__CH_00120,96
UKPGA_2020_1__LEGV2__CH_00121,115
UKPGA_2020_1__LEGV2__CH_00122,80
UKPGA_2020_1__LEGV2__CH_00123,66
UKPGA_2020_1__LEGV2__CH_00124,55
UKPGA_2020_1__LEGV2__CH_00125,68
UKPGA_2020_1__LEGV2__CH_00126,77
UKPGA_2020_1__LEGV2__CH_00127,79
UKPGA_2020_1__LEGV2__CH_00128,100
UKPGA_2020_1__LEGV2__CH_00129,66
UKPGA_2020_1__LEGV2__CH_00130,138
UKPGA_2020_1__LEGV2__CH_00131,74
UKPGA_2020_1__LEGV2__CH_00132,97
UKPGA_2020_1__LEGV2__CH_00133,60
UKPGA_2020_1__LEGV2__CH_00134,84
UKPGA_2020_1__LEGV2__CH_00135,88
UKPGA_2020_1__LEGV2__CH_00136,94
UKPGA_2020_1__LEGV2__CH_00137,142
UKPGA_2020_1__LEGV2__CH_00138,104
UKPGA_2020_1__LEGV2__CH_00139,84
UKPGA_2020_1__LEGV2__CH_00140,57
UKPGA_2020_1__LEGV2__CH_00141,77
UKPGA_2020_1__LEGV2__CH_00142,158
UKPGA_2020_1__LEGV2__CH_00143,91
UKPGA_2020_1__LEGV2__CH_00144,94
UKPGA_2020_1__LEGV2__CH_00145,131
UKPGA_2020_1__LEGV2__CH_00146,108
UKPGA_2020_1__LEGV2__CH_00147,68
UKPGA_2020_1__LEGV2__CH_00148,96
UKPGA_2020_1__LEGV2__CH_00149,98
UKPGA_2020_1__LEGV2__CH_00150,84
UKPGA_2020_1__LEGV2__CH_00151,80
UKPGA_2020_1__LEGV2__CH_00152,51
UKPGA_2020_1__LEGV2__CH_00153,64
UKPGA_2020_1__LEGV2__CH_00154,92
UKPGA_2020_1__LEGV2__CH_00155,96
UKPGA_2020_1__LEGV2__CH_00156,68
UKPGA_2020_1__LEGV2__CH_00157,71
UKPGA_2020_1__LEGV2__CH_00158,74
UKPGA_2020_1__LEGV2__CH_00159,85
UKPGA_2020_1__LEGV2__CH_00160,64
UKPGA_2020_1__LEGV2__CH_00161,72
UKPGA_2020_1__LEGV2__CH_00162,100
UKPGA_2020_1__LEGV2__CH_00163,84
UKPGA_2020_1__LEGV2__CH_00164,67
UKPGA_2020_1__LEGV2__CH_00165,128
UKPGA_2020_1__LEGV2__CH_00166,76
UKPGA_2020_1__LEGV2__CH_00167,104
UKPGA_2020_1__LEGV2__CH_00168,68
UKPGA_2020_1__LEGV2__CH_00169,101
UKPGA_2020_1__LEGV2__CH_00170,87
UKPGA_2020_1__LEGV2__CH_00171,108
UKPGA_2020_1__LEGV2__CH_00172,110
UKPGA_2020_1__LEGV2__CH_00173,64
UKPGA_2020_1__LEGV2__CH_00174,68
UKPGA_2020_1__LEGV2__CH_00175,67
UKPGA_2020_1__LEGV2__CH_00176,114
UKPGA_2020_1__LEGV2__CH_00177,70
UKPGA_2020_1__LEGV2__CH_00178,85
UKPGA_2020_1__LEGV2__CH_00179,119
UKPGA_2020_1__LEGV2__CH_00180,95
UKPGA_2020_1__LEGV2__CH_00181,101
UKPGA_2020_1__LEGV2__CH_00183,66
UKPGA_2020_1__LEGV2__CH_00184,70
UKPGA_2020_1__LEGV2__CH_00185,79
UKPGA_2020_1__LEGV2__CH_00186,107
UKPGA_2020_1__LEGV2__CH_00187,76
UKPGA_2020_1__LEGV2__CH_00189,146
UKPGA_2020_1__LEGV2__CH_00190,132
UKPGA_2020_1__LEGV2__CH_00191,91
UKPGA_2020_1__LEGV2__CH_00192,119
UKPGA_2020_1__LEGV2__CH_00193,61
UKPGA_2020_1__LEGV2__CH_00194,58
UKPGA_2020_1__LEGV2__CH_00195,80
UKPGA_2020_1__LEGV2__CH_00196,63
UKPGA_2020_1__LEGV2__CH_00197,64
UKPGA_2020_1__LEGV2__CH_00198,66
UKPGA_2020_1__LEGV2__CH_00199,78
UKPGA_2020_1__LEGV2__CH_00200,63
UKPGA_2020_1__LEGV2__CH_00201,61
UKPGA_2020_1__LEGV2__CH_00202,88
UKPGA_2020_1__LEGV2__CH_00203,80
UKPGA_2020_1__LEGV2__CH_00204,74
UKPGA_2020_1__LEGV2__CH_00205,81
UKPGA_2020_1__LEGV2__CH_00206,74
UKPGA_2020_1__LEGV2__CH_00207,73
UKPGA_2020_1__LEGV2__CH_00208,71
UKPGA_2020_1__LEGV2__CH_00209,87
UKPGA_2020_1__LEGV2__CH_00210,80
UKPGA_2020_1__LEGV2__CH_00211,76
UKPGA_2020_1__LEGV2__CH_00212,83
UKPGA_2020_1__LEGV2__CH_00213,55
UKPGA_2020_1__LEGV2__CH_00214,68
UKPGA_2020_1__LEGV2__CH_00215,61
UKPGA_2020_1__LEGV2__CH_00216,64
UKPGA_2020_1__LEGV2__CH_00217,67
UKPGA_2020_1__LEGV2__CH_00218,63
UKPGA_2020_1__LEGV2__CH_00219,66
UKPGA_2020_1__LEGV2__CH_00220,85
UKPGA_2020_1__LEGV2__CH_00221,71
UKPGA_2020_1__LEGV2__CH_00222,61
UKPGA_2020_1__LEGV2__CH_00223,64
UKPGA_2020_1__LEGV2__CH_00224,61
UKPGA_2020_1__LEGV2__CH_00225,58
UKPGA_2020_1__LEGV2__CH_00226,62
UKPGA_2020_1__LEGV2__CH_00227,105
UKPGA_2020_1__LEGV2__CH_00228,111
UKPGA_2020_1__LEGV2__CH_00229,95
UKPGA_2020_1__LEGV2__CH_00230,82
UKPGA_2020_1__LEGV2__CH_00231,64
UKPGA_2020_1__LEGV2__CH_00232,56
UKPGA_2020_1__LEGV2__CH_00233,71
UKPGA_2020_1__LEGV2__CH_00234,51
UKPGA_2020_1__LEGV2__CH_00235,65
UKPGA_2020_1__LEGV2__CH_00236,108
UKPGA_2020_1__LEGV2__CH_00237,101
UKPGA_2020_1__LEGV2__CH_00238,82
UKPGA_2020_1__LEGV2__CH_00239,102
UKPGA_2020_1__LEGV2__CH_00240,80
UKPGA_2020_1__LEGV2__CH_00242,92
UKPGA_2020_1__LEGV2__CH_00243,116
UKPGA_2020_1__LEGV2__CH_00247,81
UKPGA_2020_1__LEGV2__CH_00248,156
UKPGA_2020_1__LEGV2__CH_00250,87
UKPGA_2020_1__LEGV2__CH_00251,77
UKPGA_2020_1__LEGV2__CH_00252,81
UKPGA_2020_1__LEGV2__CH_00254,94
UKPGA_2020_1__LEGV2__CH_00255,97
UKPGA_2020_1__LEGV2__CH_00256,76
UKPGA_2020_1__LEGV2__CH_00257,68
UKPGA_2020_1__LEGV2__CH_00259,62
UKPGA_2020_1__LEGV2__CH_00260,97
UKPGA_2020_1__LEGV2__CH_00261,95
UKPGA_2020_1__LEGV2__CH_00264,103
UKPGA_2020_1__LEGV2__CH_00265,65
UKPGA_2020_1__LEGV2__CH_00266,81
UKPGA_2020_1__LEGV2__CH_00267,103
UKPGA_2020_1__LEGV2__CH_00269,84
UKPGA_2020_1__LEGV2__CH_00270,78
UKPGA_2020_1__LEGV2__CH_00271,84
UKPGA_2020_1__LEGV2__CH_00272,100
UKPGA_2020_1__LEGV2__CH_00273,113
UKPGA_2020_1__LEGV2__CH_00275,73
UKPGA_2020_1__LEGV2__CH_00276,97
UKPGA_2020_1__LEGV2__CH_00277,86
UKPGA_2020_1__LEGV2__CH_00278,89
UKPGA_2020_1__LEGV2__CH_00279,84
UKPGA_2020_1__LEGV2__CH_00280,115
UKPGA_2020_1__LEGV2__CH_00281,115
UKPGA_2020_1__LEGV2__CH_00282,86
UKPGA_2020_1__LEGV2__CH_00283,94
UKPGA_2020_1__LEGV2__CH_00284,121
UKPGA_2020_1__LEGV2__CH_00285,93
UKPGA_2020_1__LEGV2__CH_00286,92
UKPGA_2020_1__LEGV2__CH_00287,75
UKPGA_2020_1__LEGV2__CH_00288,78
UKPGA_2020_1__LEGV2__CH_00289,65
UKPGA_2020_1__LEGV2__CH_00290,80
UKPGA_2020_1__LEGV2__CH_00291,69
UKPGA_2020_1__LEGV2__CH_00292,80
UKPGA_2020_1__LEGV2__CH_00293,71
UKPGA_2020_1__LEGV2__CH_00294,80
UKPGA_2020_1__LEGV2__CH_00295,84
UKPGA_2020_1__LEGV2__CH_00296,65
UKPGA_2020_1__LEGV2__CH_00297,81
UKPGA_2020_1__LEGV2__CH_00298,91
UKPGA_2020_1__LEGV2__CH_00299,72
UKPGA_2020_1__LEGV2__CH_00300,75
UKPGA_2020_1__LEGV2__CH_00301,76
UKPGA_2020_1__LEGV2__CH_00302,85
UKPGA_2020_1__LEGV2__CH_00303,83
UKPGA_2020_1__LEGV2__CH_00304,87
UKPGA_2020_1__LEGV2__CH_00305,79
UKPGA_2020_1__LEGV2__CH_00306,74
UKPGA_2020_1__LEGV2__CH_00307,77
UKPGA_2020_1__LEGV2__CH_00308,80
UKPGA_2020_1__LEGV2__CH_00309,82
UKPGA_2020_1__LEGV2__CH_00310,87
UKPGA_2020_1__LEGV2__CH_00311,70
UKPGA_2020_1__LEGV2__CH_00312,73
UKPGA_2020_1__LEGV2__CH_00313,80
UKPGA_2020_1__LEGV2__CH_00314,77
UKPGA_2020_1__LEGV2__CH_00315,78
UKPGA_2020_1__LEGV2__CH_00316,74
UKPGA_2020_1__LEGV2__CH_00317,83
UKPGA_2020_1__LEGV2__CH_00318,74
UKPGA_2020_1__LEGV2__CH_00319,81
UKPGA_2020_1__LEGV2__CH_00320,85
UKPGA_2020_1__LEGV2__CH_00321,76
UKPGA_2020_1__LEGV2__CH_00338,77
UKPGA_2020_1__LEGV2__CH_00339,91
UKPGA_2020_1__LEGV2__CH_00340,67
UKPGA_2020_1__LEGV2__CH_00341,71
UKPGA_2020_1__LEGV2__CH_00342,73
UKPGA_2020_1__LEGV2__CH_00343,62
UKPGA_2020_1__LEGV2__CH_00344,87
UKPGA_2020_1__LEGV2__CH_00345,68
UKPGA_2020_1__LEGV2__CH_00346,72
UKPGA_2020_1__LEGV2__CH_00347,73
UKPGA_2020_1__LEGV2__CH_00348,65
UKPGA_2020_1__LEGV2__CH_00350,68
UKPGA_2020_1__LEGV2__CH_00352,83
UKPGA_2020_1__LEGV2__CH_00354,102
UKPGA_2020_1__LEGV2__CH_00355,92
UKPGA_2020_1__LEGV2__CH_00356,86
UKPGA_2020_1__LEGV2__CH_00357,82
UKPGA_2020_1__LEGV2__CH_00359,75
UKPGA_2020_1__LEGV2__CH_00368,140
UKPGA_2020_1__LEGV2__CH_00369,142
UKPGA_2020_1__LEGV2__CH_00370,147
UKPGA_2020_1__LEGV2__CH_00371,166
UKPGA_2020_1__LEGV2__CH_00372,84
UKPGA_2020_1__LEGV2__CH_00373,91
UKPGA_2020_1__LEGV2__CH_00374,66
UKPGA_2020_1__LEGV2__CH_00375,68
UKPGA_2020_1__LEGV2__CH_00376,72
UKPGA_2020_1__LEGV2__CH_00377,65
UKPGA_2020_1__LEGV2__CH_00378,80
UKPGA_2020_1__LEGV2__CH_00379,88
UKPGA_2020_1__LEGV2__CH_00380,78
UKPGA_2020_1__LEGV2__CH_00381,82
UKPGA_2020_1__LEGV2__CH_00382,69
UKPGA_2020_1__LEGV2__CH_00384,68
UKPGA_2020_1__LEGV2__CH_00386,82
UKPGA_2020_1__LEGV2__CH_00391,78
UKPGA_2020_1__LEGV2__CH_00393,79
UKPGA_2020_1__LEGV2__CH_00399,62
UKPGA_2020_1__LEGV2__CH_00400,66
UKPGA_2020_1__LEGV2__CH_00403,73
UKPGA_2020_1__LEGV2__CH_00405,74
UKPGA_2020_1__LEGV2__CH_00406,68
UKPGA_2020_1__LEGV2__CH_00407,60
UKPGA_2020_1__LEGV2__CH_00408,97
UKPGA_2020_1__LEGV2__CH_00409,104
UKPGA_2020_1__LEGV2__CH_00410,68
UKPGA_2020_1__LEGV2__CH_00411,65
UKPGA_2020_1__LEGV2__CH_00412,66
UKPGA_2020_1__LEGV2__CH_00413,79
UKPGA_2020_1__LEGV2__CH_00414,83
UKPGA_2020_1__LEGV2__CH_00420,69
UKPGA_2020_1__LEGV2__CH_00421,73
UKPGA_2020_1__LEGV2__CH_00422,129
UKPGA_2020_1__LEGV2__CH_00423,80
UKPGA_2020_1__LEGV2__CH_00424,113
UKPGA_2020_1__LEGV2__CH_00425,76
UKPGA_2020_1__LEGV2__CH_00426,105
UKPGA_2020_1__LEGV2__CH_00427,88
UKPGA_2020_1__LEGV2__CH_00428,69
UKPGA_2020_1__LEGV2__CH_00430,79
UKPGA_2020_1__LEGV2__CH_00431,67
UKPGA_2020_1__LEGV2__CH_00432,126
UKPGA_2020_1__LEGV2__CH_00434,115
UKPGA_2020_1__LEGV2__CH_00435,90
UKPGA_2020_1__LEGV2__CH_00436,72
UKPGA_2020_1__LEGV2__CH_00437,72
UKPGA_2020_1__LEGV2__CH_00438,95
UKPGA_2020_1__LEGV2__CH_00439,65
UKPGA_2020_1__LEGV2__CH_00440,99
UKPGA_2023_54__NODEV1__CH_00001,97
UKPGA_2023_54__NODEV1__CH_00002,151
UKPGA_2023_54__NODEV1__CH_00003,116
UKPGA_2023_54__NODEV1__CH_00004,73
UKPGA_2023_54__NODEV1__CH_00005,133
UKPGA_2023_54__NODEV1__CH_00006,111
UKPGA_2023_54__NODEV1__CH_00007,112
UKPGA_2023_54__NODEV1__CH_00008,99
UKPGA_2023_54__NODEV1__CH_00009,103
UKPGA_2023_54__NODEV1__CH_00010,158
UKPGA_2023_54__NODEV1__CH_00011,89
UKPGA_2023_54__NODEV1__CH_00012,129
UKPGA_2023_54__NODEV1__CH_00013,121
UKPGA_2023_54__NODEV1__CH_00014,117
UKPGA_2023_54__NODEV1__CH_00015,91
UKPGA_2023_54__NODEV1__CH_00016,117
UKPGA_2023_54__NODEV1__CH_00017,73
UKPGA_2023_54__NODEV1__CH_00018,85
UKPGA_2023_54__NODEV1__CH_00019,130
UKPGA_2023_54__NODEV1__CH_00020,123
UKPGA_2023_54__NODEV1__CH_00021,116
UKPGA_2023_54__NODEV1__CH_00022,134
UKPGA_2023_54__NODEV1__CH_00023,173
UKPGA_2023_54__NODEV1__CH_00024,111
UKPGA_2023_54__NODEV1__CH_00025,70
UKPGA_2023_54__NODEV1__CH_00026,96
UKPGA_2023_54__NODEV1__CH_00027,112
UKPGA_2023_54__NODEV1__CH_00028,135
UKPGA_2023_54__NODEV1__CH_00029,95
UKPGA_2023_54__NODEV1__CH_00030,120
UKPGA_2023_54__NODEV1__CH_00031,121
UKPGA_2023_54__NODEV1__CH_00032,91
UKPGA_2023_54__NODEV1__CH_00033,134
UKPGA_2023_54__NODEV1__CH_00034,127
UKPGA_2023_54__NODEV1__CH_00035,96
UKPGA_2023_54__NODEV1__CH_00036,112
UKPGA_2023_54__NODEV1__CH_00037,97
UKPGA_2023_54__NODEV1__CH_00038,95
UKPGA_2023_54__NODEV1__CH_00039,103
UKPGA_2023_54__NODEV1__CH_00040,111
UKPGA_2023_54__NODEV1__CH_00041,110
UKPGA_2023_54__NODEV1__CH_00042,99
UKPGA_2023_54__NODEV1__CH_00043,107
UKPGA_2023_54__NODEV1__CH_00044,82
UKPGA_2023_54__NODEV1__CH_00045,142
UKPGA_2023_54__NODEV1__CH_00046,134
UKPGA_2023_54__NODEV1__CH_00047,100
UKPGA_2023_54__NODEV1__CH_00048,98
UKPGA_2023_54__NODEV1__CH_00049,147
UKPGA_2023_54__NODEV1__CH_00050,109
UKPGA_2023_54__NODEV1__CH_00051,109
UKPGA_2023_54__NODEV1__CH_00052,95
UKPGA_2023_54__NODEV1__CH_00053,114
UKPGA_2023_54__NODEV1__CH_00054,131
UKPGA_2023_54__NODEV1__CH_00055,69
UKPGA_2023_54__NODEV1__CH_00056,170
UKPGA_2023_54__NODEV1__CH_00057,162
UKPGA_2023_54__NODEV1__CH_00058,145
UKPGA_2023_54__NODEV1__CH_00059,109
UKPGA_2023_54__NODEV1__CH_00060,110
UKPGA_2023_54__NODEV1__CH_00061,127
UKPGA_2023_54__NODEV1__CH_00062,129
UKPGA_2023_54__NODEV1__CH_00063,95
UKPGA_2023_54__NODEV1__CH_00064,107
UKPGA_2023_54__NODEV1__CH_00065,135
UKPGA_2023_54__NODEV1__CH_00066,76
UKPGA_2023_54__NODEV1__CH_00067,117
UKPGA_2023_54__NODEV1__CH_00068,137
UKPGA_2023_54__NODEV1__CH_00069,117
UKPGA_2023_54__NODEV1__CH_00070,106
UKPGA_2023_54__NODEV1__CH_00071,113
UKPGA_2023_54__NODEV1__CH_00072,135
UKPGA_2023_54__NODEV1__CH_00073,141
UKPGA_2023_54__NODEV1__CH_00074,165
UKPGA_2023_54__NODEV1__CH_00075,144
UKPGA_2023_54__NODEV1__CH_00076,68
UKPGA_2023_54__NODEV1__CH_00077,107
UKPGA_2023_54__NODEV1__CH_00078,150
UKPGA_2023_54__NODEV1__CH_00079,100
UKPGA_2023_54__NODEV1__CH_00080,102
UKPGA_2023_54__NODEV1__CH_00081,83
UKPGA_2023_54__NODEV1__CH_00082,114
UKPGA_2023_54__NODEV1__CH_00083,88
UKPGA_2023_54__NODEV1__CH_00084,139
UKPGA_2023_54__NODEV1__CH_00085,90
UKPGA_2023_54__NODEV1__CH_00086,129
UKPGA_2023_54__NODEV1__CH_00087,103
UKPGA_2023_54__NODEV1__CH_00088,131
UKPGA_2023_54__NODEV1__CH_00089,66
UKPGA_2023_54__NODEV1__CH_00090,97
UKPGA_2023_54__NODEV1__CH_00091,125
UKPGA_2023_54__NODEV1__CH_00092,89
UKPGA_2023_54__NODEV1__CH_00093,167
UKPGA_2023_54__NODEV1__CH_00094,135
UKPGA_2023_54__NODEV1__CH_00095,93
UKPGA_2023_54__NODEV1__CH_00096,110
UKPGA_2023_54__NODEV1__CH_00097,81
UKPGA_2023_54__NODEV1__CH_00098,103
UKPGA_2023_54__NODEV1__CH_00099,105
UKPGA_2023_54__NODEV1__CH_00100,112
UKPGA_2023_54__NODEV1__CH_00101,75
UKPGA_2023_54__NODEV1__CH_00102,89
UKPGA_2023_54__NODEV1__CH_00103,68
UKPGA_2023_54__NODEV1__CH_00104,109
UKPGA_2023_54__NODEV1__CH_00105,71
UKPGA_2023_54__NODEV1__CH_00106,124
UKPGA_2023_54__NODEV1__CH_00107,111
UKPGA_2023_54__NODEV1__CH_00108,84
UKPGA_2023_54__NODEV1__CH_00109,75
UKPGA_2023_54__NODEV1__CH_00110,100
UKPGA_2023_54__NODEV1__CH_00111,116
UKPGA_2023_54__NODEV1__CH_00112,106
UKPGA_2023_54__NODEV1__CH_00113,66
UKPGA_2023_54__NODEV1__CH_00114,90
UKPGA_2023_54__NODEV1__CH_00115,99
UKPGA_2023_54__NODEV1__CH_00116,80
UKPGA_2023_54__NODEV1__CH_00117,91
UKPGA_2023_54__NODEV1__CH_00118,88
UKPGA_2023_54__NODEV1__CH_00119,102
UKPGA_2023_54__NODEV1__CH_00120,119
UKPGA_2023_54__NODEV1__CH_00121,142
UKPGA_2023_54__NODEV1__CH_00122,127
UKPGA_2023_54__NODEV1__CH_00123,85
UKPGA_2023_54__NODEV1__CH_00124,56
UKPGA_2023_54__NODEV1__CH_00125,69
UKPGA_2023_54__NODEV1__CH_00126,74
UKPGA_2023_54__NODEV1__CH_00127,68
UKPGA_2023_54__NODEV1__CH_00128,91
UKPGA_2023_54__NODEV1__CH_00129,77
UKPGA_2023_54__NODEV1__CH_00130,131
UKPGA_2023_54__NODEV1__CH_00131,128
UKPGA_2023_54__NODEV1__CH_00132,132
UKPGA_2023_54__NODEV1__CH_00133,58
UKPGA_2023_54__NODEV1__CH_00135,114
UKPGA_2023_54__NODEV1__CH_00137,101
UKPGA_2023_54__NODEV1__CH_00138,78
UKPGA_2023_54__NODEV1__CH_00139,71
UKPGA_2023_54__NODEV1__CH_00140,70
UKPGA_2023_54__NODEV1__CH_00141,97
UKPGA_2023_54__NODEV1__CH_00142,63
UKPGA_2023_54__NODEV1__CH_00143,119
UKPGA_2023_54__NODEV1__CH_00144,117
UKPGA_2023_54__NODEV1__CH_00145,97
UKPGA_2023_54__NODEV1__CH_00146,71
UKPGA_2023_54__NODEV1__CH_00147,85
UKPGA_2023_54__NODEV1__CH_00148,104
UKPGA_2023_54__NODEV1__CH_00149,103
UKPGA_2023_54__NODEV1__CH_00150,81
UKPGA_2023_54__NODEV1__CH_00151,55
UKPGA_2023_54__NODEV1__CH_00152,63
UKPGA_2023_54__NODEV1__CH_00153,56
UKPGA_2023_54__NODEV1__CH_00154,60
UKPGA_2023_54__NODEV1__CH_00155,50
UKPGA_2023_54__NODEV1__CH_00156,100
UKPGA_2023_54__NODEV1__CH_00158,100
UKPGA_2023_54__NODEV1__CH_00160,78
UKPGA_2023_54__NODEV1__CH_00161,65
UKPGA_2023_54__NODEV1__CH_00162,70
UKPGA_2023_54__NODEV1__CH_00163,61
UKPGA_2023_54__NODEV1__CH_00164,103
UKPGA_2023_54__NODEV1__CH_00165,68
UKPGA_2023_54__NODEV1__CH_00166,85
UKPGA_2023_54__NODEV1__CH_00167,56
UKPGA_2023_54__NODEV1__CH_00169,67
UKPGA_2023_54__NODEV1__CH_00170,77
UKPGA_2023_54__NODEV1__CH_00171,68
UKPGA_2023_54__NODEV1__CH_00172,66
UKPGA_2023_54__NODEV1__CH_00173,100
UKPGA_2023_54__NODEV1__CH_00174,58
UKPGA_2023_54__NODEV1__CH_00175,75
UKPGA_2023_54__NODEV1__CH_00176,73
UKPGA_2023_54__NODEV1__CH_00177,67
UKPGA_2023_54__NODEV1__CH_00178,86
UKPGA_2023_54__NODEV1__CH_00180,75
UKPGA_2023_54__NODEV1__CH_00181,120
UKPGA_2023_54__NODEV1__CH_00182,90
UKPGA_2023_54__NODEV1__CH_00183,89
UKPGA_2023_54__NODEV1__CH_00184,75
UKPGA_2023_54__NODEV1__CH_00185,70
UKPGA_2023_54__NODEV1__CH_00186,127
UKPGA_2023_54__NODEV1__CH_00187,118
UKPGA_2023_54__NODEV1__CH_00188,129
UKPGA_2023_54__NODEV1__CH_00189,50
UKPGA_2023_54__NODEV1__CH_00190,86
UKPGA_2023_54__NODEV1__CH_00191,52
UKPGA_2023_54__NODEV1__CH_00192,83
UKPGA_2023_54__NODEV1__CH_00204,77
UKPGA_2023_54__NODEV1__CH_00205,62
UKPGA_2023_54__NODEV1__CH_00206,51
UKPGA_2023_54__NODEV1__CH_00207,68
UKPGA_2023_54__NODEV1__CH_00208,59
UKPGA_2023_54__NODEV1__CH_00209,82
UKPGA_2023_54__NODEV1__CH_00210,87
UKPGA_2023_54__NODEV1__CH_00211,78
UKPGA_2023_54__NODEV1__CH_00213,56
UKPGA_2023_54__NODEV1__CH_00214__M,114
UKPGA_2023_54__NODEV1__CH_00216,61
UKPGA_2023_54__NODEV1__CH_00217,54
UKPGA_2023_54__NODEV1__CH_00218,68
UKPGA_2023_54__NODEV1__CH_00219,76
UKPGA_2023_54__NODEV1__CH_00220,77
UKPGA_2023_54__NODEV1__CH_00221,81
UKPGA_2023_54__NODEV1__CH_00222,92
UKPGA_2023_54__NODEV1__CH_00223,59
UKPGA_2023_54__NODEV1__CH_00224,65
UKPGA_2023_54__NODEV1__CH_00225,68
UKPGA_2023_54__NODEV1__CH_00226,77
UKPGA_2023_54__NODEV1__CH_00228,86
UKPGA_2023_54__NODEV1__CH_00229,104
UKPGA_2023_54__NODEV1__CH_00231,66
UKPGA_2023_54__NODEV1__CH_00232,69
UKPGA_2023_54__NODEV1__CH_00233,62
UKPGA_2023_54__NODEV1__CH_00234,53
UKPGA_2023_54__NODEV1__CH_00235,64
UKPGA_2023_54__NODEV1__CH_00236,75
UKPGA_2023_54__NODEV1__CH_00237,65
UKPGA_2023_54__NODEV1__CH_00239,70
UKPGA_2023_54__NODEV1__CH_00240,73
UKPGA_2023_54__NODEV1__CH_00241,69
UKPGA_2023_54__NODEV1__CH_00242,60
UKPGA_2023_54__NODEV1__CH_00243,74
UKPGA_2023_54__NODEV1__CH_00245,69
UKPGA_2023_54__NODEV1__CH_00246,74
UKPGA_2023_54__NODEV1__CH_00247,82
UKPGA_2023_54__NODEV1__CH_00248,66
UKPGA_2023_54__NODEV1__CH_00249,58
UKPGA_2023_54__NODEV1__CH_00250,65
UKPGA_2023_54__NODEV1__CH_00252,78
UKPGA_2023_54__NODEV1__CH_00253,74
UKPGA_2023_54__NODEV1__CH_00255,72
UKPGA_2023_54__NODEV1__CH_00256,84
UKPGA_2023_54__NODEV1__CH_00257,101
UKPGA_2023_54__NODEV1__CH_00258,87
UKPGA_2023_54__NODEV1__CH_00259,89
UKPGA_2023_54__NODEV1__CH_00260,67
UKPGA_2023_54__NODEV1__CH_00261,76
UKPGA_2023_54__NODEV1__CH_00262,85
UKPGA_2023_54__NODEV1__CH_00263,92
UKPGA_2023_54__NODEV1__CH_00264,100
UKPGA_2023_54__NODEV1__CH_00265,76
UKPGA_2023_54__NODEV1__CH_00266,170
UKPGA_2023_54__NODEV1__CH_00267,93
UKPGA_2023_54__NODEV1__CH_00268,93
UKPGA_2023_54__NODEV1__CH_00269,64
UKPGA_2023_54__NODEV1__CH_00270,77
UKPGA_2023_54__NODEV1__CH_00271,82
UKPGA_2023_54__NODEV1__CH_00272,74
UKPGA_2023_54__NODEV1__CH_00273,52
UKPGA_2023_54__NODEV1__CH_00274,69
UKPGA_2023_54__NODEV1__CH_00275,63
UKPGA_2023_54__NODEV1__CH_00276,73
UKPGA_2023_54__NODEV1__CH_00277,84
UKPGA_2023_54__NODEV1__CH_00278,90
UKPGA_2023_54__NODEV1__CH_00279,104
UKPGA_2023_54__NODEV1__CH_00280,104
UKPGA_2023_54__NODEV1__CH_00281,64
UKPGA_2023_54__NODEV1__CH_00282,118
UKPGA_2023_54__NODEV1__CH_00283,86
UKPGA_2023_54__NODEV1__CH_00284,66
UKPGA_2023_54__NODEV1__CH_00285,61
UKPGA_2023_54__NODEV1__CH_00286__M,96
UKPGA_2023_54__NODEV1__CH_00288,84
UKPGA_2023_54__NODEV1__CH_00289,122
UKPGA_2023_54__NODEV1__CH_00290,91
UKPGA_2023_54__NODEV1__CH_00291,63
UKPGA_2023_54__NODEV1__CH_00292,95
UKPGA_2023_54__NODEV1__CH_00293,60
UKPGA_2023_54__NODEV1__CH_00294,53
UKPGA_2023_54__NODEV1__CH_00295,77
UKPGA_2023_54__NODEV1__CH_00299,63
UKPGA_2023_54__NODEV1__CH_00308,72
UKPGA_2023_54__NODEV1__CH_00327,120
UKPGA_2023_54__NODEV1__CH_00329,114
UKPGA_2023_54__NODEV1__CH_00330,107
UKPGA_2023_54__NODEV1__CH_00331,96
UKPGA_2023_54__NODEV1__CH_00332,59
UKPGA_2023_54__NODEV1__CH_00334,86
UKPGA_2023_54__NODEV1__CH_00335,61
UKPGA_2023_54__NODEV1__CH_00336,97
UKPGA_2023_54__NODEV1__CH_00337,76
UKPGA_2023_54__NODEV1__CH_00338,72
UKPGA_2023_54__NODEV1__CH_00339,109
UKPGA_2023_54__NODEV1__CH_00340,86
UKPGA_2023_54__NODEV1__CH_00341,73
UKPGA_2023_54__NODEV1__CH_00342,73
UKPGA_2023_54__NODEV1__CH_00343,79
UKPGA_2023_54__NODEV1__CH_00344,68
UKPGA_2023_54__NODEV1__CH_00345,95
UKPGA_2023_54__NODEV1__CH_00346,57
UKPGA_2023_54__NODEV1__CH_00347,56
UKPGA_2023_54__NODEV1__CH_00348,66
UKPGA_2023_54__NODEV1__CH_00349,83
UKPGA_2025_18__LEGV2__CH_00001,55
UKPGA_2025_18__LEGV2__CH_00002,135
UKPGA_2025_18__LEGV2__CH_00003,58
UKPGA_2025_18__LEGV2__CH_00004,62
UKPGA_2025_18__LEGV2__CH_00005,63
UKPGA_2025_18__LEGV2__CH_00006,81
UKPGA_2025_18__LEGV2__CH_00007,79
UKPGA_2025_18__LEGV2__CH_00008,77
UKPGA_2025_18__LEGV2__CH_00009,72
UKPGA_2025_18__LEGV2__CH_00010,71
UKPGA_2025_18__LEGV2__CH_00011,83
UKPGA_2025_18__LEGV2__CH_00013,71
UKPGA_2025_18__LEGV2__CH_00014,55
UKPGA_2025_18__LEGV2__CH_00015,96
UKPGA_2025_18__LEGV2__CH_00016,52
UKPGA_2025_18__LEGV2__CH_00017,60
UKPGA_2025_18__LEGV2__CH_00018,96
UKPGA_2025_18__LEGV2__CH_00019,67
UKPGA_2025_18__LEGV2__CH_00020,52
UKPGA_2025_18__LEGV2__CH_00021,74
UKPGA_2025_18__LEGV2__CH_00022,74
UKPGA_2025_18__LEGV2__CH_00023,60
UKPGA_2025_18__LEGV2__CH_00024,65
UKPGA_2025_18__LEGV2__CH_00025,61
UKPGA_2025_18__LEGV2__CH_00026,95
UKPGA_2025_18__LEGV2__CH_00028,69
UKPGA_2025_18__LEGV2__CH_00029,71
UKPGA_2025_18__LEGV2__CH_00030,92
UKPGA_2025_18__LEGV2__CH_00031,62
UKPGA_2025_18__LEGV2__CH_00032,66
UKPGA_2025_18__LEGV2__CH_00033,88
UKPGA_2025_18__LEGV2__CH_00034,74
UKPGA_2025_18__LEGV2__CH_00037,65
UKPGA_2025_18__LEGV2__CH_00039,82
UKPGA_2025_18__LEGV2__CH_00041,66
UKPGA_2025_18__LEGV2__CH_00042,66
UKPGA_2025_18__LEGV2__CH_00043,83
UKPGA_2025_18__LEGV2__CH_00044,72
UKPGA_2025_18__LEGV2__CH_00045,58
UKPGA_2025_18__LEGV2__CH_00046,70
UKPGA_2025_18__LEGV2__CH_00047,60
UKPGA_2025_18__LEGV2__CH_00048,76
UKPGA_2025_18__LEGV2__CH_00049,77
UKPGA_2025_18__LEGV2__CH_00050,63
UKPGA_2025_18__LEGV2__CH_00052,58
UKPGA_2025_18__LEGV2__CH_00053,114
UKPGA_2025_18__LEGV2__CH_00054,65
UKPGA_2025_18__LEGV2__CH_00055,63
UKPGA_2025_18__LEGV2__CH_00056,81
UKPGA_2025_18__LEGV2__CH_00057,68
UKPGA_2025_18__LEGV2__CH_00058,77
UKPGA_2025_18__LEGV2__CH_00059,56
UKPGA_2025_18__LEGV2__CH_00060,73
UKPGA_2025_18__LEGV2__CH_00061,77
UKPGA_2025_18__LEGV2__CH_00062,80
UKPGA_2025_18__LEGV2__CH_00063,62
UKPGA_2025_18__LEGV2__CH_00064,65
UKPGA_2025_18__LEGV2__CH_00065,48
UKPGA_2025_18__LEGV2__CH_00066,68
UKPGA_2025_18__LEGV2__CH_00067,46
UKPGA_2025_18__LEGV2__CH_00068,82
UKPGA_2025_18__LEGV2__CH_00069,73
UKPGA_2025_18__LEGV2__CH_00070,80
UKPGA_2025_18__LEGV2__CH_00071,65
UKPGA_2025_18__LEGV2__CH_00072,65
UKPGA_2025_18__LEGV2__CH_00073,61
UKPGA_2025_18__LEGV2__CH_00074,53
UKPGA_2025_18__LEGV2__CH_00075,51
UKPGA_2025_18__LEGV2__CH_00076,88
UKPGA_2025_18__LEGV2__CH_00077,92
UKPGA_2025_18__LEGV2__CH_00078,85
UKPGA_2025_18__LEGV2__CH_00079,53
UKPGA_2025_18__LEGV2__CH_00080,59
UKPGA_2025_18__LEGV2__CH_00081,102
UKPGA_2025_18__LEGV2__CH_00082,91
UKPGA_2025_18__LEGV2__CH_00083,66
UKPGA_2025_18__LEGV2__CH_00084,69
UKPGA_2025_18__LEGV2__CH_00085,54
UKPGA_2025_18__LEGV2__CH_00086,67
UKPGA_2025_18__LEGV2__CH_00087,61
UKPGA_2025_18__LEGV2__CH_00088,64
UKPGA_2025_18__LEGV2__CH_00089,50
UKPGA_2025_18__LEGV2__CH_00090,58
UKPGA_2025_18__LEGV2__CH_00091,65
UKPGA_2025_18__LEGV2__CH_00092,88
UKPGA_2025_18__LEGV2__CH_00093,57
UKPGA_2025_18__LEGV2__CH_00094,69
UKPGA_2025_18__LEGV2__CH_00095,65
UKPGA_2025_18__LEGV2__CH_00096,61
UKPGA_2025_18__LEGV2__CH_00097,68
UKPGA_2025_18__LEGV2__CH_00098,84
UKPGA_2025_18__LEGV2__CH_00099,53
UKPGA_2025_18__LEGV2__CH_00100,66
UKPGA_2025_18__LEGV2__CH_00101,54
UKPGA_2025_18__LEGV2__CH_00102,88
UKPGA_2025_18__LEGV2__CH_00103,51
UKPGA_2025_18__LEGV2__CH_00104,63
UKPGA_2025_18__LEGV2__CH_00105,83
UKPGA_2025_18__LEGV2__CH_00107,69
UKPGA_2025_18__LEGV2__CH_00108,63
UKPGA_2025_18__LEGV2__CH_00109,80
UKPGA_2025_18__LEGV2__CH_00110,82
UKPGA_2025_18__LEGV2__CH_00111,63
UKPGA_2025_18__LEGV2__CH_00112,57
UKPGA_2025_18__LEGV2__CH_00113,65
UKPGA_2025_18__LEGV2__CH_00114,94
UKPGA_2025_18__LEGV2__CH_00115,48
UKPGA_2025_18__LEGV2__CH_00116,72
UKPGA_2025_18__LEGV2__CH_00117,77
UKPGA_2025_18__LEGV2__CH_00118,120
UKPGA_2025_18__LEGV2__CH_00119,63
UKPGA_2025_18__LEGV2__CH_00120,60
UKPGA_2025_18__LEGV2__CH_00121,58
UKPGA_2025_18__LEGV2__CH_00122,69
UKPGA_2025_18__LEGV2__CH_00123,78
UKPGA_2025_18__LEGV2__CH_00124,60
UKPGA_2025_18__LEGV2__CH_00125,64
UKPGA_2025_18__LEGV2__CH_00126,79
UKPGA_2025_18__LEGV2__CH_00127,67
UKPGA_2025_18__LEGV2__CH_00128,58
UKPGA_2025_18__LEGV2__CH_00130,59
UKPGA_2025_18__LEGV2__CH_00131,82
UKPGA_2025_18__LEGV2__CH_00132,95
UKPGA_2025_18__LEGV2__CH_00133,59
UKPGA_2025_18__LEGV2__CH_00134,71
UKPGA_2025_18__LEGV2__CH_00135,55
UKPGA_2025_18__LEGV2__CH_00136,71
UKPGA_2025_18__LEGV2__CH_00137,67
UKPGA_2025_18__LEGV2__CH_00138,75
UKPGA_2025_18__LEGV2__CH_00139,72
UKPGA_2025_18__LEGV2__CH_00140,47
UKPGA_2025_18__LEGV2__CH_00141,65
UKPGA_2025_18__LEGV2__CH_00142,64
UKPGA_2025_18__LEGV2__CH_00143,65
UKPGA_2025_18__LEGV2__CH_00144,74
UKPGA_2025_18__LEGV2__CH_00145,54
UKPGA_2025_18__LEGV2__CH_00146,63
UKPGA_2025_18__LEGV2__CH_00147,71
UKPGA_2025_18__LEGV2__CH_00148,69
UKPGA_2025_18__LEGV2__CH_00149,53
UKPGA_2025_18__LEGV2__CH_00150,69
UKPGA_2025_18__LEGV2__CH_00151,65
UKPGA_2025_18__LEGV2__CH_00152,83
UKPGA_2025_18__LEGV2__CH_00153,62
UKPGA_2025_18__LEGV2__CH_00154,65
UKPGA_2025_18__LEGV2__CH_00155,74
UKPGA_2025_18__LEGV2__CH_00156,66
UKPGA_2025_18__LEGV2__CH_00157,86
UKPGA_2025_18__LEGV2__CH_00159,64
UKPGA_2025_18__LEGV2__CH_00160,49
UKPGA_2025_18__LEGV2__CH_00161,74
UKPGA_2025_18__LEGV2__CH_00162,79
UKPGA_2025_18__LEGV2__CH_00163,70
UKPGA_2025_18__LEGV2__CH_00164,60
UKPGA_2025_18__LEGV2__CH_00165,67
UKPGA_2025_18__LEGV2__CH_00166,54
UKPGA_2025_18__LEGV2__CH_00167,150
UKPGA_2025_18__LEGV2__CH_00168,62
UKPGA_2025_18__LEGV2__CH_00169,98
UKPGA_2025_18__LEGV2__CH_00170,62
UKPGA_2025_18__LEGV2__CH_00173,86
UKPGA_2025_18__LEGV2__CH_00174,83
UKPGA_2025_18__LEGV2__CH_00175,90
UKPGA_2025_18__LEGV2__CH_00176,59
UKPGA_2025_18__LEGV2__CH_00177,64
UKPGA_2025_18__LEGV2__CH_00178,50
UKPGA_2025_18__LEGV2__CH_00179,114
UKPGA_2025_18__LEGV2__CH_00180,97
UKPGA_2025_18__LEGV2__CH_00181,102
UKPGA_2025_18__LEGV2__CH_00182,86
UKPGA_2025_18__LEGV2__CH_00183,92
UKPGA_2025_18__LEGV2__CH_00184,91
UKPGA_2025_18__LEGV2__CH_00185,95
UKPGA_2025_18__LEGV2__CH_00186,94
UKPGA_2025_18__LEGV2__CH_00187,78
UKPGA_2025_18__LEGV2__CH_00188,142
UKPGA_2025_18__LEGV2__CH_00189,78
UKPGA_2025_18__LEGV2__CH_00190,76
UKPGA_2025_18__LEGV2__CH_00191,77
UKPGA_2025_18__LEGV2__CH_00192,110
UKPGA_2025_18__LEGV2__CH_00193,93
UKPGA_2025_18__LEGV2__CH_00194,99
UKPGA_2025_18__LEGV2__CH_00195,92
UKPGA_2025_18__LEGV2__CH_00196,88
UKPGA_2025_18__LEGV2__CH_00197,72
UKPGA_2025_18__LEGV2__CH_00198,75
UKPGA_2025_18__LEGV2__CH_00199,89
UKPGA_2025_18__LEGV2__CH_00200,97
UKPGA_2025_18__LEGV2__CH_00201,60
UKPGA_2025_18__LEGV2__CH_00202,52
UKPGA_2025_18__LEGV2__CH_00203,57
UKPGA_2025_18__LEGV2__CH_00204,67
UKPGA_2025_18__LEGV2__CH_00205,60
UKPGA_2025_18__LEGV2__CH_00206,54
UKPGA_2025_18__LEGV2__CH_00207,62
UKPGA_2025_18__LEGV2__CH_00208,66
UKPGA_2025_18__LEGV2__CH_00209,53
UKPGA_2025_18__LEGV2__CH_00210,61
UKPGA_2025_18__LEGV2__CH_00211,68
UKPGA_2025_18__LEGV2__CH_00212,61
UKPGA_2025_18__LEGV2__CH_00213,66
UKPGA_2025_18__LEGV2__CH_00214,55
UKPGA_2025_18__LEGV2__CH_00215,66
UKPGA_2025_18__LEGV2__CH_00216,67
UKPGA_2025_18__LEGV2__CH_00218,70
UKPGA_2025_18__LEGV2__CH_00219,88
UKPGA_2025_18__LEGV2__CH_00220,51
UKPGA_2025_18__LEGV2__CH_00221,52
UKPGA_2025_18__LEGV2__CH_00222,85
UKPGA_2025_18__LEGV2__CH_00223,60
UKPGA_2025_18__LEGV2__CH_00228,59
UKPGA_2025_18__LEGV2__CH_00229,65
UKPGA_2025_18__LEGV2__CH_00230,60
UKPGA_2025_18__LEGV2__CH_00231,45
UKPGA_2025_18__LEGV2__CH_00232,77
UKPGA_2025_18__LEGV2__CH_00233,54
UKPGA_2025_18__LEGV2__CH_00234,65
UKPGA_2025_18__LEGV2__CH_00235,58
UKPGA_2025_18__LEGV2__CH_00236,76
UKPGA_2025_18__LEGV2__CH_00237,80
UKPGA_2025_18__LEGV2__CH_00238,65
UKPGA_2025_18__LEGV2__CH_00239,56
UKPGA_2025_18__LEGV2__CH_00241,87
UKPGA_2025_18__LEGV2__CH_00242,63
UKPGA_2025_18__LEGV2__CH_00243,71
UKPGA_2025_18__LEGV2__CH_00244,54
UKPGA_2025_18__LEGV2__CH_00245,69
UKPGA_2025_18__LEGV2__CH_00246,70
UKPGA_2025_18__LEGV2__CH_00247,45
UKPGA_2025_18__LEGV2__CH_00248,66
UKPGA_2025_18__LEGV2__CH_00249,85
UKPGA_2025_18__LEGV2__CH_00250,71
UKPGA_2025_18__LEGV2__CH_00251,66
UKPGA_2025_18__LEGV2__CH_00252,60
UKPGA_2025_18__LEGV2__CH_00253,75
UKPGA_2025_18__LEGV2__CH_00254,56
UKPGA_2025_18__LEGV2__CH_00255,82
UKPGA_2025_18__LEGV2__CH_00256,58
UKPGA_2025_18__LEGV2__CH_00258,68
UKPGA_2025_18__LEGV2__CH_00259,62
UKPGA_2025_18__LEGV2__CH_00261,42
UKPGA_2025_18__LEGV2__CH_00264,92
UKPGA_2025_18__LEGV2__CH_00265,97
UKPGA_2025_18__LEGV2__CH_00266,86
UKPGA_2025_18__LEGV2__CH_00267,97
UKPGA_2025_18__LEGV2__CH_00269,99
UKPGA_2025_18__LEGV2__CH_00270,101
UKPGA_2025_18__LEGV2__CH_00271,94
UKPGA_2025_18__LEGV2__CH_00272,73
UKPGA_2025_18__LEGV2__CH_00273,130
UKPGA_2025_18__LEGV2__CH_00274,94
UKPGA_2025_18__LEGV2__CH_00276,94
UKPGA_2025_18__LEGV2__CH_00277,89
UKPGA_2025_18__LEGV2__CH_00278,108
UKPGA_2025_18__LEGV2__CH_00279,116
UKPGA_2025_18__LEGV2__CH_00280,93
UKPGA_2025_18__LEGV2__CH_00281,119
UKPGA_2025_18__LEGV2__CH_00282,121
UKPGA_2025_18__LEGV2__CH_00283,70
UKPGA_2025_18__LEGV2__CH_00284,119
UKPGA_2025_18__LEGV2__CH_00285,102
UKPGA_2025_18__LEGV2__CH_00287,118
UKPGA_2025_18__LEGV2__CH_00288,84
UKPGA_2025_18__LEGV2__CH_00289,112
UKPGA_2025_18__LEGV2__CH_00290,97
UKPGA_2025_18__LEGV2__CH_00291,112
UKPGA_2025_18__LEGV2__CH_00292,101
UKPGA_2025_18__LEGV2__CH_00293,81
UKPGA_2025_18__LEGV2__CH_00294,84
UKPGA_2025_18__LEGV2__CH_00295,90
UKPGA_2025_18__LEGV2__CH_00296,116
UKPGA_2025_18__LEGV2__CH_00297,110
UKPGA_2025_18__LEGV2__CH_00298,86
UKPGA_2025_18__LEGV2__CH_00299,126
UKPGA_2025_18__LEGV2__CH_00300,84
UKPGA_2025_18__LEGV2__CH_00302,135
UKPGA_2025_18__LEGV2__CH_00303,90
UKPGA_2025_18__LEGV2__CH_00304,97
UKPGA_2025_18__LEGV2__CH_00305,71
UKPGA_2025_18__LEGV2__CH_00306,59
UKPGA_2025_18__LEGV2__CH_00307,71
UKPGA_2025_18__LEGV2__CH_00309,96
UKPGA_2025_18__LEGV2__CH_00310,109
UKPGA_2025_18__LEGV2__CH_00311,125
UKPGA_2025_18__LEGV2__CH_00312,72
UKPGA_2025_18__LEGV2__CH_00313,124
UKPGA_2025_18__LEGV2__CH_00314,76
UKPGA_2025_18__LEGV2__CH_00316,119
UKPGA_2025_18__LEGV2__CH_00317,104
UKPGA_2025_18__LEGV2__CH_00318,154
UKPGA_2025_18__LEGV2__CH_00319,102
UKPGA_2025_18__LEGV2__CH_00320,80
UKPGA_2025_18__LEGV2__CH_00321,135
UKPGA_2025_18__LEGV2__CH_00322,91
UKPGA_2025_18__LEGV2__CH_00324,85
UKPGA_2025_18__LEGV2__CH_00325,89
UKPGA_2025_18__LEGV2__CH_00326,71
UKPGA_2025_18__LEGV2__CH_00327,97
UKPGA_2025_18__LEGV2__CH_00328,74
UKPGA_2025_18__LEGV2__CH_00329,79
UKPGA_2025_18__LEGV2__CH_00330,69
UKPGA_2025_18__LEGV2__CH_00331,100
UKPGA_2025_18__LEGV2__CH_00332,64
UKPGA_2025_18__LEGV2__CH_00333,68
UKPGA_2025_18__LEGV2__CH_00336,68
UKPGA_2025_18__LEGV2__CH_00337,119
UKPGA_2025_18__LEGV2__CH_00338,97
UKPGA_2025_18__LEGV2__CH_00339,89
UKPGA_2025_18__LEGV2__CH_00340,118
UKPGA_2025_18__LEGV2__CH_00341,87
UKPGA_2025_18__LEGV2__CH_00342,86
UKPGA_2025_18__LEGV2__CH_00343,103
UKPGA_2025_18__LEGV2__CH_00344,77
UKPGA_2025_18__LEGV2__CH_00345,119
UKPGA_2025_18__LEGV2__CH_00346,87
UKPGA_2025_18__LEGV2__CH_00348,88
UKPGA_2025_18__LEGV2__CH_00349,65
UKPGA_2025_18__LEGV2__CH_00351,67
UKPGA_2025_18__LEGV2__CH_00352,103
UKPGA_2025_18__LEGV2__CH_00353,116
UKPGA_2025_18__LEGV2__CH_00354,83
UKPGA_2025_18__LEGV2__CH_00355,54
UKPGA_2025_18__LEGV2__CH_00356,75
UKPGA_2025_18__LEGV2__CH_00357,71
UKPGA_2025_18__LEGV2__CH_00361,81
UKPGA_2025_18__LEGV2__CH_00362,70
UKPGA_2025_18__LEGV2__CH_00363,64
UKPGA_2025_18__LEGV2__CH_00365,72
UKPGA_2025_18__LEGV2__CH_00366,71
UKPGA_2025_18__LEGV2__CH_00367,69
UKPGA_2025_18__LEGV2__CH_00368,67
UKPGA_2025_18__LEGV2__CH_00370,75
UKPGA_2025_18__LEGV2__CH_00371,58
UKPGA_2025_18__LEGV2__CH_00372,72
UKPGA_2025_18__LEGV2__CH_00373,60
UKPGA_2025_18__LEGV2__CH_00375,74
UKPGA_2025_18__LEGV2__CH_00376,62
UKPGA_2025_18__LEGV2__CH_00378,70
UKPGA_2025_18__LEGV2__CH_00379,75
UKPGA_2025_18__LEGV2__CH_00380,78
UKPGA_2025_18__LEGV2__CH_00381,82
UKPGA_2025_18__LEGV2__CH_00382,92
UKPGA_2025_18__LEGV2__CH_00383,96
UKPGA_2025_18__LEGV2__CH_00385,73
UKPGA_2025_18__LEGV2__CH_00386,132
UKPGA_2025_18__LEGV2__CH_00388,75
UKPGA_2025_18__LEGV2__CH_00389,107
UKPGA_2025_18__LEGV2__CH_00390,88
UKPGA_2025_18__LEGV2__CH_00391,122
UKPGA_2025_18__LEGV2__CH_00392,103
UKPGA_2025_18__LEGV2__CH_00393,64
UKPGA_2025_18__LEGV2__CH_00394,63
UKPGA_2025_18__LEGV2__CH_00395,63
UKPGA_2025_18__LEGV2__CH_00396,54
UKPGA_2025_18__LEGV2__CH_00397,76
UKPGA_2025_18__LEGV2__CH_00399,140
UKPGA_2025_18__LEGV2__CH_00400,77
UKPGA_2025_18__LEGV2__CH_00401,64
UKPGA_2025_18__LEGV2__CH_00402,87
UKPGA_2025_18__LEGV2__CH_00403,56
UKPGA_2025_18__LEGV2__CH_00404,54
UKPGA_2025_18__LEGV2__CH_00405,74
UKPGA_2025_18__LEGV2__CH_00408,89
UKPGA_2025_18__LEGV2__CH_00409,105
UKPGA_2025_18__LEGV2__CH_00410,86
UKPGA_2025_18__LEGV2__CH_00411,118
UKPGA_2025_18__LEGV2__CH_00412,80
UKPGA_2025_18__LEGV2__CH_00413,69
UKPGA_2025_18__LEGV2__CH_00414,82
UKPGA_2025_18__LEGV2__CH_00415,73
UKPGA_2025_18__LEGV2__CH_00416,69
UKPGA_2025_18__LEGV2__CH_00417,77
UKPGA_2025_18__LEGV2__CH_00418,65
UKPGA_2025_18__LEGV2__CH_00419,74
UKPGA_2025_18__LEGV2__CH_00420,72
UKPGA_2025_18__LEGV2__CH_00422,82
UKPGA_2025_18__LEGV2__CH_00425,65
UKPGA_2025_18__LEGV2__CH_00427,70
UKPGA_2025_18__LEGV2__CH_00429,78
UKPGA_2025_18__LEGV2__CH_00430,66
UKPGA_2025_18__LEGV2__CH_00431,64
UKPGA_2025_18__LEGV2__CH_00432,81
UKPGA_2025_18__LEGV2__CH_00433,90
UKPGA_2025_18__LEGV2__CH_00434,88
UKPGA_2025_18__LEGV2__CH_00436,75
UKPGA_2025_18__LEGV2__CH_00437,109
UKPGA_2025_18__LEGV2__CH_00438,96
UKPGA_2025_18__LEGV2__CH_00439,86
UKPGA_2025_18__LEGV2__CH_00440,96
UKPGA_2025_18__LEGV2__CH_00441,86
UKPGA_2025_18__LEGV2__CH_00442,76
UKPGA_2025_18__LEGV2__CH_00443,82
UKPGA_2025_18__LEGV2__CH_00444,107
UKPGA_2025_18__LEGV2__CH_00446,74
UKPGA_2025_18__LEGV2__CH_00447,74
UKPGA_2025_18__LEGV2__CH_00448,75
UKPGA_2025_18__LEGV2__CH_00449,80
UKPGA_2025_18__LEGV2__CH_00450,63
UKPGA_2025_18__LEGV2__CH_00451,83
UKPGA_2025_18__LEGV2__CH_00454,71
UKPGA_2025_18__LEGV2__CH_00455__M,128
UKPGA_2025_18__LEGV2__CH_00457,72
UKPGA_2025_18__LEGV2__CH_00458,70
UKPGA_2025_18__LEGV2__CH_00459,92
UKPGA_2025_18__LEGV2__CH_00460,63
UKPGA_2025_18__LEGV2__CH_00461,71
UKPGA_2025_18__LEGV2__CH_00462,68
UKPGA_2025_18__LEGV2__CH_00464,69
UKPGA_2025_18__LEGV2__CH_00468,85
UKPGA_2025_18__LEGV2__CH_00472,67
UKPGA_2025_18__LEGV2__CH_00473,73
UKPGA_2025_18__LEGV2__CH_00475,81
UKPGA_2025_18__LEGV2__CH_00476,57
UKPGA_2025_18__LEGV2__CH_00477,79
UKPGA_2025_18__LEGV2__CH_00478,78
UKPGA_2025_18__LEGV2__CH_00480,84
UKPGA_2025_18__LEGV2__CH_00482,104
UKPGA_2025_18__LEGV2__CH_00483,72
UKPGA_2025_18__LEGV2__CH_00486,70
UKPGA_2025_18__LEGV2__CH_00487,84
UKPGA_2025_18__LEGV2__CH_00488,77
UKPGA_2025_18__LEGV2__CH_00489,54
UKPGA_2025_18__LEGV2__CH_00490,68
UKPGA_2025_18__LEGV2__CH_00491,57
UKPGA_2025_18__LEGV2__CH_00497,68
UKPGA_2025_18__LEGV2__CH_00498,67
UKPGA_2025_18__LEGV2__CH_00499,92
UKPGA_2025_18__LEGV2__CH_00500,84
UKPGA_2025_18__LEGV2__CH_00501,65
UKPGA_2025_18__LEGV2__CH_00504,60
UKPGA_2025_18__LEGV2__CH_00505,106
UKPGA_2025_18__LEGV2__CH_00506,79
UKPGA_2025_18__LEGV2__CH_00510,115
UKPGA_2025_18__LEGV2__CH_00511,59
UKPGA_2025_18__LEGV2__CH_00512,101
UKPGA_2025_18__LEGV2__CH_00513,86
UKPGA_2025_18__LEGV2__CH_00514,137
UKPGA_2025_18__LEGV2__CH_00515,78
UKPGA_2025_18__LEGV2__CH_00517,64
UKPGA_2025_18__LEGV2__CH_00518,69
UKPGA_2025_18__LEGV2__CH_00519,85
UKPGA_2025_18__LEGV2__CH_00520,63
UKPGA_2025_18__LEGV2__CH_00521,72
UKPGA_2025_18__LEGV2__CH_00522,55
UKPGA_2025_18__LEGV2__CH_00523,63
UKPGA_2025_18__LEGV2__CH_00524,71
UKPGA_2025_18__LEGV2__CH_00525,59
UKPGA_2025_18__LEGV2__CH_00526,57
UKPGA_2025_18__LEGV2__CH_00527,66
UKPGA_2025_18__LEGV2__CH_00528,90
UKPGA_2025_18__LEGV2__CH_00529,60
UKPGA_2025_18__LEGV2__CH_00530,58
UKPGA_2025_18__LEGV2__CH_00531,89
UKPGA_2025_18__LEGV2__CH_00532,79
UKPGA_2025_18__LEGV2__CH_00533,61
UKPGA_2025_18__LEGV2__CH_00534,85
UKPGA_2025_18__LEGV2__CH_00535,68
UKPGA_2025_18__LEGV2__CH_00537,95
UKPGA_2025_18__LEGV2__CH_00538,95
UKPGA_2025_18__LEGV2__CH_00539,118
UKPGA_2025_18__LEGV2__CH_00540,111
UKPGA_2025_18__LEGV2__CH_00541,95
UKPGA_2025_18__LEGV2__CH_00542,121
UKPGA_2025_18__LEGV2__CH_00543,124
UKPGA_2025_18__LEGV2__CH_00545,77
UKPGA_2025_18__LEGV2__CH_00546,63
UKPGA_2025_18__LEGV2__CH_00547,91
UKPGA_2025_18__LEGV2__CH_00548,73
UKPGA_2025_18__LEGV2__CH_00549,87
UKPGA_2025_18__LEGV2__CH_00550,111
UKPGA_2025_18__LEGV2__CH_00551,77
UKPGA_2025_18__LEGV2__CH_00552,75
UKPGA_2025_18__LEGV2__CH_00554,66
UKPGA_2025_18__LEGV2__CH_00555,121
UKPGA_2025_18__LEGV2__CH_00556,101
UKPGA_2025_18__LEGV2__CH_00557,71
UKPGA_2025_18__LEGV2__CH_00558,119
UKPGA_2025_18__LEGV2__CH_00559,72
UKPGA_2025_18__LEGV2__CH_00560,105
UKPGA_2025_18__LEGV2__CH_00561,75
UKPGA_2025_18__LEGV2__CH_00562,61
UKPGA_2025_18__LEGV2__CH_00563,118
UKPGA_2025_18__LEGV2__CH_00564,85
UKPGA_2025_18__LEGV2__CH_00565,73
UKPGA_2025_18__LEGV2__CH_00566,97
UKPGA_2025_18__LEGV2__CH_00567,79
UKPGA_2025_18__LEGV2__CH_00568,73
UKPGA_2025_18__LEGV2__CH_00573,61
UKPGA_2025_18__LEGV2__CH_00574,123
UKPGA_2025_18__LEGV2__CH_00576,59
UKPGA_2025_18__LEGV2__CH_00577,119
UKPGA_2025_18__LEGV2__CH_00578,113
UKPGA_2025_18__LEGV2__CH_00579,105
UKPGA_2025_18__LEGV2__CH_00580,74
UKPGA_2025_18__LEGV2__CH_00581,84
UKPGA_2025_18__LEGV2__CH_00582,73
UKPGA_2025_18__LEGV2__CH_00583,124
UKPGA_2025_18__LEGV2__CH_00584,122
UKPGA_2025_18__LEGV2__CH_00585,72
UKPGA_2025_18__LEGV2__CH_00586,112
UKPGA_2025_18__LEGV2__CH_00587,152
UKPGA_2025_18__LEGV2__CH_00588,52
UKPGA_2025_18__LEGV2__CH_00589,52
UKPGA_2025_18__LEGV2__CH_00590,98
UKPGA_2025_18__LEGV2__CH_00591,62
UKPGA_2025_18__LEGV2__CH_00592,71
UKPGA_2025_18__LEGV2__CH_00593,70
UKPGA_2025_18__LEGV2__CH_00594,125
UKPGA_2025_18__LEGV2__CH_00597,79
UKPGA_2025_18__LEGV2__CH_00598,115
UKPGA_2025_18__LEGV2__CH_00599,106
UKPGA_2025_18__LEGV2__CH_00600,57
UKPGA_2025_18__LEGV2__CH_00601,117
UKPGA_2025_18__LEGV2__CH_00602,91
UKPGA_2025_18__LEGV2__CH_00603,77
UKPGA_2025_18__LEGV2__CH_00604,75
UKPGA_2025_18__LEGV2__CH_00605,80
UKPGA_2025_18__LEGV2__CH_00606,78
UKPGA_2025_18__LEGV2__CH_00607,82
UKPGA_2025_18__LEGV2__CH_00608,61
UKPGA_2025_18__LEGV2__CH_00609,84
UKPGA_2025_18__LEGV2__CH_00611,78
UKPGA_2025_18__LEGV2__CH_00612,70
UKPGA_2025_18__LEGV2__CH_00613,82
UKPGA_2025_18__LEGV2__CH_00614,74
UKPGA_2025_18__LEGV2__CH_00615,98
UKPGA_2025_18__LEGV2__CH_00617,88
UKPGA_2025_18__LEGV2__CH_00618,53
UKPGA_2025_18__LEGV2__CH_00619,82
UKPGA_2025_18__LEGV2__CH_00620,75
UKPGA_2025_18__LEGV2__CH_00621,90
UKPGA_2025_18__LEGV2__CH_00622,66
UKPGA_2025_18__LEGV2__CH_00623,77
UKPGA_2025_18__LEGV2__CH_00624,58
UKPGA_2025_18__LEGV2__CH_00627,87
UKPGA_2025_18__LEGV2__CH_00628,84
UKPGA_2025_18__LEGV2__CH_00629,63
UKPGA_2025_18__LEGV2__CH_00630,81
UKPGA_2025_18__LEGV2__CH_00631,60
UKPGA_2025_18__LEGV2__CH_00632,63
UKPGA_2025_18__LEGV2__CH_00633,97
UKPGA_2025_18__LEGV2__CH_00634,86
UKPGA_2025_18__LEGV2__CH_00635,77
UKPGA_2025_18__LEGV2__CH_00636,91
UKPGA_2025_18__LEGV2__CH_00637,101
UKPGA_2025_18__LEGV2__CH_00638,71
UKPGA_2025_18__LEGV2__CH_00639,54
UKPGA_2025_18__LEGV2__CH_00640,96
UKPGA_2025_18__LEGV2__CH_00641,89
UKPGA_2025_18__LEGV2__CH_00642,66
UKPGA_2025_18__LEGV2__CH_00643,79
UKPGA_2025_18__LEGV2__CH_00644,79
UKPGA_2025_18__LEGV2__CH_00645,96
UKPGA_2025_18__LEGV2__CH_00646,65
UKPGA_2025_18__LEGV2__CH_00647,77
UKPGA_2025_18__LEGV2__CH_00648,73
UKPGA_2025_18__LEGV2__CH_00649,98
UKPGA_2025_18__LEGV2__CH_00650,94
UKPGA_2025_18__LEGV2__CH_00651,103
UKPGA_2025_18__LEGV2__CH_00652,111
UKPGA_2025_18__LEGV2__CH_00653,112
UKPGA_2025_18__LEGV2__CH_00654,106
UKPGA_2025_18__LEGV2__CH_00655,86
UKPGA_2025_18__LEGV2__CH_00656,104
UKPGA_2025_18__LEGV2__CH_00657,96
UKPGA_2025_18__LEGV2__CH_00658,74
UKPGA_2025_18__LEGV2__CH_00660,67
UKPGA_2025_18__LEGV2__CH_00661,82
UKPGA_2025_18__LEGV2__CH_00662,64
UKPGA_2025_18__LEGV2__CH_00663,91
UKPGA_2025_18__LEGV2__CH_00664,65
UKPGA_2025_18__LEGV2__CH_00665,71
UKPGA_2025_18__LEGV2__CH_00666,64
UKPGA_2025_18__LEGV2__CH_00667,72
UKPGA_2025_18__LEGV2__CH_00668,71
UKPGA_2025_18__LEGV2__CH_00669,66
UKPGA_2025_18__LEGV2__CH_00670,64
UKPGA_2025_18__LEGV2__CH_00671,82
UKPGA_2025_18__LEGV2__CH_00672,74
UKPGA_2025_18__LEGV2__CH_00673,60
UKPGA_2025_18__LEGV2__CH_00674,70
UKPGA_2025_18__LEGV2__CH_00675,89
UKPGA_2025_18__LEGV2__CH_00676,67
UKPGA_2025_18__LEGV2__CH_00677,80
UKPGA_2025_18__LEGV2__CH_00678,50
UKPGA_2025_18__LEGV2__CH_00679,55
UKPGA_2025_18__LEGV2__CH_00682,63
UKPGA_2025_18__LEGV2__CH_00683,72
UKPGA_2025_18__LEGV2__CH_00684,69
UKPGA_2025_18__LEGV2__CH_00685,91
UKPGA_2025_18__LEGV2__CH_00686,56
UKPGA_2025_18__LEGV2__CH_00687,75
UKPGA_2025_18__LEGV2__CH_00688,84
UKPGA_2025_18__LEGV2__CH_00689,73
UKPGA_2025_18__LEGV2__CH_00690,83
UKPGA_2025_18__LEGV2__CH_00691,69
UKPGA_2025_18__LEGV2__CH_00692,74
UKPGA_2025_18__LEGV2__CH_00693,67
UKPGA_2025_18__LEGV2__CH_00694,73
UKPGA_2025_18__LEGV2__CH_00695,81
UKPGA_2025_18__LEGV2__CH_00696,153
UKPGA_2025_18__LEGV2__CH_00697,99
UKPGA_2025_18__LEGV2__CH_00698,99
UKPGA_2025_18__LEGV2__CH_00699,57
UKPGA_2025_18__LEGV2__CH_00700,125
UKPGA_2025_18__LEGV2__CH_00701,93
UKPGA_2025_18__LEGV2__CH_00702,93
UKPGA_2025_18__LEGV2__CH_00703,114
UKPGA_2025_18__LEGV2__CH_00704,99
UKPGA_2025_18__LEGV2__CH_00705,69
UKPGA_2025_18__LEGV2__CH_00709,72
UKPGA_2025_18__LEGV2__CH_00710,84
UKPGA_2025_18__LEGV2__CH_00711,81
UKPGA_2025_18__LEGV2__CH_00712,150
UKPGA_2025_18__LEGV2__CH_00713,65
UKPGA_2025_18__LEGV2__CH_00714,109
UKPGA_2025_18__LEGV2__CH_00716,87
UKPGA_2025_18__LEGV2__CH_00723,109
UKPGA_2025_18__LEGV2__CH_00724,79
UKPGA_2025_18__LEGV2__CH_00726,126
UKPGA_2025_18__LEGV2__CH_00727,79
UKPGA_2025_18__LEGV2__CH_00728,90
UKPGA_2025_18__LEGV2__CH_00729,63
UKPGA_2025_18__LEGV2__CH_00730,83
UKPGA_2025_18__LEGV2__CH_00731,112
UKPGA_2025_18__LEGV2__CH_00732,66
UKPGA_2025_18__LEGV2__CH_00733,63
UKPGA_2025_18__LEGV2__CH_00734,74
UKPGA_2025_18__LEGV2__CH_00735,57
UKPGA_2025_18__LEGV2__CH_00737,52
UKPGA_2025_18__LEGV2__CH_00739,75
UKPGA_2025_18__LEGV2__CH_00741,71
UKPGA_2025_18__LEGV2__CH_00742,88
UKPGA_2025_18__LEGV2__CH_00743,86
UKPGA_2025_18__LEGV2__CH_00744,110
UKPGA_2025_18__LEGV2__CH_00745,85
UKPGA_2025_18__LEGV2__CH_00747,103
UKPGA_2025_18__LEGV2__CH_00748,90
UKPGA_2025_18__LEGV2__CH_00749,79
UKPGA_2025_18__LEGV2__CH_00751,81
UKPGA_2025_18__LEGV2__CH_00752,74
UKPGA_2025_18__LEGV2__CH_00753,84
UKPGA_2025_18__LEGV2__CH_00754,70
UKPGA_2025_18__LEGV2__CH_00756,86
UKPGA_2025_18__LEGV2__CH_00757,83
UKPGA_2025_18__LEGV2__CH_00758,78
UKPGA_2025_18__LEGV2__CH_00761,68
UKPGA_2025_18__LEGV2__CH_00762,99
UKPGA_2025_18__LEGV2__CH_00763,115
UKPGA_2025_18__LEGV2__CH_00764,77
UKPGA_2025_18__LEGV2__CH_00766,60
UKPGA_2025_18__LEGV2__CH_00768,97
UKPGA_2025_18__LEGV2__CH_00770,87
UKPGA_2025_18__LEGV2__CH_00771,115
UKPGA_2025_18__LEGV2__CH_00772,114
UKPGA_2025_18__LEGV2__CH_00773,131
UKPGA_2025_18__LEGV2__CH_00774,97
UKPGA_2025_18__LEGV2__CH_00775,79
UKPGA_2025_18__LEGV2__CH_00776,85
UKPGA_2025_18__LEGV2__CH_00778,70
UKPGA_2025_18__LEGV2__CH_00779,58
UKPGA_2025_18__LEGV2__CH_00780,91
UKPGA_2025_18__LEGV2__CH_00781,74
UKPGA_2025_18__LEGV2__CH_00782,125
UKPGA_2025_18__LEGV2__CH_00783,104
UKPGA_2025_18__LEGV2__CH_00785,71
UKPGA_2025_18__LEGV2__CH_00786,69
UKPGA_2025_18__LEGV2__CH_00787,58
UKPGA_2025_18__LEGV2__CH_00788,87
UKPGA_2025_18__LEGV2__CH_00790,75
UKPGA_2025_18__LEGV2__CH_00791,107
UKPGA_2025_18__LEGV2__CH_00792,103
UKPGA_2025_18__LEGV2__CH_00793,79
UKPGA_2025_18__LEGV2__CH_00798,74
UKPGA_2025_18__LEGV2__CH_00799,93
UKPGA_2025_18__LEGV2__CH_00800,83
UKPGA_2025_18__LEGV2__CH_00801,94
UKPGA_2025_18__LEGV2__CH_00802,81
UKPGA_2025_18__LEGV2__CH_00806,78
UKPGA_2025_18__LEGV2__CH_00807,91
UKPGA_2025_18__LEGV2__CH_00808,69
UKPGA_2025_18__LEGV2__CH_00809,78
UKPGA_2025_18__LEGV2__CH_00810,80
UKPGA_2025_18__LEGV2__CH_00811,67
UKPGA_2025_18__LEGV2__CH_00812,58
UKPGA_2025_18__LEGV2__CH_00815,71
UKPGA_2025_18__LEGV2__CH_00816,74
UKPGA_2025_18__LEGV2__CH_00817,65
UKPGA_2025_18__LEGV2__CH_00818,66
UKPGA_2025_18__LEGV2__CH_00820,55
UKPGA_2025_18__LEGV2__CH_00821,73
UKPGA_2025_18__LEGV2__CH_00822,84
UKPGA_2025_18__LEGV2__CH_00823,83
UKPGA_2025_18__LEGV2__CH_00825,65
UKPGA_2025_18__LEGV2__CH_00826,70
UKPGA_2025_18__LEGV2__CH_00827,75
UKPGA_2025_18__LEGV2__CH_00828,87
UKPGA_2025_18__LEGV2__CH_00830,77
UKPGA_2025_18__LEGV2__CH_00831,101
UKPGA_2025_18__LEGV2__CH_00832,78
UKPGA_2025_18__LEGV2__CH_00833,90
UKPGA_2025_18__LEGV2__CH_00836,89
UKPGA_2025_18__LEGV2__CH_00837,99
UKPGA_2025_18__LEGV2__CH_00838,80
UKPGA_2025_18__LEGV2__CH_00841,67
UKPGA_2025_18__LEGV2__CH_00843,91
UKPGA_2025_18__LEGV2__CH_00844,83
UKPGA_2025_18__LEGV2__CH_00845,58
UKPGA_2025_18__LEGV2__CH_00846,69
UKPGA_2025_18__LEGV2__CH_00852,88
UKPGA_2025_18__LEGV2__CH_00854,81
UKPGA_2025_18__LEGV2__CH_00855,69
UKPGA_2025_18__LEGV2__CH_00857,70
UKPGA_2025_18__LEGV2__CH_00858,71
UKPGA_2025_18__LEGV2__CH_00859,79
UKPGA_2025_18__LEGV2__CH_00862,74
UKPGA_2025_18__LEGV2__CH_00863,89
UKPGA_2025_18__LEGV2__CH_00864,66
UKPGA_2025_18__LEGV2__CH_00866,63
UKPGA_2025_18__LEGV2__CH_00867,63
UKPGA_2025_18__LEGV2__CH_00869,74
UKPGA_2025_18__LEGV2__CH_00870,168
UKPGA_2025_18__LEGV2__CH_00871,66
UKPGA_2025_18__LEGV2__CH_00872,92
UKPGA_2025_18__LEGV2__CH_00873,82
UKPGA_2025_18__LEGV2__CH_00874,113
UKPGA_2025_18__LEGV2__CH_00875,106
UKPGA_2025_18__LEGV2__CH_00876,72
UKPGA_2025_18__LEGV2__CH_00877,79
UKPGA_2025_18__LEGV2__CH_00878,117
UKPGA_2025_18__LEGV2__CH_00880,79
UKPGA_2025_18__LEGV2__CH_00881,90
UKPGA_2025_18__LEGV2__CH_00882,77
UKPGA_2025_18__LEGV2__CH_00883,75
UKPGA_2025_18__LEGV2__CH_00884,82
UKPGA_2025_18__LEGV2__CH_00885,74
UKPGA_2025_18__LEGV2__CH_00887,73
UKPGA_2025_18__LEGV2__CH_00888,69
UKPGA_2025_18__LEGV2__CH_00889,77
UKPGA_2025_18__LEGV2__CH_00890,82
UKPGA_2025_18__LEGV2__CH_00891,81
UKPGA_2025_18__LEGV2__CH_00892,67
UKPGA_2025_18__LEGV2__CH_00893,71
UKPGA_2025_18__LEGV2__CH_00894,83
UKPGA_2025_18__LEGV2__CH_00895,78
UKPGA_2025_18__LEGV2__CH_00896,56
UKPGA_2025_18__LEGV2__CH_00897,53
UKPGA_2025_18__LEGV2__CH_00898,63
UKPGA_2025_18__LEGV2__CH_00899,92
UKPGA_2025_18__LEGV2__CH_00901,76
UKPGA_2025_18__LEGV2__CH_00902,89
UKPGA_2025_18__LEGV2__CH_00903,82
UKPGA_2025_18__LEGV2__CH_00904,61
UKPGA_2025_18__LEGV2__CH_00906,64
UKPGA_2025_18__LEGV2__CH_00907,72
UKPGA_2025_18__LEGV2__CH_00908,59
UKPGA_2025_18__LEGV2__CH_00909,56
UKPGA_2025_18__LEGV2__CH_00910,74
UKPGA_2025_18__LEGV2__CH_00911,80
UKPGA_2025_18__LEGV2__CH_00912,61
UKPGA_2025_18__LEGV2__CH_00913,73
UKPGA_2025_18__LEGV2__CH_00914,81
UKPGA_2025_18__LEGV2__CH_00916,64
UKPGA_2025_18__LEGV2__CH_00918,77
UKPGA_2025_18__LEGV2__CH_00921,59
UKPGA_2025_18__LEGV2__CH_00922,67
UKPGA_2025_18__LEGV2__CH_00923,99
UKPGA_2025_18__LEGV2__CH_00924,66
UKPGA_2025_18__LEGV2__CH_00925,72
UKPGA_2025_18__LEGV2__CH_00926,58
UKPGA_2025_18__LEGV2__CH_00927,78
UKPGA_2025_18__LEGV2__CH_00928,67
UKPGA_2025_18__LEGV2__CH_00929,107
UKPGA_2025_18__LEGV2__CH_00930,131
UKPGA_2025_18__LEGV2__CH_00931,93
UKPGA_2025_18__LEGV2__CH_00932,83
UKPGA_2025_18__LEGV2__CH_00933,108
UKPGA_2025_18__LEGV2__CH_00934,80
UKPGA_2025_18__LEGV2__CH_00935,89
UKPGA_2025_18__LEGV2__CH_00936,94
UKPGA_2025_18__LEGV2__CH_00938,123
UKPGA_2025_18__LEGV2__CH_00939,73
UKPGA_2025_18__LEGV2__CH_00940,80
UKPGA_2025_18__LEGV2__CH_00941,86
UKPGA_2025_18__LEGV2__CH_00942,102
UKPGA_2025_18__LEGV2__CH_00943,110
UKPGA_2025_18__LEGV2__CH_00944,72
UKPGA_2025_18__LEGV2__CH_00946,110
UKPGA_2025_18__LEGV2__CH_00947,104
UKPGA_2025_18__LEGV2__CH_00948,89
UKPGA_2025_18__LEGV2__CH_00949,99
UKPGA_2025_18__LEGV2__CH_00950,70
UKPGA_2025_18__LEGV2__CH_00951,75
UKPGA_2025_18__LEGV2__CH_00954,77
UKPGA_2025_18__LEGV2__CH_00956,87
UKPGA_2025_18__LEGV2__CH_00957,74
UKPGA_2025_18__LEGV2__CH_00958,71
UKPGA_2025_18__LEGV2__CH_00959,57
UKPGA_2025_18__LEGV2__CH_00960,72
UKPGA_2025_18__LEGV2__CH_00962,68
UKPGA_2025_18__LEGV2__CH_00963,68
UKPGA_2025_18__LEGV2__CH_00964,148
UKPGA_2025_18__LEGV2__CH_00965,70
UKPGA_2025_18__LEGV2__CH_00966,64
UKPGA_2025_18__LEGV2__CH_00967,113
UKPGA_2025_18__LEGV2__CH_00968,126
UKPGA_2025_18__LEGV2__CH_00969,66
UKPGA_2025_18__LEGV2__CH_00970,116
UKPGA_2025_18__LEGV2__CH_00971,75
UKPGA_2025_18__LEGV2__CH_00972,77
UKPGA_2025_18__LEGV2__CH_00973,87
UKPGA_2025_18__LEGV2__CH_00974,83
UKPGA_2025_18__LEGV2__CH_00975,94
UKPGA_2025_18__LEGV2__CH_00976,57
UKPGA_2025_18__LEGV2__CH_00977,71
UKPGA_2025_18__LEGV2__CH_00978,64
UKPGA_2025_18__LEGV2__CH_00979,122
UKPGA_2025_18__LEGV2__CH_00980,94
UKPGA_2025_18__LEGV2__CH_00982,84
UKPGA_2025_18__LEGV2__CH_00983,115
UKPGA_2025_18__LEGV2__CH_00984,82
UKPGA_2025_18__LEGV2__CH_00986,102
UKPGA_2025_18__LEGV2__CH_00987,61
UKPGA_2025_18__LEGV2__CH_00988,58
UKPGA_2025_18__LEGV2__CH_00989,72
UKPGA_2025_18__LEGV2__CH_00990,131
UKPGA_2025_18__LEGV2__CH_00993,121
UKPGA_2025_18__LEGV2__CH_00994,117
UKPGA_2025_18__LEGV2__CH_00996,127
UKPGA_2025_18__LEGV2__CH_00999,81
UKPGA_2025_18__LEGV2__CH_01000,81
UKPGA_2025_18__LEGV2__CH_01001,99
UKPGA_2025_18__LEGV2__CH_01003,90
UKPGA_2025_18__LEGV2__CH_01004,67
UKPGA_2025_18__LEGV2__CH_01005,117
UKPGA_2025_18__LEGV2__CH_01006,94
UKPGA_2025_18__LEGV2__CH_01014,98
UKPGA_2025_18__LEGV2__CH_01015,79
UKPGA_2025_18__LEGV2__CH_01016,67
UKPGA_2025_18__LEGV2__CH_01017,67
UKPGA_2025_18__LEGV2__CH_01019,82
UKPGA_2025_18__LEGV2__CH_01020,85
UKPGA_2025_18__LEGV2__CH_01021,111
UKPGA_2025_18__LEGV2__CH_01022,63
UKPGA_2025_18__LEGV2__CH_01026,108
UKPGA_2025_18__LEGV2__CH_01027,95
UKPGA_2025_18__LEGV2__CH_01028,103
UKPGA_2025_18__LEGV2__CH_01029,100
UKPGA_2025_18__LEGV2__CH_01030,80
UKPGA_2025_18__LEGV2__CH_01031,112
UKPGA_2025_18__LEGV2__CH_01032,89
UKPGA_2025_18__LEGV2__CH_01033,111
UKPGA_2025_18__LEGV2__CH_01034,86
UKPGA_2025_18__LEGV2__CH_01035,79
UKPGA_2025_18__LEGV2__CH_01036,70
UKPGA_2025_18__LEGV2__CH_01037,47
UKPGA_2025_36__LEGV2__CH_00002,55
UKPGA_2025_36__LEGV2__CH_00003,52
UKPGA_2025_36__LEGV2__CH_00004,93
UKPGA_2025_36__LEGV2__CH_00005,62
UKPGA_2025_36__LEGV2__CH_00006,81
UKPGA_2025_36__LEGV2__CH_00007,56
UKPGA_2025_36__LEGV2__CH_00009,57
UKPGA_2025_36__LEGV2__CH_00010,90
UKPGA_2025_36__LEGV2__CH_00011,91
UKPGA_2025_36__LEGV2__CH_00012,107
UKPGA_2025_36__LEGV2__CH_00013,70
UKPGA_2025_36__LEGV2__CH_00014,71
UKPGA_2025_36__LEGV2__CH_00015,76
UKPGA_2025_36__LEGV2__CH_00016,65
UKPGA_2025_36__LEGV2__CH_00018,85
UKPGA_2025_36__LEGV2__CH_00019,71
UKPGA_2025_36__LEGV2__CH_00020,73
UKPGA_2025_36__LEGV2__CH_00021,80
UKPGA_2025_36__LEGV2__CH_00022,66
UKPGA_2025_36__LEGV2__CH_00023,91
UKPGA_2025_36__LEGV2__CH_00024,97
UKPGA_2025_36__LEGV2__CH_00025,98
UKPGA_2025_36__LEGV2__CH_00026,86
UKPGA_2025_36__LEGV2__CH_00027,65
UKPGA_2025_36__LEGV2__CH_00028,62
UKPGA_2025_36__LEGV2__CH_00029,60
UKPGA_2025_36__LEGV2__CH_00030,75
UKPGA_2025_36__LEGV2__CH_00031,96
UKPGA_2025_36__LEGV2__CH_00032,82
UKPGA_2025_36__LEGV2__CH_00033,78
UKPGA_2025_36__LEGV2__CH_00034,61
UKPGA_2025_36__LEGV2__CH_00035,93
UKPGA_2025_36__LEGV2__CH_00036,75
UKPGA_2025_36__LEGV2__CH_00037,84
UKPGA_2025_36__LEGV2__CH_00038,103
UKPGA_2025_36__LEGV2__CH_00039,75
UKPGA_2025_36__LEGV2__CH_00040,70
UKPGA_2025_36__LEGV2__CH_00041,80
UKPGA_2025_36__LEGV2__CH_00042,77
UKPGA_2025_36__LEGV2__CH_00043,71
UKPGA_2025_36__LEGV2__CH_00044,64
UKPGA_2025_36__LEGV2__CH_00045,83
UKPGA_2025_36__LEGV2__CH_00046,75
UKPGA_2025_36__LEGV2__CH_00047,86
UKPGA_2025_36__LEGV2__CH_00048,57
UKPGA_2025_36__LEGV2__CH_00049,78
UKPGA_2025_36__LEGV2__CH_00050,82
UKPGA_2025_36__LEGV2__CH_00051,110
UKPGA_2025_36__LEGV2__CH_00052,76
UKPGA_2025_36__LEGV2__CH_00053,79
UKPGA_2025_36__LEGV2__CH_00054,74
UKPGA_2025_36__LEGV2__CH_00055,62
UKPGA_2025_36__LEGV2__CH_00056,64
UKPGA_2025_36__LEGV2__CH_00058,81
UKPGA_2025_36__LEGV2__CH_00059,74
UKPGA_2025_36__LEGV2__CH_00060,72
UKPGA_2025_36__LEGV2__CH_00061,91
UKPGA_2025_36__LEGV2__CH_00062,76
UKPGA_2025_36__LEGV2__CH_00063,91
UKPGA_2025_36__LEGV2__CH_00064__M,85
UKPGA_2025_36__LEGV2__CH_00066,89
UKPGA_2025_36__LEGV2__CH_00067,89
UKPGA_2025_36__LEGV2__CH_00068,92
UKPGA_2025_36__LEGV2__CH_00069,83
UKPGA_2025_36__LEGV2__CH_00070,85
UKPGA_2025_36__LEGV2__CH_00071,62
UKPGA_2025_36__LEGV2__CH_00072,58
UKPGA_2025_36__LEGV2__CH_00073,121
UKPGA_2025_36__LEGV2__CH_00074,115
UKPGA_2025_36__LEGV2__CH_00075,65
UKPGA_2025_36__LEGV2__CH_00085,105
UKPGA_2025_36__LEGV2__CH_00091,84
UKPGA_2025_36__LEGV2__CH_00104,92
UKPGA_2025_36__LEGV2__CH_00105,105
UKPGA_2025_36__LEGV2__CH_00106,79
UKPGA_2025_36__LEGV2__CH_00107,56
UKPGA_2025_36__LEGV2__CH_00114,64
UKPGA_2025_36__LEGV2__CH_00120,100
UKPGA_2025_36__LEGV2__CH_00135,101
UKPGA_2025_36__LEGV2__CH_00136,89
UKPGA_2025_36__LEGV2__CH_00137,93
UKPGA_2025_36__LEGV2__CH_00138,102
UKPGA_2025_36__LEGV2__CH_00139,89
UKPGA_2025_36__LEGV2__CH_00140,90
UKPGA_2025_36__LEGV2__CH_00141,82
UKPGA_2025_36__LEGV2__CH_00142,80
UKPGA_2025_36__LEGV2__CH_00143,79
UKPGA_2025_36__LEGV2__CH_00144,69
UKPGA_2025_36__LEGV2__CH_00145,72
UKPGA_2025_36__LEGV2__CH_00146,69
UKPGA_2025_36__LEGV2__CH_00147,72
UKPGA_2025_36__LEGV2__CH_00148,74
UKPGA_2025_36__LEGV2__CH_00149,90
UKPGA_2025_36__LEGV2__CH_00150,66
UKPGA_2025_36__LEGV2__CH_00151,67
UKPGA_2025_36__LEGV2__CH_00152,77
UKPGA_2025_36__LEGV2__CH_00153,68
UKPGA_2025_36__LEGV2__CH_00154,75
UKPGA_2025_36__LEGV2__CH_00155,77
UKPGA_2025_36__LEGV2__CH_00156,80
UKPGA_2025_36__LEGV2__CH_00157,85
UKPGA_2025_36__LEGV2__CH_00158,127
UKPGA_2025_36__LEGV2__CH_00159,69
UKPGA_2025_36__LEGV2__CH_00160,75
UKPGA_2025_36__LEGV2__CH_00161,55
UKPGA_2025_36__LEGV2__CH_00162,62
UKPGA_2025_36__LEGV2__CH_00163,72
UKPGA_2025_36__LEGV2__CH_00164,74
UKPGA_2025_36__LEGV2__CH_00165,81
UKPGA_2025_36__LEGV2__CH_00166,57
UKPGA_2025_36__LEGV2__CH_00167,82
UKPGA_2025_36__LEGV2__CH_00168,72
UKPGA_2025_36__LEGV2__CH_00169,81
UKPGA_2025_36__LEGV2__CH_00170,71
UKPGA_2025_36__LEGV2__CH_00171,75
UKPGA_2025_36__LEGV2__CH_00172,83
UKPGA_2025_36__LEGV2__CH_00173,65
UKPGA_2025_36__LEGV2__CH_00174,80
UKPGA_2025_36__LEGV2__CH_00175,71
UKPGA_2025_36__LEGV2__CH_00176,75
UKPGA_2025_36__LEGV2__CH_00177,87
UKPGA_2025_36__LEGV2__CH_00179,75
UKPGA_2025_36__LEGV2__CH_00180,57
UKPGA_2025_36__LEGV2__CH_00181,91
UKPGA_2025_36__LEGV2__CH_00182,85
UKPGA_2025_36__LEGV2__CH_00183,55
UKPGA_2025_36__LEGV2__CH_00184,62
UKPGA_2025_36__LEGV2__CH_00185,59
UKPGA_2025_36__LEGV2__CH_00193,82
UKPGA_2025_36__LEGV2__CH_00197,91
UKPGA_2025_36__LEGV2__CH_00205,72
UKPGA_2025_36__LEGV2__CH_00207,91
UKPGA_2025_36__LEGV2__CH_00208,85
UKPGA_2025_36__LEGV2__CH_00209,76
UKPGA_2025_36__LEGV2__CH_00210,82
UKPGA_2025_36__LEGV2__CH_00211,59
UKPGA_2025_36__LEGV2__CH_00212,74
UKPGA_2025_36__LEGV2__CH_00213,68
UKPGA_2025_36__LEGV2__CH_00214,68
UKPGA_2025_36__LEGV2__CH_00215,94
UKPGA_2025_36__LEGV2__CH_00216,66
UKPGA_2025_36__LEGV2__CH_00217,67
UKPGA_2025_36__LEGV2__CH_00218,87
UKPGA_2025_36__LEGV2__CH_00219,62
UKPGA_2025_36__LEGV2__CH_00220,69
UKPGA_2025_36__LEGV2__CH_00221,52
UKPGA_2025_36__LEGV2__CH_00222,115
UKPGA_2025_36__LEGV2__CH_00223,73
UKPGA_2025_36__LEGV2__CH_00224,65
UKPGA_2025_36__LEGV2__CH_00225,66
UKPGA_2025_36__LEGV2__CH_00226,67
UKPGA_2025_36__LEGV2__CH_00227,97
UKPGA_2025_36__LEGV2__CH_00228,54
UKPGA_2025_36__LEGV2__CH_00229,58
UKPGA_2025_36__LEGV2__CH_00230,70
UKPGA_2025_36__LEGV2__CH_00231,77
UKPGA_2025_36__LEGV2__CH_00232,110
UKPGA_2025_36__LEGV2__CH_00233,87
UKPGA_2025_36__LEGV2__CH_00234,73
UKPGA_2025_36__LEGV2__CH_00235,67
UKPGA_2025_36__LEGV2__CH_00236,62
UKPGA_2025_36__LEGV2__CH_00237,81
UKPGA_2025_36__LEGV2__CH_00238,71
UKPGA_2025_36__LEGV2__CH_00239,71
UKPGA_2025_36__LEGV2__CH_00240,83
UKPGA_2025_36__LEGV2__CH_00241,64
UKPGA_2025_36__LEGV2__CH_00242,54
UKPGA_2025_36__LEGV2__CH_00243,96
UKPGA_2025_36__LEGV2__CH_00246,79
UKPGA_2025_36__LEGV2__CH_00254,119
UKPGA_2025_36__LEGV2__CH_00256,67
UKPGA_2025_36__LEGV2__CH_00258,82
UKPGA_2025_36__LEGV2__CH_00259,77
UKPGA_2025_36__LEGV2__CH_00260,76
UKPGA_2025_36__LEGV2__CH_00261,54
UKPGA_2025_36__LEGV2__CH_00263,85
UKPGA_2025_36__LEGV2__CH_00265,67
UKPGA_2025_36__LEGV2__CH_00269,119
UKPGA_2025_36__LEGV2__CH_00270,118
UKPGA_2025_36__LEGV2__CH_00271,114
UKPGA_2025_36__LEGV2__CH_00272,61
UKPGA_2025_36__LEGV2__CH_00274,74
UKPGA_2025_36__LEGV2__CH_00275,94
UKPGA_2025_36__LEGV2__CH_00276,54
UKPGA_2025_36__LEGV2__CH_00277,67
UKPGA_2025_36__LEGV2__CH_00278,112
UKPGA_2025_36__LEGV2__CH_00279,61
UKPGA_2025_36__LEGV2__CH_00280,76
UKPGA_2025_36__LEGV2__CH_00281,77
UKPGA_2025_36__LEGV2__CH_00282,89
UKPGA_2025_36__LEGV2__CH_00283,81
UKPGA_2025_36__LEGV2__CH_00284,65
UKPGA_2025_36__LEGV2__CH_00285,110
UKPGA_2025_36__LEGV2__CH_00286,86
UKPGA_2025_36__LEGV2__CH_00287,106
UKPGA_2025_36__LEGV2__CH_00288,108
UKPGA_2025_36__LEGV2__CH_00289,84
UKPGA_2025_36__LEGV2__CH_00290,68
UKPGA_2025_36__LEGV2__CH_00291,64
UKPGA_2025_36__LEGV2__CH_00292,82
UKPGA_2025_36__LEGV2__CH_00293,90
UKPGA_2025_36__LEGV2__CH_00294,74
UKPGA_2025_36__LEGV2__CH_00295,94
UKPGA_2025_36__LEGV2__CH_00296,82
UKPGA_2025_36__LEGV2__CH_00297,80
UKPGA_2025_36__LEGV2__CH_00298,73
UKPGA_2025_36__LEGV2__CH_00299,63
UKPGA_2025_36__LEGV2__CH_00300,90
UKPGA_2025_36__LEGV2__CH_00301,87
UKPGA_2025_36__LEGV2__CH_00302,103
UKPGA_2025_36__LEGV2__CH_00303,68
UKPGA_2025_36__LEGV2__CH_00304,74
UKPGA_2025_36__LEGV2__CH_00305,64
UKPGA_2025_36__LEGV2__CH_00306,65
UKPGA_2025_36__LEGV2__CH_00307,110
UKPGA_2025_36__LEGV2__CH_00308,61
UKPGA_2025_36__LEGV2__CH_00309,58
UKPGA_2025_36__LEGV2__CH_00310,60
UKPGA_2025_36__LEGV2__CH_00313,90
UKPGA_2025_36__LEGV2__CH_00314,113
UKPGA_2025_36__LEGV2__CH_00315,97
UKPGA_2025_36__LEGV2__CH_00316,92
UKPGA_2025_36__LEGV2__CH_00317,114
UKPGA_2025_36__LEGV2__CH_00318,98
UKPGA_2025_36__LEGV2__CH_00319,120
UKPGA_2025_36__LEGV2__CH_00320,79
UKPGA_2025_36__LEGV2__CH_00321,82
UKPGA_2025_36__LEGV2__CH_00322,98
UKPGA_2025_36__LEGV2__CH_00323,102
UKPGA_2025_36__LEGV2__CH_00324,82
UKPGA_2025_36__LEGV2__CH_00325,56
UKPGA_2025_36__LEGV2__CH_00326,78
UKPGA_2025_36__LEGV2__CH_00327,108
UKPGA_2025_36__LEGV2__CH_00328,77
UKPGA_2025_36__LEGV2__CH_00329,104
UKPGA_2025_36__LEGV2__CH_00330,89
UKPGA_2025_36__LEGV2__CH_00331,112
UKPGA_2025_36__LEGV2__CH_00332,89
UKPGA_2025_36__LEGV2__CH_00333,101
UKPGA_2025_36__LEGV2__CH_00334,127
UKPGA_2025_36__LEGV2__CH_00335,119
UKPGA_2025_36__LEGV2__CH_00336,88
UKPGA_2025_36__LEGV2__CH_00337,108
UKPGA_2025_36__LEGV2__CH_00338,175
UKPGA_2025_36__LEGV2__CH_00339,59
UKPGA_2025_36__LEGV2__CH_00340,122
UKPGA_2025_36__LEGV2__CH_00341,76
UKPGA_2025_36__LEGV2__CH_00342,95
UKPGA_2025_36__LEGV2__CH_00343,61
UKPGA_2025_36__LEGV2__CH_00344,99
UKPGA_2025_36__LEGV2__CH_00345,100
UKPGA_2025_36__LEGV2__CH_00346,77
UKPGA_2025_36__LEGV2__CH_00347,83
UKPGA_2025_36__LEGV2__CH_00348,221
UKPGA_2025_36__LEGV2__CH_00349,63
UKPGA_2025_36__LEGV2__CH_00351,71
UKPGA_2025_36__LEGV2__CH_00352,81
UKPGA_2025_36__LEGV2__CH_00353,69
UKPGA_2025_36__LEGV2__CH_00354,77
UKPGA_2025_36__LEGV2__CH_00355,69
UKPGA_2025_36__LEGV2__CH_00356,67
UKPGA_2025_36__LEGV2__CH_00357,93
UKPGA_2025_36__LEGV2__CH_00358,77
UKPGA_2025_36__LEGV2__CH_00359,64
UKPGA_2025_36__LEGV2__CH_00360,112
UKPGA_2025_36__LEGV2__CH_00362,65
UKPGA_2025_36__LEGV2__CH_00363,85
UKPGA_2025_36__LEGV2__CH_00366,73
UKPGA_2025_36__LEGV2__CH_00367,70
UKPGA_2025_36__LEGV2__CH_00369,79
UKPGA_2025_36__LEGV2__CH_00370,93
UKPGA_2025_36__LEGV2__CH_00371,77
UKPGA_2025_36__LEGV2__CH_00372,70
UKPGA_2025_36__LEGV2__CH_00382,77
UKPGA_2025_36__LEGV2__CH_00383,88
UKPGA_2025_36__LEGV2__CH_00384,81
UKPGA_2025_36__LEGV2__CH_00385,81
UKPGA_2025_36__LEGV2__CH_00386,75
UKPGA_2025_36__LEGV2__CH_00387,93
UKPGA_2025_36__LEGV2__CH_00388,73
UKPGA_2025_36__LEGV2__CH_00389,56
UKPGA_2025_36__LEGV2__CH_00390,68
UKPGA_2025_36__LEGV2__CH_00392,68
UKPGA_2025_36__LEGV2__CH_00393,87
UKPGA_2025_36__LEGV2__CH_00394,121
UKPGA_2025_36__LEGV2__CH_00395,87
UKPGA_2025_36__LEGV2__CH_00396,149
UKPGA_2025_36__LEGV2__CH_00399,53
UKPGA_2025_36__LEGV2__CH_00400,61
UKPGA_2025_36__LEGV2__CH_00401,80
UKPGA_2025_36__LEGV2__CH_00402,72
UKPGA_2025_36__LEGV2__CH_00403,81
UKPGA_2025_36__LEGV2__CH_00404,105
UKPGA_2025_36__LEGV2__CH_00405__M,88
UKPGA_2025_36__LEGV2__CH_00407,60
UKPGA_2025_36__LEGV2__CH_00408,81
UKPGA_2025_36__LEGV2__CH_00409,93
UKPGA_2025_36__LEGV2__CH_00410,117
UKPGA_2025_36__LEGV2__CH_00411,90
UKPGA_2025_36__LEGV2__CH_00412,70
UKPGA_2025_36__LEGV2__CH_00413,67
UKPGA_2025_36__LEGV2__CH_00415,97
UKPGA_2025_36__LEGV2__CH_00416,53
UKPGA_2025_36__LEGV2__CH_00417,89
UKPGA_2025_36__LEGV2__CH_00418,63
UKPGA_2025_36__LEGV2__CH_00419,71
UKPGA_2025_36__LEGV2__CH_00420,106
UKPGA_2025_36__LEGV2__CH_00421,110
UKPGA_2025_36__LEGV2__CH_00422,66
UKPGA_2025_36__LEGV2__CH_00423,82
UKPGA_2025_36__LEGV2__CH_00424,79
UKPGA_2025_36__LEGV2__CH_00425,64
UKPGA_2025_36__LEGV2__CH_00426,79
UKPGA_2025_36__LEGV2__CH_00427,64
UKPGA_2025_36__LEGV2__CH_00446,67
UKPGA_2025_36__LEGV2__CH_00447,77
UKPGA_2025_36__LEGV2__CH_00448,48
UKPGA_2025_36__LEGV2__CH_00449,55
UKPGA_2025_36__LEGV2__CH_00450,83
UKPGA_2025_36__LEGV2__CH_00451,59
UKPGA_2025_36__LEGV2__CH_00452,67
UKPGA_2025_36__LEGV2__CH_00453,59
UKPGA_2025_36__LEGV2__CH_00454,76
UKPGA_2025_36__LEGV2__CH_00455,62
UKPGA_2025_36__LEGV2__CH_00456,69
UKPGA_2025_36__LEGV2__CH_00465,67
UKPGA_2025_36__LEGV2__CH_00466,76
UKPGA_2025_36__LEGV2__CH_00467,73
UKPGA_2025_36__LEGV2__CH_00468,69
UKPGA_2025_36__LEGV2__CH_00470,60
UKPGA_2025_36__LEGV2__CH_00471,48
UKPGA_2025_36__LEGV2__CH_00472,67
UKPGA_2025_36__LEGV2__CH_00473,73
UKPGA_2025_36__LEGV2__CH_00474,69
UKPGA_2025_36__LEGV2__CH_00476,76
UKPGA_2025_36__LEGV2__CH_00477,67
UKPGA_2025_36__LEGV2__CH_00478,83
UKPGA_2025_36__LEGV2__CH_00479,93
UKPGA_2025_36__LEGV2__CH_00480,54
UKPGA_2025_36__LEGV2__CH_00481,89
UKPGA_2025_36__LEGV2__CH_00484,123
UKPGA_2025_36__LEGV2__CH_00485,141
UKPGA_2025_36__LEGV2__CH_00486,98
UKPGA_2025_36__LEGV2__CH_00487,103
UKPGA_2025_36__LEGV2__CH_00488,94
UKPGA_2025_36__LEGV2__CH_00489,94
UKPGA_2025_36__LEGV2__CH_00490,73
UKPGA_2025_36__LEGV2__CH_00491,69
UKPGA_2025_36__LEGV2__CH_00492,95
UKPGA_2025_36__LEGV2__CH_00493,93
UKPGA_2025_36__LEGV2__CH_00494,129
UKPGA_2025_36__LEGV2__CH_00495,65
UKPGA_2025_36__LEGV2__CH_00496,86
UKPGA_2025_36__LEGV2__CH_00497,77
UKPGA_2025_36__LEGV2__CH_00499,85
UKPGA_2025_36__LEGV2__CH_00500,85
UKPGA_2025_36__LEGV2__CH_00501,89
UKPGA_2025_36__LEGV2__CH_00502,73
UKPGA_2025_36__LEGV2__CH_00503,48
UKPGA_2025_36__LEGV2__CH_00505,69
UKPGA_2025_36__LEGV2__CH_00506,55
UKPGA_2025_36__LEGV2__CH_00507,52
UKPGA_2025_36__LEGV2__CH_00508,70
UKPGA_2025_36__LEGV2__CH_00509,91
UKPGA_2025_36__LEGV2__CH_00510,113
UKPGA_2025_36__LEGV2__CH_00511,65
UKPGA_2025_36__LEGV2__CH_00513,60
UKPGA_2025_36__LEGV2__CH_00514,69
UKPGA_2025_36__LEGV2__CH_00515,146
UKPGA_2025_36__LEGV2__CH_00516,93
UKPGA_2025_36__LEGV2__CH_00517,90
UKPGA_2025_36__LEGV2__CH_00518,73
UKPGA_2025_36__LEGV2__CH_00519,67
UKPGA_2025_36__LEGV2__CH_00520,61
UKPGA_2025_36__LEGV2__CH_00522,77
UKPGA_2025_36__LEGV2__CH_00523,52
UKPGA_2025_36__LEGV2__CH_00525,71
UKPGA_2025_36__LEGV2__CH_00527,69
UKPGA_2025_36__LEGV2__CH_00530,45
UKPGA_2025_36__LEGV2__CH_00531,55
UKPGA_2025_36__LEGV2__CH_00537,58
UKPGA_2025_36__LEGV2__CH_00538,64
UKPGA_2025_36__LEGV2__CH_00539,56
UKPGA_2025_36__LEGV2__CH_00540,65
UKPGA_2025_36__LEGV2__CH_00541,56
UKPGA_2025_36__LEGV2__CH_00542,64
UKPGA_2025_36__LEGV2__CH_00543,67
UKPGA_2025_36__LEGV2__CH_00544,94
UKPGA_2025_36__LEGV2__CH_00546__M,81
UKPGA_2025_36__LEGV2__CH_00548,77
UKPGA_2025_36__LEGV2__CH_00549,72
UKPGA_2025_36__LEGV2__CH_00550,73
UKPGA_2025_36__LEGV2__CH_00551,73
UKPGA_2025_36__LEGV2__CH_00552,46
UKPGA_2025_36__LEGV2__CH_00554,62
UKPGA_2025_36__LEGV2__CH_00555,91
UKPGA_2025_36__LEGV2__CH_00556,85
UKPGA_2025_36__LEGV2__CH_00557,68
UKPGA_2025_36__LEGV2__CH_00558,93
UKPGA_2025_36__LEGV2__CH_00559,66
UKPGA_2025_36__LEGV2__CH_00562,57
UKPGA_2025_36__LEGV2__CH_00563,57
UKPGA_2025_36__LEGV2__CH_00564,76
UKPGA_2025_36__LEGV2__CH_00565,69
UKPGA_2025_36__LEGV2__CH_00566,49
UKPGA_2025_36__LEGV2__CH_00567,77
UKPGA_2025_36__LEGV2__CH_00568,57
UKPGA_2025_36__LEGV2__CH_00569,64
UKPGA_2025_36__LEGV2__CH_00570,57
UKPGA_2025_36__LEGV2__CH_00571,66
UKPGA_2025_36__LEGV2__CH_00572,67
UKPGA_2025_36__LEGV2__CH_00573,94
UKPGA_2025_36__LEGV2__CH_00574,47
UKPGA_2025_36__LEGV2__CH_00575,60
UKPGA_2025_36__LEGV2__CH_00576,70
UKPGA_2025_36__LEGV2__CH_00577,58
UKPGA_2025_36__LEGV2__CH_00579,67
UKPGA_2025_36__LEGV2__CH_00580,62
UKPGA_2025_36__LEGV2__CH_00581,63
UKPGA_2025_36__LEGV2__CH_00583,78
UKPGA_2025_36__LEGV2__CH_00584,72
UKPGA_2025_36__LEGV2__CH_00585,111
UKPGA_2025_36__LEGV2__CH_00586,60
UKPGA_2025_36__LEGV2__CH_00587,66
UKPGA_2025_36__LEGV2__CH_00588,69
UKPGA_2025_36__LEGV2__CH_00589,70
UKPGA_2025_36__LEGV2__CH_00590,74
UKPGA_2025_36__LEGV2__CH_00591,79
UKPGA_2025_36__LEGV2__CH_00592,72
UKPGA_2025_36__LEGV2__CH_00593,79
UKPGA_2025_36__LEGV2__CH_00594,86
UKPGA_2025_36__LEGV2__CH_00595,70
UKPGA_2025_36__LEGV2__CH_00596,55
UKPGA_2025_36__LEGV2__CH_00597,73
UKPGA_2025_36__LEGV2__CH_00598,67
UKPGA_2025_36__LEGV2__CH_00599,45
UKPGA_2025_36__LEGV2__CH_00600,78
UKPGA_2025_36__LEGV2__CH_00601,82
UKPGA_2025_36__LEGV2__CH_00602,74
UKPGA_2025_36__LEGV2__CH_00603,67
UKPGA_2025_36__LEGV2__CH_00604,76
UKPGA_2025_36__LEGV2__CH_00605,83
UKPGA_2025_36__LEGV2__CH_00606,51
UKPGA_2025_36__LEGV2__CH_00607,55
UKPGA_2025_36__LEGV2__CH_00608,73
UKPGA_2025_36__LEGV2__CH_00609,96
UKPGA_2025_36__LEGV2__CH_00610,63
UKPGA_2025_36__LEGV2__CH_00611,70
UKPGA_2025_36__LEGV2__CH_00613,91
UKPGA_2025_36__LEGV2__CH_00614,87
UKPGA_2025_36__LEGV2__CH_00615,79
UKPGA_2025_36__LEGV2__CH_00617,66
UKPGA_2025_36__LEGV2__CH_00620,52
UKPGA_2025_36__LEGV2__CH_00621,63
UKPGA_2025_36__LEGV2__CH_00626__M,61
UKPGA_2025_36__LEGV2__CH_00628,60
UKPGA_2025_36__LEGV2__CH_00629,59
UKPGA_2025_36__LEGV2__CH_00630,69
UKPGA_2025_36__LEGV2__CH_00631,59
UKPGA_2025_36__LEGV2__CH_00632,73
UKPGA_2025_36__LEGV2__CH_00633,78
UKPGA_2025_36__LEGV2__CH_00634,88
UKPGA_2025_36__LEGV2__CH_00636,84
UKPGA_2025_36__LEGV2__CH_00637,80
UKPGA_2025_36__LEGV2__CH_00638,71
UKPGA_2025_36__LEGV2__CH_00639,62
UKPGA_2025_36__LEGV2__CH_00640,48
UKPGA_2025_36__LEGV2__CH_00642,63
UKPGA_2025_36__LEGV2__CH_00643,96
UKPGA_2025_36__LEGV2__CH_00644,76
UKPGA_2025_36__LEGV2__CH_00645,74
UKPGA_2025_36__LEGV2__CH_00646,89
UKPGA_2025_36__LEGV2__CH_00647,77
UKPGA_2025_36__LEGV2__CH_00648,85
UKPGA_2025_36__LEGV2__CH_00649,74
UKPGA_2025_36__LEGV2__CH_00650,82
UKPGA_2025_36__LEGV2__CH_00651,55
UKPGA_2025_36__LEGV2__CH_00652,79
UKPGA_2025_36__LEGV2__CH_00653,59
UKPGA_2025_36__LEGV2__CH_00654,55
UKPGA_2025_36__LEGV2__CH_00655,65
UKPGA_2025_36__LEGV2__CH_00656,53
UKPGA_2025_36__LEGV2__CH_00657,89
UKPGA_2025_36__LEGV2__CH_00658,64
UKPGA_2025_36__LEGV2__CH_00659,65
UKPGA_2025_36__LEGV2__CH_00660,61
UKPGA_2025_36__LEGV2__CH_00661,59
UKPGA_2025_36__LEGV2__CH_00662,65
UKPGA_2025_36__LEGV2__CH_00663,62
UKPGA_2025_36__LEGV2__CH_00664,49
UKPGA_2025_36__LEGV2__CH_00665,76
UKPGA_2025_36__LEGV2__CH_00666,73
UKPGA_2025_36__LEGV2__CH_00667,88
UKPGA_2025_36__LEGV2__CH_00668,82
UKPGA_2025_36__LEGV2__CH_00669,65
UKPGA_2025_36__LEGV2__CH_00670,60
UKPGA_2025_36__LEGV2__CH_00671,50
UKPGA_2025_36__LEGV2__CH_00672,67
UKPGA_2025_36__LEGV2__CH_00673,77
UKPGA_2025_36__LEGV2__CH_00674,70
UKPGA_2025_36__LEGV2__CH_00675,77
UKPGA_2025_36__LEGV2__CH_00676,74
UKPGA_2025_36__LEGV2__CH_00677,73
UKPGA_2025_36__LEGV2__CH_00678,53
UKPGA_2025_36__LEGV2__CH_00679,64
UKPGA_2025_36__LEGV2__CH_00680,66
UKPGA_2025_36__LEGV2__CH_00681,54
UKPGA_2025_36__LEGV2__CH_00682,69
UKPGA_2025_36__LEGV2__CH_00694,72
UKPGA_2025_36__LEGV2__CH_00695,121
UKPGA_2025_36__LEGV2__CH_00696,132
UKPGA_2025_36__LEGV2__CH_00697,68
UKPGA_2025_36__LEGV2__CH_00698,101
UKPGA_2025_36__LEGV2__CH_00699,87
UKPGA_2025_36__LEGV2__CH_00700,123
UKPGA_2025_36__LEGV2__CH_00701,114
UKPGA_2025_36__LEGV2__CH_00702,91
UKPGA_2025_36__LEGV2__CH_00703,87
UKPGA_2025_36__LEGV2__CH_00704,127
UKPGA_2025_36__LEGV2__CH_00705,102
UKPGA_2025_36__LEGV2__CH_00706,72
UKPGA_2025_36__LEGV2__CH_00707,85
UKPGA_2025_36__LEGV2__CH_00708,73
UKPGA_2025_36__LEGV2__CH_00709,76
UKPGA_2025_36__LEGV2__CH_00710,74
UKPGA_2025_36__LEGV2__CH_00713,63
UKPGA_2025_36__LEGV2__CH_00714,70
UKPGA_2025_36__LEGV2__CH_00715,74
UKPGA_2025_36__LEGV2__CH_00716,62
UKPGA_2025_36__LEGV2__CH_00717,47
UKPGA_2025_36__LEGV2__CH_00718,76
UKPGA_2025_36__LEGV2__CH_00719,97
UKPGA_2025_36__LEGV2__CH_00720,72
UKPGA_2025_36__LEGV2__CH_00721,49
UKPGA_2025_36__LEGV2__CH_00722,60
UKPGA_2025_36__LEGV2__CH_00723,53
UKPGA_2025_36__LEGV2__CH_00724,56
UKPGA_2025_36__LEGV2__CH_00725,71
UKPGA_2025_36__LEGV2__CH_00726,55
UKPGA_2025_36__LEGV2__CH_00727,81
UKPGA_2025_36__LEGV2__CH_00728,47
UKPGA_2025_36__LEGV2__CH_00730,67
UKPGA_2025_36__LEGV2__CH_00731,80
UKPGA_2025_36__LEGV2__CH_00732,68
UKPGA_2025_36__LEGV2__CH_00733,57
UKPGA_2025_36__LEGV2__CH_00734,73
UKPGA_2025_36__LEGV2__CH_00735,64
UKPGA_2025_36__LEGV2__CH_00736,52
UKPGA_2025_36__LEGV2__CH_00737,92
UKPGA_2025_36__LEGV2__CH_00738,77
UKPGA_2025_36__LEGV2__CH_00739,66
UKPGA_2025_36__LEGV2__CH_00740,90
UKPGA_2025_36__LEGV2__CH_00741,61
UKPGA_2025_36__LEGV2__CH_00742,67
UKPGA_2025_36__LEGV2__CH_00743,101
UKPGA_2025_36__LEGV2__CH_00744,95
UKPGA_2025_36__LEGV2__CH_00745,133
UKPGA_2025_36__LEGV2__CH_00746,60
UKPGA_2025_36__LEGV2__CH_00747,81
UKPGA_2025_36__LEGV2__CH_00748,100
UKPGA_2025_36__LEGV2__CH_00749,82
UKPGA_2025_36__LEGV2__CH_00750,88
UKPGA_2025_36__LEGV2__CH_00751,76
UKPGA_2025_36__LEGV2__CH_00752,71
UKPGA_2025_36__LEGV2__CH_00753,75
UKPGA_2025_36__LEGV2__CH_00754,65
UKPGA_2025_36__LEGV2__CH_00755,85
UKPGA_2025_36__LEGV2__CH_00756,87
UKPGA_2025_36__LEGV2__CH_00758,118
UKPGA_2025_36__LEGV2__CH_00759,100
UKPGA_2025_36__LEGV2__CH_00760,112
UKPGA_2025_36__LEGV2__CH_00761,99
UKPGA_2025_36__LEGV2__CH_00762,108
UKPGA_2025_36__LEGV2__CH_00763,89
UKPGA_2025_36__LEGV2__CH_00764,83
UKPGA_2025_36__LEGV2__CH_00765,94
UKPGA_2025_36__LEGV2__CH_00766,89
UKPGA_2025_36__LEGV2__CH_00767,83
UKPGA_2025_36__LEGV2__CH_00768,76
UKPGA_2025_36__LEGV2__CH_00771,89
UKPGA_2025_36__LEGV2__CH_00772,112
UKPGA_2025_36__LEGV2__CH_00773,61
UKPGA_2025_36__LEGV2__CH_00774,71
UKPGA_2025_36__LEGV2__CH_00775,59
UKPGA_2025_36__LEGV2__CH_00776,52
UKPGA_2025_36__LEGV2__CH_00777,97
UKPGA_2025_36__LEGV2__CH_00778,80
UKPGA_2025_36__LEGV2__CH_00780,77
UKPGA_2025_36__LEGV2__CH_00781,64
UKPGA_2025_36__LEGV2__CH_00782,66
UKPGA_2025_36__LEGV2__CH_00783,68
UKPGA_2025_36__LEGV2__CH_00784,70
UKPGA_2025_36__LEGV2__CH_00785,64
UKPGA_2025_36__LEGV2__CH_00786,62
UKPGA_2025_36__LEGV2__CH_00787,70
UKPGA_2025_36__LEGV2__CH_00788,72
UKPGA_2025_36__LEGV2__CH_00789,56
UKPGA_2025_36__LEGV2__CH_00790,63
UKPGA_2025_36__LEGV2__CH_00791,64
UKPGA_2025_36__LEGV2__CH_00793,61
UKPGA_2025_36__LEGV2__CH_00794,65
UKPGA_2025_36__LEGV2__CH_00795,44
UKPGA_2025_36__LEGV2__CH_00796,75
UKPGA_2025_36__LEGV2__CH_00798,57
UKPGA_2025_36__LEGV2__CH_00799,69
UKPGA_2025_36__LEGV2__CH_00800,82
UKPGA_2025_36__LEGV2__CH_00802,56
UKPGA_2025_36__LEGV2__CH_00803,106
UKPGA_2025_36__LEGV2__CH_00804,56
UKPGA_2025_36__LEGV2__CH_00805,44
UKPGA_2025_36__LEGV2__CH_00806,57
UKPGA_2025_36__LEGV2__CH_00807,63
UKPGA_2025_36__LEGV2__CH_00808,59
UKPGA_2025_36__LEGV2__CH_00809,45
UKPGA_2025_36__LEGV2__CH_00810,59
UKPGA_2025_36__LEGV2__CH_00812,57
UKPGA_2025_36__LEGV2__CH_00814,59
UKPGA_2025_36__LEGV2__CH_00815,73
UKPGA_2025_36__LEGV2__CH_00816,60
UKPGA_2025_36__LEGV2__CH_00817,64
UKPGA_2025_36__LEGV2__CH_00818,57
UKPGA_2025_36__LEGV2__CH_00819,56
UKPGA_2025_36__LEGV2__CH_00820,81
UKPGA_2025_36__LEGV2__CH_00821,66
UKPGA_2025_36__LEGV2__CH_00822,62
UKPGA_2025_36__LEGV2__CH_00823,71
UKPGA_2025_36__LEGV2__CH_00824,49
UKPGA_2025_36__LEGV2__CH_00825,89
UKPGA_2025_36__LEGV2__CH_00826,95
UKPGA_2025_36__LEGV2__CH_00827,74
UKPGA_2025_36__LEGV2__CH_00829,77
UKPGA_2025_36__LEGV2__CH_00830,99
UKPGA_2025_36__LEGV2__CH_00831,87
UKPGA_2025_36__LEGV2__CH_00832,85
UKPGA_2025_36__LEGV2__CH_00833,65
UKPGA_2025_36__LEGV2__CH_00834,70
UKPGA_2025_36__LEGV2__CH_00835,84
UKPGA_2025_36__LEGV2__CH_00836,56
UKPGA_2025_36__LEGV2__CH_00837,85
UKPGA_2025_36__LEGV2__CH_00838,71
UKPGA_2025_36__LEGV2__CH_00840,60
UKPGA_2025_36__LEGV2__CH_00841,61
UKPGA_2025_36__LEGV2__CH_00842,90
UKPGA_2025_36__LEGV2__CH_00843,79
UKPGA_2025_36__LEGV2__CH_00844,91
UKPGA_2025_36__LEGV2__CH_00845,61
UKPGA_2025_36__LEGV2__CH_00846,54
UKPGA_2025_36__LEGV2__CH_00847,82
UKPGA_2025_36__LEGV2__CH_00848,58
UKPGA_2025_36__LEGV2__CH_00849,82
UKPGA_2025_36__LEGV2__CH_00850,92
UKPGA_2025_36__LEGV2__CH_00851,65
UKPGA_2025_36__LEGV2__CH_00852,82
UKPGA_2025_36__LEGV2__CH_00854,77
UKPGA_2025_36__LEGV2__CH_00855,67
UKPGA_2025_36__LEGV2__CH_00856,74
UKPGA_2025_36__LEGV2__CH_00857,73
UKPGA_2025_36__LEGV2__CH_00858,66
UKPGA_2025_36__LEGV2__CH_00859,58
UKPGA_2025_36__LEGV2__CH_00860,63
UKPGA_2025_36__LEGV2__CH_00861,54
UKPGA_2025_36__LEGV2__CH_00862,54
UKPGA_2025_36__LEGV2__CH_00863,87
UKPGA_2025_36__LEGV2__CH_00864,58
UKPGA_2025_36__LEGV2__CH_00865,70
UKPGA_2025_36__LEGV2__CH_00866,70
UKPGA_2025_36__LEGV2__CH_00867,76
UKPGA_2025_36__LEGV2__CH_00868,80
UKPGA_2025_36__LEGV2__CH_00869,66
UKPGA_2025_36__LEGV2__CH_00870,55
UKPGA_2025_36__LEGV2__CH_00871,72
UKPGA_2025_36__LEGV2__CH_00873,55
UKPGA_2025_36__LEGV2__CH_00874,76
UKPGA_2025_36__LEGV2__CH_00875,72
UKPGA_2025_36__LEGV2__CH_00876,73
UKPGA_2025_36__LEGV2__CH_00877,89
UKPGA_2025_36__LEGV2__CH_00878,52
UKPGA_2025_36__LEGV2__CH_00880,76
UKPGA_2025_36__LEGV2__CH_00881,68
UKPGA_2025_36__LEGV2__CH_00882,60
UKPGA_2025_36__LEGV2__CH_00883,65
UKPGA_2025_36__LEGV2__CH_00884,63
UKPGA_2025_36__LEGV2__CH_00888,74
UKPGA_2025_36__LEGV2__CH_00889,68
UKPGA_2025_36__LEGV2__CH_00890,72
UKPGA_2025_36__LEGV2__CH_00891,85
UKPGA_2025_36__LEGV2__CH_00892,76
UKPGA_2025_36__LEGV2__CH_00893,69
UKPGA_2025_36__LEGV2__CH_00894,50
UKPGA_2025_36__LEGV2__CH_00895,89
UKPGA_2025_36__LEGV2__CH_00896,70
UKPGA_2025_36__LEGV2__CH_00897,76
UKPGA_2025_36__LEGV2__CH_00898,92
UKPGA_2025_36__LEGV2__CH_00899,84
UKPGA_2025_36__LEGV2__CH_00900,79
UKPGA_2025_36__LEGV2__CH_00901,67
UKPGA_2025_36__LEGV2__CH_00902,66
UKPGA_2025_36__LEGV2__CH_00903,60
UKPGA_2025_36__LEGV2__CH_00904,59
UKPGA_2025_36__LEGV2__CH_00905,64
UKPGA_2025_36__LEGV2__CH_00906,73
UKPGA_2025_36__LEGV2__CH_00907,89
UKPGA_2025_36__LEGV2__CH_00910,70
UKPGA_2025_36__LEGV2__CH_00911,58
UKPGA_2025_36__LEGV2__CH_00914,66
UKPGA_2025_36__LEGV2__CH_00915,81
UKPGA_2025_36__LEGV2__CH_00916,59
UKPGA_2025_36__LEGV2__CH_00917,60
UKPGA_2025_36__LEGV2__CH_00918,84
UKPGA_2025_36__LEGV2__CH_00919,93
UKPGA_2025_36__LEGV2__CH_00920,77
UKPGA_2025_36__LEGV2__CH_00921,82
UKPGA_2025_36__LEGV2__CH_00922,61
UKPGA_2025_36__LEGV2__CH_00923,62
UKPGA_2025_36__LEGV2__CH_00924,73
UKPGA_2025_36__LEGV2__CH_00925,67
UKPGA_2025_36__LEGV2__CH_00926,48
UKPGA_2025_36__LEGV2__CH_00927,101
UKPGA_2025_36__LEGV2__CH_00928,81
UKPGA_2025_36__LEGV2__CH_00929,90
UKPGA_2025_36__LEGV2__CH_00930,107
UKPGA_2025_36__LEGV2__CH_00931,103
UKPGA_2025_36__LEGV2__CH_00932,83
UKPGA_2025_36__LEGV2__CH_00933,112
UKPGA_2025_36__LEGV2__CH_00934,99
UKPGA_2025_36__LEGV2__CH_00935,89
UKPGA_2025_36__LEGV2__CH_00936,86
UKPGA_2025_36__LEGV2__CH_00937,115
UKPGA_2025_36__LEGV2__CH_00938,63
UKPGA_2025_36__LEGV2__CH_00939,67
UKPGA_2025_36__LEGV2__CH_00940,124
UKPGA_2025_36__LEGV2__CH_00941,66
UKPGA_2025_36__LEGV2__CH_00942,59
UKPGA_2025_36__LEGV2__CH_00943,61
UKPGA_2025_36__LEGV2__CH_00944,73
UKPGA_2025_36__LEGV2__CH_00945,62
UKPGA_2025_36__LEGV2__CH_00946,60
UKPGA_2025_36__LEGV2__CH_00947,80
UKPGA_2025_36__LEGV2__CH_00949,73
UKPGA_2025_36__LEGV2__CH_00950,63
UKPGA_2025_36__LEGV2__CH_00951,64
UKPGA_2025_36__LEGV2__CH_00952,65
UKPGA_2025_36__LEGV2__CH_00953,67
UKPGA_2025_36__LEGV2__CH_00954,70
UKPGA_2025_36__LEGV2__CH_00955,56
UKPGA_2025_36__LEGV2__CH_00956,73
UKPGA_2025_36__LEGV2__CH_00958,71
UKPGA_2025_36__LEGV2__CH_00959,61
UKPGA_2025_36__LEGV2__CH_00960,61
UKPGA_2025_36__LEGV2__CH_00961,66
UKPGA_2025_36__LEGV2__CH_00962,74
UKPGA_2025_36__LEGV2__CH_00963,61
UKPGA_2025_36__LEGV2__CH_00964,82
UKPGA_2025_36__LEGV2__CH_00965,68
UKPGA_2025_36__LEGV2__CH_00966,59
UKPGA_2025_36__LEGV2__CH_00967,42
UKPGA_2025_36__LEGV2__CH_00968,60
UKPGA_2025_36__LEGV2__CH_00969,60
UKPGA_2025_36__LEGV2__CH_00970,69
UKPGA_2025_36__LEGV2__CH_00971,59
UKPGA_2025_36__LEGV2__CH_00972,79
UKPGA_2025_36__LEGV2__CH_00973,62
UKPGA_2025_36__LEGV2__CH_00974,86
UKPGA_2025_36__LEGV2__CH_00978,97
UKPGA_2025_36__LEGV2__CH_00979,71
UKPGA_2025_36__LEGV2__CH_00980,140
UKPGA_2025_36__LEGV2__CH_00981,93
UKPGA_2025_36__LEGV2__CH_00982,74
UKPGA_2025_36__LEGV2__CH_00983,100
UKPGA_2025_36__LEGV2__CH_00984,84
UKPGA_2025_36__LEGV2__CH_00985,65
UKPGA_2025_36__LEGV2__CH_00986,73
UKPGA_2025_36__LEGV2__CH_00987,90
UKPGA_2025_36__LEGV2__CH_00988,69
UKPGA_2025_36__LEGV2__CH_00989,115
UKPGA_2025_36__LEGV2__CH_00990,69
UKPGA_2025_36__LEGV2__CH_00991,95
UKPGA_2025_36__LEGV2__CH_00992,130
UKPGA_2025_36__LEGV2__CH_00996,68
UKPGA_2025_36__LEGV2__CH_00997,66
UKPGA_2025_36__LEGV2__CH_00998,85
UKPGA_2025_36__LEGV2__CH_00999,64
UKPGA_2025_36__LEGV2__CH_01000,98
UKPGA_2025_36__LEGV2__CH_01001,74
UKPGA_2025_36__LEGV2__CH_01002,85
UKPGA_2025_36__LEGV2__CH_01003,62
UKPGA_2025_36__LEGV2__CH_01004,60
UKPGA_2025_36__LEGV2__CH_01005,86
UKPGA_2025_36__LEGV2__CH_01006,61
UKPGA_2025_36__LEGV2__CH_01007,76
UKPGA_2025_36__LEGV2__CH_01008,61
UKPGA_2025_36__LEGV2__CH_01009,69
UKPGA_2025_36__LEGV2__CH_01010,81
UKPGA_2025_36__LEGV2__CH_01011,73
UKPGA_2025_36__LEGV2__CH_01012,88
UKPGA_2025_36__LEGV2__CH_01013,97
UKPGA_2025_36__LEGV2__CH_01014,77
UKPGA_2025_36__LEGV2__CH_01015,70
UKPGA_2025_36__LEGV2__CH_01016,56
UKPGA_2025_36__LEGV2__CH_01019,63
UKPGA_2025_36__LEGV2__CH_01020,76
UKPGA_2025_36__LEGV2__CH_01021,59
UKPGA_2025_36__LEGV2__CH_01022,88
UKPGA_2025_36__LEGV2__CH_01023,70
UKPGA_2025_36__LEGV2__CH_01024,91
UKPGA_2025_36__LEGV2__CH_01025,80
UKPGA_2025_36__LEGV2__CH_01026,59
UKPGA_2025_36__LEGV2__CH_01027,81
UKPGA_2025_36__LEGV2__CH_01028,71
UKPGA_2025_36__LEGV2__CH_01029,73
UKPGA_2025_36__LEGV2__CH_01030,64
UKPGA_2025_36__LEGV2__CH_01031,83
UKPGA_2025_36__LEGV2__CH_01032,85
UKPGA_2025_36__LEGV2__CH_01033,59
UKPGA_2025_36__LEGV2__CH_01034,62
UKPGA_2025_36__LEGV2__CH_01035,71
UKPGA_2025_36__LEGV2__CH_01036,74
UKPGA_2025_36__LEGV2__CH_01037,97
UKPGA_2025_36__LEGV2__CH_01038,67
UKPGA_2025_36__LEGV2__CH_01039,80
UKPGA_2025_36__LEGV2__CH_01040,61
UKPGA_2025_36__LEGV2__CH_01041,64
UKPGA_2025_36__LEGV2__CH_01042,72
UKPGA_2025_36__LEGV2__CH_01043,73
UKPGA_2025_36__LEGV2__CH_01044,82
UKPGA_2025_36__LEGV2__CH_01045,72
UKPGA_2025_36__LEGV2__CH_01046,112
UKPGA_2025_36__LEGV2__CH_01047,80
UKPGA_2025_36__LEGV2__CH_01048,71
UKPGA_2025_36__LEGV2__CH_01049,59
UKPGA_2025_36__LEGV2__CH_01050,83
UKPGA_2025_36__LEGV2__CH_01051,62
UKPGA_2025_36__LEGV2__CH_01052,73
UKPGA_2025_36__LEGV2__CH_01054,72
UKPGA_2025_36__LEGV2__CH_01055,92
UKPGA_2025_36__LEGV2__CH_01056,83
UKPGA_2025_36__LEGV2__CH_01057,81
UKPGA_2025_36__LEGV2__CH_01058,88
UKPGA_2025_36__LEGV2__CH_01059,85
UKPGA_2025_36__LEGV2__CH_01060,83
UKPGA_2025_36__LEGV2__CH_01061,74
UKPGA_2025_36__LEGV2__CH_01062,107
UKPGA_2025_36__LEGV2__CH_01063,84
UKPGA_2025_36__LEGV2__CH_01064,81
UKPGA_2025_36__LEGV2__CH_01065,87
UKPGA_2025_36__LEGV2__CH_01066,69
UKPGA_2025_36__LEGV2__CH_01067,81
UKPGA_2025_36__LEGV2__CH_01068,90
UKPGA_2025_36__LEGV2__CH_01069,84
UKPGA_2025_36__LEGV2__CH_01070,92
UKPGA_2025_36__LEGV2__CH_01071,85
UKPGA_2025_36__LEGV2__CH_01072,70
UKPGA_2025_36__LEGV2__CH_01073,70
UKPGA_2025_36__LEGV2__CH_01074,61
UKPGA_2025_36__LEGV2__CH_01075,71
UKPGA_2025_36__LEGV2__CH_01076,63
UKPGA_2025_36__LEGV2__CH_01077,66
UKPGA_2025_36__LEGV2__CH_01078,60
UKPGA_2025_36__LEGV2__CH_01079,64
UKPGA_2025_36__LEGV2__CH_01080,62
UKPGA_2025_36__LEGV2__CH_01081,72
UKPGA_2025_36__LEGV2__CH_01082,57
UKPGA_2025_36__LEGV2__CH_01083,71
UKPGA_2025_36__LEGV2__CH_01084,60
UKPGA_2025_36__LEGV2__CH_01086,69
UKPGA_2025_36__LEGV2__CH_01087,96
UKPGA_2025_36__LEGV2__CH_01088,119
UKPGA_2025_36__LEGV2__CH_01089,82
UKPGA_2025_36__LEGV2__CH_01090,48
UKPGA_2025_36__LEGV2__CH_01091,61
UKPGA_2025_36__LEGV2__CH_01092,63
UKPGA_2025_36__LEGV2__CH_01093,69
UKPGA_2025_36__LEGV2__CH_01094,68
UKPGA_2025_36__LEGV2__CH_01095,91
UKPGA_2025_36__LEGV2__CH_01096,78
UKPGA_2025_36__LEGV2__CH_01097,54
UKPGA_2025_36__LEGV2__CH_01098,64
UKPGA_2025_36__LEGV2__CH_01099,59
UKPGA_2025_36__LEGV2__CH_01100,67
UKPGA_2025_36__LEGV2__CH_01101,77
UKPGA_2025_36__LEGV2__CH_01102,96
UKPGA_2025_36__LEGV2__CH_01103,68
UKPGA_2025_36__LEGV2__CH_01104,63
UKPGA_2025_36__LEGV2__CH_01105,74
UKPGA_2025_36__LEGV2__CH_01106,73
UKPGA_2025_36__LEGV2__CH_01107,79
UKPGA_2025_36__LEGV2__CH_01108,60
UKPGA_2025_36__LEGV2__CH_01109,69
UKPGA_2025_36__LEGV2__CH_01110,57
UKPGA_2025_36__LEGV2__CH_01111,79
UKPGA_2025_36__LEGV2__CH_01113,63
UKPGA_2025_36__LEGV2__CH_01114,61
UKPGA_2025_36__LEGV2__CH_01115,92
UKPGA_2025_36__LEGV2__CH_01117,58
UKPGA_2025_36__LEGV2__CH_01118,64
UKPGA_2025_36__LEGV2__CH_01119,57
UKPGA_2025_36__LEGV2__CH_01121,75
UKPGA_2025_36__LEGV2__CH_01122,59
UKPGA_2025_36__LEGV2__CH_01123,80
UKPGA_2025_36__LEGV2__CH_01124,73
UKPGA_2025_36__LEGV2__CH_01125,54
UKPGA_2025_36__LEGV2__CH_01126,75
UKPGA_2025_36__LEGV2__CH_01127,58
UKPGA_2025_36__LEGV2__CH_01128,85
UKPGA_2025_36__LEGV2__CH_01129,58
UKPGA_2025_36__LEGV2__CH_01130,68
UKPGA_2025_36__LEGV2__CH_01131,99
UKPGA_2025_36__LEGV2__CH_01132,58
UKPGA_2025_36__LEGV2__CH_01133,43
UKPGA_2025_36__LEGV2__CH_01134,93
UKPGA_2025_36__LEGV2__CH_01135,67
UKPGA_2025_36__LEGV2__CH_01136,79
UKPGA_2025_36__LEGV2__CH_01137,77
UKPGA_2025_36__LEGV2__CH_01138,66
UKPGA_2025_36__LEGV2__CH_01139,57
UKPGA_2025_36__LEGV2__CH_01140,59
UKPGA_2025_36__LEGV2__CH_01141,86
UKPGA_2025_36__LEGV2__CH_01142,82
UKPGA_2025_36__LEGV2__CH_01143,70
UKPGA_2025_36__LEGV2__CH_01144,63
UKPGA_2025_36__LEGV2__CH_01145,66
UKPGA_2025_36__LEGV2__CH_01146,101
UKPGA_2025_36__LEGV2__CH_01147,78
UKPGA_2025_36__LEGV2__CH_01148,75
UKPGA_2025_36__LEGV2__CH_01149,82
UKPGA_2025_36__LEGV2__CH_01150,83
UKPGA_2025_36__LEGV2__CH_01151,99
UKPGA_2025_36__LEGV2__CH_01152,86
UKPGA_2025_36__LEGV2__CH_01153,71
UKPGA_2025_36__LEGV2__CH_01154,58
UKPGA_2025_36__LEGV2__CH_01155,54
UKPGA_2025_36__LEGV2__CH_01156,92
UKPGA_2025_36__LEGV2__CH_01157,70
UKPGA_2025_36__LEGV2__CH_01158,94
UKPGA_2025_36__LEGV2__CH_01159,84
UKPGA_2025_36__LEGV2__CH_01160,76
UKPGA_2025_36__LEGV2__CH_01162,81
UKPGA_2025_36__LEGV2__CH_01164,99
UKPGA_2025_36__LEGV2__CH_01165,89
UKPGA_2025_36__LEGV2__CH_01166,87
UKPGA_2025_36__LEGV2__CH_01167,105
UKPGA_2025_36__LEGV2__CH_01168,106
UKPGA_2025_36__LEGV2__CH_01169,97
UKPGA_2025_36__LEGV2__CH_01171,82
UKPGA_2025_36__LEGV2__CH_01172,58
UKPGA_2025_36__LEGV2__CH_01173,88
UKPGA_2025_36__LEGV2__CH_01174,130
UKPGA_2025_36__LEGV2__CH_01176,171
UKPGA_2025_36__LEGV2__CH_01177,103
UKPGA_2025_36__LEGV2__CH_01178,122
UKPGA_2025_36__LEGV2__CH_01179,118
UKPGA_2025_36__LEGV2__CH_01180,113
UKPGA_2025_36__LEGV2__CH_01181,82
UKPGA_2025_36__LEGV2__CH_01182,63
UKPGA_2025_36__LEGV2__CH_01183,82
UKPGA_2025_36__LEGV2__CH_01185,85
UKPGA_2025_36__LEGV2__CH_01186,72
UKPGA_2025_36__LEGV2__CH_01187,70
UKPGA_2025_36__LEGV2__CH_01188,65
UKPGA_2025_36__LEGV2__CH_01189,88
UKPGA_2025_36__LEGV2__CH_01190,105
UKPGA_2025_36__LEGV2__CH_01191,110
UKPGA_2025_36__LEGV2__CH_01192,111
UKPGA_2025_36__LEGV2__CH_01193,72
UKPGA_2025_36__LEGV2__CH_01194,103
UKPGA_2025_36__LEGV2__CH_01195,77
UKPGA_2025_36__LEGV2__CH_01196,91
UKPGA_2025_36__LEGV2__CH_01197,68
UKPGA_2025_36__LEGV2__CH_01198,104
UKPGA_2025_36__LEGV2__CH_01199,93
UKPGA_2025_36__LEGV2__CH_01202,89
UKPGA_2025_36__LEGV2__CH_01203,91
UKPGA_2025_36__LEGV2__CH_01204,75
UKPGA_2025_36__LEGV2__CH_01206,78
UKPGA_2025_36__LEGV2__CH_01208,67
UKPGA_2025_36__LEGV2__CH_01210,87
UKPGA_2025_36__LEGV2__CH_01211,119
UKPGA_2025_36__LEGV2__CH_01212,122
UKPGA_2025_36__LEGV2__CH_01213,56
UKPGA_2025_36__LEGV2__CH_01214,96
UKPGA_2025_36__LEGV2__CH_01215,70
UKPGA_2025_36__LEGV2__CH_01216,92
UKPGA_2025_36__LEGV2__CH_01217,97
UKPGA_2025_36__LEGV2__CH_01218,98
UKPGA_2025_36__LEGV2__CH_01219,127
UKPGA_2025_36__LEGV2__CH_01220,132
UKPGA_2025_36__LEGV2__CH_01221,103
UKPGA_2025_36__LEGV2__CH_01222,102
UKPGA_2025_36__LEGV2__CH_01223,125
UKPGA_2025_36__LEGV2__CH_01224,102
UKPGA_2025_36__LEGV2__CH_01225,93
UKPGA_2025_36__LEGV2__CH_01226,84
UKPGA_2025_36__LEGV2__CH_01227,100
UKPGA_2025_36__LEGV2__CH_01228,89
UKPGA_2025_36__LEGV2__CH_01229,94
UKPGA_2025_36__LEGV2__CH_01230,121
UKPGA_2025_36__LEGV2__CH_01231,93
UKPGA_2025_36__LEGV2__CH_01232,95
UKPGA_2025_36__LEGV2__CH_01233,69
UKPGA_2025_36__LEGV2__CH_01234,89
UKPGA_2025_36__LEGV2__CH_01235,88
UKPGA_2025_36__LEGV2__CH_01236,70
UKPGA_2025_36__LEGV2__CH_01237,124
UKPGA_2025_36__LEGV2__CH_01238,117
UKPGA_2025_36__LEGV2__CH_01239,107
UKPGA_2025_36__LEGV2__CH_01240,85
UKPGA_2025_36__LEGV2__CH_01241,120
UKPGA_2025_36__LEGV2__CH_01242,124
UKPGA_2025_36__LEGV2__CH_01243,86
UKPGA_2025_36__LEGV2__CH_01244,62
UKPGA_2025_36__LEGV2__CH_01245,73
UKPGA_2025_36__LEGV2__CH_01246,86
UKPGA_2025_36__LEGV2__CH_01247,72
UKPGA_2025_36__LEGV2__CH_01248,66
UKPGA_2025_36__LEGV2__CH_01249,72
UKPGA_2025_36__LEGV2__CH_01250,65
UKPGA_2025_36__LEGV2__CH_01251,48
UKPGA_2025_36__LEGV2__CH_01252,52
UKPGA_2025_36__LEGV2__CH_01253,62
UKPGA_2025_36__LEGV2__CH_01254,59
UKPGA_2025_36__LEGV2__CH_01255,70
UKPGA_2025_36__LEGV2__CH_01256,71
UKPGA_2025_36__LEGV2__CH_01257,55
UKPGA_2025_36__LEGV2__CH_01258,56
UKPGA_2025_36__LEGV2__CH_01259,54
UKPGA_2025_36__LEGV2__CH_01260,44
UKPGA_2025_36__LEGV2__CH_01261,67
UKPGA_2025_36__LEGV2__CH_01262,70
UKPGA_2025_36__LEGV2__CH_01264,77
UKPGA_2025_36__LEGV2__CH_01265,58
UKPGA_2025_36__LEGV2__CH_01266,72
UKPGA_2025_36__LEGV2__CH_01267,65
UKPGA_2025_36__LEGV2__CH_01268,70
UKPGA_2025_36__LEGV2__CH_01269,77
UKPGA_2025_36__LEGV2__CH_01270,58
UKPGA_2025_36__LEGV2__CH_01271,77
UKPGA_2025_36__LEGV2__CH_01272,74
UKPGA_2025_36__LEGV2__CH_01273,129
UKPGA_2025_36__LEGV2__CH_01274,70
UKPGA_2025_36__LEGV2__CH_01275,63
UKPGA_2025_36__LEGV2__CH_01276,59
UKPGA_2025_36__LEGV2__CH_01277,63
UKPGA_2025_36__LEGV2__CH_01278,59
UKPGA_2025_36__LEGV2__CH_01279,61
UKPGA_2025_36__LEGV2__CH_01280,51
UKPGA_2025_36__LEGV2__CH_01281,60
UKPGA_2025_36__LEGV2__CH_01282,66
UKPGA_2025_36__LEGV2__CH_01283,46
UKPGA_2025_36__LEGV2__CH_01284,69
UKPGA_2025_36__LEGV2__CH_01285,66
UKPGA_2025_36__LEGV2__CH_01286,59
UKPGA_2025_36__LEGV2__CH_01287,50
UKPGA_2025_36__LEGV2__CH_01288,72
UKPGA_2025_36__LEGV2__CH_01289,68
UKPGA_2025_36__LEGV2__CH_01290,81
UKPGA_2025_36__LEGV2__CH_01291,80
UKPGA_2025_36__LEGV2__CH_01292,56
UKPGA_2025_36__LEGV2__CH_01293,62
UKPGA_2025_36__LEGV2__CH_01294,67
UKPGA_2025_36__LEGV2__CH_01295,68
UKPGA_2025_36__LEGV2__CH_01296,68
UKPGA_2025_36__LEGV2__CH_01297,64
UKPGA_2025_36__LEGV2__CH_01298,63
UKPGA_2025_36__LEGV2__CH_01299,67
UKPGA_2025_36__LEGV2__CH_01302,79
UKPGA_2025_36__LEGV2__CH_01304,81
UKPGA_2025_36__LEGV2__CH_01306,81
UKPGA_2025_36__LEGV2__CH_01307,75
UKPGA_2025_36__LEGV2__CH_01308,72
UKPGA_2025_36__LEGV2__CH_01309,107
UKPGA_2025_36__LEGV2__CH_01310,92
UKPGA_2025_36__LEGV2__CH_01311,106
UKPGA_2025_36__LEGV2__CH_01312,48
UKPGA_2025_36__LEGV2__CH_01313,61
UKPGA_2025_36__LEGV2__CH_01314,61
UKPGA_2025_36__LEGV2__CH_01315,73
UKPGA_2025_36__LEGV2__CH_01316,64
UKPGA_2025_36__LEGV2__CH_01317,63
UKPGA_2025_36__LEGV2__CH_01319,55
UKPGA_2025_36__LEGV2__CH_01320,58
UKPGA_2025_36__LEGV2__CH_01321,77
UKPGA_2025_36__LEGV2__CH_01322,72
UKPGA_2025_36__LEGV2__CH_01323,58
UKPGA_2025_36__LEGV2__CH_01324,79
UKPGA_2025_36__LEGV2__CH_01325,61
UKPGA_2025_36__LEGV2__CH_01326,58
UKPGA_2025_36__LEGV2__CH_01327,63
UKPGA_2025_36__LEGV2__CH_01328,68
UKPGA_2025_36__LEGV2__CH_01329,56
UKPGA_2025_36__LEGV2__CH_01330,68
UKPGA_2025_36__LEGV2__CH_01331,60
UKPGA_2025_36__LEGV2__CH_01333,120
UKPGA_2025_36__LEGV2__CH_01334,94
UKPGA_2025_36__LEGV2__CH_01335,128
UKPGA_2025_36__LEGV2__CH_01336,116
UKPGA_2025_36__LEGV2__CH_01337,78
UKPGA_2025_36__LEGV2__CH_01338,94
UKPGA_2025_36__LEGV2__CH_01340,86
UKPGA_2025_36__LEGV2__CH_01343,86
UKPGA_2025_36__LEGV2__CH_01344,92
UKPGA_2025_36__LEGV2__CH_01345,61
UKPGA_2025_36__LEGV2__CH_01346,127
UKPGA_2025_36__LEGV2__CH_01347,71
UKPGA_2025_36__LEGV2__CH_01350,67
UKPGA_2025_36__LEGV2__CH_01351,157
UKPGA_2025_36__LEGV2__CH_01352,134
UKPGA_2025_36__LEGV2__CH_01353,95
UKPGA_2025_36__LEGV2__CH_01354,71
UKPGA_2025_36__LEGV2__CH_01355,89
UKPGA_2025_36__LEGV2__CH_01356,86
UKPGA_2025_36__LEGV2__CH_01357,108
UKPGA_2025_36__LEGV2__CH_01358,91
UKPGA_2025_36__LEGV2__CH_01359,102
UKPGA_2025_36__LEGV2__CH_01360,92
UKPGA_2025_36__LEGV2__CH_01361,112
UKPGA_2025_36__LEGV2__CH_01362,62
UKPGA_2025_36__LEGV2__CH_01363,58
UKPGA_2025_36__LEGV2__CH_01364,70
UKPGA_2025_36__LEGV2__CH_01366,63
UKPGA_2025_36__LEGV2__CH_01367,69
UKPGA_2025_36__LEGV2__CH_01368,87
UKPGA_2025_36__LEGV2__CH_01369,75
UKPGA_2025_36__LEGV2__CH_01370,71
UKPGA_2025_36__LEGV2__CH_01371,54
UKPGA_2025_36__LEGV2__CH_01372,59
UKPGA_2025_36__LEGV2__CH_01373,84
UKPGA_2025_36__LEGV2__CH_01374,74
UKPGA_2025_36__LEGV2__CH_01375,69
UKPGA_2025_36__LEGV2__CH_01376,71
UKPGA_2025_36__LEGV2__CH_01377,89
UKPGA_2025_36__LEGV2__CH_01378,77
UKPGA_2025_36__LEGV2__CH_01379,69
UKPGA_2025_36__LEGV2__CH_01380,79
UKPGA_2025_36__LEGV2__CH_01381,77
UKPGA_2025_36__LEGV2__CH_01383,120
UKPGA_2025_36__LEGV2__CH_01384,118
UKPGA_2025_36__LEGV2__CH_01385,122
UKPGA_2025_36__LEGV2__CH_01386,122
UKPGA_2025_36__LEGV2__CH_01387,115
UKPGA_2025_36__LEGV2__CH_01388,60
UKPGA_2025_36__LEGV2__CH_01389,86
UKPGA_2025_36__LEGV2__CH_01392,71
UKPGA_2025_36__LEGV2__CH_01393,93
UKPGA_2025_36__LEGV2__CH_01394,81
UKPGA_2025_36__LEGV2__CH_01395,83
UKPGA_2025_36__LEGV2__CH_01396,58
UKPGA_2025_36__LEGV2__CH_01397,110
UKPGA_2025_36__LEGV2__CH_01398,80
UKPGA_2025_36__LEGV2__CH_01399,87
UKPGA_2025_36__LEGV2__CH_01400,89
UKPGA_2025_36__LEGV2__CH_01401,90
UKPGA_2025_36__LEGV2__CH_01403,111
UKPGA_2025_36__LEGV2__CH_01404,150
UKPGA_2025_36__LEGV2__CH_01405,104
UKPGA_2025_36__LEGV2__CH_01406,75
UKPGA_2025_36__LEGV2__CH_01407,91
UKPGA_2025_36__LEGV2__CH_01408,78
UKPGA_2025_36__LEGV2__CH_01409,102
UKPGA_2025_36__LEGV2__CH_01410,105
UKPGA_2025_36__LEGV2__CH_01411,89
UKPGA_2025_36__LEGV2__CH_01412,122
UKPGA_2025_36__LEGV2__CH_01413,87
UKPGA_2025_36__LEGV2__CH_01414,95
UKPGA_2025_36__LEGV2__CH_01415,82
UKPGA_2025_36__LEGV2__CH_01416,94
UKPGA_2025_36__LEGV2__CH_01417,93
UKPGA_2025_36__LEGV2__CH_01418,87
UKPGA_2025_36__LEGV2__CH_01419,75
UKPGA_2025_36__LEGV2__CH_01420,99
UKPGA_2025_36__LEGV2__CH_01421,98
UKPGA_2025_36__LEGV2__CH_01422,95
UKPGA_2025_36__LEGV2__CH_01423,90
UKPGA_2025_36__LEGV2__CH_01424,98
UKPGA_2025_36__LEGV2__CH_01425,118
UKPGA_2025_36__LEGV2__CH_01426,123
UKPGA_2025_36__LEGV2__CH_01427,90
UKPGA_2025_36__LEGV2__CH_01428,107
UKPGA_2025_36__LEGV2__CH_01429,109
UKPGA_2025_36__LEGV2__CH_01430,70
UKPGA_2025_36__LEGV2__CH_01431,64
UKPGA_2025_36__LEGV2__CH_01432,82
UKPGA_2025_36__LEGV2__CH_01436,77
UKPGA_2025_36__LEGV2__CH_01437,51
UKPGA_2025_36__LEGV2__CH_01438,60
UKPGA_2025_36__LEGV2__CH_01440,63
UKPGA_2025_36__LEGV2__CH_01441,53
UKPGA_2025_36__LEGV2__CH_01443,76
UKPGA_2025_36__LEGV2__CH_01445,74
UKPGA_2025_36__LEGV2__CH_01446,76
UKPGA_2025_36__LEGV2__CH_01448,78
UKPGA_2025_36__LEGV2__CH_01451,102
UKPGA_2025_36__LEGV2__CH_01452,109
UKPGA_2025_36__LEGV2__CH_01453,134
UKPGA_2025_36__LEGV2__CH_01454,143
UKPGA_2025_36__LEGV2__CH_01457,87
UKPGA_2025_36__LEGV2__CH_01458,77
UKPGA_2025_36__LEGV2__CH_01459,94
UKPGA_2025_36__LEGV2__CH_01460,91
UKPGA_2025_36__LEGV2__CH_01461,80
UKPGA_2025_36__LEGV2__CH_01464,105
UKPGA_2025_36__LEGV2__CH_01465,118
UKPGA_2025_36__LEGV2__CH_01466,120
UKPGA_2025_36__LEGV2__CH_01467,135
UKPGA_2025_36__LEGV2__CH_01468,113
UKPGA_2025_36__LEGV2__CH_01469,93
UKPGA_2025_36__LEGV2__CH_01470,81
UKPGA_2025_36__LEGV2__CH_01471,61
UKPGA_2025_36__LEGV2__CH_01472,92
UKPGA_2025_36__LEGV2__CH_01474,71
UKPGA_2025_36__LEGV2__CH_01475,70
UKPGA_2025_36__LEGV2__CH_01476,69
UKPGA_2025_36__LEGV2__CH_01477,59
UKPGA_2025_36__LEGV2__CH_01478,63
UKPGA_2025_36__LEGV2__CH_01479,61
UKPGA_2025_36__LEGV2__CH_01480,79
UKPGA_2025_36__LEGV2__CH_01481,81
UKPGA_2025_36__LEGV2__CH_01483,71
UKPGA_2025_36__LEGV2__CH_01484,99
UKPGA_2025_36__LEGV2__CH_01485__M,73
UKPGA_2025_36__LEGV2__CH_01487,64
UKPGA_2025_36__LEGV2__CH_01488,70
UKPGA_2025_36__LEGV2__CH_01489,78
UKPGA_2025_36__LEGV2__CH_01492,141
UKPGA_2025_36__LEGV2__CH_01493,116
UKPGA_2025_36__LEGV2__CH_01494,126
UKPGA_2025_36__LEGV2__CH_01495,109
UKPGA_2025_36__LEGV2__CH_01496,85
UKPGA_2025_36__LEGV2__CH_01497,107
UKPGA_2025_36__LEGV2__CH_01499,83
UKPGA_2025_36__LEGV2__CH_01501,83
UKPGA_2025_36__LEGV2__CH_01502,72
UKPGA_2025_36__LEGV2__CH_01503,53
UKPGA_2025_36__LEGV2__CH_01504,59
UKPGA_2025_36__LEGV2__CH_01507,85
UKPGA_2025_36__LEGV2__CH_01508,104
UKPGA_2025_36__LEGV2__CH_01509,121
UKPGA_2025_36__LEGV2__CH_01510,90
UKPGA_2025_36__LEGV2__CH_01511,93
UKPGA_2025_36__LEGV2__CH_01512,111
UKPGA_2025_36__LEGV2__CH_01513,101
UKPGA_2025_36__LEGV2__CH_01515,109
UKPGA_2025_36__LEGV2__CH_01516,99
UKPGA_2025_36__LEGV2__CH_01517,94
UKPGA_2025_36__LEGV2__CH_01518,82
UKPGA_2025_36__LEGV2__CH_01519,75
UKPGA_2025_36__LEGV2__CH_01520,83
UKPGA_2025_36__LEGV2__CH_01521,79
UKPGA_2025_36__LEGV2__CH_01522,85
UKPGA_2025_36__LEGV2__CH_01523,78
UKPGA_2025_36__LEGV2__CH_01524,78
UKPGA_2025_36__LEGV2__CH_01526,89
UKPGA_2025_36__LEGV2__CH_01527,93
UKPGA_2025_36__LEGV2__CH_01528,70
UKPGA_2025_36__LEGV2__CH_01529,78
UKPGA_2025_36__LEGV2__CH_01530,82
UKPGA_2025_36__LEGV2__CH_01534,60
UKPGA_2025_36__LEGV2__CH_01536,57
UKPGA_2025_36__LEGV2__CH_01551,92
UKPGA_2025_36__LEGV2__CH_01556,83
UKPGA_2025_36__LEGV2__CH_01557,65
UKPGA_2025_36__LEGV2__CH_01559,78
UKPGA_2025_36__LEGV2__CH_01560,92
UKPGA_2025_36__LEGV2__CH_01561,56
UKPGA_2025_36__LEGV2__CH_01565,116
UKPGA_2025_36__LEGV2__CH_01567,66
UKPGA_2025_36__LEGV2__CH_01568,117
UKPGA_2025_36__LEGV2__CH_01570,70
UKPGA_2025_36__LEGV2__CH_01571,68
UKPGA_2025_36__LEGV2__CH_01572,56
UKPGA_2025_36__LEGV2__CH_01573,69
UKPGA_2025_36__LEGV2__CH_01574,104
UKPGA_2025_36__LEGV2__CH_01575,68
UKPGA_2025_36__LEGV2__CH_01576,92
UKPGA_2025_36__LEGV2__CH_01580,76
UKPGA_2025_36__LEGV2__CH_01581,59
UKPGA_2025_36__LEGV2__CH_01582,60
UKPGA_2025_36__LEGV2__CH_01583,71
UKPGA_2025_36__LEGV2__CH_01584,62
UKPGA_2025_36__LEGV2__CH_01585,56
UKPGA_2025_36__LEGV2__CH_01586,61
UKPGA_2025_36__LEGV2__CH_01587,45
UKPGA_2025_36__LEGV2__CH_01588,70
UKPGA_2025_36__LEGV2__CH_01590,60
UKPGA_2025_36__LEGV2__CH_01591,54
UKPGA_2025_36__LEGV2__CH_01598,100
UKPGA_2025_36__LEGV2__CH_01604,64
UKPGA_2025_36__LEGV2__CH_01605,71
UKPGA_2025_36__LEGV2__CH_01606,68
UKPGA_2025_36__LEGV2__CH_01607,77
UKPGA_2025_36__LEGV2__CH_01609,67
UKPGA_2025_36__LEGV2__CH_01610,74
UKPGA_2025_36__LEGV2__CH_01611,70
UKPGA_2025_36__LEGV2__CH_01612,81
UKPGA_2025_36__LEGV2__CH_01613,67
UKPGA_2025_36__LEGV2__CH_01614,80
UKPGA_2025_36__LEGV2__CH_01615,71
UKPGA_2025_36__LEGV2__CH_01616,68
UKPGA_2025_36__LEGV2__CH_01619,57
UKPGA_2025_36__LEGV2__CH_01621,106
UKPGA_2025_36__LEGV2__CH_01622,57
UKPGA_2025_36__LEGV2__CH_01625,74
UKPGA_2025_36__LEGV2__CH_01626,60
UKPGA_2025_36__LEGV2__CH_01627,68
UKPGA_2025_36__LEGV2__CH_01628,72
UKPGA_2025_36__LEGV2__CH_01629,76
UKPGA_2025_36__LEGV2__CH_01630,90
UKPGA_2025_36__LEGV2__CH_01632,60
UKPGA_2025_36__LEGV2__CH_01633,64
UKPGA_2025_36__LEGV2__CH_01634,81
UKPGA_2025_36__LEGV2__CH_01635,81
UKPGA_2025_36__LEGV2__CH_01636,77
UKPGA_2025_36__LEGV2__CH_01637,71
UKPGA_2025_36__LEGV2__CH_01638,69
UKPGA_2025_36__LEGV2__CH_01640,94
UKPGA_2025_36__LEGV2__CH_01642,64
UKPGA_2025_36__LEGV2__CH_01643,95
UKPGA_2025_36__LEGV2__CH_01645,82
UKPGA_2025_36__LEGV2__CH_01649,72
UKPGA_2025_36__LEGV2__CH_01650,83
UKPGA_2025_36__LEGV2__CH_01651,91
UKPGA_2025_36__LEGV2__CH_01652,111
UKPGA_2025_36__LEGV2__CH_01653,86
UKPGA_2025_36__LEGV2__CH_01654,63
UKPGA_2025_36__LEGV2__CH_01655,70
UKPGA_2025_36__LEGV2__CH_01656,61
UKPGA_2025_36__LEGV2__CH_01657,58
UKPGA_2025_36__LEGV2__CH_01658,66
UKPGA_2025_36__LEGV2__CH_01659,74
UKPGA_2025_36__LEGV2__CH_01663,71
UKPGA_2025_36__LEGV2__CH_01665,95
UKPGA_2025_36__LEGV2__CH_01666,87
UKPGA_2025_36__LEGV2__CH_01667,57
UKPGA_2025_36__LEGV2__CH_01668,63
UKPGA_2025_36__LEGV2__CH_01670,90
UKPGA_2025_36__LEGV2__CH_01671,72
UKPGA_2025_36__LEGV2__CH_01672,110
UKPGA_2025_36__LEGV2__CH_01673,85
UKPGA_2025_36__LEGV2__CH_01674,81
UKPGA_2025_36__LEGV2__CH_01677,87
UKPGA_2025_36__LEGV2__CH_01678,86
UKPGA_2025_36__LEGV2__CH_01679,86
UKPGA_2025_36__LEGV2__CH_01681,89
UKPGA_2025_36__LEGV2__CH_01682,76
UKPGA_2025_36__LEGV2__CH_01683,68
UKPGA_2025_36__LEGV2__CH_01684,67
UKPGA_2025_36__LEGV2__CH_01685,72
UKPGA_2025_36__LEGV2__CH_01686,70
UKPGA_2025_36__LEGV2__CH_01687,89
UKPGA_2025_36__LEGV2__CH_01688,68
UKPGA_2025_36__LEGV2__CH_01689,67
UKPGA_2025_36__LEGV2__CH_01690,55
UKPGA_2025_36__LEGV2__CH_01691,81
UKPGA_2025_36__LEGV2__CH_01693,74
UKPGA_2025_36__LEGV2__CH_01694,107
UKPGA_2025_36__LEGV2__CH_01695,97
UKPGA_2025_36__LEGV2__CH_01696,96
UKPGA_2025_36__LEGV2__CH_01697,95
UKPGA_2025_36__LEGV2__CH_01698,103
UKPGA_2025_36__LEGV2__CH_01699,78
UKPGA_2025_36__LEGV2__CH_01700,104
UKPGA_2025_36__LEGV2__CH_01701,82
UKPGA_2025_36__LEGV2__CH_01702,81
UKPGA_2025_36__LEGV2__CH_01703,121
UKPGA_2025_36__LEGV2__CH_01704,121
UKPGA_2025_36__LEGV2__CH_01705,86
UKPGA_2025_36__LEGV2__CH_01706,69
UKPGA_2025_36__LEGV2__CH_01707,82
UKPGA_2025_36__LEGV2__CH_01709,70
UKPGA_2025_36__LEGV2__CH_01710,121
UKPGA_2025_36__LEGV2__CH_01711,73
UKPGA_2025_36__LEGV2__CH_01712,152
UKPGA_2025_36__LEGV2__CH_01713,79
UKPGA_2025_36__LEGV2__CH_01714,80
UKPGA_2025_36__LEGV2__CH_01715,59
UKPGA_2025_36__LEGV2__CH_01716,79
UKPGA_2025_36__LEGV2__CH_01717,105
UKPGA_2025_36__LEGV2__CH_01718,135
UKPGA_2025_36__LEGV2__CH_01719,89
UKPGA_2025_36__LEGV2__CH_01720,90
UKPGA_2025_36__LEGV2__CH_01721,88
UKPGA_2025_36__LEGV2__CH_01722,88
UKPGA_2025_36__LEGV2__CH_01723,69
UKPGA_2025_36__LEGV2__CH_01724,109
UKPGA_2025_36__LEGV2__CH_01725,71
UKPGA_2025_36__LEGV2__CH_01726,50
UKPGA_2025_36__LEGV2__CH_01727,50
UKPGA_2025_36__LEGV2__CH_01728,79
UKSI_2002_1860__LEGV2__CH_00001,64
UKSI_2002_1860__LEGV2__CH_00002,73
UKSI_2002_1860__LEGV2__CH_00003,71
UKSI_2002_1860__LEGV2__CH_00004,117
UKSI_2002_1860__LEGV2__CH_00005,83
UKSI_2002_1860__LEGV2__CH_00006,67
UKSI_2002_1860__LEGV2__CH_00008,70
UKSI_2002_1860__LEGV2__CH_00009,74
UKSI_2002_1860__LEGV2__CH_00010,49
UKSI_2002_1860__LEGV2__CH_00011,54
UKSI_2002_1860__LEGV2__CH_00013,55
UKSI_2002_1860__LEGV2__CH_00014,82
UKSI_2002_1860__LEGV2__CH_00015,80
UKSI_2002_1860__LEGV2__CH_00016,89
UKSI_2002_1860__LEGV2__CH_00017,68
UKSI_2002_1860__LEGV2__CH_00018,62
UKSI_2002_1860__LEGV2__CH_00019,58
UKSI_2002_1860__LEGV2__CH_00020,53
UKSI_2002_1860__LEGV2__CH_00021,54
UKSI_2002_1860__LEGV2__CH_00022,67
UKSI_2002_1860__LEGV2__CH_00023,48
UKSI_2002_1860__LEGV2__CH_00024,51
UKSI_2002_1860__LEGV2__CH_00025,63
UKSI_2002_1860__LEGV2__CH_00026,59
UKSI_2002_1860__LEGV2__CH_00027,69
UKSI_2002_1860__LEGV2__CH_00028,53
UKSI_2002_1860__LEGV2__CH_00029,81
UKSI_2002_1860__LEGV2__CH_00030,48
UKSI_2002_1860__LEGV2__CH_00032,69
UKSI_2002_1860__LEGV2__CH_00034,61
UKSI_2002_1860__LEGV2__CH_00036,62
UKSI_2002_1860__LEGV2__CH_00038,74
UKSI_2002_1860__LEGV2__CH_00039,71
UKSI_2002_1860__LEGV2__CH_00040,69
UKSI_2002_1860__LEGV2__CH_00041,76
UKSI_2002_1860__LEGV2__CH_00042,84
UKSI_2002_1860__LEGV2__CH_00043,80
UKSI_2002_1860__LEGV2__CH_00044,71
UKSI_2002_1860__LEGV2__CH_00046,71
UKSI_2002_1860__LEGV2__CH_00048,82
UKSI_2002_1860__LEGV2__CH_00049,75
UKSI_2002_1860__LEGV2__CH_00050,79
UKSI_2002_1860__LEGV2__CH_00052,90
UKSI_2002_1860__LEGV2__CH_00054,63
UKSI_2002_1860__LEGV2__CH_00055,84
UKSI_2002_1860__LEGV2__CH_00056,76
UKSI_2002_1860__LEGV2__CH_00057,109
UKSI_2002_1860__LEGV2__CH_00058,114
UKSI_2002_1860__LEGV2__CH_00059,77
UKSI_2002_1860__LEGV2__CH_00060,64
UKSI_2002_1860__LEGV2__CH_00062,67
UKSI_2002_1860__LEGV2__CH_00063,83
UKSI_2002_1860__LEGV2__CH_00064,72
UKSI_2002_1860__LEGV2__CH_00066,72
UKSI_2002_1860__LEGV2__CH_00067,63
UKSI_2002_1860__LEGV2__CH_00068,69
UKSI_2002_1860__LEGV2__CH_00069,82
UKSI_2002_1860__LEGV2__CH_00070,84
UKSI_2002_1860__LEGV2__CH_00071,66
UKSI_2002_1860__LEGV2__CH_00073,96
UKSI_2002_1860__LEGV2__CH_00075,82
UKSI_2002_1860__LEGV2__CH_00076,78
UKSI_2002_1860__LEGV2__CH_00077,119
UKSI_2002_1860__LEGV2__CH_00078,113
UKSI_2002_1860__LEGV2__CH_00079,73
UKSI_2002_1860__LEGV2__CH_00082,75
UKSI_2002_1860__LEGV2__CH_00083,66
UKSI_2002_1860__LEGV2__CH_00086,100
UKSI_2002_1860__LEGV2__CH_00087,62
UKSI_2002_1860__LEGV2__CH_00088,52
UKSI_2002_1860__LEGV2__CH_00089,70
UKSI_2002_1860__LEGV2__CH_00091,80
UKSI_2002_1860__LEGV2__CH_00092,87
UKSI_2002_1860__LEGV2__CH_00093,118
UKSI_2002_1860__LEGV2__CH_00094,85
UKSI_2002_1860__LEGV2__CH_00096,73
UKSI_2002_1860__LEGV2__CH_00098,65
UKSI_2015_102__UKSI_2015_102__SEG_0001__CH_001,58
UKSI_2015_102__UKSI_2015_102__SEG_0001__CH_002,97
UKSI_2015_102__UKSI_2015_102__SEG_0001__CH_003,84
UKSI_2015_102__UKSI_2015_102__SEG_0002__CH_001,126
UKSI_2015_102__UKSI_2015_102__SEG_0003__CH_001,95
UKSI_2015_102__UKSI_2015_102__SEG_0004__CH_001,132
UKSI_2015_102__UKSI_2015_102__SEG_0005__CH_001,104
UKSI_2015_102__UKSI_2015_102__SEG_0006__CH_001,168
UKSI_2015_102__UKSI_2015_102__SEG_0006__CH_002,224
UKSI_2015_102__UKSI_2015_102__SEG_0007__CH_001,119
UKSI_2015_102__UKSI_2015_102__SEG_0008__CH_001,89
UKSI_2015_102__UKSI_2015_102__SEG_0009__CH_001,68
UKSI_2015_102__UKSI_2015_102__SEG_0009__CH_002,95
UKSI_2015_102__UKSI_2015_102__SEG_0009__CH_003,67
UKSI_2015_102__UKSI_2015_102__SEG_0010__CH_001,117
UKSI_2015_102__UKSI_2015_102__SEG_0010__CH_002,76
UKSI_2015_102__UKSI_2015_102__SEG_0011__CH_001,64
UKSI_2015_102__UKSI_2015_102__SEG_0012__CH_001,139
UKSI_2015_102__UKSI_2015_102__SEG_0012__CH_002,152
UKSI_2015_102__UKSI_2015_102__SEG_0012__CH_003,111
UKSI_2015_102__UKSI_2015_102__SEG_0013__CH_001,102
UKSI_2015_102__UKSI_2015_102__SEG_0014__CH_001,70
UKSI_2015_102__UKSI_2015_102__SEG_0015__CH_001,127
UKSI_2015_102__UKSI_2015_102__SEG_0016__CH_001,147
UKSI_2015_102__UKSI_2015_102__SEG_0017__CH_001,71
UKSI_2015_102__UKSI_2015_102__SEG_0017__CH_002,127
UKSI_2015_102__UKSI_2015_102__SEG_0018__CH_001,85
UKSI_2015_102__UKSI_2015_102__SEG_0019__CH_001,68
UKSI_2015_102__UKSI_2015_102__SEG_0019__CH_002,74
UKSI_2015_102__UKSI_2015_102__SEG_0019__CH_003,91
UKSI_2015_102__UKSI_2015_102__SEG_0019__CH_004,86
UKSI_2015_102__UKSI_2015_102__SEG_0020__CH_001,108
UKSI_2015_102__UKSI_2015_102__SEG_0021__CH_001,94
UKSI_2015_102__UKSI_2015_102__SEG_0021__CH_002,67
UKSI_2015_102__UKSI_2015_102__SEG_0022__CH_001,148
UKSI_2015_102__UKSI_2015_102__SEG_0022__CH_002,156
UKSI_2015_102__UKSI_2015_102__SEG_0022__CH_003,124
UKSI_2015_102__UKSI_2015_102__SEG_0023__CH_001,73
UKSI_2015_102__UKSI_2015_102__SEG_0024__CH_001,91
UKSI_2015_102__UKSI_2015_102__SEG_0024__CH_002,90
UKSI_2015_102__UKSI_2015_102__SEG_0025__CH_001,89
UKSI_2015_102__UKSI_2015_102__SEG_0026__CH_001,81
UKSI_2015_102__UKSI_2015_102__SEG_0026__CH_002,161
UKSI_2015_102__UKSI_2015_102__SEG_0026__CH_003,99
UKSI_2015_102__UKSI_2015_102__SEG_0027__CH_001,109
UKSI_2015_102__UKSI_2015_102__SEG_0028__CH_001,144
UKSI_2015_102__UKSI_2015_102__SEG_0029__CH_001,157
UKSI_2015_102__UKSI_2015_102__SEG_0029__CH_002,126
UKSI_2015_102__UKSI_2015_102__SEG_0030__CH_001,107
UKSI_2015_102__UKSI_2015_102__SEG_0030__CH_002,102
UKSI_2015_102__UKSI_2015_102__SEG_0030__CH_003,104
UKSI_2015_102__UKSI_2015_102__SEG_0030__CH_004,119
UKSI_2015_102__UKSI_2015_102__SEG_0031__CH_001,138
UKSI_2015_102__UKSI_2015_102__SEG_0031__CH_002,182
UKSI_2015_102__UKSI_2015_102__SEG_0032__CH_001,119
UKSI_2015_102__UKSI_2015_102__SEG_0032__CH_002,116
UKSI_2015_102__UKSI_2015_102__SEG_0032__CH_003,145
UKSI_2015_102__UKSI_2015_102__SEG_0032__CH_004,145
UKSI_2015_102__UKSI_2015_102__SEG_0033__CH_001,98
UKSI_2015_102__UKSI_2015_102__SEG_0033__CH_002,125
UKSI_2015_102__UKSI_2015_102__SEG_0034__CH_001,115
UKSI_2015_102__UKSI_2015_102__SEG_0034__CH_002,103
UKSI_2015_102__UKSI_2015_102__SEG_0034__CH_003,191
UKSI_2015_102__UKSI_2015_102__SEG_0034__CH_004,132
UKSI_2015_102__UKSI_2015_102__SEG_0034__CH_005,92
UKSI_2015_102__UKSI_2015_102__SEG_0035__CH_001,120
UKSI_2015_102__UKSI_2015_102__SEG_0035__CH_002,147
UKSI_2015_102__UKSI_2015_102__SEG_0036__CH_001,115
UKSI_2015_102__UKSI_2015_102__SEG_0036__CH_002,128
UKSI_2015_102__UKSI_2015_102__SEG_0036__CH_003,81
UKSI_2015_102__UKSI_2015_102__SEG_0037__CH_001,93
UKSI_2015_102__UKSI_2015_102__SEG_0037__CH_002,135
UKSI_2015_102__UKSI_2015_102__SEG_0037__CH_003,111
UKSI_2015_102__UKSI_2015_102__SEG_0038__CH_001,107
UKSI_2015_102__UKSI_2015_102__SEG_0039__CH_001,81
UKSI_2015_102__UKSI_2015_102__SEG_0039__CH_002,96
UKSI_2015_102__UKSI_2015_102__SEG_0039__CH_003,106
UKSI_2015_102__UKSI_2015_102__SEG_0040__CH_001,83
UKSI_2015_102__UKSI_2015_102__SEG_0041__CH_001,119
UKSI_2015_102__UKSI_2015_102__SEG_0042__CH_001,110
UKSI_2015_102__UKSI_2015_102__SEG_0042__CH_002,103
UKSI_2015_102__UKSI_2015_102__SEG_0043__CH_001,156
UKSI_2015_102__UKSI_2015_102__SEG_0043__CH_002,90
UKSI_2015_102__UKSI_2015_102__SEG_0044__CH_001,118
UKSI_2015_102__UKSI_2015_102__SEG_0045__CH_001,123
UKSI_2015_102__UKSI_2015_102__SEG_0046__CH_002,123
UKSI_2015_102__UKSI_2015_102__SEG_0046__CH_003,84
UKSI_2015_102__UKSI_2015_102__SEG_0047__CH_001,164
UKSI_2015_102__UKSI_2015_102__SEG_0048__CH_001,154
UKSI_2015_102__UKSI_2015_102__SEG_0049__CH_001,68
UKSI_2015_102__UKSI_2015_102__SEG_0050__CH_001,115
UKSI_2015_102__UKSI_2015_102__SEG_0051__CH_001,100
UKSI_2015_102__UKSI_2015_102__SEG_0052__CH_001__M,87
UKSI_2015_102__UKSI_2015_102__SEG_0052__CH_003,109
UKSI_2015_102__UKSI_2015_102__SEG_0052__CH_004,83
UKSI_2015_102__UKSI_2015_102__SEG_0053__CH_001,139
UKSI_2015_102__UKSI_2015_102__SEG_0054__CH_001,137
UKSI_2015_102__UKSI_2015_102__SEG_0054__CH_002,151
UKSI_2015_102__UKSI_2015_102__SEG_0055__CH_001,139
UKSI_2015_102__UKSI_2015_102__SEG_0055__CH_002,75
UKSI_2015_102__UKSI_2015_102__SEG_0056__CH_001,76
UKSI_2015_102__UKSI_2015_102__SEG_0056__CH_002,92
UKSI_2015_102__UKSI_2015_102__SEG_0056__CH_003,97
UKSI_2015_102__UKSI_2015_102__SEG_0056__CH_004,102
UKSI_2015_102__UKSI_2015_102__SEG_0056__CH_005,80
UKSI_2015_102__UKSI_2015_102__SEG_0057__CH_002,140
UKSI_2015_102__UKSI_2015_102__SEG_0057__CH_003,113
UKSI_2015_102__UKSI_2015_102__SEG_0057__CH_004,103
UKSI_2015_102__UKSI_2015_102__SEG_0057__CH_005,152
UKSI_2015_102__UKSI_2015_102__SEG_0057__CH_006,126
UKSI_2015_102__UKSI_2015_102__SEG_0057__CH_007,103
UKSI_2015_102__UKSI_2015_102__SEG_0058__CH_001,92
UKSI_2015_102__UKSI_2015_102__SEG_0058__CH_002,142
UKSI_2015_102__UKSI_2015_102__SEG_0058__CH_003,103
UKSI_2015_102__UKSI_2015_102__SEG_0059__CH_001,128
UKSI_2015_102__UKSI_2015_102__SEG_0060__CH_001,95
UKSI_2015_102__UKSI_2015_102__SEG_0060__CH_002,105
UKSI_2015_102__UKSI_2015_102__SEG_0060__CH_003,105
UKSI_2015_102__UKSI_2015_102__SEG_0060__CH_004,137
UKSI_2015_102__UKSI_2015_102__SEG_0061__CH_001,77
UKSI_2015_102__UKSI_2015_102__SEG_0062__CH_001,132
UKSI_2015_102__UKSI_2015_102__SEG_0063__CH_001,129
UKSI_2015_102__UKSI_2015_102__SEG_0064__CH_001__M,131
UKSI_2015_102__UKSI_2015_102__SEG_0064__CH_003,119
UKSI_2015_102__UKSI_2015_102__SEG_0065__CH_001,158
UKSI_2015_102__UKSI_2015_102__SEG_0066__CH_001,86
UKSI_2015_102__UKSI_2015_102__SEG_0067__CH_001,98
UKSI_2015_102__UKSI_2015_102__SEG_0067__CH_002,106
UKSI_2015_102__UKSI_2015_102__SEG_0068__CH_001,152
UKSI_2015_102__UKSI_2015_102__SEG_0069__CH_001,131
UKSI_2015_102__UKSI_2015_102__SEG_0070__CH_001,90
UKSI_2015_102__UKSI_2015_102__SEG_0071__CH_001,107
UKSI_2015_102__UKSI_2015_102__SEG_0071__CH_002,91
UKSI_2015_102__UKSI_2015_102__SEG_0072__CH_001,157
UKSI_2015_102__UKSI_2015_102__SEG_0072__CH_002,163
UKSI_2015_102__UKSI_2015_102__SEG_0072__CH_003,66
UKSI_2015_102__UKSI_2015_102__SEG_0073__CH_001,116
UKSI_2015_102__UKSI_2015_102__SEG_0073__CH_002,73
UKSI_2015_102__UKSI_2015_102__SEG_0074__CH_001,62
UKSI_2015_102__UKSI_2015_102__SEG_0075__CH_001,131
UKSI_2015_102__UKSI_2015_102__SEG_0075__CH_002,66
UKSI_2015_102__UKSI_2015_102__SEG_0076__CH_001,68
UKSI_2015_102__UKSI_2015_102__SEG_0076__CH_002,115
UKSI_2015_102__UKSI_2015_102__SEG_0076__CH_003,86
UKSI_2015_102__UKSI_2015_102__SEG_0077__CH_001,118
UKSI_2015_102__UKSI_2015_102__SEG_0077__CH_002,64
UKSI_2015_102__UKSI_2015_102__SEG_0078__CH_001,128
UKSI_2015_102__UKSI_2015_102__SEG_0079__CH_001,96
UKSI_2015_102__UKSI_2015_102__SEG_0079__CH_002,75
UKSI_2015_102__UKSI_2015_102__SEG_0080__CH_001,94
UKSI_2015_102__UKSI_2015_102__SEG_0081__CH_001,77
UKSI_2015_102__UKSI_2015_102__SEG_0082__CH_001,92
UKSI_2015_102__UKSI_2015_102__SEG_0083__CH_001,92
UKSI_2015_102__UKSI_2015_102__SEG_0084__CH_001,181
UKSI_2015_102__UKSI_2015_102__SEG_0084__CH_002,98
UKSI_2015_102__UKSI_2015_102__SEG_0085__CH_001,71
UKSI_2015_102__UKSI_2015_102__SEG_0086__CH_001,131
UKSI_2015_102__UKSI_2015_102__SEG_0086__CH_002,140
UKSI_2015_102__UKSI_2015_102__SEG_0087__CH_001,122
UKSI_2015_102__UKSI_2015_102__SEG_0088__CH_001__M,140
UKSI_2015_102__UKSI_2015_102__SEG_0088__CH_003,76
UKSI_2015_102__UKSI_2015_102__SEG_0089__CH_001,86
UKSI_2015_102__UKSI_2015_102__SEG_0090__CH_001,108
UKSI_2015_102__UKSI_2015_102__SEG_0090__CH_002,95
UKSI_2015_102__UKSI_2015_102__SEG_0091__CH_001,92
UKSI_2015_102__UKSI_2015_102__SEG_0092__CH_001,144
UKSI_2015_102__UKSI_2015_102__SEG_0093__CH_001,137
UKSI_2015_102__UKSI_2015_102__SEG_0094__CH_001,116
UKSI_2015_102__UKSI_2015_102__SEG_0094__CH_002,65
UKSI_2015_102__UKSI_2015_102__SEG_0095__CH_001,97
UKSI_2015_102__UKSI_2015_102__SEG_0096__CH_001,136
UKSI_2015_102__UKSI_2015_102__SEG_0097__CH_001,93
UKSI_2015_102__UKSI_2015_102__SEG_0098__CH_001,104
UKSI_2015_102__UKSI_2015_102__SEG_0099__CH_001,92
UKSI_2015_102__UKSI_2015_102__SEG_0099__CH_002,161
UKSI_2015_102__UKSI_2015_102__SEG_0100__CH_001,137
UKSI_2015_102__UKSI_2015_102__SEG_0100__CH_002,70
UKSI_2015_102__UKSI_2015_102__SEG_0101__CH_001,125
UKSI_2015_102__UKSI_2015_102__SEG_0102__CH_001,139
UKSI_2015_102__UKSI_2015_102__SEG_0102__CH_002,133
UKSI_2015_102__UKSI_2015_102__SEG_0102__CH_003,98
UKSI_2015_102__UKSI_2015_102__SEG_0103__CH_001__M,76
UKSI_2015_102__UKSI_2015_102__SEG_0103__CH_003,96
UKSI_2015_102__UKSI_2015_102__SEG_0103__CH_004,110
UKSI_2015_102__UKSI_2015_102__SEG_0103__CH_005,124
UKSI_2015_102__UKSI_2015_102__SEG_0103__CH_006,71
UKSI_2015_102__UKSI_2015_102__SEG_0104__CH_001,89
UKSI_2015_102__UKSI_2015_102__SEG_0105__CH_001,83
UKSI_2015_102__UKSI_2015_102__SEG_0106__CH_001,123
UKSI_2015_102__UKSI_2015_102__SEG_0106__CH_002,69
UKSI_2015_102__UKSI_2015_102__SEG_0107__CH_001,97
UKSI_2015_102__UKSI_2015_102__SEG_0107__CH_002,63
UKSI_2015_102__UKSI_2015_102__SEG_0108__CH_001,153
UKSI_2015_102__UKSI_2015_102__SEG_0109__CH_001,121
UKSI_2015_102__UKSI_2015_102__SEG_0109__CH_002,78
UKSI_2015_102__UKSI_2015_102__SEG_0110__CH_001,81
UKSI_2015_102__UKSI_2015_102__SEG_0110__CH_002,110
UKSI_2015_102__UKSI_2015_102__SEG_0110__CH_003,118
UKSI_2015_102__UKSI_2015_102__SEG_0111__CH_001,153
UKSI_2015_102__UKSI_2015_102__SEG_0112__CH_001,121
UKSI_2015_102__UKSI_2015_102__SEG_0112__CH_002,94
UKSI_2015_102__UKSI_2015_102__SEG_0113__CH_001,95
UKSI_2015_102__UKSI_2015_102__SEG_0113__CH_002,117
UKSI_2015_102__UKSI_2015_102__SEG_0113__CH_003,137
UKSI_2015_102__UKSI_2015_102__SEG_0113__CH_004,107
UKSI_2015_102__UKSI_2015_102__SEG_0114__CH_002,61
UKSI_2015_102__UKSI_2015_102__SEG_0114__CH_003,67
UKSI_2015_102__UKSI_2015_102__SEG_0115__CH_001,69
UKSI_2015_102__UKSI_2015_102__SEG_0116__CH_001,62
UKSI_2015_102__UKSI_2015_102__SEG_0117__CH_001,77
UKSI_2015_102__UKSI_2015_102__SEG_0118__CH_001,105
UKSI_2015_102__UKSI_2015_102__SEG_0118__CH_002,82
UKSI_2015_102__UKSI_2015_102__SEG_0119__CH_002,64
UKSI_2015_102__UKSI_2015_102__SEG_0119__CH_003,106
UKSI_2015_102__UKSI_2015_102__SEG_0119__CH_004,77
UKSI_2015_102__UKSI_2015_102__SEG_0119__CH_005,90
UKSI_2015_102__UKSI_2015_102__SEG_0119__CH_006,123
UKSI_2015_102__UKSI_2015_102__SEG_0120__CH_001,115
UKSI_2015_102__UKSI_2015_102__SEG_0121__CH_002,84
UKSI_2015_102__UKSI_2015_102__SEG_0122__CH_001,74
UKSI_2015_102__UKSI_2015_102__SEG_0123__CH_001,98
UKSI_2015_102__UKSI_2015_102__SEG_0124__CH_001,139
UKSI_2015_102__UKSI_2015_102__SEG_0125__CH_001,104
UKSI_2015_102__UKSI_2015_102__SEG_0126__CH_001,130
UKSI_2015_102__UKSI_2015_102__SEG_0127__CH_001,142
UKSI_2015_102__UKSI_2015_102__SEG_0128__CH_001,121
UKSI_2015_102__UKSI_2015_102__SEG_0128__CH_002,141
UKSI_2018_625__LEGV2__CH_00001,73
UKSI_2018_625__LEGV2__CH_00002,99
UKSI_2018_625__LEGV2__CH_00003,81
UKSI_2018_625__LEGV2__CH_00004,73
UKSI_2018_625__LEGV2__CH_00005,118
UKSI_2018_625__LEGV2__CH_00006,76
UKSI_2018_625__LEGV2__CH_00007,97
UKSI_2018_625__LEGV2__CH_00008,66
UKSI_2018_625__LEGV2__CH_00009,87
UKSI_2018_625__LEGV2__CH_00010,69
UKSI_2018_625__LEGV2__CH_00011,77
UKSI_2019_419__LEGV2__CH_00001,86
UKSI_2019_419__LEGV2__CH_00002,66
UKSI_2019_419__LEGV2__CH_00005,114
UKSI_2019_419__LEGV2__CH_00006,82
UKSI_2019_419__LEGV2__CH_00008,79
UKSI_2019_419__LEGV2__CH_00010,55
UKSI_2019_419__LEGV2__CH_00012,144
UKSI_2019_419__LEGV2__CH_00013,63
UKSI_2019_419__LEGV2__CH_00014,68
UKSI_2019_419__LEGV2__CH_00015,65
UKSI_2019_419__LEGV2__CH_00016,135
UKSI_2019_419__LEGV2__CH_00017,82
UKSI_2019_419__LEGV2__CH_00018,71
UKSI_2019_419__LEGV2__CH_00019,90
UKSI_2019_419__LEGV2__CH_00020,60
UKSI_2019_419__LEGV2__CH_00021,89
UKSI_2019_419__LEGV2__CH_00022,61
UKSI_2019_419__LEGV2__CH_00023,97
UKSI_2019_419__LEGV2__CH_00024,65
UKSI_2019_419__LEGV2__CH_00026,97
UKSI_2019_419__LEGV2__CH_00027,62
UKSI_2019_419__LEGV2__CH_00028,74
UKSI_2019_419__LEGV2__CH_00029,60
UKSI_2019_419__LEGV2__CH_00030,74
UKSI_2019_419__LEGV2__CH_00031,74
UKSI_2019_419__LEGV2__CH_00032,84
UKSI_2019_419__LEGV2__CH_00033,76
UKSI_2019_419__LEGV2__CH_00035,73
UKSI_2019_419__LEGV2__CH_00037,68
UKSI_2019_419__LEGV2__CH_00038,79
UKSI_2019_419__LEGV2__CH_00039,71
UKSI_2019_419__LEGV2__CH_00040,74
UKSI_2019_419__LEGV2__CH_00041,54
UKSI_2019_419__LEGV2__CH_00042,80
UKSI_2019_419__LEGV2__CH_00043,73
UKSI_2019_419__LEGV2__CH_00044,111
UKSI_2019_419__LEGV2__CH_00046,72
UKSI_2019_419__LEGV2__CH_00047,74
UKSI_2019_419__LEGV2__CH_00049,66
UKSI_2019_419__LEGV2__CH_00051,109
UKSI_2019_419__LEGV2__CH_00052,93
UKSI_2019_419__LEGV2__CH_00053,116
UKSI_2019_419__LEGV2__CH_00054,86
UKSI_2019_419__LEGV2__CH_00055,67
UKSI_2019_419__LEGV2__CH_00057,79
UKSI_2019_419__LEGV2__CH_00058,101
UKSI_2019_419__LEGV2__CH_00059,87
UKSI_2019_419__LEGV2__CH_00060,79
UKSI_2019_419__LEGV2__CH_00061,103
UKSI_2019_419__LEGV2__CH_00062,80
UKSI_2019_419__LEGV2__CH_00063,114
UKSI_2019_419__LEGV2__CH_00064,89
UKSI_2019_419__LEGV2__CH_00066,97
UKSI_2019_419__LEGV2__CH_00067,64
UKSI_2019_419__LEGV2__CH_00070,86
UKSI_2019_419__LEGV2__CH_00071,89
UKSI_2019_419__LEGV2__CH_00077,105
UKSI_2019_419__LEGV2__CH_00078,87
UKSI_2019_419__LEGV2__CH_00079,67
UKSI_2019_419__LEGV2__CH_00080,72
UKSI_2019_419__LEGV2__CH_00081,68
UKSI_2019_419__LEGV2__CH_00082,64
UKSI_2019_419__LEGV2__CH_00083,79
UKSI_2019_419__LEGV2__CH_00084,60
UKSI_2019_419__LEGV2__CH_00085,99
UKSI_2019_419__LEGV2__CH_00086,66
UKSI_2019_419__LEGV2__CH_00090,135
UKSI_2019_419__LEGV2__CH_00091,71
UKSI_2019_419__LEGV2__CH_00093,81
UKSI_2019_419__LEGV2__CH_00094,55
UKSI_2019_419__LEGV2__CH_00095,79
UKSI_2019_419__LEGV2__CH_00096,69
UKSI_2019_419__LEGV2__CH_00100,77
UKSI_2019_419__LEGV2__CH_00105,87
UKSI_2019_419__LEGV2__CH_00106,73
UKSI_2019_419__LEGV2__CH_00107,58
UKSI_2019_419__LEGV2__CH_00112,63
UKSI_2019_419__LEGV2__CH_00114,57
UKSI_2019_419__LEGV2__CH_00116,102
UKSI_2019_419__LEGV2__CH_00117,72
UKSI_2019_419__LEGV2__CH_00118,88
UKSI_2019_419__LEGV2__CH_00122,76
UKSI_2019_419__LEGV2__CH_00125,57
UKSI_2019_419__LEGV2__CH_00126,68
UKSI_2019_419__LEGV2__CH_00129,68
UKSI_2019_419__LEGV2__CH_00131,95
UKSI_2019_419__LEGV2__CH_00132,79
UKSI_2019_419__LEGV2__CH_00134,82
UKSI_2019_419__LEGV2__CH_00136,89
UKSI_2019_419__LEGV2__CH_00137,110
UKSI_2019_419__LEGV2__CH_00138,82
UKSI_2019_419__LEGV2__CH_00140,72
UKSI_2019_419__LEGV2__CH_00141,80
UKSI_2019_419__LEGV2__CH_00142,77
UKSI_2019_419__LEGV2__CH_00143,77
UKSI_2019_419__LEGV2__CH_00144,72
UKSI_2019_419__LEGV2__CH_00145,69
UKSI_2019_419__LEGV2__CH_00146__M,69
UKSI_2019_419__LEGV2__CH_00149,60
UKSI_2019_419__LEGV2__CH_00150,77
UKSI_2019_419__LEGV2__CH_00151,90
UKSI_2019_419__LEGV2__CH_00152,76
UKSI_2019_419__LEGV2__CH_00154,85
UKSI_2019_419__LEGV2__CH_00158,98
UKSI_2019_419__LEGV2__CH_00159,131
UKSI_2019_419__LEGV2__CH_00160,113
UKSI_2019_419__LEGV2__CH_00166,86
UKSI_2019_419__LEGV2__CH_00169,119
UKSI_2019_419__LEGV2__CH_00177,68
UKSI_2019_419__LEGV2__CH_00179,83
UKSI_2019_419__LEGV2__CH_00194,73
UKSI_2019_419__LEGV2__CH_00196,101
UKSI_2019_419__LEGV2__CH_00199,76
UKSI_2019_419__LEGV2__CH_00203,102
UKSI_2019_419__LEGV2__CH_00204,87
UKSI_2019_419__LEGV2__CH_00205,91
UKSI_2019_419__LEGV2__CH_00208,79
UKSI_2019_419__LEGV2__CH_00209,71
UKSI_2019_419__LEGV2__CH_00210,90
UKSI_2019_419__LEGV2__CH_00211,66
UKSI_2019_419__LEGV2__CH_00212,53
UKSI_2019_419__LEGV2__CH_00213,81
UKSI_2019_419__LEGV2__CH_00215,87
UKSI_2019_419__LEGV2__CH_00217,67
UKSI_2019_419__LEGV2__CH_00218,65
UKSI_2019_419__LEGV2__CH_00219,94
UKSI_2019_419__LEGV2__CH_00220,58
UKSI_2019_419__LEGV2__CH_00221,71
UKSI_2019_419__LEGV2__CH_00222,79
UKSI_2019_419__LEGV2__CH_00223,70
UKSI_2019_419__LEGV2__CH_00224,63
UKSI_2019_419__LEGV2__CH_00225,51
UKSI_2019_419__LEGV2__CH_00226,84
UKSI_2019_419__LEGV2__CH_00229,95
UKSI_2019_419__LEGV2__CH_00231__M,78
UKSI_2019_419__LEGV2__CH_00233,83
UKSI_2019_419__LEGV2__CH_00234,85
UKSI_2019_419__LEGV2__CH_00235,84
UKSI_2019_419__LEGV2__CH_00236,109
UKSI_2019_419__LEGV2__CH_00237,71
UKSI_2019_419__LEGV2__CH_00238,100
UKSI_2019_419__LEGV2__CH_00239,78
UKSI_2019_419__LEGV2__CH_00240,83
UKSI_2019_419__LEGV2__CH_00241,75
UKSI_2019_419__LEGV2__CH_00242,74
UKSI_2019_419__LEGV2__CH_00244,73
UKSI_2019_419__LEGV2__CH_00246,97
UKSI_2019_419__LEGV2__CH_00248,91
UKSI_2019_419__LEGV2__CH_00249,67
UKSI_2019_419__LEGV2__CH_00250,72
UKSI_2019_419__LEGV2__CH_00251,82
UKSI_2019_419__LEGV2__CH_00254,100
UKSI_2019_419__LEGV2__CH_00255,63
UKSI_2019_419__LEGV2__CH_00256,67
UKSI_2019_419__LEGV2__CH_00257,72
UKSI_2019_419__LEGV2__CH_00258,79
UKSI_2019_419__LEGV2__CH_00259,74
UKSI_2019_419__LEGV2__CH_00260,67
UKSI_2019_419__LEGV2__CH_00261,58
UKSI_2019_419__LEGV2__CH_00262,62
UKSI_2019_419__LEGV2__CH_00263,63
UKSI_2019_419__LEGV2__CH_00264,56
UKSI_2019_419__LEGV2__CH_00265,66
UKSI_2019_419__LEGV2__CH_00266,94
UKSI_2019_419__LEGV2__CH_00267,83
UKSI_2019_419__LEGV2__CH_00268,60
UKSI_2019_419__LEGV2__CH_00271,64
UKSI_2019_419__LEGV2__CH_00272,86
UKSI_2019_419__LEGV2__CH_00273,73
UKSI_2019_419__LEGV2__CH_00274,93
UKSI_2019_419__LEGV2__CH_00275,118
UKSI_2019_419__LEGV2__CH_00276,70
UKSI_2019_419__LEGV2__CH_00277,124
UKSI_2019_419__LEGV2__CH_00278,76
UKSI_2019_419__LEGV2__CH_00279,97
UKSI_2019_419__LEGV2__CH_00280,76
UKSI_2019_419__LEGV2__CH_00283,85
UKSI_2019_419__LEGV2__CH_00285,77
UKSI_2019_419__LEGV2__CH_00286,77
UKSI_2019_419__LEGV2__CH_00288,59
UKSI_2019_419__LEGV2__CH_00291,102
UKSI_2019_419__LEGV2__CH_00292,66
UKSI_2019_419__LEGV2__CH_00293,54
UKSI_2019_419__LEGV2__CH_00294,65
UKSI_2019_419__LEGV2__CH_00295,52
UKSI_2019_419__LEGV2__CH_00296,81
UKSI_2019_419__LEGV2__CH_00297,60
UKSI_2019_419__LEGV2__CH_00298__M,98
UKSI_2019_419__LEGV2__CH_00300,53
UKSI_2019_419__LEGV2__CH_00301,85
UKSI_2019_419__LEGV2__CH_00302,83
UKSI_2019_419__LEGV2__CH_00304,78
UKSI_2019_419__LEGV2__CH_00306,68
UKSI_2019_419__LEGV2__CH_00307,92
UKSI_2019_419__LEGV2__CH_00309,75
UKSI_2019_419__LEGV2__CH_00310,74
UKSI_2019_419__LEGV2__CH_00311,70
UKSI_2019_419__LEGV2__CH_00312,76
UKSI_2019_419__LEGV2__CH_00313,71
UKSI_2019_419__LEGV2__CH_00315,75
UKSI_2019_419__LEGV2__CH_00316,84
UKSI_2019_419__LEGV2__CH_00317,67
UKSI_2019_419__LEGV2__CH_00318,100
UKSI_2019_419__LEGV2__CH_00319,83
UKSI_2019_419__LEGV2__CH_00320,103
UKSI_2019_419__LEGV2__CH_00321,94
UKSI_2019_419__LEGV2__CH_00322,108
UKSI_2019_419__LEGV2__CH_00323,106
UKSI_2019_419__LEGV2__CH_00324,78
UKSI_2019_419__LEGV2__CH_00325,94
UKSI_2019_419__LEGV2__CH_00326,99
UKSI_2019_419__LEGV2__CH_00327,111
UKSI_2019_419__LEGV2__CH_00328,100
UKSI_2019_419__LEGV2__CH_00329,74
UKSI_2019_419__LEGV2__CH_00330,84
UKSI_2019_419__LEGV2__CH_00332,95
UKSI_2019_419__LEGV2__CH_00333,92
UKSI_2019_419__LEGV2__CH_00336,87
UKSI_2019_419__LEGV2__CH_00337,97
UKSI_2019_419__LEGV2__CH_00339,89
UKSI_2019_419__LEGV2__CH_00340,84
UKSI_2019_419__LEGV2__CH_00341,92
UKSI_2019_419__LEGV2__CH_00342,76
UKSI_2019_419__LEGV2__CH_00343,88
UKSI_2019_419__LEGV2__CH_00344,90
UKSI_2019_419__LEGV2__CH_00346,92
UKSI_2019_419__LEGV2__CH_00347,89
UKSI_2019_419__LEGV2__CH_00349,99
UKSI_2019_419__LEGV2__CH_00350,95
UKSI_2019_419__LEGV2__CH_00353,107
UKSI_2019_419__LEGV2__CH_00354,84
UKSI_2019_419__LEGV2__CH_00357,100
UKSI_2019_419__LEGV2__CH_00358,57
UKSI_2019_419__LEGV2__CH_00359,87
UKSI_2019_419__LEGV2__CH_00360,86
UKSI_2019_419__LEGV2__CH_00361,107
UKSI_2019_419__LEGV2__CH_00362,99
UKSI_2019_419__LEGV2__CH_00363,107
UKSI_2019_419__LEGV2__CH_00364,101
UKSI_2019_419__LEGV2__CH_00365,79
UKSI_2019_419__LEGV2__CH_00366,103
UKSI_2019_419__LEGV2__CH_00367,117
UKSI_2019_419__LEGV2__CH_00369,104
UKSI_2019_419__LEGV2__CH_00371,99
UKSI_2019_419__LEGV2__CH_00373,106
UKSI_2019_419__LEGV2__CH_00374,88
UKSI_2019_419__LEGV2__CH_00375,105
UKSI_2019_419__LEGV2__CH_00376,86
UKSI_2019_419__LEGV2__CH_00377,94
UKSI_2019_419__LEGV2__CH_00378,101
UKSI_2019_419__LEGV2__CH_00379,91
UKSI_2019_419__LEGV2__CH_00381,114
UKSI_2019_419__LEGV2__CH_00382,83
UKSI_2019_419__LEGV2__CH_00383,77
UKSI_2019_419__LEGV2__CH_00386,74
UKSI_2019_419__LEGV2__CH_00387,93
UKSI_2019_419__LEGV2__CH_00388,67
UKSI_2019_419__LEGV2__CH_00389,80
UKSI_2019_419__LEGV2__CH_00390,83
UKSI_2019_419__LEGV2__CH_00391,72
UKSI_2019_419__LEGV2__CH_00392,105
UKSI_2019_419__LEGV2__CH_00394,92
UKSI_2019_419__LEGV2__CH_00395,80
UKSI_2019_419__LEGV2__CH_00396,91
UKSI_2019_419__LEGV2__CH_00397,101
UKSI_2019_419__LEGV2__CH_00398,91
UKSI_2019_419__LEGV2__CH_00400,98
UKSI_2019_419__LEGV2__CH_00401,84
UKSI_2019_419__LEGV2__CH_00402,87
UKSI_2019_419__LEGV2__CH_00403,87
UKSI_2019_419__LEGV2__CH_00407,74
UKSI_2019_419__LEGV2__CH_00408,80
UKSI_2019_419__LEGV2__CH_00410,66
UKSI_2019_419__LEGV2__CH_00411,127
UKSI_2019_419__LEGV2__CH_00412,73
UKSI_2019_419__LEGV2__CH_00413,97
UKSI_2019_419__LEGV2__CH_00415,93
UKSI_2019_419__LEGV2__CH_00416,53
UKSI_2024_692__NODEV1__CH_00001,68
UKSI_2024_692__NODEV1__CH_00002,68
UKSI_2024_692__NODEV1__CH_00003,84
UKSI_2024_692__NODEV1__CH_00004,169
UKSI_2024_692__NODEV1__CH_00005,106
UKSI_2024_692__NODEV1__CH_00006,129
UKSI_2024_692__NODEV1__CH_00007,111
UKSI_2024_692__NODEV1__CH_00008,103
UKSI_2024_692__NODEV1__CH_00009,113
UKSI_2024_692__NODEV1__CH_00010,86
UKSI_2024_692__NODEV1__CH_00011,122
UKSI_2024_692__NODEV1__CH_00012,105
UKSI_2024_692__NODEV1__CH_00013,86
UKSI_2024_692__NODEV1__CH_00014,106
UKSI_2024_692__NODEV1__CH_00015,84
UKSI_2024_692__NODEV1__CH_00016,144
UKSI_2024_692__NODEV1__CH_00017,102
UKSI_2024_692__NODEV1__CH_00018,182
UKSI_2024_692__NODEV1__CH_00019,129
UKSI_2024_692__NODEV1__CH_00020,104
UKSI_2024_692__NODEV1__CH_00021,117
UKSI_2024_692__NODEV1__CH_00022,145
UKSI_2024_692__NODEV1__CH_00023,55
UKSI_2024_692__NODEV1__CH_00024,131
UKSI_2024_692__NODEV1__CH_00025,178
UKSI_2024_692__NODEV1__CH_00026,152
UKSI_2024_692__NODEV1__CH_00027,141
UKSI_2024_692__NODEV1__CH_00028,121
UKSI_2024_692__NODEV1__CH_00029,114
UKSI_2024_692__NODEV1__CH_00030,127
UKSI_2024_692__NODEV1__CH_00031,113
UKSI_2024_692__NODEV1__CH_00032,141
UKSI_2024_692__NODEV1__CH_00033,103
UKSI_2024_692__NODEV1__CH_00034,138
UKSI_2024_692__NODEV1__CH_00035,124
UKSI_2024_692__NODEV1__CH_00036,140
UKSI_2024_692__NODEV1__CH_00037,101
UKSI_2024_692__NODEV1__CH_00038,84
UKSI_2024_692__NODEV1__CH_00039,173
UKSI_2024_692__NODEV1__CH_00040,138
UKSI_2024_692__NODEV1__CH_00041,144
UKSI_2024_692__NODEV1__CH_00042,138
UKSI_2024_692__NODEV1__CH_00043,164
UKSI_2024_692__NODEV1__CH_00044,108
UKSI_2024_692__NODEV1__CH_00045,121
UKSI_2024_692__NODEV1__CH_00046,117
UKSI_2024_692__NODEV1__CH_00047,139
UKSI_2024_692__NODEV1__CH_00048,108
UKSI_2024_692__NODEV1__CH_00049,114
UKSI_2024_692__NODEV1__CH_00050,112
UKSI_2024_692__NODEV1__CH_00052,92
UKSI_2024_692__NODEV1__CH_00053,83
UKSI_2024_692__NODEV1__CH_00054,80
UKSI_2024_692__NODEV1__CH_00055,117
UKSI_2024_692__NODEV1__CH_00056,110
UKSI_2024_692__NODEV1__CH_00058,102
UKSI_2024_692__NODEV1__CH_00059,78
UKSI_2024_692__NODEV1__CH_00060,63
UKSI_2024_692__NODEV1__CH_00061,128
UKSI_2024_692__NODEV1__CH_00062,93
UKSI_2024_692__NODEV1__CH_00063,101
UKSI_2024_716__NODEV1__CH_00001,125
UKSI_2024_716__NODEV1__CH_00002,83
UKSI_2024_716__NODEV1__CH_00003,136
UKSI_2024_716__NODEV1__CH_00004,131
UKSI_2024_716__NODEV1__CH_00005,131
UKSI_2024_716__NODEV1__CH_00006,140
UKSI_2024_716__NODEV1__CH_00007,113
UKSI_2024_716__NODEV1__CH_00008,179
UKSI_2024_716__NODEV1__CH_00009,118
UKSI_2024_959__NODEV1__CH_00001,100
UKSI_2024_959__NODEV1__CH_00002,137
UKSI_2025_163__LEGV2__CH_00001,63
UKSI_2025_163__LEGV2__CH_00002,56
UKSI_2025_163__LEGV2__CH_00003,67
UKSI_2025_163__LEGV2__CH_00004,58
UKSI_2025_163__LEGV2__CH_00005,64
UKSI_2025_163__LEGV2__CH_00006,57
UKSI_2025_163__LEGV2__CH_00008,70
UKSI_2025_163__LEGV2__CH_00009,102
UKSI_2025_163__LEGV2__CH_00010,80
UKSI_2025_163__LEGV2__CH_00011,86
UKSI_2025_163__LEGV2__CH_00012,74
UKSI_2025_163__LEGV2__CH_00013,88
UKSI_2025_163__LEGV2__CH_00014,78
UKSI_2025_163__LEGV2__CH_00015,102
UKSI_2025_163__LEGV2__CH_00016,105
UKSI_2025_163__LEGV2__CH_00017,75
UKSI_2025_163__LEGV2__CH_00018,112
UKSI_2025_163__LEGV2__CH_00019,106
UKSI_2025_163__LEGV2__CH_00020,134
UKSI_2025_163__LEGV2__CH_00021,157
UKSI_2025_163__LEGV2__CH_00024,68
UKSI_2025_163__LEGV2__CH_00025,95
UKSI_2025_163__LEGV2__CH_00027,71
UKSI_2025_163__LEGV2__CH_00028,103
UKSI_2025_163__LEGV2__CH_00029,78
UKSI_2025_163__LEGV2__CH_00030,94
UKSI_2025_163__LEGV2__CH_00031,103
UKSI_2025_163__LEGV2__CH_00032,98
UKSI_2025_163__LEGV2__CH_00033,98
UKSI_2025_163__LEGV2__CH_00034,82
UKSI_2025_163__LEGV2__CH_00035,107
UKSI_2025_163__LEGV2__CH_00036,108
UKSI_2025_163__LEGV2__CH_00037,101
UKSI_2025_163__LEGV2__CH_00038__M,100
UKSI_2025_163__LEGV2__CH_00040,72
UKSI_2025_163__LEGV2__CH_00041,82
UKSI_2025_163__LEGV2__CH_00042,117
UKSI_2025_163__LEGV2__CH_00043,118
UKSI_2025_163__LEGV2__CH_00044,115
UKSI_2025_163__LEGV2__CH_00045,95
UKSI_2025_163__LEGV2__CH_00046,78
UKSI_2025_163__LEGV2__CH_00047,76
UKSI_2025_163__LEGV2__CH_00048,77
UKSI_2025_163__LEGV2__CH_00049,99
UKSI_2025_163__LEGV2__CH_00050,71
UKSI_2025_163__LEGV2__CH_00051,122
UKSI_2025_163__LEGV2__CH_00052,82
UKSI_2025_163__LEGV2__CH_00053,74
UKSI_2025_163__LEGV2__CH_00054,90
UKSI_2025_163__LEGV2__CH_00055,131
UKSI_2025_163__LEGV2__CH_00056,74
UKSI_2025_163__LEGV2__CH_00057,77
UKSI_2025_163__LEGV2__CH_00058,86
UKSI_2025_163__LEGV2__CH_00059,136
UKSI_2025_163__LEGV2__CH_00060,73
UKSI_2025_163__LEGV2__CH_00061,74
UKSI_2025_163__LEGV2__CH_00062,93
UKSI_2025_163__LEGV2__CH_00063,110
UKSI_2025_163__LEGV2__CH_00064,123
UKSI_2025_163__LEGV2__CH_00065,131
UKSI_2025_163__LEGV2__CH_00066,153
UKSI_2025_163__LEGV2__CH_00067,89
UKSI_2025_163__LEGV2__CH_00068,139
UKSI_2025_163__LEGV2__CH_00069,124
UKSI_2025_163__LEGV2__CH_00070,91
UKSI_2025_163__LEGV2__CH_00071,97
UKSI_2025_163__LEGV2__CH_00072,124
UKSI_2025_163__LEGV2__CH_00073,84
UKSI_2025_163__LEGV2__CH_00074,83
UKSI_2025_163__LEGV2__CH_00077,77
UKSI_2025_163__LEGV2__CH_00080,91
UKSI_2025_163__LEGV2__CH_00081,81
UKSI_2025_163__LEGV2__CH_00082,99
UKSI_2025_163__LEGV2__CH_00083,82
UKSI_2025_163__LEGV2__CH_00084,94
UKSI_2025_163__LEGV2__CH_00085,70
UKSI_2025_163__LEGV2__CH_00086,157
UKSI_2025_163__LEGV2__CH_00087,65
UKSI_2025_163__LEGV2__CH_00088,76
UKSI_2025_163__LEGV2__CH_00089,126
UKSI_2025_163__LEGV2__CH_00090,113
UKSI_2025_163__LEGV2__CH_00091,138
UKSI_2025_163__LEGV2__CH_00093,88
UKSI_2025_163__LEGV2__CH_00094,76
UKSI_2025_163__LEGV2__CH_00095,70
UKSI_2025_163__LEGV2__CH_00096,84
UKSI_2025_163__LEGV2__CH_00097,62
UKSI_2025_163__LEGV2__CH_00098,114
UKSI_2025_163__LEGV2__CH_00099,87
UKSI_2025_163__LEGV2__CH_00100,77
UKSI_2025_163__LEGV2__CH_00103,86
UKSI_2025_163__LEGV2__CH_00104,83
UKSI_2025_163__LEGV2__CH_00105,84
UKSI_2025_163__LEGV2__CH_00106,96
UKSI_2025_163__LEGV2__CH_00107,111
UKSI_2025_163__LEGV2__CH_00108,115
UKSI_2025_163__LEGV2__CH_00111,84
UKSI_2025_163__LEGV2__CH_00113,124
UKSI_2025_163__LEGV2__CH_00115,95
UKSI_2025_163__LEGV2__CH_00117,85
UKSI_2025_163__LEGV2__CH_00119,89
UKSI_2025_163__LEGV2__CH_00120,60
UKSI_2025_163__LEGV2__CH_00121,81
UKSI_2025_163__LEGV2__CH_00123,139
UKSI_2025_163__LEGV2__CH_00124,65
UKSI_2025_163__LEGV2__CH_00125,95
UKSI_2025_163__LEGV2__CH_00126,66
UKSI_2025_163__LEGV2__CH_00127,115
UKSI_2025_163__LEGV2__CH_00128,80
UKSI_2025_163__LEGV2__CH_00129,124
UKSI_2025_163__LEGV2__CH_00130,95
UKSI_2025_163__LEGV2__CH_00131,75
UKSI_2025_163__LEGV2__CH_00132,67
UKSI_2025_163__LEGV2__CH_00133,89
UKSI_2025_163__LEGV2__CH_00134,126
UKSI_2025_163__LEGV2__CH_00135,75
UKSI_2025_163__LEGV2__CH_00136,53
UKSI_2025_163__LEGV2__CH_00137,72
UKSI_2025_163__LEGV2__CH_00138,83
UKSI_2025_163__LEGV2__CH_00139,96
UKSI_2025_163__LEGV2__CH_00140,70
UKSI_2025_163__LEGV2__CH_00141,51
UKSI_2025_163__LEGV2__CH_00142,111
UKSI_2025_163__LEGV2__CH_00143,131
UKSI_2026_82__LEGV2__CH_00001,64
UKSI_2026_82__LEGV2__CH_00002,79
UKSI_2026_82__LEGV2__CH_00003,143
UKSI_2026_82__LEGV2__CH_00004,67
UKSI_2026_82__LEGV2__CH_00005,81
UKSI_2026_82__LEGV2__CH_00006,85
UKSI_2026_82__LEGV2__CH_00007,67
UKSI_2026_82__LEGV2__CH_00008,59
UKSI_2026_82__LEGV2__CH_00009,72
UKSI_2026_82__LEGV2__CH_00010,70
UKSI_2026_82__LEGV2__CH_00011,75
UKSI_2026_82__LEGV2__CH_00012,118
UKSI_2026_82__LEGV2__CH_00013,77
a00abe9efea9d289aba7e80b__a00abe9efea9d289aba7e80b__SEG_0001__CH_001,98
a00abe9efea9d289aba7e80b__a00abe9efea9d289aba7e80b__SEG_0001__CH_002,90
a0c63f147bc31f7a8b945faa__a0c63f147bc31f7a8b945faa__SEG_0001__CH_001,95
a0c63f147bc31f7a8b945faa__a0c63f147bc31f7a8b945faa__SEG_0001__CH_002,82
a0c63f147bc31f7a8b945faa__a0c63f147bc31f7a8b945faa__SEG_0001__CH_003,87
a0c63f147bc31f7a8b945faa__a0c63f147bc31f7a8b945faa__SEG_0001__CH_004,93
a0c63f147bc31f7a8b945faa__a0c63f147bc31f7a8b945faa__SEG_0001__CH_005,112
a0c63f147bc31f7a8b945faa__a0c63f147bc31f7a8b945faa__SEG_0001__CH_006,88
a0c63f147bc31f7a8b945faa__a0c63f147bc31f7a8b945faa__SEG_0001__CH_007,85
a1019be78da2f0e20f6b4108__a1019be78da2f0e20f6b4108__SEG_0001__CH_001,135
a1019be78da2f0e20f6b4108__a1019be78da2f0e20f6b4108__SEG_0001__CH_002,167
a1019be78da2f0e20f6b4108__a1019be78da2f0e20f6b4108__SEG_0001__CH_003,199
a1019be78da2f0e20f6b4108__a1019be78da2f0e20f6b4108__SEG_0001__CH_004,119
a1153fec4f1526ae505a64a0__a1153fec4f1526ae505a64a0__SEG_0001__CH_001,140
a1153fec4f1526ae505a64a0__a1153fec4f1526ae505a64a0__SEG_0001__CH_002,193
a1153fec4f1526ae505a64a0__a1153fec4f1526ae505a64a0__SEG_0001__CH_003,144
a1153fec4f1526ae505a64a0__a1153fec4f1526ae505a64a0__SEG_0001__CH_004,175
a1153fec4f1526ae505a64a0__a1153fec4f1526ae505a64a0__SEG_0001__CH_005,120
a1354f8d5e5501457caaa417__a1354f8d5e5501457caaa417__SEG_0001__CH_001,133
a1354f8d5e5501457caaa417__a1354f8d5e5501457caaa417__SEG_0001__CH_002,167
a1354f8d5e5501457caaa417__a1354f8d5e5501457caaa417__SEG_0001__CH_003,134
a14ac82b7c1899d98143213e__a14ac82b7c1899d98143213e__SEG_0001__CH_001,157
a14ac82b7c1899d98143213e__a14ac82b7c1899d98143213e__SEG_0001__CH_002,205
a15347d692f2bfc8ce57616d__a15347d692f2bfc8ce57616d__SEG_0001__CH_001,86
a15347d692f2bfc8ce57616d__a15347d692f2bfc8ce57616d__SEG_0001__CH_002,83
a19dddfb6b7fbd02a09c0742__a19dddfb6b7fbd02a09c0742__SEG_0001__CH_001,118
a1a9daeaa7c94959db8039eb__a1a9daeaa7c94959db8039eb__SEG_0001__CH_002,119
a1d86a105bd13aabe17f88bf__a1d86a105bd13aabe17f88bf__SEG_0001__CH_001,195
a1e548bee45e7180a3159f25__PDFV2__CH_0002,132
a1e548bee45e7180a3159f25__PDFV2__CH_0005,127
a1e548bee45e7180a3159f25__PDFV2__CH_0006,138
a1e548bee45e7180a3159f25__PDFV2__CH_0012,141
a1e548bee45e7180a3159f25__PDFV2__CH_0013,131
a1e548bee45e7180a3159f25__PDFV2__CH_0014,149
a1e548bee45e7180a3159f25__PDFV2__CH_0015,195
a1e548bee45e7180a3159f25__PDFV2__CH_0016,164
a23311e22491d5140f7921d2__PDFV2__CH_0003,143
a23311e22491d5140f7921d2__PDFV2__CH_0004,125
a23311e22491d5140f7921d2__PDFV2__CH_0006,119
a23311e22491d5140f7921d2__PDFV2__CH_0007,116
a23311e22491d5140f7921d2__PDFV2__CH_0008,159
a255e457ea4d9ea7238c59a4__a255e457ea4d9ea7238c59a4__SEG_0001__CH_001,125
a255e457ea4d9ea7238c59a4__a255e457ea4d9ea7238c59a4__SEG_0001__CH_002,133
a255e457ea4d9ea7238c59a4__a255e457ea4d9ea7238c59a4__SEG_0001__CH_003,143
a255e457ea4d9ea7238c59a4__a255e457ea4d9ea7238c59a4__SEG_0002__CH_001,131
a255e457ea4d9ea7238c59a4__a255e457ea4d9ea7238c59a4__SEG_0002__CH_002__M,117
a2590f405a81d1aed805f4c1__a2590f405a81d1aed805f4c1__SEG_0001__CH_001,83
a2b0100c8fbb8aef5ff341ee__PDFV2__CH_0004,137
a2b0100c8fbb8aef5ff341ee__PDFV2__CH_0009,124
a2b0100c8fbb8aef5ff341ee__PDFV2__CH_0010,114
a2b0100c8fbb8aef5ff341ee__PDFV2__CH_0011,133
a2b0100c8fbb8aef5ff341ee__PDFV2__CH_0012,92
a2b0100c8fbb8aef5ff341ee__PDFV2__CH_0013,135
a2b0100c8fbb8aef5ff341ee__PDFV2__CH_0014,139
a2b0100c8fbb8aef5ff341ee__PDFV2__CH_0015,107
a2b0100c8fbb8aef5ff341ee__PDFV2__CH_0016,87
a2b0100c8fbb8aef5ff341ee__PDFV2__CH_0017,128
a2b0100c8fbb8aef5ff341ee__PDFV2__CH_0018,128
a2b0100c8fbb8aef5ff341ee__PDFV2__CH_0019,85
a2b0100c8fbb8aef5ff341ee__PDFV2__CH_0020,92
a2b0100c8fbb8aef5ff341ee__PDFV2__CH_0021,93
a2b0100c8fbb8aef5ff341ee__PDFV2__CH_0022,86
a31bf40b4b98b8bdbf382370__a31bf40b4b98b8bdbf382370__SEG_0001__CH_001,102
a31bf40b4b98b8bdbf382370__a31bf40b4b98b8bdbf382370__SEG_0001__CH_002,134
a31bf40b4b98b8bdbf382370__a31bf40b4b98b8bdbf382370__SEG_0001__CH_003,128
a31bf40b4b98b8bdbf382370__a31bf40b4b98b8bdbf382370__SEG_0001__CH_004,105
a31e80ac4fd7fc7c90891f10__a31e80ac4fd7fc7c90891f10__SEG_0001__CH_001,128
a31e80ac4fd7fc7c90891f10__a31e80ac4fd7fc7c90891f10__SEG_0001__CH_002,109
a31e80ac4fd7fc7c90891f10__a31e80ac4fd7fc7c90891f10__SEG_0001__CH_003,100
a31e80ac4fd7fc7c90891f10__a31e80ac4fd7fc7c90891f10__SEG_0001__CH_004,136
a32f860b197395d3d386e053__a32f860b197395d3d386e053__SEG_0001__CH_001,100
a32f860b197395d3d386e053__a32f860b197395d3d386e053__SEG_0001__CH_002,93
a36c9ca37031d676e7311d57__PDFV2__CH_0001,152
a36c9ca37031d676e7311d57__PDFV2__CH_0002,121
a36c9ca37031d676e7311d57__PDFV2__CH_0003,150
a36c9ca37031d676e7311d57__PDFV2__CH_0004__M,161
a36c9ca37031d676e7311d57__PDFV2__CH_0006,168
a36c9ca37031d676e7311d57__PDFV2__CH_0007,169
a36c9ca37031d676e7311d57__PDFV2__CH_0008,140
a36c9ca37031d676e7311d57__PDFV2__CH_0009,166
a36c9ca37031d676e7311d57__PDFV2__CH_0010,143
a36c9ca37031d676e7311d57__PDFV2__CH_0011,170
a37cf5f4427936a59daa9154__a37cf5f4427936a59daa9154__SEG_0001__CH_001,123
a37cf5f4427936a59daa9154__a37cf5f4427936a59daa9154__SEG_0001__CH_002,141
a37cf5f4427936a59daa9154__a37cf5f4427936a59daa9154__SEG_0001__CH_004,227
a3e826a610457d82ebb9e6f2__a3e826a610457d82ebb9e6f2__SEG_0001__CH_001,108
a482830905ffeb51ef2e443a__a482830905ffeb51ef2e443a__SEG_0001__CH_001,138
a482830905ffeb51ef2e443a__a482830905ffeb51ef2e443a__SEG_0001__CH_002,121
a482830905ffeb51ef2e443a__a482830905ffeb51ef2e443a__SEG_0001__CH_003,118
a4981305aa7c2cef9e30d7e2__PDFV2__CH_0001,96
a4981305aa7c2cef9e30d7e2__PDFV2__CH_0002,137
a4981305aa7c2cef9e30d7e2__PDFV2__CH_0003,117
a4981305aa7c2cef9e30d7e2__PDFV2__CH_0004,101
a4981305aa7c2cef9e30d7e2__PDFV2__CH_0005,128
a49b33ce5d3c786431f2ee9f__a49b33ce5d3c786431f2ee9f__SEG_0001__CH_001,119
a49b33ce5d3c786431f2ee9f__a49b33ce5d3c786431f2ee9f__SEG_0001__CH_002,89
a49e91fb1e719f9c9c54a5ce__a49e91fb1e719f9c9c54a5ce__SEG_0001__CH_001,159
a49e91fb1e719f9c9c54a5ce__a49e91fb1e719f9c9c54a5ce__SEG_0001__CH_002,82
a4ada9e719b2df7b822ad6c4__PDFV2__CH_0002,115
a4ada9e719b2df7b822ad6c4__PDFV2__CH_0003,76
a5126366563e4aea35868128__PDFV2__CH_0005,84
a5126366563e4aea35868128__PDFV2__CH_0006,115
a5126366563e4aea35868128__PDFV2__CH_0007,149
a531f6a1fce8d067f4927028__PDFV2__CH_0001,138
a531f6a1fce8d067f4927028__PDFV2__CH_0002,129
a564da3aea87a71d920dfb9f__a564da3aea87a71d920dfb9f__SEG_0001__CH_001,112
a57dd5676f441ff3fdeb0a10__PDFV2__CH_0001,128
a57dd5676f441ff3fdeb0a10__PDFV2__CH_0002,126
a57dd5676f441ff3fdeb0a10__PDFV2__CH_0003,97
a57fe06256db3b3cca8b54b7__PDFV2__CH_0004,92
a57fe06256db3b3cca8b54b7__PDFV2__CH_0005,91
a57fe06256db3b3cca8b54b7__PDFV2__CH_0007,98
a57fe06256db3b3cca8b54b7__PDFV2__CH_0008,136
a57fe06256db3b3cca8b54b7__PDFV2__CH_0009,133
a57fe06256db3b3cca8b54b7__PDFV2__CH_0011,126
a57fe06256db3b3cca8b54b7__PDFV2__CH_0012,151
a57fe06256db3b3cca8b54b7__PDFV2__CH_0013__M,130
a57fe06256db3b3cca8b54b7__PDFV2__CH_0015,111
a57fe06256db3b3cca8b54b7__PDFV2__CH_0016,169
a57fe06256db3b3cca8b54b7__PDFV2__CH_0017,101
a57fe06256db3b3cca8b54b7__PDFV2__CH_0018,113
a57fe06256db3b3cca8b54b7__PDFV2__CH_0019,131
a57fe06256db3b3cca8b54b7__PDFV2__CH_0021,124
a57fe06256db3b3cca8b54b7__PDFV2__CH_0022,127
a57fe06256db3b3cca8b54b7__PDFV2__CH_0023__M,186
a57fe06256db3b3cca8b54b7__PDFV2__CH_0025,144
a57fe06256db3b3cca8b54b7__PDFV2__CH_0026,175
a57fe06256db3b3cca8b54b7__PDFV2__CH_0027,112
a57fe06256db3b3cca8b54b7__PDFV2__CH_0028,97
a57fe06256db3b3cca8b54b7__PDFV2__CH_0029,101
a57fe06256db3b3cca8b54b7__PDFV2__CH_0030,134
a57fe06256db3b3cca8b54b7__PDFV2__CH_0031,118
a57fe06256db3b3cca8b54b7__PDFV2__CH_0032,120
a57fe06256db3b3cca8b54b7__PDFV2__CH_0035,101
a57fe06256db3b3cca8b54b7__PDFV2__CH_0036,126
a57fe06256db3b3cca8b54b7__PDFV2__CH_0037,125
a57fe06256db3b3cca8b54b7__PDFV2__CH_0038__M,100
a57fe06256db3b3cca8b54b7__PDFV2__CH_0040__M,144
a57fe06256db3b3cca8b54b7__PDFV2__CH_0042,133
a57fe06256db3b3cca8b54b7__PDFV2__CH_0043,140
a57fe06256db3b3cca8b54b7__PDFV2__CH_0044,138
a57fe06256db3b3cca8b54b7__PDFV2__CH_0045,111
a57fe06256db3b3cca8b54b7__PDFV2__CH_0046,141
a57fe06256db3b3cca8b54b7__PDFV2__CH_0049,93
a57fe06256db3b3cca8b54b7__PDFV2__CH_0050,141
a589e8d848ac777e18d8de91__a589e8d848ac777e18d8de91__SEG_0001__CH_001,118
a5ebde1ff7f9615ff202b732__a5ebde1ff7f9615ff202b732__SEG_0001__CH_001,102
a5ebde1ff7f9615ff202b732__a5ebde1ff7f9615ff202b732__SEG_0001__CH_002,111
a5ebde1ff7f9615ff202b732__a5ebde1ff7f9615ff202b732__SEG_0001__CH_003,152
a5ebde1ff7f9615ff202b732__a5ebde1ff7f9615ff202b732__SEG_0001__CH_004,123
a5ebde1ff7f9615ff202b732__a5ebde1ff7f9615ff202b732__SEG_0001__CH_005,89
a5ebde1ff7f9615ff202b732__a5ebde1ff7f9615ff202b732__SEG_0002__CH_001,159
a5ebde1ff7f9615ff202b732__a5ebde1ff7f9615ff202b732__SEG_0002__CH_002,194
a5edeaf86fd2552e2d2ce39e__a5edeaf86fd2552e2d2ce39e__SEG_0001__CH_001,124
a5edeaf86fd2552e2d2ce39e__a5edeaf86fd2552e2d2ce39e__SEG_0001__CH_002,92
a5edeaf86fd2552e2d2ce39e__a5edeaf86fd2552e2d2ce39e__SEG_0001__CH_003,120
a5edeaf86fd2552e2d2ce39e__a5edeaf86fd2552e2d2ce39e__SEG_0001__CH_005,114
a5edeaf86fd2552e2d2ce39e__a5edeaf86fd2552e2d2ce39e__SEG_0001__CH_006,114
a632d65c48d6fbbaa71577c4__PDFV2__CH_0001,107
a632d65c48d6fbbaa71577c4__PDFV2__CH_0002,129
a632d65c48d6fbbaa71577c4__PDFV2__CH_0003,127
a632d65c48d6fbbaa71577c4__PDFV2__CH_0005,99
a632d65c48d6fbbaa71577c4__PDFV2__CH_0006,121
a6e7c9be6e4e1e2b63b54fdb__a6e7c9be6e4e1e2b63b54fdb__SEG_0001__CH_001,89
a6f76de409b594e578f2d11b__PDFV2__CH_0001,99
a6f76de409b594e578f2d11b__PDFV2__CH_0002,108
a6f76de409b594e578f2d11b__PDFV2__CH_0003,95
a6f76de409b594e578f2d11b__PDFV2__CH_0004,91
a6f76de409b594e578f2d11b__PDFV2__CH_0005,125
a6f76de409b594e578f2d11b__PDFV2__CH_0006,89
a6f76de409b594e578f2d11b__PDFV2__CH_0007,110
a6f76de409b594e578f2d11b__PDFV2__CH_0008,117
a6f76de409b594e578f2d11b__PDFV2__CH_0009,109
a6f76de409b594e578f2d11b__PDFV2__CH_0010,117
a6f76de409b594e578f2d11b__PDFV2__CH_0011,114
a6f76de409b594e578f2d11b__PDFV2__CH_0012,103
a6f76de409b594e578f2d11b__PDFV2__CH_0013,95
a6f76de409b594e578f2d11b__PDFV2__CH_0014,113
a6f76de409b594e578f2d11b__PDFV2__CH_0015,95
a6f76de409b594e578f2d11b__PDFV2__CH_0016,100
a6f76de409b594e578f2d11b__PDFV2__CH_0017,127
a6f76de409b594e578f2d11b__PDFV2__CH_0018,102
a6f76de409b594e578f2d11b__PDFV2__CH_0020,149
a6f76de409b594e578f2d11b__PDFV2__CH_0021,124
a6f76de409b594e578f2d11b__PDFV2__CH_0022,119
a6f76de409b594e578f2d11b__PDFV2__CH_0023,155
a6f76de409b594e578f2d11b__PDFV2__CH_0024,114
a6f76de409b594e578f2d11b__PDFV2__CH_0025,115
a6f76de409b594e578f2d11b__PDFV2__CH_0026__M,129
a6f76de409b594e578f2d11b__PDFV2__CH_0028,95
a6f76de409b594e578f2d11b__PDFV2__CH_0029,137
a6f76de409b594e578f2d11b__PDFV2__CH_0030,108
a728de4c7cf57df43a2a939a__a728de4c7cf57df43a2a939a__SEG_0001__CH_001,120
a728de4c7cf57df43a2a939a__a728de4c7cf57df43a2a939a__SEG_0001__CH_002,88
a7fc9a0229f90c8b0e1b5a54__a7fc9a0229f90c8b0e1b5a54__SEG_0001__CH_001,110
a7fc9a0229f90c8b0e1b5a54__a7fc9a0229f90c8b0e1b5a54__SEG_0001__CH_002,110
a880028eb0086d976f7cf4fe__a880028eb0086d976f7cf4fe__SEG_0001__CH_001,113
a880028eb0086d976f7cf4fe__a880028eb0086d976f7cf4fe__SEG_0001__CH_002,105
a8db9932e670732d81198212__PDFV2__CH_0001,105
a8db9932e670732d81198212__PDFV2__CH_0002,151
a8db9932e670732d81198212__PDFV2__CH_0003,136
a962bf26baea65fe7077cb16__a962bf26baea65fe7077cb16__SEG_0001__CH_001,105
a962bf26baea65fe7077cb16__a962bf26baea65fe7077cb16__SEG_0001__CH_002,97
a962bf26baea65fe7077cb16__a962bf26baea65fe7077cb16__SEG_0001__CH_003,145
a962bf26baea65fe7077cb16__a962bf26baea65fe7077cb16__SEG_0001__CH_004,93
a962bf26baea65fe7077cb16__a962bf26baea65fe7077cb16__SEG_0001__CH_005,104
a962bf26baea65fe7077cb16__a962bf26baea65fe7077cb16__SEG_0001__CH_006,170
a962bf26baea65fe7077cb16__a962bf26baea65fe7077cb16__SEG_0001__CH_007,103
a9675cef1e4b627701d92d2a__a9675cef1e4b627701d92d2a__SEG_0001__CH_002,111
a9675cef1e4b627701d92d2a__a9675cef1e4b627701d92d2a__SEG_0001__CH_003,81
a9bbcad6c7f6ff39b998a552__a9bbcad6c7f6ff39b998a552__SEG_0001__CH_001,117
a9bbcad6c7f6ff39b998a552__a9bbcad6c7f6ff39b998a552__SEG_0001__CH_002,161
a9bbcad6c7f6ff39b998a552__a9bbcad6c7f6ff39b998a552__SEG_0001__CH_003,126
a9bbcad6c7f6ff39b998a552__a9bbcad6c7f6ff39b998a552__SEG_0001__CH_004,163
a9bbcad6c7f6ff39b998a552__a9bbcad6c7f6ff39b998a552__SEG_0001__CH_005,101
a9e5a6b4dfeedffe2d66639d__a9e5a6b4dfeedffe2d66639d__SEG_0001__CH_001,135
a9eb86efd27a4f5965b03df8__PDFV2__CH_0001,109
a9eb86efd27a4f5965b03df8__PDFV2__CH_0002,133
aa0202f462088e0ec12b683d__aa0202f462088e0ec12b683d__SEG_0001__CH_001,130
aa0202f462088e0ec12b683d__aa0202f462088e0ec12b683d__SEG_0001__CH_002,103
aa0202f462088e0ec12b683d__aa0202f462088e0ec12b683d__SEG_0001__CH_003,116
aa4a3b56cb2e2d69e1543db0__PDFV2__CH_0001,108
aa4a3b56cb2e2d69e1543db0__PDFV2__CH_0002,153
aa4a3b56cb2e2d69e1543db0__PDFV2__CH_0003,123
aa4a3b56cb2e2d69e1543db0__PDFV2__CH_0004,155
aa4a3b56cb2e2d69e1543db0__PDFV2__CH_0005,160
aa4a3b56cb2e2d69e1543db0__PDFV2__CH_0006,142
aa4a3b56cb2e2d69e1543db0__PDFV2__CH_0007__M,130
aa4a3b56cb2e2d69e1543db0__PDFV2__CH_0009__M,118
aa4a3b56cb2e2d69e1543db0__PDFV2__CH_0012,110
aa4a3b56cb2e2d69e1543db0__PDFV2__CH_0013,141
aa4a3b56cb2e2d69e1543db0__PDFV2__CH_0014,133
aa4a3b56cb2e2d69e1543db0__PDFV2__CH_0015,92
aa4a3b56cb2e2d69e1543db0__PDFV2__CH_0016,99
aa4a3b56cb2e2d69e1543db0__PDFV2__CH_0017,147
aa4a3b56cb2e2d69e1543db0__PDFV2__CH_0018,103
aa4a3b56cb2e2d69e1543db0__PDFV2__CH_0019,86
aa4a3b56cb2e2d69e1543db0__PDFV2__CH_0020,77
aa4a3b56cb2e2d69e1543db0__PDFV2__CH_0021,80
aa4a3b56cb2e2d69e1543db0__PDFV2__CH_0022,89
aa4a3b56cb2e2d69e1543db0__PDFV2__CH_0023,63
aa4a3b56cb2e2d69e1543db0__PDFV2__CH_0025,93
aa4a3b56cb2e2d69e1543db0__PDFV2__CH_0028,75
aa4a3b56cb2e2d69e1543db0__PDFV2__CH_0029,129
aa4a3b56cb2e2d69e1543db0__PDFV2__CH_0030,147
aa4a3b56cb2e2d69e1543db0__PDFV2__CH_0031,124
aa4a3b56cb2e2d69e1543db0__PDFV2__CH_0032__M,156
aa4a3b56cb2e2d69e1543db0__PDFV2__CH_0034,120
aa4a3b56cb2e2d69e1543db0__PDFV2__CH_0035,102
aa4a3b56cb2e2d69e1543db0__PDFV2__CH_0036,59
aa66c03e6047da5798d30f6e__aa66c03e6047da5798d30f6e__SEG_0001__CH_001,123
aa66c03e6047da5798d30f6e__aa66c03e6047da5798d30f6e__SEG_0001__CH_002,162
aa66c03e6047da5798d30f6e__aa66c03e6047da5798d30f6e__SEG_0001__CH_003,126
aa66c03e6047da5798d30f6e__aa66c03e6047da5798d30f6e__SEG_0002__CH_001,111
aaab2888c0a61deaad14a69f__aaab2888c0a61deaad14a69f__SEG_0001__CH_001,117
ab1186a51120f2d128d12978__ab1186a51120f2d128d12978__SEG_0001__CH_001,93
ab2bb6ac97b27cb0884e2dde__ab2bb6ac97b27cb0884e2dde__SEG_0001__CH_001,130
ab2bb6ac97b27cb0884e2dde__ab2bb6ac97b27cb0884e2dde__SEG_0002__CH_001,67
ab3addb5dac061db1236ac72__ab3addb5dac061db1236ac72__SEG_0001__CH_002,169
ab3addb5dac061db1236ac72__ab3addb5dac061db1236ac72__SEG_0001__CH_003,184
ab3addb5dac061db1236ac72__ab3addb5dac061db1236ac72__SEG_0001__CH_004,115
ab3addb5dac061db1236ac72__ab3addb5dac061db1236ac72__SEG_0002__CH_002,171
ab3addb5dac061db1236ac72__ab3addb5dac061db1236ac72__SEG_0002__CH_003,118
ab98d574677b1b94984dfd44__PDFV2__CH_0002,151
ab98d574677b1b94984dfd44__PDFV2__CH_0003,94
ab98d574677b1b94984dfd44__PDFV2__CH_0004,125
ab98d574677b1b94984dfd44__PDFV2__CH_0005,108
ab98d574677b1b94984dfd44__PDFV2__CH_0007,114
ab98d574677b1b94984dfd44__PDFV2__CH_0008,116
ab98d574677b1b94984dfd44__PDFV2__CH_0009,132
ac689b0a01e55a46a88b2575__ac689b0a01e55a46a88b2575__SEG_0001__CH_001,90
ac689b0a01e55a46a88b2575__ac689b0a01e55a46a88b2575__SEG_0001__CH_002,126
ac75e138934a8eb9a66b2163__PDFV2__CH_0003,95
ac75e138934a8eb9a66b2163__PDFV2__CH_0004,113
ac75e138934a8eb9a66b2163__PDFV2__CH_0005,132
ac75e138934a8eb9a66b2163__PDFV2__CH_0006,137
ac75e138934a8eb9a66b2163__PDFV2__CH_0007,97
ac75e138934a8eb9a66b2163__PDFV2__CH_0008,128
ac75e138934a8eb9a66b2163__PDFV2__CH_0010,128
ac75e138934a8eb9a66b2163__PDFV2__CH_0011,142
ac75e138934a8eb9a66b2163__PDFV2__CH_0012,136
ac75e138934a8eb9a66b2163__PDFV2__CH_0013,126
ac75e138934a8eb9a66b2163__PDFV2__CH_0014,147
ac75e138934a8eb9a66b2163__PDFV2__CH_0015,112
ac75e138934a8eb9a66b2163__PDFV2__CH_0017,116
ac75e138934a8eb9a66b2163__PDFV2__CH_0020__M,144
ac75e138934a8eb9a66b2163__PDFV2__CH_0023,143
ac75e138934a8eb9a66b2163__PDFV2__CH_0024,138
ac75e138934a8eb9a66b2163__PDFV2__CH_0025,70
ac75e138934a8eb9a66b2163__PDFV2__CH_0026,146
ac75e138934a8eb9a66b2163__PDFV2__CH_0027,125
ac75e138934a8eb9a66b2163__PDFV2__CH_0029,136
acc00d81097836d20a9dd13e__acc00d81097836d20a9dd13e__SEG_0001__CH_003,63
ad2328c675e5cf814912ef72__ad2328c675e5cf814912ef72__SEG_0001__CH_001,110
ad2328c675e5cf814912ef72__ad2328c675e5cf814912ef72__SEG_0001__CH_002,84
ad2328c675e5cf814912ef72__ad2328c675e5cf814912ef72__SEG_0001__CH_003,124
ad238eec26ae739a6d589528__ad238eec26ae739a6d589528__SEG_0001__CH_002,95
ad3a39d43fd58b730564e9a8__ad3a39d43fd58b730564e9a8__SEG_0001__CH_001,102
ad3a39d43fd58b730564e9a8__ad3a39d43fd58b730564e9a8__SEG_0001__CH_002,107
ad3a39d43fd58b730564e9a8__ad3a39d43fd58b730564e9a8__SEG_0001__CH_003,137
ad3a39d43fd58b730564e9a8__ad3a39d43fd58b730564e9a8__SEG_0001__CH_004,144
ad3a39d43fd58b730564e9a8__ad3a39d43fd58b730564e9a8__SEG_0002__CH_001,120
ad3a39d43fd58b730564e9a8__ad3a39d43fd58b730564e9a8__SEG_0002__CH_002,109
ad3a39d43fd58b730564e9a8__ad3a39d43fd58b730564e9a8__SEG_0002__CH_003,165
ad3a39d43fd58b730564e9a8__ad3a39d43fd58b730564e9a8__SEG_0003__CH_001,124
ad3a39d43fd58b730564e9a8__ad3a39d43fd58b730564e9a8__SEG_0003__CH_002,111
ad56b7b384728742cc681456__PDFV2__CH_0001,111
ad56b7b384728742cc681456__PDFV2__CH_0002,127
ad56b7b384728742cc681456__PDFV2__CH_0003,131
ad891b6b683b7b8dcdaa7a81__ad891b6b683b7b8dcdaa7a81__SEG_0001__CH_001,107
ad891b6b683b7b8dcdaa7a81__ad891b6b683b7b8dcdaa7a81__SEG_0001__CH_002,125
ad891b6b683b7b8dcdaa7a81__ad891b6b683b7b8dcdaa7a81__SEG_0001__CH_003,82
adf16e9c8c90e6e47e7d4f25__adf16e9c8c90e6e47e7d4f25__SEG_0001__CH_001,120
adf16e9c8c90e6e47e7d4f25__adf16e9c8c90e6e47e7d4f25__SEG_0001__CH_002,113
ae069edf8524b6dbb3296f81__PDFV2__CH_0001,97
ae069edf8524b6dbb3296f81__PDFV2__CH_0003,84
ae069edf8524b6dbb3296f81__PDFV2__CH_0004,109
ae069edf8524b6dbb3296f81__PDFV2__CH_0005,99
ae20b2821a20ba6e4d3dd3f1__ae20b2821a20ba6e4d3dd3f1__SEG_0001__CH_002,135
ae285919cfb3171447ececa6__ae285919cfb3171447ececa6__SEG_0001__CH_001,110
ae285919cfb3171447ececa6__ae285919cfb3171447ececa6__SEG_0001__CH_002,76
ae58fec35b46c8396ef73c26__ae58fec35b46c8396ef73c26__SEG_0001__CH_001,82
ae58fec35b46c8396ef73c26__ae58fec35b46c8396ef73c26__SEG_0001__CH_002,96
ae5d048a95e60157dd53f18d__ae5d048a95e60157dd53f18d__SEG_0001__CH_001,90
ae5d048a95e60157dd53f18d__ae5d048a95e60157dd53f18d__SEG_0001__CH_002,83
ae6215d9e010dc98ffed399c__ae6215d9e010dc98ffed399c__SEG_0001__CH_001,119
ae6215d9e010dc98ffed399c__ae6215d9e010dc98ffed399c__SEG_0001__CH_002,116
ae706fcfd04578c1dafdd0b7__ae706fcfd04578c1dafdd0b7__SEG_0001__CH_002,219
ae706fcfd04578c1dafdd0b7__ae706fcfd04578c1dafdd0b7__SEG_0001__CH_003,196
aee2487b3cb6cd6c549f2b2e__aee2487b3cb6cd6c549f2b2e__SEG_0001__CH_001,96
aeff26a7e49bb8aaf375237c__PDFV2__CH_0001,118
aeff26a7e49bb8aaf375237c__PDFV2__CH_0002,193
aeff26a7e49bb8aaf375237c__PDFV2__CH_0003,131
aeff26a7e49bb8aaf375237c__PDFV2__CH_0004,122
aeff26a7e49bb8aaf375237c__PDFV2__CH_0005,144
aeff26a7e49bb8aaf375237c__PDFV2__CH_0006,135
aeff26a7e49bb8aaf375237c__PDFV2__CH_0007,121
aeff26a7e49bb8aaf375237c__PDFV2__CH_0008,103
aeff26a7e49bb8aaf375237c__PDFV2__CH_0009,141
aeff26a7e49bb8aaf375237c__PDFV2__CH_0010,145
aeff26a7e49bb8aaf375237c__PDFV2__CH_0011,100
aeff26a7e49bb8aaf375237c__PDFV2__CH_0012,95
af3cb9c7c48ca4cd989565ee__af3cb9c7c48ca4cd989565ee__SEG_0001__CH_001,94
af3cb9c7c48ca4cd989565ee__af3cb9c7c48ca4cd989565ee__SEG_0001__CH_002,96
af3cb9c7c48ca4cd989565ee__af3cb9c7c48ca4cd989565ee__SEG_0001__CH_003,78
af3cb9c7c48ca4cd989565ee__af3cb9c7c48ca4cd989565ee__SEG_0001__CH_005,135
af3cb9c7c48ca4cd989565ee__af3cb9c7c48ca4cd989565ee__SEG_0001__CH_006,152
af3cb9c7c48ca4cd989565ee__af3cb9c7c48ca4cd989565ee__SEG_0001__CH_007,114
af3cb9c7c48ca4cd989565ee__af3cb9c7c48ca4cd989565ee__SEG_0001__CH_008,128
af3cb9c7c48ca4cd989565ee__af3cb9c7c48ca4cd989565ee__SEG_0001__CH_009,133
af3cb9c7c48ca4cd989565ee__af3cb9c7c48ca4cd989565ee__SEG_0001__CH_010,112
af62b9795ee8200904125d47__af62b9795ee8200904125d47__SEG_0001__CH_002,97
af62b9795ee8200904125d47__af62b9795ee8200904125d47__SEG_0001__CH_003,110
af62b9795ee8200904125d47__af62b9795ee8200904125d47__SEG_0001__CH_004,112
af62b9795ee8200904125d47__af62b9795ee8200904125d47__SEG_0001__CH_005,151
af62b9795ee8200904125d47__af62b9795ee8200904125d47__SEG_0001__CH_006,205
af735943edc761eac5ed9aa8__af735943edc761eac5ed9aa8__SEG_0001__CH_001,127
af735943edc761eac5ed9aa8__af735943edc761eac5ed9aa8__SEG_0001__CH_002,125
af735943edc761eac5ed9aa8__af735943edc761eac5ed9aa8__SEG_0001__CH_003,161
af735943edc761eac5ed9aa8__af735943edc761eac5ed9aa8__SEG_0001__CH_004,136
af7d6672c159eaefa1fb9aaf__af7d6672c159eaefa1fb9aaf__SEG_0001__CH_001,104
afbcdb3cffd3814044a47565__afbcdb3cffd3814044a47565__SEG_0001__CH_002,137
afbcdb3cffd3814044a47565__afbcdb3cffd3814044a47565__SEG_0001__CH_003,130
afbcdb3cffd3814044a47565__afbcdb3cffd3814044a47565__SEG_0001__CH_004,133
afbcdb3cffd3814044a47565__afbcdb3cffd3814044a47565__SEG_0001__CH_005,89
afd14d3196d5ffdb01a8e5cf__afd14d3196d5ffdb01a8e5cf__SEG_0001__CH_001,86
afd14d3196d5ffdb01a8e5cf__afd14d3196d5ffdb01a8e5cf__SEG_0001__CH_002,79
b0312d3894d43358dc6c343b__b0312d3894d43358dc6c343b__SEG_0001__CH_001,91
b0312d3894d43358dc6c343b__b0312d3894d43358dc6c343b__SEG_0001__CH_002,113
b0312d3894d43358dc6c343b__b0312d3894d43358dc6c343b__SEG_0001__CH_003,96
b07a927b6fdaaf18bfdf18db__PDFV2__CH_0001__M,151
b07a927b6fdaaf18bfdf18db__PDFV2__CH_0003,111
b07a927b6fdaaf18bfdf18db__PDFV2__CH_0005,97
b07a927b6fdaaf18bfdf18db__PDFV2__CH_0009,119
b07a927b6fdaaf18bfdf18db__PDFV2__CH_0010,111
b0ab7c4e154777024db6ebcc__b0ab7c4e154777024db6ebcc__SEG_0001__CH_001,83
b0ae16bccb50fcb2cb1fceed__b0ae16bccb50fcb2cb1fceed__SEG_0001__CH_001,122
b0ae16bccb50fcb2cb1fceed__b0ae16bccb50fcb2cb1fceed__SEG_0001__CH_002,139
b1a7e99f680e68cb1d0184a9__b1a7e99f680e68cb1d0184a9__SEG_0001__CH_003,167
b1a7e99f680e68cb1d0184a9__b1a7e99f680e68cb1d0184a9__SEG_0001__CH_004,131
b1a7e99f680e68cb1d0184a9__b1a7e99f680e68cb1d0184a9__SEG_0001__CH_005,157
b1a7e99f680e68cb1d0184a9__b1a7e99f680e68cb1d0184a9__SEG_0001__CH_006,147
b1bd18762b768ffdf9bee130__PDFV2__CH_0001,120
b1bd18762b768ffdf9bee130__PDFV2__CH_0002,89
b1d261ada5892e2bcebb961d__PDFV2__CH_0001,104
b1d261ada5892e2bcebb961d__PDFV2__CH_0002,135
b1d261ada5892e2bcebb961d__PDFV2__CH_0003,113
b1d261ada5892e2bcebb961d__PDFV2__CH_0004,137
b1d261ada5892e2bcebb961d__PDFV2__CH_0005,143
b2987cf2a1329b84abcbe152__b2987cf2a1329b84abcbe152__SEG_0001__CH_002,103
b2987cf2a1329b84abcbe152__b2987cf2a1329b84abcbe152__SEG_0001__CH_003,144
b2987cf2a1329b84abcbe152__b2987cf2a1329b84abcbe152__SEG_0001__CH_004,196
b2987cf2a1329b84abcbe152__b2987cf2a1329b84abcbe152__SEG_0001__CH_005,112
b2aa2a6f8e21929688cdc377__PDFV2__CH_0001,79
b2aa2a6f8e21929688cdc377__PDFV2__CH_0002,109
b2aa2a6f8e21929688cdc377__PDFV2__CH_0003,104
b2aa2a6f8e21929688cdc377__PDFV2__CH_0004,83
b2aa2a6f8e21929688cdc377__PDFV2__CH_0005,89
b2aa2a6f8e21929688cdc377__PDFV2__CH_0006,87
b2aa2a6f8e21929688cdc377__PDFV2__CH_0007,83
b2aa2a6f8e21929688cdc377__PDFV2__CH_0008,94
b2aa2a6f8e21929688cdc377__PDFV2__CH_0009,101
b2aa2a6f8e21929688cdc377__PDFV2__CH_0010,81
b2aa2a6f8e21929688cdc377__PDFV2__CH_0013,146
b2aa2a6f8e21929688cdc377__PDFV2__CH_0014,124
b2aa2a6f8e21929688cdc377__PDFV2__CH_0015,126
b2aa2a6f8e21929688cdc377__PDFV2__CH_0016,102
b2aa2a6f8e21929688cdc377__PDFV2__CH_0017,117
b2ab9e21a228943ed87cd157__b2ab9e21a228943ed87cd157__SEG_0001__CH_001,114
b2ab9e21a228943ed87cd157__b2ab9e21a228943ed87cd157__SEG_0001__CH_002,150
b2ab9e21a228943ed87cd157__b2ab9e21a228943ed87cd157__SEG_0001__CH_003,134
b2b102686fa73683b00d8f93__b2b102686fa73683b00d8f93__SEG_0001__CH_001,95
b353150f1b71066b658f4ebd__b353150f1b71066b658f4ebd__SEG_0001__CH_001,108
b353150f1b71066b658f4ebd__b353150f1b71066b658f4ebd__SEG_0001__CH_002,137
b353150f1b71066b658f4ebd__b353150f1b71066b658f4ebd__SEG_0001__CH_003__S1,101
b353150f1b71066b658f4ebd__b353150f1b71066b658f4ebd__SEG_0001__CH_003__S2,133
b353150f1b71066b658f4ebd__b353150f1b71066b658f4ebd__SEG_0001__CH_003__S3,128
b353150f1b71066b658f4ebd__b353150f1b71066b658f4ebd__SEG_0001__CH_003__S4,122
b353150f1b71066b658f4ebd__b353150f1b71066b658f4ebd__SEG_0001__CH_004,177
b353150f1b71066b658f4ebd__b353150f1b71066b658f4ebd__SEG_0002__CH_001__S1,89
b353150f1b71066b658f4ebd__b353150f1b71066b658f4ebd__SEG_0002__CH_001__S2,167
b353150f1b71066b658f4ebd__b353150f1b71066b658f4ebd__SEG_0002__CH_001__S3,140
b353150f1b71066b658f4ebd__b353150f1b71066b658f4ebd__SEG_0003__CH_001,150
b353150f1b71066b658f4ebd__b353150f1b71066b658f4ebd__SEG_0003__CH_002,160
b36d00cf48bf8b124cee03e7__PDFV2__CH_0001,105
b36d00cf48bf8b124cee03e7__PDFV2__CH_0002,102
b36d00cf48bf8b124cee03e7__PDFV2__CH_0003,112
b36d00cf48bf8b124cee03e7__PDFV2__CH_0004,65
b39e63a7ef15036319461916__PDFV2__CH_0001,129
b39e63a7ef15036319461916__PDFV2__CH_0002,120
b39e63a7ef15036319461916__PDFV2__CH_0003,189
b39e63a7ef15036319461916__PDFV2__CH_0004,137
b39e63a7ef15036319461916__PDFV2__CH_0005,112
b39e63a7ef15036319461916__PDFV2__CH_0006,86
b39e63a7ef15036319461916__PDFV2__CH_0007,121
b39e63a7ef15036319461916__PDFV2__CH_0008,77
b39e63a7ef15036319461916__PDFV2__CH_0009,99
b39e63a7ef15036319461916__PDFV2__CH_0010,90
b39e63a7ef15036319461916__PDFV2__CH_0011,139
b39e63a7ef15036319461916__PDFV2__CH_0012,109
b3a0ee1b90f150de6e869fe3__PDFV2__CH_0004,84
b3aaf4f5b105fc11d5af7dde__b3aaf4f5b105fc11d5af7dde__SEG_0001__CH_002,105
b3aaf4f5b105fc11d5af7dde__b3aaf4f5b105fc11d5af7dde__SEG_0001__CH_003,75
b3aaf4f5b105fc11d5af7dde__b3aaf4f5b105fc11d5af7dde__SEG_0001__CH_005,152
b3af95ff75213a9a9e0eee9a__b3af95ff75213a9a9e0eee9a__SEG_0001__CH_001,103
b3af95ff75213a9a9e0eee9a__b3af95ff75213a9a9e0eee9a__SEG_0001__CH_002,78
b3b9571e9709926aa167a85a__b3b9571e9709926aa167a85a__SEG_0001__CH_001,108
b3b9571e9709926aa167a85a__b3b9571e9709926aa167a85a__SEG_0001__CH_002,110
b3cd842814413feedae1fc78__PDFV2__CH_0001,122
b3cd842814413feedae1fc78__PDFV2__CH_0002,146
b3cd842814413feedae1fc78__PDFV2__CH_0003,143
b3cd842814413feedae1fc78__PDFV2__CH_0004,94
b3cd842814413feedae1fc78__PDFV2__CH_0006,134
b3cd842814413feedae1fc78__PDFV2__CH_0007,95
b3cd842814413feedae1fc78__PDFV2__CH_0009,91
b43a28e5234c21006bb9f9f5__b43a28e5234c21006bb9f9f5__SEG_0001__CH_001,103
b45b7c470e3adf5d1d747d46__b45b7c470e3adf5d1d747d46__SEG_0001__CH_001,64
b48d9fa8ea76c3acad264568__b48d9fa8ea76c3acad264568__SEG_0001__CH_001,170
b4b710d8d5de48e2bfb4bd9d__b4b710d8d5de48e2bfb4bd9d__SEG_0001__CH_001,115
b4b710d8d5de48e2bfb4bd9d__b4b710d8d5de48e2bfb4bd9d__SEG_0001__CH_002,123
b4b710d8d5de48e2bfb4bd9d__b4b710d8d5de48e2bfb4bd9d__SEG_0001__CH_003,125
b50452ba58913c579030e490__b50452ba58913c579030e490__SEG_0001__CH_001,98
b50452ba58913c579030e490__b50452ba58913c579030e490__SEG_0001__CH_002,79
b507997c72874d40a532bfe7__b507997c72874d40a532bfe7__SEG_0001__CH_001,118
b507997c72874d40a532bfe7__b507997c72874d40a532bfe7__SEG_0001__CH_002,120
b554b8c25b2c23916eb0a84f__b554b8c25b2c23916eb0a84f__SEG_0001__CH_001,164
b554b8c25b2c23916eb0a84f__b554b8c25b2c23916eb0a84f__SEG_0001__CH_002,148
b554b8c25b2c23916eb0a84f__b554b8c25b2c23916eb0a84f__SEG_0001__CH_003,124
b554b8c25b2c23916eb0a84f__b554b8c25b2c23916eb0a84f__SEG_0001__CH_004,123
b554b8c25b2c23916eb0a84f__b554b8c25b2c23916eb0a84f__SEG_0002__CH_001,160
b554b8c25b2c23916eb0a84f__b554b8c25b2c23916eb0a84f__SEG_0002__CH_002,128
b574435c957f84a1232c7fd7__PDFV2__CH_0001,113
b574435c957f84a1232c7fd7__PDFV2__CH_0002,152
b66e34b5409ca721cd7e7cd9__b66e34b5409ca721cd7e7cd9__SEG_0001__CH_001,126
b66e34b5409ca721cd7e7cd9__b66e34b5409ca721cd7e7cd9__SEG_0001__CH_002,106
b66e34b5409ca721cd7e7cd9__b66e34b5409ca721cd7e7cd9__SEG_0001__CH_003,107
b68ea298e8741f802964589f__b68ea298e8741f802964589f__SEG_0001__CH_001,89
b68ea298e8741f802964589f__b68ea298e8741f802964589f__SEG_0001__CH_002,152
b68ea298e8741f802964589f__b68ea298e8741f802964589f__SEG_0002__CH_001,154
b68ea298e8741f802964589f__b68ea298e8741f802964589f__SEG_0002__CH_002,176
b68ea298e8741f802964589f__b68ea298e8741f802964589f__SEG_0002__CH_003,157
b68ea298e8741f802964589f__b68ea298e8741f802964589f__SEG_0003__CH_001,154
b68ea298e8741f802964589f__b68ea298e8741f802964589f__SEG_0003__CH_002,136
b68ea298e8741f802964589f__b68ea298e8741f802964589f__SEG_0004__CH_001,144
b68ea298e8741f802964589f__b68ea298e8741f802964589f__SEG_0004__CH_002,97
b68ea298e8741f802964589f__b68ea298e8741f802964589f__SEG_0004__CH_003,82
b6f73cbe540b795dbece0016__PDFV2__CH_0001,157
b6f73cbe540b795dbece0016__PDFV2__CH_0002,143
b6f73cbe540b795dbece0016__PDFV2__CH_0003,117
b6f73cbe540b795dbece0016__PDFV2__CH_0004,108
b6f73cbe540b795dbece0016__PDFV2__CH_0005,128
b6f73cbe540b795dbece0016__PDFV2__CH_0006,170
b71c45d0f86b80e17c671ca8__b71c45d0f86b80e17c671ca8__SEG_0001__CH_001,116
b7f6893a95b0550289119d34__PDFV2__CH_0001,97
b7f6893a95b0550289119d34__PDFV2__CH_0003,109
b7f6893a95b0550289119d34__PDFV2__CH_0004,132
b7f6893a95b0550289119d34__PDFV2__CH_0005,91
b7f6893a95b0550289119d34__PDFV2__CH_0006,125
b7f6893a95b0550289119d34__PDFV2__CH_0007,120
b7f6893a95b0550289119d34__PDFV2__CH_0008,117
b7f6893a95b0550289119d34__PDFV2__CH_0009,140
b7f6893a95b0550289119d34__PDFV2__CH_0010,125
b7f6893a95b0550289119d34__PDFV2__CH_0011,92
b7f6893a95b0550289119d34__PDFV2__CH_0012,95
b7f6893a95b0550289119d34__PDFV2__CH_0013,92
b7f6893a95b0550289119d34__PDFV2__CH_0014,81
b7f6893a95b0550289119d34__PDFV2__CH_0015,112
b7f6893a95b0550289119d34__PDFV2__CH_0016,86
b7f6893a95b0550289119d34__PDFV2__CH_0019,109
b7f6893a95b0550289119d34__PDFV2__CH_0020,106
b7f6893a95b0550289119d34__PDFV2__CH_0021,110
b7f6893a95b0550289119d34__PDFV2__CH_0022,102
b7f6893a95b0550289119d34__PDFV2__CH_0023,120
b7f6893a95b0550289119d34__PDFV2__CH_0024,115
b7f6893a95b0550289119d34__PDFV2__CH_0025,120
b7f6893a95b0550289119d34__PDFV2__CH_0026,68
b7f6893a95b0550289119d34__PDFV2__CH_0027,131
b7f6893a95b0550289119d34__PDFV2__CH_0028,110
b7f6893a95b0550289119d34__PDFV2__CH_0029,122
b7f6893a95b0550289119d34__PDFV2__CH_0030,119
b7f6893a95b0550289119d34__PDFV2__CH_0031,131
b7f6893a95b0550289119d34__PDFV2__CH_0032,115
b7f6893a95b0550289119d34__PDFV2__CH_0033,115
b7f6893a95b0550289119d34__PDFV2__CH_0034,111
b7f6893a95b0550289119d34__PDFV2__CH_0035,153
b7f6893a95b0550289119d34__PDFV2__CH_0036,106
b7f6893a95b0550289119d34__PDFV2__CH_0037,105
b7f6893a95b0550289119d34__PDFV2__CH_0038,129
b7f6893a95b0550289119d34__PDFV2__CH_0039,150
b7f6893a95b0550289119d34__PDFV2__CH_0040,101
b8011fe282130190f3d6adfe__b8011fe282130190f3d6adfe__SEG_0001__CH_001,95
b8011fe282130190f3d6adfe__b8011fe282130190f3d6adfe__SEG_0001__CH_002,91
b8011fe282130190f3d6adfe__b8011fe282130190f3d6adfe__SEG_0001__CH_003,85
b8011fe282130190f3d6adfe__b8011fe282130190f3d6adfe__SEG_0001__CH_004,151
b8011fe282130190f3d6adfe__b8011fe282130190f3d6adfe__SEG_0001__CH_005,131
b85321d333e3f9b85ffe3ca8__PDFV2__CH_0001,109
b85321d333e3f9b85ffe3ca8__PDFV2__CH_0002,100
b85321d333e3f9b85ffe3ca8__PDFV2__CH_0003,102
b85321d333e3f9b85ffe3ca8__PDFV2__CH_0004,91
b85321d333e3f9b85ffe3ca8__PDFV2__CH_0005,120
b85321d333e3f9b85ffe3ca8__PDFV2__CH_0006,109
b85321d333e3f9b85ffe3ca8__PDFV2__CH_0007,148
b85321d333e3f9b85ffe3ca8__PDFV2__CH_0008,120
b85321d333e3f9b85ffe3ca8__PDFV2__CH_0009,132
b85321d333e3f9b85ffe3ca8__PDFV2__CH_0010,102
b85321d333e3f9b85ffe3ca8__PDFV2__CH_0011,168
b85321d333e3f9b85ffe3ca8__PDFV2__CH_0012,130
b85321d333e3f9b85ffe3ca8__PDFV2__CH_0013,149
b85321d333e3f9b85ffe3ca8__PDFV2__CH_0014,134
b87ba2bec54f905f49e4f171__PDFV2__CH_0001,118
b87ba2bec54f905f49e4f171__PDFV2__CH_0002,135
b87ba2bec54f905f49e4f171__PDFV2__CH_0003,146
b87ba2bec54f905f49e4f171__PDFV2__CH_0004,118
b87ba2bec54f905f49e4f171__PDFV2__CH_0005__M,130
b87ba2bec54f905f49e4f171__PDFV2__CH_0007,124
b912da6cbd604a2d66c9ad05__b912da6cbd604a2d66c9ad05__SEG_0001__CH_001,162
b912da6cbd604a2d66c9ad05__b912da6cbd604a2d66c9ad05__SEG_0001__CH_002,136
b91988106820a9af4ce84bde__b91988106820a9af4ce84bde__SEG_0001__CH_001,105
b91988106820a9af4ce84bde__b91988106820a9af4ce84bde__SEG_0001__CH_002,87
b93467f2c174ae24d6bf8361__b93467f2c174ae24d6bf8361__SEG_0001__CH_001,82
b9d63602421706172c5d851e__b9d63602421706172c5d851e__SEG_0001__CH_001,80
b9d63602421706172c5d851e__b9d63602421706172c5d851e__SEG_0001__CH_002,97
b9e80db9bdaa8c902af69d91__PDFV2__CH_0005,126
b9e80db9bdaa8c902af69d91__PDFV2__CH_0008,85
b9e80db9bdaa8c902af69d91__PDFV2__CH_0010,154
b9e80db9bdaa8c902af69d91__PDFV2__CH_0011,88
b9e80db9bdaa8c902af69d91__PDFV2__CH_0012,89
b9e80db9bdaa8c902af69d91__PDFV2__CH_0014,87
b9e80db9bdaa8c902af69d91__PDFV2__CH_0017,98
b9e80db9bdaa8c902af69d91__PDFV2__CH_0020,108
b9e80db9bdaa8c902af69d91__PDFV2__CH_0021,123
b9e80db9bdaa8c902af69d91__PDFV2__CH_0022,110
ba3514eef69ea1d70799d9a9__ba3514eef69ea1d70799d9a9__SEG_0001__CH_002,103
ba3514eef69ea1d70799d9a9__ba3514eef69ea1d70799d9a9__SEG_0001__CH_005,142
ba3514eef69ea1d70799d9a9__ba3514eef69ea1d70799d9a9__SEG_0001__CH_006,133
ba3514eef69ea1d70799d9a9__ba3514eef69ea1d70799d9a9__SEG_0001__CH_007,116
ba3514eef69ea1d70799d9a9__ba3514eef69ea1d70799d9a9__SEG_0001__CH_008,139
ba3514eef69ea1d70799d9a9__ba3514eef69ea1d70799d9a9__SEG_0001__CH_009,98
ba5eb7a51404651e34e1ec75__ba5eb7a51404651e34e1ec75__SEG_0001__CH_001,87
ba5eb7a51404651e34e1ec75__ba5eb7a51404651e34e1ec75__SEG_0001__CH_002,89
ba5eb7a51404651e34e1ec75__ba5eb7a51404651e34e1ec75__SEG_0001__CH_003,98
ba8e99908cba2166759ae6a4__ba8e99908cba2166759ae6a4__SEG_0001__CH_001,139
ba8e99908cba2166759ae6a4__ba8e99908cba2166759ae6a4__SEG_0001__CH_002,111
ba8e99908cba2166759ae6a4__ba8e99908cba2166759ae6a4__SEG_0001__CH_003,110
badb46ca816c39bdfbb47df7__badb46ca816c39bdfbb47df7__SEG_0001__CH_002,76
badb46ca816c39bdfbb47df7__badb46ca816c39bdfbb47df7__SEG_0001__CH_003,131
bb36a57708e3a4d7dde64a65__bb36a57708e3a4d7dde64a65__SEG_0001__CH_001,95
bb477439c82f1e0bdb859ab5__bb477439c82f1e0bdb859ab5__SEG_0001__CH_001,87
bb9c829e1d1513a12ac678f1__bb9c829e1d1513a12ac678f1__SEG_0001__CH_002,89
bb9e3cbbe19ceea2f02686e7__bb9e3cbbe19ceea2f02686e7__SEG_0001__CH_002,100
bb9e3cbbe19ceea2f02686e7__bb9e3cbbe19ceea2f02686e7__SEG_0001__CH_004,120
bb9e3cbbe19ceea2f02686e7__bb9e3cbbe19ceea2f02686e7__SEG_0001__CH_005,131
bbc77a7388fa5636ae1083bc__bbc77a7388fa5636ae1083bc__SEG_0001__CH_001,122
bbc77a7388fa5636ae1083bc__bbc77a7388fa5636ae1083bc__SEG_0001__CH_002,129
bbc77a7388fa5636ae1083bc__bbc77a7388fa5636ae1083bc__SEG_0001__CH_003,116
bbd7de8435c3dcd13e47b50a__bbd7de8435c3dcd13e47b50a__SEG_0001__CH_001,107
bbd7de8435c3dcd13e47b50a__bbd7de8435c3dcd13e47b50a__SEG_0001__CH_002,99
bbeea340f811ed38e36d779d__bbeea340f811ed38e36d779d__SEG_0001__CH_001,128
bbf19afae917bf51b1ce0617__bbf19afae917bf51b1ce0617__SEG_0001__CH_001,129
bbfd96135237aed2c6d51c45__bbfd96135237aed2c6d51c45__SEG_0001__CH_001,106
bbfd96135237aed2c6d51c45__bbfd96135237aed2c6d51c45__SEG_0001__CH_002,108
bbfd96135237aed2c6d51c45__bbfd96135237aed2c6d51c45__SEG_0001__CH_003,124
bbfd96135237aed2c6d51c45__bbfd96135237aed2c6d51c45__SEG_0001__CH_004,131
bc1b60b0e18e48503bd4b024__bc1b60b0e18e48503bd4b024__SEG_0001__CH_001,69
bc44d6456a37bf37dbff0b38__bc44d6456a37bf37dbff0b38__SEG_0001__CH_001,118
bc44d6456a37bf37dbff0b38__bc44d6456a37bf37dbff0b38__SEG_0002__CH_001,98
bc44d6456a37bf37dbff0b38__bc44d6456a37bf37dbff0b38__SEG_0002__CH_002,115
bc44d6456a37bf37dbff0b38__bc44d6456a37bf37dbff0b38__SEG_0002__CH_003,173
bc44d6456a37bf37dbff0b38__bc44d6456a37bf37dbff0b38__SEG_0002__CH_004,153
bc44d6456a37bf37dbff0b38__bc44d6456a37bf37dbff0b38__SEG_0002__CH_005,144
bc44d6456a37bf37dbff0b38__bc44d6456a37bf37dbff0b38__SEG_0002__CH_006,128
bc4c5dbd9dfdd2a0465693a6__bc4c5dbd9dfdd2a0465693a6__SEG_0001__CH_001,103
bc58bf990ef00398a2b6617b__bc58bf990ef00398a2b6617b__SEG_0001__CH_001,96
bc58bf990ef00398a2b6617b__bc58bf990ef00398a2b6617b__SEG_0001__CH_002,99
bc58bf990ef00398a2b6617b__bc58bf990ef00398a2b6617b__SEG_0001__CH_003,169
bc58bf990ef00398a2b6617b__bc58bf990ef00398a2b6617b__SEG_0001__CH_004,126
bc58bf990ef00398a2b6617b__bc58bf990ef00398a2b6617b__SEG_0001__CH_005,138
bc58bf990ef00398a2b6617b__bc58bf990ef00398a2b6617b__SEG_0001__CH_006,115
bc76fce34cd80a45c53468e4__PDFV2__CH_0006,148
bc76fce34cd80a45c53468e4__PDFV2__CH_0018,96
bc76fce34cd80a45c53468e4__PDFV2__CH_0019,154
bc76fce34cd80a45c53468e4__PDFV2__CH_0020,123
bc76fce34cd80a45c53468e4__PDFV2__CH_0021,123
bcbe16d1aa9f82de76318de3__bcbe16d1aa9f82de76318de3__SEG_0001__CH_001,103
bcfdda302b248dea10fae453__bcfdda302b248dea10fae453__SEG_0001__CH_005,205
bcfdda302b248dea10fae453__bcfdda302b248dea10fae453__SEG_0001__CH_006,128
bd02eb12dcaccff04b226fa3__bd02eb12dcaccff04b226fa3__SEG_0001__CH_001,113
bd0683f42ac2f601cae63f5f__bd0683f42ac2f601cae63f5f__SEG_0001__CH_001,111
bd0f790f789ef691baf61727__bd0f790f789ef691baf61727__SEG_0001__CH_001,74
bd0f790f789ef691baf61727__bd0f790f789ef691baf61727__SEG_0001__CH_002,82
bd98a130648245e72418eafa__bd98a130648245e72418eafa__SEG_0001__CH_001,119
bd98a130648245e72418eafa__bd98a130648245e72418eafa__SEG_0001__CH_002,119
bd98a130648245e72418eafa__bd98a130648245e72418eafa__SEG_0001__CH_003,174
bd98a130648245e72418eafa__bd98a130648245e72418eafa__SEG_0001__CH_004,132
bd9db6fd672959efafe0c81c__bd9db6fd672959efafe0c81c__SEG_0001__CH_001,96
bd9db6fd672959efafe0c81c__bd9db6fd672959efafe0c81c__SEG_0001__CH_002,103
bd9db6fd672959efafe0c81c__bd9db6fd672959efafe0c81c__SEG_0001__CH_003,135
bda311dddf13d236d4a5ed6b__bda311dddf13d236d4a5ed6b__SEG_0001__CH_001,82
bdbb0e36cf30c73b52275da5__PDFV2__CH_0001,111
bdbb0e36cf30c73b52275da5__PDFV2__CH_0002,162
bdbb0e36cf30c73b52275da5__PDFV2__CH_0003,146
bdbb0e36cf30c73b52275da5__PDFV2__CH_0004,131
bdbb0e36cf30c73b52275da5__PDFV2__CH_0005,135
bdbb0e36cf30c73b52275da5__PDFV2__CH_0006,129
bdbb0e36cf30c73b52275da5__PDFV2__CH_0007__M,164
bdbb0e36cf30c73b52275da5__PDFV2__CH_0009,136
bdbb0e36cf30c73b52275da5__PDFV2__CH_0010,137
bdbb0e36cf30c73b52275da5__PDFV2__CH_0012,143
bdbb0e36cf30c73b52275da5__PDFV2__CH_0013,109
bdbb0e36cf30c73b52275da5__PDFV2__CH_0014,136
bdbb0e36cf30c73b52275da5__PDFV2__CH_0015,134
bdbb0e36cf30c73b52275da5__PDFV2__CH_0016,120
bdbb0e36cf30c73b52275da5__PDFV2__CH_0017,150
bdbb0e36cf30c73b52275da5__PDFV2__CH_0018,118
bdbb0e36cf30c73b52275da5__PDFV2__CH_0019,123
bdbb0e36cf30c73b52275da5__PDFV2__CH_0020,140
bdbb0e36cf30c73b52275da5__PDFV2__CH_0021,109
bdbb0e36cf30c73b52275da5__PDFV2__CH_0022,112
bdbb0e36cf30c73b52275da5__PDFV2__CH_0023,134
bdbb0e36cf30c73b52275da5__PDFV2__CH_0024,86
be0de55bfa3e8042a42a3f3f__be0de55bfa3e8042a42a3f3f__SEG_0001__CH_003,185
be0de55bfa3e8042a42a3f3f__be0de55bfa3e8042a42a3f3f__SEG_0001__CH_004,203
be0de55bfa3e8042a42a3f3f__be0de55bfa3e8042a42a3f3f__SEG_0001__CH_005,181
be0de55bfa3e8042a42a3f3f__be0de55bfa3e8042a42a3f3f__SEG_0001__CH_006,90
be1e556eda431bf7320bd312__PDFV2__CH_0001,99
be1e556eda431bf7320bd312__PDFV2__CH_0002,133
be1e556eda431bf7320bd312__PDFV2__CH_0003,147
be1e556eda431bf7320bd312__PDFV2__CH_0004,119
be1e556eda431bf7320bd312__PDFV2__CH_0005,126
be1e556eda431bf7320bd312__PDFV2__CH_0006,164
be1e556eda431bf7320bd312__PDFV2__CH_0007,88
be1e556eda431bf7320bd312__PDFV2__CH_0008,121
be1e556eda431bf7320bd312__PDFV2__CH_0009,114
be1e556eda431bf7320bd312__PDFV2__CH_0010,103
be1e556eda431bf7320bd312__PDFV2__CH_0011,130
be1e556eda431bf7320bd312__PDFV2__CH_0012,127
be1e556eda431bf7320bd312__PDFV2__CH_0013,68
be1e556eda431bf7320bd312__PDFV2__CH_0014,135
be1e556eda431bf7320bd312__PDFV2__CH_0015,127
be1e556eda431bf7320bd312__PDFV2__CH_0016,121
be1e556eda431bf7320bd312__PDFV2__CH_0017,130
be1e556eda431bf7320bd312__PDFV2__CH_0018,103
be1e556eda431bf7320bd312__PDFV2__CH_0019,110
be1e556eda431bf7320bd312__PDFV2__CH_0020,115
be1e556eda431bf7320bd312__PDFV2__CH_0021,103
be1e556eda431bf7320bd312__PDFV2__CH_0022,126
be1e556eda431bf7320bd312__PDFV2__CH_0023,136
be1e556eda431bf7320bd312__PDFV2__CH_0024,162
be1e556eda431bf7320bd312__PDFV2__CH_0025,142
be1e556eda431bf7320bd312__PDFV2__CH_0026,113
be1e556eda431bf7320bd312__PDFV2__CH_0027,142
be1e556eda431bf7320bd312__PDFV2__CH_0028__M,138
be1e556eda431bf7320bd312__PDFV2__CH_0030,103
be1e556eda431bf7320bd312__PDFV2__CH_0031,110
be1e556eda431bf7320bd312__PDFV2__CH_0033,99
be1e556eda431bf7320bd312__PDFV2__CH_0034,117
be1e556eda431bf7320bd312__PDFV2__CH_0035,110
be1e556eda431bf7320bd312__PDFV2__CH_0036,152
be1e556eda431bf7320bd312__PDFV2__CH_0037,156
be1e556eda431bf7320bd312__PDFV2__CH_0038,111
be1e556eda431bf7320bd312__PDFV2__CH_0039,130
be1e556eda431bf7320bd312__PDFV2__CH_0040,137
be29cabf9909da1e14f8e47d__be29cabf9909da1e14f8e47d__SEG_0001__CH_002,152
be29cabf9909da1e14f8e47d__be29cabf9909da1e14f8e47d__SEG_0001__CH_003,133
be29cabf9909da1e14f8e47d__be29cabf9909da1e14f8e47d__SEG_0002__CH_001,119
be29cabf9909da1e14f8e47d__be29cabf9909da1e14f8e47d__SEG_0002__CH_002,126
be3abaf48bfed2948353047a__be3abaf48bfed2948353047a__SEG_0001__CH_001,98
be8fa49624cc37f0853029b6__be8fa49624cc37f0853029b6__SEG_0001__CH_001,78
bec0a5f0ef0b300f05991758__bec0a5f0ef0b300f05991758__SEG_0001__CH_001,159
bec0a5f0ef0b300f05991758__bec0a5f0ef0b300f05991758__SEG_0001__CH_002,169
bf11a9e49976a60792adccfb__PDFV2__CH_0001,122
bf11a9e49976a60792adccfb__PDFV2__CH_0002,110
bf11a9e49976a60792adccfb__PDFV2__CH_0003,87
bf11a9e49976a60792adccfb__PDFV2__CH_0004,141
bf11a9e49976a60792adccfb__PDFV2__CH_0005,72
bf11a9e49976a60792adccfb__PDFV2__CH_0007,93
bf11a9e49976a60792adccfb__PDFV2__CH_0008,71
bf11a9e49976a60792adccfb__PDFV2__CH_0009,70
bf9de3dfe887d46de90c060a__bf9de3dfe887d46de90c060a__SEG_0001__CH_001,101
bfab6abebcd1c6324162ec0d__PDFV2__CH_0001,82
bfab6abebcd1c6324162ec0d__PDFV2__CH_0002,112
bfab6abebcd1c6324162ec0d__PDFV2__CH_0003,143
bfab6abebcd1c6324162ec0d__PDFV2__CH_0004,132
bfaeed58134d26bdbe3e4f3d__PDFV2__CH_0001__M,127
bfaeed58134d26bdbe3e4f3d__PDFV2__CH_0003,134
bfaeed58134d26bdbe3e4f3d__PDFV2__CH_0004,164
bfaeed58134d26bdbe3e4f3d__PDFV2__CH_0005,259
bfaeed58134d26bdbe3e4f3d__PDFV2__CH_0006,137
bfaeed58134d26bdbe3e4f3d__PDFV2__CH_0007,135
bfaeed58134d26bdbe3e4f3d__PDFV2__CH_0008,155
bfaeed58134d26bdbe3e4f3d__PDFV2__CH_0009,147
bfaeed58134d26bdbe3e4f3d__PDFV2__CH_0010,150
bfaeed58134d26bdbe3e4f3d__PDFV2__CH_0011,147
bfaeed58134d26bdbe3e4f3d__PDFV2__CH_0012,67
bfaeed58134d26bdbe3e4f3d__PDFV2__CH_0013,108
bfaeed58134d26bdbe3e4f3d__PDFV2__CH_0014,130
bfaeed58134d26bdbe3e4f3d__PDFV2__CH_0015,133
bfaeed58134d26bdbe3e4f3d__PDFV2__CH_0016,112
bfaeed58134d26bdbe3e4f3d__PDFV2__CH_0017,99
bfaeed58134d26bdbe3e4f3d__PDFV2__CH_0018,117
bfaeed58134d26bdbe3e4f3d__PDFV2__CH_0019,129
bfaeed58134d26bdbe3e4f3d__PDFV2__CH_0020,136
bfaeed58134d26bdbe3e4f3d__PDFV2__CH_0022__M,125
bfaeed58134d26bdbe3e4f3d__PDFV2__CH_0024,112
bfaeed58134d26bdbe3e4f3d__PDFV2__CH_0026,153
bfaeed58134d26bdbe3e4f3d__PDFV2__CH_0027,92
bfaeed58134d26bdbe3e4f3d__PDFV2__CH_0029,123
bfaeed58134d26bdbe3e4f3d__PDFV2__CH_0030,110
bfaeed58134d26bdbe3e4f3d__PDFV2__CH_0031,106
bfaeed58134d26bdbe3e4f3d__PDFV2__CH_0032,161
bfaeed58134d26bdbe3e4f3d__PDFV2__CH_0033,140
bfaeed58134d26bdbe3e4f3d__PDFV2__CH_0034,141
bfaeed58134d26bdbe3e4f3d__PDFV2__CH_0035,100
bfaeed58134d26bdbe3e4f3d__PDFV2__CH_0036,98
bfaeed58134d26bdbe3e4f3d__PDFV2__CH_0037,147
bfaeed58134d26bdbe3e4f3d__PDFV2__CH_0038,148
bfaeed58134d26bdbe3e4f3d__PDFV2__CH_0039,141
bfaeed58134d26bdbe3e4f3d__PDFV2__CH_0041,146
bfaeed58134d26bdbe3e4f3d__PDFV2__CH_0042,165
bfaeed58134d26bdbe3e4f3d__PDFV2__CH_0043,222
c013e17be4c9e69e4c33b9d5__c013e17be4c9e69e4c33b9d5__SEG_0001__CH_002,89
c0395066e3e6297abf6c9a9e__PDFV2__CH_0001,95
c0395066e3e6297abf6c9a9e__PDFV2__CH_0002,113
c0395066e3e6297abf6c9a9e__PDFV2__CH_0003,114
c0395066e3e6297abf6c9a9e__PDFV2__CH_0004,106
c0395066e3e6297abf6c9a9e__PDFV2__CH_0005,179
c0395066e3e6297abf6c9a9e__PDFV2__CH_0006,122
c0395066e3e6297abf6c9a9e__PDFV2__CH_0007,100
c0395066e3e6297abf6c9a9e__PDFV2__CH_0008,130
c0395066e3e6297abf6c9a9e__PDFV2__CH_0009,156
c0395066e3e6297abf6c9a9e__PDFV2__CH_0011,145
c0395066e3e6297abf6c9a9e__PDFV2__CH_0012,115
c0395066e3e6297abf6c9a9e__PDFV2__CH_0013,127
c0395066e3e6297abf6c9a9e__PDFV2__CH_0014,95
c0395066e3e6297abf6c9a9e__PDFV2__CH_0015,113
c0395066e3e6297abf6c9a9e__PDFV2__CH_0016,120
c0395066e3e6297abf6c9a9e__PDFV2__CH_0017,147
c0395066e3e6297abf6c9a9e__PDFV2__CH_0018,113
c0395066e3e6297abf6c9a9e__PDFV2__CH_0019,132
c0395066e3e6297abf6c9a9e__PDFV2__CH_0020,150
c0395066e3e6297abf6c9a9e__PDFV2__CH_0021,126
c0395066e3e6297abf6c9a9e__PDFV2__CH_0022,120
c0395066e3e6297abf6c9a9e__PDFV2__CH_0023,134
c0395066e3e6297abf6c9a9e__PDFV2__CH_0024,102
c0395066e3e6297abf6c9a9e__PDFV2__CH_0026,77
c0c26f82b891b0197f6a86c9__c0c26f82b891b0197f6a86c9__SEG_0001__CH_001,145
c0c26f82b891b0197f6a86c9__c0c26f82b891b0197f6a86c9__SEG_0001__CH_002,130
c0c26f82b891b0197f6a86c9__c0c26f82b891b0197f6a86c9__SEG_0001__CH_003,179
c0c26f82b891b0197f6a86c9__c0c26f82b891b0197f6a86c9__SEG_0001__CH_004,128
c0c26f82b891b0197f6a86c9__c0c26f82b891b0197f6a86c9__SEG_0001__CH_005,82
c0fd351ff68cbb4ea2d3ebcd__c0fd351ff68cbb4ea2d3ebcd__SEG_0001__CH_002,122
c15bb03dc82f0e4f8a23c807__c15bb03dc82f0e4f8a23c807__SEG_0001__CH_001,100
c15bb03dc82f0e4f8a23c807__c15bb03dc82f0e4f8a23c807__SEG_0001__CH_002,97
c15bb03dc82f0e4f8a23c807__c15bb03dc82f0e4f8a23c807__SEG_0001__CH_003,109
c15bb03dc82f0e4f8a23c807__c15bb03dc82f0e4f8a23c807__SEG_0001__CH_004__M,131
c15bb03dc82f0e4f8a23c807__c15bb03dc82f0e4f8a23c807__SEG_0001__CH_006,125
c15bb03dc82f0e4f8a23c807__c15bb03dc82f0e4f8a23c807__SEG_0001__CH_007,118
c15bb03dc82f0e4f8a23c807__c15bb03dc82f0e4f8a23c807__SEG_0001__CH_008,106
c15bb03dc82f0e4f8a23c807__c15bb03dc82f0e4f8a23c807__SEG_0001__CH_009,97
c15bb03dc82f0e4f8a23c807__c15bb03dc82f0e4f8a23c807__SEG_0001__CH_010,121
c15bb03dc82f0e4f8a23c807__c15bb03dc82f0e4f8a23c807__SEG_0001__CH_011,96
c15bb03dc82f0e4f8a23c807__c15bb03dc82f0e4f8a23c807__SEG_0002__CH_001,89
c15bb03dc82f0e4f8a23c807__c15bb03dc82f0e4f8a23c807__SEG_0002__CH_002,88
c15bb03dc82f0e4f8a23c807__c15bb03dc82f0e4f8a23c807__SEG_0002__CH_003,77
c2167298e3d6ae4025d08b8e__c2167298e3d6ae4025d08b8e__SEG_0001__CH_001,138
c236a700d17300e2eb017b8f__c236a700d17300e2eb017b8f__SEG_0001__CH_001,167
c236a700d17300e2eb017b8f__c236a700d17300e2eb017b8f__SEG_0001__CH_002,197
c2a80d517e617edbf0128961__c2a80d517e617edbf0128961__SEG_0001__CH_001,150
c2c022d9f4b021b9a85c378a__c2c022d9f4b021b9a85c378a__SEG_0001__CH_002,115
c2c022d9f4b021b9a85c378a__c2c022d9f4b021b9a85c378a__SEG_0001__CH_003,107
c2c022d9f4b021b9a85c378a__c2c022d9f4b021b9a85c378a__SEG_0001__CH_004,131
c2d53ee70dfbe06bab367c1a__c2d53ee70dfbe06bab367c1a__SEG_0001__CH_001,95
c2d53ee70dfbe06bab367c1a__c2d53ee70dfbe06bab367c1a__SEG_0001__CH_002,82
c317fa690016caa011d22903__c317fa690016caa011d22903__SEG_0001__CH_001,133
c33570a3ff034817e7b1ee73__c33570a3ff034817e7b1ee73__SEG_0001__CH_001,141
c33e3c3ea2abe3f17873252b__c33e3c3ea2abe3f17873252b__SEG_0001__CH_001,106
c35498efe38e6c659e035252__c35498efe38e6c659e035252__SEG_0001__CH_001,110
c35498efe38e6c659e035252__c35498efe38e6c659e035252__SEG_0001__CH_002,126
c35498efe38e6c659e035252__c35498efe38e6c659e035252__SEG_0001__CH_003,152
c35498efe38e6c659e035252__c35498efe38e6c659e035252__SEG_0001__CH_004,125
c35498efe38e6c659e035252__c35498efe38e6c659e035252__SEG_0002__CH_001,123
c41b1f274887f1e37fe00580__c41b1f274887f1e37fe00580__SEG_0001__CH_001,92
c41b1f274887f1e37fe00580__c41b1f274887f1e37fe00580__SEG_0001__CH_002,129
c41b1f274887f1e37fe00580__c41b1f274887f1e37fe00580__SEG_0001__CH_003,160
c41b1f274887f1e37fe00580__c41b1f274887f1e37fe00580__SEG_0001__CH_004,95
c41b1f274887f1e37fe00580__c41b1f274887f1e37fe00580__SEG_0001__CH_005,134
c41b1f274887f1e37fe00580__c41b1f274887f1e37fe00580__SEG_0001__CH_006,111
c41b1f274887f1e37fe00580__c41b1f274887f1e37fe00580__SEG_0001__CH_007,151
c4212b817d32b073ffc4a09d__c4212b817d32b073ffc4a09d__SEG_0001__CH_001,84
c4212b817d32b073ffc4a09d__c4212b817d32b073ffc4a09d__SEG_0001__CH_003,114
c4212b817d32b073ffc4a09d__c4212b817d32b073ffc4a09d__SEG_0001__CH_004,158
c4212b817d32b073ffc4a09d__c4212b817d32b073ffc4a09d__SEG_0001__CH_005,99
c4212b817d32b073ffc4a09d__c4212b817d32b073ffc4a09d__SEG_0001__CH_006,159
c43a8766ec240b30330a8bf5__c43a8766ec240b30330a8bf5__SEG_0001__CH_002,131
c43a8766ec240b30330a8bf5__c43a8766ec240b30330a8bf5__SEG_0001__CH_003,84
c4722ff315542688ba9d6620__c4722ff315542688ba9d6620__SEG_0001__CH_001,120
c4ab571924e66f9724da23ff__c4ab571924e66f9724da23ff__SEG_0001__CH_001,132
c4ae70dd87fec985c4f7a836__c4ae70dd87fec985c4f7a836__SEG_0001__CH_001,127
c4e5ca64fde5ef6499664a1c__c4e5ca64fde5ef6499664a1c__SEG_0001__CH_001,128
c4e5ca64fde5ef6499664a1c__c4e5ca64fde5ef6499664a1c__SEG_0001__CH_002,150
c4e5ca64fde5ef6499664a1c__c4e5ca64fde5ef6499664a1c__SEG_0001__CH_003,139
c4e5ca64fde5ef6499664a1c__c4e5ca64fde5ef6499664a1c__SEG_0002__CH_001,131
c4f10b54c52c4973207a3dba__c4f10b54c52c4973207a3dba__SEG_0001__CH_001,75
c53b469f712d2c1004db00ea__c53b469f712d2c1004db00ea__SEG_0001__CH_001,123
c53b469f712d2c1004db00ea__c53b469f712d2c1004db00ea__SEG_0001__CH_002,161
c55059323528171b1cff3a42__c55059323528171b1cff3a42__SEG_0001__CH_001,118
c5d155704c13e54971689abc__c5d155704c13e54971689abc__SEG_0001__CH_001,126
c5d155704c13e54971689abc__c5d155704c13e54971689abc__SEG_0001__CH_002,118
c60160a56bd1aa5b952d19ea__c60160a56bd1aa5b952d19ea__SEG_0001__CH_001,105
c65df5ba1035a2cdf5a31203__c65df5ba1035a2cdf5a31203__SEG_0001__CH_001,92
c65df5ba1035a2cdf5a31203__c65df5ba1035a2cdf5a31203__SEG_0001__CH_002,106
c67d51cbbdca2e93194617ce__c67d51cbbdca2e93194617ce__SEG_0001__CH_001,142
c67d51cbbdca2e93194617ce__c67d51cbbdca2e93194617ce__SEG_0001__CH_002,173
c69b5f915811a2c02af63f09__PDFV2__CH_0001,104
c69b5f915811a2c02af63f09__PDFV2__CH_0002,97
c69b5f915811a2c02af63f09__PDFV2__CH_0003,118
c69b5f915811a2c02af63f09__PDFV2__CH_0004,93
c69b5f915811a2c02af63f09__PDFV2__CH_0005,108
c69b5f915811a2c02af63f09__PDFV2__CH_0006,149
c69b5f915811a2c02af63f09__PDFV2__CH_0007,184
c69b5f915811a2c02af63f09__PDFV2__CH_0009,123
c69b5f915811a2c02af63f09__PDFV2__CH_0010,111
c69b5f915811a2c02af63f09__PDFV2__CH_0011,91
c69b5f915811a2c02af63f09__PDFV2__CH_0012,122
c69b5f915811a2c02af63f09__PDFV2__CH_0013,122
c69b5f915811a2c02af63f09__PDFV2__CH_0014,107
c69b5f915811a2c02af63f09__PDFV2__CH_0015,116
c69b5f915811a2c02af63f09__PDFV2__CH_0016,106
c69b5f915811a2c02af63f09__PDFV2__CH_0017,135
c69b5f915811a2c02af63f09__PDFV2__CH_0018,133
c69b5f915811a2c02af63f09__PDFV2__CH_0019,129
c69b5f915811a2c02af63f09__PDFV2__CH_0020,118
c69b5f915811a2c02af63f09__PDFV2__CH_0021__M,117
c69b5f915811a2c02af63f09__PDFV2__CH_0023,134
c69b5f915811a2c02af63f09__PDFV2__CH_0024,100
c69b5f915811a2c02af63f09__PDFV2__CH_0025,137
c69b5f915811a2c02af63f09__PDFV2__CH_0026,173
c69b5f915811a2c02af63f09__PDFV2__CH_0027,114
c77c147ed529d31ae546f56b__c77c147ed529d31ae546f56b__SEG_0001__CH_003,102
c77ecd8d57a17f91049d6710__c77ecd8d57a17f91049d6710__SEG_0001__CH_001,109
c77ecd8d57a17f91049d6710__c77ecd8d57a17f91049d6710__SEG_0001__CH_002,76
c77ecd8d57a17f91049d6710__c77ecd8d57a17f91049d6710__SEG_0001__CH_003,145
c78eb2c2eaee3c25ada6eddc__c78eb2c2eaee3c25ada6eddc__SEG_0001__CH_001,193
c78eb2c2eaee3c25ada6eddc__c78eb2c2eaee3c25ada6eddc__SEG_0001__CH_002,218
c78eb2c2eaee3c25ada6eddc__c78eb2c2eaee3c25ada6eddc__SEG_0001__CH_003,126
c79de62dc7bbb1d67bdcda39__PDFV2__CH_0001,109
c7c53f17217d364a9dab2927__PDFV2__CH_0001,109
c7c53f17217d364a9dab2927__PDFV2__CH_0002,124
c7c53f17217d364a9dab2927__PDFV2__CH_0003,127
c7c53f17217d364a9dab2927__PDFV2__CH_0004,117
c7c53f17217d364a9dab2927__PDFV2__CH_0006,90
c7c8ceda74f570d5c9dd8b01__c7c8ceda74f570d5c9dd8b01__SEG_0001__CH_001,116
c7c8ceda74f570d5c9dd8b01__c7c8ceda74f570d5c9dd8b01__SEG_0001__CH_002,159
c7c8ceda74f570d5c9dd8b01__c7c8ceda74f570d5c9dd8b01__SEG_0001__CH_003,104
c8544a0dc611bfeab45f5f15__PDFV2__CH_0001,130
c8544a0dc611bfeab45f5f15__PDFV2__CH_0002,122
c8544a0dc611bfeab45f5f15__PDFV2__CH_0003__M,149
c8544a0dc611bfeab45f5f15__PDFV2__CH_0005,124
c8544a0dc611bfeab45f5f15__PDFV2__CH_0006,117
c8544a0dc611bfeab45f5f15__PDFV2__CH_0007,151
c8544a0dc611bfeab45f5f15__PDFV2__CH_0008,83
c8544a0dc611bfeab45f5f15__PDFV2__CH_0009,115
c8544a0dc611bfeab45f5f15__PDFV2__CH_0010,140
c8544a0dc611bfeab45f5f15__PDFV2__CH_0011,108
c8544a0dc611bfeab45f5f15__PDFV2__CH_0012,100
c8544a0dc611bfeab45f5f15__PDFV2__CH_0013,131
c8544a0dc611bfeab45f5f15__PDFV2__CH_0014,117
c8544a0dc611bfeab45f5f15__PDFV2__CH_0015__M,185
c8544a0dc611bfeab45f5f15__PDFV2__CH_0018__M,112
c8544a0dc611bfeab45f5f15__PDFV2__CH_0021,108
c8544a0dc611bfeab45f5f15__PDFV2__CH_0023,72
c8544a0dc611bfeab45f5f15__PDFV2__CH_0025,79
c8544a0dc611bfeab45f5f15__PDFV2__CH_0027,131
c8544a0dc611bfeab45f5f15__PDFV2__CH_0028,142
c8544a0dc611bfeab45f5f15__PDFV2__CH_0029,119
c8544a0dc611bfeab45f5f15__PDFV2__CH_0030,134
c867c54df7d20c0d0b0928a3__PDFV2__CH_0001,73
c867c54df7d20c0d0b0928a3__PDFV2__CH_0002,116
c867c54df7d20c0d0b0928a3__PDFV2__CH_0003,111
c867c54df7d20c0d0b0928a3__PDFV2__CH_0004,124
c867c54df7d20c0d0b0928a3__PDFV2__CH_0005,97
c867c54df7d20c0d0b0928a3__PDFV2__CH_0006,96
c867c54df7d20c0d0b0928a3__PDFV2__CH_0007,91
c867c54df7d20c0d0b0928a3__PDFV2__CH_0009,89
c896cde9355ff9487628fb74__c896cde9355ff9487628fb74__SEG_0001__CH_001,78
c8a3b41d10dfb9c040b26425__PDFV2__CH_0001,113
c8a3b41d10dfb9c040b26425__PDFV2__CH_0002,100
c8a3b41d10dfb9c040b26425__PDFV2__CH_0003,169
c8a3b41d10dfb9c040b26425__PDFV2__CH_0004,72
c8a3b41d10dfb9c040b26425__PDFV2__CH_0005,120
c8a3b41d10dfb9c040b26425__PDFV2__CH_0006,157
c8a3b41d10dfb9c040b26425__PDFV2__CH_0007,124
c8d7d93a98f4ee4d8aa7abac__PDFV2__CH_0001,113
c8d7d93a98f4ee4d8aa7abac__PDFV2__CH_0003,118
c8d7d93a98f4ee4d8aa7abac__PDFV2__CH_0004,108
c8d7d93a98f4ee4d8aa7abac__PDFV2__CH_0005,80
c8d7d93a98f4ee4d8aa7abac__PDFV2__CH_0006,89
c8d7d93a98f4ee4d8aa7abac__PDFV2__CH_0007,124
c8d7d93a98f4ee4d8aa7abac__PDFV2__CH_0008,105
c929682195914f1332830172__PDFV2__CH_0003,154
c929682195914f1332830172__PDFV2__CH_0005,115
c940304cee01b20787ac5c5f__c940304cee01b20787ac5c5f__SEG_0001__CH_001,104
c940304cee01b20787ac5c5f__c940304cee01b20787ac5c5f__SEG_0001__CH_002,93
ca25801ff9590d36b4d867e5__ca25801ff9590d36b4d867e5__SEG_0001__CH_001,96
ca25801ff9590d36b4d867e5__ca25801ff9590d36b4d867e5__SEG_0001__CH_002,89
ca28e50c2d09121cd8e57ad3__ca28e50c2d09121cd8e57ad3__SEG_0001__CH_003,100
ca28e50c2d09121cd8e57ad3__ca28e50c2d09121cd8e57ad3__SEG_0001__CH_004,190
ca28e50c2d09121cd8e57ad3__ca28e50c2d09121cd8e57ad3__SEG_0001__CH_005,170
ca28e50c2d09121cd8e57ad3__ca28e50c2d09121cd8e57ad3__SEG_0001__CH_006,136
ca28e50c2d09121cd8e57ad3__ca28e50c2d09121cd8e57ad3__SEG_0001__CH_007,199
ca28e50c2d09121cd8e57ad3__ca28e50c2d09121cd8e57ad3__SEG_0002__CH_001,131
ca28e50c2d09121cd8e57ad3__ca28e50c2d09121cd8e57ad3__SEG_0002__CH_002,98
ca28e50c2d09121cd8e57ad3__ca28e50c2d09121cd8e57ad3__SEG_0002__CH_003,152
ca28e50c2d09121cd8e57ad3__ca28e50c2d09121cd8e57ad3__SEG_0002__CH_004,124
ca28e50c2d09121cd8e57ad3__ca28e50c2d09121cd8e57ad3__SEG_0002__CH_005,121
ca28e50c2d09121cd8e57ad3__ca28e50c2d09121cd8e57ad3__SEG_0002__CH_006,198
ca28e50c2d09121cd8e57ad3__ca28e50c2d09121cd8e57ad3__SEG_0002__CH_007,158
ca28e50c2d09121cd8e57ad3__ca28e50c2d09121cd8e57ad3__SEG_0002__CH_008,167
ca28e50c2d09121cd8e57ad3__ca28e50c2d09121cd8e57ad3__SEG_0002__CH_009,204
ca43089c30987e41ec350e21__ca43089c30987e41ec350e21__SEG_0001__CH_001__M,133
ca6794823b7862ce59dfc408__ca6794823b7862ce59dfc408__SEG_0001__CH_001,108
ca6794823b7862ce59dfc408__ca6794823b7862ce59dfc408__SEG_0001__CH_002,82
cc085b8266b63c26509fc1b9__cc085b8266b63c26509fc1b9__SEG_0001__CH_001,103
cc17b47a8ab896dbcfa11d14__PDFV2__CH_0001,119
cc17b47a8ab896dbcfa11d14__PDFV2__CH_0002,157
cc17b47a8ab896dbcfa11d14__PDFV2__CH_0003,134
cc17b47a8ab896dbcfa11d14__PDFV2__CH_0004,126
cc17b47a8ab896dbcfa11d14__PDFV2__CH_0005,140
cc17b47a8ab896dbcfa11d14__PDFV2__CH_0006,152
cc17b47a8ab896dbcfa11d14__PDFV2__CH_0007,81
cca5cb44d7d1d7c6ef01183f__PDFV2__CH_0002,214
ccbbaf48a8d473b0ca3f38a0__ccbbaf48a8d473b0ca3f38a0__SEG_0001__CH_001,76
ccc14088214d96fa94cf03d2__ccc14088214d96fa94cf03d2__SEG_0001__CH_001,115
ccefb3e5e8fb4c83749322b3__PDFV2__CH_0001,110
ccefb3e5e8fb4c83749322b3__PDFV2__CH_0002,135
ccefb3e5e8fb4c83749322b3__PDFV2__CH_0004,150
ccf3d731ad06bbebd543a514__PDFV2__CH_0001,109
ccf3d731ad06bbebd543a514__PDFV2__CH_0002,121
ccf3d731ad06bbebd543a514__PDFV2__CH_0003,111
ccf3d731ad06bbebd543a514__PDFV2__CH_0004,139
ccf3d731ad06bbebd543a514__PDFV2__CH_0005,109
ccf3d731ad06bbebd543a514__PDFV2__CH_0006,71
ccf3d731ad06bbebd543a514__PDFV2__CH_0007,126
ccf3d731ad06bbebd543a514__PDFV2__CH_0009,135
ccf3d731ad06bbebd543a514__PDFV2__CH_0010,80
ccf3d731ad06bbebd543a514__PDFV2__CH_0011,92
ccf3d731ad06bbebd543a514__PDFV2__CH_0012,102
ccf3d731ad06bbebd543a514__PDFV2__CH_0013,124
ccf3d731ad06bbebd543a514__PDFV2__CH_0014,138
ccf3d731ad06bbebd543a514__PDFV2__CH_0015,117
ccf3d731ad06bbebd543a514__PDFV2__CH_0016,154
ccf3d731ad06bbebd543a514__PDFV2__CH_0017,114
ccf3d731ad06bbebd543a514__PDFV2__CH_0018,117
ccf3d731ad06bbebd543a514__PDFV2__CH_0019,151
ccf3d731ad06bbebd543a514__PDFV2__CH_0020,133
ccf3d731ad06bbebd543a514__PDFV2__CH_0021,144
ccf3d731ad06bbebd543a514__PDFV2__CH_0022,106
ccf3d731ad06bbebd543a514__PDFV2__CH_0023,151
ccf3d731ad06bbebd543a514__PDFV2__CH_0024,144
ccf3d731ad06bbebd543a514__PDFV2__CH_0025,112
ccf3d731ad06bbebd543a514__PDFV2__CH_0026,81
ccf3d731ad06bbebd543a514__PDFV2__CH_0027,114
cd0fcd9bf872c59005efcb97__cd0fcd9bf872c59005efcb97__SEG_0001__CH_001,176
cd0fcd9bf872c59005efcb97__cd0fcd9bf872c59005efcb97__SEG_0001__CH_002,144
cd16111fc8b1ae0df4707454__cd16111fc8b1ae0df4707454__SEG_0001__CH_002,140
cd16111fc8b1ae0df4707454__cd16111fc8b1ae0df4707454__SEG_0001__CH_003,136
cd16111fc8b1ae0df4707454__cd16111fc8b1ae0df4707454__SEG_0002__CH_001,139
cd3b9b0da7bad318e2b6c3c4__cd3b9b0da7bad318e2b6c3c4__SEG_0001__CH_001,137
cdc611d286c0ae9ebf767c4a__cdc611d286c0ae9ebf767c4a__SEG_0001__CH_001,83
cdc611d286c0ae9ebf767c4a__cdc611d286c0ae9ebf767c4a__SEG_0001__CH_002,101
cdc611d286c0ae9ebf767c4a__cdc611d286c0ae9ebf767c4a__SEG_0001__CH_003,104
cdc611d286c0ae9ebf767c4a__cdc611d286c0ae9ebf767c4a__SEG_0001__CH_004,78
cdc611d286c0ae9ebf767c4a__cdc611d286c0ae9ebf767c4a__SEG_0001__CH_005,92
cdf981b9a9fab568f594c17e__PDFV2__CH_0002,101
cdf981b9a9fab568f594c17e__PDFV2__CH_0003,91
cdf981b9a9fab568f594c17e__PDFV2__CH_0004,80
ce1dd362cd5582d3a70d2e03__PDFV2__CH_0001,117
ce1dd362cd5582d3a70d2e03__PDFV2__CH_0002,188
cea6d095d9bc499026f5734c__cea6d095d9bc499026f5734c__SEG_0001__CH_001,102
cea6d095d9bc499026f5734c__cea6d095d9bc499026f5734c__SEG_0001__CH_002,194
cea6d095d9bc499026f5734c__cea6d095d9bc499026f5734c__SEG_0001__CH_003,149
cee98b6f13de7ea134a6b740__cee98b6f13de7ea134a6b740__SEG_0001__CH_001,86
ceeb16a04d1740cba0c5bc2b__ceeb16a04d1740cba0c5bc2b__SEG_0001__CH_001,144
ceeb16a04d1740cba0c5bc2b__ceeb16a04d1740cba0c5bc2b__SEG_0001__CH_002,140
cef0faa1722e1095eb0e77b1__PDFV2__CH_0003,98
cef0faa1722e1095eb0e77b1__PDFV2__CH_0005,118
cef0faa1722e1095eb0e77b1__PDFV2__CH_0008,106
cef0faa1722e1095eb0e77b1__PDFV2__CH_0009,92
cef0faa1722e1095eb0e77b1__PDFV2__CH_0010,115
cef0faa1722e1095eb0e77b1__PDFV2__CH_0011,120
cef0faa1722e1095eb0e77b1__PDFV2__CH_0012,120
cef0faa1722e1095eb0e77b1__PDFV2__CH_0013,96
cef0faa1722e1095eb0e77b1__PDFV2__CH_0014,89
cef0faa1722e1095eb0e77b1__PDFV2__CH_0015,105
cef0faa1722e1095eb0e77b1__PDFV2__CH_0016,142
cef0faa1722e1095eb0e77b1__PDFV2__CH_0017,135
cef0faa1722e1095eb0e77b1__PDFV2__CH_0018,111
cef0faa1722e1095eb0e77b1__PDFV2__CH_0019,123
cef0faa1722e1095eb0e77b1__PDFV2__CH_0020,136
cefbebb9846a75f219095092__cefbebb9846a75f219095092__SEG_0001__CH_001,133
cefbebb9846a75f219095092__cefbebb9846a75f219095092__SEG_0001__CH_002,131
cefbebb9846a75f219095092__cefbebb9846a75f219095092__SEG_0001__CH_003,141
cf377e6690bd58cc2599d777__cf377e6690bd58cc2599d777__SEG_0001__CH_001,96
cf42c404891fc3b0198c1c93__PDFV2__CH_0001,108
cfe96dd2739f5297cdca9273__PDFV2__CH_0001,95
cfe96dd2739f5297cdca9273__PDFV2__CH_0002,121
cfe96dd2739f5297cdca9273__PDFV2__CH_0003,92
cfe96dd2739f5297cdca9273__PDFV2__CH_0004,118
cfe96dd2739f5297cdca9273__PDFV2__CH_0005,73
cfe96dd2739f5297cdca9273__PDFV2__CH_0006,122
cfe96dd2739f5297cdca9273__PDFV2__CH_0007,100
cfe96dd2739f5297cdca9273__PDFV2__CH_0009,138
cfe96dd2739f5297cdca9273__PDFV2__CH_0010__M,130
cfe96dd2739f5297cdca9273__PDFV2__CH_0012,122
cfe96dd2739f5297cdca9273__PDFV2__CH_0013__M,138
cfe96dd2739f5297cdca9273__PDFV2__CH_0015,117
cfe96dd2739f5297cdca9273__PDFV2__CH_0016,151
cfe96dd2739f5297cdca9273__PDFV2__CH_0017,144
cfe96dd2739f5297cdca9273__PDFV2__CH_0018,127
cfe96dd2739f5297cdca9273__PDFV2__CH_0019,127
cfe96dd2739f5297cdca9273__PDFV2__CH_0020,106
cfe96dd2739f5297cdca9273__PDFV2__CH_0021,111
d00090939260ac598c894d13__d00090939260ac598c894d13__SEG_0001__CH_001,106
d00090939260ac598c894d13__d00090939260ac598c894d13__SEG_0001__CH_002,79
d01db66ba827b88f7558a888__PDFV2__CH_0001,103
d01db66ba827b88f7558a888__PDFV2__CH_0002,138
d01db66ba827b88f7558a888__PDFV2__CH_0003,147
d01db66ba827b88f7558a888__PDFV2__CH_0004,93
d01db66ba827b88f7558a888__PDFV2__CH_0005,164
d01db66ba827b88f7558a888__PDFV2__CH_0006,137
d01db66ba827b88f7558a888__PDFV2__CH_0007,127
d01db66ba827b88f7558a888__PDFV2__CH_0008,162
d01db66ba827b88f7558a888__PDFV2__CH_0009,122
d01db66ba827b88f7558a888__PDFV2__CH_0010,138
d01db66ba827b88f7558a888__PDFV2__CH_0011,169
d01db66ba827b88f7558a888__PDFV2__CH_0012,125
d0e52702711e06a790bb200f__d0e52702711e06a790bb200f__SEG_0001__CH_001,138
d0e52702711e06a790bb200f__d0e52702711e06a790bb200f__SEG_0001__CH_002,186
d0e52702711e06a790bb200f__d0e52702711e06a790bb200f__SEG_0001__CH_003,138
d0e52702711e06a790bb200f__d0e52702711e06a790bb200f__SEG_0001__CH_004,160
d0e52702711e06a790bb200f__d0e52702711e06a790bb200f__SEG_0001__CH_005,153
d0e52702711e06a790bb200f__d0e52702711e06a790bb200f__SEG_0002__CH_002,133
d0e52702711e06a790bb200f__d0e52702711e06a790bb200f__SEG_0002__CH_003,131
d0e52702711e06a790bb200f__d0e52702711e06a790bb200f__SEG_0002__CH_004,127
d0fe502156bb004356805feb__d0fe502156bb004356805feb__SEG_0001__CH_001,86
d1039dbf83ac482439cab814__PDFV2__CH_0001,89
d1090e7bb681643daa56e53e__PDFV2__CH_0001,140
d1090e7bb681643daa56e53e__PDFV2__CH_0002,134
d1090e7bb681643daa56e53e__PDFV2__CH_0003,149
d13cd9c98868e504af3034e6__d13cd9c98868e504af3034e6__SEG_0001__CH_001,152
d13cd9c98868e504af3034e6__d13cd9c98868e504af3034e6__SEG_0001__CH_002,129
d18dd13bfba2943038c70c63__PDFV2__CH_0001,108
d18dd13bfba2943038c70c63__PDFV2__CH_0002,90
d18dd13bfba2943038c70c63__PDFV2__CH_0004,152
d18dd13bfba2943038c70c63__PDFV2__CH_0005,117
d265d75216271e8dad43072a__PDFV2__CH_0001,184
d265d75216271e8dad43072a__PDFV2__CH_0002,112
d265d75216271e8dad43072a__PDFV2__CH_0003,148
d265d75216271e8dad43072a__PDFV2__CH_0004,141
d265d75216271e8dad43072a__PDFV2__CH_0005,131
d265d75216271e8dad43072a__PDFV2__CH_0006,109
d265d75216271e8dad43072a__PDFV2__CH_0007,154
d265d75216271e8dad43072a__PDFV2__CH_0008,133
d265d75216271e8dad43072a__PDFV2__CH_0009,131
d265d75216271e8dad43072a__PDFV2__CH_0010,140
d265d75216271e8dad43072a__PDFV2__CH_0011,152
d265d75216271e8dad43072a__PDFV2__CH_0012,127
d265d75216271e8dad43072a__PDFV2__CH_0013,106
d265d75216271e8dad43072a__PDFV2__CH_0014,136
d265d75216271e8dad43072a__PDFV2__CH_0015,127
d265d75216271e8dad43072a__PDFV2__CH_0016,116
d265d75216271e8dad43072a__PDFV2__CH_0017,144
d265d75216271e8dad43072a__PDFV2__CH_0018,109
d265d75216271e8dad43072a__PDFV2__CH_0019,91
d265d75216271e8dad43072a__PDFV2__CH_0020,95
d265d75216271e8dad43072a__PDFV2__CH_0021,166
d265d75216271e8dad43072a__PDFV2__CH_0022,134
d265d75216271e8dad43072a__PDFV2__CH_0023,108
d265d75216271e8dad43072a__PDFV2__CH_0024,125
d265d75216271e8dad43072a__PDFV2__CH_0025,99
d265d75216271e8dad43072a__PDFV2__CH_0026,106
d265d75216271e8dad43072a__PDFV2__CH_0027,120
d265d75216271e8dad43072a__PDFV2__CH_0028,123
d265d75216271e8dad43072a__PDFV2__CH_0029,158
d265d75216271e8dad43072a__PDFV2__CH_0030,124
d265d75216271e8dad43072a__PDFV2__CH_0031,116
d265d75216271e8dad43072a__PDFV2__CH_0032,93
d265d75216271e8dad43072a__PDFV2__CH_0033,139
d265d75216271e8dad43072a__PDFV2__CH_0034,119
d265d75216271e8dad43072a__PDFV2__CH_0035,131
d265d75216271e8dad43072a__PDFV2__CH_0036,121
d265d75216271e8dad43072a__PDFV2__CH_0037,160
d265d75216271e8dad43072a__PDFV2__CH_0038,64
d265d75216271e8dad43072a__PDFV2__CH_0039,95
d265d75216271e8dad43072a__PDFV2__CH_0042,88
d265d75216271e8dad43072a__PDFV2__CH_0044,89
d265d75216271e8dad43072a__PDFV2__CH_0045,95
d265d75216271e8dad43072a__PDFV2__CH_0046,64
d265d75216271e8dad43072a__PDFV2__CH_0048,78
d265d75216271e8dad43072a__PDFV2__CH_0050,117
d265d75216271e8dad43072a__PDFV2__CH_0052,86
d265d75216271e8dad43072a__PDFV2__CH_0053,114
d265d75216271e8dad43072a__PDFV2__CH_0054,84
d265d75216271e8dad43072a__PDFV2__CH_0055,95
d265d75216271e8dad43072a__PDFV2__CH_0056,139
d265d75216271e8dad43072a__PDFV2__CH_0057,110
d265d75216271e8dad43072a__PDFV2__CH_0058,132
d26a928d9d2e37362e269c8a__d26a928d9d2e37362e269c8a__SEG_0001__CH_001,103
d27a892ff1c47bdadae2365b__PDFV2__CH_0001,128
d27a892ff1c47bdadae2365b__PDFV2__CH_0002,118
d27a892ff1c47bdadae2365b__PDFV2__CH_0003,112
d27a892ff1c47bdadae2365b__PDFV2__CH_0004,123
d27a892ff1c47bdadae2365b__PDFV2__CH_0005,109
d27a892ff1c47bdadae2365b__PDFV2__CH_0006,118
d27a892ff1c47bdadae2365b__PDFV2__CH_0007,131
d27a892ff1c47bdadae2365b__PDFV2__CH_0008,124
d27a892ff1c47bdadae2365b__PDFV2__CH_0009,134
d2abadff0875c131ff3d2dde__d2abadff0875c131ff3d2dde__SEG_0001__CH_001,118
d2abadff0875c131ff3d2dde__d2abadff0875c131ff3d2dde__SEG_0001__CH_002,162
d2abadff0875c131ff3d2dde__d2abadff0875c131ff3d2dde__SEG_0001__CH_003,97
d2c786ee2a1f8c0de0e11d75__d2c786ee2a1f8c0de0e11d75__SEG_0001__CH_001,111
d2c786ee2a1f8c0de0e11d75__d2c786ee2a1f8c0de0e11d75__SEG_0001__CH_002,121
d2d3374ace2416973096c2ea__d2d3374ace2416973096c2ea__SEG_0001__CH_001,109
d2d3374ace2416973096c2ea__d2d3374ace2416973096c2ea__SEG_0001__CH_002,110
d2d3374ace2416973096c2ea__d2d3374ace2416973096c2ea__SEG_0001__CH_003,126
d2d3374ace2416973096c2ea__d2d3374ace2416973096c2ea__SEG_0001__CH_004,138
d31963b48b10855856ea8842__d31963b48b10855856ea8842__SEG_0001__CH_001,103
d31963b48b10855856ea8842__d31963b48b10855856ea8842__SEG_0001__CH_002,84
d357310d57b41dd52a15c2ae__PDFV2__CH_0001,120
d357310d57b41dd52a15c2ae__PDFV2__CH_0002,111
d357310d57b41dd52a15c2ae__PDFV2__CH_0003,140
d357310d57b41dd52a15c2ae__PDFV2__CH_0004,143
d357310d57b41dd52a15c2ae__PDFV2__CH_0005,152
d357310d57b41dd52a15c2ae__PDFV2__CH_0006,165
d357310d57b41dd52a15c2ae__PDFV2__CH_0007,161
d357310d57b41dd52a15c2ae__PDFV2__CH_0008,176
d3aadeb3d196b2415ca2ffae__PDFV2__CH_0001,151
d3aadeb3d196b2415ca2ffae__PDFV2__CH_0002,123
d3aadeb3d196b2415ca2ffae__PDFV2__CH_0003,195
d3aadeb3d196b2415ca2ffae__PDFV2__CH_0004,204
d3aadeb3d196b2415ca2ffae__PDFV2__CH_0005,141
d3aadeb3d196b2415ca2ffae__PDFV2__CH_0006,146
d3aadeb3d196b2415ca2ffae__PDFV2__CH_0007,137
d3aadeb3d196b2415ca2ffae__PDFV2__CH_0008,119
d3aadeb3d196b2415ca2ffae__PDFV2__CH_0009,115
d3aadeb3d196b2415ca2ffae__PDFV2__CH_0010,119
d3aadeb3d196b2415ca2ffae__PDFV2__CH_0011,110
d3aadeb3d196b2415ca2ffae__PDFV2__CH_0012,126
d3aadeb3d196b2415ca2ffae__PDFV2__CH_0013,185
d4096663774298c3756f80f5__d4096663774298c3756f80f5__SEG_0001__CH_001,121
d44872d59a33289707091211__d44872d59a33289707091211__SEG_0001__CH_001,140
d44872d59a33289707091211__d44872d59a33289707091211__SEG_0001__CH_002,124
d44872d59a33289707091211__d44872d59a33289707091211__SEG_0001__CH_003,168
d44872d59a33289707091211__d44872d59a33289707091211__SEG_0001__CH_004,104
d44f9fc4a5056b9a9a3a1e9a__PDFV2__CH_0001,172
d44f9fc4a5056b9a9a3a1e9a__PDFV2__CH_0006,144
d44f9fc4a5056b9a9a3a1e9a__PDFV2__CH_0007,147
d44f9fc4a5056b9a9a3a1e9a__PDFV2__CH_0008,113
d44f9fc4a5056b9a9a3a1e9a__PDFV2__CH_0009,126
d44f9fc4a5056b9a9a3a1e9a__PDFV2__CH_0010,131
d44f9fc4a5056b9a9a3a1e9a__PDFV2__CH_0011,116
d44f9fc4a5056b9a9a3a1e9a__PDFV2__CH_0012,135
d44f9fc4a5056b9a9a3a1e9a__PDFV2__CH_0013,128
d44f9fc4a5056b9a9a3a1e9a__PDFV2__CH_0014,191
d44f9fc4a5056b9a9a3a1e9a__PDFV2__CH_0015,156
d44f9fc4a5056b9a9a3a1e9a__PDFV2__CH_0016,145
d44f9fc4a5056b9a9a3a1e9a__PDFV2__CH_0017,131
d44f9fc4a5056b9a9a3a1e9a__PDFV2__CH_0018,144
d44f9fc4a5056b9a9a3a1e9a__PDFV2__CH_0019,122
d44f9fc4a5056b9a9a3a1e9a__PDFV2__CH_0020,159
d44f9fc4a5056b9a9a3a1e9a__PDFV2__CH_0021,131
d44f9fc4a5056b9a9a3a1e9a__PDFV2__CH_0022,140
d47fea63ec2cadfdf58f98cb__PDFV2__CH_0001,147
d47fea63ec2cadfdf58f98cb__PDFV2__CH_0002,141
d47fea63ec2cadfdf58f98cb__PDFV2__CH_0003,129
d47fea63ec2cadfdf58f98cb__PDFV2__CH_0004,127
d4b68b6a6f6351304c6c3357__d4b68b6a6f6351304c6c3357__SEG_0001__CH_001,109
d4ba14a996aff80a13d927fe__PDFV2__CH_0001,105
d4ba14a996aff80a13d927fe__PDFV2__CH_0002,114
d4ba14a996aff80a13d927fe__PDFV2__CH_0003,149
d4ba14a996aff80a13d927fe__PDFV2__CH_0004,175
d4ba14a996aff80a13d927fe__PDFV2__CH_0005,147
d4bd0c56bbe1493db6a6ea8f__PDFV2__CH_0001,97
d4bd0c56bbe1493db6a6ea8f__PDFV2__CH_0002,113
d4c83ad64dcbd1e1edc065d3__d4c83ad64dcbd1e1edc065d3__SEG_0001__CH_001,105
d4efda1e9011fb451520acc5__d4efda1e9011fb451520acc5__SEG_0001__CH_002,114
d5ba02c0719f811068f58a9e__PDFV2__CH_0001,104
d5ba02c0719f811068f58a9e__PDFV2__CH_0004,161
d5ba02c0719f811068f58a9e__PDFV2__CH_0005,132
d5ba02c0719f811068f58a9e__PDFV2__CH_0006,81
d5ba02c0719f811068f58a9e__PDFV2__CH_0007,48
d5ba02c0719f811068f58a9e__PDFV2__CH_0008,110
d5ba02c0719f811068f58a9e__PDFV2__CH_0009,75
d5ba02c0719f811068f58a9e__PDFV2__CH_0010,52
d5ba02c0719f811068f58a9e__PDFV2__CH_0011,58
d5ba02c0719f811068f58a9e__PDFV2__CH_0012,129
d5ba02c0719f811068f58a9e__PDFV2__CH_0013,123
d5ba02c0719f811068f58a9e__PDFV2__CH_0014,103
d5ba02c0719f811068f58a9e__PDFV2__CH_0015,152
d5ba02c0719f811068f58a9e__PDFV2__CH_0016,93
d5ba02c0719f811068f58a9e__PDFV2__CH_0017,112
d5ba02c0719f811068f58a9e__PDFV2__CH_0018,116
d5ba02c0719f811068f58a9e__PDFV2__CH_0019,119
d5ba02c0719f811068f58a9e__PDFV2__CH_0020,105
d5ba02c0719f811068f58a9e__PDFV2__CH_0021,99
d5ba02c0719f811068f58a9e__PDFV2__CH_0022,99
d5ba02c0719f811068f58a9e__PDFV2__CH_0023,120
d5ba02c0719f811068f58a9e__PDFV2__CH_0024,71
d5ba02c0719f811068f58a9e__PDFV2__CH_0025,108
d5ba02c0719f811068f58a9e__PDFV2__CH_0026,91
d5ba02c0719f811068f58a9e__PDFV2__CH_0027,66
d5ba02c0719f811068f58a9e__PDFV2__CH_0028,103
d5ba02c0719f811068f58a9e__PDFV2__CH_0029,81
d5ba02c0719f811068f58a9e__PDFV2__CH_0030,74
d5ba02c0719f811068f58a9e__PDFV2__CH_0031,88
d5ba02c0719f811068f58a9e__PDFV2__CH_0032,76
d5ccda2e14007e122d3268ce__d5ccda2e14007e122d3268ce__SEG_0001__CH_001,117
d61868f1e6e7f32e4be397b4__d61868f1e6e7f32e4be397b4__SEG_0001__CH_001,241
d61868f1e6e7f32e4be397b4__d61868f1e6e7f32e4be397b4__SEG_0001__CH_002,116
d61868f1e6e7f32e4be397b4__d61868f1e6e7f32e4be397b4__SEG_0001__CH_003,123
d61868f1e6e7f32e4be397b4__d61868f1e6e7f32e4be397b4__SEG_0001__CH_004,196
d61868f1e6e7f32e4be397b4__d61868f1e6e7f32e4be397b4__SEG_0001__CH_005,158
d61868f1e6e7f32e4be397b4__d61868f1e6e7f32e4be397b4__SEG_0001__CH_006,147
d61868f1e6e7f32e4be397b4__d61868f1e6e7f32e4be397b4__SEG_0001__CH_007,181
d61868f1e6e7f32e4be397b4__d61868f1e6e7f32e4be397b4__SEG_0002__CH_001,152
d61868f1e6e7f32e4be397b4__d61868f1e6e7f32e4be397b4__SEG_0002__CH_004,86
d62e98855a45ab930eedb043__d62e98855a45ab930eedb043__SEG_0001__CH_001,112
d6adc984c03fb3b5d82dc612__d6adc984c03fb3b5d82dc612__SEG_0001__CH_002,135
d6adc984c03fb3b5d82dc612__d6adc984c03fb3b5d82dc612__SEG_0001__CH_004,106
d6adc984c03fb3b5d82dc612__d6adc984c03fb3b5d82dc612__SEG_0001__CH_005,151
d6b866a0c0aa207426af08f9__PDFV2__CH_0002,147
d6b866a0c0aa207426af08f9__PDFV2__CH_0004,121
d6b866a0c0aa207426af08f9__PDFV2__CH_0005,128
d6b866a0c0aa207426af08f9__PDFV2__CH_0007,170
d6c15fa70db7010e5cd22369__d6c15fa70db7010e5cd22369__SEG_0001__CH_001,194
d6c15fa70db7010e5cd22369__d6c15fa70db7010e5cd22369__SEG_0002__CH_001,193
d6c15fa70db7010e5cd22369__d6c15fa70db7010e5cd22369__SEG_0002__CH_002,122
d6c15fa70db7010e5cd22369__d6c15fa70db7010e5cd22369__SEG_0002__CH_003,179
d6c15fa70db7010e5cd22369__d6c15fa70db7010e5cd22369__SEG_0003__CH_001,122
d6c15fa70db7010e5cd22369__d6c15fa70db7010e5cd22369__SEG_0003__CH_002,208
d6c15fa70db7010e5cd22369__d6c15fa70db7010e5cd22369__SEG_0004__CH_001,108
d6e048d8927c67ee497b8ba0__PDFV2__CH_0001,127
d6e048d8927c67ee497b8ba0__PDFV2__CH_0002,117
d6e048d8927c67ee497b8ba0__PDFV2__CH_0003,99
d73b7b0ad5f83cb6b3b92b3a__d73b7b0ad5f83cb6b3b92b3a__SEG_0001__CH_001,111
d7811e732a670ae83be21937__d7811e732a670ae83be21937__SEG_0001__CH_001,112
d7811e732a670ae83be21937__d7811e732a670ae83be21937__SEG_0001__CH_002,94
d782f5ea3fe9f9e2d9fb717e__d782f5ea3fe9f9e2d9fb717e__SEG_0001__CH_001,114
d782f5ea3fe9f9e2d9fb717e__d782f5ea3fe9f9e2d9fb717e__SEG_0001__CH_002,132
d79d92116c617c233242c2cb__PDFV2__CH_0001,107
d79d92116c617c233242c2cb__PDFV2__CH_0002,85
d79d92116c617c233242c2cb__PDFV2__CH_0003,109
d79d92116c617c233242c2cb__PDFV2__CH_0004,121
d79d92116c617c233242c2cb__PDFV2__CH_0005,134
d79d92116c617c233242c2cb__PDFV2__CH_0006,69
d79d92116c617c233242c2cb__PDFV2__CH_0007,126
d79d92116c617c233242c2cb__PDFV2__CH_0008,142
d7cf0c4a3c060125c0d6272e__d7cf0c4a3c060125c0d6272e__SEG_0001__CH_001,56
d7cf0c4a3c060125c0d6272e__d7cf0c4a3c060125c0d6272e__SEG_0001__CH_002,103
d7cf0c4a3c060125c0d6272e__d7cf0c4a3c060125c0d6272e__SEG_0001__CH_003,113
d7cf0c4a3c060125c0d6272e__d7cf0c4a3c060125c0d6272e__SEG_0001__CH_004,96
d7ed4462ab8f41cc0a97a837__d7ed4462ab8f41cc0a97a837__SEG_0001__CH_001,150
d7ed4462ab8f41cc0a97a837__d7ed4462ab8f41cc0a97a837__SEG_0001__CH_002,108
d7ed4462ab8f41cc0a97a837__d7ed4462ab8f41cc0a97a837__SEG_0001__CH_003,103
d7ed4462ab8f41cc0a97a837__d7ed4462ab8f41cc0a97a837__SEG_0001__CH_004,121
d7ed4462ab8f41cc0a97a837__d7ed4462ab8f41cc0a97a837__SEG_0001__CH_005,117
d7ed4462ab8f41cc0a97a837__d7ed4462ab8f41cc0a97a837__SEG_0001__CH_006,90
d7f5a4994375bf9bd374ba02__d7f5a4994375bf9bd374ba02__SEG_0001__CH_002,129
d8661b1b2388066dc573a590__d8661b1b2388066dc573a590__SEG_0001__CH_001,134
d87c48ca499b8483f6a5124f__d87c48ca499b8483f6a5124f__SEG_0001__CH_001,159
d87c48ca499b8483f6a5124f__d87c48ca499b8483f6a5124f__SEG_0001__CH_002,96
d88694ee43ede2bdc2f1e7b8__d88694ee43ede2bdc2f1e7b8__SEG_0001__CH_001,128
d88694ee43ede2bdc2f1e7b8__d88694ee43ede2bdc2f1e7b8__SEG_0001__CH_003,126
d88694ee43ede2bdc2f1e7b8__d88694ee43ede2bdc2f1e7b8__SEG_0001__CH_004,118
d88694ee43ede2bdc2f1e7b8__d88694ee43ede2bdc2f1e7b8__SEG_0001__CH_005,152
d88694ee43ede2bdc2f1e7b8__d88694ee43ede2bdc2f1e7b8__SEG_0001__CH_006,148
d88694ee43ede2bdc2f1e7b8__d88694ee43ede2bdc2f1e7b8__SEG_0001__CH_007,122
d88694ee43ede2bdc2f1e7b8__d88694ee43ede2bdc2f1e7b8__SEG_0002__CH_001,99
d88694ee43ede2bdc2f1e7b8__d88694ee43ede2bdc2f1e7b8__SEG_0002__CH_002,155
d89722884ace8baa8a6f6f1a__d89722884ace8baa8a6f6f1a__SEG_0001__CH_001,131
d89722884ace8baa8a6f6f1a__d89722884ace8baa8a6f6f1a__SEG_0001__CH_002,79
d8e41b08b16e4c85bb749793__d8e41b08b16e4c85bb749793__SEG_0001__CH_001,105
d8e41b08b16e4c85bb749793__d8e41b08b16e4c85bb749793__SEG_0001__CH_002,129
d8e41b08b16e4c85bb749793__d8e41b08b16e4c85bb749793__SEG_0001__CH_003,125
d8e41b08b16e4c85bb749793__d8e41b08b16e4c85bb749793__SEG_0001__CH_004,109
d9247a7550599c2c9f6c6977__PDFV2__CH_0003,89
d9247a7550599c2c9f6c6977__PDFV2__CH_0004,137
d9247a7550599c2c9f6c6977__PDFV2__CH_0005,109
d93643fea961290ac250b969__PDFV2__CH_0001,88
d93643fea961290ac250b969__PDFV2__CH_0002,119
d93643fea961290ac250b969__PDFV2__CH_0003,128
d93643fea961290ac250b969__PDFV2__CH_0004,85
d93e12ad2fbad92e75947107__d93e12ad2fbad92e75947107__SEG_0001__CH_001,100
d93fa8fb16f18602a6cd453a__d93fa8fb16f18602a6cd453a__SEG_0001__CH_001,104
d93fa8fb16f18602a6cd453a__d93fa8fb16f18602a6cd453a__SEG_0001__CH_002,134
d93fa8fb16f18602a6cd453a__d93fa8fb16f18602a6cd453a__SEG_0001__CH_003,160
d93fa8fb16f18602a6cd453a__d93fa8fb16f18602a6cd453a__SEG_0002__CH_001,158
d97cbf9283da5d813cdd8f47__d97cbf9283da5d813cdd8f47__SEG_0001__CH_003,89
d98df8855ef77e8144c80e0f__d98df8855ef77e8144c80e0f__SEG_0001__CH_001,121
d98df8855ef77e8144c80e0f__d98df8855ef77e8144c80e0f__SEG_0001__CH_002,108
d98df8855ef77e8144c80e0f__d98df8855ef77e8144c80e0f__SEG_0001__CH_003,126
d9c61fefe7a341de4c252bf8__PDFV2__CH_0001,98
d9c61fefe7a341de4c252bf8__PDFV2__CH_0002,102
d9c61fefe7a341de4c252bf8__PDFV2__CH_0003,93
d9c61fefe7a341de4c252bf8__PDFV2__CH_0005,119
d9c61fefe7a341de4c252bf8__PDFV2__CH_0006,97
d9c61fefe7a341de4c252bf8__PDFV2__CH_0008,150
d9c61fefe7a341de4c252bf8__PDFV2__CH_0009,131
d9c61fefe7a341de4c252bf8__PDFV2__CH_0010,116
d9c61fefe7a341de4c252bf8__PDFV2__CH_0011,125
d9c61fefe7a341de4c252bf8__PDFV2__CH_0012,116
d9c61fefe7a341de4c252bf8__PDFV2__CH_0013,143
d9c61fefe7a341de4c252bf8__PDFV2__CH_0014,104
d9c61fefe7a341de4c252bf8__PDFV2__CH_0015,138
d9c61fefe7a341de4c252bf8__PDFV2__CH_0016,92
d9c61fefe7a341de4c252bf8__PDFV2__CH_0017,146
d9c61fefe7a341de4c252bf8__PDFV2__CH_0018,124
d9c61fefe7a341de4c252bf8__PDFV2__CH_0019,118
d9c61fefe7a341de4c252bf8__PDFV2__CH_0020,155
d9c61fefe7a341de4c252bf8__PDFV2__CH_0021,124
d9c61fefe7a341de4c252bf8__PDFV2__CH_0022,120
d9c61fefe7a341de4c252bf8__PDFV2__CH_0023,140
d9c61fefe7a341de4c252bf8__PDFV2__CH_0024,80
d9c61fefe7a341de4c252bf8__PDFV2__CH_0026,128
d9c61fefe7a341de4c252bf8__PDFV2__CH_0027,118
d9c61fefe7a341de4c252bf8__PDFV2__CH_0029,80
d9c61fefe7a341de4c252bf8__PDFV2__CH_0031,95
d9c61fefe7a341de4c252bf8__PDFV2__CH_0032,112
d9c90ba80645a911017ee558__PDFV2__CH_0004,98
d9c90ba80645a911017ee558__PDFV2__CH_0005,125
d9c90ba80645a911017ee558__PDFV2__CH_0006,116
d9c90ba80645a911017ee558__PDFV2__CH_0008,120
d9c90ba80645a911017ee558__PDFV2__CH_0009,133
d9c90ba80645a911017ee558__PDFV2__CH_0010,101
d9c90ba80645a911017ee558__PDFV2__CH_0011,81
d9c90ba80645a911017ee558__PDFV2__CH_0012,111
d9c90ba80645a911017ee558__PDFV2__CH_0013,101
d9c90ba80645a911017ee558__PDFV2__CH_0014,84
d9c90ba80645a911017ee558__PDFV2__CH_0015,140
d9c90ba80645a911017ee558__PDFV2__CH_0016,118
d9c90ba80645a911017ee558__PDFV2__CH_0017,110
d9c90ba80645a911017ee558__PDFV2__CH_0018,137
d9c90ba80645a911017ee558__PDFV2__CH_0019,82
d9c90ba80645a911017ee558__PDFV2__CH_0020,91
d9c90ba80645a911017ee558__PDFV2__CH_0021,96
d9c90ba80645a911017ee558__PDFV2__CH_0022,127
d9c90ba80645a911017ee558__PDFV2__CH_0023,117
d9c90ba80645a911017ee558__PDFV2__CH_0024,83
d9c90ba80645a911017ee558__PDFV2__CH_0025,107
d9c90ba80645a911017ee558__PDFV2__CH_0026,119
d9c90ba80645a911017ee558__PDFV2__CH_0027,114
d9c90ba80645a911017ee558__PDFV2__CH_0028,125
d9c90ba80645a911017ee558__PDFV2__CH_0029,136
d9c90ba80645a911017ee558__PDFV2__CH_0030,106
d9c90ba80645a911017ee558__PDFV2__CH_0031,172
d9c90ba80645a911017ee558__PDFV2__CH_0032,123
d9c90ba80645a911017ee558__PDFV2__CH_0033,121
d9efcdf0f2327edeff1d38ca__d9efcdf0f2327edeff1d38ca__SEG_0001__CH_001,95
d9efcdf0f2327edeff1d38ca__d9efcdf0f2327edeff1d38ca__SEG_0001__CH_002,105
d9f56bea67cd3c2e20fbb13b__d9f56bea67cd3c2e20fbb13b__SEG_0001__CH_002,131
d9f56bea67cd3c2e20fbb13b__d9f56bea67cd3c2e20fbb13b__SEG_0001__CH_003,244
d9f56bea67cd3c2e20fbb13b__d9f56bea67cd3c2e20fbb13b__SEG_0001__CH_004,155
da6fcf4361da18ef125f3918__PDFV2__CH_0001,107
da6fcf4361da18ef125f3918__PDFV2__CH_0002,120
da6fcf4361da18ef125f3918__PDFV2__CH_0003,143
da6fcf4361da18ef125f3918__PDFV2__CH_0004,101
da6fcf4361da18ef125f3918__PDFV2__CH_0005,109
da6fcf4361da18ef125f3918__PDFV2__CH_0006,118
da6fcf4361da18ef125f3918__PDFV2__CH_0008,117
da6fcf4361da18ef125f3918__PDFV2__CH_0009,122
da6fcf4361da18ef125f3918__PDFV2__CH_0010,114
da6fcf4361da18ef125f3918__PDFV2__CH_0011,185
da6fcf4361da18ef125f3918__PDFV2__CH_0013,125
da6fcf4361da18ef125f3918__PDFV2__CH_0014__M,131
da6fcf4361da18ef125f3918__PDFV2__CH_0016,130
da6fcf4361da18ef125f3918__PDFV2__CH_0017,118
da6fcf4361da18ef125f3918__PDFV2__CH_0018,107
da6fcf4361da18ef125f3918__PDFV2__CH_0019,94
da6fcf4361da18ef125f3918__PDFV2__CH_0020,105
da6fcf4361da18ef125f3918__PDFV2__CH_0021,93
da6fcf4361da18ef125f3918__PDFV2__CH_0022,100
da6fcf4361da18ef125f3918__PDFV2__CH_0023,139
da6fcf4361da18ef125f3918__PDFV2__CH_0024,142
da6fcf4361da18ef125f3918__PDFV2__CH_0025,112
da6fcf4361da18ef125f3918__PDFV2__CH_0026,86
da6fcf4361da18ef125f3918__PDFV2__CH_0027,102
da6fcf4361da18ef125f3918__PDFV2__CH_0028,104
da6fcf4361da18ef125f3918__PDFV2__CH_0029,102
da7b12d3131e1641266c9808__da7b12d3131e1641266c9808__SEG_0001__CH_001,107
da7cd260f095002094e1797d__da7cd260f095002094e1797d__SEG_0001__CH_001,92
daa5eea69158c34869fe4d11__daa5eea69158c34869fe4d11__SEG_0001__CH_002,125
daa5eea69158c34869fe4d11__daa5eea69158c34869fe4d11__SEG_0001__CH_003,118
daaffd1492f2625374b7738f__daaffd1492f2625374b7738f__SEG_0001__CH_002,117
daaffd1492f2625374b7738f__daaffd1492f2625374b7738f__SEG_0001__CH_003,136
daaffd1492f2625374b7738f__daaffd1492f2625374b7738f__SEG_0001__CH_004,86
dac3467ae145d829470cdeee__dac3467ae145d829470cdeee__SEG_0001__CH_001,86
dac3467ae145d829470cdeee__dac3467ae145d829470cdeee__SEG_0001__CH_002,93
dae0c8a5033d8750cf11a51b__dae0c8a5033d8750cf11a51b__SEG_0001__CH_001,110
dae0c8a5033d8750cf11a51b__dae0c8a5033d8750cf11a51b__SEG_0001__CH_002,137
dae0c8a5033d8750cf11a51b__dae0c8a5033d8750cf11a51b__SEG_0001__CH_003,125
dae0c8a5033d8750cf11a51b__dae0c8a5033d8750cf11a51b__SEG_0001__CH_004,115
dae0c8a5033d8750cf11a51b__dae0c8a5033d8750cf11a51b__SEG_0001__CH_005,120
dae0c8a5033d8750cf11a51b__dae0c8a5033d8750cf11a51b__SEG_0001__CH_006,164
dae0c8a5033d8750cf11a51b__dae0c8a5033d8750cf11a51b__SEG_0001__CH_007,172
dae0c8a5033d8750cf11a51b__dae0c8a5033d8750cf11a51b__SEG_0001__CH_008,154
dae0c8a5033d8750cf11a51b__dae0c8a5033d8750cf11a51b__SEG_0002__CH_001,153
dae0c8a5033d8750cf11a51b__dae0c8a5033d8750cf11a51b__SEG_0002__CH_002,96
dae0c8a5033d8750cf11a51b__dae0c8a5033d8750cf11a51b__SEG_0002__CH_003,129
daff1342575681b298a4609d__PDFV2__CH_0001,110
daff1342575681b298a4609d__PDFV2__CH_0002,146
daff1342575681b298a4609d__PDFV2__CH_0004,158
daff1342575681b298a4609d__PDFV2__CH_0005__M,137
daff1342575681b298a4609d__PDFV2__CH_0007,154
daff1342575681b298a4609d__PDFV2__CH_0008,136
daff1342575681b298a4609d__PDFV2__CH_0009__M,155
daff1342575681b298a4609d__PDFV2__CH_0011,80
daff1342575681b298a4609d__PDFV2__CH_0013,90
daff1342575681b298a4609d__PDFV2__CH_0014,124
daff1342575681b298a4609d__PDFV2__CH_0017,115
daff1342575681b298a4609d__PDFV2__CH_0018,108
daff1342575681b298a4609d__PDFV2__CH_0019,143
daff1342575681b298a4609d__PDFV2__CH_0020,169
daff1342575681b298a4609d__PDFV2__CH_0021,145
db493fa15925d31b6a361eaf__db493fa15925d31b6a361eaf__SEG_0001__CH_001__M,108
db493fa15925d31b6a361eaf__db493fa15925d31b6a361eaf__SEG_0001__CH_003,84
db493fa15925d31b6a361eaf__db493fa15925d31b6a361eaf__SEG_0001__CH_004,83
db5afc1831dc829b175e7b24__db5afc1831dc829b175e7b24__SEG_0001__CH_001,100
dbd1decc26f098852959a1d3__dbd1decc26f098852959a1d3__SEG_0001__CH_001,75
dc0d8c2b8978a7e66fa64fe2__dc0d8c2b8978a7e66fa64fe2__SEG_0001__CH_001,90
dc0d8c2b8978a7e66fa64fe2__dc0d8c2b8978a7e66fa64fe2__SEG_0001__CH_002,145
dc0d8c2b8978a7e66fa64fe2__dc0d8c2b8978a7e66fa64fe2__SEG_0001__CH_003,155
dc22f0e1ba0bb6cdb6bec76d__PDFV2__CH_0007__M,255
dc22f0e1ba0bb6cdb6bec76d__PDFV2__CH_0010,103
dc22f0e1ba0bb6cdb6bec76d__PDFV2__CH_0011__M,112
dc22f0e1ba0bb6cdb6bec76d__PDFV2__CH_0013,84
dc22f0e1ba0bb6cdb6bec76d__PDFV2__CH_0014,111
dc22f0e1ba0bb6cdb6bec76d__PDFV2__CH_0019,109
dc22f0e1ba0bb6cdb6bec76d__PDFV2__CH_0020__M,82
dc22f0e1ba0bb6cdb6bec76d__PDFV2__CH_0025__M,137
dca2188127b26587626d5007__dca2188127b26587626d5007__SEG_0001__CH_001,102
dcf7f741a3ab71cf3cb60d26__dcf7f741a3ab71cf3cb60d26__SEG_0001__CH_001,104
dcf7f741a3ab71cf3cb60d26__dcf7f741a3ab71cf3cb60d26__SEG_0001__CH_002,73
dd57d4f485ef7f2a34ebefb0__dd57d4f485ef7f2a34ebefb0__SEG_0001__CH_001,143
dd58c3281bbd321135a59321__dd58c3281bbd321135a59321__SEG_0001__CH_001,173
dd58c3281bbd321135a59321__dd58c3281bbd321135a59321__SEG_0001__CH_002,140
dd58c3281bbd321135a59321__dd58c3281bbd321135a59321__SEG_0001__CH_003,165
dd58c3281bbd321135a59321__dd58c3281bbd321135a59321__SEG_0001__CH_004,151
dd58c3281bbd321135a59321__dd58c3281bbd321135a59321__SEG_0001__CH_005,137
dd58c3281bbd321135a59321__dd58c3281bbd321135a59321__SEG_0002__CH_001,122
dd58c3281bbd321135a59321__dd58c3281bbd321135a59321__SEG_0002__CH_002__S1,126
dd58c3281bbd321135a59321__dd58c3281bbd321135a59321__SEG_0002__CH_002__S2,138
dd58c3281bbd321135a59321__dd58c3281bbd321135a59321__SEG_0002__CH_003,114
dd58c3281bbd321135a59321__dd58c3281bbd321135a59321__SEG_0003__CH_001,109
dd58c3281bbd321135a59321__dd58c3281bbd321135a59321__SEG_0003__CH_002,169
dd58c3281bbd321135a59321__dd58c3281bbd321135a59321__SEG_0003__CH_003,215
dd58c3281bbd321135a59321__dd58c3281bbd321135a59321__SEG_0003__CH_005,128
dd6c19100273715fd5bd7e6f__PDFV2__CH_0001,146
dd6c19100273715fd5bd7e6f__PDFV2__CH_0003,120
dd6c19100273715fd5bd7e6f__PDFV2__CH_0004,116
dd753ee3cae574f7e7444fc7__dd753ee3cae574f7e7444fc7__SEG_0001__CH_001,137
dd9ef07c045ce151ab62a4e3__PDFV2__CH_0001,92
dd9ef07c045ce151ab62a4e3__PDFV2__CH_0002,98
dd9ef07c045ce151ab62a4e3__PDFV2__CH_0003,122
dd9ef07c045ce151ab62a4e3__PDFV2__CH_0004,117
dd9ef07c045ce151ab62a4e3__PDFV2__CH_0005,101
dd9ef07c045ce151ab62a4e3__PDFV2__CH_0006,96
dd9ef07c045ce151ab62a4e3__PDFV2__CH_0007,103
dd9ef07c045ce151ab62a4e3__PDFV2__CH_0008,118
dd9ef07c045ce151ab62a4e3__PDFV2__CH_0009__M,99
dd9ef07c045ce151ab62a4e3__PDFV2__CH_0011,99
dd9ef07c045ce151ab62a4e3__PDFV2__CH_0012,132
ddf5b956f071f3ecce60f9e5__ddf5b956f071f3ecce60f9e5__SEG_0001__CH_002,133
de66a176ba73f3c7097f731c__de66a176ba73f3c7097f731c__SEG_0001__CH_002,120
de66a176ba73f3c7097f731c__de66a176ba73f3c7097f731c__SEG_0001__CH_003,109
de66a176ba73f3c7097f731c__de66a176ba73f3c7097f731c__SEG_0001__CH_006,132
de90f9017a0f588790d793da__de90f9017a0f588790d793da__SEG_0001__CH_001,149
de90f9017a0f588790d793da__de90f9017a0f588790d793da__SEG_0001__CH_002,142
de90f9017a0f588790d793da__de90f9017a0f588790d793da__SEG_0001__CH_003,118
def7e659ade4d3a310dcc715__def7e659ade4d3a310dcc715__SEG_0001__CH_001,146
def7e659ade4d3a310dcc715__def7e659ade4d3a310dcc715__SEG_0001__CH_002,130
def7e659ade4d3a310dcc715__def7e659ade4d3a310dcc715__SEG_0001__CH_003,152
def7e659ade4d3a310dcc715__def7e659ade4d3a310dcc715__SEG_0002__CH_002,124
def7e659ade4d3a310dcc715__def7e659ade4d3a310dcc715__SEG_0002__CH_003,123
def7e659ade4d3a310dcc715__def7e659ade4d3a310dcc715__SEG_0002__CH_004,125
def7e659ade4d3a310dcc715__def7e659ade4d3a310dcc715__SEG_0002__CH_005,106
def7e659ade4d3a310dcc715__def7e659ade4d3a310dcc715__SEG_0002__CH_006,133
def7e659ade4d3a310dcc715__def7e659ade4d3a310dcc715__SEG_0002__CH_007,141
def7e659ade4d3a310dcc715__def7e659ade4d3a310dcc715__SEG_0003__CH_001,125
def7e659ade4d3a310dcc715__def7e659ade4d3a310dcc715__SEG_0003__CH_002,132
def7e659ade4d3a310dcc715__def7e659ade4d3a310dcc715__SEG_0003__CH_003,92
def7e659ade4d3a310dcc715__def7e659ade4d3a310dcc715__SEG_0003__CH_004,247
def7e659ade4d3a310dcc715__def7e659ade4d3a310dcc715__SEG_0003__CH_005,176
df049350d31bd7d6a1fe0c9a__df049350d31bd7d6a1fe0c9a__SEG_0001__CH_001,98
df049350d31bd7d6a1fe0c9a__df049350d31bd7d6a1fe0c9a__SEG_0001__CH_002__M,120
df049350d31bd7d6a1fe0c9a__df049350d31bd7d6a1fe0c9a__SEG_0001__CH_004,132
df049350d31bd7d6a1fe0c9a__df049350d31bd7d6a1fe0c9a__SEG_0001__CH_005,148
df167a772c1efb506475b5e9__df167a772c1efb506475b5e9__SEG_0001__CH_001,143
df167a772c1efb506475b5e9__df167a772c1efb506475b5e9__SEG_0001__CH_002,129
df167a772c1efb506475b5e9__df167a772c1efb506475b5e9__SEG_0001__CH_003,90
df54000f6047f1d77185f70b__df54000f6047f1d77185f70b__SEG_0001__CH_002,105
df54000f6047f1d77185f70b__df54000f6047f1d77185f70b__SEG_0001__CH_003,97
df54000f6047f1d77185f70b__df54000f6047f1d77185f70b__SEG_0001__CH_004,129
df54000f6047f1d77185f70b__df54000f6047f1d77185f70b__SEG_0001__CH_005,174
df54000f6047f1d77185f70b__df54000f6047f1d77185f70b__SEG_0001__CH_006,173
df54000f6047f1d77185f70b__df54000f6047f1d77185f70b__SEG_0001__CH_007,149
df54000f6047f1d77185f70b__df54000f6047f1d77185f70b__SEG_0001__CH_008,158
df54000f6047f1d77185f70b__df54000f6047f1d77185f70b__SEG_0001__CH_009,107
df54000f6047f1d77185f70b__df54000f6047f1d77185f70b__SEG_0002__CH_003,132
df54000f6047f1d77185f70b__df54000f6047f1d77185f70b__SEG_0002__CH_004,120
df54000f6047f1d77185f70b__df54000f6047f1d77185f70b__SEG_0003__CH_001,98
df54000f6047f1d77185f70b__df54000f6047f1d77185f70b__SEG_0003__CH_002,146
e04569ba996236e1ee2e587c__e04569ba996236e1ee2e587c__SEG_0001__CH_001,107
e04569ba996236e1ee2e587c__e04569ba996236e1ee2e587c__SEG_0001__CH_002,110
e04569ba996236e1ee2e587c__e04569ba996236e1ee2e587c__SEG_0001__CH_003,77
e083fac58214b949c7766eb0__e083fac58214b949c7766eb0__SEG_0001__CH_002,72
e083fac58214b949c7766eb0__e083fac58214b949c7766eb0__SEG_0001__CH_003,81
e083fac58214b949c7766eb0__e083fac58214b949c7766eb0__SEG_0001__CH_004,73
e083fac58214b949c7766eb0__e083fac58214b949c7766eb0__SEG_0001__CH_006,114
e083fac58214b949c7766eb0__e083fac58214b949c7766eb0__SEG_0001__CH_007__M,127
e083fac58214b949c7766eb0__e083fac58214b949c7766eb0__SEG_0001__CH_009,92
e083fac58214b949c7766eb0__e083fac58214b949c7766eb0__SEG_0001__CH_010,101
e083fac58214b949c7766eb0__e083fac58214b949c7766eb0__SEG_0001__CH_012,80
e08daed576e901f266bb90c4__e08daed576e901f266bb90c4__SEG_0001__CH_001,115
e08daed576e901f266bb90c4__e08daed576e901f266bb90c4__SEG_0001__CH_002,90
e0cb422ee52a2ca7d0651847__e0cb422ee52a2ca7d0651847__SEG_0001__CH_001,87
e0cb80cf3f6b30274176b21c__e0cb80cf3f6b30274176b21c__SEG_0001__CH_001,99
e0cb80cf3f6b30274176b21c__e0cb80cf3f6b30274176b21c__SEG_0001__CH_002,180
e0cb80cf3f6b30274176b21c__e0cb80cf3f6b30274176b21c__SEG_0001__CH_003,180
e0cb80cf3f6b30274176b21c__e0cb80cf3f6b30274176b21c__SEG_0001__CH_004,134
e0cb80cf3f6b30274176b21c__e0cb80cf3f6b30274176b21c__SEG_0001__CH_005,79
e0df67122b447a4245d9800a__e0df67122b447a4245d9800a__SEG_0001__CH_001,92
e1361db826576649f9bbee49__e1361db826576649f9bbee49__SEG_0001__CH_001,131
e1361db826576649f9bbee49__e1361db826576649f9bbee49__SEG_0001__CH_002,119
e1361db826576649f9bbee49__e1361db826576649f9bbee49__SEG_0001__CH_003,118
e169f98ea46beea8e4f3bf99__e169f98ea46beea8e4f3bf99__SEG_0001__CH_001,92
e169f98ea46beea8e4f3bf99__e169f98ea46beea8e4f3bf99__SEG_0001__CH_002,78
e25bd9601995130e5fce1e81__e25bd9601995130e5fce1e81__SEG_0001__CH_002,91
e25bd9601995130e5fce1e81__e25bd9601995130e5fce1e81__SEG_0001__CH_004,76
e25bd9601995130e5fce1e81__e25bd9601995130e5fce1e81__SEG_0001__CH_006,91
e25bd9601995130e5fce1e81__e25bd9601995130e5fce1e81__SEG_0001__CH_007,123
e2827ab273b1bc09b1dfdec8__e2827ab273b1bc09b1dfdec8__SEG_0001__CH_001,121
e2827ab273b1bc09b1dfdec8__e2827ab273b1bc09b1dfdec8__SEG_0001__CH_002,144
e28925cd52c30aee6dca9f1e__e28925cd52c30aee6dca9f1e__SEG_0001__CH_001,151
e28925cd52c30aee6dca9f1e__e28925cd52c30aee6dca9f1e__SEG_0001__CH_002,149
e29f525b33855ddaa79cea8c__e29f525b33855ddaa79cea8c__SEG_0001__CH_001,106
e29f525b33855ddaa79cea8c__e29f525b33855ddaa79cea8c__SEG_0001__CH_002,89
e29f525b33855ddaa79cea8c__e29f525b33855ddaa79cea8c__SEG_0001__CH_003,127
e29f525b33855ddaa79cea8c__e29f525b33855ddaa79cea8c__SEG_0001__CH_004,143
e2b7e62251d742419f1c3b43__PDFV2__CH_0001,118
e2b7e62251d742419f1c3b43__PDFV2__CH_0002,184
e2b7e62251d742419f1c3b43__PDFV2__CH_0003,165
e2b7e62251d742419f1c3b43__PDFV2__CH_0004,136
e2d2f149ca3b57d22eaa1301__e2d2f149ca3b57d22eaa1301__SEG_0001__CH_001,101
e2d9502ff5df1a79ebff675c__e2d9502ff5df1a79ebff675c__SEG_0001__CH_002,125
e2ff9310ae7516ab101d807f__e2ff9310ae7516ab101d807f__SEG_0001__CH_001,129
e33eecff0eb535ab505f5436__e33eecff0eb535ab505f5436__SEG_0001__CH_002__M,136
e348a17ebd8c65235c94bf3c__e348a17ebd8c65235c94bf3c__SEG_0001__CH_001,122
e348a17ebd8c65235c94bf3c__e348a17ebd8c65235c94bf3c__SEG_0001__CH_002,92
e348a17ebd8c65235c94bf3c__e348a17ebd8c65235c94bf3c__SEG_0001__CH_003,70
e3b237d700b49bc88e54d2ea__e3b237d700b49bc88e54d2ea__SEG_0001__CH_001,99
e3d39f28eb9293bfcebbca20__e3d39f28eb9293bfcebbca20__SEG_0001__CH_001__M,144
e3de576cf3df9087ffc0d790__e3de576cf3df9087ffc0d790__SEG_0001__CH_002,84
e3de576cf3df9087ffc0d790__e3de576cf3df9087ffc0d790__SEG_0001__CH_003,103
e499b714ce9c9152b723937e__e499b714ce9c9152b723937e__SEG_0001__CH_002,158
e4b5c6cd600604a768b0d40b__e4b5c6cd600604a768b0d40b__SEG_0001__CH_001,59
e4b5c6cd600604a768b0d40b__e4b5c6cd600604a768b0d40b__SEG_0001__CH_003,88
e4dc4e1b8ec50aba33c880a5__e4dc4e1b8ec50aba33c880a5__SEG_0001__CH_001__M,103
e4dc4e1b8ec50aba33c880a5__e4dc4e1b8ec50aba33c880a5__SEG_0001__CH_003,134
e4dc4e1b8ec50aba33c880a5__e4dc4e1b8ec50aba33c880a5__SEG_0001__CH_004,88
e4dc4e1b8ec50aba33c880a5__e4dc4e1b8ec50aba33c880a5__SEG_0001__CH_005,104
e4f69008de40977acf709eca__PDFV2__CH_0002,120
e4f69008de40977acf709eca__PDFV2__CH_0003,136
e4f69008de40977acf709eca__PDFV2__CH_0004,142
e4f69008de40977acf709eca__PDFV2__CH_0005,107
e4f69008de40977acf709eca__PDFV2__CH_0006,126
e4f69008de40977acf709eca__PDFV2__CH_0007,141
e4f69008de40977acf709eca__PDFV2__CH_0008,114
e4f69008de40977acf709eca__PDFV2__CH_0009,120
e4f69008de40977acf709eca__PDFV2__CH_0010,111
e4f69008de40977acf709eca__PDFV2__CH_0011,109
e4f69008de40977acf709eca__PDFV2__CH_0012,110
e4f69008de40977acf709eca__PDFV2__CH_0013,140
e4f69008de40977acf709eca__PDFV2__CH_0014,117
e4f69008de40977acf709eca__PDFV2__CH_0015,122
e4f69008de40977acf709eca__PDFV2__CH_0016,144
e4f69008de40977acf709eca__PDFV2__CH_0017__M,143
e4f69008de40977acf709eca__PDFV2__CH_0019,121
e56e063ccc0c4e0d8a5297dd__PDFV2__CH_0001,99
e56e063ccc0c4e0d8a5297dd__PDFV2__CH_0002,136
e5715173aaa59bdc624a68c1__PDFV2__CH_0001,106
e5715173aaa59bdc624a68c1__PDFV2__CH_0002,135
e5715173aaa59bdc624a68c1__PDFV2__CH_0003,110
e5715173aaa59bdc624a68c1__PDFV2__CH_0004,109
e5715173aaa59bdc624a68c1__PDFV2__CH_0005,179
e5715173aaa59bdc624a68c1__PDFV2__CH_0006,111
e5715173aaa59bdc624a68c1__PDFV2__CH_0007,104
e5715173aaa59bdc624a68c1__PDFV2__CH_0008,115
e5715173aaa59bdc624a68c1__PDFV2__CH_0009,82
e5715173aaa59bdc624a68c1__PDFV2__CH_0010,138
e5715173aaa59bdc624a68c1__PDFV2__CH_0011,158
e5715173aaa59bdc624a68c1__PDFV2__CH_0012,109
e5715173aaa59bdc624a68c1__PDFV2__CH_0013,118
e5715173aaa59bdc624a68c1__PDFV2__CH_0014,128
e58c1112aa46b83f98512134__e58c1112aa46b83f98512134__SEG_0001__CH_001,189
e58c1112aa46b83f98512134__e58c1112aa46b83f98512134__SEG_0001__CH_002,116
e5919c5f0e702a5368dc92ad__e5919c5f0e702a5368dc92ad__SEG_0001__CH_001,108
e5919c5f0e702a5368dc92ad__e5919c5f0e702a5368dc92ad__SEG_0001__CH_002,131
e5919c5f0e702a5368dc92ad__e5919c5f0e702a5368dc92ad__SEG_0001__CH_003,84
e5b6b3baa49426bbc93680a2__e5b6b3baa49426bbc93680a2__SEG_0001__CH_002,207
e6839be15a1cfe529b8ae5cb__e6839be15a1cfe529b8ae5cb__SEG_0002__CH_001__S1,149
e6839be15a1cfe529b8ae5cb__e6839be15a1cfe529b8ae5cb__SEG_0002__CH_001__S2,115
e6839be15a1cfe529b8ae5cb__e6839be15a1cfe529b8ae5cb__SEG_0002__CH_001__S3,107
e6839be15a1cfe529b8ae5cb__e6839be15a1cfe529b8ae5cb__SEG_0002__CH_001__S4,125
e6839be15a1cfe529b8ae5cb__e6839be15a1cfe529b8ae5cb__SEG_0002__CH_001__S5,142
e6839be15a1cfe529b8ae5cb__e6839be15a1cfe529b8ae5cb__SEG_0002__CH_001__S6,104
e6839be15a1cfe529b8ae5cb__e6839be15a1cfe529b8ae5cb__SEG_0002__CH_001__S7,157
e6d5219e2182ae5178dc4291__PDFV2__CH_0002,129
e6d5219e2182ae5178dc4291__PDFV2__CH_0003,173
e6d5219e2182ae5178dc4291__PDFV2__CH_0004,129
e6d5219e2182ae5178dc4291__PDFV2__CH_0005,118
e6d5219e2182ae5178dc4291__PDFV2__CH_0006,114
e6d5219e2182ae5178dc4291__PDFV2__CH_0008,148
e6d5219e2182ae5178dc4291__PDFV2__CH_0009,247
e6d5219e2182ae5178dc4291__PDFV2__CH_0010,125
e6d5219e2182ae5178dc4291__PDFV2__CH_0011,164
e6d5219e2182ae5178dc4291__PDFV2__CH_0012,87
e6d5219e2182ae5178dc4291__PDFV2__CH_0013__M,122
e7a5effac1466958d0b464e9__e7a5effac1466958d0b464e9__SEG_0001__CH_001,148
e7a5effac1466958d0b464e9__e7a5effac1466958d0b464e9__SEG_0001__CH_002,132
e7a5effac1466958d0b464e9__e7a5effac1466958d0b464e9__SEG_0001__CH_003,151
e7a5effac1466958d0b464e9__e7a5effac1466958d0b464e9__SEG_0001__CH_004,121
e7a5effac1466958d0b464e9__e7a5effac1466958d0b464e9__SEG_0001__CH_005,183
e7ea7de05e1fa7659a524e67__e7ea7de05e1fa7659a524e67__SEG_0001__CH_001,125
e7ea7de05e1fa7659a524e67__e7ea7de05e1fa7659a524e67__SEG_0001__CH_002,117
e7ea7de05e1fa7659a524e67__e7ea7de05e1fa7659a524e67__SEG_0001__CH_003,84
e808253f04d26bc99c263f2e__e808253f04d26bc99c263f2e__SEG_0001__CH_001,108
e808253f04d26bc99c263f2e__e808253f04d26bc99c263f2e__SEG_0001__CH_002,165
e808253f04d26bc99c263f2e__e808253f04d26bc99c263f2e__SEG_0001__CH_003,108
e839fb6b9aab04092a14a4e0__e839fb6b9aab04092a14a4e0__SEG_0001__CH_001,92
e85b4f5010695283b0bb2143__e85b4f5010695283b0bb2143__SEG_0001__CH_001,60
e85b4f5010695283b0bb2143__e85b4f5010695283b0bb2143__SEG_0001__CH_002,125
e85b4f5010695283b0bb2143__e85b4f5010695283b0bb2143__SEG_0001__CH_005,73
e85b4f5010695283b0bb2143__e85b4f5010695283b0bb2143__SEG_0001__CH_006,125
e86ef7cef8d3476cc0c217eb__e86ef7cef8d3476cc0c217eb__SEG_0001__CH_001,113
e86ef7cef8d3476cc0c217eb__e86ef7cef8d3476cc0c217eb__SEG_0001__CH_002,115
e8710c5bc8b8071a650a7b2e__e8710c5bc8b8071a650a7b2e__SEG_0001__CH_001,131
e8ab2af2e7efc2a8e3458cc3__e8ab2af2e7efc2a8e3458cc3__SEG_0001__CH_002,100
e8ab2af2e7efc2a8e3458cc3__e8ab2af2e7efc2a8e3458cc3__SEG_0001__CH_003,143
e8b5465528b79c6d8874058f__PDFV2__CH_0001,87
e8b5465528b79c6d8874058f__PDFV2__CH_0002,103
e8d913f018d131cc5a1c2b39__e8d913f018d131cc5a1c2b39__SEG_0001__CH_001,123
e948574da0b998cc26144af5__e948574da0b998cc26144af5__SEG_0001__CH_001,134
e948574da0b998cc26144af5__e948574da0b998cc26144af5__SEG_0001__CH_002,83
e9492fa2f86edc35239e8a37__PDFV2__CH_0001,112
e9492fa2f86edc35239e8a37__PDFV2__CH_0002,106
e9492fa2f86edc35239e8a37__PDFV2__CH_0003,132
e9492fa2f86edc35239e8a37__PDFV2__CH_0004,109
e95def8be7dfd81b9f4442ab__e95def8be7dfd81b9f4442ab__SEG_0001__CH_002,96
e9c0c45c3cca7fa9670f4b52__e9c0c45c3cca7fa9670f4b52__SEG_0001__CH_002,141
e9c0c45c3cca7fa9670f4b52__e9c0c45c3cca7fa9670f4b52__SEG_0001__CH_003,113
e9c0c45c3cca7fa9670f4b52__e9c0c45c3cca7fa9670f4b52__SEG_0001__CH_004,150
e9c0c45c3cca7fa9670f4b52__e9c0c45c3cca7fa9670f4b52__SEG_0001__CH_005,173
e9c0c45c3cca7fa9670f4b52__e9c0c45c3cca7fa9670f4b52__SEG_0001__CH_006,83
e9c0c45c3cca7fa9670f4b52__e9c0c45c3cca7fa9670f4b52__SEG_0001__CH_007,120
e9c0c45c3cca7fa9670f4b52__e9c0c45c3cca7fa9670f4b52__SEG_0001__CH_008,161
e9c0c45c3cca7fa9670f4b52__e9c0c45c3cca7fa9670f4b52__SEG_0001__CH_009,121
eaea23a047eebaa209a6dedb__eaea23a047eebaa209a6dedb__SEG_0001__CH_002,110
eaea23a047eebaa209a6dedb__eaea23a047eebaa209a6dedb__SEG_0001__CH_003,103
eaea23a047eebaa209a6dedb__eaea23a047eebaa209a6dedb__SEG_0001__CH_004,144
eb38a872b24bdc6e310b3a5a__eb38a872b24bdc6e310b3a5a__SEG_0001__CH_001,122
eb38a872b24bdc6e310b3a5a__eb38a872b24bdc6e310b3a5a__SEG_0001__CH_002,124
eb38a872b24bdc6e310b3a5a__eb38a872b24bdc6e310b3a5a__SEG_0001__CH_003,122
eb38a872b24bdc6e310b3a5a__eb38a872b24bdc6e310b3a5a__SEG_0001__CH_004,154
eb38a872b24bdc6e310b3a5a__eb38a872b24bdc6e310b3a5a__SEG_0001__CH_005,138
eb38a872b24bdc6e310b3a5a__eb38a872b24bdc6e310b3a5a__SEG_0001__CH_006,109
ebc3ce5a303c35dfc5455463__PDFV2__CH_0002,129
ebc3ce5a303c35dfc5455463__PDFV2__CH_0003,142
ebc3ce5a303c35dfc5455463__PDFV2__CH_0004,106
ebc3ce5a303c35dfc5455463__PDFV2__CH_0005,101
ebc3ce5a303c35dfc5455463__PDFV2__CH_0006,126
ebc3ce5a303c35dfc5455463__PDFV2__CH_0007,127
ebc3ce5a303c35dfc5455463__PDFV2__CH_0008,127
ebc3ce5a303c35dfc5455463__PDFV2__CH_0009,137
ebc3ce5a303c35dfc5455463__PDFV2__CH_0011,114
ebed6a582ad2da02488146cb__ebed6a582ad2da02488146cb__SEG_0001__CH_001,93
ec06edddee2c7fc0423b716d__PDFV2__CH_0005,87
ec06edddee2c7fc0423b716d__PDFV2__CH_0010,128
ec06edddee2c7fc0423b716d__PDFV2__CH_0011,89
ec348f26892dbc7509cde4d5__PDFV2__CH_0001,111
ec348f26892dbc7509cde4d5__PDFV2__CH_0003,154
ecaaa18fdb7b55b1173ec753__ecaaa18fdb7b55b1173ec753__SEG_0001__CH_001,148
ecaaa18fdb7b55b1173ec753__ecaaa18fdb7b55b1173ec753__SEG_0001__CH_002,123
ecaaa18fdb7b55b1173ec753__ecaaa18fdb7b55b1173ec753__SEG_0001__CH_003,107
ed1315ffccc0e32751fca736__ed1315ffccc0e32751fca736__SEG_0001__CH_001,123
ed1315ffccc0e32751fca736__ed1315ffccc0e32751fca736__SEG_0001__CH_002,98
ed3145093dabbd70a9234f1a__ed3145093dabbd70a9234f1a__SEG_0001__CH_001,102
ed3145093dabbd70a9234f1a__ed3145093dabbd70a9234f1a__SEG_0001__CH_002,191
ed3145093dabbd70a9234f1a__ed3145093dabbd70a9234f1a__SEG_0001__CH_003,151
ed3145093dabbd70a9234f1a__ed3145093dabbd70a9234f1a__SEG_0002__CH_001,242
ed58ec74c4013b9543b195f7__ed58ec74c4013b9543b195f7__SEG_0001__CH_001,84
eda4a409f229b97f8c17c882__eda4a409f229b97f8c17c882__SEG_0001__CH_001,132
eda4a409f229b97f8c17c882__eda4a409f229b97f8c17c882__SEG_0001__CH_002,148
edc20b9acb7be3e54d0452c3__PDFV2__CH_0009,118
edc20b9acb7be3e54d0452c3__PDFV2__CH_0010,101
edc20b9acb7be3e54d0452c3__PDFV2__CH_0011,125
edc20b9acb7be3e54d0452c3__PDFV2__CH_0012,113
edc20b9acb7be3e54d0452c3__PDFV2__CH_0013,114
edc20b9acb7be3e54d0452c3__PDFV2__CH_0015,109
edc20b9acb7be3e54d0452c3__PDFV2__CH_0017,133
edc20b9acb7be3e54d0452c3__PDFV2__CH_0018,133
edc20b9acb7be3e54d0452c3__PDFV2__CH_0019,112
edc20b9acb7be3e54d0452c3__PDFV2__CH_0020,107
edc20b9acb7be3e54d0452c3__PDFV2__CH_0021,124
edc20b9acb7be3e54d0452c3__PDFV2__CH_0022,130
edc20b9acb7be3e54d0452c3__PDFV2__CH_0023,131
edc20b9acb7be3e54d0452c3__PDFV2__CH_0025,90
edc20b9acb7be3e54d0452c3__PDFV2__CH_0026,87
edc20b9acb7be3e54d0452c3__PDFV2__CH_0027,112
edc20b9acb7be3e54d0452c3__PDFV2__CH_0028,154
edc20b9acb7be3e54d0452c3__PDFV2__CH_0029,86
edc20b9acb7be3e54d0452c3__PDFV2__CH_0030,123
edc20b9acb7be3e54d0452c3__PDFV2__CH_0031,116
edc20b9acb7be3e54d0452c3__PDFV2__CH_0032,138
edc20b9acb7be3e54d0452c3__PDFV2__CH_0033,158
edc20b9acb7be3e54d0452c3__PDFV2__CH_0034,102
edc20b9acb7be3e54d0452c3__PDFV2__CH_0035,126
edc20b9acb7be3e54d0452c3__PDFV2__CH_0036,112
edc20b9acb7be3e54d0452c3__PDFV2__CH_0037,106
edc20b9acb7be3e54d0452c3__PDFV2__CH_0038,112
edc20b9acb7be3e54d0452c3__PDFV2__CH_0039,97
edc20b9acb7be3e54d0452c3__PDFV2__CH_0040,103
edc20b9acb7be3e54d0452c3__PDFV2__CH_0041,129
edc20b9acb7be3e54d0452c3__PDFV2__CH_0042,115
edc20b9acb7be3e54d0452c3__PDFV2__CH_0043,111
edc20b9acb7be3e54d0452c3__PDFV2__CH_0044,100
edc20b9acb7be3e54d0452c3__PDFV2__CH_0045,131
edc20b9acb7be3e54d0452c3__PDFV2__CH_0046,135
edc20b9acb7be3e54d0452c3__PDFV2__CH_0047,141
edc20b9acb7be3e54d0452c3__PDFV2__CH_0048,106
edc20b9acb7be3e54d0452c3__PDFV2__CH_0049,116
edc20b9acb7be3e54d0452c3__PDFV2__CH_0050,114
edc20b9acb7be3e54d0452c3__PDFV2__CH_0051,94
edc20b9acb7be3e54d0452c3__PDFV2__CH_0052,86
edc20b9acb7be3e54d0452c3__PDFV2__CH_0054,93
edc20b9acb7be3e54d0452c3__PDFV2__CH_0055,99
edc20b9acb7be3e54d0452c3__PDFV2__CH_0057,119
edc20b9acb7be3e54d0452c3__PDFV2__CH_0058,117
edc20b9acb7be3e54d0452c3__PDFV2__CH_0059,104
edc20b9acb7be3e54d0452c3__PDFV2__CH_0060,146
edc20b9acb7be3e54d0452c3__PDFV2__CH_0061,156
edc20b9acb7be3e54d0452c3__PDFV2__CH_0062,91
edc20b9acb7be3e54d0452c3__PDFV2__CH_0063,125
edc20b9acb7be3e54d0452c3__PDFV2__CH_0064,117
edc20b9acb7be3e54d0452c3__PDFV2__CH_0065,104
edc20b9acb7be3e54d0452c3__PDFV2__CH_0066,109
edc20b9acb7be3e54d0452c3__PDFV2__CH_0067,112
edc20b9acb7be3e54d0452c3__PDFV2__CH_0068,104
edc20b9acb7be3e54d0452c3__PDFV2__CH_0069,109
edc20b9acb7be3e54d0452c3__PDFV2__CH_0070,132
edc20b9acb7be3e54d0452c3__PDFV2__CH_0071,128
edc20b9acb7be3e54d0452c3__PDFV2__CH_0072,120
edc20b9acb7be3e54d0452c3__PDFV2__CH_0073,129
edc20b9acb7be3e54d0452c3__PDFV2__CH_0074,117
edc20b9acb7be3e54d0452c3__PDFV2__CH_0075,132
edc20b9acb7be3e54d0452c3__PDFV2__CH_0076,135
edc20b9acb7be3e54d0452c3__PDFV2__CH_0078,123
edc20b9acb7be3e54d0452c3__PDFV2__CH_0079,145
edc20b9acb7be3e54d0452c3__PDFV2__CH_0080,148
edc20b9acb7be3e54d0452c3__PDFV2__CH_0081,113
edc20b9acb7be3e54d0452c3__PDFV2__CH_0082,120
edc20b9acb7be3e54d0452c3__PDFV2__CH_0083,133
edc20b9acb7be3e54d0452c3__PDFV2__CH_0084,121
edc20b9acb7be3e54d0452c3__PDFV2__CH_0085,113
edc20b9acb7be3e54d0452c3__PDFV2__CH_0086,137
edc20b9acb7be3e54d0452c3__PDFV2__CH_0087,94
edc20b9acb7be3e54d0452c3__PDFV2__CH_0088,125
edc20b9acb7be3e54d0452c3__PDFV2__CH_0089,120
edc20b9acb7be3e54d0452c3__PDFV2__CH_0090,110
edc20b9acb7be3e54d0452c3__PDFV2__CH_0091,137
edc20b9acb7be3e54d0452c3__PDFV2__CH_0093,97
edc20b9acb7be3e54d0452c3__PDFV2__CH_0094,127
edc20b9acb7be3e54d0452c3__PDFV2__CH_0095,115
edc20b9acb7be3e54d0452c3__PDFV2__CH_0096,108
edc20b9acb7be3e54d0452c3__PDFV2__CH_0097,121
edc20b9acb7be3e54d0452c3__PDFV2__CH_0098,141
edc20b9acb7be3e54d0452c3__PDFV2__CH_0099,124
edc20b9acb7be3e54d0452c3__PDFV2__CH_0100,116
edc20b9acb7be3e54d0452c3__PDFV2__CH_0101,149
edc20b9acb7be3e54d0452c3__PDFV2__CH_0102,115
edc20b9acb7be3e54d0452c3__PDFV2__CH_0103,126
edc20b9acb7be3e54d0452c3__PDFV2__CH_0104,113
edc20b9acb7be3e54d0452c3__PDFV2__CH_0105,118
edc20b9acb7be3e54d0452c3__PDFV2__CH_0106,157
edc20b9acb7be3e54d0452c3__PDFV2__CH_0107,154
edc20b9acb7be3e54d0452c3__PDFV2__CH_0108,103
edc20b9acb7be3e54d0452c3__PDFV2__CH_0110,127
edc20b9acb7be3e54d0452c3__PDFV2__CH_0111__M,131
edc20b9acb7be3e54d0452c3__PDFV2__CH_0113,148
edc20b9acb7be3e54d0452c3__PDFV2__CH_0114,128
edc20b9acb7be3e54d0452c3__PDFV2__CH_0115,100
edc20b9acb7be3e54d0452c3__PDFV2__CH_0116,96
edc20b9acb7be3e54d0452c3__PDFV2__CH_0117,137
edc20b9acb7be3e54d0452c3__PDFV2__CH_0118,132
edc20b9acb7be3e54d0452c3__PDFV2__CH_0119,127
edc20b9acb7be3e54d0452c3__PDFV2__CH_0120,131
edc20b9acb7be3e54d0452c3__PDFV2__CH_0121,91
edc20b9acb7be3e54d0452c3__PDFV2__CH_0123,136
edeeb4c5c1a7fd68e4286b1b__edeeb4c5c1a7fd68e4286b1b__SEG_0001__CH_001,108
edeeb4c5c1a7fd68e4286b1b__edeeb4c5c1a7fd68e4286b1b__SEG_0001__CH_002,91
edeeb4c5c1a7fd68e4286b1b__edeeb4c5c1a7fd68e4286b1b__SEG_0001__CH_003,120
ee08a189ef5670d66ca473b4__ee08a189ef5670d66ca473b4__SEG_0001__CH_001,147
ee32b56679c19b54352aa232__ee32b56679c19b54352aa232__SEG_0001__CH_001,155
ee32b56679c19b54352aa232__ee32b56679c19b54352aa232__SEG_0001__CH_002,156
ee35b332a689e3d83de33cf3__ee35b332a689e3d83de33cf3__SEG_0001__CH_002,143
ee35b332a689e3d83de33cf3__ee35b332a689e3d83de33cf3__SEG_0001__CH_003,171
ee35b332a689e3d83de33cf3__ee35b332a689e3d83de33cf3__SEG_0001__CH_004,146
ee35b332a689e3d83de33cf3__ee35b332a689e3d83de33cf3__SEG_0001__CH_005,122
ee982e0b344a9d6460e05141__PDFV2__CH_0001,146
ee982e0b344a9d6460e05141__PDFV2__CH_0002,146
ee982e0b344a9d6460e05141__PDFV2__CH_0003,126
ee982e0b344a9d6460e05141__PDFV2__CH_0010,109
ee982e0b344a9d6460e05141__PDFV2__CH_0013,188
ee982e0b344a9d6460e05141__PDFV2__CH_0015,130
ef8fa4bf66060d2dce536fcf__ef8fa4bf66060d2dce536fcf__SEG_0001__CH_001,102
efae25bc29f9baa0d6f6c534__efae25bc29f9baa0d6f6c534__SEG_0001__CH_001,111
efae25bc29f9baa0d6f6c534__efae25bc29f9baa0d6f6c534__SEG_0001__CH_002,184
efae25bc29f9baa0d6f6c534__efae25bc29f9baa0d6f6c534__SEG_0001__CH_003,145
efae25bc29f9baa0d6f6c534__efae25bc29f9baa0d6f6c534__SEG_0001__CH_004,201
efae25bc29f9baa0d6f6c534__efae25bc29f9baa0d6f6c534__SEG_0002__CH_001,146
efb981f239d94d46ee039963__efb981f239d94d46ee039963__SEG_0001__CH_001,127
efb981f239d94d46ee039963__efb981f239d94d46ee039963__SEG_0001__CH_002,112
eff8a2784cd3d1d7aaa8f411__PDFV2__CH_0001,103
eff8a2784cd3d1d7aaa8f411__PDFV2__CH_0002,122
eff8a2784cd3d1d7aaa8f411__PDFV2__CH_0003,118
eff8a2784cd3d1d7aaa8f411__PDFV2__CH_0004,116
eff8a2784cd3d1d7aaa8f411__PDFV2__CH_0005,145
eff8a2784cd3d1d7aaa8f411__PDFV2__CH_0006,135
eff8a2784cd3d1d7aaa8f411__PDFV2__CH_0007,99
eff8a2784cd3d1d7aaa8f411__PDFV2__CH_0008,128
eff8a2784cd3d1d7aaa8f411__PDFV2__CH_0009,139
eff8a2784cd3d1d7aaa8f411__PDFV2__CH_0010,168
eff8a2784cd3d1d7aaa8f411__PDFV2__CH_0011,238
eff8a2784cd3d1d7aaa8f411__PDFV2__CH_0012,139
eff8a2784cd3d1d7aaa8f411__PDFV2__CH_0013,127
eff8a2784cd3d1d7aaa8f411__PDFV2__CH_0014,183
eff8a2784cd3d1d7aaa8f411__PDFV2__CH_0015,114
eff8a2784cd3d1d7aaa8f411__PDFV2__CH_0016,130
eff8a2784cd3d1d7aaa8f411__PDFV2__CH_0017,92
eff8a2784cd3d1d7aaa8f411__PDFV2__CH_0018,124
eff8a2784cd3d1d7aaa8f411__PDFV2__CH_0019,126
eff8a2784cd3d1d7aaa8f411__PDFV2__CH_0020,73
eff8a2784cd3d1d7aaa8f411__PDFV2__CH_0021,106
eff8a2784cd3d1d7aaa8f411__PDFV2__CH_0022__M,188
eff8a2784cd3d1d7aaa8f411__PDFV2__CH_0024,136
eff8a2784cd3d1d7aaa8f411__PDFV2__CH_0025,118
eff8a2784cd3d1d7aaa8f411__PDFV2__CH_0026,173
eff8a2784cd3d1d7aaa8f411__PDFV2__CH_0027,100
eff8a2784cd3d1d7aaa8f411__PDFV2__CH_0028,133
eff8a2784cd3d1d7aaa8f411__PDFV2__CH_0029,128
f02625edbe6c7ff5eee8e276__f02625edbe6c7ff5eee8e276__SEG_0001__CH_001,137
f03f8118fb26d9bc77934a33__f03f8118fb26d9bc77934a33__SEG_0001__CH_001,128
f054461bf2c480adf04ef776__PDFV2__CH_0003,141
f054461bf2c480adf04ef776__PDFV2__CH_0004,121
f054461bf2c480adf04ef776__PDFV2__CH_0005,141
f054461bf2c480adf04ef776__PDFV2__CH_0006,142
f0a0f4a85ae27b12a35e7062__f0a0f4a85ae27b12a35e7062__SEG_0001__CH_001,185
f0a0f4a85ae27b12a35e7062__f0a0f4a85ae27b12a35e7062__SEG_0001__CH_002,136
f0a4ed3fbcea187df44a98a3__f0a4ed3fbcea187df44a98a3__SEG_0001__CH_001,81
f1144564525067e12ff9acb7__f1144564525067e12ff9acb7__SEG_0001__CH_001,169
f1144564525067e12ff9acb7__f1144564525067e12ff9acb7__SEG_0001__CH_002,164
f1144564525067e12ff9acb7__f1144564525067e12ff9acb7__SEG_0002__CH_001,72
f1144564525067e12ff9acb7__f1144564525067e12ff9acb7__SEG_0002__CH_002,147
f1144564525067e12ff9acb7__f1144564525067e12ff9acb7__SEG_0002__CH_004,111
f1144564525067e12ff9acb7__f1144564525067e12ff9acb7__SEG_0002__CH_005,111
f1144564525067e12ff9acb7__f1144564525067e12ff9acb7__SEG_0002__CH_006,135
f1144564525067e12ff9acb7__f1144564525067e12ff9acb7__SEG_0003__CH_001,112
f1144564525067e12ff9acb7__f1144564525067e12ff9acb7__SEG_0003__CH_002,143
f1144564525067e12ff9acb7__f1144564525067e12ff9acb7__SEG_0003__CH_003,189
f1144564525067e12ff9acb7__f1144564525067e12ff9acb7__SEG_0004__CH_001,167
f1144564525067e12ff9acb7__f1144564525067e12ff9acb7__SEG_0004__CH_002,102
f1144564525067e12ff9acb7__f1144564525067e12ff9acb7__SEG_0004__CH_003,103
f1144564525067e12ff9acb7__f1144564525067e12ff9acb7__SEG_0004__CH_004,149
f1144564525067e12ff9acb7__f1144564525067e12ff9acb7__SEG_0005__CH_001,204
f1144564525067e12ff9acb7__f1144564525067e12ff9acb7__SEG_0005__CH_002,177
f11a333bb769eb542d1cf8c8__f11a333bb769eb542d1cf8c8__SEG_0001__CH_001,148
f11a333bb769eb542d1cf8c8__f11a333bb769eb542d1cf8c8__SEG_0001__CH_002,127
f11a333bb769eb542d1cf8c8__f11a333bb769eb542d1cf8c8__SEG_0001__CH_003,131
f11a333bb769eb542d1cf8c8__f11a333bb769eb542d1cf8c8__SEG_0001__CH_004,107
f11a333bb769eb542d1cf8c8__f11a333bb769eb542d1cf8c8__SEG_0002__CH_002,101
f11a333bb769eb542d1cf8c8__f11a333bb769eb542d1cf8c8__SEG_0002__CH_003,76
f11daaee15a45edde28fd32d__f11daaee15a45edde28fd32d__SEG_0001__CH_001,139
f12db94e11555ed43c908637__f12db94e11555ed43c908637__SEG_0001__CH_003,118
f12db94e11555ed43c908637__f12db94e11555ed43c908637__SEG_0001__CH_004,128
f12db94e11555ed43c908637__f12db94e11555ed43c908637__SEG_0001__CH_005,98
f15f378545cf183f95e77fda__f15f378545cf183f95e77fda__SEG_0001__CH_001,109
f1c0407ecf3f05113a0cbf52__f1c0407ecf3f05113a0cbf52__SEG_0001__CH_001,109
f1c0407ecf3f05113a0cbf52__f1c0407ecf3f05113a0cbf52__SEG_0001__CH_002,69
f1f9663ff3c6724f3e6dce6a__PDFV2__CH_0001,92
f1f9663ff3c6724f3e6dce6a__PDFV2__CH_0003,108
f1f9663ff3c6724f3e6dce6a__PDFV2__CH_0004,131
f1f9663ff3c6724f3e6dce6a__PDFV2__CH_0006,93
f1f9663ff3c6724f3e6dce6a__PDFV2__CH_0007,111
f1f9663ff3c6724f3e6dce6a__PDFV2__CH_0008,116
f1f9663ff3c6724f3e6dce6a__PDFV2__CH_0009,113
f1f9663ff3c6724f3e6dce6a__PDFV2__CH_0010,107
f1f9663ff3c6724f3e6dce6a__PDFV2__CH_0011,129
f1f9663ff3c6724f3e6dce6a__PDFV2__CH_0012,105
f1f9663ff3c6724f3e6dce6a__PDFV2__CH_0013__M,126
f1f9663ff3c6724f3e6dce6a__PDFV2__CH_0017,127
f1f9663ff3c6724f3e6dce6a__PDFV2__CH_0018,156
f1f9663ff3c6724f3e6dce6a__PDFV2__CH_0019,113
f1f9663ff3c6724f3e6dce6a__PDFV2__CH_0020,122
f1f9663ff3c6724f3e6dce6a__PDFV2__CH_0021,124
f1f9663ff3c6724f3e6dce6a__PDFV2__CH_0022,88
f1f9663ff3c6724f3e6dce6a__PDFV2__CH_0023,102
f1f9663ff3c6724f3e6dce6a__PDFV2__CH_0024,124
f1f9663ff3c6724f3e6dce6a__PDFV2__CH_0026,104
f1f9663ff3c6724f3e6dce6a__PDFV2__CH_0027,105
f1f9663ff3c6724f3e6dce6a__PDFV2__CH_0028,137
f1f9663ff3c6724f3e6dce6a__PDFV2__CH_0029,116
f1f9663ff3c6724f3e6dce6a__PDFV2__CH_0030,121
f1f9663ff3c6724f3e6dce6a__PDFV2__CH_0031,114
f1f9663ff3c6724f3e6dce6a__PDFV2__CH_0032,114
f1f9663ff3c6724f3e6dce6a__PDFV2__CH_0033,114
f1f9663ff3c6724f3e6dce6a__PDFV2__CH_0034,127
f1f9663ff3c6724f3e6dce6a__PDFV2__CH_0036,108
f1f9663ff3c6724f3e6dce6a__PDFV2__CH_0037,94
f1f9663ff3c6724f3e6dce6a__PDFV2__CH_0038,142
f1f9663ff3c6724f3e6dce6a__PDFV2__CH_0039,123
f1f9663ff3c6724f3e6dce6a__PDFV2__CH_0040,77
f1f9663ff3c6724f3e6dce6a__PDFV2__CH_0041,102
f1f9663ff3c6724f3e6dce6a__PDFV2__CH_0043,109
f1f9663ff3c6724f3e6dce6a__PDFV2__CH_0044,128
f1f9663ff3c6724f3e6dce6a__PDFV2__CH_0045,122
f1f9663ff3c6724f3e6dce6a__PDFV2__CH_0046,143
f1f9663ff3c6724f3e6dce6a__PDFV2__CH_0047,104
f1f9663ff3c6724f3e6dce6a__PDFV2__CH_0048,114
f1f9663ff3c6724f3e6dce6a__PDFV2__CH_0049,119
f1f9663ff3c6724f3e6dce6a__PDFV2__CH_0050,84
f1f9663ff3c6724f3e6dce6a__PDFV2__CH_0051,124
f1f9663ff3c6724f3e6dce6a__PDFV2__CH_0058,117
f1f9663ff3c6724f3e6dce6a__PDFV2__CH_0059,101
f1f9663ff3c6724f3e6dce6a__PDFV2__CH_0060,90
f1f9663ff3c6724f3e6dce6a__PDFV2__CH_0061,110
f1f9663ff3c6724f3e6dce6a__PDFV2__CH_0062,109
f1f9663ff3c6724f3e6dce6a__PDFV2__CH_0065,114
f246e5090a7765891730798d__PDFV2__CH_0003,117
f246e5090a7765891730798d__PDFV2__CH_0004,112
f246e5090a7765891730798d__PDFV2__CH_0005,134
f246e5090a7765891730798d__PDFV2__CH_0006,110
f246e5090a7765891730798d__PDFV2__CH_0007,119
f246e5090a7765891730798d__PDFV2__CH_0008,103
f26f3349318fb57201f01468__f26f3349318fb57201f01468__SEG_0001__CH_001,163
f3308bce13839692008d212b__f3308bce13839692008d212b__SEG_0001__CH_001,124
f33b1dea4c468f2dead0703c__f33b1dea4c468f2dead0703c__SEG_0001__CH_001,128
f36b2f036deaeb10460bc199__f36b2f036deaeb10460bc199__SEG_0001__CH_002,86
f36c0ff84a05579e86f75e47__f36c0ff84a05579e86f75e47__SEG_0001__CH_001,142
f36c0ff84a05579e86f75e47__f36c0ff84a05579e86f75e47__SEG_0001__CH_002,117
f3858e4bdd89a9ba48dbb191__f3858e4bdd89a9ba48dbb191__SEG_0001__CH_001,111
f3d75f56a44379f62a2caa3d__f3d75f56a44379f62a2caa3d__SEG_0001__CH_001,96
f41921f65b20c551b2c65ca4__f41921f65b20c551b2c65ca4__SEG_0001__CH_001,81
f41921f65b20c551b2c65ca4__f41921f65b20c551b2c65ca4__SEG_0001__CH_002,82
f42f8074541a4e647abf32c1__PDFV2__CH_0003,107
f42f8074541a4e647abf32c1__PDFV2__CH_0005,90
f42f8074541a4e647abf32c1__PDFV2__CH_0007,104
f42f8074541a4e647abf32c1__PDFV2__CH_0008,155
f42f8074541a4e647abf32c1__PDFV2__CH_0009,100
f42f8074541a4e647abf32c1__PDFV2__CH_0010,116
f42f8074541a4e647abf32c1__PDFV2__CH_0012,99
f42f8074541a4e647abf32c1__PDFV2__CH_0013,95
f42f8074541a4e647abf32c1__PDFV2__CH_0014,104
f42f8074541a4e647abf32c1__PDFV2__CH_0015,96
f42f8074541a4e647abf32c1__PDFV2__CH_0016,93
f42f8074541a4e647abf32c1__PDFV2__CH_0018,113
f42f8074541a4e647abf32c1__PDFV2__CH_0019__M,140
f42f8074541a4e647abf32c1__PDFV2__CH_0021,95
f42f8074541a4e647abf32c1__PDFV2__CH_0023,128
f42f8074541a4e647abf32c1__PDFV2__CH_0024,101
f42f8074541a4e647abf32c1__PDFV2__CH_0025__M,127
f42f8074541a4e647abf32c1__PDFV2__CH_0027,83
f42f8074541a4e647abf32c1__PDFV2__CH_0028,105
f42f8074541a4e647abf32c1__PDFV2__CH_0029,105
f42f8074541a4e647abf32c1__PDFV2__CH_0030,109
f42f8074541a4e647abf32c1__PDFV2__CH_0032__M,140
f42f8074541a4e647abf32c1__PDFV2__CH_0034,108
f42f8074541a4e647abf32c1__PDFV2__CH_0036,132
f42f8074541a4e647abf32c1__PDFV2__CH_0037__M,143
f42f8074541a4e647abf32c1__PDFV2__CH_0039,142
f42f8074541a4e647abf32c1__PDFV2__CH_0040,139
f42f8074541a4e647abf32c1__PDFV2__CH_0041,129
f42f8074541a4e647abf32c1__PDFV2__CH_0043,86
f42f8074541a4e647abf32c1__PDFV2__CH_0044,111
f42f8074541a4e647abf32c1__PDFV2__CH_0045,97
f42f8074541a4e647abf32c1__PDFV2__CH_0054,83
f42f8074541a4e647abf32c1__PDFV2__CH_0056,102
f42f8074541a4e647abf32c1__PDFV2__CH_0057__M,125
f42f8074541a4e647abf32c1__PDFV2__CH_0060,117
f4dea177acd0ea4cca767416__f4dea177acd0ea4cca767416__SEG_0001__CH_003,107
f4dea177acd0ea4cca767416__f4dea177acd0ea4cca767416__SEG_0001__CH_004,81
f4dea177acd0ea4cca767416__f4dea177acd0ea4cca767416__SEG_0001__CH_005,94
f4e3e22a5d9a7e42396490fb__f4e3e22a5d9a7e42396490fb__SEG_0001__CH_002,79
f4e3e22a5d9a7e42396490fb__f4e3e22a5d9a7e42396490fb__SEG_0001__CH_003,86
f56a62f928963c78d65e4138__f56a62f928963c78d65e4138__SEG_0001__CH_001,167
f56a62f928963c78d65e4138__f56a62f928963c78d65e4138__SEG_0001__CH_002,89
f590dc16d74ced5d0c918742__f590dc16d74ced5d0c918742__SEG_0001__CH_001,95
f590dc16d74ced5d0c918742__f590dc16d74ced5d0c918742__SEG_0001__CH_002,125
f5986b1d41209e6eaa7ef4df__f5986b1d41209e6eaa7ef4df__SEG_0001__CH_002,138
f5986b1d41209e6eaa7ef4df__f5986b1d41209e6eaa7ef4df__SEG_0001__CH_003,123
f5986b1d41209e6eaa7ef4df__f5986b1d41209e6eaa7ef4df__SEG_0001__CH_004,132
f5986b1d41209e6eaa7ef4df__f5986b1d41209e6eaa7ef4df__SEG_0002__CH_001,172
f5986b1d41209e6eaa7ef4df__f5986b1d41209e6eaa7ef4df__SEG_0002__CH_002,135
f5b49c2dede1cdb3c0454c3a__f5b49c2dede1cdb3c0454c3a__SEG_0001__CH_003,196
f5b49c2dede1cdb3c0454c3a__f5b49c2dede1cdb3c0454c3a__SEG_0002__CH_001,128
f5b49c2dede1cdb3c0454c3a__f5b49c2dede1cdb3c0454c3a__SEG_0002__CH_004,131
f5b49c2dede1cdb3c0454c3a__f5b49c2dede1cdb3c0454c3a__SEG_0002__CH_005,149
f5b49c2dede1cdb3c0454c3a__f5b49c2dede1cdb3c0454c3a__SEG_0003__CH_001,90
f5b49c2dede1cdb3c0454c3a__f5b49c2dede1cdb3c0454c3a__SEG_0003__CH_002,90
f5b49c2dede1cdb3c0454c3a__f5b49c2dede1cdb3c0454c3a__SEG_0003__CH_003,84
f5b49c2dede1cdb3c0454c3a__f5b49c2dede1cdb3c0454c3a__SEG_0003__CH_004,143
f5b49c2dede1cdb3c0454c3a__f5b49c2dede1cdb3c0454c3a__SEG_0003__CH_005,93
f5b49c2dede1cdb3c0454c3a__f5b49c2dede1cdb3c0454c3a__SEG_0003__CH_007,109
f5b49c2dede1cdb3c0454c3a__f5b49c2dede1cdb3c0454c3a__SEG_0003__CH_008,141
f5b49c2dede1cdb3c0454c3a__f5b49c2dede1cdb3c0454c3a__SEG_0004__CH_001,109
f5b49c2dede1cdb3c0454c3a__f5b49c2dede1cdb3c0454c3a__SEG_0004__CH_002,125
f5b49c2dede1cdb3c0454c3a__f5b49c2dede1cdb3c0454c3a__SEG_0004__CH_003,153
f5b49c2dede1cdb3c0454c3a__f5b49c2dede1cdb3c0454c3a__SEG_0005__CH_001,141
f5b49c2dede1cdb3c0454c3a__f5b49c2dede1cdb3c0454c3a__SEG_0005__CH_002,127
f5b49c2dede1cdb3c0454c3a__f5b49c2dede1cdb3c0454c3a__SEG_0005__CH_003,103
f5b49c2dede1cdb3c0454c3a__f5b49c2dede1cdb3c0454c3a__SEG_0005__CH_004,132
f5b49c2dede1cdb3c0454c3a__f5b49c2dede1cdb3c0454c3a__SEG_0005__CH_005,119
f5b49c2dede1cdb3c0454c3a__f5b49c2dede1cdb3c0454c3a__SEG_0006__CH_001,118
f5b49c2dede1cdb3c0454c3a__f5b49c2dede1cdb3c0454c3a__SEG_0006__CH_002,130
f5b49c2dede1cdb3c0454c3a__f5b49c2dede1cdb3c0454c3a__SEG_0006__CH_003,129
f5b49c2dede1cdb3c0454c3a__f5b49c2dede1cdb3c0454c3a__SEG_0006__CH_004,102
f5b49c2dede1cdb3c0454c3a__f5b49c2dede1cdb3c0454c3a__SEG_0006__CH_005,125
f5b49c2dede1cdb3c0454c3a__f5b49c2dede1cdb3c0454c3a__SEG_0006__CH_006,93
f5b49c2dede1cdb3c0454c3a__f5b49c2dede1cdb3c0454c3a__SEG_0007__CH_001,127
f5b49c2dede1cdb3c0454c3a__f5b49c2dede1cdb3c0454c3a__SEG_0007__CH_002,136
f5b49c2dede1cdb3c0454c3a__f5b49c2dede1cdb3c0454c3a__SEG_0007__CH_003,113
f5b49c2dede1cdb3c0454c3a__f5b49c2dede1cdb3c0454c3a__SEG_0008__CH_001,127
f5b49c2dede1cdb3c0454c3a__f5b49c2dede1cdb3c0454c3a__SEG_0008__CH_002,104
f5b49c2dede1cdb3c0454c3a__f5b49c2dede1cdb3c0454c3a__SEG_0008__CH_003,111
f5b49c2dede1cdb3c0454c3a__f5b49c2dede1cdb3c0454c3a__SEG_0008__CH_004,234
f5b49c2dede1cdb3c0454c3a__f5b49c2dede1cdb3c0454c3a__SEG_0008__CH_005,123
f5b49c2dede1cdb3c0454c3a__f5b49c2dede1cdb3c0454c3a__SEG_0009__CH_001,106
f5b49c2dede1cdb3c0454c3a__f5b49c2dede1cdb3c0454c3a__SEG_0009__CH_002,174
f5b49c2dede1cdb3c0454c3a__f5b49c2dede1cdb3c0454c3a__SEG_0009__CH_003,127
f5b49c2dede1cdb3c0454c3a__f5b49c2dede1cdb3c0454c3a__SEG_0010__CH_001,150
f5d8e115084f9921afa29b0f__PDFV2__CH_0001,107
f5d8e115084f9921afa29b0f__PDFV2__CH_0002,104
f5d8e115084f9921afa29b0f__PDFV2__CH_0003,142
f5d8e115084f9921afa29b0f__PDFV2__CH_0005,175
f5d8e115084f9921afa29b0f__PDFV2__CH_0006,100
f5d8e115084f9921afa29b0f__PDFV2__CH_0007,129
f5d8e115084f9921afa29b0f__PDFV2__CH_0008,103
f5d8e115084f9921afa29b0f__PDFV2__CH_0009,108
f5d8e115084f9921afa29b0f__PDFV2__CH_0010,114
f5d8e115084f9921afa29b0f__PDFV2__CH_0011,92
f5d8e115084f9921afa29b0f__PDFV2__CH_0012,76
f5d8e115084f9921afa29b0f__PDFV2__CH_0013,87
f5d8e115084f9921afa29b0f__PDFV2__CH_0014,92
f5d8e115084f9921afa29b0f__PDFV2__CH_0016,131
f5d8e115084f9921afa29b0f__PDFV2__CH_0017,120
f5d8e115084f9921afa29b0f__PDFV2__CH_0018,120
f5d8e115084f9921afa29b0f__PDFV2__CH_0019,91
f5d8e115084f9921afa29b0f__PDFV2__CH_0020,113
f5d8e115084f9921afa29b0f__PDFV2__CH_0021,141
f5ed51684a22d9745b5c0590__PDFV2__CH_0001,75
f5ed51684a22d9745b5c0590__PDFV2__CH_0002,116
f5ed51684a22d9745b5c0590__PDFV2__CH_0003,135
f5ed51684a22d9745b5c0590__PDFV2__CH_0004,101
f5ed51684a22d9745b5c0590__PDFV2__CH_0005,135
f5ed51684a22d9745b5c0590__PDFV2__CH_0006,99
f5ed51684a22d9745b5c0590__PDFV2__CH_0007,92
f5ed51684a22d9745b5c0590__PDFV2__CH_0008,81
f5ed51684a22d9745b5c0590__PDFV2__CH_0009,94
f5ed51684a22d9745b5c0590__PDFV2__CH_0010,111
f5ed51684a22d9745b5c0590__PDFV2__CH_0011,95
f5ed51684a22d9745b5c0590__PDFV2__CH_0012,85
f5ed51684a22d9745b5c0590__PDFV2__CH_0013,101
f5ed51684a22d9745b5c0590__PDFV2__CH_0014,93
f5ed51684a22d9745b5c0590__PDFV2__CH_0015,119
f5ed51684a22d9745b5c0590__PDFV2__CH_0016,83
f5ed51684a22d9745b5c0590__PDFV2__CH_0017,81
f5ed51684a22d9745b5c0590__PDFV2__CH_0018,77
f5ed51684a22d9745b5c0590__PDFV2__CH_0019,110
f5ed51684a22d9745b5c0590__PDFV2__CH_0020,101
f5ed51684a22d9745b5c0590__PDFV2__CH_0021,98
f71e9a415024428a495365d4__PDFV2__CH_0001,139
f71e9a415024428a495365d4__PDFV2__CH_0003,111
f71e9a415024428a495365d4__PDFV2__CH_0006,163
f71e9a415024428a495365d4__PDFV2__CH_0008,98
f75a915ddc652954444805d9__f75a915ddc652954444805d9__SEG_0001__CH_001,118
f75a915ddc652954444805d9__f75a915ddc652954444805d9__SEG_0001__CH_002,92
f78fcb33f64bf509a64c50e2__f78fcb33f64bf509a64c50e2__SEG_0001__CH_001,166
f78fcb33f64bf509a64c50e2__f78fcb33f64bf509a64c50e2__SEG_0002__CH_001,72
f78fcb33f64bf509a64c50e2__f78fcb33f64bf509a64c50e2__SEG_0002__CH_002,64
f78fcb33f64bf509a64c50e2__f78fcb33f64bf509a64c50e2__SEG_0002__CH_003,139
f79c145bc65bb74fd2e55a24__f79c145bc65bb74fd2e55a24__SEG_0001__CH_001,158
f79c145bc65bb74fd2e55a24__f79c145bc65bb74fd2e55a24__SEG_0001__CH_002,165
f7a1620a63962d3bb773dfe9__f7a1620a63962d3bb773dfe9__SEG_0001__CH_001,93
f7a1620a63962d3bb773dfe9__f7a1620a63962d3bb773dfe9__SEG_0001__CH_002,126
f7bd831e9cfc4c07a17318e8__PDFV2__CH_0001,114
f7bd831e9cfc4c07a17318e8__PDFV2__CH_0002,127
f7bd831e9cfc4c07a17318e8__PDFV2__CH_0003,141
f7bd831e9cfc4c07a17318e8__PDFV2__CH_0004,137
f7bd831e9cfc4c07a17318e8__PDFV2__CH_0005,123
f7bd831e9cfc4c07a17318e8__PDFV2__CH_0006,121
f7bd831e9cfc4c07a17318e8__PDFV2__CH_0007,108
f7bd831e9cfc4c07a17318e8__PDFV2__CH_0008,140
f7bed91a19a4599fae27166f__PDFV2__CH_0001,135
f7bed91a19a4599fae27166f__PDFV2__CH_0002,169
f7bed91a19a4599fae27166f__PDFV2__CH_0003,157
f7bed91a19a4599fae27166f__PDFV2__CH_0004,130
f7bed91a19a4599fae27166f__PDFV2__CH_0005,115
f80ab1235eb5609110019524__f80ab1235eb5609110019524__SEG_0001__CH_001__M,110
f81fd0337f0f67accfe27c7a__f81fd0337f0f67accfe27c7a__SEG_0001__CH_002,129
f81fd0337f0f67accfe27c7a__f81fd0337f0f67accfe27c7a__SEG_0001__CH_003,137
f81fd0337f0f67accfe27c7a__f81fd0337f0f67accfe27c7a__SEG_0001__CH_004,130
f81fd0337f0f67accfe27c7a__f81fd0337f0f67accfe27c7a__SEG_0001__CH_005,110
f81fd0337f0f67accfe27c7a__f81fd0337f0f67accfe27c7a__SEG_0001__CH_006,165
f81fd0337f0f67accfe27c7a__f81fd0337f0f67accfe27c7a__SEG_0001__CH_007,90
f83e74cfad7a03bf271793a9__f83e74cfad7a03bf271793a9__SEG_0001__CH_001,118
f83e74cfad7a03bf271793a9__f83e74cfad7a03bf271793a9__SEG_0001__CH_002,142
f83e74cfad7a03bf271793a9__f83e74cfad7a03bf271793a9__SEG_0001__CH_003,126
f851851f982d2baeee57d9d1__PDFV2__CH_0002,143
f851851f982d2baeee57d9d1__PDFV2__CH_0003,97
f851851f982d2baeee57d9d1__PDFV2__CH_0004,119
f851851f982d2baeee57d9d1__PDFV2__CH_0005,125
f851851f982d2baeee57d9d1__PDFV2__CH_0006,105
f85e8b129b865e5d245ff877__PDFV2__CH_0001,100
f85e8b129b865e5d245ff877__PDFV2__CH_0002,114
f85e8b129b865e5d245ff877__PDFV2__CH_0004,125
f85e8b129b865e5d245ff877__PDFV2__CH_0005__M,119
f85e8b129b865e5d245ff877__PDFV2__CH_0007,146
f85e8b129b865e5d245ff877__PDFV2__CH_0008,116
f85e8b129b865e5d245ff877__PDFV2__CH_0009__M,157
f85e8b129b865e5d245ff877__PDFV2__CH_0011,130
f85e8b129b865e5d245ff877__PDFV2__CH_0012,145
f85e8b129b865e5d245ff877__PDFV2__CH_0013,139
f85e8b129b865e5d245ff877__PDFV2__CH_0014,98
f85e8b129b865e5d245ff877__PDFV2__CH_0015,120
f85e8b129b865e5d245ff877__PDFV2__CH_0016,142
f85e8b129b865e5d245ff877__PDFV2__CH_0017,157
f85e8b129b865e5d245ff877__PDFV2__CH_0018,114
f85e8b129b865e5d245ff877__PDFV2__CH_0019,99
f85e8b129b865e5d245ff877__PDFV2__CH_0021,104
f85e8b129b865e5d245ff877__PDFV2__CH_0022__M,132
f85e8b129b865e5d245ff877__PDFV2__CH_0024,107
f85e8b129b865e5d245ff877__PDFV2__CH_0025,171
f85e8b129b865e5d245ff877__PDFV2__CH_0026,141
f85e8b129b865e5d245ff877__PDFV2__CH_0027__M,124
f85e8b129b865e5d245ff877__PDFV2__CH_0029,89
f85e8b129b865e5d245ff877__PDFV2__CH_0030,128
f85e8b129b865e5d245ff877__PDFV2__CH_0031,128
f85e8b129b865e5d245ff877__PDFV2__CH_0032,184
f85e8b129b865e5d245ff877__PDFV2__CH_0035,109
f85e8b129b865e5d245ff877__PDFV2__CH_0036,105
f85e8b129b865e5d245ff877__PDFV2__CH_0037,100
f85e8b129b865e5d245ff877__PDFV2__CH_0038,139
f85e8b129b865e5d245ff877__PDFV2__CH_0039,114
f85e8b129b865e5d245ff877__PDFV2__CH_0040,135
f85e8b129b865e5d245ff877__PDFV2__CH_0041,122
f85e8b129b865e5d245ff877__PDFV2__CH_0042,114
f85e8b129b865e5d245ff877__PDFV2__CH_0043,128
f85e8b129b865e5d245ff877__PDFV2__CH_0044,146
f85e8b129b865e5d245ff877__PDFV2__CH_0045,80
f85e8b129b865e5d245ff877__PDFV2__CH_0046,92
f85e8b129b865e5d245ff877__PDFV2__CH_0047,98
f85e8b129b865e5d245ff877__PDFV2__CH_0048,125
f85e8b129b865e5d245ff877__PDFV2__CH_0050,112
f85e8b129b865e5d245ff877__PDFV2__CH_0051,108
f85e8b129b865e5d245ff877__PDFV2__CH_0052,120
f85e8b129b865e5d245ff877__PDFV2__CH_0053,96
f85e8b129b865e5d245ff877__PDFV2__CH_0054,123
f85e8b129b865e5d245ff877__PDFV2__CH_0055,104
f85e8b129b865e5d245ff877__PDFV2__CH_0056,89
f85e8b129b865e5d245ff877__PDFV2__CH_0057,126
f85e8b129b865e5d245ff877__PDFV2__CH_0058,125
f85e8b129b865e5d245ff877__PDFV2__CH_0059,130
f85e8b129b865e5d245ff877__PDFV2__CH_0060,124
f85e8b129b865e5d245ff877__PDFV2__CH_0061,105
f85e8b129b865e5d245ff877__PDFV2__CH_0062,106
f85e8b129b865e5d245ff877__PDFV2__CH_0063,128
f85e8b129b865e5d245ff877__PDFV2__CH_0064,116
f85e8b129b865e5d245ff877__PDFV2__CH_0065,113
f85e8b129b865e5d245ff877__PDFV2__CH_0066,98
f85e8b129b865e5d245ff877__PDFV2__CH_0067,87
f85e8b129b865e5d245ff877__PDFV2__CH_0068,131
f85e8b129b865e5d245ff877__PDFV2__CH_0069,100
f85e8b129b865e5d245ff877__PDFV2__CH_0070,95
f863f84e055618a3276a4128__f863f84e055618a3276a4128__SEG_0001__CH_002,117
f8c2e8baebe638307a24dc39__f8c2e8baebe638307a24dc39__SEG_0001__CH_001,74
f8c55ff8173fc6a557b182e4__f8c55ff8173fc6a557b182e4__SEG_0001__CH_001,86
f8c55ff8173fc6a557b182e4__f8c55ff8173fc6a557b182e4__SEG_0001__CH_002,131
f8c55ff8173fc6a557b182e4__f8c55ff8173fc6a557b182e4__SEG_0001__CH_003,82
f8c55ff8173fc6a557b182e4__f8c55ff8173fc6a557b182e4__SEG_0001__CH_004,155
f8c55ff8173fc6a557b182e4__f8c55ff8173fc6a557b182e4__SEG_0001__CH_005,105
f8c55ff8173fc6a557b182e4__f8c55ff8173fc6a557b182e4__SEG_0001__CH_006,148
f8c55ff8173fc6a557b182e4__f8c55ff8173fc6a557b182e4__SEG_0001__CH_007,144
f8c55ff8173fc6a557b182e4__f8c55ff8173fc6a557b182e4__SEG_0001__CH_008,148
f8c55ff8173fc6a557b182e4__f8c55ff8173fc6a557b182e4__SEG_0002__CH_001,107
f8c55ff8173fc6a557b182e4__f8c55ff8173fc6a557b182e4__SEG_0002__CH_002,153
f8c55ff8173fc6a557b182e4__f8c55ff8173fc6a557b182e4__SEG_0002__CH_003,139
f8d82ce1dcb25c36d04e73b7__PDFV2__CH_0005,109
f8e623b9e1c192fdeaf178e2__f8e623b9e1c192fdeaf178e2__SEG_0001__CH_001,83
f8e623b9e1c192fdeaf178e2__f8e623b9e1c192fdeaf178e2__SEG_0001__CH_002,97
f90ae58287970f090548e717__f90ae58287970f090548e717__SEG_0001__CH_001,114
f90ae58287970f090548e717__f90ae58287970f090548e717__SEG_0001__CH_002,119
f95738f53194d07542371054__f95738f53194d07542371054__SEG_0001__CH_001,97
f95738f53194d07542371054__f95738f53194d07542371054__SEG_0001__CH_002,99
f97356deb977e7e7e6ac319e__PDFV2__CH_0001,121
f97356deb977e7e7e6ac319e__PDFV2__CH_0002,134
f97356deb977e7e7e6ac319e__PDFV2__CH_0003,101
f97356deb977e7e7e6ac319e__PDFV2__CH_0004,80
f97356deb977e7e7e6ac319e__PDFV2__CH_0005,146
f97356deb977e7e7e6ac319e__PDFV2__CH_0006,142
f97356deb977e7e7e6ac319e__PDFV2__CH_0007,95
f97356deb977e7e7e6ac319e__PDFV2__CH_0008,152
f97356deb977e7e7e6ac319e__PDFV2__CH_0009,120
f97356deb977e7e7e6ac319e__PDFV2__CH_0010,144
f97356deb977e7e7e6ac319e__PDFV2__CH_0011,113
f97356deb977e7e7e6ac319e__PDFV2__CH_0012,93
f97356deb977e7e7e6ac319e__PDFV2__CH_0013,94
f97356deb977e7e7e6ac319e__PDFV2__CH_0014,138
f97356deb977e7e7e6ac319e__PDFV2__CH_0015,144
f97356deb977e7e7e6ac319e__PDFV2__CH_0016,151
f97356deb977e7e7e6ac319e__PDFV2__CH_0017,169
f97356deb977e7e7e6ac319e__PDFV2__CH_0018,97
f974083943d37d26687007d1__f974083943d37d26687007d1__SEG_0001__CH_001,181
f9843f7b305517b5f1f2474a__f9843f7b305517b5f1f2474a__SEG_0001__CH_001,105
f98f9c9ca4de97058a11841f__f98f9c9ca4de97058a11841f__SEG_0001__CH_001,167
f98f9c9ca4de97058a11841f__f98f9c9ca4de97058a11841f__SEG_0001__CH_002,163
f98f9c9ca4de97058a11841f__f98f9c9ca4de97058a11841f__SEG_0002__CH_001,145
f98f9c9ca4de97058a11841f__f98f9c9ca4de97058a11841f__SEG_0002__CH_002,133
f98f9c9ca4de97058a11841f__f98f9c9ca4de97058a11841f__SEG_0002__CH_003,129
fa467b3e570da726c1397f10__fa467b3e570da726c1397f10__SEG_0001__CH_001,93
fa467b3e570da726c1397f10__fa467b3e570da726c1397f10__SEG_0001__CH_002,112
fa467b3e570da726c1397f10__fa467b3e570da726c1397f10__SEG_0001__CH_003,71
fa92f1904403b37ea8eddef3__fa92f1904403b37ea8eddef3__SEG_0001__CH_001,108
fa92f1904403b37ea8eddef3__fa92f1904403b37ea8eddef3__SEG_0001__CH_002,100
fae4d51948b588014b9e0d55__fae4d51948b588014b9e0d55__SEG_0001__CH_002,96
faf16bc38d61ba8b76fa5d37__faf16bc38d61ba8b76fa5d37__SEG_0001__CH_001,100
fb2afaf4765890573c6675d8__fb2afaf4765890573c6675d8__SEG_0001__CH_001,96
fb32a8464dd649c716a86c62__PDFV2__CH_0001,105
fb32a8464dd649c716a86c62__PDFV2__CH_0002,101
fb32a8464dd649c716a86c62__PDFV2__CH_0003,121
fb32a8464dd649c716a86c62__PDFV2__CH_0004,130
fb32a8464dd649c716a86c62__PDFV2__CH_0005,143
fb32a8464dd649c716a86c62__PDFV2__CH_0006,183
fb32a8464dd649c716a86c62__PDFV2__CH_0007,76
fb32a8464dd649c716a86c62__PDFV2__CH_0008,113
fb32a8464dd649c716a86c62__PDFV2__CH_0009,103
fb32a8464dd649c716a86c62__PDFV2__CH_0010,123
fb32a8464dd649c716a86c62__PDFV2__CH_0011,114
fb32a8464dd649c716a86c62__PDFV2__CH_0012,107
fb32a8464dd649c716a86c62__PDFV2__CH_0013,111
fb32a8464dd649c716a86c62__PDFV2__CH_0014,119
fb32a8464dd649c716a86c62__PDFV2__CH_0015,92
fc48165bcc0ae66c6121c591__PDFV2__CH_0001,86
fc48165bcc0ae66c6121c591__PDFV2__CH_0002,111
fc48165bcc0ae66c6121c591__PDFV2__CH_0003,124
fce6a1953e3801fe894cf9e7__PDFV2__CH_0001,130
fce6a1953e3801fe894cf9e7__PDFV2__CH_0002,92
fce6a1953e3801fe894cf9e7__PDFV2__CH_0003,78
fce6a1953e3801fe894cf9e7__PDFV2__CH_0004,101
fce6a1953e3801fe894cf9e7__PDFV2__CH_0005,103
fce6a1953e3801fe894cf9e7__PDFV2__CH_0006,89
fce6a1953e3801fe894cf9e7__PDFV2__CH_0008,124
fce6a1953e3801fe894cf9e7__PDFV2__CH_0009,151
fce6a1953e3801fe894cf9e7__PDFV2__CH_0010,134
fce6a1953e3801fe894cf9e7__PDFV2__CH_0012,118
fce6a1953e3801fe894cf9e7__PDFV2__CH_0013,188
fce6a1953e3801fe894cf9e7__PDFV2__CH_0014,127
fce6a1953e3801fe894cf9e7__PDFV2__CH_0015,104
fd42bfeb906c3e4572f3375e__PDFV2__CH_0003,113
fd42bfeb906c3e4572f3375e__PDFV2__CH_0004,125
fd42bfeb906c3e4572f3375e__PDFV2__CH_0005,111
fd42bfeb906c3e4572f3375e__PDFV2__CH_0007,134
fd42bfeb906c3e4572f3375e__PDFV2__CH_0008,116
fd42bfeb906c3e4572f3375e__PDFV2__CH_0009,128
fd42bfeb906c3e4572f3375e__PDFV2__CH_0010,132
fd42bfeb906c3e4572f3375e__PDFV2__CH_0011,89
fd42bfeb906c3e4572f3375e__PDFV2__CH_0012,167
fd42bfeb906c3e4572f3375e__PDFV2__CH_0013,135
fd42bfeb906c3e4572f3375e__PDFV2__CH_0014,123
fd42bfeb906c3e4572f3375e__PDFV2__CH_0015,83
fd42bfeb906c3e4572f3375e__PDFV2__CH_0016,140
fd42bfeb906c3e4572f3375e__PDFV2__CH_0017,128
fd42bfeb906c3e4572f3375e__PDFV2__CH_0018,172
fd42bfeb906c3e4572f3375e__PDFV2__CH_0019,116
fd42bfeb906c3e4572f3375e__PDFV2__CH_0020,101
fd42bfeb906c3e4572f3375e__PDFV2__CH_0021,114
fd42bfeb906c3e4572f3375e__PDFV2__CH_0022,114
fd42bfeb906c3e4572f3375e__PDFV2__CH_0023,102
fd42bfeb906c3e4572f3375e__PDFV2__CH_0024,103
fd42bfeb906c3e4572f3375e__PDFV2__CH_0025,79
fd42bfeb906c3e4572f3375e__PDFV2__CH_0026,118
fd42bfeb906c3e4572f3375e__PDFV2__CH_0027,108
fd42bfeb906c3e4572f3375e__PDFV2__CH_0028,155
fd42bfeb906c3e4572f3375e__PDFV2__CH_0029,123
fd42bfeb906c3e4572f3375e__PDFV2__CH_0030,78
fd42bfeb906c3e4572f3375e__PDFV2__CH_0031,103
fd42bfeb906c3e4572f3375e__PDFV2__CH_0032,137
fddc5f7fb6517484666ac92d__fddc5f7fb6517484666ac92d__SEG_0001__CH_001,73
fddc5f7fb6517484666ac92d__fddc5f7fb6517484666ac92d__SEG_0001__CH_002,183
fddc5f7fb6517484666ac92d__fddc5f7fb6517484666ac92d__SEG_0001__CH_003,102
fe4a9a503e4671f69c2f65c5__fe4a9a503e4671f69c2f65c5__SEG_0001__CH_001,144
feab52f9d8cdee4de5322993__PDFV2__CH_0001,100
feab52f9d8cdee4de5322993__PDFV2__CH_0002,106
feab52f9d8cdee4de5322993__PDFV2__CH_0003,122
fec670ea392dfa0e800f5c07__PDFV2__CH_0001,92
fec670ea392dfa0e800f5c07__PDFV2__CH_0002,145
fec670ea392dfa0e800f5c07__PDFV2__CH_0003,98
ff085e2900ac2d98e64864aa__ff085e2900ac2d98e64864aa__SEG_0001__CH_001,141
ff2d8f8687cda3cc5d02cb8a__ff2d8f8687cda3cc5d02cb8a__SEG_0001__CH_001,160
ffcfda2c5f7c703734035dbc__PDFV2__CH_0001,119
ffcfda2c5f7c703734035dbc__PDFV2__CH_0002,115
ffcfda2c5f7c703734035dbc__PDFV2__CH_0003,147
ffcfda2c5f7c703734035dbc__PDFV2__CH_0004,95
fffb38fead73610b96aa1805__fffb38fead73610b96aa1805__SEG_0001__CH_001,145
